:020000040800F2
:1000000080C0022419050008B39B0008CB960008A5
:10001000B19B00089531000819C4000800000000D9
:10002000000000000000000000000000590400086B
:100030006136000800000000B504000849A6000869
:1000400033050008330500083305000833050008B0
:1000500033050008330500083305000833050008A0
:100060003305000833050008330500082532000871
:100070003305000833050008330500083305000880
:100080003305000833050008E9300008853600080C
:100090009D36000891360008A9360008330500088F
:1000A0003305000833050008330500083305000850
:1000B0003305000833050008330500083305000840
:1000C0003305000833050008330500088DA000083B
:1000D0003305000833050008330500083305000820
:1000E0003305000833050008000000003305000850
:1000F0003305000833050008330500083305000800
:1001000033050008330500083305000833050008EF
:1001100033050008330500083305000833050008DF
:1001200033050008330500083305000833050008CF
:1001300033050008330500083305000833050008BF
:1001400000000000000000000000000000000000AF
:10015000330500083305000833050008330500089F
:10016000330500083305000833050008330500088F
:1001700033050008519C000833050008000000000A
:10018000330500083305000833050008330500086F
:10019000330500083305000833050008330500085F
:1001A000330500083305000833050008000000008F
:1001B000330500083305000833050008330500083F
:1001C00033050008330500080000000000000000AF
:1001D00000000000000000003305000800000000DF
:1001E000000000000000000000000000000000000F
:1001F000000000000000000033050008330500087F
:10020000330500083305000800000000330500082E
:1002100033050008330500083305000833050008DE
:10022000330500080000000033050008000000004E
:1002300033050008330500080000000033050008FE
:1002400033050008330500083305000833050008AE
:10025000330500083305000833050008330500089E
:10026000330500083305000833050008330500088E
:1002700033050008330500083305000800000000BE
:10028000330500083305000833050008330500086E
:1002900000000000330500083305000800000000DE
:1002A000000000003305000833050008330500088E
:1002B000330500083305000833050008B53600088B
:1002C000C1360008D1A700083305000800F002F885
:1002D00000F0B2F80AA090E8000C82448344AAF12E
:1002E0000107DA4501D100F0A7F8AFF2090EBAE82C
:1002F0000F0013F0010F18BFFB1A43F0010318475A
:1003000028840400688404000A444FF0000C10F8AC
:10031000013B13F0070408BF10F8014B1D1108BF83
:1003200010F8015B641E05D010F8016B641E01F823
:10033000016BF9D113F0080F1EBF10F8014BAD1C73
:100340000C1B09D16D1E58BF01F801CBFAD505E091
:1003500014F8016B01F8016B6D1EF9D59142D6D3EB
:10036000704700000023002400250026103A28BF13
:1003700078C1FBD8520728BF30C148BF0B60704717
:100380006E2900F0BF85702900F06382662930F085
:100390004580652930F04280672930F03F8061292F
:1003A00030F03E8003681B0A28BF41F080016929B4
:1003B00000F0D481642900F0D181752900F0CE814C
:1003C0006F2901F0BA80782900F02F82E92901F025
:1003D0005580E42901F05280F52901F04F80EF2982
:1003E00001F0B780F82900F02E820368DB0928BFEE
:1003F00041F08001632900F0D687732900F0DB8784
:10040000E32901F02583F32901F02A8300207047B6
:100410001FB52FF094FF01F001F904000020002126
:100420002FF076FE401C6060002000212FF05AFE65
:10043000E0601FBD10B510BD01F0E2FB1146FFF7F3
:10044000E7FF25F0BFFD01F05BFE03B4FFF7F2FF0D
:1004500003BC00F0D7FC00002C4B19680868B0E81A
:10046000F04F80F30988BFF36F8F4FF0000080F3E7
:10047000118870470000000008480068006880F399
:1004800008884FF0000080F3148862B661B6BFF3AD
:100490004F8FBFF36F8F00DF00BF00BF08ED00E09C
:1004A000DFF80C00016841F470010160704700BF83
:1004B00088ED00E0EFF30980BFF36F8F134B1A68EC
:1004C0001EF0100F08BF20ED108A20E9F04F1060D9
:1004D00009B44FF0500080F31188BFF34F8FBFF382
:1004E0006F8F2FF0FBFA4FF0000080F3118809BCEA
:1004F00019680868B0E8F04F1EF0100F08BFB0ECA4
:10050000108A80F30988BFF36F8F7047DC000124E5
:10051000EFF305807047000009488047094800470D
:10052000FEE7FEE7FEE7FEE7FEE7FEE7FEE7FEE7A3
:10053000FEE7FEE704480549054A064B7047000000
:1005400011A70008CD02000880BA022480C002244E
:1005500080BC022480BC02240048704720BA0224D8
:1005600053EA020C00F069802DE9F04B4FF00006D1
:10057000002B1FBFB3FA83F503FA05F424FA05F63E
:100580005E4012BF1643B2FA82F502FA05F4C5F1D5
:1005900020051EBF22FA05FC44EA0C04203556EA69
:1005A000044C4FEA144418BF641C4FF000084FF08D
:1005B0000009904271EB030C39D3002919BFB1FA3D
:1005C00081F701FA07F6B0FA80F700FA07F6C7F1EB
:1005D00020071EBF20FA07FC46EA0C062037B6FBB0
:1005E000F4FCA7EB0507103F07F01F0BCBF120062B
:1005F0000CFA0BFB2CFA06F644BFB3460026202F5C
:10060000A4BF5E464FF0000B5BEA060C08BF4FF03C
:10061000010B19EB0B09ABFB027C48EB0608C01B76
:1006200006FB02CC0BFB03CC71EB0C01C1E70B46C4
:10063000024641464846BDE8F08B13B54FF0000036
:100640004FF00001AFF30080BDE81C407047000090
:100650007CB51D4616460C00009001D02044401E7B
:10066000074B7B442A4669460190304600F071FEF4
:1006700005461CB10020694600F07EFE28467CBD80
:100680001D0D00000FB47CB50C0009AA009001D02C
:100690002044401E084B7B4469460190089800F0B6
:1006A00058FE05461CB10020694600F065FE28464C
:1006B0007CBC5DF814FB0000E90C000070B504463A
:1006C00085690068C10601D5302600E02026C007F4
:1006D00007D070BDD4E9012130469047206A401C04
:1006E00020626D1EF6D570BD70B504468569007830
:1006F000C00707D170BDD4E9012120209047206AAE
:10070000401C20626D1EF6D570BD70B50C460546C6
:10071000012A05D02878800600D5EA69002302E086
:10072000012305E05B1C934202D2E05C0028F9D172
:10073000A869E618C01AA861286A184428622846E1
:10074000FFF7BCFF04E0D5E9012114F8010B904745
:10075000B442F8D32846FFF7C7FF70BD2DE9F0413A
:100760000646002410687529314616A510D000F001
:100770005EFB002802DA404213A507E031688A07D1
:1007800001D512A502E0490704D511A5012401E015
:1007900000F056FB00210A2206F1240709E0B0FB15
:1007A000F2FCB0FBF2F302FB1C0030307854184628
:1007B000491C0028F3D123462A463046BDE8F041C3
:1007C00000F047BB000000002D0000002B000000DF
:1007D00020000000F0B40D460188090502D5214C27
:1007E0007C4402E01F4C7C440E34002100F12406BE
:1007F00008E002F00F071209E75D42EA03721B09E5
:100800007754491C52EA0307F3D1027800231207F8
:1008100004D5702D06D009B1022311342246F0BC54
:1008200000F017BB01231034F8E770B504460D46FD
:100830002146106800F004FB024629462046BDE828
:1008400070400023C6E7D21D22F00703D3E900233E
:10085000C0E70368126843F0200303600823C36104
:100860000023B7E7647404002DE9F05F894604466D
:100870004FF0000ADFF874B1FB44C0F820A0204616
:10088000E1688847002874D0252806D0D4E90121E2
:100890009047206A401C2062F1E700265F46204610
:1008A000E16888472028054607DB312D05D27819F5
:1008B00010F8200C08B10643F1E7B00701D526F087
:1008C0000406C4F81CA00027C4F818A02A2D09D0DB
:1008D00028460BF0DDFF38B304EB8708303DC8F83D
:1008E000185019E059F8041B204604EB8702916167
:1008F000E1688847012F054618D1E069002820DA11
:1009000026F020061DE0D8F8180000EB800005EB6B
:1009100040003038C8F818002046E168884705468E
:100920000BF0B6FF0028EED1012F0AD02E2D08D1F2
:100930002046E16888477F1C0546022F46F02006C6
:10094000C4DBA069002803DA404246F00106A0613A
:10095000F00701D026F010066C2D0BD0682D09D0C1
:100960004C2D39D06A2D35D0742D35D07A2D33D019
:1009700016E038E0E1682F4620468847B842054631
:1009800009D16C2F26D04FF48060E16806432046E1
:100990008847054604E06C2F1AD04FF48070064358
:1009A0000DB3A5F14100192802D8203546F40066A0
:1009B0004A462946204626604E46FFF7E1FC80B1B4
:1009C00001280BD0F61D26F0070000F1080956E7B4
:1009D0004020E4E78020D8E70020D6E706F10409AC
:1009E0004DE7284652E7206ABDE8F09FF473040003
:1009F00010B5002000F00AFEFFF71CFDBDE8104016
:100A0000012000F0FFB9401ECAB210F8011F8A424F
:100A100002D00029F9D10020704740EA010310B547
:100A20009B070FD1042A0DD310C808C9121F9C427E
:100A3000F8D020BA19BA884201D9012010BD4FF070
:100A4000FF3010BD1AB1D30703D0521C07E00020BD
:100A500010BD10F8013B11F8014B1B1B07D110F81A
:100A6000013B11F8014B1B1B01D1921EF1D118461D
:100A700010BD40EA0103024630B59B0710D14FF08C
:100A8000013400E008C208C91D1B9D4315EAC41FBC
:100A9000F8D013F0FF0102F8011B0DD01B0AF8E794
:100AA00011F8013B002B02F8013B05D011F8013B86
:100AB000002B02F8013BF3D130BD10B5431C02E01E
:100AC00010F8011B71B18107FAD14FF0013202C851
:100AD0008C1A8C4314EAC211F9D0C01A0A0603D04A
:100AE000C01E10BDC01A10BD0A0401D0801E10BD6A
:100AF0000902FCD0401E10BDCBB22AB101788B4256
:100B000003D0401C521EF9D10020704740EA010377
:100B100070B59B072ED14FF00136042A2AD308C89E
:100B200010C99D1B9D43121F15EAC61517D0D8B2D8
:100B3000E1B2401A50EA056110D198B2A1B2401A50
:100B400050EA05410AD123F07F4024F07F41401A4A
:100B500050EA052102D1180EA0EB146070BDA3422B
:100B6000DBD018BA21BA884201D9012070BD4FF0FC
:100B7000FF3070BD0AB9002070BD10F8013B11F8BC
:100B8000014B63B1A3420AD1521E08D010F8013BB9
:100B900011F8014B1BB1A34201D1521EEDD1181B1C
:100BA00070BD032A40F2308010F0030C00F0158075
:100BB00011F8013BBCF1020F624498BF11F801CB60
:100BC00000F8013B38BF11F8013BA2F1040298BFC5
:100BD00000F801CB38BF00F8013B11F0030300F02F
:100BE0002580083AC0F0088051F8043B083A51F8D3
:100BF00004CBA0E80810F5E7121D5CBF51F8043BD8
:100C000040F8043BAFF30080D20724BF11F8013B4A
:100C100011F801CB48BF11F8012B24BF00F8013BAC
:100C200000F801CB48BF00F8012B704710B5203AFF
:100C3000C0F00B80B1E81850203AA0E81850B1E895
:100C40001850A0E81850BFF4F5AF5FEA027C24BF4B
:100C5000B1E81850A0E8185044BF18C918C0BDE842
:100C600010405FEA827C24BF51F8043B40F8043B0B
:100C700008BF7047D20728BF31F8023B48BF11F8C0
:100C8000012B28BF20F8023B48BF00F8012B70471A
:100C900002F0FF0343EA032242EA024200F002B8F4
:100CA0004FF000020429C0F0128010F0030C00F095
:100CB0001B80CCF1040CBCF1020F18BF00F8012B13
:100CC000A8BF20F8022BA1EB0C0100F00DB85FEAE1
:100CD000C17C24BF00F8012B00F8012B48BF00F8AD
:100CE000012B70474FF0000200B51346944696461C
:100CF000203922BFA0E80C50A0E80C50B1F120012F
:100D0000BFF4F7AF090728BFA0E80C5048BF0CC0DC
:100D10005DF804EB890028BF40F8042B08BF70473A
:100D200048BF20F8022B11F0804F18BF00F8012BAC
:100D3000704700004FF0013C50F8042B51F8043B81
:100D40009A4215D1A2EB0C03934313EACC130BD1B7
:100D500050F8042B51F8043B9A4209D1A2EB0C0342
:100D6000934313EACC13E7D04FF00000704700BF65
:100D7000D01A01BAB1FA81F101F0180122FA01F09A
:100D8000CB40C1F12001DBB2C0B2C01A2CFA01F392
:100D9000D11A914311EAC311E6D1704770477047E9
:100DA0007047A0E8004FF0C040F804DB01B5AFF396
:100DB0000080BDE8024001C10020A1EC068BA1EC3F
:100DC00002BBA1EC06CBA1EC02FB704700F12C08A2
:100DD0000C46B8EC068BB8EC02BBB8EC06CBB8EC12
:100DE00002FB00F12C0858F8040DAFF3008058F80E
:100DF000040D8546200008BF012038E9F00018E9FD
:100E0000004F704701491820ABBEFEE726000200E4
:100E10000048704720BA022410B5FFF79DFB006818
:100E200010BD10B50446FFF797FB046010BD0968BC
:100E30004A0501D540B27047C905FCD500B27047DC
:100E400009684A0501D5C0B27047C905FCD580B212
:100E500070472DE9F0470D4699469246044600F149
:100E600024080168880604D5E06921F0100121609A
:100E700000E00120A84201DD471B00E00027A16936
:100E80007A1902EB0900081AA0612078C00602D482
:100E90002046FFF713FC002608E0D4E901211AF8E8
:100EA00006009047206A401C761C20624E45F4DB09
:100EB0002078C0060AD52046FFF700FC06E0D4E9FA
:100EC000012130209047206A401C2062381EA7F183
:100ED0000107F4DC07E0D4E9012118F80500904788
:100EE000206A401C2062281EA5F10105F3DC204683
:100EF000FFF7FAFB2078000602D50220BDE8F08754
:100F00000120FBE711680268006A530501D50870EB
:100F10000AE0D30501D5088006E0130603D5C21701
:100F2000C1E9000200E008600120704770472DE928
:100F3000FF4F0C461E464FF0FF378BB0D2E9000141
:100F4000DDF860800A908A46C1F30A5505B93D462E
:100F5000002108464FF00000BAF1000F00F44000F5
:100F600005DA00EB80004FF4400101EA50004FEA3F
:100F70009059B9F1010F00DDB9460A9850EA4A00CC
:100F80000ED044F61050A5F2FF3545432F14B8F1AA
:100F9000000F1ED07542291E1EDDC9F100021CE0A3
:100FA000B8F1010F4FF0000001D0302103E0F2430F
:100FB00005E02154401CB042FBDB304600220021FA
:100FC00021540B99C1F80880C1E900200FB0BDE899
:100FD000F08FBD1B6D1CDEE74A4600DA694206A8A9
:100FE00000F062FD06AB93E8070003AB83E807005F
:100FF00050460A9901F0F9FA8DE80700A0F5005073
:101000001F3800900398002D09DD42F21F014A4667
:10101000084403A90390684601F083FD08E0A0F5A9
:1010200000504A461F3803A90390684601F0A1FD0D
:101030008DE807000004000C03D04FF0FF3041089A
:1010400000E01046B8F1000F03D0002200921546D0
:101050001EE0751E05D400F0E5FA303262556D1EB3
:10106000F9D5B3460122084302D000227F1C04E0D8
:101070002078302801D100227F1E002A099786D0CF
:101080001DE0112D07DA00F0CDFA303262556D1CEB
:1010900050EA0102F5D1084302D00098C8B10EE031
:1010A0000021681E05E0235C625C63542254401EEC
:1010B000491C8142F7DBAB46A81B401E099000206B
:1010C00004F80B000B98099AC0F80880C0E9002BBF
:1010D0007CE711264FF0000859E72DE9F04F8846CC
:1010E0000446D21D22F0070191B0D1E90001CDE9FB
:1010F0000A010BF092F902460B98C00F01D02D2087
:1011000007E02068810701D52B2002E0202101EAB9
:10111000C000032A099001D0072A05DB0346414697
:10112000204600F04BFC0BE12078800601D5E069F9
:1011300000E00620B8F1650F814606D0B8F1660FD1
:1011400018D0B8F1670F70D131E00020B9F1110F5C
:10115000009001DB112301E009F101030AAA01A9B2
:101160000CA8FFF7E4FEDDE90C70002609F101058B
:10117000834647E001204B4600904FF000470AAA03
:1011800001A90CA8FFF7D3FEDDE90DB00C995D466F
:10119000002610B909F101000D18B9EB050003D4C0
:1011A000C0F1FF3609F10105A5EB09002BE0B9F10B
:1011B000010F01DA4FF001090020B9F1110F009081
:1011C000484601DD112300E003460AAA01A90CA844
:1011D000FFF7ADFEDDE90C704D4600268346207812
:1011E00000070AD4AB4500DA5D4601A8012D04DDF5
:1011F000411911F8011C302907D04F4502DA17F1C7
:10120000040F04DA012082460FE06D1EEEE7002F86
:1012100002DCED1B3E4403E0781CA84200DD7D1C8F
:10122000B81B00F1010A4FF000472078000703D4F3
:10123000AA4501DB4FF0FF3A0021B7F1004F0DF155
:1012400043088DF8431024D002202B23002F01DA0D
:101250007F422D230A21021EA0F1010000DC5FB1B4
:1012600097FBF1FC97FBF1F201FB1C7C17460CF19C
:10127000300C08F801CDEEE7A8F1010003702188D9
:10128000090501D5452100E06521A0F1010800F81C
:10129000011C09980FA9A1EB0807FF1D00B101204F
:1012A000411901EBEA70A1693844081A401EA06197
:1012B0002078C00602D42046FFF700FA099828B12A
:1012C000D4E901219047206A401C20622078C006A2
:1012D00022D52046FFF7F2F91EE0002E04DBB345CD
:1012E00002DD01A8805D00E03020D4E901219047B3
:1012F000206A401C2062761CAAF101005FEA000A05
:101300000AD100F08BF9C0680168405CD4E9012182
:101310009047206A401C2062281EA5F10105DCDCF4
:1013200007E0D4E9012118F8010B9047206A401C1E
:101330002062381EA7F10107F3DC2046FFF7D4F93D
:10134000032011B043E6000001694A1C02610878DD
:10135000704700B58FB0CDE90131002105910549F5
:101360007944CDE9031011466846FFF77DFA0FB0C6
:1013700000BD0000E5FFFFFF0A6802F8010B0A60EC
:101380007047D1E900239A4202D2531C0B601070BF
:10139000704710B5436913B1AFF3008001E0FFF768
:1013A000B4F9012010BD127800F124010A70002266
:1013B0004A700122EDE711684FF0FF32E9E70000C3
:1013C0002DE9FF5F15468A460446DFF8AC80F844F5
:1013D0000027D8E900103E46CDE9001010E03AF8A9
:1013E00016106A4602A800F0CDFB411C07D02178F8
:1013F000890603D5E269391891420DD80744761C55
:101400002078800602D5E069B84205DDAE42E6DB11
:101410003AF816000028E2D1A069C01BA06120465E
:10142000FFF74CF9D8E90010CDE90010002017E0D3
:101430003AF818106A4602A800F0A4FBB0F1FF3F8A
:1014400081460BD000250DF1080B05E0D4E9012100
:101450001BF8050090476D1C4D45F7D308F10100BE
:10146000B0428046E4DB206A384420622046FFF721
:101470003BF9BDE8FF9F0000B26804002DE9F04190
:101480008046D21D22F007020025D2E90002F5298C
:1014900015A614D0011E72F1000106DA0023D0EB6C
:1014A000030063EB020211A608E0D8F800108B07D6
:1014B00001D50FA602E0490701D50EA60125114668
:1014C000002408F1240704E000F0ACF830323A556B
:1014D000641C50EA0102F7D12B46324621464046B1
:1014E000BDE8F041FFF7B5BC000000002D00000092
:1014F0002B0000002000000030B4002100F1240483
:1015000008E002F00705D208303542EA4372DB08F2
:101510006554491C52EA0305F3D10468002310A264
:10152000250707D5A40600D421B1C46901230DA263
:10153000641EC46130BCFFF78CBC10B50446214664
:101540001068FFF77DFC02462046BDE810400023EE
:10155000D2E7D21D22F00701D1E90023CCE7000039
:1015600000000000300000000FB4002300B589B077
:101570000CA900910B99CB60214B7B440693214B26
:101580007B44079304236FF00042CDE901321E4AE9
:101590007A446B460892024600202EF0A3FF09B061
:1015A0005DF814FB70B506464FF0FF3015460C464B
:1015B000324686B00091CDE90101694600200490D1
:1015C00004A8FFF7D1FF02460498211825B108B1FD
:1015D000084600E020462860049800280DD0002A24
:1015E00002DD0098884208D03246081B6946009404
:1015F000CDE9010404A8FFF7B7FF06B070BD0000F5
:10160000EB040000030500001B01000010B500F012
:10161000DFFABDE8104000F0D5BA704700487047C7
:1016200040BA022430B5B0F10A024FEA900E71F1CF
:1016300000034EEA817EB0EB0E0061EB91014FEAB0
:10164000101E4EEA017E10EB0E0041EB11114FEA25
:10165000102E4EEA016E10EB0E0041EB11214FEA05
:10166000104E4EEA014E10EB0E0041EB11414018B6
:1016700041F100014FEAD00040EA41704FEAD10148
:1016800010EB80054FEA810444EA907444EB0104B6
:101690006D1944EB0404521BA3414FF0000348BFF3
:1016A0000A3200D530BD401C41F1000130BD10B5FB
:1016B000044600F0CBFA0068005D00F0010010BDA8
:1016C0002DE9F04F04460D46D21D22F0070089B0E7
:1016D000D0E90097484639460AF09FFE0246F80FC7
:1016E00001D02D2307E02068810701D52B2302E0DC
:1016F000202101EAC0038DF820300BB1012000E069
:101700000020032A824601D0072A04DB294620460E
:1017100000F054F93FE12078800601D40D2500E067
:10172000E569C7F30A560D2D49DA00214FEA175B28
:1017300008464FF00000002F00F4400007DA00EBED
:1017400080004FF4400100EBD07001EA6000811589
:10175000012901DD4FF0FF3100224FEA850CBCF179
:10176000180F06D31346ACF118004FF08052C24058
:1017700003E04FF4801323FA0CF30CF10C0CBCF1D2
:10178000200F04D3ACF1200C09FA0CF001E007FAA9
:101790000CF000294FF0004801DD18B90FE00ED120
:1017A00040450CD319EB02095F4121B9404502D1F4
:1017B0009F4329EA0209BBEB175F00D0761C208803
:1017C000000502D57B48784402E07A48784419380D
:1017D00008AA302302F80A30037C0AF10101002E26
:1017E0000AF1020A53546A4602DC4FF0300101E06C
:1017F0004FF031014FF001088DF8001002D0A6F231
:10180000FF3603E059EA470100D06B4E002D02DCA1
:101810002178090704D54FF002082E218DF8011018
:10182000C44600210BE0C7F303433F01C35C491CDE
:101830006D1E02F80830052908F1010801DA002DB3
:10184000F1DC00210CE000EB1973491C1B786D1EC4
:10185000082902F808304FEA091908F1010801DAED
:10186000002DF0DC21688B0602D516E0A8F10108F6
:10187000E04505DD02EB080313F8013C302BF5D001
:10188000B8F1000F09DD02EB080313F8013C2E2B21
:1018900003D1090701D4A8F10108002D05DD3E217F
:1018A00002F808106D1E08F10108407C002E02F8B5
:1018B000080008F1010804DA2D20764202F8080039
:1018C00002E02B2002F808000A214FF47A708642C9
:1018D00008F101080BDB96FBF0F3303302F8083017
:1018E00096FBF0F308F1010800FB136601E0642E9B
:1018F0000CDB642096FBF0F3303302F8083096FBE3
:10190000F0F308F1010800FB136601E00A2E06DB84
:1019100096FBF1F0303002F8080008F1010896FB60
:10192000F1F001FB1060303002F80800A16908F105
:10193000010808EB050202EB0A00081AA0612078F2
:10194000C00602D42046FEF7B9FE216A08AE01EBBC
:101950000A00206204E0D4E9012116F8010B904747
:10196000BAF1010AF7D22078C00602D52046FEF768
:10197000A5FE6E4609E016F8010B3E280FD0D4E90B
:1019800001219047206A401C2062B8F10108F2D280
:101990002046FEF7A9FE09B00320BDE8F08F206ABB
:1019A0002844206203E0D4E90121302090476D1ED5
:1019B000EBD3F8E7D564040002FCFFFF2DE9F0410A
:1019C0001F46044603260168072A01F4006004DB71
:1019D00008B116A505E016A503E008B115A500E0BD
:1019E00015A521F010002060A069C01EA0610FB1F4
:1019F000401EA0612046FEF761FE4FB1D4E90121EF
:101A000038469047206A401C2062C01C206206E0D5
:101A1000206AFAE7D4E9012115F8010B9047761EF8
:101A2000F8D22046FEF760FEBDE8F0814E414E0040
:101A30006E616E00494E4600696E660010B54369DE
:101A400013B1AFF3008001E0FFF7BAFC012010BD35
:101A5000128800F1240182840022C2840122EDE771
:101A600011684FF0FF32E9E7426842B1016811F8AE
:101A7000013B23B1521EC0E90012184670470121F4
:101A8000C160881E704742685AB1C368016843B993
:101A900083688B4205D0491E521CC0E90012002009
:101AA00070474FF0FF3070472DE9F04781461646EA
:101AB0008AB0334878440DC88DE80D00304878442A
:101AC000801C03AC0DC884E80D0041F69B3008442F
:101AD000372190FBF1F290FBF1F5A5F1800501FBB8
:101AE00012041B3C02D56442012000E00020DFF814
:101AF00090A080460027FA44AAF1BE0A0DE0E00754
:101B000009D03246684607EB47010AEB810101F034
:101B100030F88DE8070064107F1C002CEFD1184FBF
:101B20007F44AC3F18E0E80714D007EB04100DF138
:101B3000180A90E80E008AE80E00C068F04201D151
:101B400098190890324606A903A801F012F803ABD1
:101B500083E807006D10641C002DE4D1324669460D
:101B6000B8F1000F03A802D000F0DBFF01E001F0A4
:101B700000F8C9E90001C9F808200AB0BDE8F087FB
:101B80007862040070B516460C46054600F05EF813
:101B9000036893F80101012806D0FF2C0FD8185DC7
:101BA00068B101202C7070BDD3F807013246214680
:101BB00003F2071303442846BDE8704018474FF06E
:101BC000FF3070BD002801D0FFF71CB9704700003E
:101BD00010B5002102A000F09CFA012010BD000009
:101BE000534947414252543A2041626E6F726D61CF
:101BF0006C207465726D696E6174696F6E000000AF
:101C00007546FFF705F9AE4605006946534620F0D4
:101C10000700854618B020B5FEF78CFCBDE82040D3
:101C20004FF000064FF000074FF000084FF0000B98
:101C300021F00701AC46ACE8C009ACE8C009ACE84B
:101C4000C009ACE8C0098D467047000010B5FFF729
:101C5000E5FC001D10BD00BFB9E402002DE9FF4FF7
:101C6000064689B00878FF2806D0491C2D2805D0E3
:101C700000244FF0000908E000200CE00124F8E700
:101C800009EB8903491C00EB43090878FF28F7D1C9
:101C900014B1C9F100008146107800252C46AA46EF
:101CA00029462D2801D02B2804D1521C2D2813D0D1
:101CB000002082468B461078FF280FD04FF0000C92
:101CC0000A21521CA5FB017804FB018105FB0C11C4
:101CD000C5194BEB0104EEE70120EAE700210846B5
:101CE0004FF00000BAF1000F02D000EB8000400876
:101CF000C0F38158B8F1010F01DD4FF0FF380C98A7
:101D000009EB000755EA040009D04FF0020917F566
:101D1000FA7F0BDA4FEACA70C6E900B012E04FEA68
:101D2000CA70C6E900B00DB0BDE8F08FB7F5FA7F14
:101D30000DDDF0487844D0E90010C6E9001040EA13
:101D4000CA707060FEF708FCC0F80090EBE7391E1F
:101D500002DAC8F1000200E0424600DA794206A841
:101D6000FFF7A2FE06AB93E8070003AB83E807008A
:101D700044F23E005BEA04010090584604D144F26C
:101D80001E012C465D460091210C0904014306D139
:101D90000099240444EA15442D041039009104F0FC
:101DA0007F41014306D10099240244EA15642D02C3
:101DB0000839009104F07041014306D100992401D3
:101DC00044EA15742D01091F009104F040410143BC
:101DD00006D10099A40044EA9574AD00891E0091D3
:101DE00004F00041084304D100986D196441401E7D
:101DF000009042466846002FCDE9014503A902DD67
:101E000000F0CBFE01E000F0A0FEBAF1000F0446A6
:101E10000D4601D084F0004440F2FF7724F00040EA
:101E2000284303D0C4F30A50B84212D1FEF794FB02
:101E3000C0F80090C4F30A50B8420AD1AE487844C2
:101E4000D0E90010C6E9001004F0004108437060BA
:101E500069E7C6E9005466E72DE9FF4F1F464FF0DA
:101E6000000A4FF0FF38454691B0D7E90146CDF85A
:101E70003CA0FFF7D3FBC0680168405C1090B969D3
:101E800012986D1C8847396A814688470028F6D128
:101E9000B9F1FF3F0AD0002E24F4D06411DDB9F16E
:101EA0002B0F08D0B9F12D0F0BD102E0404615B031
:101EB0003AE744F48064B96912986D1C8847761E2D
:101EC0008146600504A901D52D2000E02B20002EBD
:101ED00001F1010B0DF130088DF810003FDDB9F173
:101EE000690F08D0B9F1490F05D0B9F16E0F02D0D2
:101EF000B9F14E0F1CD13B4601A8009580E8500275
:101F0000DDE912126FF002002EF0F0FAC11CCED102
:101F10000EE0B96912986D1C884781461398761EA9
:101F200044F4007405600F98401C002E0F9016DDDD
:101F3000B9F1300FEDD0B9F1780F02D0B9F1580FE7
:101F40000DD10F9801280AD13B46CDE90054DDE9B7
:101F50001212001F02962EF0C7FAC11CA7D11099C9
:101F600089453ED144F0800406E01399681CAAF12B
:101F7000010A44F400740860B9696D1C1298761E59
:101F8000884730288146F0D02BE01099894505D14B
:101F9000200603D4761E44F0800418E048460AF078
:101FA00077FC08B3761E0DF123018B4544F40074D1
:101FB00008D2A9F130000BF8010B200607D5AAF1D1
:101FC000010003E0200602D40AF101008246A005C8
:101FD00002D51399681C0860B96912986D1C88476E
:101FE0008146002ED1DC53E0002E51DDB9F1650FA2
:101FF00002D0B9F1450F4BD1A00549D5B9696D1C87
:102000001298761E24F440748847002E81460CDD19
:102010002B2804D0B9F12D0F07D144F48074B9698D
:1020200012986D1C8847761E8146E00501D52D214A
:1020300000E02B2108F8011BCDF8008021E0761E7E
:102040000DF13901884544F400740CD2A9F1300037
:1020500010F0FF0088F8000002D10099884509D9E6
:1020600008F1010806E0E00501D5244801E042F24C
:102070000F708246B96912986D1C88478146139883
:102080000560002E04DD48460AF002FC0028D6D187
:10209000F96912988847FF2053468BF8000088F8AA
:1020A000000000200A900B9004AA0CA90AA8FFF7D0
:1020B000D5FDA00502D46FF00100F8E614F0240F5E
:1020C0000AD0E00714D13868DDE90A12031D3B602D
:1020D0000068C0E900120BE00AA968460AF028FB74
:1020E000E00705D13868009A011D39600068026078
:1020F0002846DCE6306A040026690400F1D8FFFFB8
:1021000010B50446AFF300802046BDE81040FEF74E
:102110009CB970B505460C460A2000E06D1C00F025
:1021200011F835B128780028F8D102E0641C00F0DD
:1021300009F814B120780028F8D1BDE870400A20D1
:10214000AFF3008008B569468DF800000320ABBEF0
:1021500008BD00002DE9FF4F1F464FF03C0987B036
:102160004FF00042DDE9141001F10108DDF858A03C
:1021700002EA40500390002005908346054604463D
:102180000490B969461E08988847AAF1010A02908E
:10219000BAF1000F3BDD02982E2815D0102100F077
:1021A00016FA00282EDB4FF0010B0599014317D0DA
:1021B000B9F1000F0BDB4A46C11700F0F5F90543F2
:1021C0000C43A9F1040905E0012004900BE008B1DB
:1021D00045F0010501200590049820B9361D02E064
:1021E000049800B1361FB969089808F101088847BA
:1021F000BBF1000FAAF1010A0290C9D00999C1F8F8
:102200000080C5E70298702808D0502806D0F969E8
:1022100008988847BBF1000F14D04FE000200290CF
:102220000120BBF1000F049009D0B969089808F1AA
:1022300001088847AAF10109B9F1000F07DCF96923
:10224000089888476FF001000BB0BDE8F08F2B288D
:1022500004D02D280CD14FF0FF300490B9690898B4
:1022600008F101088847A9F10109B9F1000FE6DD7D
:10227000411CE4D00A2100F0AAF90028DFDB029912
:1022800008F1010801EB810100EB41000290B969FE
:10229000089888470A2100F09AF9099AA9F10109DA
:1022A000B9F1000FC2F8008001DD0028E7DAF96912
:1022B000089888470499029800FB016655EA0400D3
:1022C00004D004F04041090002D006E0039898E0F1
:1022D000A40044EA9574AD00B61E04F00041080065
:1022E00002D16D196441761E159810F0240F03D0A9
:1022F0004FF00B095C4803E04FF028096FF07D00B8
:102300008246564507DAAAEB06018944B9F1410F26
:1023100001DD4FF0410901200021A9F1010200F087
:1023200043F9024628400B462140084301D00121D1
:1023300000E00021501E029143F1FF31284021406E
:10234000084301D0012000E000200299834651EAB1
:102350000B014FD0002108464FF00000039900F414
:10236000400039B100EB80004FF4400100EBD07029
:1023700001EA60008015012802DD4FF0FF3000E027
:1023800013D0401C36D0029860B3BBF1000F0CD1C3
:102390004A460120002100F007F928402140084367
:1023A00001D0012000E00020E0B101204A460021D8
:1023B00000F0FAF8034640190A4661412D1A8C4193
:1023C00011D3B9F1400F09DD159810F0240F02D098
:1023D000AAF1340603E0AAF1170600E0761C0025F6
:1023E0004FF0004406E05B1E42F1FF3220EA030595
:1023F00021EA0204CAF10100B04206DA1B4903983F
:1024000008430190002000900EE0039AC4F3D3210A
:10241000E80A0A43164940EA44500A433146CDE9E6
:10242000000268460AF0D8F9159810F0240F0BD076
:102430001598C00715D13868DDE90012031D3B600F
:102440000068C0E900120CE002A869460AF070F9C1
:102450001598C00705D13868029A011D39600068D7
:1024600002604046F0E6000002FCFFFF0000F07F43
:102470000000F03F2DE9FF4F92461D4685B04FF01A
:102480000041DDE9124BDDE914727F1E01EA4B5079
:10249000414940F0FF4940EA0108002122F02000B4
:1024A0004928049102D04E2828D04CE03BA00126B8
:1024B00007C88DE80700A9690698641C88477F1E35
:1024C000014606D41DF8060018B121F02001814212
:1024D0000BD0E96906988847032E34D0082E32D0F5
:1024E0006FF0010009B0BDE8F08F761C032E01D01B
:1024F000082EE0D1601CCAF80000DCE7A969069844
:10250000641C88477F1E2AD420F02000412826D151
:10251000A9690698641C88477F1E20D420F02000FB
:102520004E281CD1A9690698641C88477F1E48F470
:10253000002849F48009CAF8004001D4282806D0B0
:10254000E969069888475FEACB7012D022E0A96952
:102550000698641C88477F1E01D4002803DAE969C5
:1025600006988847BCE72928F1D1641CCAF80040C6
:10257000E9E71BF0240F07D028680499031D2B609E
:102580000068C0E9001805E02868021D2A6000689C
:10259000C0F800902046A5E70000F07F494E46496C
:1025A0004E49545900000000B2F120030AD5C2F18F
:1025B000200301FA02F120FA03F300FA02F041EAE3
:1025C0000301704700FA03F14FF0000070473A280A
:1025D00000D2303820F02002412A01D3A2F1370086
:1025E000884201D34FF0FF3070475FEA400C08BFCC
:1025F00091F0000F4FEA8C234FEAC12243EA515178
:102600004FEA1C5018BF00F5F0404FEA300018BFE9
:1026100041F000415FEA6C5C00F02980BCF1FF3FB3
:1026200008BF40F080407047130C06BF12044FF003
:10263000100C4FF0000C130E04BF12020CF1080C2A
:10264000130F04BF12010CF1040C930F04BF92008E
:102650000CF1020CD30F04BF52000CF1010C114617
:102660004FF00002A0F11F00A0EB0C00704711F02A
:10267000004F08BF704731F000413FF4D5AF0B0C5D
:1026800006BF09044FF0100C4FF0000C0B0E04BFF6
:1026900009020CF1080C0B0F04BF09010CF1040C2A
:1026A0008B0F04BF89000CF1020CCB0F04BF490053
:1026B0000CF1010CCCF12003A0EB0C0022FA03F387
:1026C00002FA0CF241EA030100F10100704720F028
:1026D0007F4C80EA030023F07F47ACEB070303F550
:1026E0007C5300F0004003F1FF032DE980494FEADD
:1026F000154B09B44FEA144325EA0B4E24EA03486C
:102700000FF2042606EB132749083E785FEA3202EF
:1027100003FB0667C7F5000707FB06F64FEA5437C9
:102720004FEAD64606F1020607FB066CCCF1005CC8
:102730004FEA1C472CEA074C07FB06F40CFB06F596
:1027400004EB15464FEA961634BF00204FF00040C8
:102750004FEAD13706FB07FC4FEA1C4C0CFB0BF78A
:10276000D21B03FB0CF761EB07010CFB0EF7B0EB80
:10277000074072EB17420CFB08F734BFA2EB07428D
:10278000B2EB074261EB17414FEA0C444FEA910765
:1027900006FB07FC4FEA1C4C0CFB0BF7B0EBC740E9
:1027A00072EB573203FB0CF734BFA2EBC742B2EB1C
:1027B000C74261EB57310CFB0EF7B0EBC70072EB71
:1027C00057720CFB08F734BFA2EBC702B2EBC7028B
:1027D00061EB5771039F4FEA816141EA921104EB6B
:1027E000CC044FEAD1374FEA826206FB07FC42EA8B
:1027F00090124FEA80604FEA1C4C0CFB0BF7D21B87
:1028000003FB0CF761EB07010CFB0EF7B0EB074085
:1028100072EB17420CFB08F734BFA2EB0742B2EB96
:10282000074261EB17414FEA8C554FEA910704EBE1
:102830009C2406FB07FC4FEA1C4C0CFB0BF7B0EB8F
:10284000C74072EB573203FB0CF734BFA2EBC74211
:10285000B2EBC74261EB57310CFB0EF7B0EBC70090
:1028600072EB57720CFB08F734BFA2EBC702B2EB56
:10287000C70261EB577115EB4C254FEA816141EAC4
:1028800092114FEA82624FEAD13742EA901206FB78
:1028900007FC44F100044FEA80604FEA1C4C0CFB3B
:1028A0000BF7D21B03FB0CF761EB07010CFB0EF7D8
:1028B000B0EB074072EB17420CFB08F734BFA2EBFA
:1028C0000742B2EB074261EB174115EB1C154FEACB
:1028D000813141EA92414FEA823242EA90424FEA24
:1028E00080304FEA0C7644F1000448EA03434EEA94
:1028F0000B484FF0000EB2EB080C71EB030724BF3E
:10290000624639464EEB0E0E4FF0000B0018524156
:1029100049414BEB0B0BB2EB080C71EB03077BF15E
:10292000000B24BF624639464EEB0E0E4FF0000BF3
:102930000018524149414BEB0B0BB2EB080C71EB09
:1029400003077BF1000B24BF624639464EEB0E0EA7
:1029500051EA020718BF46F0010616EB0E7655F154
:10296000000254F1000103D5BDE88901BDE80088EB
:10297000BDE88901BDE80048B619524141EB0101AB
:10298000A3F10103704780807F7E7D7C7B7A79781C
:10299000777676757473727171706F6E6E6D6C6C24
:1029A0006B6A6A69686867666665646463636261C6
:1029B0006160605F5F5E5E5D5D5C5C5B5B5A5A5947
:1029C00059585857575656555555545453535252B3
:1029D0005251515050504F4F4F4E4E4D4D4D4C4C0B
:1029E0004C4B4B4B4A4A4A49494948484847474754
:1029F0004746464645454544444444434343434291
:102A0000424242414141000046EA0646A3F5705366
:102A10004FEA164646EA42564FEAD22242EA41526D
:102A200010B54FEAD121A3F1010300F017F820F00F
:102A3000004000F1010C00F0004701EB005011468E
:102A4000BCF5006F40EA070000D210BD02484FF00D
:102A5000000140EA070010BD0000F07F002B26D4E3
:102A6000770021D01CB54FEA370703B44FF01000B0
:102A70004FF010014FF000000FBCBDE810400BF10B
:102A8000010BBBF1010F08BF5FEA170722BF12F16C
:102A9000010211F101014FF0004143F1000300F088
:102AA000004043EA00007047F9D35708DAE746EAE6
:102AB000064613F1400F4FEA16461FDD13F1200FB3
:102AC000DFBF16430A46002120335B42C8D0C3F162
:102AD000200746EA064602FA07F74FEA164646EA94
:102AE0000706C3F1200722FA03F201FA07F721FAD9
:102AF00003F14FF0000342EA0702B1E746EA02069B
:102B000046EA06464FEA164646EA0106BCBF46EAD2
:102B10000646360C4FF000034FF000024FF0000164
:102B20009EE72DE9C048934630B491E8380007C8C5
:102B300031EA400C48BF34EA430C03D5FFF7C7FD28
:102B4000FFF78CFFF0BCBDE800882DE9C048934634
:102B500030B491E8380007C831EA400C48BF34EA85
:102B6000430C03D5FFF7B3FDFFF74EFFF0BCBDE804
:102B700000882DE9C048934630B491E8380007C872
:102B800010F0804F08BF13F0804F03D100F019F808
:102B9000FFF764FFF0BCBDE800882DE9C04893460C
:102BA00030B491E8380007C810F0804F08BF13F028
:102BB000804F03D100F005F8FFF726FFF0BCBDE819
:102BC000008820F07F4780EA030023F07F4C07EB6A
:102BD0000C03A3F57C5300F00040A3F1FE0392F038
:102BE000000F00F0B38095F0000F00F077802DE922
:102BF00001494FEA11404FEA144621EA004800FB20
:102C000006FC24EA064708FB06F607FB08F800FB6B
:102C100007F718EB06484CEB164C4FEA124B18EB33
:102C200007484FEA15464CEB174022EA0B4E0BFBC8
:102C300006FC25EA06470EFB06F607FB0EFE0BFB1D
:102C400007F71EEB064E4CEB164C4FF000061EEB42
:102C5000074E4CEB174B18EB0B0840F1000018EB3C
:102C60000E0B58EB000840F100008F1A4FF00001E6
:102C70003CBFC943661B14BFB5EB040C00213CBF2D
:102C8000C943F61B4FEA17444EEA8E0E27EA044565
:102C90004FEA1C4704FB07622CEA074C05FB07F7C9
:102CA0000CFB05F604FB0CFC16EB074642EB174247
:102CB00016EB0C4642EB1C421BEB060658EB0202DD
:102CC000414146EA9E0601D5BDE80189B619524147
:102CD00041EB0101A3F10103BDE801894FEA14456D
:102CE0004FEA114724EA054621EA074C05FB07F4A1
:102CF00006FB07F70CFB06F105FB0CFC11EB07418B
:102D000044EB17444FEA124711EB0C4144EB1C44CF
:102D100022EA074C05FB07F206FB07F70CFB06F659
:102D200005FB0CFC16EB074642EB174216EB0C4674
:102D300042EB1C456A1854F1000148BF7047B619B0
:102D4000524141EB0101A3F10103704795F0000FDF
:102D500037D04FEA11424FEA144721EA024624EAEB
:102D6000074C02FB07F106FB07F70CFB06F402FB1E
:102D70000CFC14EB074441EB17414FEA154714EBE9
:102D80000C4441EB1C4125EA074C02FB07F506FB0E
:102D900007F70CFB06F602FB0CFC16EB074645EBAF
:102DA000174516EB0C4645EB1C42121951F1000178
:102DB00048BF7047B619524141EB0101A3F101032D
:102DC00070474FEA14454FEA114724EA054621EAC5
:102DD000074C05FB07F106FB07F70CFB06F24FF06B
:102DE000000605FB0CFC12EB074241EB174112EB0E
:102DF0000C4251EB1C4148BF7047921841EB010156
:102E0000A3F101037047000010B532490446006881
:102E1000884202D0304A904202D1D1F8080302E041
:102E20002E48D0F8080310F4403F10D005F0B0FB56
:102E30006168B1F5803F06D0B1F5003F03D0B1F530
:102E4000403F26D101E0090C17E0800821E0002175
:102E50004FF4002004F054FC61688A03920B18D1EF
:102E60008A140C2A15D2DFE802F0140606060606BC
:102E7000060B0D0F1113890C4900B0FBF1F008E0AF
:102E8000000906E0400904E0800902E0C00900E012
:102E9000000A13494008884204D82068816821F458
:102EA000407108E00F49884207D82068816821F402
:102EB000407141F48071816010BD0B4988422068E7
:102EC000816804D821F4407141F40071F3E741F4C2
:102ED0004071F0E7002002400021024000600258EB
:102EE000105E5F0020BCBE0040787D012DE9F041FE
:102EF0000027044600680D4606F00EFC06462068D2
:102F000006F006FC30435DD020682F4EC168890171
:102F100005D5617E012902D1217E01290BD0022D28
:102F20001DD0206806F0F8FBB8B120688168C1F3B5
:102F3000400169B111E02549012502E08F4232D2FA
:102F40007F1C0268D2435206F8D440210160E8E7B2
:102F50008168314041F010018160012D11D020685D
:102F600006F0D6FB48B120688168C1F3400121B961
:102F70008168314041F020018160022D08D0032D8D
:102F800004D0042503F056FB064617E00C25F9E7AC
:102F90000825F7E703F04EFB801B05280ED92068B3
:102FA000806828420AD0206E40F010002066606ED3
:102FB00040F0010060660120BDE8F0812068806873
:102FC0002842E7D10020F7E7C0FFFF7F00DC0C00BC
:102FD00070B50446006881688268C1F3400112F050
:102FE000010F28D039BB816801F00D01012914D1EE
:102FF0008168124A1140891C8160216803200860A1
:1030000003F018FB054612E003F014FB401B0228F6
:103010000DD920688068C00709D0206E40F01000EC
:103020002066606E40F001006066012070BD20687F
:103030008068C007E8D1002070BD0000C0FFFF7F9E
:1030400070B504460068816811F0010F40D18168B5
:10305000204A11422DD18168D5432940491C816005
:1030600003F0E8FA1C49064620681C4B884201D050
:10307000984201D11A4A00E01A4A9268984202F036
:103080001F0200D0014681421DD0E2B120E08168DC
:1030900011F0010F03D181682940491C816003F0C0
:1030A000C9FA801B02280ED920680068C043C007F7
:1030B00009D0206E40F010002066606E40F00100E4
:1030C0006066012070BD20680168C943C907DED170
:1030D000002070BD3F00008000200240002102401F
:1030E00000230240006302581AF0BEBA70B50C46C5
:1030F00005462CF04DFB05480DB1816829600CB1E7
:10310000C0682060BDE870402CF062BB0000012464
:103110002DE9F0412CF03CFB164C03F08BFA217C9E
:103120000022B9B125684FF47A73D4E90271461BC5
:103130002060B81951410025C4E90201A0FB0342F7
:1031400001FB032100FB05152CF042FB204629461C
:10315000BDE8F08120600021C4E902024FF47A73D7
:1031600001252574A0FB034502FB035200FB01254A
:10317000EAE70000380301240448C069002804D0AD
:103180000023022219462CF06DBE70470000012476
:10319000FFF7BEBFFEE70020704700207047000029
:1031A00005490022054810B507F070FD04490348A1
:1031B00007F05FFD002010BDF88001241C7401247D
:1031C000F878012410B518B111B109682BF0A6F9EF
:1031D0000449054807F04DFD034807F023FD002092
:1031E00010BD0000F87801241C74012410B52BF0E8
:1031F000B9F9002010BD00000A46094910B5D1F800
:10320000BC1211B1D1F8141209B1012010BD014650
:10321000034807F03BFDBDE81040014807F0ACBD96
:103220001C7401241AF0FCBA294A016891423AD070
:10323000274A1832914236D0254A3032914232D054
:10324000234A483291422ED0214A603291422AD0FC
:103250001F4A7832914226D01D4A9032914222D0A4
:103260001B4AA83291421ED01A4A91421BD0194AD9
:103270001832914217D0174A3032914213D0154A72
:10328000483291420FD0134A603291420BD0114A1A
:103290007832914207D00F4A9032914203D00D4AC2
:1032A000A832914211D1CAB21823103AB2FBF3F2FC
:1032B0006FF30901032A02F00703074AD25CC265D3
:1032C00000D9091D81650846704721F0FF01F9E723
:1032D00010000240100402400006030830B5224AE4
:1032E000012301689142CAB21BD01F4C1434A14281
:1032F00017D01D4C2834A14213D01B4C3C34A142A2
:103300000FD0194C5034A1420BD0174C6434A14259
:1033100007D0154C7834A14203D0134C8C34A14211
:103320000CD11421114C083AB2FBF1F10F4A803252
:1033300001F01F0504EB8101AB4010E00C4D182497
:10334000103A0D44B2FBF4F1A82D00D80831094A17
:1033500001F01F0402EB8101064AA3408032603075
:1033600080E80E0030BD0000085402580058025892
:10337000F0FBFDBF0008024010B50279531E072B79
:103380002DD8174C0168A1421BD0154C1434A14212
:1033900017D0134C2834A14213D0114C3C34A14215
:1033A0000FD00F4C5034A1420BD00D4C6434A142CD
:1033B00007D00B4C7834A14203D0094C8C34A14285
:1033C00003D10849074C443102E00749064C443117
:1033D00004EB8202C0E91B2101219940416710BD25
:1033E00008540258FC580258FC08024010B5836982
:1033F0004FF0C074826A0146002053B1B3F5005FFC
:1034000015D072B1012A0CD0022A0AD0032A09D1A0
:1034100004E01AB1012A06D0022A03D1C96AC901FF
:1034200000D5012010BDC96AA142FAD010BD002A02
:10343000F7D0012AF2D0022AF3D0032AF3D010BD2C
:103440002DE9F04F804E804FDFF8FC911836DFF801
:10345000F8A148370468856D0AF1300ADFF8ECB14D
:103460004C45DFF8ECC1DFF8ECE16DD0B4426BD035
:10347000544569D0BC4267D0DFF8D081A8F1180864
:10348000444561D05C455FD064455DD074455BD0F8
:10349000DFF8C481444557D0DFF8BC8108F1180833
:1034A000444551D0DFF8B08108F1300844454BD095
:1034B000DFF8A48108F14808444545D0DFF8988139
:1034C00008F1600844453FD0DFF88C8108F17808A6
:1034D000444539D0DFF8808108F19008444533D065
:1034E000DFF8748108F1A80844452DD0DFF86C811D
:1034F000444529D0DFF8648108F11408444523D0FD
:10350000DFF8588108F1280844451DD0DFF84C81C8
:1035100008F13C08444517D0DFF8408108F1500815
:10352000444511D0DFF8348108F1640844450BD0DC
:10353000DFF8288108F17808444505D0DFF81C81C0
:1035400008F18C08444509D1D0E91948C4F8048031
:10355000C46E1CB1D0E91C48C4F8048004684C4512
:103560002ED0B4422CD054452AD0BC4228D0374E5D
:10357000183EB44224D05C4522D0644520D0744526
:103580001ED0354EB4421BD0334E1836B44217D03D
:10359000314E3036B44213D02F4E4836B4420FD09D
:1035A0002D4E6036B4420BD02B4E7836B44207D045
:1035B000294E9036B44203D0274EA836B44215D1D6
:1035C00090F85C603F2406F01F06B440AC600468CD
:1035D000256825F4802525602EE09A600068C1608A
:1035E000BDE8F08F99600068C260F9E71B4EB442F5
:1035F0001BD01A4E1436B44217D0184E2836B44297
:1036000013D0164E3C36B4420FD0144E5036B4424E
:103610000BD0124E6436B44207D0104E7836B44206
:1036200003D00E4E8C36B442DAD190F85C6001249F
:1036300006F01F06B4406C60046863608368402B2A
:103640000368CFD1C9E700001000024088000240A3
:10365000A0000240B8000240100402400854025882
:10366000704702F0E7BF10B52AF0BEFABDE810407F
:10367000012024F084BD2CF08BB872B6FEE72CF04C
:10368000A7B80000014802F049BA0000F071012417
:10369000014802F043BA0000F0710124014802F031
:1036A0003DBA000090720124014802F037BA0000D0
:1036B00090720124014802F031BA000030730124F5
:1036C000014802F02BBA000030730124F0B5036802
:1036D0004FF6FC716D4C426BD3F884508D4345EA34
:1036E0008205C3F88450036853F8845F068F25F47D
:1036F0007F0545EA06451D60836B654D9F1802688E
:10370000D2F888308B4343EA8703C2F888300268D6
:1037100052F8883F868F23F4FE0343EA0643136082
:10372000066856F8A03FC26B8B4307EB420243EAA0
:1037300082033360076857F8A03FB0F8406023F475
:10374000FE0343EA06433B60D0E9103603FB062242
:103750000368D3F8B0608E4346EA8206C3F8B060CF
:103760000368B0F84860D3F8B07027F4FE0747EA62
:103770000646C3F8B060D0E91267036806FB07226B
:10378000D3F8AC608E4346EA8206C3F8AC60D0E959
:103790001467036806FB0722D3F8F0608E4346EAFD
:1037A0008206C3F8F0600368B0F85860D3F8F07090
:1037B00027F47C1747EA0646C3F8F0600368876D74
:1037C00053F8C06F02EB47028E4346EA820119604C
:1037D0000168B0F85C20D1F8C03023F47C1343EAD0
:1037E0000242C1F8C020016890F86020D1F8C030D2
:1037F00023F07C5343EA0262C1F8C020416B04EB22
:103800008101C166826B01EB82020267C36B02EB2E
:10381000C3024267D0E91034634302EB830282673C
:10382000D0E91234634302EB8302C267D0E9143457
:10383000634302EB8302C0F88020836D02EBC30375
:10384000C0F88430C46D826E544303EB8403C0F827
:103850008830046E544303EB8402C0F89020AA42DF
:103860000AD9D0F89C20032142F02002C0F89C2005
:1038700080F898100120F0BD002200E004C1D0F8CB
:1038800090308B42FAD80020F0BD000000AC004020
:10389000FCD30040F0B58E680C69D1E9005744EACA
:1038A0000604DFB145F080452C43866ED1E906C59C
:1038B0004F695E4391F8203045EA0C05B1F80CC021
:1038C000D0F884E0002047EA03630C4F1D430EEB61
:1038D000860345EA0C45E3E802450AE044EA8544EC
:1038E000E3E71418155C001DD4F8014045EA0424F0
:1038F00010C3CC683C5D8442F3D8F0BD08060308D1
:103900007047704770477047704700002DE9F047D7
:103910000F4690F85C109CB0044601294FF0000956
:1039200015D00026DFF8F880012084F85C00189696
:103930001996216841450ED13A4D0095284605F06B
:10394000EFFE8246206805F0EBFE60B10EE002203B
:103950001CB0BDE8F087206E84F85C6040F0200069
:1039600020660120F4E7BAF1000F09D0216E4FF074
:10397000010941F020002066484684F85C60E7E7D2
:1039800020684146884201D0A84201D1264800E083
:10399000264840F61F72D7F800C0254BBCF1000F37
:1039A00023D0D0F808C0D7F804802CF4404C4CEA5F
:1039B000080CC0F808C0D4F800C08C4501D0AC4554
:1039C00007D18968AB6801F0010103F001031943D5
:1039D00002E0996801F001010029CDD1BD68396884
:1039E000836829439343194317E0876827F44047C6
:1039F000876027688F4201D0AF4207D18968AB68E2
:103A000001F0010103F00103194302E0996801F09C
:103A100001010029B0D1816891438160ACE70000C9
:103A200000200240002102400023024000630258AF
:103A3000006002582DE9F84F4FF0000B0446FE4E8F
:103A40000D46CDF800B0DA4690F85C00FB4F012837
:103A500008D04FF0010984F85C90206805F05CFE06
:103A600018B154E20220BDE8F88F286800280FDB67
:103A70002168B1420CD0CA69030327D090FAA0F0A4
:103A8000B0FA80F000F01F0309FA03F00243CA61A4
:103A9000D5E900124FF00C0C20681F23C1F384619C
:103AA0000CEA921C02F01F02604493409140026BAA
:103AB0009A430A430263206805F02EFE8046206880
:103AC00005F026FE58EA000003D048E1C0F3846008
:103AD000D8E7AA682968206805F02EFE2068B04261
:103AE00004D1C2686969C2F3C1020BE0D44A12680A
:103AF000B9EB127F02D0C168C90605D4C2686969F2
:103B0000C2F38202520004E0C268696902F0100246
:103B1000520891402A69042A5AD02B6800EB82028D
:103B2000B04202F1600207D103F0F8401368084385
:103B300040F00040106008E0D2F800C003F0F84008
:103B400008430CF00041014311602068B0421CD1D1
:103B50002A69E96900EB8200026E22F080720A4352
:103B6000026695F8201020682A6901290AD00021F0
:103B7000B042AAD100EB8200026E22F000720A432A
:103B80000266ECE04FF00071F2E795F82120296918
:103B9000012A17D05FF0000200EB8100016E21F0D6
:103BA000004111430166297E20682A6901290CD051
:103BB0000021036902F01F02914023F4F0420A43FE
:103BC0000261CCE04FF00042E6E74FF40061F0E71D
:103BD000B04273D1002105F095FD000320684FF03D
:103BE00000016DD005F08EFD90FAA0F0B0FA80F1E2
:103BF0002868020369D090FAA0F0B0FA80F0814200
:103C000004D100222068114605F0A6FD206801219C
:103C100005F078FD000320684FF0010158D005F051
:103C200071FD90FAA0F0B0FA80F12868020354D038
:103C300090FAA0F0B0FA80F0814204D1206800220E
:103C4000012105F089FD2068022105F05BFD0003DC
:103C500020684FF0020143D005F054FD90FAA0F027
:103C6000B0FA80F1286802033FD090FAA0F0B0FAD1
:103C700080F0814204D120680022022105F06CFD11
:103C80002068032105F03EFD000320684FF003018A
:103C90002ED005F037FD90FAA0F0B0FA80F1286838
:103CA00002032AD090FAA0F0B0FA80F0814256D1F7
:103CB00020680022032105F04FFD50E020E0FFE7DF
:103CC00005F020FDC0F3846192E7C0F3846096E7BD
:103CD00005F018FDC0F38461A7E7C0F38460ABE78B
:103CE00005F010FDC0F38461BCE7C0F38460C0E759
:103CF00005F008FDC0F38461D1E7C0F38460D5E727
:103D0000016E2A7801F0F841B1EB826F03D1016EA8
:103D100021F00041016620682978426E02F0F842E5
:103D2000B2EB816F03D1416E21F000414166206802
:103D30002978826E02F0F842B2EB816F03D1816E76
:103D400021F00041816620682978C26E02F0F842B5
:103D5000B2EB816F03D1C16E21F00041C1662068D2
:103D6000816811F0010F71D1364AB042EB682968C1
:103D70000FD1D0F8B0C003F01808C1F3130322FA32
:103D800008F20A402CEA030C4CEA020CC0F8B0C05E
:103D90000EE0D0F8C0C003F01808C1F3130322FAF4
:103DA00008F20A402CEA030C4CEA020CC0F8C0C02E
:103DB0002548E96881427DD1286801031BD090FA2B
:103DC000A0F1B1FA81F1491C01F01F0109294FEA64
:103DD00000313CD8002911D090FAA0F1B1FA81F15C
:103DE00001F1010101F01F0109FA01F209D100BF3F
:103DF000C0F3846109E0C0F38461E4E7C0F3846147
:103E0000EEE790FAA0F1B1FA81F101F1010101F0C0
:103E10001F0142EA816102D1C0F3846003E090FA9D
:103E2000A0F0B0FA80F000F1010000F01F0000EBFC
:103E3000400041EA005140E0006002580021024089
:103E40000010005CFFFF0F000000FF4765E0002945
:103E50000FD000BF90FAA0F1B1FA81F101F1010198
:103E600001F01F0109FA01F206D100BFC0F384611D
:103E700006E0C0F38461F1E790FAA0F1B1FA81F1B4
:103E800001F1010101F01F0142EA816102D1C0F399
:103E9000846003E090FAA0F0B0FA80F0434A00F1A9
:103EA000010000F01F0000EB400002EB005041EA6F
:103EB000000100E005E041F00071AA68206805F00B
:103EC0003BFCD5F800C0BCF1000F26DA384B206867
:103ED0003849DFF8E490984201D0B84201D10A464F
:103EE00000E04A469268984202F0E07201D0B8427F
:103EF00009D19D68D7F8088005F0010508F0010890
:103F000045EA080502E0B56805F001054DB1216EEE
:103F10004FF0010A41F020002066504684F85CB062
:103F2000A1E5264DAC451CD115021AD4B042F4D1FE
:103F3000984202D0B84200D049468B6842F4000053
:103F400023F0E07202438A601E491D480968B1FBF4
:103F5000F0F04000801C00E0401E00900028FBD1E3
:103F6000DBE7194DAC450CD1D5010AD4B042D4D110
:103F7000984202D0B84200D049468B6842F0807027
:103F80000EE0124DAC45C8D15502C6D4B042C4D1E2
:103F9000984202D0B84200D049468B6842F4800073
:103FA00023F0E07202438A60B7E70000000020FEC1
:103FB000002002400023024000630258000052C764
:103FC000400D0300B0000124000021C3000084CB99
:103FD000114970B588421AD110490F4D80354A7881
:103FE000B2B16A7DA2B100264E7000F027F8A5F1AB
:103FF0001004C0F30B00208002F01CFBA060012124
:104000006068401C60602173BFF35F8F6E7570BD88
:104010002869401C286170BD6C9E0224EC010124BB
:104020000549884206D101F18000C168491CC16080
:1040300017F0AEBC704700006C9E02240068006C54
:10404000704700002DE9F05F044600680668456887
:10405000DFF87082DFF870B2DFF87092404501D06F
:10406000484501D1584600E09948806800F01F0794
:10407000B0070ED5A8070CD5206EC00603D4206E5D
:1040800040F4006020662046FFF73AFC21680220D9
:104090000860700701D5680703D4300737D52807B3
:1040A00035D5206EC00603D4206E40F40070206623
:1040B000206805F039FB20B32068484501D142460D
:1040C00000E00246824208D03FB1052F05D0092FFB
:1040D00003D0484503D1414602E0C16801E00146F2
:1040E000C96889040DD4016809070AD505F014FBD5
:1040F00058B3206E40F010002066606E40F0010062
:1041000060662046FFF764FF21680C200860B00657
:1041100001D5A80603D4700658D5680656D5206E7A
:10412000C00603D4206E40F4005020662068C16CA5
:1041300011F4C07F1AD000218A4605F0F5FA024634
:104140002068484514D1434613E02068416821F0B7
:104150000C014160206E20F480702066206EC00447
:10416000CFD4206E40F001002066CAE70121E3E7CA
:104170000346834208D03FB1062F05D0072F03D056
:10418000484503D1414602E0C16801E00146C968E3
:10419000BAF1000F14D08B0102D58AB18A040FD472
:1041A000026852060CD589020AD405F0B1FAE8B3C8
:1041B000206E40F010002066606E40F001006066E6
:1041C0002046FFF79EFB21686020086030060BD573
:1041D000280609D5206E40F480302066204600F085
:1041E000CDF9216880200860F0050CD5E8050AD5D6
:1041F000206E40F4003020662046FFF784FB2168E3
:104200004FF480700860B0050CD5A8050AD5206E63
:1042100040F4802020662046FFF776FB21684FF4AB
:1042200000700860F00631D5E80600E00AE02DD500
:10423000E06BE8B12068EFB3404501D0484512D1AA
:10424000584611E02068416821F060014160206E0D
:1042500020F480502066206EC005B1D4206E40F05E
:1042600001002066ACE71A48806800F4404050B175
:10427000206E40F480602066606E40F00200606650
:104280002046FFF7CDFE216810200860700517D585
:10429000680515D5216E4FF4806041F48041216698
:1042A000616E41F008016166216808602046BDE842
:1042B000F05F00E001E0FFF725BBC0688007D6E7AC
:1042C000BDE8F09F00200240002302400021024090
:1042D000006302582DE9F8434FF0000504002E4614
:1042E000009502D0206E18B108E00120BDE8F883E7
:1042F000204600F044F9656684F85C5020688168C7
:10430000C1F3407119B181688E4A11408160206803
:104310008168C1F3007181B981688B4A114041F015
:10432000805181608A4989480968B1FBF0F0401CDE
:1043300000E0401E00900028FBD120688168C1F396
:10434000007141B9216E012641F010012166616EB4
:1043500041F00101616605F0DFF9216EC90600D464
:1043600020B1206E012640F01000E0E0206E20F425
:10437000807040F00200206620688168754D11F061
:10438000010F1ED1744B754A984201D0904207D15B
:104390009968976801F0010107F00107394302E0CD
:1043A000A96801F0010161B9984201D0904201D1A0
:1043B0006B4800E06B488268616822F47C120A4313
:1043C00082602168A9421FD1637ED4E90207E26BB3
:1043D0005B033A43082805D00C280FD01C280FD0C7
:1043E00018280FD05FF0000000F00C0794F82000B0
:1043F00043EA47031A4342EA00400FE00420F3E790
:104400000820F1E71C20EFE7627E94F82030A768CF
:10441000E06B520342EA03423843104394F82020F1
:10442000012A04D1A28C504B03EB42421043A26AF2
:104430002AB1E36A02F47872024343EA0200CA68CE
:10444000A9420BD1494B1A400243CA602068626BF3
:10445000016921F040611143016103E0444B1A40BE
:104460000243CA60206805F057F90746206805F046
:104470004FF907434ED12068A946484506D1217E11
:1044800094F83820890341EA420103E0227E216B3F
:1044900041EA8231C26844F203039A430A43C2608C
:1044A00094F844000128206803D0016921F001013B
:1044B00022E048450ED1D4E9121CD4E91435026932
:1044C0002C4F41EA0C012B433A401943114341F070
:1044D000010111E0D4E91317B4F848C0DFF898805F
:1044E000636D026908EB0C4C224D394343EA0C031F
:1044F0006D1E2A401943114301612068236C026933
:1045000022F070421A4302612068484502D02046DA
:10451000FEF77AFC2069012820680BD0016B21F09E
:104520000F010163206E20F0020040F001002066C0
:104530003046DBE6E269016B521E21F00F011143A8
:10454000EFE70000C0FFFF5FC0FFFF7F400D0300EB
:10455000B000012400600258002002400021024007
:1045600000230240006302580000FEFF0740F0FFF6
:1045700003C0F0FF1FF800FC0100FFFF7047704709
:104580002DE9F0415B4D044600685B4FA84201D025
:10459000B84201D1594900E05949896801F01F0624
:1045A00005F0BAF818B102221046BDE8F08194F87F
:1045B0005C0001280CD0012084F85C002046FEF746
:1045C0003FFD02004FF0000104D084F85C10EBE7DF
:1045D0000220EAE7236E40F6016C206823EA0C0310
:1045E000B84243F48073236601D12B4600E00346B2
:1045F000834200D01EB9236E23F480132366236EFA
:10460000DB0404D5636E23F00603636600E0616695
:104610001C23036084F85C102068416821F01C01B1
:104620004160606908282068416802D041F00401B7
:1046300001E041F008014160E06B20B92068416869
:1046400041F0100141602068B84201D1294600E0E4
:104650000146814220D0FEB1052E1DD0092E1BD06F
:10466000216EB84241F48011216600D00546E96808
:10467000890199D5216E636921F40051082B41F419
:104680008051216641682BD021F0400141602068B3
:10469000416841F020012AE0C168890119D5236EE3
:1046A000616923F40053082943F480532366416869
:1046B00007D021F0400141602068416841F02001AD
:1046C00006E021F0200141602068416841F040018E
:1046D000416020680B4B81681940091D816063E7C8
:1046E00021F0200141602068416841F040014160B3
:1046F0005AE700000020024000210240002302404F
:1047000000630258C0FFFF7F10B5044690F85C00BC
:10471000012808D0012084F85C0003212046FEF720
:10472000E5FB10B110E0022010BD2068416821F0C7
:104730001C0141602046FEF74BFC28B9216E21F494
:10474000885141F001012166002184F85C1010BD00
:104750002DE9F05F28B190F83510022904D08021AE
:1047600041650120BDE8F09F904C904B0168183CDA
:1047700018338E4ADFF83C92A1428D4CDFF838E2C4
:104780008E4FDFF83CB2DFF83CA28F4D8F4E31D018
:1047900091422FD099422DD0A1422BD0494529D00A
:1047A000714527D0B94225D0DFF810C20CF1180CA2
:1047B00061451FD0DFF808C2ACF1600C614519D02B
:1047C000DFF8FCC1ACF1480C614513D0DFF8F0C153
:1047D000ACF1300C61450DD0DFF8E4C1ACF1180C40
:1047E000614507D0594505D0514503D0A94201D0B4
:1047F000B1422CD1DFF8B4C14FF0040880F8358005
:10480000ACF1180C61451DD091421BD0994219D0D2
:10481000A14217D0494515D0714513D0B94211D0E6
:104820006648183081420DD065486038814209D011
:1048300063484838814205D061483038814201D010
:104840005F481838086820F001000860ABE0D1F834
:1048500000C02CF00E08DFF854C1C1F80080ACF1A4
:10486000180C0168614527D0914225D0994223D088
:10487000A14221D049451FD071451DD0B9421BD05E
:10488000DFF838C10CF1180C614515D0DFF830C1E4
:10489000ACF1600C61450FD0DFF824C1ACF1480CDD
:1048A000614509D0DFF818C1ACF1300C614503D087
:1048B000DFF80CC1ACF1180CD1F800C02CF0010CE1
:1048C000C1F800C0DFF8E4804FF0010C0168A8F1E6
:1048D0001808414546D0914244D0994242D0A14265
:1048E00040D049453ED071453CD0B9423AD0334AD8
:1048F0001832914236D0324A603A914232D0304A30
:10490000483A91422ED02E4A303A91422AD02C4A2F
:10491000183A914226D0594524D0514522D0A94277
:1049200020D0B1421ED02A4A91421BD0284A1432CC
:10493000914217D0264A2832914213D0244A3C3261
:1049400091420FD0224A503291420BD0204A643219
:10495000914207D01E4A7832914203D01C4A8C32D1
:10496000914218D1016E0A6822F480720A6090F8B0
:104970005C20816D02F01F020CFA02F24A60D0E95D
:1049800019124A60C16E31B10A6822F480720A605D
:10499000D0E91C124A600022016D80F835C080F811
:1049A000342001B188470020DCE6000028000240E6
:1049B000580002407000024088000240A0000240FF
:1049C0007004024088040240A0040240B80402407F
:1049D00008540258406D70472DE9FC5F0446F74EBD
:1049E0000020DFF8D88300904FF41652F44808F105
:1049F0001808A56DDFF8C493DFF8C0A3016809F1BA
:104A0000300920680AF1480AB1FBF2F1B042019185
:104A10002F68D5F800C0DFF8ACB335D041468842E6
:104A200032D0484530D050452ED058452CD0E5499D
:104A30001831884228D0E3493031884224D0E149F6
:104A40004831884220D0E04988421DD0DE491831E3
:104A5000884219D0DC493031884215D0DA494831D2
:104A6000884211D0DFF860E30EF1600E70450BD084
:104A7000D54A7832904207D0D34B9033984203D036
:104A8000D149A83188427DD194F85C20082102F0F8
:104A90001F0201FA02F23A424AD0B04232D04045F7
:104AA00030D048452ED050452CD058452AD0C54A44
:104AB0001832904226D0C34A3032904222D0C14AA6
:104AC000483290421ED0C04A90421BD0BE4A183293
:104AD000904217D0BC4A3032904213D0BA4A483282
:104AE00090420FD0B84A603290420BD0B64A78322A
:104AF000904207D0B44A9032904203D0B24AA832D2
:104B0000904203D1026802F0040202E0026802F05F
:104B100008026AB1026822F00402026094F85C00A4
:104B200000F01F008140A960606D40F001006065E9
:104B300094F85C00012100F01F008140394240D010
:104B40002068B04234D0404532D0484530D050453E
:104B50002ED058452CD09B4A1832904228D0994AE2
:104B60003032904224D0974A4832904220D0964A20
:104B700090421DD0944A1832904219D0924A303255
:104B8000904200E0AFE113D08F4A483290420FD0FC
:104B90008D4A603290420BD08B4A7832904207D0D7
:104BA000894A9032904203D0874AA83290427DD100
:104BB000406910F0800F04D0A960606D40F00200E1
:104BC000606594F85C00042100F01F0081403942C8
:104BD0003ED02068B04232D0404530D048452ED03B
:104BE00050452CD058452AD0764A1832904226D0CB
:104BF000744A3032904222D0724A483290421ED0DB
:104C0000714A90421BD0704A1832904217D06E4AB7
:104C10003032904213D06C4A483290420FD06A4AE8
:104C2000603290420BD0684A7832904207D0664A90
:104C30009032904203D0644AA83290424ED100682C
:104C400010F0020F04D0A960606D40F004006065B0
:104C500094F85C00102100F01F008140394258D0C8
:104C60002068B04234D0404532D0484530D050451D
:104C70002ED058452CD0534A1832904228D0514A51
:104C80003032904224D04F4A4832904220D04E4A8F
:104C900090421DD04C4A1832904219D04A4A3032C4
:104CA000904215D0484A4832904200E014E00FD0BC
:104CB000454A603290420BD0434A7832904207D046
:104CC000414A9032904203D03F4AA832904207D1E5
:104CD000006800F0080006E0006872E70068B7E7C7
:104CE000006800F00400A0B1A960206801684903D1
:104CF00004D50068000308D5A16C07E00168C90568
:104D000003D4016821F008010160216C09B120463B
:104D1000884794F85C00202100F01F008140394250
:104D200079D02068B04232D0404530D048452ED0AE
:104D300050452CD058452AD0224A1832904226D0CD
:104D4000204A3032904222D01E4A483290421ED031
:104D50001D4A90421BD01C4A1832904217D01A4A62
:104D60003032904213D0184A483290420FD0164A3F
:104D7000603290420BD0144A7832904207D0124AE7
:104D80009032904203D0104AA832904203D100687A
:104D900000F0100002E0006800F00200B0B3A9606B
:104DA00094F835000428206801680FD049037ED5A7
:104DB000006800032BD4616C2AE000001000024060
:104DC000B0000124700002401004024021F01601DE
:104DD00001602068416921F080014161206C08B9BF
:104DE000A06C20B12068016821F00801016094F8EE
:104DF0005C303F21012003F01F0300229940A9608D
:104E000084F8350084F83420216D65E003E0E16B1F
:104E100009B120468847606D00287DD0606DC007CD
:104E200059D02068042184F83510B0422BD0404579
:104E300029D0484527D0504525D0584523D09D49F5
:104E4000884220D09B49183188421CD09949303182
:104E5000884218D09849884215D09749183188421D
:104E600011D09549303188420DD09349483188425C
:104E700009D091496031884205D08F497831884204
:104E800001D08D499031016821F001010160206855
:104E90000099019A491C0091914202D80168C90702
:104EA000F6D10068C00710D003200FE0FFE70168CB
:104EB000C905ACD403680121002223F0100303606C
:104EC00084F8351084F83420A1E7012084F83500F7
:104ED000002084F83400E16C00291DD002B0204687
:104EE000BDE8F05F0847754988421DD07349143109
:104EF000884219D071492831884215D06F493C3118
:104F0000884211D06D49503188420DD06B496431CF
:104F1000884209D0694900E084E07831884203D0B2
:104F200066498C3188427DD194F85C800427016801
:104F300008F01F0807FA08F717EA0C0F009746D089
:104F40004F0744D500980F04686003D5C8033CD4CC
:104F5000A16CC1E7880638D42068B0422DD05549ED
:104F60006039884229D0484527D0504525D058453A
:104F700023D05049884220D04E49183188421CD055
:104F80004C493031884218D04B49884215D04A49A3
:104F90001831884211D04849303188420DD04649F5
:104FA0004831884209D0704507D0904205D09842D8
:104FB00003D04149A831884203D1016821F008019A
:104FC00002E0016821F004010160216C84E70227FE
:104FD00007FA08F717EA0C0F00974ED08F074CD549
:104FE00000980F04686003D5C80344D4616C73E76C
:104FF000880640D42068B0422FD02E4960398842BC
:105000002BD0484529D0504527D0584525D029498F
:10501000884222D02749183188421ED02549303194
:10502000884200E044E018D02349884215D0224944
:105030001831884211D02049303188420DD01E49A4
:105040004831884209D0704507D0904205D0984237
:1050500003D01949A831884203D1016821F0140115
:1050600002E0016821F00A010160012184F8351095
:10507000002084F83400E16B2EE7082202FA08F2DF
:1050800012EA0C0F14D0090712D5016821F00E01A5
:10509000016094F85C100120002201F01F0100FA69
:1050A00001F16960606584F8350084F8342012E706
:1050B000BDE8FC9F880002401004024008540258DA
:1050C0002DE9F05F044601F0B5FA002C07467DD0CB
:1050D000E24E022120684FF00308DFF884934FF07E
:1050E0000005DFF880A3B042DFF87CB334D0DB4AA0
:1050F0001832904230D048452ED050452CD05845DB
:105100002AD0D94A1832904226D0D74A303290421B
:1051100022D0D54A483290421ED0D44A90421BD069
:10512000D24A1832904217D0D04A3032904213D02F
:10513000CE4A483290420FD0CC4A603290420BD0D7
:10514000CA4A7832904207D0C84A9032904203D07F
:10515000C64AA83290427DD184F83510B04284F816
:1051600034502ED0BD49183188422AD0484528D025
:10517000504526D0584524D0BB491831884220D00C
:10518000B949303188421CD0B7494831884218D0DB
:10519000B649884215D0B5491831884211D0B34973
:1051A000303188420DD0B1494831884209D0AF49E9
:1051B0006031884205D0AD497831884201D0AB4991
:1051C0009031016821F00101016008E025E100BF94
:1051D00001F030FAC01B052801D920211AE120680E
:1051E0000068C007F4D1D4E90203216810341843E1
:1051F0008E4694E88410D4E9033809683A43104392
:105200009B4A40EA0C00676918431140103C40EA91
:105210000800042F40EA010003D1D4E90B12114326
:1052200008436168A1F12902052A0BD9163A032A1D
:1052300008D9083A012A05D9083A032A02D974394B
:10524000032901D840F48010CEF800002068676A76
:10525000406900E020E0042F20F0070047EA000743
:105260000DD1D4E90A01074349B12046FEF7BEF843
:1052700028B140206065012184F83510CDE0206818
:1052800047612046FDF7D0FF94F85C203F2102F0F3
:105290001F029140816055E0764A90421BD0754BC9
:1052A0001433984217D0734B2833984213D0714B64
:1052B0003C3398420FD06F4B503398420BD06D4B1C
:1052C0006433984207D06B4B7833984203D0694BD4
:1052D0008C3398427ED184F8351084F83450664B74
:1052E0000168A26801EA030E402A74D0802A73D0B4
:1052F0005FF00002D4E90378D4E9053142EAD7022D
:1053000042EAD8085B4AD4E9077C48EAD30848EA6D
:10531000D10141EAD701524241EA1C11142341EA6A
:105320000E01016020681044B0FBF3F08000E065DE
:105330002046FDF779FF94F85C20012102F01F025E
:10534000914041602068B04257D0444918318842AA
:1053500053D0484551D050454FD058454DD0424983
:105360001831884249D040493031884245D03E49C1
:105370004831884241D03D4988423ED03B491831AE
:1053800088423AD039493031884236D0374948319D
:10539000884232D03549603188422ED03349783145
:1053A00088422AD031499031884226D02F49A831ED
:1053B000884222D02F4988421FD02E49143188427A
:1053C0001BD02C492831884217D02A493C318842C9
:1053D00013D002E01DE017E018E026495031884262
:1053E0000BD024496431884207D022497831884261
:1053F00003D020498C31884229D12046FDF76EFF29
:10540000A06880280CD00CE0102273E74FF4804293
:1054100070E74021616584F835800120BDE8F09F88
:105420006560216E20790860D4E9190141606068E7
:10543000401E072808D82046FDF79EFFE06E056055
:10544000D4E91C01416002E0E5662567656701203B
:10545000656584F835000020E0E700001000024098
:105460004000024058000240700002401004024018
:105470003F8010FE085402580F00FEFF2DE9F84F40
:1054800004008C464FF00000009014D094F83400D3
:10549000012812D094F835500120002184F83400FE
:1054A000012D0CD0C00260650120009084F83410FA
:1054B0000098BDE8F88F0120FBE70220F9E78C4D4A
:1054C0000226206884F83560A8428A4D61658A4EBC
:1054D0008A4FDFF82C82DFF82C92DFF82CA2DFF85D
:1054E0002CB226D0A84224D0B04222D0B84220D03C
:1054F00040451ED048451CD050451AD0584518D0BC
:105500008349884215D082491831884211D0804998
:10551000303188420DD07E494831884209D07C49DB
:105520006031884205D07A497831884201D0784983
:105530009031016821F00101016061462046FDF7CC
:105540007FFF6B49206888422CD0A8422AD0B04205
:1055500028D0B84226D0404524D0484522D05045D6
:1055600020D058451ED06A4A90421BD0684A183253
:10557000904217D0664A3032904213D0644A483283
:1055800090420FD0624A603290420BD0604A78322B
:10559000904207D05E4A9032904203D05C4AA832D3
:1055A00090420CD1026822F01E0242F01602026004
:1055B000206C88B12068026842F008020BE00268A3
:1055C00022F00E0242F00A020260206C20B1206834
:1055D000026842F004020260206888424BD0A84270
:1055E00049D0B04247D0B84245D0404543D0484565
:1055F00041D050453FD058453DD0454A90423AD0E1
:10560000434A1832904236D0414A3032904232D02A
:105610003F4A483290422ED03D4A603290422AD0D2
:105620003B4A7832904226D0394A9032904222D07A
:10563000374AA83290421ED0364A90421BD0354A93
:105640001432904217D0334A2832904213D0314A54
:105650003C3290420FD02F4A503290420BD02D4A0C
:105660006432904207D02B4A7832904203D0294AC4
:105670008C3290420DD1206E0268D20303D50268AD
:1056800042F480720260E06E18B1026842F48072E7
:1056900002602068884226D0A84224D0B04222D09E
:1056A000B84220D040451ED048451CD050451AD0A5
:1056B000584518D01649884215D0154918318842E6
:1056C00011D01349303188420DD0114948318842F8
:1056D00009D00F496031884205D00D4978318842A0
:1056E00001D00B499031016841F001010160DFE612
:1056F00010000240280002404000024058000240D2
:105700007000024088000240A0000240B800024041
:10571000100402400854025870B5044600F08AFF95
:105720000546601C02D004480078044400F082FF63
:10573000401BA042FAD370BDA400012410B590F81C
:105740009830012B09D0022B07D0D0F89C1041F0E3
:105750000201C0F89C10012010BD03689C6D0C4232
:1057600003D1DC6D44F0010404E09C6D31EA0404D3
:105770001FD00324DC658B0505D50368D3F8E04012
:105780001443C3F8E0404B0505D50368D3F8E44063
:105790001443C3F8E4400068084A01EA0203446D78
:1057A000074A1C434465106840EA9170106000206D
:1057B00010BDDC6D44F00204DCE70000FFFFCF3FCA
:1057C00014A8004070B5044690F89800022804D050
:1057D000D4F89C0040F008000DE02068D0F8C030FC
:1057E00013F07C5F0BD0D0F8C4309B020CD5D4F8FA
:1057F0009C0040F40070C4F89C00012070BDD4F8F7
:105800009C0040F02000F6E7D0F8C400C0F3044547
:1058100020462B46FEF73EF821680120A840C1F83B
:10582000D000C4F89400002070BD704790F8983004
:10583000012B07D0D0F89C1041F00401C0F89C1057
:105840000120704761B10068012913D0D0F8B01071
:1058500021F0FE4141EA0261C0F8B010002070471B
:105860000068D0F8F01021F07C5141EA0261C0F8E4
:10587000F010F3E7D0F8A01021F0FE4141EA0261F8
:10588000C0F8A010EAE770B590F89820012A09D076
:10589000022A07D0D0F89C1041F00201C0F89C10F9
:1058A000012070BD0B68CA6883B10B69072A43EAFF
:1058B000427325D00C7A4A6942EA84724968006FC3
:1058C00000EBC100C0E90032002070BD072A0DD0F6
:1058D0000C7AD6060D8A4B6943EA847246EA054380
:1058E000C06E49681A4340F82120EDE70B8A4FF05B
:1058F0006055D1E9062442EA034245EA0423EFE772
:105900008A69DBE730B590F89850039C012D07D0E9
:10591000D0F89C1041F00401C0F89C10012030BD6B
:105920000D01016845EA820040EA43002043C1F8C6
:105930008000002030BD7047084A10B590420BD15E
:10594000880109D506480EF0A0FC0648002180F821
:105950004C104169491C416110BD0000F0710124E7
:10596000C0090224A05F02240068402905D0D0F8B5
:10597000B40000BF00F07F007047D0F8A400F9E742
:10598000F0B590F898500024022D04D0D0F89C1067
:1059900041F0080129E0402905D0412929D0056DB1
:1059A0008D4219D942E00568D5F8A06016F4FE0FC3
:1059B00012D0D5F8A460760613D0D5F8A460F6010D
:1059C00005D5D5F8A06016F0004F00D50124D5F814
:1059D000A470466F456C24E0D0F89C1041F0200183
:1059E00003E0D0F89C1041F48071C0F89C100120B5
:1059F000F0BD0568D5F8B06016F4FE0FECD0D5F810
:105A0000B4607606EDD0D5F8B460F60105D5D5F8CA
:105A1000B06016F0004F00D50124D5F8B470866F41
:105A2000C56CC7F305273C44654302E0456DC66F6E
:105A30004D4306EB85052E6816F0804656602E68AD
:105A400036D026F060461660D5F800C000262E4FEE
:105A50000CF0005CC2F808C0D5F800C00CF0004C97
:105A6000C2F810C0B5F804C01FFA8CFCC2F81CC004
:105A7000D5F804C0CCF3034CC2F80CC0D5F804C070
:105A80000CF4801CC2F814C0D5F804C00CF4001C3F
:105A9000C2F818C0D5F804C0CCF3066CC2F820C018
:105AA000D5F804C008354FEADC7CC2F824C008E011
:105AB000C6F38A46C7E700BF15F806C003F806C05C
:105AC000761CD2F80CC017F80CC0B445F4D84029A5
:105AD0000AD041290CD020294FF001020CD20068D5
:105AE0008A40C0F898200DE00068C0F8A84009E09E
:105AF0000068C0F8B84005E0006801F01F018A4066
:105B0000C0F89C200020F0BD080603080068D0F80B
:105B1000C40000F03F007047704700002DE9FF5FB0
:105B2000DFF80CB304460BF10401DBF80000256834
:105B30000F68AA468007D5F85090696DD5F8508057
:105B40006E6D2A6DD5F854C02B6D00EA87700090F9
:105B500009F470496F6D286D01EA09010191DAF8C5
:105B60005410DAF85490DAF8505008F00F0806EAAA
:105B70000806029602F0F00203F071536FEA09067C
:105B80001F4000F060700CEA020CCDF80CC0F2056A
:105B900001EA00090CD4E843C00509D400214FF400
:105BA0008073CAF85030CBF800102046FFF7B4FFDE
:105BB000700512D4E84340050FD4206800234FF449
:105BC0008068D0F8DC20D0F8E410C0F85080CBF822
:105BD00000301140204600F014FCDFF858A2009875
:105BE00050B12268830F00EA0A001065CBF800303C
:105BF00020460099FFF719FE019850B12268830FE3
:105C000000EA0A001065CBF800302046019900F048
:105C1000FAFB029850B12268830F00EA0A0010656F
:105C2000CBF800302046029900F012FB039850B1E7
:105C30002268830F00EA0A001065CBF80030204686
:105C4000039900F07FFB30050CD4E843000509D42C
:105C5000236800204FF400621A65CBF8000020464C
:105C600000F0D2FBB00512D4E84380050FD42068C1
:105C700000234FF40078D0F8D820D0F8E010C0F816
:105C80005080CBF800301140204600F0BBFB3003C1
:105C90000CD4E843000309D4236800204FF4002209
:105CA0001A65CBF80000204600F0D0FAF0030CD4BF
:105CB000E843C00309D4236800204FF480321A65FA
:105CC000CBF80000204600F09BFB70030CD4E843A7
:105CD000400309D4226800204FF480231365CBF8D9
:105CE0000000204600F08BFBB0030FD4E843800394
:105CF0000CD4236800204FF400321A65CBF8000062
:105D0000D4F89C0040F08000C4F89C00B9F1000F6A
:105D10000BD022684FEA997309EA0A001065CBF8A4
:105D2000003049462046FFF707FE5FB12268BB0FEF
:105D300007EA0A001065CBF80030D4F89C0038431D
:105D4000C4F89C003C492068884268D1606881465C
:105D50008068800763D0D9F82060D9F82410D9F87A
:105D60002080D9F82400D9F820C0D9F82470D9F8B7
:105D70002030D9F82450D9F8202003F4FC4306F051
:105D80000F0AD9F824601D40D9F824B008F0300873
:105D90000CF4C07C02F4F02211EA0A0100EA0808BF
:105DA00007EA0C0706EA0206D9F820A004D0C9F8D1
:105DB0002010204600F020FBB8F1000005D06168FB
:105DC00008624146204600F019FB6FEA0B004006CE
:105DD0000ED46FEA0A0040060AD460684021C36B03
:105DE000C26B01622046190C02F03F0200F005FB75
:105DF0002FB1606807623946204600F0FCFA35B1E1
:105E000060680562D4F89C002843C4F89C0036B151
:105E100060680662D4F89C003043C4F89C00D4F853
:105E20009C00002802D02046FFF785FDBDE8FF9FBB
:105E300010A80040FFFFCF3F00A000402DE9F04137
:105E400094B08D494C2204466846FAF7EFFE64B1DF
:105E50008A4D2068A84202D100F58070606094F8F5
:105E600098004FF0000820B108E0012014B0BDE810
:105E7000F081204684F8998000F002F92068816959
:105E800021F01001816100F0D5FB0327064604E0F4
:105E900000F0D0FB801B0A2811D820688069000719
:105EA000F6D42068816941F00101816100F0C2FBF4
:105EB00006460DE000F0BEFB801B0A2808D9D4F886
:105EC0009C0040F00100C4F89C0084F89870CCE776
:105ED00020688069C007EDD02068816941F0020127
:105EE0008161207C01282068816937D041F0400120
:105EF0008161607C01282068816932D021F4804171
:105F00008161A07C0128206881692DD041F48051F5
:105F100081612068A268816921F440711143816127
:105F20002068816921F0A40181612068016921F064
:105F300010010161E068012819D010B302281BD0BC
:105F40002068816941F0800181612068016941F028
:105F500010010161E06803280ED012E021F0400139
:105F6000C6E741F48041CBE721F48051D0E72068B7
:105F7000816941F0040103E02068816941F020015A
:105F80008161207E6FF0FF02D4E90773A68A1102B7
:105F9000400602EB0727A0F10070384327685B1E1C
:105FA000184301EB06463043F861A068B0F5407F26
:105FB00011D104F12800A68C6FF00F0C89C801EBF9
:105FC0000641401E02EB0322104322680CEB07132C
:105FD00018430843D060206E30B12068626ED0F85C
:105FE000C0101143C0F8C010D4E917126846D1425E
:105FF00009D02168A36E51F8C82F50F8233022F041
:1060000007021A430A60216C49B12168626C51F899
:10601000BC3F50F8226023F0070232430A60A16CB3
:1060200051B12168E36C51F8BC2F50F8233022F0B5
:10603000700242EA03120A60216D51B12168626D5B
:1060400051F8BC3F50F8220023F4E06242EA0020FD
:1060500008602068A84204D16068816821F00301CB
:106060008160C4F894800121C4F89C8084F8981061
:106070002046FDF72BFBF9E61806030800A00040B8
:106080002DE9F047B4B0814614212EA8FAF72AFE74
:10609000B8216846FAF726FE664C0026D9F80000BB
:1060A0004FF08051644A0C3C614F4FF00208614D43
:1060B0009042DFF888A14FF0090938D100201B91E8
:1060C0004A13CDE90020684601F068FC08B1FDF7ED
:1060D000D4FA3868401C3860012807D1286840F499
:1060E00080702860286800F480703390206840F049
:1060F00008002060206803222E922EA900F00800DC
:10610000CDE92F863196CDE93290504600F07EF9E8
:1061100000220521132000F05BFB132000F04AFB56
:1061200000220521152000F053FB15203BE0444AD6
:1061300090423DD100201B914FF40042CDE9002058
:10614000684601F02BFC08B1FDF797FA3868401C4F
:106150003860012807D1286840F4807028602868DA
:1061600000F480703390206840F0020020602068C6
:1061700060222E922EA900F00200CDE92F863196E2
:10618000CDE932902F4800F041F90022052114207A
:1061900000F01EFB142000F00DFB0022052116204C
:1061A00000F016FB162000F005FB34B0BDE8F087C8
:1061B000254A9042F9D100201B914FF40042CDE9CD
:1061C0000020684601F0EAFB08B1FDF756FA38688E
:1061D000401C3860012807D1286840F4807028608E
:1061E000286800F480703390206840F00800206038
:1061F00020684FF440512E91052200F00800CDE9AF
:106200002F862EA93196CDE93220504600F0FEF8B7
:10621000002205219F2000F0DBFA9F2000F0CAFA3F
:1062200000220521A02000F0D3FAA020BBE7000047
:106230002C000124EC44025800A00040000C02583D
:1062400000A400400004025800D400407047000041
:106250002DE9F04F374A97B082464FF00007904241
:1062600064D1C80762D00026334DB1464EE02821E4
:1062700004A8FAF737FD402150460EABCDF8389010
:1062800004AACDF83C90FFF77BFB18B16868401C6E
:10629000686041E0059830BB069820BB0A9810BBA7
:1062A000099800BB0498B0F5006F1CD2DDF81C8083
:1062B00000240DF1480B204601A928F0FBF870B12D
:1062C000019941450BD18BF800400EAA04989DF826
:1062D000483081B213A80DF0AEFF20B907E0641C6E
:1062E000E4B2082CE7D96868401C68600AE01348EB
:1062F00013A90DF0FDFF18B1A868401CA86001E0CB
:106300007F1CFFB2761CF6B2202E05D240215046EB
:10631000FFF72AFB0028AAD1002F07D00848006801
:10632000002803D017B0BDE8F04F004717B0BDE814
:10633000F08F0000F0710124A05F0224C009022444
:10634000D0000124704790F89810012907D0D0F8A8
:106350009C1041F00401C0F89C10012070470221FC
:1063600080F89810002201688B6923F001038B618B
:10637000C0F89C201046704710B590F89810002285
:10638000022906D0D0F89C1041F00801C0F89C10FA
:1063900012E0016803238C6944F001048C610168F8
:1063A0000DE0322A0AD900BFD0F89C1041F001015B
:1063B000C0F89C1080F89830012010BD521C8C69E8
:1063C000E407EED08C69002224F010048C6101688F
:1063D00002E0322AE8D8521C8C692407F9D48C696F
:1063E0000023012244F002048C61C0F8943080F84C
:1063F0009820184610BD7047704770477047704727
:106400007047704770477047704700002DE9F84F9C
:1064100003247A4D00234FF001094FF0B04B4FF0A9
:106420000F0AE4E009FA03F6324078D00F7907F05A
:106430000307012F01D0022F1AD187684FEA430EBC
:10644000D1F80CC004FA0EF827EA08070CFA0EFC83
:106450004CEA070CC0F808C0476891F804C0B7437D
:10646000CCF3001C0CFA03FC4CEA070CC0F804C087
:106470000E79F643B6070BD0C6684FEA43088F681B
:1064800004FA08FC26EA0C0607FA08F73743C76047
:106490000E7906F00306022E12D1DE080F694FEACC
:1064A000437C00EB8606B646366A4FEADC6C0AFA95
:1064B0000CF807FA0CF726EA08063743CEF82070E6
:1064C0000F7906684FEA430807F0030704FA08FC4F
:1064D00007FA08F726EA0C06374307604E6816F4F9
:1064E000403F1CD0464E376847F002073760366899
:1064F0009F0706F00206009623F0030606F1B04659
:10650000B6463F0FD6F80864DFF8F8800AFA07FCB1
:10651000404526EA0C0603D14FF0000C3AE065E056
:10652000DFF8E4C0604502D14FF0010C32E0DFF843
:10653000DCC0604502D14FF0020C2BE0DFF8D0C088
:10654000604502D14FF0030C24E0DFF8C8C060457D
:1065500002D14FF0040C1DE0DFF8BCC0604502D151
:106560004FF0050C16E0DFF8B4C0604502D14FF0E3
:10657000060C0FE0DFF8A8C0604502D14FF0070C11
:1065800008E0DFF8A0C0604502D14FF0090C01E03F
:106590004FF00A0C0CFA07FC4CEA060CCEF808C4C3
:1065A0004F68DBF80060FF0226EA020600D51643BA
:1065B0005F46CBF80060D1F804C0DBF804605FEA06
:1065C0008C2C26EA020600D516437E606E684F6862
:1065D00026EA0206BF0300D516436E602E684F6898
:1065E00026EA0206FF0300D516432E605B1C0A68EC
:1065F00032FA03F67FF416AFBDE8F88F800000583A
:10660000F4440258000002580004025800080258DE
:10661000000C0258001002580014025800180258CA
:10662000001C0258002402580AB181617047090415
:10663000FBE700000148806870470000A4000124C7
:10664000014800687047000000E8F11F0148006839
:106650007047000004E8F11F01480068704700001F
:1066600008E8F11F02488168027811448160704790
:10667000A4000124032010B500F0CAF801F0CEFFF9
:106680000F4A104914681368C4F3032203F00F0380
:106690008A5CC95C02F01F0201F01F01D0400A4A67
:1066A00020FA01F11160094908600F2000F010F88C
:1066B00008B1012010BD00F04DF8002010BD000011
:1066C0001844025864060308B4000124B0000124F1
:1066D00010B5102804468AB02AD200220146A12013
:1066E00000F076F8A12000F065F815480460154820
:1066F000016841F080710160006808A900F08070B5
:106700000990684601F016FF01F076FF0E4940003F
:1067100000220E4CB0FBF1F10D4840F2E73304606B
:10672000C0E90332491EC0E9011202F098FE10B11F
:1067300001200AB010BD064802F0C4FEF9E70000CF
:10674000A8000124EC44025840420F0000E0004041
:10675000D0730124074882B0016841F00201016052
:10676000006800220F2100F002000090901E02B08D
:1067700000F02EB8F4440258002809DB410900F06B
:106780001F028900012001F1E0219040C1F8800240
:10679000704700280DDB410900F01F02890001202D
:1067A00001F1E0219040C1F88001BFF34F8FBFF3AA
:1067B0006F8F7047002809DB410900F01F02890034
:1067C000012001F1E0219040C1F800017047000074
:1067D0000E4BF0B41B680D46C3F30223C3F107064A
:1067E000042E00D90426191D072901D2002300E038
:1067F000DB1E012404FA06F19C40491E2940641E58
:10680000994014402143F0BC05F071BE0CED00E04E
:10681000064900F0070210B54FF6FF040868044B64
:10682000204040EA02201843086010BD0CED00E053
:106830000000FA0501680123C0F8D834002280F86E
:10684000CC248869044A40F000608861486D104398
:106850004865002070470000030000107047006882
:10686000416200207047F0B503685D6A39B19F6AE4
:106870004C1E00204FF4827605EB17450BE045EAED
:106880000240986210E0471C06EB800053F800C0FD
:10689000F8B205EB1C45A042F5D34FF4807000EB35
:1068A000810045EA02421A500020F0BDD0F8E00411
:1068B00004F003BD01EBC10200EB8202D0F8E0045A
:1068C000126A04F056BC01EBC10200EB8202D0F860
:1068D000E004D2F8602204F0A8BCD0F8E00404F090
:1068E000EEBC0A0601F00F0101EBC10100EB8101D2
:1068F00001D5143101E001F51571006805F0D8BB30
:1069000001F00F020B0670B502EBC20104464FF016
:1069100001004FF0000504EB810102D548751431E8
:1069200003E081F8555201F515710A7094F894242A
:10693000012A08D084F89404206805F0DBF80020D0
:1069400084F8945470BD022070BD70B5027904467D
:1069500001F00F00904201D9012070BD01F00F023B
:106960004FF000050B0602EBC2014FF0010204EBF1
:10697000810102D54A75143103E081F8555201F5C1
:1069800015718D70087094F89404012808D084F86B
:106990009424206805F018FA002084F8945470BDFF
:1069A000022070BD01F00F0101EBC10100EB81007D
:1069B000D0F8680270472DE9F04101F00F06044657
:1069C0000D064FF0010006EBC6014FF0000504EB89
:1069D000810102D54875143103E081F8555201F563
:1069E00015714F788A600B710E7007B14E83022BC0
:1069F00000D14D7194F89424012A09D084F89404AC
:106A0000206804F0BFFF284684F89454BDE8F08164
:106A10000220FBE770B501F00F05002405EBC5016E
:106A200000EB810101F5187181E81C0001F80B4CA5
:106A300001F80C5D8379012B00D1CA61827900686D
:106A400005F01AFA002070BD70B50D4601790446B4
:106A500005F00F00884201D9012070BD29064FF0D2
:106A600000064FF0010206D500EBC00104EB8101E6
:106A70004A75143107E005EBC50104EB810181F88B
:106A8000556201F515718A70087094F89404012814
:106A900007D084F89424206805F0C2F9280702D0B2
:106AA00007E0022070BDA17904F29C42206805F045
:106AB0005FF9002084F8946470BD70B501F00F0494
:106AC000002504EBC401012600EB8101203181E89F
:106AD0002C0001F80B6C01F80C4D8379012B00D1CF
:106AE000CA618279006805F0C7F9002070BD000016
:106AF0002DE9FC5F05680446284605F075FB002873
:106B00007ED1206805F09CFB002879D0D5F80808D4
:106B1000C0F30D20C4F8D404206805F091FB800771
:106B200004D52068416901F002014161206805F047
:106B300087FBC10604F29C40009035D5206881692E
:106B400021F0100181612F6A07F00F01C7F3434064
:106B500001EBC101022804EB810606F5157602D08F
:106B6000062812D01BE047F6F070074217D0C7F393
:106B70000A12F1681746284605F066FB7169F0684D
:106B8000394471613844F06009E0009908222846D0
:106B900005F05AFB7069C7F30A1108447061206858
:106BA000816941F010018161206805F049FB000313
:106BB0004FF0080B4FF0000A4FF001097CD5206818
:106BC000002605F01CFB074674E0F80770D020682B
:106BD000F1B205F02DFB8046C00707D005EB46114A
:106BE000C1F8089B3146204603F038F85FEA087088
:106BF00024D505EB4611C1F808BBFA49206800E02E
:106C00003EE2026C00EB461001928A42D0F8081B6B
:106C100005D9090403D54FF40041C0F8081B2046EC
:106C200000F001FBEF490198884207D9A0790128BB
:106C300004D120680121009A05F09AF85FEAC86043
:106C400004D505EB46111020C1F8080B5FEA8870E7
:106C50001DD56869000605D5D5F8040840F48061A3
:106C6000C5F8041806EBC60004EB800090F8571234
:106C700000F51570012905D180F803A02046F1B276
:106C800000F004FA05EB46110220C1F8080B5FEA98
:106C9000886004D505EB46112020C1F8080B5FEA97
:106CA000884005D505EB46114FF40050C1F8080B9C
:106CB0007F08761C002F88D1206805F0C1FA4003B8
:106CC0006ED5206805F094FA0026074666E0F807BE
:106CD00062D02068F1B205F099FA8046C00723D04F
:106CE000D5F8342806F00F0105EB461309FA01F137
:106CF0008A43C5F83428C3F80899A07901280FD130
:106D000006EBC60004EB8000D0E9072111440162C4
:106D100036B9606A20B920680121009A05F028F888
:106D20002046F1B2FFF7C6FD5FEA087003D505EB18
:106D30004611C1F808B95FEAC86004D505EB4611F1
:106D40001020C1F808095FEA486004D505EB461138
:106D50004020C1F808095FEA887016D531462846F8
:106D600005F017FA06EBC60004EB8000C17D143075
:106D7000012905D180F803A02046F1B200F082F984
:106D800005EB46110220C1F808095FEA086003D547
:106D90003146204602F0C8FF7F08761C002F96D1AE
:106DA000206805F04DFA002811DAD5F8040820F023
:106DB0000101C5F8041894F8CC0401283BD0204602
:106DC00000F016FA2068416901F000414161206835
:106DD00005F036FA00050BD5D5F80808C00702D033
:106DE000204600F049FA2068416901F400614161E0
:106DF000206805F025FA00010AD52068416901F0F4
:106E00000061416194F8CC04E0B1204600F034FA0E
:106E1000206805F015FAC00472D5D5F8040820F0F2
:106E20000101C5F804182068102105F0B2F900210D
:106E30004FF67F322DE00021204684F8CCA4FFF7E6
:106E40000DFDBFE784F8CC942068406D0121C0F3AC
:106E50008300C4F8D0042046FFF700FDD8E700BF48
:106E600005EB4110C0F80829D0F8003923F40013CD
:106E7000C0F80039C0F8082BD0F8003B23F4001309
:106E8000C0F8003BD0F8003B43F00063C0F8003B83
:106E9000491C20798842E3D8D5F81C0840F001113C
:106EA000C5F81C18E07B68B1D5F8840840F00B01E8
:106EB000C5F88418D5F8440840F00B012846C5F8F9
:106EC00044180DE0D5F8140842F22B010843C5F828
:106ED0001408D5F8100840F00B012846C5F8101822
:106EE000D0F8000820F4FE61C5F80018A1792068E8
:106EF000009A04F03DFF2068416901F4805141612E
:106F0000206805F09DF9800415D5206804F07AFD0D
:106F1000206805F05CF9E07101F03AFBE279014686
:106F2000206805F0F1F9204600F04CF9206841692D
:106F300001F400514161206805F082F9000707D58E
:106F4000204600F059F92068416901F008014161CB
:106F5000206805F075F9000616D5A869012620F00D
:106F60008001A9610DE000BF06EBC60004EB8000C4
:106F700090F85702012803D12046F1B2FFF7B1FC87
:106F8000761C2079B042EFD8206805F059F9C0028C
:106F90001FD501264F4614E006EBC60105EB46104F
:106FA00004EB8101D0F800090A7E012A08D10028EB
:106FB00006DAF0B2CF7540F080012046FFF791FC71
:106FC000761C2079B042E7D82068416901F480112D
:106FD0004161206805F034F9800234D501204B4628
:106FE00029E000000A30544F00EBC00205EB4011CD
:106FF00004EB8202D1F8001B92F85862012E19D1DD
:10700000002917DA94F8D46401F4803106F00106FF
:10701000B1420FD182F85732A96941F08002AA61CA
:107020006969090606D4D5F8040840F40070C5F86B
:10703000040803E0401C21798142D5D820684169C9
:1070400001F400114161206805F0FAF8400007D50D
:107050002046FFF72BFC2068416901F08041416127
:10706000206805F0EDF840070AD5206845686807F4
:1070700002D52046FFF731FC206841682943416072
:10708000BDE8FC9FD0F8E00404F071B9D0F8E0044A
:1070900004F081B9F8B5040004D094F895040025F3
:1070A00010B106E00120F8BD204684F8945400F0A9
:1070B00057F8032084F89504206804F053FE207CE0
:1070C0008DF8000094E80F0004F0AAFC0226B0BB83
:1070D0002068002105F0D8F888BB002001270CE0CB
:1070E00000EBC001421C04EB81014F750D76CD61B0
:1070F0000D624D620875C885D0B221798142EFD802
:10710000002011E000EBC001421C04EB810181F87A
:10711000555281F85852C1F85C52C1F86052C1F81A
:10712000645281F85402D0B221798142EAD8207C9D
:107130008DF8000094E80F0004F05EFD10B184F8B3
:107140009564AFE7207B657484F89574012802D1BB
:107150002046FFF76FFB206804F040FD0020F8BDDB
:1071600010B5B0B00446B8216846F9F7BBFD134925
:107170002068884220D100204FF480214FF4401233
:107180002192CDE90010684600F008FC08B1FCF738
:1071900074FA00F0B3F80A48016841F00071016028
:1071A00000680022052100F000702E904D20FFF7AE
:1071B0000FFB4D20FFF7FEFA30B010BD0000044079
:1071C000D844025870B50446C079012570B1022830
:1071D00001D0FCF752FAD4F8E004294604F04AF949
:1071E000D4F8E004BDE8704004F0FEB80025F2E7F2
:1071F000D0F8E00404F027B9D0F8E00404F02DB989
:1072000010B5044690F8940401280AD00120617456
:1072100084F89404206805F066F8002084F894044B
:1072200010BD022010BDD0F8E02400F29C411046B1
:1072300004F02CB910B590F89414044600680129A4
:1072400009D0012184F89414C168490609D5617BED
:10725000012902D005E0022010BD816B41F480318C
:107260008163206804F073FF206804F0A9FC00200B
:1072700084F8940410BD000010B50446D0F8E00472
:1072800004F046F92068D0F8001E41F00101C0F872
:10729000001EE07A002804D00248016841F006018F
:1072A000016010BD10ED00E0134970B50A68D243CB
:1072B000520705D5096801F00701814213D118E092
:1072C0000A6822F0070202430A60FFF7B3F90A4D89
:1072D0004FF47A760446083D07E000BFFFF7AAF9AD
:1072E000001BB04201D9012070BD2868C043800452
:1072F000F4D4002070BD00000C4802580248016818
:1073000041F08071016070470C48025810B501F0DF
:107310003FF905490968054AC1F30211515C01F0C2
:107320001F01C84010BD0000204402586406030835
:107330004A4930B5494C0B1D0A680C3409681D6870
:10734000246802F0030305F00102C1F30511C4F340
:10735000CC04002914FB02F200EE102AF8EE400AD9
:1073600076D0414A9FED3E1ADFED3E1AB7EE000A95
:1073700023B1012B5AD0022B18D15CE0374C283CAA
:1073800023689B0612D5394B246801EE901A1168C8
:10739000C4F3C104F8EE612AE34001EE903AC1F370
:1073A0000801F8EE611A81EEA22A07E002EE101A37
:1073B0001168F8EE422A81EEA22A45E001EE901A09
:1073C0001168F8EE611A40EE811A71EE800A62EEE1
:1073D000200AC1F3462101EE101AB8EE411A31EE2F
:1073E000001AC0EE811ABCEEE11A80ED001A116895
:1073F000C1F3064101EE101AB8EE411A31EE001A3F
:10740000C0EE811ABCEEE11A80ED011A1168C1F3D9
:10741000066101EE101AB8EE411A31EE000A80EE54
:10742000801ABCEEC10A80ED020A30BD01EE901A4E
:10743000DFED0F2A03E001EE901ADFED0E2A11684E
:10744000F8EE611A82EEA12AC1F30801B6E7FFE760
:10745000002101604160816030BD00002844025875
:10746000000000390024744C304402580090D003CE
:107470000024744A001BB74B494930B5484C0B1DDA
:107480000A68143409681D68246802F00303C5F310
:107490000012C1F30531C4F3CC04002914FB02F23D
:1074A00000EE102AF8EE400A75D03F4A9FED3D1AD3
:1074B000B7EE000A6BB1DFED3D1A012B01D0022BB4
:1074C00064D002EE101A1168F8EE422A81EEA22A68
:1074D00021E0334C283C23689B0612D5344B2468AA
:1074E00001EE901A1168C4F3C104F8EE612AE3407A
:1074F00001EE903AC1F30801F8EE611A81EEA22A7A
:107500000BE001EE901ADFED2B2A00BFF8EE611AB6
:10751000116882EEA12AC1F3080101EE901A1168E8
:10752000F8EE611A40EE811A71EE800A62EE200ACE
:10753000C1F3462101EE101AB8EE411A31EE001ADD
:10754000C0EE811ABCEEE11A80ED001A1168C1F399
:10755000064101EE101AB8EE411A31EE001AC0EEE3
:10756000811ABCEEE11A80ED011A1168C1F30661BF
:1075700001EE101AB8EE411A31EE000A80EE801AC0
:10758000BCEEC10A80ED020A30BD04E001EE901AA3
:10759000DFED092ABAE70021016041608160F3E76D
:1075A0002844025800000039384402580024744A24
:1075B0000090D0030024744C001BB74B494930B5F0
:1075C000484C0B1D0A681C3409681D68246802F0C9
:1075D0000303C5F30022C1F30551C4F3CC04002911
:1075E00014FB02F200EE102AF8EE400A75D03F4A72
:1075F0009FED3D1AB7EE000A6BB1DFED3D1A012B8E
:1076000001D0022B64D002EE101A1168F8EE422A63
:1076100081EEA22A21E0334C283C23689B0612D538
:10762000344B246801EE901A1168C4F3C104F8EEDB
:10763000612AE34001EE903AC1F30801F8EE611AC5
:1076400081EEA22A0BE001EE901ADFED2B2A00BF9B
:10765000F8EE611A116882EEA12AC1F3080101EE69
:10766000901A1168F8EE611A40EE811A71EE800AE4
:1076700062EE200AC1F3462101EE101AB8EE411A5B
:1076800031EE001AC0EE811ABCEEE11A80ED001A4C
:107690001168C1F3064101EE101AB8EE411A31EE3D
:1076A000001AC0EE811ABCEEE11A80ED011A1168D1
:1076B000C1F3066101EE101AB8EE411A31EE000A6C
:1076C00080EE801ABCEEC10A80ED020A30BD04E0F3
:1076D00001EE901ADFED092ABAE70021016041604E
:1076E0008160F3E728440258000000394044025802
:1076F0000024744A0090D0030024744C001BB74B44
:107700002DE9F04FA14A0546DFF87CA280F4807095
:10771000DFF8809289B013119F4C08439C48AAF16E
:1077200004064FF0805C4FF0005828D0DFF858B2C4
:1077300085F480670F430BF1080B4FD085F4006789
:107740000F4360D085F480570F4372D085F4005703
:107750000F434FF480394FF4003E69D085F4002781
:107760000F4373D085F480370F4370D085F4804683
:107770000E436DD085F400420A436AD02AE0DAF85D
:10778000001001F00701052924D2DFE801F0F9AA71
:107790006A259F0006A8FFF7CBFD079809B0BDE852
:1077A000F08F6846FFF768FE0098F7E703A8FFF739
:1077B00005FF0398F2E72068C0F3C10022FA00F049
:1077C000ECE72268D2056ED561456CD11846E5E735
:1077D0004145E3D00020E1E74846DFE7DBF8001051
:1077E00001F46001B1F5800F3BD005DC00294AD0DF
:1077F000B1F5001FEED174E0B1F5C00FECD0B1F5DA
:10780000000FE7D162E0DBF8001001F0E061B1F1B8
:10781000007F26D004DCB1B3B1F1807FDAD160E023
:10782000B1F1407FD8D0B1F1806FD3D14EE000E00C
:107830001BE0DAF8001001F4E041B1F5005F10D070
:1078400008DC01B3B1F5805FC4D14AE035E058E00F
:1078500065E088E0B1F5405FBED0B1F5804FB9D1A9
:1078600034E020688000B5D5A0E7DAF8001001F414
:10787000E021B1F5403F6DD006DC61B149457BD0D8
:107880007145A7D158E07BE0B1F5802F66D0B1F506
:10789000A02F9FD10DE000F09DFE7FE76846FFF727
:1078A000EBFD01987AE728E003A8FFF787FE04982C
:1078B00074E7216889038AD48CE7DBF8001011F49F
:1078C00040310ED0494510D0714583D131682568CB
:1078D00001F040516D077FF574AF00297FF471AF5F
:1078E00069E720680001E7D55BE720688000E3D501
:1078F00003A8FFF763FE059850E722689203DBD5E3
:1079000066E7306810F480303AD04845D4D120681A
:107910000001D1D56846FFF7AFFD02983EE7DBF8DE
:10792000001001F0E041B1F1405F13D008DC71B10B
:10793000614521D04145BFD120688000B4D449E7DA
:10794000B1F1804F0AD0B1F1A04FB2D042E7FFF7BA
:10795000DDFC23E720684007AED52CE72068C00592
:10796000AAD533E708E0DAF8001011F04051A0D0B2
:10797000614505D041459FD1206800018ED429E79B
:107980002068800198D505E7504402580090D00344
:1079900000366E010080BB00004402582DE9FE4F06
:1079A0000546DFF800A450F8081B0024FD4FC9432A
:1079B000019005F1280026460AF1240A00900801EA
:1079C0001DD4686E50B1B0F5801F0CD0B0F5001F0B
:1079D0000ED0B0F5401F1ED001240FE0386840F4EF
:1079E0000030386017E00198022102F02FFA03E01E
:1079F0000098022102F0BAFA04000CD0264628882A
:107A0000C043C00523D4A86D05281ED2DFE800F0CE
:107A10000C11161B1B006A6EDAF8001021F44011DD
:107A20001143CAF80010EAE7386840F400303860C3
:107A300009E00198002102F009FA03E00098002112
:107A400002F094FA0446C4B100E0012426462888D6
:107A5000DFF85083C04308F12C0840052FD4D5F837
:107A6000A400B0F5C00F28D010DCB8B1B0F5001FED
:107A700019D0B0F5800F0FD11AE0AA6DDAF8001016
:107A800021F007011143CAF80010E0E7B0F5000F3C
:107A900013D0B0F5200F10D001240FE0386840F467
:107AA0000030386009E00198002102F0CFF903E0CE
:107AB0000098002102F05AFA044694B1264628881C
:107AC000C043000530D4D5F8A800B0F1407F29D0DC
:107AD00011DCC0B1B0F1807F1AD0B0F1007F10D1BD
:107AE0001BE0D5F8A420D8F8001021F46001114360
:107AF000C8F80010E3E7B0F1806F13D0B0F1A06FC9
:107B000010D001240FE0386840F40030386009E0FC
:107B10000198002102F09AF903E00098002102F098
:107B200025FA044694B126462868DFF878B2C043A7
:107B30000BF1200B80011FD4E86CD8B110280FD0B6
:107B4000202812D0302815D0012414E0D5F8A82020
:107B5000D8F8001021F0E0611143C8F80010E3E705
:107B6000386840F40030386004E00198022102F0E7
:107B70006DF9044674B126462888C043C0042BD44E
:107B8000E86DB0F5005F20D00DDCA0B1B0F5805FEE
:107B90000FD115E0EA6CDBF8001021F03001114341
:107BA000CBF80010E8E7B0F5405F13D0B0F5804F98
:107BB00010D001240FE0386840F40030386009E04C
:107BC0000198002102F042F903E00098002102F040
:107BD000CDF904468CB126462888C043800429D4B8
:107BE000286EB0F5403F23D010DC08B3B0F5803FDD
:107BF00014D0B0F5003F0FD115E0EA6DDAF80010AF
:107C000021F4E0411143CAF80010E5E7B0F5802FF8
:107C10000ED0B0F5A02F0BD001240AE0019801216D
:107C200002F014F903E00098012102F09FF90446E4
:107C300094B126462888C04340042AD4D5F8AC0025
:107C4000B0F1405F23D010DC08B3B0F1805F14D0F6
:107C5000B0F1005F0FD115E02A6EDAF8001021F4C0
:107C6000E0211143CAF80010E4E7B0F1804F0ED0D4
:107C7000B0F1A04F0BD001240AE00198012102F0DD
:107C8000E5F803E00098012102F070F9044674B1B0
:107C900026462888C04300041FD4E86ED8B1B0F14E
:107CA000805F0ED0B0F1005F10D0012414E0D5F851
:107CB000AC20D8F8001021F0E0411143C8F80010C2
:107CC000E7E7386840F40030386004E001980121AB
:107CD00002F0BCF8044674B126462868C043C001CF
:107CE0001ED4A86CD0B101280ED0022811D00328D0
:107CF00014D0012413E0EA6EDAF8001021F04051AC
:107D00001143CAF80010E8E7386840F400303860E2
:107D100004E00198022102F099F804466CB126466D
:107D20002868C043400255D41F48016841F480715F
:107D30000160FEF77FFC81460EE0AA6CDBF80010C4
:107D400021F003011143CBF80010E9E7FEF772FCC4
:107D5000A0EB090064283BD813480068C005F5D59E
:107D6000BCBBDFF84090B5F8B01009F14409D9F870
:107D7000000001F4407100F44070884211D0D9F83D
:107D80000010D9F8002021F4407142F48032C9F883
:107D90000020D9F8002022F48032C9F80020C9F868
:107DA000001003E02C44025800480258D5F8B000F7
:107DB000B0F5807F19D1FEF73DFC029011E000BFC5
:107DC000FEF738FC0299411A41F28830814208D905
:107DD000032426462878DFF81494C043C00721D036
:107DE0003CE0D9F800008007EAD5D5F8B010C1F31F
:107DF00001200328FE480DD0016821F47C51016068
:107E0000B5F8B020D9F80010C2F30B021143C9F83D
:107E10000010DFE7F74A036802EA111223F47C51ED
:107E20001143ECE7A86F182816D005DCA0B108288C
:107E300008D0102804D10AE020280DD028280BD023
:107E400001240AE00198012102F000F803E0009803
:107E5000012102F08BF8044664B126462878C0431D
:107E600080071ED4686F062819D2DFE800F0160CD0
:107E700011161616AA6FD9F8001021F03801114317
:107E8000C9F80010EAE70198012101F0DFFF03E0E3
:107E90000098012102F06AF804467CB100E0012458
:107EA00026462878C04340071FD4D5F890000628FE
:107EB00019D2DFE800F0160C111616166A6FD9F801
:107EC000001021F007011143C9F80010E9E70198FB
:107ED000012101F0BBFF03E00098012102F046F808
:107EE0000446A4B100E0012426462878C043800659
:107EF0002BD4D5F88C00B0F1405F24D011DC10B346
:107F0000B0F1805F15D0B0F1005F10D116E0D5F868
:107F10009020D8F8001021F007011143C8F8001094
:107F2000E3E7B0F1804F0ED0B0F1A04F0BD00124A9
:107F30000AE00198002101F089FF03E00098022186
:107F400002F014F8044694B126462878C04340064F
:107F50002BD4D5F89800B0F5406F24D011DC10B3C5
:107F6000B0F5806F15D0B0F5006F10D116E0D5F8E0
:107F70008C20D9F8001021F0E0411143C9F800101D
:107F8000E3E7B0F5805F0ED0B0F5A05F0BD0012421
:107F90000AE00198002101F059FF03E00098022156
:107FA00001F0E4FF044694B126462878C043000659
:107FB0002BD4D5F89C00B0F5C04F24D011DC10B301
:107FC000B0F5005F15D0B0F5804F10D116E0D5F8B0
:107FD0009820D8F8001021F4E0511143C8F800109F
:107FE000E3E7B0F5004F0ED0B0F5204F0BD00124E1
:107FF0000AE00198002101F029FF03E00098022126
:1080000001F0B4FF044654B126462878C043000767
:108010001ED4D5F88000B0F5805F0AD00FE0D5F807
:108020009C20D8F8001021F460411143C8F80010DA
:10803000EBE70098022101F099FF00B10126D5F885
:108040008020D9F8001021F440511143C9F80010E4
:108050002878C043C00613D4D5F89400B0F5807FCB
:1080600005D10098022101F081FF00B10126D5F869
:108070009420D8F8001021F440711143C8F8001082
:108080002868C043000316D4D5F8A00038B1B0F575
:10809000803F09D0B0F5003F0BD001240AE00198E1
:1080A000002101F0D3FE03E00098022101F05EFF01
:1080B00004468CB126462868C043400322D4D5F834
:1080C0008400B0F5801F11D0B0F5001F13D0B0F5BB
:1080D000401F15D0012414E0D5F8A020D8F80010D6
:1080E00021F440311143C8F80010E4E7386840F447
:1080F0000030386004E00098012101F037FF0446A9
:108100005CB126462868C043C0031CD4286D70B1FA
:10811000B0F5803F10D0012414E0D5F88420D9F8C0
:10812000001021F440111143C9F80010EAE7386843
:1081300040F40030386004E00198022101F086FE2E
:108140000446DCB126462868C043800005D4009868
:10815000022101F00BFF00B101262868C043800313
:108160001BD4E86FB8B1B0F5807F10D0B0F5007FB8
:1081700011D0B0F5407F0ED001240DE02A6DDBF860
:10818000001021F480311143CBF80010DBE7386890
:1081900040F4003038607CB326462868C043C002F3
:1081A00007D42A6FDAF8001021F000411143CAF811
:1081B00000102868C043800207D4AA6EDAF80010C5
:1081C00021F080711143CAF800102868C0434000B4
:1081D00009D40748016821F4004101600168D5F81D
:1081E000B420114301602868C04306E0544402589B
:1081F00010440258CFFFFF001DE007D46A6DDBF882
:10820000001021F040511143CBF800102868C04302
:10821000000208D4D5F88820D9F8001021F44001D4
:108220001143C9F8001028790024C04300F0010070
:10823000204309D00EE0EA6FD9F8001021F4407114
:108240001143C9F80010A8E70198002101F0FEFDD4
:1082500000B106462879C04300F00200204305D152
:108260000198012101F0F2FD00B106462879C043D2
:1082700000F00400204305D10198022101F0E6FD41
:1082800000B106462879C04300F00800204305D11C
:108290000098002101F06AFE00B106462879C0432B
:1082A00000F01000204305D10098012101F05EFE8E
:1082B00000B106462879C04300F02000044304D1F1
:1082C0000098022101F052FE00B916B10120BDE86C
:1082D000FE8F0020FBE700002DE9F05F04000F4651
:1082E0007ED0DFF83882D8F8000000F00F00B842E6
:1082F0000CD2D8F8001021F00F013943C8F8001053
:10830000D8F8000000F00F00B84269D12078844D01
:1083100040070AD52069296801F07001884204D914
:10832000296821F070010143296020787C4E361DB8
:1083300000070AD56069316801F07001884204D9EC
:10834000316821F07001014331602078C0060AD500
:10835000A069316801F4E061884204D9316821F4F0
:10836000E061014331602078DFF8B4B180060BF1A1
:10837000080B0CD5E1695846DBF8002002F07002CA
:10838000914204D9026822F070020A430260207808
:1083900080070AD5E068296801F00F01884204D9F6
:1083A000296821F00F01014329602078C0073ED0E1
:1083B0005B49A2682868183920F47060104328606F
:1083C0006068022818D0032819D00968012819D03C
:1083D000490700294ADADFF848A1AAF1080A00E0B3
:1083E00044E0DAF8002022F007020243CAF8002035
:1083F000FEF720F9814612E009688903E9E7096878
:108400008901E6E7C905E4E7FEF714F9A0EB0901E5
:1084100041F28830814202D90320BDE8F09F6168B3
:10842000DAF8000000F03800B0EBC10FECD1207892
:1084300080070AD5E068296801F00F01884204D25C
:10844000296821F00F0101432960D8F80010404647
:1084500001F00F01B9420BD9016821F00F01394336
:108460000160006800F00F00B84201D00120D4E79D
:10847000207840070AD52069296801F070018842F8
:1084800004D2296821F07001014329602078000797
:108490000AD56069316801F07001884204D2316800
:1084A00021F07001014331602078C0060AD5A0692F
:1084B000316801F4E061884204D2316821F4E0615E
:1084C00001433160207880060CD5E1695846DBF81D
:1084D000002002F07002914204D2026822F0700281
:1084E0000A43026000F09AF80E492A682B68C2F32A
:1084F000032203F00F038A5CC95C02F01F0201F043
:108500001F01D040084A20FA01F1116007490860B4
:1085100007480068BDE8F05FFEF7DAB800200052B7
:108520001844025864060308B4000124B000012472
:10853000A800012470B5144C3F220260124A24683E
:108540000832131D114D04F00704446016681C1D09
:1085500006F470668660166806F00F06C66012683C
:1085600002F0700202611A6802F0700242611A6839
:1085700002F4E0628261226802F07002C26128683F
:1085800000F00F00086070BD104402580020005237
:1085900030B500F043F80B4A0B490C4B15681468D2
:1085A000C5F3032204F00F048A5C095D02F01F0288
:1085B00001F01F01D040064A20FA01F11960106055
:1085C000084630BD1844025864060308B40001246C
:1085D000B000012400B5FFF7DBFF05490968054A33
:1085E000C1F30211515C01F01F01C84000BD000041
:1085F0001C4402586406030800B5FFF7C9FF05498B
:108600000968054AC1F30221515C01F01F01C8400D
:1086100000BD00001C44025864060308454970B5BB
:1086200045480968434B103B11F0380208D001114E
:10863000082A03D0102A0BD0182A0BD0084670BD88
:1086400019688906FBD51968C1F3C101C84070BD1E
:108650003A4870BD3749374D18310C1D24350A682A
:10866000096826682D6802F0030406F00102C1F3D0
:108670000511C5F3CC0515FB02F200EE102AB8EE89
:10868000400AE9B32F4ADFED2E0AB7EE001A6CB1AB
:10869000DFED2D1A012C01D0022C43D002EE101A6E
:1086A0001068F8EE422A81EEA22A1EE01C68A40699
:1086B00011D51B6801EE901A1168C3F3C103F8EEDF
:1086C000612AD84001EE900AC1F30800F8EE611A61
:1086D00081EEA22A0BE001EE901ADFED1C2A00BF0A
:1086E000F8EE611A106882EEA12AC0F3080001EECC
:1086F000900AF8EE611A40EE201A31EE810A00E08D
:1087000015E022EE000A1068C0F34620401C00EE7F
:10871000900AF8EE600A80EE201ABCEEC10A10EE54
:10872000100A70BD01EE901ADFED092AD8E700208B
:1087300070BD0000104402580090D00300366E0156
:1087400000000039304402580024744A0024744C5C
:10875000001BB74B2DE9F05F04007DD0FF4F207860
:10876000FE4D1837DFF8F483103DC00748D0D8F825
:108770000000396800F03800102815D0182803D1FF
:1087800001F0030002280FD06068B0F5803F12D0DE
:1087900010B1B0F5A02F18D0286820F480302860E0
:1087A000286820F4802009E02868800328D56068C4
:1087B0000028D2D024E0286840F480302860606827
:1087C00088B1FDF737FF064609E0286840F48020AD
:1087D0002860F0E7FDF72EFF801B64287ED828680C
:1087E0008003F7D50CE0FDF725FF064605E000BF46
:1087F000FDF720FF801B6428F0D828688003F7D499
:108800002078800756D5D8F80000DFF850933968F3
:1088100010F03800A9F10C090ED0182801D18807F2
:108820000AD0E068A8B3296821F019010143296042
:10883000FDF700FF064628E02868400702D5E068FB
:1088400000288AD0E168286820F0190008432860D1
:10885000FDF7F0FE064606E0D2E000BFFDF7EAFEB7
:10886000801B0228BAD828684007F7D5217CD9F8A0
:10887000002022F0FE4242EA0161C9F8001019E02E
:10888000FDF7D8FE801B0228A8D828684007F7D536
:10889000ECE7FFE7286820F001002860FDF7CAFE3A
:1088A000064604E0FDF7C6FE801B022896D828681D
:1088B0004007F7D42078C00646D5D8F80000DFF886
:1088C0009C92396800F03800A9F10409082812D0F8
:1088D000182805D101F00300012800E0CEE00AD0FD
:1088E000E0690028286820D040F080002860FDF76B
:1088F000A1FE064615E02868C00502D5E06980287B
:108900007ED194F82010D9F8002022F07C5242EA5F
:108910000161C9F8001017E0FDF78CFE801B0228EA
:10892000A0D82868C005F7D5EBE720F080002860C4
:10893000FDF780FE064604E0FDF77CFE801B022862
:1089400090D82868C005F7D42078000729D5834837
:108950006169643000298146016811D041F001014C
:108960000160FDF767FE064605E000BFFDF762FE09
:10897000801B022888D8D9F800008007F6D510E0BF
:1089800021F001010160FDF755FE064605E000BF3C
:10899000FDF750FE801B022870D8D9F80000800730
:1089A000F6D42078800623D5A0690028286810D046
:1089B00040F480502860FDF73DFE064605E000BF0C
:1089C000FDF738FE801B022858D828688004F7D5A8
:1089D0000EE020F480502860FDF72CFE064604E0EF
:1089E000FDF728FE801B022848D828688004F7D4A9
:1089F0002078400751D5DFF86891D9F8001000E0E1
:108A000015E141F48071C9F80010FDF713FE064628
:108A100005E000BFFDF70EFE801B64282ED8D9F8B4
:108A20000000C005F6D54D4EA068603601280AD07A
:108A300008B1052813D0306820F00100306030689C
:108A400020F0040002E0306840F001003060A068CF
:108A500041F2883A98B1FDF7EDFD81460AE03068B1
:108A600040F004003060EEE7FDF7E4FDA0EB090103
:108A7000514503D830688007F6D50EE072E0FDF767
:108A8000D9FD814606E000BFFDF7D4FDA0EB09014A
:108A9000514567D830688007F6D4606A00287CD0DA
:108AA000DFF8B8A0D8F800100AF1200A4FF6F87BDA
:108AB0000AF10408C1F3C2010329AAF104096DD027
:108AC0000228286820F08070286003D0FDF7B2FDEE
:108AD000044681E0FDF7AEFD064604E0FDF7AAFD81
:108AE000801B022875D828688001F7D4E26A40F21A
:108AF000F331386854F8283F884340EA021018439D
:108B00003860217B4FF4FE0C22894FF0FE47208A0B
:108B10004902267D521E401EA1F5007189B2C2F3A2
:108B200008021143761E0CEA00400143484607EA5A
:108B300006621143CAF80010D9F8001021F00101B3
:108B4000C9F80010D8F80030266A23EA0B0343EA7C
:108B5000C601C8F80010D9F8001004E0104402580B
:108B60000048025835E0A26921F00C011143C9F810
:108B700000100168E26921F00201114301600168FF
:108B800041F480310160016841F400310160016805
:108B900041F480210160016801E06CE020E041F0D7
:108BA00001010160286840F080702860FDF742FDF7
:108BB000044604E0FDF73EFD001B022809D82868A2
:108BC0008001F7D557E000BFFDF734FD001B0228F8
:108BD00002D90320BDE8F09F28688001F4D44AE060
:108BE00039680128DAF8000021D0A26A01F00303F5
:108BF00093421CD1E26AC1F305118A4217D1216B5D
:108C0000C0F30802491E8A4211D1616BC0F34622AB
:108C1000491E91420BD1A16BC0F30642491E9142FD
:108C200005D1E16BC0F30660491E814201D00120ED
:108C3000D0E7A16C4646D8F80000C0F3CC008142D2
:108C400019D0D9F800004D4620F00100C9F8000005
:108C5000FDF7F0FC4FEA0007FDF7ECFCB842FBD053
:108C6000A26C306820EA0B0040EAC200306028683D
:108C700040F0010028600020ACE700000F4910B56B
:108C800088421AD10E4C617991B10E49002262716D
:108C9000CA6A521CCA62D0F884000863FDF7CAFC95
:108CA000024608486169BDE81040503814F050BFD2
:108CB00004485038416B491C416310BDE09C0224BC
:108CC000D4010124309E02242DE9F04104460068BD
:108CD000002102694369876894F8816002EA03050C
:108CE0005FEA035C0AD5120708D5816941F4006187
:108CF0008161204600F0B6F9BDE8F08115F0600F03
:108D000008D1680706D5616F20468847216F204645
:108D10008847012105F04100012805D1680703D4E7
:108D2000216F20468847012105F02200022806D144
:108D3000680704D4616F2046BDE8F0410847002968
:108D4000DAD128074FF0010859D52068816941F030
:108D5000080181612068816941F01001816120680A
:108D6000816941F4006181612068016921F0080195
:108D700001612068806810F4404F1ED021E0E06857
:108D80000F2806D92068616E006B0860606E001DB8
:108D90000DE0616E0728206804D9008E0880606E9F
:108DA000801C04E090F830000870606E401C606623
:108DB000B4F86A00401EA4F86A00B4F86A000028FB
:108DC000DDD1204601F064F984F88180D4F8840074
:108DD00018B12046FFF752FF8EE7052E07D0042E6C
:108DE00009D0032E88D1204600F016FB84E72046E8
:108DF00000F031FB80E7204600F033F97CE715F402
:108E0000587FE9D068060AD5D4F8840040F0040001
:108E1000C4F884002068816941F040018161A8059F
:108E20000AD5D4F8840040F00100C4F8840020681A
:108E3000816941F400718161E8050AD5D4F88400A4
:108E400040F00800C4F884002068816941F4807112
:108E50008161A8060AD5D4F8840040F08000C4F8E7
:108E600084002068816941F020018161D4F8840088
:108E70000028B1D0206840F26B32C7F3813103681B
:108E8000032923F0010101602068016921EA020140
:108E9000016102D084F881809BE72068104D8168D1
:108EA00021F440418160E06F50B10565E06FFBF750
:108EB0004FFC28B1D4F8840040F04000C4F884008E
:108EC000A06F002888D00565A06FFBF741FC002843
:108ED0008CD0D4F8840040F04000C4F884000BE744
:108EE0004DA100082DE9F047040029D0594A4FF060
:108EF00000092068584B594D9042C4F8289006D07C
:108F0000984204D0A84202D0E1680F2918D8E1683D
:108F10004FF0010AE76B0831C9080AEB5716714395
:108F2000904205D0984203D0A84201D0082907D822
:108F3000904203D0984201D0A84204D1102902D90E
:108F40000120BDE8F08794F8810020B9204684F81C
:108F5000809000F085F8022084F881002068016884
:108F600021F0010101602068A1698268B1F1806F80
:108F700002F4F81110D16268B2F5800F01D01AB175
:108F80000AE0A26B22B107E0A26BB2F1805F03D1CD
:108F9000026842F4805202606068400209D5E068CD
:108FA000072806D32068236D026822F480721A43D2
:108FB00003E02068026822F480720260A66AE06919
:108FC000E26B25683043E3680A4310431843A86006
:108FD000D4E90D02D4E90581636A25691843D4F800
:108FE00020C00A43266810432843A56DD4E90172C6
:108FF000D4E9123140EA080040EA0C003843084343
:10900000104318432843F060606868B9206881689D
:1090100021F4C05141F4006181602068816821F42D
:10902000C06141F4806181602068016D21F001011F
:1090300001656068400206D52068626DC16821F054
:1090400000411143C160C4F8849084F881A00020DD
:1090500077E700000030014000380040003C00404D
:109060007047704770472DE9F84F994617468A4672
:109070000446FDF7DFFA064694F88100012839D14D
:10908000BAF1000F7CD0002FFCD094F880000128AA
:1090900030D0A26800254FF0010884F880800321B9
:1090A00084F88110C4F88450C4F85CA06566A4F804
:1090B0006850656725672C34B2F5C02FA786E78610
:1090C000E58754F82C0D18D0C16821F4C02141F473
:1090D0000031C160206841686FF30F01394341607E
:1090E0002068016841F0010101606068B0F5800FFF
:1090F00008D00CE00220BDE8F88F016841F400615F
:109100000160E7E72068016841F400710160E068F0
:109110000F281CD820E02068416989070BD5E16D34
:1091200009680162E06D001DE065B4F86200401E50
:10913000A4F862000BE0FDF77DFA811B494503D3DB
:10914000B9F1FF3F03D09BE0B9F1000F31D0B4F883
:1091500062000028DFD177E007282ED870E0206871
:10916000416989071DD5B4F8621001290DD9E16B59
:1091700059B1E16D09680162E06D001DE06500E034
:109180007CE0B4F86200801E08E0E16D098801848B
:10919000E06D801CE065B4F86200401EA4F8620037
:1091A0000BE0FDF747FA811B494503D3B9F1FF3FB7
:1091B00003D065E0B9F1000F62D0B4F86200002876
:1091C000CDD141E02068416989072DD5B4F86210FE
:1091D00003290CD9E16B402909D9E16D09680162C5
:1091E000E06D001DE065B4F86200001F19E0B4F8FE
:1091F000621001290BD9E16B49B1E16D0988018445
:10920000E06D801CE065B4F86200801E09E0E16D4D
:10921000097880F82010E06D401CE065B4F8620029
:10922000401EA4F862000BE0FDF704FA811B4945DB
:1092300003D3B9F1FF3F03D022E0B9F1000F1FD0F3
:10924000B4F862000028BDD100224B460821204618
:10925000009600F0B7FF28B1D4F8840040F0200059
:10926000C4F88400204600F013FF84F88180D4F80D
:10927000840084F8805000283FF43DAF01203AE795
:10928000204600F005FFD4F8841084F8805041F4A3
:109290008071C4F8841084F8818003202BE70000DB
:1092A0002DE9F041044690F88100164601283DD191
:1092B00000293AD0002E7FD094F88000012835D0C4
:1092C000A2680025012784F88070032084F88100BB
:1092D000C4F88450656665672567E165A4F8685041
:1092E0002C34B2F5C02FA686E686E58754F82C0DFF
:1092F0001FD0C16821F4C02141F40031C0F80C1026
:10930000E1684FF480420F2903D9A06F8069904231
:1093100009D1A06F07294FF400530FD980699842F3
:109320001DD090421BD084F8805045E00220BDE85B
:10933000F081016841F400610160E1E781699942CF
:1093400005D1B4F86210491C4908A4F8621080697C
:1093500090420ED1B4F86200C01C800807E00F29CB
:1093600007D8904205D1B4F86200401C4008A4F828
:109370006200A06F25490164A16F2548C863A16FF1
:109380002448C864A06F05652068816821F4004105
:109390008160B4F862302268E16DA06F2032FCF782
:1093A0006DF858B1D4F8840084F8805040F0100073
:1093B000C4F8840084F881700120B8E7A06FC06908
:1093C000B0F5807F206841686FF30F0100D0314312
:1093D00041602068816841F4004181602068016932
:1093E00041F4487101612068016841F001010160A8
:1093F0006068B0F5800F04D12068016841F4007105
:109400000160002084F8805091E7000093A10008DB
:109410009DA1000867A100080B4910B5884211D131
:109420000A4C207950B100202071FDF703F96169E1
:109430000246BDE81040064814F075BB0448416B75
:10944000491C416310BD0000E09C0224D4010124AA
:10945000E09D02247047704770477047704710B511
:10946000040003D094F83D0010B107E0012010BDC6
:10947000002084F83C00204600F022F8022084F806
:109480003D002068211D01F0A9F9012084F8480061
:1094900084F83E0084F83F0084F8400084F84100DE
:1094A00084F8420084F8430084F8440084F84500BE
:1094B00084F8460084F8470084F83D00002010BD81
:1094C0007047000090F83D10012901D0012070473D
:1094D0001A4A022180F83D100168CB6843F001036D
:1094E000CB60006890421AD0B0F1804F17D0144979
:1094F000884214D01349884211D0134988420ED0B3
:10950000124988420BD01249884208D0114988423A
:1095100005D01149884202D01049884207D181689C
:109520000F4A1140062906D0B1F5803F03D00168EB
:1095300041F001010160002070470000000001407F
:109540000004004000080040000C004000040140FE
:10955000001800400040014000E0004000E40040EE
:109560000700010070472DE9F0410446006800271C
:10957000C6680569A90713D5B10711D5FA1E02619E
:1095800001212177206880698007204602D0FFF7FB
:10959000E9FF04E000F08BF8204600F089F8277717
:1095A000680716D5700714D5226802206FF00401F1
:1095B000116120772068806910F4407F204602D036
:1095C000FFF7D0FF04E000F072F8204600F070F8DA
:1095D0002777280715D5300713D5226804206FF0A8
:1095E0000801116120772068C0698007204602D0F9
:1095F000FFF7B8FF04E000F05AF8204600F058F8F2
:109600002777E80616D5F00614D5226808206FF0F3
:109610001001116120772068C06910F4407F204656
:1096200002D0FFF79FFF04E000F041F8204600F071
:109630003FF82777E80708D0F00706D021686FF0D9
:1096400001000861204600F035F8280601D4A8047E
:1096500008D5300606D521686FF40250086120460F
:10966000FFF7FBFEE80508D5300606D521686FF444
:10967000807008612046FFF7EFFE680608D5700687
:1096800006D521686FF040000861204600F01CF804
:10969000A8060AD5B00608D521686FF02000086139
:1096A0002046BDE8F041FFF7D9BEBDE8F081704724
:1096B0007047000000680349884201D1FCF7D2BF1F
:1096C0007047000000E000407047FEE7F0B500235F
:1096D0000A251C463026372711E000BFB5EB107F66
:1096E00002D906EB107C01E007EB107C01F813C0F7
:1096F00001EB430C00015B1C8CF80140DBB2934290
:10970000ECD3F0BD00EB8100006E00F0F840704734
:109710008068C0F3C00070478068C0F38000704765
:109720008068C0F380007047C06810F4406F01D0BB
:10973000002070470120704710B5042404EAD1547A
:109740000723C1F3045120448B408A404169994367
:109750001143416110BD000000EB8101034B51F842
:10976000600F20F00040104308607047006002580E
:109770002DE9F0411A480021184F012400F1140886
:109780004FF03B0C14268160022507600D27C16055
:109790000823047404224174847488E85010C0E9DA
:1097A0000864C0E90A5707248463C0E90F23C0E9AD
:1097B0001123C0E90C51C0E91325C0E91523C36585
:1097C0000366C0E91912FCF739FB002803D0BDE895
:1097D000F041F9F752BFBDE8F081000000A0004061
:1097E000F07101241C4801232DE9F041194D00249A
:1097F00084604FF0140C05603B25C46000F1240820
:109800000374022644740D278374042143610822E3
:10981000C0E906C5C0F820C040F2064588E8C80087
:109820008163C0E90C350323C0E90F12C0E91112AE
:10983000C0E91313C0E91512C2650266C0E91941F7
:10984000FCF7FCFA002803D0BDE8F041F9F715BF9A
:10985000BDE8F08100A40040907201241B48002262
:109860002DE9F041184F00F11408826001250760CE
:109870001426C2603B2702740224427404218274BD
:10988000082388E8E000066240F61206C0E90954A1
:10989000C0E90D61C0E90F13C0E911134FF00D0CC1
:1098A000C0E90BC4C0E91314C0E91513C36503660E
:1098B000C0E91921FCF7C2FA002803D0BDE8F04145
:1098C000F9F7DBBEBDE8F08100D40040307301241D
:1098D00010B55649B2B0564807F010FE55495648E3
:1098E0000B68002243F080730B604260016841F016
:1098F0000101016051491C226846F7F797F90021E0
:1099000068461EF048FC4E4C1C224C491C316061DC
:1099100007A8F7F78BF9002107A81EF03CFC474980
:109920001C22A0610EA83831F7F780F900210EA89B
:109930001EF031FC41491C22E06115A85431F7F7B3
:1099400075F9002115A81EF026FC3C491C22206256
:109950001CA87031F7F76AF900211CA81EF01BFC47
:1099600036491C22606223A88C31F7F75FF9002189
:1099700023A81EF010FC31491C22A0622AA8A8319D
:10998000F7F754F900212AA81EF005FC606090B199
:109990006069C0B1A069F0B1E06920B3206A50B33A
:1099A000606A80B3A06A78B3264A2749274824F022
:1099B0008FFD32B010BD502080F31188BFF34F8F60
:1099C000BFF36F8FFEE7502080F31188BFF34F8FF6
:1099D000BFF36F8FFEE7502080F31188BFF34F8FE6
:1099E000BFF36F8FFEE7502080F31188BFF34F8FD6
:1099F000BFF36F8FFEE7502080F31188BFF34F8FC6
:109A0000BFF36F8FFEE700E007E0502080F311887E
:109A1000BFF34F8FBFF36F8FFEE7502080F31188A5
:109A2000BFF34F8FBFF36F8FFEE700007F36000854
:109A300077360008FCED00E0001000E02005030888
:109A4000000001241D9C0008E99B0008B59B00084C
:109A50002DE9F04786B014216846F7F743F93A48F4
:109A6000016841F080010160016801F08001059109
:109A7000016841F008010160016801F008010591E9
:109A8000016841F001010160016801F001010591E7
:109A9000016841F002010160016801F002010591D5
:109AA000016841F01001016000680122DFF89C802C
:109AB000D50300F01000294605904046FCF7B4FDA0
:109AC000DFF88C904FF44066002231464846FCF7A0
:109AD000ABFDDFF880A06F11002239465046FCF73D
:109AE000A3FD002469460120CDE90104404600950C
:109AF0000394FCF78BFC694648460096FCF786FC0D
:109B0000694650460097FCF781FC0321124E202045
:109B1000CDE9000169463046FCF778FC082069462B
:109B200000904846FCF772FC802069460090504641
:109B3000FCF76CFCCDE90054694630460294FCF712
:109B400065FC06B0BDE8F087E044025800100258FA
:109B500000040258000C025800000258104901226B
:109B6000104810B501F0E0FA08B1F9F786FD0E498A
:109B70000C4801F0F8FC08B1F9F77FFD0B490948E2
:109B800001F06CF808B1F9F778FD064801F070FDB6
:109B900008B1F9F772FDBDE81040FDF7AFBB00005A
:109BA000300001241C7401249C0101249000012434
:109BB000FEE7FEE70A48002108B500918069002809
:109BC0000DD0694625F0F2FE0098002807D005491F
:109BD0004FF080500860BFF34F8FBFF36F8F08BD09
:109BE0000000012404ED00E00A48002108B50091BE
:109BF000C06900280DD0694625F0D8FE00980028DD
:109C000007D005494FF080500860BFF34F8FBFF376
:109C10006F8F08BD0000012404ED00E00A48002118
:109C200008B50091006A00280DD0694625F0BEFEF7
:109C30000098002807D005494FF080500860BFF316
:109C40004F8FBFF36F8F08BD0000012404ED00E0CB
:109C50000148FCF74DBF0000188B01242DE9F041AD
:109C6000044680790D462027236801284FF40046DA
:109C700004F29C4203EB4511D3F840C0D1F8080B25
:109C800009D0DFF89CE0F4453AD1020433D500BF97
:109C9000C1F8086B40E0234B5FEA007E04D59C4589
:109CA0003AD90004F4D437E05FEA806E02D5C1F8F7
:109CB000087B31E010F0280F2ED19C4501D900041B
:109CC000E6D4D1F8101B05EBC50004EB8000C1F30E
:109CD0001201D0F87432A3EB0101C0F8681200F54C
:109CE0001570ADB903691BB1C2681144C1600FE0C2
:109CF000206801210AE080060AD5C1F8087B07E048
:109D000035B9D4F8640218B90021184602F030F8C9
:109D10002046E9B2FCF7D7FD0020BDE8F081000045
:109D20000A31544F0A30544F2DE9F84F0E4605685A
:109D3000814601EBC60100EB8104D4E9092014340B
:109D4000904202D90120BDE8F88FA168101A814223
:109D500000D20846C01C05EB461887081BE000BF70
:109D6000A268A0EB010A524500D2924699F806106B
:109D70000AF1030000911FFA8AF3E1688708284678
:109D8000F2B202F035FBE16801EB0A00E0606169C4
:109D900001EB0A006061D8F8180980B2B84205D317
:109DA000D4E90401814201D20028D9D1D4E90401C7
:109DB000884208D8D5F83418012006F00F029040E8
:109DC0008143C5F834180020BDE7000070B50600D7
:109DD00001D000241EE0502080F31188BFF34F8F84
:109DE000BFF36F8FFEE700BF04EB440000EBC4102D
:109DF00006EB800525F0CCFC95F80A02C8B1B5F851
:109E00000812012828461AD024F080FB25F0E0FC37
:109E1000641CE4B296F81804A042E5D80A48006A27
:109E200000280FD00023BDE870400222194626F01A
:109E300019B8B5F80812284624F058FBE6E724F0D4
:109E40005DFBE3E770BD0000000001242DE9F04751
:109E5000454D044689464FF0000A2868C0438007F4
:109E60000AD0414E283E306820F080603060FCF718
:109E7000E1FB0746B04608E00120BDE8F08700BFDF
:109E8000FCF7D8FBC01B022867D8D8F800000001F7
:109E9000F6D4206829684FF4FE0721F47C313E0295
:109EA00041EA00302860207AA389B4F804C0400257
:109EB0002D4D2D495B1E227CACF1010C1035091D86
:109EC000A0F5007080B2521ECCF3080C07EA0343E1
:109ED00040EA0C00184306EA026210432860086852
:109EE000626920F0C000104308600A68A06922F08F
:109EF000200202430A60281D0A6822F010020A604C
:109F000002684FF6F873E4699A4342EAC4020260B9
:109F10000868B9F1000F40F010020A6011D008681B
:109F2000B9F1010F11D040F400100860D8F800001A
:109F3000444640F08060C8F80000FCF77BFB054613
:109F40000DE0086840F40020EFE740F48010ECE7F3
:109F5000FCF770FB401B022801D903208DE7206825
:109F60000001F5D5504688E7284402582DE9F0470E
:109F7000454D044689464FF0000A2868C0438007D3
:109F80000AD0414E283E306820F080503060FCF707
:109F900051FB0746B04608E00120BDE8F08700BF4E
:109FA000FCF748FBC01B022867D8D8F800008000E7
:109FB000F6D4208829684FF4FE0721F07C713E0218
:109FC00041EA00502860207AA389B4F804C0400216
:109FD0002D4D2D495B1E227CACF1010C1835091D5D
:109FE000A0F5007080B2521ECCF3080C07EA0343C0
:109FF00040EA0C00184306EA026210432860086831
:10A00000626920F44060104308600A68A06922F485
:10A01000007202430A60281D0A6822F480720A60F6
:10A0200002684FF6F873E4699A4342EAC402026098
:10A030000868B9F1000F40F480720A6011D0086816
:10A04000B9F1010F11D040F080700860D8F800001D
:10A05000444640F08050C8F80000FCF7EBFA054693
:10A060000DE0086840F48000EFE740F40000ECE702
:10A07000FCF7E0FA401B022801D903208DE7206895
:10A080008000F5D5504688E72844025813F09EBC5E
:10A0900010B5026840F26F335169946944F00804C6
:10A0A00094610268946944F0100494610268146831
:10A0B00024F001041460026814699C43146102686E
:10A0C000936823F44043936090F88120042A0CD0D5
:10A0D0008A060AD5D0F8842042F08002C0F8842095
:10A0E0000268936943F02003936190F88120032A6A
:10A0F0000CD04A060AD5D0F8842042F00402C0F8F9
:10A1000084200268936943F0400393618A050AD56D
:10A11000D0F8842042F00102C0F8842002689369DC
:10A1200043F400739361C9050AD5D0F8841041F057
:10A130000801C0F8841001688A6942F480728A615B
:10A140000021A0F86210A0F86A1010BD10B5806B55
:10A1500000210122A0F86A10A0F8621080F8812086
:10A16000FEF78CFD10BD10B5846BFAF733FC0228A6
:10A170000ED02046FFF78CFFD4F88410012041F068
:10A180001001C4F8841084F881002046FEF776FDA3
:10A1900010BD10B5806BFFF75DF910BD10B5806B79
:10A1A00090F88110072909D0816FC969B1F5807FC6
:10A1B00005D00068016941F00801016110BDFFF799
:10A1C0002BF910BD2DE9F0411C4616460D460746F9
:10A1D000DDF818800AE000BFFCF72CFAA0EB0800BD
:10A1E000A04202D3601C01D00BE054B13868406932
:10A1F00035EA000007D00020B042EDD00020BDE8D5
:10A20000F0810320FBE70120F6E70178407841EA7E
:10A21000002070479AB025F097FEDFF8D890DFF85D
:10A22000D8A0DFF8D880DFF8D8B01890D9F800208F
:10A23000D8F80470B2FBFAF6F8F76AFF04460D4648
:10A2400006F0A4FC60B1DBF81C0048B10023022238
:10A25000194625F007FE03E0002015A924F066F852
:10A2600015A806F099FA0028F6D1684606F074FAA7
:10A2700088B10721684624F061F860B122462B4678
:10A2800006F0BEFB38B1DBF81C0020B1002302222F
:10A29000194625F0E7FD19AB204615AA294606F018
:10A2A00039F9012804D19DF8640015A924F03EF87D
:10A2B000072023F0EDFFC6B1D8F804105846DBF8AC
:10A2C0000820C91BB1FBF6F1914200D981600178E9
:10A2D00039B1D0E90321791AB1FBF6F1914200D9E5
:10A2E000C160012107618BF80010042118A825F036
:10A2F00017FB9BE7B000012440420F00001000E074
:10A3000000000124DFF858804FF080560EB54FF062
:10A31000FF39002411E000BFF8F7FAFE05460F46AA
:10A3200025F036FA2A463B46684606F04BFB25F0F8
:10A330004FFA641CE4B2202C0BD2684623F0A2FF33
:10A340000028E9D0202C04D20120494624F0C2FE86
:10A35000DFE7C8F80060BFF34F8FBFF36F8FD8E718
:10A3600004ED00E028480BF03FFA274C06210220BC
:10A3700084F88C1684F88D0609F0C0FD234920303E
:10A380000863FCF757F9014604F5D4600AF028FB8E
:10A3900013F09CF81E4800210AF038FA1D4D687031
:10A3A000FCF748F9C5F81000FCF744F91AF038FD3D
:10A3B00023F01AFC94F8C104B0B994F8C20498B917
:10A3C00094F8C30480B994F89A0668B994F89D0685
:10A3D00050B994F86F06012806D0FCF72BF91AF053
:10A3E00023FD08B10120A870287848B1687838B1F9
:10A3F0001AF0C0FC20B1084800210AF007FA687082
:10A4000005201DF0BCFECFE7A89F022484B20224E1
:10A410002DA60108F801012465A60108BAB025F0AF
:10A4200093FD4FF000094FF0FF3A0DF1B00BC84615
:10A430004F46379023F0C8FF40491C22044655463A
:10A4400024A8F6F7F3FB88216846F6F74BFC3C4856
:10A45000002641692C9181692D91C1692E91016A73
:10A460002F91416A3091816A31914068CDF8C800DE
:10A470005BF8260060B125F03DF9694601EBC601A5
:10A4800024AAA842086552F826204A6500D205464B
:10A49000761CF6B2072EEBD3A1690091E168019119
:10A4A000A16802912169039161690491E1690591B3
:10A4B000216A0691616A0791A16A0891E16A09918E
:10A4C000216B0A91616B0B91A16B0C91E16B0D916A
:10A4D000216C0E91616C0F91A16CCDE9101A12954F
:10A4E00025F0E8FB1390684608F058F8A1680025AD
:10A4F000494500D901256069404501D945F002056B
:10A50000226CBA4201D945F00405894680461746B7
:10A510007DB1F8F7FDFD02460B46284606F090FA9D
:10A5200038B10748406920B100230222194625F0BE
:10A5300099FC642137A825F0F3F97BE7E4050308CB
:10A5400000000124ADF5C56DFFF708FB4FF0FF36A5
:10A5500000243146012024F0BDFD02E001A8FFF7F0
:10A5600035FC01A806F052F90028F7D1F8F7D0FD24
:10A5700005F00CF8002540F2012800BF0DF224621E
:10A5800041460DF58460ADF8245623F0A7FF07007F
:10A5900002D0052F12D018E0F8F7BAFD01AF02463D
:10A5A0000DF584600B46BDF82416009706F0ECF913
:10A5B00001A8FFF70BFC641CE4B20AE001A805F057
:10A5C000E1FD10B901A8FFF701FC641C052FE4B2FE
:10A5D00001D1042CD2D3F8F79BFD01AA05F0D4FDDC
:10A5E00010B101A8FFF7F2FBF8F792FD04F0CEFFDF
:10A5F000042CADD30548002302221946C06925F07A
:10A6000031FC012025F066F9A2E7000000000124DA
:10A6100008B525F099FC074C0090E06920B10023B3
:10A620000222194625F01EFC0A21684625F078F919
:10A63000F3E70000000001240121084624F04AFD50
:10A6400023F07EFFF8E70000502010B580F311885A
:10A65000BFF34F8FBFF36F8F25F07CFC18B1044917
:10A660004FF080500860002080F3118810BD00007A
:10A6700004ED00E030B59DB04C216846F6F732FBA2
:10A68000202113A8F6F72EFB0220FCF70DFE1F4831
:10A69000016821F4404101600168002401F4404157
:10A6A0001B9101688904FCD50220099028252122EC
:10A6B0000092C3030193012106910A900C23CDE976
:10A6C0000B050FAD062285E8190012946846CDE906
:10A6D0000D12FEF73FF808B172B6FEE740201A905F
:10A6E00008230501CDE9163013ABCDE918053F214C
:10A6F000032283E8160013A81146FDF7EDFD00289C
:10A7000001D072B6FEE71DB030BD000018480258F7
:10A710002748F0B5274A016841F4700101601068CC
:10A7200000F00F00072804D2106820F00F00C01DB1
:10A73000106021490020204C10340B681F4D43F05D
:10A7400001030B6020600B682B400B60136803F063
:10A750000F03072B04D9136823F00F03DB1D1360CD
:10A76000154C174A1834174B261D371D2060124C04
:10A77000154D28343060261D3860371D23603B1D81
:10A7800035601C1D3A60251D2E1D1860331D22608A
:10A790002860326018600A6843F2D204064B0B4D01
:10A7A00022F4802260330A6018602C60F0BD000043
:10A7B00088ED00E000200052004402587FEDF6EAE8
:10A7C00080020101000202020000FF01004000526D
:10A7D0000148FEF7C8BE0000D07301242DE9F04700
:10A7E0002D4B4FF0804A2D4D026898422C4E2D4F34
:10A7F0002D4C09D0504507D0A84205D0B04203D017
:10A80000B84201D0A04205D1D1F804C022F07002B4
:10A810004CEA0202DFF894C0DFF894809842DFF837
:10A82000949015D0504513D0A84211D0B0420FD00B
:10A83000B8420DD0A0420BD0604509D0404507D0AA
:10A84000484505D01C4DA84202D01C4DA84203D15A
:10A85000CD6822F440722A434D6922F080022A43D7
:10A86000026098428A68C2620A68826207D0A04287
:10A8700005D0604503D0404501D0484501D1096964
:10A880000163012141610169C90703D0016921F018
:10A8900001010161BDE8F0870000014000040040B3
:10A8A00000080040000C004000040140004001404E
:10A8B000004401400048014000E0004000E4004046
:10A8C0002DE9F0410C46D0F8D412D0F8C83200EB94
:10A8D0008101D1F8C01229B304F00F02002702EB66
:10A8E000820500EB8506B5694DB102EBC20203EBB0
:10A8F0008202D269B5FBF2F302FB1352A2B1C1F896
:10A900001472D0F8D42200EB8200D0F8C40203699C
:10A910002BB1D1F8080201F50471224698470020B6
:10A92000BDE8F0810320FBE7002321461A46B7610A
:10A9300000F0FBFDF3E770B50546D0F8D40205EB57
:10A940008000D0F8C04294B1284600F0C8FCC4F89A
:10A950000C02D5F8D40205EB8000D0F8C412D4F86C
:10A960000402CA6804F503719047002070BD0320FB
:10A9700070BD000070B5224D0446297800F0F0FB50
:10A980002878002600F00F0000EB800004EB800028
:10A9900086842046697800F0E3FB687800F00F00B9
:10A9A00000EB800004EB8000A0F864612046A978E9
:10A9B00000F0D6FBA87800F00F0000EB800004EB5D
:10A9C00080008684C684D4F8D40204EB8000D0F8DA
:10A9D000C01299B1D0F8C40240688047D4F8D402BC
:10A9E00004EB8000D0F8C00200F0C7FFD4F8D40216
:10A9F00004EB8000C0F8C062C4F8BC62002070BDE7
:10AA00004801012410B5D0F8D41200EB8100D0F831
:10AA1000C04284B1D0F8C41259B194F80002FF28A2
:10AA200007D08B68214694F801229847FF2084F8CC
:10AA30000002002010BD032010BD00000A2101808B
:10AA4000004870474C01012470B5822106460D482C
:10AA500000F092FA012105460A4800F08DFA8121A2
:10AA60000446084800F088FA0DB11021A9714FF092
:10AA7000400104B1A18000B18180432030800148B1
:10AA800070BD00005801012470B5822106460D48B2
:10AA900000F072FA012105460A4800F06DFA8121A2
:10AAA0000446084800F068FA0DB11021A9714FF46E
:10AAB000007104B1A18000B1818043203080014841
:10AAC00070BD00005801012470B5822106460D4872
:10AAD00000F052FA012105460A4800F04DFA8121A2
:10AAE0000446084800F048FA0DB11021A9714FF052
:10AAF000400104B1A18000B1818043203080014831
:10AB000070BD0000580101242DE9F0474FF407758E
:10AB10000446284600F032FF06004FF0000965D0D9
:10AB20002946F6F7DFF8D4F8D40201273C4D4FF45C
:10AB3000007A4FF0100804EB8000C0F8C062C4F83F
:10AB4000BC62207CF0B3297840230222204600F02A
:10AB500036FC2878402300F00F0000EB800004EB67
:10AB60008000878402226978204600F028FC6978FA
:10AB700008230322204601F00F0101EB810104EBC1
:10AB80008101A1F86471A97801F00F0101EB810145
:10AB900004EB8101A1F82680A97800F010FCA978C7
:10ABA000C84601F00F0101EB810104EB81018F84A4
:10ABB000C6F80492D4F8D40204EB8000D0F8C402A2
:10ABC000006800E01AE006F501768047C6F81080BC
:10ABD000C6F8148032687AB1207CF8B140236978D5
:10ABE000204600F0F8FB0020BDE8F087D4F8D4122E
:10ABF00004EB8101C1F8C0920220F5E72978022216
:10AC00005346204600F0DBFB2878534600F00F0047
:10AC100000EB800004EB80008784A3E75346DEE767
:10AC20004801012410B5D0F8D41200EB8101D1F80D
:10AC3000C01259B1027C084C002AD1F8042207D076
:10AC40004023617800F0C7FB002010BD032010BD39
:10AC50004FF40073F5E700004801012439B1D0F842
:10AC6000D42200EB8200C0F8C412002070470320F9
:10AC70007047D0F8D42200EB8200D0F8C00218B19F
:10AC8000C0F804120020704703207047D0F8D43277
:10AC900000EB8300D0F8C00228B1C0F81022C0F841
:10ACA000081200207047032070472DE9FC4106463A
:10ACB000D0F8D4020C46002106EB80000D46D0F8F7
:10ACC000C0728DF80010ADF8041037B1217811F082
:10ACD00060022CD0202A48D102E00320BDE8FC818C
:10ACE000E288E2B109060BD5D0F8C4023946836880
:10ACF00060789847E288072A00D9072239462CE075
:10AD0000607887F80002E088402800D34020394668
:10AD1000C2B2304687F8012200F07FF82AE0D0F86E
:10AD2000C4020022214683686078984722E0607858
:10AD300030B101281ED00A2809D00B2815D110E007
:10AD400096F89C02032810D1022201A905E096F88A
:10AD50009C02032809D101226946304600F077F8A9
:10AD600008E096F89C02032804D02146304600F003
:10AD700049F803252846B1E710B5D0F8D41200EB06
:10AD800081020121D2F8C0221AB1D2F8143213B1D3
:10AD900016E0032010BD0B490123C2F81432D2F88B
:10ADA0001032097801F00F0404EB840400EB8404F2
:10ADB000A361D2F81032D2F8082200F0B6FB0021CD
:10ADC000084610BD4801012410B5D0F8B82200246F
:10ADD0005268904700B10324204610BD0020704700
:10ADE0000020704713460A46002110B500F0F3FA20
:10ADF000002010BD13460A46002110B500F095FB57
:10AE0000002010BD10B58021044600F06FFB2046E5
:10AE1000BDE81040002100F069BB10B5C0F8582112
:10AE20000323C0F89432C0F85C2113460A4600217F
:10AE300000F0D1FA002010BD10B50521C0F8941221
:10AE400000231A46194600F0C6FA002010BD10B5BE
:10AE500082610223C0F89432C26113460A4600217F
:10AE600000F063FB002010BD10B50421C0F894125F
:10AE700000231A46194600F058FB002010BDF8B513
:10AE800004460D460020ADF800004888010A062956
:10AE900047D006DC01290FD0022912D0032962D144
:10AEA0001DE0072946D00F295DD1D4F8B402C2694C
:10AEB00020E0694690473BE0D4F8B412207C0A6851
:10AEC000F7E7207C02260028D4F8B80205D0C16A32
:10AED000684688470146467036E0816AF8E7C0B2A6
:10AEE000062840D2DFE800F003090D111519D4F847
:10AEF000B4024268B2B3207CDBE7D4F8B4028268C3
:10AF0000F8E7D4F8B402C268F4E7D4F8B4020269EE
:10AF1000F0E7D4F8B4024269ECE7D4F8B4028269ED
:10AF2000E8E7207CF0B9D4F8B802416B684688475E
:10AF3000014609E0207CA8B9D4F8B802016B684644
:10AF40008847014607204870EA888AB1BDF80000AA
:10AF500040B1824200D902462046ADF80020FFF7FA
:10AF600076FFF8BDFFE729462046FFF74BFFF8E7DD
:10AF70002046FFF779FFF4E778B542880D4601785F
:10AF8000002604468A4212D9ADF800100AE069464C
:10AF900000F019F84178052904D181780646A942C4
:10AFA00005D000266188BDF800209142EFD83046D8
:10AFB00078BD002102E0491C401CC9B20278002A79
:10AFC000F9D1084670470A8803781A440A80017844
:10AFD0000844704770B5002816460D4620D0044638
:10AFE000FFF7E7FF02220146100202EB4101814216
:10AFF00004D82046FFF7DDFF4000801C3080337806
:10B00000032102202B700022697006E0431C2954A2
:10B01000D8B2411C641C2A54C8B221780029F5D149
:10B0200070BD01004FF0000004D0012901D00229B9
:10B0300001D00320704701207047000004A00A4699
:10B04000024910B5FFF7C6FF004810BDF87601248D
:10B0500043444320436F6E666967000012200880F6
:10B06000004870475400012404A00A46024910B564
:10B07000FFF7B0FF004810BDF87601244344432099
:10B08000496E746572666163650000000420088083
:10B09000004870475000012404A00A46024910B538
:10B0A000FFF798FF004810BDF876012453544D690E
:10B0B00063726F656C656374726F6E6963730000B1
:10B0C00004A00A46024910B5FFF784FF004810BDEE
:10B0D000F876012453544D333220566972747561E9
:10B0E0006C20436F6D506F727400000010B51A2011
:10B0F00008800B480A490830021F09680068146874
:10B10000081809D007490822FEF7E0FA0549042289
:10B1100020461031FEF7DAFA0248801E10BD00000A
:10B1200000E8F11F7600012478B10023C0F8B8329E
:10B13000C0F8C432C0F8D03209B1C0F8B41201214D
:10B14000027080F89C1200F0CFB80320704710B551
:10B15000D0F8C802FBF7F9FBBDE81040FFF761BF6C
:10B1600010B5D0F8C802FBF7CBFBBDE81040FFF7E5
:10B1700058BF2DE9F041174604464FF0000521B1B4
:10B1800094F89C02032842D04CE0D4F8941204F1C5
:10B190001400022935D1D0E902639E4206D9F21A81
:10B1A000394682602046FFF725FE0FE0B34214D1F6
:10B1B0004068984211D3D4F8981288420DD20022E8
:10B1C00020461146FFF716FEC4F8985200231A468F
:10B1D0001946204600F0FFF813E094F89C0203287B
:10B1E00008D1D4F8B802C16821B1C4F8D452C168FA
:10B1F000204688478021204600F078F92046FFF756
:10B200001BFE94F8A00268B184F8A0520AE0D4F8BA
:10B21000B802426932B1C4F8D4524269204690471C
:10B22000002800D10020BDE8F08170B51346044627
:10B230004FF0000221B194F89C02032830D03AE08C
:10B24000D4F8941204F5AA70032934D1D0E902513C
:10B250008D420AD96A1A82600846824200D30246A9
:10B2600019462046FFF7BEFD25E094F8AA0210F02B
:10B270001F0003D0012802D0022800D0002294F839
:10B280009C02032808D1D4F8B802016921B1C4F89E
:10B29000D4220169204688472046FFF7E5FD0AE0F1
:10B2A000D4F8B802836933B1C4F8D4228269204645
:10B2B0009047002800D1002070BD0020704710B5D5
:10B2C000D0F8B812012280F89C22002429B1037919
:10B2D0004A68D9B2904700B10324204610BDD0F887
:10B2E000C802FBF75FBB000070B50178012929D1C6
:10B2F00015490925154C02230022C1F8E004C0F8C5
:10B30000C81208460C600D71CB718A714B728A723B
:10B31000CA720A738A73CA730A74FBF7BBFE08B158
:10B32000F8F7ABF908484FF40071FBF798FA0648B4
:10B3300080220021FBF797FA034801214FF4BA72EB
:10B34000FBF791FA002070BD188B01240000044027
:10B35000D0F8C82201F07F000B0600EBC00002EB22
:10B36000800001D5807D704790F85602704710B577
:10B37000D0F8D42200EB8202D2F8B82222B190F8A1
:10B380009C32032B02D004E0032010BD126A02B1EC
:10B390009047002010BD10B5D0F8D42200EB8202F7
:10B3A000D2F8B82222B190F89C32032B02D004E0EC
:10B3B000032010BD526A02B19047002010BD10B5A5
:10B3C0001C46D0F8C80213462246FBF7F4FABDE843
:10B3D0001040FFF726BE10B5D0F8C802FBF71AFBE5
:10B3E000BDE81040FFF71DBE2DE9F04104460125E0
:10B3F0000020D4F8B812064684F89C52C4F894028F
:10B400006060C4F8A40284F8A00231B14A6822B195
:10B4100000212046904700B1032620460022402309
:10B420001146FFF7CCFF4027A4F8645100223B46A9
:10B4300080212046C4F86071FFF7C1FFA584304623
:10B440002762BDE8F08190F89C12042903D190F89E
:10B450009D1280F89C120020704710B590F89C1245
:10B46000032905D1D0F8B81211B1C96901B18847D3
:10B47000002010BD01740020704710B5D0F8C8023C
:10B48000FBF7BEFEBDE81040FFF7CBBD70B504462C
:10B4900000F2AA20054600F051F894F8AA02012310
:10B4A000B4F8B01210F01F02C4F89432C4F8981225
:10B4B0000AD0012A0ED0022A12D000F080012046C4
:10B4C000BDE8704000F012B829462046BDE8704043
:10B4D00000F0D0B829462046BDE8704000F013BA0D
:10B4E00029462046BDE8704000F05BB910B5D0F8A1
:10B4F000C802FBF7A9FABDE81040FFF792BD10B5EE
:10B50000D0F8C802FBF796FEBDE81040FFF789BDF2
:10B5100090F89C12042903D090F89C1280F89D1298
:10B52000042180F89C120020704710B5D0F8C802A2
:10B53000FBF7C3FABDE81040FFF773BD70B50546D1
:10B5400008788C1C2870487868702046FEF75DFEED
:10B55000A41C68802046FEF758FEA880A01CFEF7B9
:10B5600054FEE88070BD38B504460020ADF80000F8
:10B57000A1B1C4F8B812D4F8D40204EB8000D0F81A
:10B58000B802C16A19B168468847C4F8D002D4F835
:10B59000D802401CC4F8D802002038BD032038BDB2
:10B5A000D0F8B83202460020002B02D01B681046AB
:10B5B000184770472DE9F0412C4E04468878002545
:10B5C0008846C1B20129317006D941462046FFF7AD
:10B5D00019FC0320BDE8F08194F89C0202270228A0
:10B5E0000CD003281DD041462046FFF70BFC3178D4
:10B5F0002046FFF7E9FB03252846EBE789B3204601
:10B600006160FFF7CDFF050004D041462046FFF7FB
:10B61000F9FB1DE02046FFF727FC032084F89C027D
:10B62000EAE7C1B1606888421BD0C1B22046FFF78B
:10B63000CBFB317820466160FFF7B2FF050010D0E8
:10B6400041462046FFF7DEFB21792046FFF7BCFB91
:10B6500084F89C72D0E7616084F89C722046FFF702
:10B66000B3FB2046FFF700FCC6E7000044010124BD
:10B67000FFF745BF2DE9F0410A784FF0000512F0C1
:10B6800060020CD0202A01D0402A7DD1D0F8D422EB
:10B6900000EB8202D2F8B8229268904731E04B78F2
:10B6A000002201260A2B6FD2DFE803F041666E58B4
:10B6B0006E08056E2D29FFF7E2FB67E004468888D7
:10B6C000D8B9C888C8B94888802816D294F89C226E
:10B6D00000F07F07032A10D03946204684F89E7276
:10B6E000FFF7CBFE2046FFF7BFFB1FB1022084F817
:10B6F0009C024BE084F89C6248E0204644E0FFF75F
:10B7000059FF054642E0CB88012B3DD190F89C3291
:10B71000012B04D0022B02D0032B35D104E000F121
:10B7200008018260012216E00122011D13E090F859
:10B730009C22012A03D0022A01D0032A24D1CA88DC
:10B74000022A21D1D0F8A412C66009B10321C16038
:10B75000022200F10C01FFF77AFB17E04A88012A68
:10B7600002D0022A03D00FE0C0F8A46216E0898854
:10B77000090A80F8A01211E090F89C32012B08D041
:10B78000022B06D0032B04D0FFF73CFB2846BDE874
:10B79000F08149880129F9D1C0F8A422FFF764FBA0
:10B7A000F4E72DE9F0410A780E460979054612F0D2
:10B7B00060004FF00008CCB20BD0202801D0402808
:10B7C0006AD121462846FFF709FBFF2800D0D8B3ED
:10B7D00096E07078C8B3012824D003285CD195F88E
:10B7E0009C02022802D0032856D10CE0002C53D032
:10B7F000802C51D021462846FFF778FE802128462C
:10B80000FFF774FE7CE0708840B93CB1802C05D015
:10B81000F08818B921462846FFF768FE2846FFF74A
:10B8200023FB6DE095F89C020228DFD0032863D14A
:10B83000708880BB600603D021462846FFF787FC4E
:10B840002846FFF711FBBCE700E00AE0C5F8D40288
:10B85000D5F8B8028268F2B1314628469047804652
:10B860004EE095F89C020027022802D0032843D11D
:10B8700013E00CB1802C3FD1200604F07F0000EBD8
:10B88000800005EB800101D5143101E001F5AA71BA
:10B8900002220F602CE033E02EE0200604F00F00BF
:10B8A00000EB800005EB800009D5808C20B304F00C
:10B8B0007F0000EB800005EB800614360AE0B0F84C
:10B8C0006401C8B104F07F0000EB800005EB800646
:10B8D00006F5AA764CB1802C07D021462846FFF702
:10B8E00037FD10B10120306000E0376002223146A0
:10B8F0002846FFF7ACFA03E031462846FFF782FA04
:10B900004046BDE8F08170B5054608780E464FF018
:10B91000000410F0600003D0202801D0402827D177
:10B9200095F89C02012803D0022801D003281FD1DA
:10B93000B088C1B201291AD8C1B22846FFF750FA1F
:10B94000FF280CD058B9D5F8B8128A683AB1C5F8B2
:10B95000D40228468A6831469047044600E0032412
:10B96000F088204307D12846FFF77EFA03E03146EE
:10B970002846FFF747FA204670BD704700487047D9
:10B98000F888012470B54D7801230A78012D1C4CEC
:10B9900002F00F0503FA05F3D0F81C5817D000EB9E
:10B9A000421245EA0343C0F81C38D2F8000B0004E9
:10B9B0000BD40B890979D2F8000BC3F30A0318439F
:10B9C00044EA81410843C2F8000B002070BD9EB2DA
:10B9D0003543C0F81C5800EB4213D3F800090004AB
:10B9E000F3D40D890979D3F80009C5F30A05890450
:10B9F000284341EA825108432043C3F80009E4E7A1
:10BA000000800010D0F800196FF30A01C0F8001987
:10BA1000D0F8041841F48071C0F804180020704771
:10BA200070B50D460446C2F307211E46049801294D
:10BA300022D0E06840F04000E060204600F03CF892
:10BA4000C6F307210029A16B2ED021F48031A16318
:10BA5000C5F3074101290ED1E16D154A89B2E165AF
:10BA6000E16D1143E165A16841F00601A160A168A3
:10BA700041F02001A16070BDA26BC3B20D49012B42
:10BA800022F48030A063E06800EA0100E060E06832
:10BA900020F44010E06003D1E06840F48010E060E2
:10BAA000204600F009F8D3E741F48031CFE70000E9
:10BAB0000000EE03BFFFBDFF08B500214FF070622C
:10BAC0000091009B5B1C009393420CD80369002BF0
:10BAD000F7DA0091016941F0010101610099491C07
:10BAE0000091914201D9032008BD0169C907F5D130
:10BAF000002008BD70B50A7801234C78012C00EBBA
:10BB000042122CD0D2F8004B002C0BDAD2F8004BAA
:10BB100044F00064C2F8004BD2F8004B44F080447B
:10BB2000C2F8004B0C78D0F83C5804F00F0403FA2C
:10BB300004F425EA0444C0F83C480978D0F81C48CD
:10BB400001F00F018B401C4924EA0343C0F81C3864
:10BB5000D2F8000B0840C2F8000B002070BDD2F8EC
:10BB60000049002C0BDAD2F8004944F00064C2F816
:10BB70000049D2F8004944F08044C2F800490D78E9
:10BB8000D0F83C4805F00F050C4E03FA05F5ADB2B0
:10BB9000AC43C0F83C48D0F81C48097801F00F01CC
:10BBA0008B4099B28C43C0F81C48D2F80009304051
:10BBB000C2F80009D1E700000078F3EF007833EC19
:10BBC000D0F8001E21F00301C0F8001ED0F80418C0
:10BBD00021F00201C0F8041800207047D0F8001EC0
:10BBE00021F00301C0F8001ED0F8041841F0020152
:10BBF000C0F80418002070472DE9F04F00250F46CB
:10BC0000904604462E46284604EB8001C1F80451B4
:10BC1000401C0F28F8D3C3F307405FEA0009204611
:10BC200010D0806B40F40011C4F83810C8F307201E
:10BC3000C4F8005E0128204617D0D0F8001841F063
:10BC4000030119E0D0F8040840F00201C4F8041818
:10BC5000A06B20F40011A163206840F04001216036
:10BC6000206840F080012160E0E7D4F80018380E29
:10BC7000204601D041F00101C0F80018102100F069
:10BC800088FA00B10126204600F067FA00B10126CB
:10BC90004FF67F3A4FF0006CC4F810584FF0904BBD
:10BCA000C4F81458C4F81C580020FAB214E000BFBD
:10BCB00004EB4011D1F80039002B06DA10B1C1F8BD
:10BCC00000B904E0C4F800C901E0C1F80059C1F8A6
:10BCD0001059C1F808A9401C8242E9D8002013E09D
:10BCE00004EB4011D1F8003B002B06DA10B1C1F88B
:10BCF00000BB04E0C4F800CB01E0C1F8005BC1F870
:10BD0000105BC1F808AB401C8242E9D8D4F8100897
:10BD1000C7F30742002A6FF0804120F48072C4F814
:10BD20001028A561616103D1A06940F01000A061F5
:10BD3000A069C8F30741094A1043A06119B1A0697D
:10BD400040F00800A061B9F1010F03D1A0690449D6
:10BD50000843A0613046BDE8F08F000000383C8009
:10BD600004000040816821F00101816000207047DB
:10BD700010B5144C036CA34203D9D0F8003B002B40
:10BD80001EDB0023C0F8103B0129D0F8101B41F442
:10BD90000021C0F8101BD0F8101B41F01801C0F8AA
:10BDA000101BD0F8101B41F0C041C0F8101B07D188
:10BDB000C0F8142BD0F8001B41F08021C0F8001B04
:10BDC000002010BD0A30544F0B784A78012A00EB4E
:10BDD00043100BD0D0F8002B22F40012C0F8002B37
:10BDE0000979032914D0022912D017E0D0F80029CC
:10BDF00022F40012C0F800290979032901D0022990
:10BE00000CD1D0F8001941F08051C0F8001905E0BC
:10BE1000D0F8001B41F08051C0F8001B0020704793
:10BE20000A784B78D1B2012B00EB421012D0D0F837
:10BE3000002B002A06DB29B1D0F8001B21F080413D
:10BE4000C0F8001BD0F8001B41F40011C0F8001B23
:10BE500000207047D0F80029002A06DB29B1D0F86D
:10BE6000001921F08041C0F80019D0F8001941F400
:10BE70000011C0F80019EBE7F8B50B786FF06046D9
:10BE80004F788A4DDCB2012F00EB43132BD0D3F84F
:10BE9000107B002C07EAC544C3F8104BD3F8104BB5
:10BEA00004EA0504C3F8104B7ED00D69002D7CD048
:10BEB0008C6825446D1EB5FBF4F5ADB26C430C6285
:10BEC00006EAC545D3F8104B2C43C3F8104BD3F802
:10BED000104B0D6AC5F3120554EA0504C3F8104B64
:10BEE000012A6ED0C9E00F6937B3D3F810796FF328
:10BEF0001207C3F81079D3F8107907EA0507C3F8D9
:10BF000010794CB30F698D68D3F810C92F447F1E88
:10BF1000B7FBF5F506EAC54545EA0C05C3F8105927
:10BF20000E69D3F81059C6F312063543C3F81059F9
:10BF30000D79012D1CD027E0D3F810692E40C3F8ED
:10BF40001069D3F8105945F40025C3F81059D3F8F7
:10BF500010596FF3120515E00E698D68AE4200D9D5
:10BF60000D61D0F8106946F40026C0F81069D7E7D3
:10BF7000D3F8105925F0C045C3F81059D3F810591B
:10BF800045F00055C3F81059012A1BD000EB4413AB
:10BF9000D3F8004944F00444C3F800490C79012C5B
:10BFA00031D00A6972B301E042E055E00B78D0F875
:10BFB0003418012203F00F039A401143C0F83418DB
:10BFC00071E056E0CA691AB100EB4413C3F81429B2
:10BFD000097901290ED1D0F80818C90500EB4411E0
:10BFE000D1F8002902D442F0005201E042F0805220
:10BFF000C1F8002900EB4410D0F8001941F00441C9
:10C00000C0F800194FE0D0F80848E405D3F800491B
:10C0100002D444F0005401E044F08054C3F80049D5
:10C0200000920B8A0A78C9689BB200F0E1F93AE005
:10C030000C690CB18C680C618C680C62C4F312053D
:10C04000D0F8104B2C43C0F8104BD0F8104B44F4F0
:10C050000024C0F8104B43E78D68D3F8104BC5F3AC
:10C0600012052C43C3F8104BD3F8104B44F40024B2
:10C0700034E7CA680AB1C3F8142B097901290CD135
:10C08000D0F80808C005D3F8000B02D440F00050E7
:10C0900001E040F08050C3F8000BD3F8000B40F0F3
:10C0A0000440C3F8000B0020F8BD0000FFFF07E0CC
:10C0B00038B5002242F21074002300920A784D78BD
:10C0C000012D00EB421219D0D2F8005B002D3CDAB2
:10C0D000D2F8005B45F00065C2F8005B0A7800EB1F
:10C0E0004212D2F8005B45F08045C2F8005B009A2E
:10C0F000521C0092A24221D9012326E0D2F8005915
:10C10000002D22DAD2F8005945F00065C2F8005936
:10C110000A7800EB4212D2F8005945F08045C2F887
:10C120000059009A521C0092A242E5D80A7800EB0E
:10C130004212D2F80029002AF3DB06E00A7800EB6D
:10C140004212D2F8002B002AD1DB184638BD816894
:10C1500041F0010181600020704708B500214FF0D7
:10C1600070620091009B5B1C009393420AD80369A4
:10C17000002BF7DA0091102303610099491C00910C
:10C18000914201D9032008BD0169C906F5D40020F8
:10C1900008BD18B500224FF070630092009C641C2B
:10C1A00000949C420CD80469002CF7DA20240092F9
:10C1B00044EA811101610099491C0091994201D919
:10C1C000032018BD01698906F5D4002018BDD0F8F8
:10C1D000080810F0060004D0022803D0062801D079
:10C1E0000F20704702207047406900F0010070473F
:10C1F000D0F81818D0F81C08084080B27047D0F862
:10C200001818D0F81C080840000C704710B5D0F87A
:10C21000102801F00F0300EB4114D0F83418D4F8C3
:10C220000809D94001F0010142EAC111084010BDDE
:10C2300000EB4111D1F8081BD0F8140808407047F2
:10C2400041698069084070470346084630B5940844
:10C2500002F00301002203F5805303E01D68521C25
:10C2600040F8045BA242F9D300290CD01C680023DB
:10C27000491EDD00090403F10103090C24FA05F24B
:10C2800000F8012BF4D130BD70B50446C068012917
:10C290004FF0000520F0C040E06001D079B120E00F
:10C2A000E06840F00050E0600A20F9F735FA606974
:10C2B0000A3510F0010F10D1C82DF5D30DE0E0685C
:10C2C00040F08040E0600A20F9F726FA60690A35FC
:10C2D00010F0010F01D0C82DF5D3C82D01D00020DA
:10C2E00070BD012070BDD0F800284FF4FE6303EA52
:10C2F000011322F4FE62C0F80028D0F80018194398
:10C30000C0F8001800207047022A3ED1264A274B69
:10C310000A449A4201D20F2138E0254A254B0A44AB
:10C320009A4201D20E2131E0234A244B0A449A4218
:10C3300001D20D212AE0224A224B0A449A4201D21C
:10C340000C2123E0204B214A0B44934201D20B21C4
:10C350001CE01F4B1F4A0B44934201D20A2115E0F7
:10C360001D4B1E4A0B4493420FD31D4B1D4A0B44D9
:10C37000934201D2082109E01B4B1C4A1944914207
:10C3800001D2072102E0062100E00921C2684FF432
:10C39000705322F47052C26003EA8123C1681943CA
:10C3A000C160002070470000405327FF00350C009B
:10C3B000401E1BFF40420F0000DC0BFF804F1200AD
:10C3C000808CF9FE20D6130060B6E5FE60E316000F
:10C3D00000D3CEFE40771B00C05BB3FEC0912100AE
:10C3E00000CA91FE20753800E05459FEE09C4100DF
:10C3F00010B5029C74B900EB0232DB1C00209B08D4
:10C4000002F5805204E000BF51F8044B1460401C58
:10C410009842F9D3002010BDFEE703B40198410013
:10C42000009850EAC12018BF04204A0D18BF40F000
:10C43000010040F2FF72B2EB515F08BF40F0020012
:10C44000012808BF052002B07047000013B5054859
:10C450000199090DB0EB415F01D001201CBD002006
:10C460001CBD00000000E0FF6FEAD05010F0FF009C
:10C4700000D0012070476FEAD05010F0FF0000D0CC
:10C48000012070476FEAD05010F0FF0000D001206B
:10C4900070476FEAD05010F0FF0000D001207047C5
:10C4A0006FEAD05010F0FF0000D0012070476FEA13
:10C4B000D05010F0FF0000D0012070476FEAD0503C
:10C4C00010F0FF0000D00120704700280DDB41096B
:10C4D00000F01F02890001F1E0210120D1F80011D4
:10C4E0009040014201D001207047002070470907A9
:10C4F00000284FEA116104DB00F1E02080F800140D
:10C50000704700F00F0000F1E02080F8141D704724
:10C510002DED020B9FED340BDDE90010C0F30A5244
:10C520009FED331BA2F2FF32142A2DDA9DED002B72
:10C530009FED2D0B002A32EE000B10DAB4EEC01B7B
:10C54000F1EE10FA49D20028BCBF4FF000400021A4
:10C5500043DB50EA010218BF274813D13DE0274BC7
:10C56000D34000EA030C5CEA010C17D0B4EEC10B17
:10C57000F1EE10FA31DD002803DD4FF48011D140D7
:10C5800008449843002128E0332A07DCA2F1140371
:10C590004FF0FF3C2CFA03F3194203D19DED000B41
:10C5A00002B070479DED002B30EE420BB4EEC10B94
:10C5B000F1EE10FA11DD00280EDD142A08BF401C30
:10C5C0000AD0C2F134024FF0010C0CFA02F20A4414
:10C5D0008A4238BF401C11469943CDE900109DEDB9
:10C5E000000B02B0704700009C7500883CE4377E69
:10C5F00000000000000000000000F03FFFFF0F00FF
:10C6000010B52DED028BB0EE608AF0EE408A18EE88
:10C61000101A18EE900A23F0F3FD00F07040B0F10C
:10C62000005F0CD018EE100A20F00040C0F1FF406F
:10C63000C00F02BFB0EE480ABDEC028B10BDB0EED9
:10C64000680ABDEC028B10BD10B52DED028BB0EE6B
:10C65000608AF0EE408A18EE101A18EE900A23F065
:10C66000CFFD00F07040B0F1004F0CD018EE100A72
:10C6700020F00040C0F1FF40C00F02BFB0EE480AFA
:10C68000BDEC028B10BDB0EE680ABDEC028B10BD94
:10C6900010B52DED028BB1EEC08A18EE100A20F015
:10C6A0000040C0F1FF40C00F0AD010EE100A20F089
:10C6B0000040C0F1FF40C00F04BF0120F4F7B1FB00
:10C6C000B0EE480ABDEC028B10BD00000000000077
:10C6D00000B583B09FED080B0A4601468DED000BB7
:10C6E0006846F4F75FFF9DED000B03B0B7EEC00B9B
:10C6F00000BD00000000000000000000000000007D
:10C700009FED030B20EE000B7047000000000000BF
:10C7100000000000000000709FED030B20EE000BF6
:10C720007047000000000000000000000000001042
:10C7300010B504462DED048B82B06A4691ED008B56
:10C7400051EC180B0DF0BCFC00989FED1D9B7E304A
:10C750000090002822DCB4EE498BF1EE10FA1DD0D7
:10C76000002140F608004FF00000B7EEC88B40F6FD
:10C770000801014040F608004FF000009FED120A4A
:10C78000B4EE408AF1EE10FA04BF0220F4F749FB40
:10C7900084ED008A02B0BDEC048B10BDFF28B8BF49
:10C7A000B7EEC88BF4DB0220F4F73BFBB4EEC98B89
:10C7B000F1EE10FAACBF9FED058A9FED058AE7E721
:10C7C0000000000000000000000000000000807F6A
:10C7D000000080FF0000000030B504462DED048B02
:10C7E00085B040F2FF7590ED008B0A4618EE900A76
:10C7F0008DED008B35EA10501EBF9FED239BB4EEEC
:10C80000498BF1EE10FA23D051EC180B23F03CFECB
:10C8100041EC180B18EE900A8DED008B35EA1050A4
:10C820001CD0B4EE498BF1EE10FA11D10220F4F7CE
:10C83000F8FAFFF771FF10EE901A18EE900A8DEDDE
:10C84000000B8DED028B61F31E0001909DED008BBE
:10C8500084ED008B05B0BDEC048B30BD0220F4F7F5
:10C86000E0FAFFF74DFF10EE901A18EE900A8DEDEA
:10C87000000B8DED028B61F31E0001909DED008B8E
:10C88000E6E70000000000000000000000000000DB
:10C8900030380A2801D2012070470020704700007C
:10C8A0000848442110B500F089FD074800221421F2
:10C8B00018F062FF054CA06005F0A2FF0020207078
:10C8C00010BD000044B90224B9280108C0020124A7
:10C8D0002DE9F84F0E46814617461146304600F0C6
:10C8E00023F940B100223946304600F0C9F828B19A
:10C8F0000020BDE8F88F4FF0FF30FAE7B6F906C028
:10C900000020B6F90210421EB6F904E0B6F900B0F4
:10C91000ACEB010CB7F802800CF1010CAEEB0B0391
:10C920008A465B1C02FA83F302FA8CFCA8EB0A012C
:10C9300009B21AB200920FFA8CF200290EDD6BF3E5
:10C940000F040AEB01036EF30F056AF31F44C9F8E5
:10C95000004063F31F45C9F804500120B7F90610E1
:10C960007388CB1AD21A12B2002A15DDB6F9063036
:10C97000994211DAB6F8008009EBC003B6F804C09A
:10C980000A44401C68F30F046CF30F0561F31F4465
:10C990001C6062F31F455D60B7F90220B6F9021012
:10C9A0008A4200DD1146B7F90630B6F906209342F7
:10C9B00000DA1A46B7F800C0B6F90030521A0FFA7A
:10C9C00082F8ACEB030C0FFA8CF2002A13DDB8F1FD
:10C9D000000F10DD63F30F04134401EB080C63F345
:10C9E0000F0509EBC00361F31F44421C1C606CF38C
:10C9F0001F4510465D60B7F904203388D61A009BA6
:10CA00009B1B1BB2002B7FF778AF62F30F0401EB87
:10CA1000080661F31F44134409EBC00163F30F05DB
:10CA2000421C0C6066F31F4510464D6061E770B50F
:10CA3000B1F90040B2F900309C4200DD234603808A
:10CA4000B1F90250B2F90240A54200DD2C46448003
:10CA5000B1F90460B2F90450AE4200DA354685807F
:10CA6000B1F90610B2F90620914200DB1146C180EF
:10CA7000AB424FF0010001DC8C4200DD002070BDB4
:10CA8000F8B50D46B1F900100446B0F9000016469D
:10CA9000884247DBB4F90210B5F90220914241DB2C
:10CAA000B4F90410B5F9042091423BDCB4F9061046
:10CAB000B5F90620914235DC96B3ADF80000324658
:10CAC00060886946ADF80200284600F049F8002861
:10CAD00027D0A0883246ADF8000069466088ADF8DE
:10CAE0000200284600F03CF800281AD02088324680
:10CAF000ADF800006946E088ADF80200284600F075
:10CB00002FF800280DD0A0883246ADF80000694605
:10CB1000E088ADF80200284600F022F8002800D096
:10CB20000120F8BD0020F8BDB0F90020B1F90430B3
:10CB30009A4213DCB0F90420B1F900309A420DDBBF
:10CB4000B0F90220B1F906309A4207DCB0F90600CC
:10CB5000B1F90210884201DB0120704700207047C4
:10CB60002DE9FC410546B1F900000E461446B5F921
:10CB7000001088423ADBB5F90470B84236DCB6F9E9
:10CB80000200B5F90230984230DBB5F90620904238
:10CB90002CDC002C75DD781AD21A401C521C00B215
:10CBA00012B200EBD07002EBD272401052109042E1
:10CBB00000DB1046844200DD0446ADF800102888F2
:10CBC000002231462044ADF804006888ADF8020028
:10CBD00068882044ADF806006846FFF7C1FF40B101
:10CBE000BDF804002044ADF804003FE00020BDE89B
:10CBF000FC81E88800223146001BADF80200E8887D
:10CC0000ADF806006846FFF7ABFF28B1BDF8040099
:10CC10002044ADF8040011E0A88800223146001B32
:10CC2000ADF80000A888ADF804006846FFF798FF4B
:10CC300050B1BDF80000001BADF80000BDF80200C7
:10CC4000001BADF8020016E068880022ADF8020073
:10CC5000314668882044ADF806006846FFF780FF3B
:10CC600070B1BDF80000001BADF80000BDF8060073
:10CC70002044ADF806003146684618F05FF8B6E784
:10CC8000FFE70120B3E710B5B1F90040B2F9003079
:10CC90009C4200DA23460380B1F90240B2F9023027
:10CCA0009C4200DA23464380B1F90440B2F90430D3
:10CCB0009C4200DD23468380B1F90610B2F90620BC
:10CCC000914200DC1146C18010BD0000F8B5054658
:10CCD00018F03EFD364C00260746009635B1E86850
:10CCE0006060284618F01AFE606802E011F0B4FB9C
:10CCF0006060006917F05EFF6068406908B117F076
:10CD000059FF6068C06917F055FF6068006A17F046
:10CD100051FF6068016991B118F048F920F0CAF834
:10CD20001FF01AFF6068B0F85011D9B30068017C99
:10CD3000C9071DD0C0684068D0B1002513E0A0F835
:10CD40005061F8BD411991F8301151B900F5AC703E
:10CD500000F08BFB616801EBC5010A6B0260496B57
:10CD600041606D1CADB26068B0F85011A942E9D8BD
:10CD700060684FF48071303014F000FE606820214C
:10CD800000F5987014F0FAFD6068A0F8506138461C
:10CD900018F0D7FC009060680068436A13B12268FD
:10CDA0000099984714F0AAFCBDE8F84000F016B8C6
:10CDB00058020124084949680AE04A68824202D0C0
:10CDC0000A68824203D10A7E42F001020A7649696A
:10CDD0000029F2D1704700002C02012470470000A6
:10CDE0000148042100F0EABA38B9022401482021A0
:10CDF00000F0E4BA50B902240023491E8180521E7B
:10CE0000C2800380438070472DE9F041124C1546E3
:10CE10000E46074618F09CFC80462B4632463946A3
:10CE2000204613F025FD20B1E1690020A06251B138
:10CE300010E02C21204614F0A1FD4FF00040A0622C
:10CE40000020BDE8F081404618F07BFCE06108B9A5
:10CE50000120E0612046F4E774B902240A48142155
:10CE600010B500F0ABFA13F0C5FC40B10749016002
:10CE700007494160074981600749C16010BDBDE8AD
:10CE8000104007F0CDBD00005CB90224A5010208E6
:10CE900025050208110702087101020870B50D4648
:10CEA00004461021284614F069FD20680078012806
:10CEB00004D0022807D0042807D008E0A08A2880E0
:10CEC000E08A688003E0E06800E00A20686020688B
:10CED0004268002A03D02946BDE87040104770BD63
:10CEE0002DE9FE430446808A10B9E08A002874D0F8
:10CEF000D4F82C805FEA080010D120460CF024FE04
:10CF00005FEA000869D020460EF09EFA00224046F3
:10CF1000092112F0D7FC607880075ED44FF4807945
:10CF2000454600274E460021284616F0AAFA384406
:10CF300007B22846002116F0B6FAC11700EB1160BF
:10CF4000001210FB06F006B2284615F0C3FC0500DF
:10CF5000E9D10FB94E450CD04FF480306B4690FBB1
:10CF6000F6F07942009509B202B204F1140017F00C
:10CF70004BFEADF80450ADF8085094F8400000F0B6
:10CF80000F000328404616D015F0D6FD0646404651
:10CF900015F0ACFC034632460C200090B4F9161094
:10CFA00040460CF03FFAADF80800404615F0F0FCA2
:10CFB000C10713D018E015F053FD0646404615F0A2
:10CFC000EFFC0246334603200090B4F914104046AB
:10CFD0000CF028FAADF80400E7E736E0BDF90410DC
:10CFE000002901DDADF80450810705D4BDF9041016
:10CFF000002901DAADF80450410705D4BDF9081045
:10D00000002901DDADF80850000705D4BDF908007E
:10D01000002801DAADF8085002AA01A9204620F044
:10D020001BFDBDF908204046BDF9041000F093FA3D
:10D030006078800709D4208BBDF80420618B1044F0
:10D040002083BDF8080008446083BDE8FE832DE915
:10D05000FC5F0446C06A5FEA000B71D094F84000A0
:10D0600000076DD013F0C8FC019040210068457E98
:10D07000584616F0EFFA4FF0000818B9A4F81E80D1
:10D08000A4F81C80584615F049FD8246584615F014
:10D090004CFD064694F840004FF0640900F00F0084
:10D0A0000C2802D003284CD09AE0A4F81C8056B17A
:10D0B000B4F91E50002713F09FFC01684846497ED2
:10D0C000C1F1640122E0E18BC5F1640211FB02F1C0
:10D0D00091FBF9F0E083584615F008FC05465846E8
:10D0E00015F02AFD02462B460C200090B4F91E10C4
:10D0F00058460CF097F900230246E0831EE011FB2E
:10D1000005F27B1992FBF0F21FB215B2002DF6D199
:10D11000ADF8007000216A462046A4F81E8020F079
:10D120009BFC41F6FF72BDF90030514258460CF0AD
:10D13000A3FEBDF800100123084402B200214CE018
:10D140009BE0BAF1000FA4F81E800AD0B4F91C507D
:10D15000002713F051FC00684946407EC0F164008E
:10D1600022E0A18BC5F1640211FB02F191FBF9F001
:10D17000A083584615F014FC0546584615F070FC7F
:10D1800003462A4603200090B4F91C1058460CF0C0
:10D1900049F900230146A0831EE010FB05F27B192C
:10D1A00092FBF1F21FB215B2002DF6D1ADF800706E
:10D1B000002269462046A4F81C8020F04DFC41F670
:10D1C000FF72BDF90030514258460CF0CDFDBDF85C
:10D1D00000100123084401B20022584617F06EF9EE
:10D1E000A08B002849D1E08B002846D1C6B958460B
:10D1F00015F0A2FC0546584615F078FB002D06DC1C
:10D2000000280DDD002D02DA01232A4604E0002863
:10D2100006DA0123404202B25846002117F04EF9C7
:10D22000BAF1000F19D1584615F0BAFB0546584619
:10D2300015F016FC002D07DC00280EDD002D03DAAA
:10D2400001232946002205E0002806DA01230022F6
:10D25000404201B2584617F031F9019A0A21584666
:10D2600012F030FB6078800707D494F84010C4F8BF
:10D270002C8021F00F0184F84010BDE8FC9F0000D5
:10D280007FB504000E4603D111F0E6F804002ED05D
:10D2900011F04CF900282AD094F82800400726D431
:10D2A0004FF0000526B3ADF800502046ADF802500F
:10D2B00011F0EAF8401EADF80400204611F020F904
:10D2C000401E6A463146ADF8060002A8FFF7AFFBE4
:10D2D00000280CD02068017C89070CD5DDE90012FC
:10D2E00060680123A4F85031C4E90C1280BB7FBDF3
:10D2F000A4F850517FBD82690AB102A99047002667
:10D300000BE000BF04EBC6010022303102A8FFF79A
:10D31000B7FB0028EED1761CB6B2B4F85001B0428B
:10D32000F0D880B2202804D204EBC000303002A92B
:10D3300004E004F130006946A4F8505110F088FD73
:10D34000B4F850116068491CA4F850110028D1D0DD
:10D3500018F0F0FA7FBD70B5054600F012F80446EB
:10D360000CE02146284600F01EF8064621462846D5
:10D3700000F0A2F8204614F037FA3446002CF0D121
:10D3800070BD002800D0406870470022034600B5F9
:10D39000FFF7F7FF03E0521C184600F004F8010005
:10D3A000F9D1104600BD0068091D4058704700685B
:10D3B00040587047002800D08068704700224260C3
:10D3C000C91C826021F003010160704770B50446FA
:10D3D0000068083014F076F9050013D000220146E9
:10D3E00020461AF028FE6268294620461AF01DFEE3
:10D3F000616819B12A4620461AF01DFEA0686560D2
:10D4000000B9A560284670BD2DE9F04106000C4624
:10D410000AD04CB1FFF7B5FFA04208D13046FFF764
:10D42000D5FF051E01D01EE00020BDE8F081306868
:10D43000083014F047F9051EF7D030682A4607591E
:10D44000304639461AF0F1FD3A46294630461AF080
:10D45000F2FD2A46214630461AF0EDFD22462946C5
:10D4600030461AF0E2FD2846DFE770B50446006852
:10D47000083014F027F9050013D000220146204699
:10D480001AF0D3FDA268294620461AF0D4FDA168FF
:10D4900019B12A4620461AF0C8FD6068A56000B997
:10D4A0006560284670BD28B1416809B9806808B137
:10D4B000002070470120704770B504000ED0FFF7C0
:10D4C00060FF88424FF00002204608D1FFF76BFF53
:10D4D000011E606001D000221EE0A26070BDFFF757
:10D4E00069FF8842206808440AD10168A16029B117
:10D4F0002046BDE8704000221AF097BD626070BD02
:10D5000005682046FFF74FFF06460246294620469B
:10D510001AF08BFD2A4631462046BDE870401AF0CD
:10D520008ABD10B50446006882680AB1214690475A
:10D5300020680068002801D02060F5E710BD8068F1
:10D54000002801D0B0F9160070478068002801D08B
:10D55000807E8009704770B516460C46054651EA34
:10D5600006001AD0284614F0F9FAA86801233246BA
:10D57000018A21440182A868418A314441822146BE
:10D58000284616F055FA002228460B2112F09AF987
:10D59000012803D1284616F0C7F9012070BD77B5E0
:10D5A00005000E4681B017D0622215F001FF04007D
:10D5B00012D0206880B163222846314615F0F8FE6B
:10D5C00010F0FF0208D02368204603999847009086
:10D5D000BDF80000ADF80C00039804B070BD000069
:10D5E0002DE9F04792B00746408C994690468A460E
:10D5F0001A9E40F00800788438463A84328915F043
:10D60000D7FEA7F82090054632895146384615F0D6
:10D61000CFFE0446788CA54220F00800788403D120
:10D620002904B1EB044F68D0A7F820805146328915
:10D63000384615F0BDFE0546804651463846A7F8E7
:10D6400020900CF09DFF00682A46318917F0D6FF24
:10D6500030890B2823D147F6FF794D4501D04C4541
:10D660001DD1384615F0F0FF00EBD070451038465C
:10D6700015F0EFF800EBD0704010C84506D1691CDA
:10D68000431C994200DA00E0194688464C4506D111
:10D69000691C421C914201DA6C1C00E014461A48D5
:10D6A000FFF794FE05002BD02F60C5E90384308975
:10D6B000A8806846C5F808A010F022FB1348FF2197
:10D6C000CDE90050124802901248039000200890C3
:10D6D000CDE9090130880B9070889DF842104042D6
:10D6E0000C90F0680790002060F300018DF8421064
:10D6F00030690690684610F057FB12B0BDE8F0871D
:10D7000007F08EF9F9E7000068B902245DEC020821
:10D7100061EE0208BDED020801481421FFF74EBE7C
:10D7200068B902242DE9F84F042790460025894660
:10D7300006462C46E5E000BFF16807EBC400085838
:10D7400082017AD480B230EA090211D05FF000027F
:10D7500030EA08000ED0002082426ED051F834A08A
:10D7600010216A46504617F0B3FD002871D103E03E
:10D770000122EDE70120EFE711216A46504617F03C
:10D78000A7FD002865D112216A46504617F0A0FD7A
:10D7900000285ED113216A46504617F099FD0028F3
:10D7A00057D115216A46504617F092FD002850D1F6
:10D7B00014216A46504617F08BFDE8BB0A216A46E1
:10D7C000504617F085FDB8BB6B216A46504617F0EE
:10D7D0007FFD88BB6C216A46504617F079FD58BB27
:10D7E00001216A46504617F073FD28BB04216A46A2
:10D7F000504617F06DFDF8B902216A46504617F001
:10D8000067FDC8B903216A46504617F061FD98B913
:10D8100005216A46504617F05BFD68B906216A4645
:10D82000504617F055FD38B932216A46504617F078
:10D830004FFD08B96A4601E00BE061E06E215046F9
:10D8400017F046FD28B96D216A46504617F040FD95
:10D8500010B10320BDE8F88F69216A46504617F0E1
:10D8600037FDE8BB6A216A46504617F031FDB8BB68
:10D870006E216A46504617F02BFD88BB6D216A4623
:10D88000504617F025FD58BB37216A46504617F021
:10D890001FFD28BB38216A46504617F019FDF8B91C
:10D8A00035216A46504617F013FDC8B940216A4633
:10D8B000504617F00DFD98B945216A46504617F0BD
:10D8C00007FD68B941216A46504617F001FD38B995
:10D8D00042216A46504617F0FBFC08B96A4600E050
:10D8E0000AE04321504617F0F3FC28B949216A4663
:10D8F000504617F0EDFC08B1022501E005B90125FD
:10D90000641C708CC0F30510A0423FF615AF28468A
:10D91000A0E7000001484068704700005802012459
:10D920007047C0F30410072800D907207047000093
:10D93000A0F57F41FF3905D0002804D0712803D21B
:10D9400008490AE01F2070470749713880B209680A
:10D9500029B1064A5268904201D2085C7047002003
:10D9600070470000B87B0408EC0201240003012486
:10D970000448182110B5FFF721FD03490120087064
:10D9800010BD000014B90224080301242DE9F04160
:10D99000094D90460E461C46074619466A68904750
:10D9A000306020B1206800216A6838449047C8F888
:10D9B0000000BDE8F08100001C0301242DE9F04FB8
:10D9C00087B01F4693468A4604464FF00001DDE9C2
:10D9D000105805B1298064B1207800280AD0BAF126
:10D9E000000F06D018F0060F4FF0000615D00020EB
:10D9F00004E0002007B0BDE8F08F401C215C0A293C
:10DA000004D00D2902D00029F7D100E0401C002DE0
:10DA1000F0D04FF0FF312980ECE75FEA887001D544
:10DA200041F6FF77894608468DF81410049126E0E8
:10DA30000498CDF8189060B3002351460DF1180CEE
:10DA400005AACDE90223CDE9008C20443B465A4685
:10DA500018F0B0F80699A7EB0102314417B20EB2E4
:10DA600088B104990144049120780A280BD00D282C
:10DA700009D0605C0A280ED00D280CD00846205C26
:10DA800008B1002FD4DC049840B105B12E80049871
:10DA9000B0E70123D1E7481C0490F4E7064A04A943
:10DAA000204652689047002D0146F0D00022504693
:10DAB00012F006F806B2E9E71C03012402782329D4
:10DAC0004FF0000302D0012A0ED012E032B1012A39
:10DAD0004FF0000104D0022A04D00AE0012106E040
:10DAE000017006E00123FBE7202901D1022101702A
:10DAF00001231846704700002DE9F0471E461446E2
:10DB00000D468246DDF8209015E000BF4FEA54082C
:10DB10004A46504608FB065739469047002808DD1C
:10DB200044F30000C0EB540407EB0605A4F1010424
:10DB300001E005DA4446002CE8D12046BDE8F08734
:10DB40003846FBE72DE9F0414FF0000480B14F1E4D
:10DB50000D463942064601D006F062FF7019401E9C
:10DB6000B843B0F5004F03D20C2800D80C2004466F
:10DB70002046BDE8F08100000F4991F864000928B3
:10DB800006D00A2804D0012814D191F8690088B180
:10DB900091F8100314280DD2DFE800F00C0C0C0CE7
:10DBA0000C0C0C0C0C0C0A0A0A0A0A0A0A0A0A0AC9
:10DBB0000120704700207047D8FE01242DE9FF5F47
:10DBC000DFF8488484B0DFF848B415461C4698F85E
:10DBD000101398F866A00A2905D00B2908F52A70B9
:10DBE000009018D02EE09BF88013022902D0032960
:10DBF0000BD0B4E19BF890133AEA0100F9D10498F4
:10DC000008B0BDE8F05F02F08BBECDE90023002232
:10DC100008210220E1E198F8150398F828118842BC
:10DC2000E7D3009A5146049802F02AFF50B10498B5
:10DC30000022514602F08EFF90B90498514602F03E
:10DC400045FF68B1F14E4FF0000998F8100306F156
:10DC500080070C2806F538760AD00D2848D07FE0DA
:10DC6000049808B02A462346BDE8F05F04F0AEBC35
:10DC70009BF8A803042802D0052836D06FE198F855
:10DC8000640001280BD198F8690040B1284621466C
:10DC900004F0F6FB00212A4623460846A6E102F0DE
:10DCA0004FFDFB220146DA485346009719F082FCEB
:10DCB00020B102F015FC0022014614E00D2288F884
:10DCC000102388F8149388F81593049800F0B2FC98
:10DCD000D04A002328462146009600F02DFC00285B
:10DCE0007ED100220821042075E1002208215FE195
:10DCF00098F8151398F828018142BFD3009A51462D
:10DD0000049802F0BDFE58B30498514602F0DEFEBE
:10DD100030B302F015FDFC220146BD485346009782
:10DD200019F048FC20B102F0DBFB0022014615E0AF
:10DD30000E2388F81033012288F8142388F81593ED
:10DD4000049800F077FCB34A002328462146009649
:10DD500000F0F2FB0028C3D10022082105203AE19F
:10DD600098F8100347460E281BD197F8150397F82B
:10DD7000281188427ED3009A5146049802F080FE12
:10DD800078B104980122514602F0E4FE48B187F8C8
:10DD900018A32A46049808B02346BDE8F05F04F0B3
:10DDA0006DB897F810030F2806D0102878D01228E5
:10DDB00074D0112873D0B1E002F0AEFC060002D19D
:10DDC00002F092FCB8B197F86400092813D1D7E9A2
:10DDD000BA106A1A74EB00020AD34CF2503300E016
:10DDE000DBE0691A64EB00000022591A824102D27A
:10DDF0000022062147E002F077FCA8B1049802A9AE
:10DE00002A4623468DF80890009102F0A1FA30B11D
:10DE10002846214603F0DEFF08B0BDE8F09F9DF8DC
:10DE200008000028E4D115E0049802F01BFC88B13A
:10DE30004EB1D7E9622CD7E96413AA1A64EB0C003F
:10DE4000511A984106D308B028462146BDE8F05F34
:10DE500003F0C0BFD7E9B81051EA000203D0691A35
:10DE600074EB0000C4D297F8150397F82811884284
:10DE700075D300E073E046B12846214600F010FB60
:10DE800018B1002208210620A5E002F02DFC08B1FF
:10DE9000C7E9BA5487F8159361E001E023E029E06F
:10DEA00097F86700022806D097F8150397F828110D
:10DEB000884209D253E0D7E9B80150EA01020BD0F9
:10DEC000281A74EB010007D3049808B02A462346A9
:10DED000BDE8F05F03F03EBF97F8150397F82811EF
:10DEE0008842D7D23BE097F8150397F8281188426B
:10DEF00076D234E097F8150397F8281188422ED38C
:10DF0000009A5146049802F0BBFD38B104980022F3
:10DF1000514602F01FFE00287FF4B8AE97F81003B8
:10DF200013281CD197F8150397F82811884216D3A7
:10DF300097F81913009A049802F0A2FD78B197F8A7
:10DF400019130022049802F005FE40B1284621462C
:10DF500004F096FA97F812132A46234645E0414604
:10DF6000D1E9B80250EA02034DD0281A74EB02003E
:10DF700049D391F810030A2810D00B2812D00C288E
:10DF800014D00D2816D00E2817D0102818D011281C
:10DF90001ED0132825D012282DD034E000220621CF
:10DFA000022018E000220721012014E000220621AF
:10DFB000032010E00022072195E600220721CDE68C
:10DFC00098F8670002281ED000220621072002E0F0
:10DFD000002207210820CDE9005400F067F81BE774
:10DFE00009E098F812132A462346022008B0BDE83B
:10DFF000F05F00F049BC049808B02A462346BDE80B
:10E00000F05F03F06DBE002006E70000D8FE01249B
:10E0100088A9012420A107002DE9FC41002614460F
:10E020001D46804604F0C4FB1C4F97F81003B8B19E
:10E030001B4822462B4618F05DFD97F8640009281E
:10E0400001D00A2805D100F0FFFC0022082102F0CF
:10E05000C7FC0521224602202B4600F015FC06468F
:10E06000224605202B4602F071F840EA06070C48CC
:10E0700005214246C038CDE9004504F03AFF094881
:10E080001AF05CFD08490020087004490448B039C2
:10E0900019F080F93846BDE8FC810000D8FE012463
:10E0A00088A90124C8AE0124B80001242DE9F04F4D
:10E0B000DFB014460F4680461C21DDE9685650A8A3
:10E0C000F2F710FE1C2157A8F2F70CFE2246394643
:10E0D000404602F085FC4FF4987104A8F2F702FE66
:10E0E00000216B480DF1100B2A463346CDF808B0DD
:10E0F000CDE90001674819F0CDFB804602F016F823
:10E10000654C94F86A00012806D104F59C6090F8EB
:10E11000910408B1012700E0002702F00FF894F8FD
:10E120001103012800D1BFB194F8661084F81913C7
:10E13000A1B1594F02284FF000094FF0130A07F11F
:10E14000800711D003280FD094F8182321EA020089
:10E1500050EA08001ED07FE00021E7E74D482A463C
:10E16000334618F0C7FC8BE04A483A4619F016F9D6
:10E17000074648482A46334618F0BCFC002F7FD19A
:10E1800084F810A304A884F8149384F8159300F07D
:10E1900051FA68E09DF83C0131EA00005CD104A826
:10E1A00002F094FCC0B394F81913012204A802F001
:10E1B000D1FC88B30020D8460DF5A07200EB800397
:10E1C00002EB800C08EBC303411C93ED000AC8B2BC
:10E1D00007288CED000AF1D394F867000097022815
:10E1E0000FD094F8191357AB2A4819F025FA2A468C
:10E1F00033468046274818F07DFCB8F1000F0CD05C
:10E2000014E004F1500094F8191357AB90EC030A92
:10E21000204819F025F9EAE71EE0122184F81013CE
:10E22000012284F8142384F815931CE002F088FA84
:10E230000097FD2294F819330146164819F0BAF9EF
:10E2400084F810A3074684F8149304A884F815935F
:10E2500000F0F0F937B906E00E482A46334618F0C8
:10E2600049FCE3E70CE00D4800230D4A31460090DD
:10E27000284600F061F918B100205FB0BDE8F08FCA
:10E2800094F8121302202A46334600F0FDFAF4E710
:10E29000A086010088A90124D8FE0124B801022427
:10E2A00020A107002DE9FC412C4E14461D46804656
:10E2B0002B4806F1800296F8661019F06FF85FF0AF
:10E2C00000020346B8F1000F06D002EB820108EB12
:10E2D000C101D1E9060101E00020014606EBC207B9
:10E2E000C7E9AA0196F86AC0BCF1010F0FD196F8F0
:10E2F00064C0BCF1090F05D0BCF10A0F02D0BCF11B
:10E30000010F04D1001BA94101D2C7E9AA45521C43
:10E31000D2B2072AD6D32BB1184602F0E1F8002278
:10E32000014615E00B2286F81023002086F814031E
:10E3300086F8150303460B4920460B4A00912946EF
:10E3400000F0FAF810B10020BDE8FC81002208219D
:10E350000120CDE90045FFF7A9FEF5E7D8FE01242D
:10E3600088A90124B801022420A107002DE9F04169
:10E370000E4601EB86012DED048B00EBC100B0B021
:10E3800090ED008AD0E9065418EE100A6FEAD050DA
:10E3900010F0FF0F73D0501BA34170D302F0A4F90B
:10E3A0003B4F50B307EB8600D0ED4C9A90ED9B9A13
:10E3B000304601F0BDFFDFED370A60EE208AF0EE57
:10E3C000490AB0EE690AFEF73FF930EE680AB4EE8A
:10E3D000C80AF1EE10FA0CDCF0EE490AB0EE690A58
:10E3E000FEF70EF930EE280AB4EEC80AF1EE10FA84
:10E3F00022D20B2087F8130341E0D7E9BA104A1B59
:10E4000070EB040201D20D46044623480DF10808C2
:10E410002A462346CDF800800DF0B6FC78BB08EB09
:10E4200086001E4990ED000A38EE400AB0EEC00AA0
:10E4300010EE100A884222DC97F86A00012824D1E5
:10E44000761C1DA9F0B200F02FFDC0B19DF874003C
:10E45000A8B11E98FEF70FF888B11F98FEF70BF8C9
:10E4600068B19DED1E0AB4EEC80AF1EE10FA06DCA2
:10E470009DED1F0AB4EEC80AF1EE10FA05D2002095
:10E4800030B0BDEC048BBDE8F0810120F8E700005E
:10E49000D8FE012435FA0E3C0800022435FA0E3C61
:10E4A0002DE9F0419CB0054620480DF108080F46C3
:10E4B0002A460B46CDF800800DF066FC18B10C2002
:10E4C0001CB0BDE8F0811A4C04F1800694F8640099
:10E4D0000A280DD0009604F5227394F8661002AA5B
:10E4E000144819F0A9F80028EAD1C4E9BA57E7E7B7
:10E4F00000254746284601F01BFF07EB8500691CF5
:10E50000D0ED070ACDB2072D80EE801A80ED071AF4
:10E51000F0D3009604F1500094F8661009AB02AAFB
:10E5200090EC030A034818F09BFFC9E70800022497
:10E53000D8FE012488A9012470B5049C2CB1C643DF
:10E54000CD43961B73EB050501D3002070BD8018E9
:10E550005941C4E90001012070BD000010B504005C
:10E560002DED048BB0EE418AF0EE608AB0EE409A59
:10E5700037D019EE100AFDF77EFF90B318EE900A1F
:10E58000FDF779FF68B318EE100AFDF774FF40B38A
:10E59000B5EEC08AF1EE10FA23D9B7EEE80A9FED86
:10E5A000195B9FED1A2B9FED1B1BB7EEC94AB7EE07
:10E5B000C83A30EE440BB0EEC00B80EE034B24EEB5
:10E5C000050B30EE020B30EE018B51EC180BFDF712
:10E5D0003DFF30B19FED110BB4EEC08BF1EE10FAA0
:10E5E00003DB0020BDEC048B10BDB0EE480BFDF743
:10E5F0008FFF51EC100B21F0A7FEC4E900010120B0
:10E60000F0E700000000000080842E4100000000C0
:10E61000006A08410000000080843E4100000000C4
:10E620000000F0431CB50321CDE90023002203F0D4
:10E6300081FE1CBD30B50A4C002330B103EB8301D1
:10E6400000EBC102D2E9061201E000210A4604EB08
:10E65000C3055B1CDBB2072BC5E9AA12EDD330BDA5
:10E66000D8FE01242DE9FF5F904699462DED028BDF
:10E6700082B0129E002E7DD07C480021317090F82F
:10E680001013122976D2DFE801F0DFDFDFDFDFDFF2
:10E69000DFDFDFDFDFDFDFDF0B090D0F062704E041
:10E6A000052702E0072700E008274FF0010A0024B1
:10E6B00083465D460AFA04F09BF86610C0B2014238
:10E6C00079D0049919B191F82C11014205D1641C3B
:10E6D00086F800A00521E2B20BE0049804EB840167
:10E6E00000EBC100416931B1641C86F800A004212F
:10E6F000E2B23846B5E095F86A10012970D195F874
:10E7000064100A296CD195F81013112953D004EB29
:10E710008402B0EE001A04EB041102EBC4029FED78
:10E72000540A0090534800EB82025348D2ED860A07
:10E7300000EB810000F51070019060EE810A0098F6
:10E7400080EE808A8068FDF796FE08B300984068E6
:10E75000FDF791FEE0B100980068FDF78CFEB8B1BE
:10E760000098C068FDF787FE90B100980069FDF73A
:10E7700082FE00E068E058B10098404990ED020A3E
:10E78000B0EEC00A10EE100A884203DD102532E018
:10E79000132530E0009890ED010A0198B0EEC00A10
:10E7A000D0ED080A70EE880AB4EEE00AF1EE10FA35
:10E7B00002DD11251FE042E0009890ED000A01986B
:10E7C000D0ED050AB4EEE00AF1EE10FA06D3D0ED72
:10E7D000060AB4EEE00AF1EE10FA02DD0B250AE0BB
:10E7E0001BE000992648C968814203DC0099096949
:10E7F000814212DD12258BF81353224828220099FA
:10E80000F2F714FA1C48641CE2B2082180F848555B
:10E8100080F8492586F800A06BE795F810030F28CB
:10E820000DD195F86400092809D195F8690030B137
:10E83000049842464B462146FFF798FD58B1641CA8
:10E84000E4B2072CFFF435AF002002B0BDEC028B20
:10E8500004B0BDE8F09F641C86F800A008210620E3
:10E86000E2B2CDE90089FFF721FCEEE7D8FE0124F2
:10E8700000F07F4588A90124B8030224000060400D
:10E8800000005C42D80802242DE9F0479AB01646F1
:10E890001F468846682105466846F2F723FA664C0B
:10E8A00032463B462146E06D1290206E139068463A
:10E8B00000F0DCFF9DF85C0048B9022D07D194F808
:10E8C0006A00012803D194F813038DF85C000EABA5
:10E8D00094F86420022D8DF850208DF85150ADF839
:10E8E0005480D4E90E0183E8C30094F866008DF8E3
:10E8F000560094F869108DF8571094F811338DF87C
:10E90000523094F812138DF8531011D194F86A1004
:10E91000012902D094F87E1051B14BB994F810132C
:10E9200006290CD006218DF8521007238DF853309C
:10E9300094F81713072A8DF8581002D045E00821E3
:10E94000F1E7EDBBDFF8F4A05FF000014FF0010943
:10E9500001EB810C0CEBC10C09FA01F30AEB8C0CF6
:10E96000DBB21842BCF844C229D06FEA0C085FEA57
:10E97000887805D19DF85D8048EA03088DF85D80B0
:10E980005FEA4C7805D59DF85E8048EA03088DF86B
:10E990005E80CCF3C508B8F13F0F05D19DF85F80CC
:10E9A00048EA03088DF85F80CCF3422CBCF1070FD6
:10E9B00005D19DF860C04CEA030C8DF860C000E002
:10E9C00009E0491CC9B20729C2D3062A03D194ED34
:10E9D000C30A8DED070A684603F07EFC002827D0A5
:10E9E000022D1BD194F86A00012802D094F87E0011
:10E9F000A0B101F09BFB9DF85B0028B99DF8560083
:10EA000032463B4600F088FD0D4890F84404032848
:10EA100002D0032000F068FF01F090FB06484FF49D
:10EA20004871F2F75FF9074A0020C2E904000120AB
:10EA30001AB0BDE8F0870000D8FE012488A901249F
:10EA4000B8030224B8000124134890F810131429C5
:10EA50001FD2DFE801F01E1E1E1E1E1E1E1E1E1EE1
:10EA60000A0C0E101214161C1818022070470120F0
:10EA70007047032070470420704705207047062028
:10EA800070470720704790F811030028FAD108203A
:10EA90007047002070470000D8FE01242DE9F04F98
:10EAA0000446007FD1B0DFF828A2401E164600F0D1
:10EAB000FF081D46DDF868B1204608EB0812CDF8C6
:10EAC00000B00AEB8207324607F5107700F00EF926
:10EAD000207B082821D0206AFDF7CDFC00287AD0C1
:10EAE000606AFDF7C8FC0028F9D0A06AFDF7C3FCF6
:10EAF0000028F4D0E06AFDF7BEFC0028EFD0206BC0
:10EB0000FDF7B9FC0028EAD06168DAF850048142C8
:10EB100008D0062051B0BDE8F08F6E4859461DF070
:10EB20003DF9F7E7D4E90410721A75EB000207D338
:10EB3000694B711A65EB00000022591A824101D21B
:10EB40000520E7E7387808B9787850B16048324650
:10EB50002B4605F0D7FF30B100F07AF928B101203B
:10EB6000D8E70420D6E70A20D4E74FF4987104A828
:10EB7000F2F7B8F80021594804AA2B46029232460F
:10EB8000CDE90001564818F085FE207B38B10128F8
:10EB900005D09AF844145746012975D16FE008EB67
:10EBA00088014F4801EBC8029AF8E01400EB82009C
:10EBB00000F5057929B9387818B1D9F8200002286C
:10EBC0000AD0002704A800F089FD0028A2D1207BEC
:10EBD000012803D00BE060E00127F3E79AF8441422
:10EBE00029B19AF8900410B1217F81424CD13FB1F4
:10EBF000B9F830103B48B0EBC15F09D00E2089E76F
:10EC00009BF866009DF83C11884301D0082081E7FD
:10EC100008EB880104A800EBC10797F8200070B941
:10EC20007868FDF728FC50B197ED010A2E49B0EE47
:10EC3000C00A10EE100A884201DC786908B1092088
:10EC400068E7234805F0E2FF012801D00C2061E7C6
:10EC5000207B88B15FF0000000F046FE227F00219B
:10EC60008AF890240846CAF84864CAF84C548AF8CE
:10EC700091148AF8E0144DE70120EDE704E0217FCC
:10EC800097F89024914201D0072043E7052806D148
:10EC9000607F012803D0022801D003203AE700203A
:10ECA000324604A92B460090584601F061F800282E
:10ECB000A5D1084859461DF071F800289FD10221BE
:10ECC00087F8441407F24447C7E9016522E70000CA
:10ECD000B8030224C8AE012490D00300A08601002E
:10ECE00088A90124000080FFCDCC4C3D2DE9F041E6
:10ECF0000546007F80211646069C401EC7B29846F6
:10ED00002046F1F7EFFF287884F86A0068682066EB
:10ED1000A868E065D5E90402A6630126C4F83C8032
:10ED2000C4E91C02A969A167297B06FA07F084F8E7
:10ED30006B1084F86600384684F8696084F87C605B
:10ED400084F87D6001F0E6FAD5ED080A04EB87004F
:10ED500020EE200A80ED000A95ED090A80ED070AF1
:10ED6000384601F0D7FAD5ED0A0A4FF47A70364BDF
:10ED7000022280EE801A84ED141A95ED0B0A84EDC0
:10ED8000150A95ED0C0A84ED160A696BA1FB0001CA
:10ED9000C4E9120184F86760287B811E072908D224
:10EDA000DFE801F00409091721213300092084F864
:10EDB0006400BDE8F0810A2084F8640084F86720CC
:10EDC000287B032803D0022084F86500F1E70120A6
:10EDD000FAE784F86460687F12E0022000E0012016
:10EDE00084F86700E5E707280DD0052084F8640063
:10EDF00007EB870101EBC70003EB8000D0F834027A
:10EE00000128ECD1E9E70420F0E707EB870101EBEB
:10EE1000C701032084F8640003EB810084F87E605E
:10EE2000D0F834020128C4D1084807EB071184F850
:10EE3000672000EB810090ED9D0A84ED140A90EDAF
:10EE40009E0A84ED150AB4E788A90124B8030224B8
:10EE5000124810B590F81003E8B9114890F84A1517
:10EE6000C9B990F83C02B0B90E4890F84D1F90F81F
:10EE70004E2F91420FD190F84F1F90F8502F914292
:10EE800009D1D0F81C1F31B9D0F8200F18B901F002
:10EE900037F9002800D0012010BD0000D8FE012461
:10EEA000B8030224C8EE012470B504460D480D468F
:10EEB000407918B115B10CB1072C01D9002070BDF3
:10EEC00001F034F9084904EB0410442201EB8001FD
:10EED000284601F5FE71F1F7A9FE01F02FF9012096
:10EEE00070BD0000B8000124B80302242DE9F04FE2
:10EEF0008246FB48D7B015468946407900287DD028
:10EF0000002D7BD001F012F94FF49A612846F1F7F9
:10EF1000E9FE4FF4987104A8F1F7E4FE182150A817
:10EF2000F1F7E0FE0021524604A80290ED484B465E
:10EF3000CDE90001EC4818F0ADFCEB4850A9C03811
:10EF400003F09EFF5046494600F066FCDFF89CB394
:10EF50003822C5E900A9E64C0BF500710BF24446D6
:10EF6000DBF85404401CCBF85404A860D4F8080F14
:10EF7000E860DBF8500428619BF84404287505F12B
:10EF80003800F1F753FE28220BF21C4105F1700006
:10EF9000F1F74CFED7484FF0010841692967416AF3
:10EFA0006967C16BA967816AC5F88810016DC5F8EA
:10EFB0008C100168C5F8901042680020C5F89420B4
:10EFC00085F8C78485F8C88485F8C90496F84C008C
:10EFD00085F8C40496F89C0085F8C60405F2C2457D
:10EFE000584605F013FE00212872584605F038FDFA
:10EFF00028700121A5F2C245584600E003E005F063
:10F000002FFD38B903E0002057B0BDE8F08F9BF822
:10F010004A0500B1012085F8C30494F8570FB8B130
:10F02000B54844F6E061095800F58040BAEB0103A9
:10F03000D0F8E40E79EB00020AD3B04FBAEB01012D
:10F0400069EB00020026781A964101D3012000E006
:10F05000002085F8C5049DF8400185F8CB049DF893
:10F06000410185F8CC04FFF7F3FE85F8C1040826BA
:10F0700094F8280F2876D4F82C0FE861D4F81C0FE8
:10F08000286294F8290F85F824009D4FD4F8300F9A
:10F09000A862D4F8200FE86297F8100380B397F8BD
:10F0A0006A002876386EE861F86D286297F8660085
:10F0B0005C3785F8C004FFF7C7FC85F8300097F887
:10F0C000B402142818D2DFE800F0870A0C0A0E12E6
:10F0D000181012128787878787878787141803205D
:10F0E00008E0022006E0052004E0042002E00620FB
:10F0F00000E0072085F830006EE085F830606BE0B6
:10F10000FFE794F8500F94F84F1F884205D194F808
:10F110004E0F94F84D1F88422AD094F8500F94F85F
:10F120004F1F884203D0744844F6080108E094F861
:10F130004E0F44F2084100F007026F4800EBC21086
:10F14000084490F8661085F8C01490F86420032AEB
:10F1500004D19BF8E024114385F8C01490F86A208C
:10F160002A76026EEA61C06D286285F8308033E04D
:10F1700000205B464FEA000203EBC21191F8784091
:10F1800054B191F87C403CB910B10C7B082C03D1F0
:10F190000C7B0846082C03D0521CD2B2042AEBD3B5
:10F1A000D0B190E8160005F1180383E81600027F3D
:10F1B000521E08FA02F2D2B285F8C02485F83080D7
:10F1C000017B082908D113C80C3383E813009BF88E
:10F1D000E004024385F8C0249BF83C12584671B104
:10F1E00090F8E074002395F8C0443943214385F832
:10F1F000C01485F81880D0F85014C5E9071390F8AA
:10F200004A1569B195F8C02400240A4385F8C02442
:10F2100085F8306085F81880DBF85014C5E90714CC
:10F2200095F8C03473B100214FEA080202FA01F4E4
:10F23000234201F1010102D085F8C41402E0C9B2F1
:10F240000729F3D35FF00006DFF89CE004A806EB83
:10F25000860106EB460400EBC10104EB0614884668
:10F2600006EB8607D1E9060107EBC60705EBC404E8
:10F270009834BAEB00030EEB870779EB010207F530
:10F28000057704D3BAEB000069EB010102E04FF00F
:10F29000FF300146144B06EBC60C06F1010B84F857
:10F2A00000B003EBCC03012293F84530A3709DF826
:10F2B0003C31B240134201D0012200E000226270D2
:10F2C00000234FF47A72F1F74BF94FF0FF3C0246FE
:10F2D0000023BCEB00008B4114D2604613E0000019
:10F2E000B8000124A086010088A90124B8030224E3
:10F2F000C8EE01241CA80124C8AE012440420F001E
:10F30000D8FE01241046206198F82000012800D082
:10F310000020E07098F820002071304600F0FAFFDD
:10F32000D8ED000A80EE801A84ED061A98ED010AE5
:10F3300084ED070A98ED020A84ED080A98ED030AA5
:10F3400084ED090A98ED040A84ED0A0AD8F814003D
:10F35000606197F83000C043800715D000206071CD
:10F3600097F83000C0F38000A071388EC0F3C5005C
:10F370003F280BD00020A179E07151B1386A0128F3
:10F3800006D0022804D004E00120E8E70120F2E7DB
:10F390002072DFF8788108EB8600D0F85804E0602E
:10F3A000304600F0B7FFD7ED000A06EB0611442205
:10F3B00080EE801A08EB810104F13C0001F5107128
:10F3C00084ED0B1A97ED010A84ED0C0A97ED020A01
:10F3D00084ED0D0A97ED050A84ED0E0AF1F726FC7F
:10F3E000304600F097FFD4ED100A304680EE801AC8
:10F3F00084ED101A00F08EFFD4ED110A304680EE35
:10F40000801A84ED111A00F085FFD4ED120A3046FF
:10F4100080EE801A84ED121A00F07CFFD4ED140AFD
:10F42000304680EE801A84ED141A00F073FFD4ED9C
:10F43000150A304680EE801A84ED151A00F06AFF36
:10F44000D4ED160A304680EE801A84ED161A00F0CC
:10F4500061FFD4ED180A304620EE200A84ED180A28
:10F4600000F058FFD4ED190A304620EE200A84ED52
:10F47000190A00F04FFFD4ED1C0A254820EE200A9F
:10F4800084ED1C0A90F83405B04236D1DFF8848050
:10F49000002698F8380084F89400D8F82800C4F8BA
:10F4A000900000BF08EBC600D0E90220BAEB0203CF
:10F4B00079EB00010AD3BAEB020769EB0001384689
:10F4C00000234FF47A72F1F74BF802E04FF0FF306F
:10F4D000014608EB860C04EB86079CED000A00222F
:10F4E000D0F1FF338A4187ED200A01D24FF0FF307F
:10F4F000C7F88800761C022ED4D30BF0FF06072E27
:10F50000FFF4A2AE00F01AFE01207DE5B80302244C
:10F5100088A9012488AE012470B50B4C0125002177
:10F5200094F8E064064384F8E06400BF05FA01F64D
:10F53000064204D004EBC10606F59D660CC6491CC4
:10F54000C9B20729F2D370BDB803022410B504462E
:10F5500000F0ECFD0448214605F00DFB044600F0E8
:10F56000EDFD204610BD0000B803022410B504468E
:10F5700000F0DCFD0448214605F022FB044600F0C3
:10F58000DDFD204610BD0000B80302242DE9F04740
:10F5900004464F48C0B00D464079002878D000F0AE
:10F5A000BBF900F0C3FD2046294600F035F9494873
:10F5B00022462B4605F04CFBDFF818914FF0010A6C
:10F5C00099F84404022808D1FFF742FC28B94846BC
:10F5D00005F01CFB08B989F844A400263E4F02E060
:10F5E0000EB1002106E097F84F0F97F8501F8842A0
:10F5F00062D10121374802AA05F0CDFB60B320217A
:10F6000018A8F1F76FFB02A80DF1600890E80E0052
:10F6100020A888E80E009DF814102246CDE91C456C
:10F620002B468DF86C10009002A8FFF737FA8DF882
:10F630006D0090B15FF000008DF87800254818A9A2
:10F6400005F0F6F99DF87800B0F1000807D09DF8B4
:10F65000140020B1012802D02EE00120ECE7202187
:10F6600010A8F1F73FFB02AB93E8070010AB83E86B
:10F6700007009DF814008DF84C009DF86D00CDE951
:10F6800014458DF84F009DF8780010B1002101E07D
:10F690001BE002218DF84D100E4810A98DF84EA0E8
:10F6A0008DF85D8005F0FCF99DF8780020B9D9F857
:10F6B0002814491CC9F82814761CF6B2022E8FD3E0
:10F6C00040B0BDE8F04700F039BD40B0BDE8F0877C
:10F6D000B8000124B8030224C8EE01242DE9F04744
:10F6E00007461F4897F82C1190F8E06436EA0101AC
:10F6F00019D1DFF870A000244FF00108814600BF47
:10F7000004EB840108FA04F0304207EBC10520D075
:10F7100009EBC400D5E90613D0F8E824D0F8EC04CE
:10F72000521A984102D30820BDE8F08795F82000CE
:10F7300068B9686958B96868FCF79DFE38B195EDFD
:10F74000010AB0EEC00A10EE100A504501DD092092
:10F75000EAE7641CE4B2072CD2D30020E4E70000FF
:10F76000B8030224CDCC4C3DF0B5294D01265FF005
:10F7700000042DED028BB0EE008A95B004EB04116D
:10F7800006FA04F005EB8107400607F5107736D03E
:10F7900044216846F1F7A6FA1E4811AA214618F03E
:10F7A0001DF8D0B99DED110A20EE080A10EE100ADE
:10F7B000FCF761FE88B18DF800609DED110A60EEE6
:10F7C000080AB1EE401A8DED011A8DED020ACDED59
:10F7D000030A9DED140A8DED040A44226946384659
:10F7E000F1F71BF958B1442269463846F1F71EFA81
:10F7F00005EB8400D0F85814491CC0F85814641C58
:10F80000E4B2072CBAD315B0BDEC028BF0BD0000FA
:10F81000B803022488A9012470B5FFF7A5FF114D94
:10F820000020114C00EB800101EBC00204EB8001D1
:10F8300005EB8202D1F85834D2F83462B2F844228F
:10F8400046EA02221BB1D1F87464964204D05B1CD4
:10F85000C1F85834C1F87424401CC0B20728E1D361
:10F8600070BD000088A90124B8030224F0B5054644
:10F8700091F86A00D1B0164601F16A041F4685F876
:10F88000590091F86B0085F85A0000F04FFC14F80D
:10F890006A09012806D1114890F8910410B10A2094
:10F8A00085F85C0000F04AFC4FF4987104A8F1F769
:10F8B00019FA00210A4804AA3B4602923246CDE9D1
:10F8C0000001084817F0E6FF94F86610002204A82B
:10F8D00001F040F985F85B0051B0F0BDB803022497
:10F8E000A086010088A901240949D1F85024521C9E
:10F8F000C1F8502402D10122C1F8502481F84404F7
:10F9000008B1012100E00021024880F8381F70474B
:10F91000B8030224C8EE012430B5A3B000F006FC01
:10F92000304D0024304808A91BF00EFDF0B39DF8BF
:10F930007900012852D120216846F1F7D3F99DF8CA
:10F9400079008DF800001B9801901A9802909DF89C
:10F950007A008DF80C009DF871008DF80D009DF86F
:10F9600072008DF80E009DF87C008DF80F00DDE927
:10F970001801CDE90401BDF874006946ADF818001E
:10F980009DF873008DF81A009DF876008DF81B0025
:10F990009DF878008DF81C009DF87B008DF81D0007
:10F9A000104805F07DF808B108A900E016E00E48FF
:10F9B0001BF038FDDDE9180105F5896203C29DF8E9
:10F9C0007100022806D195F84404032802D00320D0
:10F9D000FFF78AFF641CE4B2082CA3D300F0AEFB4F
:10F9E00023B030BDB8030224C8AE0124F0B5D1B0B5
:10F9F00005460E4600F09AFB324C94F8E004C8B17C
:10FA0000FFF726FAB0B94FF4987104A8F1F76AF934
:10FA100000212D4804AA334602922A46CDE900016E
:10FA20002A4817F037FF04A8FFF758FE10B9002046
:10FA300084F8E00494F8440438B1032805D0214840
:10FA40002A46334605F05EF810B100F077FB36E049
:10FA50001F49382201F52670F1F7E8F804F59A609D
:10FA60001C4F60C094F8440484F8D80497F810033D
:10FA7000C4F8DC040320FFF737FF012084F8910469
:10FA8000D4F82C04401CC4F82C0400F057FB97F861
:10FA90001003A0B197F86A00012810D197F864000C
:10FAA00003280CD0FEF7D0FF00B90420CDE90056A2
:10FAB00094F890240621FEF7F9FA51B0F0BD002029
:10FAC000FBE70000B8030224A086010088A90124F6
:10FAD000B8050224D8FE01242DE9F04FF1B092467A
:10FAE00007460E464FF0000800F020FB814805F065
:10FAF00077F9814D044695F8500F95F84F1F8842CD
:10FB000001D095F86E8800207A4A012302EBC011DB
:10FB100091F878C0BCF1000F10D091F87CC0BCF116
:10FB2000000F0BD191F80CC0BCF1080F06D1097F72
:10FB3000491E03FA01F1C9B241EA0808401CC0B2EB
:10FB40000428E3D392F84A05914638B900F0E0FA68
:10FB500008B944EA080499F84A0520B199F84A1509
:10FB600028EA01000443DFF894B1ECB399F8E024EB
:10FB700044EA08049BF81033224314461BB19BF857
:10FB8000660040EA020495F84E0F5D4B0BE000BFA3
:10FB900000F00702401C03EBC21202F58042C0B223
:10FBA00092F86E24144395F84D2F8242F0D195F8C7
:10FBB000500F95F84F2F904202D095F86E080443ED
:10FBC00099F84A05C8463A462043334689F84A051B
:10FBD000FFF7A2FC98F84404032802D00320FFF7A3
:10FBE00083FE4848381800E005E046F10001C8F8F7
:10FBF0005415C8F8500500F0A1FA99F84A050028F4
:10FC000075D04FF0000894B13F483A46334616F09D
:10FC100071FF8BF81683444689F84B8599F84A158D
:10FC20003A4A394817F0BAFB08B189F800469BF800
:10FC3000100368B100F06CFA50B100213A4603207D
:10FC40003346FEF721FE9AF8001008438AF80000B8
:10FC50005FF0000400F05CFA90B1294850A91BF055
:10FC600095FB68B150A83A463346FEF7DBFC9AF89C
:10FC70000010641CE4B208438AF80000092CE9D3A0
:10FC80004FF4987104A8F1F72DF80021204804AA38
:10FC9000334602923A46CDE900011B4817F0FAFDBF
:10FCA00000F044FA9BF81003F0B995F84E0F95F860
:10FCB0004D1F884218D195F8500F95F84F1F884274
:10FCC00012D199F84B054C4699F8001688420BD38F
:10FCD00004A8FFF703FD28B104F5AA6003C8381A89
:10FCE0008E4101D384F84A8500F028FA012071B0D2
:10FCF000BDE8F08FB8030224C8EE0124D8FE012429
:10FD0000C8AE012420A1070088A9012410090224FB
:10FD1000A086010010B504460C48407948B100F0B7
:10FD200005FA0B48214604F0BFFF0C28044602D018
:10FD300007E00E2010BD0648D0F83014491CC0F86A
:10FD4000301400F0FBF9204610BD0000B80001247B
:10FD5000B803022410B5044600F0E8F90348214630
:10FD600005F047F8BDE8104000F0E8B9B8030224F8
:10FD70002DE9FF5F002417461E4605462DED028B38
:10FD8000C0B0DDF840B100F0D1F938463146FFF798
:10FD900043FDDFF85883296ED8F85004814201D022
:10FDA00006249AE1D5E91C107A1A76EB00020AD3F0
:10FDB000BBF1000F09D1CE4B791A66EB000000228F
:10FDC000591A824101D2052487E1C8483A46334690
:10FDD00004F098FE38B198F84414012905D002299E
:10FDE00003D0072479E10A2477E10026C14906EB14
:10FDF000860000EBC60295F8640006EB860301EB73
:10FE00008201439A0A2802EBC30901F5057A0CD056
:10FE1000012803D195F86710022906D0002109288E
:10FE200088460ED00A2802D005E00121F7E795F8B0
:10FE30006510022905D000213D91BBF1000F02D0D1
:10FE40000DE00121F8E7092803D00A2801D0012894
:10FE500005D1DAF82000012805D0022803D00022BD
:10FE60003C92012008E0439890F82C1101203C902E
:10FE7000B0400142F5D100209C4A05EB86013A9141
:10FE800099ED000AD1ED000A399006EB061023A97E
:10FE9000009102EB800707F510774422394630EED7
:10FEA000808A01A8F0F7C2FEB8F1000F0FD097EDDD
:10FEB000050A8DED020A97ED060A8DED030A97ED0E
:10FEC000070A8DED040A97ED080A8DED050A0098E2
:10FED000442201A9F0F7AAFE442223A912A8F0F7B0
:10FEE000A5FE012095F86610B04001424CD095F86F
:10FEF0006410042908D0052906D0B8F1000F0BD0F2
:10FF00009DF849205AB102E09DF8492022B1B8F18C
:10FF1000000F06D00224E0E09DF84820F2E7042418
:10FF2000DBE0724AAB6F02EB8602D2F858249342B0
:10FF30007FF436AF3C9A32B9439A92F82C210242B0
:10FF400001D10824C9E0BAF830206B48B0EBC25F99
:10FF500001D00E24C1E0042917D0052915D099F845
:10FF6000200080B9D9F80400FCF785FA58B199ED62
:10FF7000010A6249B0EEC00A10EE100A884202DCA3
:10FF8000D9F8140008B109249DE03D98E8B33A98E7
:10FF90009DED150AD0ED000AF0EEE00AF4EEC00A7D
:10FFA000F1EE10FA39DC90ED070ADDED160AB4EE39
:10FFB000E00AF1EE10FA30DC3998D8B118EE100AE8
:10FFC000FCF759FA48B39DED130AB4EEC80AF1EEF6
:10FFD00010FA22DC9DED140AB4EEC80AF1EE10FA14
:10FFE0001BD39AED000AF0EEC80AF4EEC00AF1EE57
:10FFF00010FA12DC3A98DAED050A90ED070AB4EE31
:020000040801F1
:10000000E00AF1EE10FA08DC00E008E0DAED010A9F
:10001000B4EEE00AF1EE10FA01DD0B2453E095F89E
:1000200064000A284FD195ED140ADDED1B0AB4EEE9
:10003000E00AF1EE10FAF0D3DDED1C0AB4EEE00AAE
:10004000F1EE10FAE9DC95ED150ADDED1D0AB4EECE
:10005000E00AF1EE10FAE0D3DDED1E0AB4EEE00A9C
:10006000F1EE10FAD9DC95ED160AB5EEC00AF1EE04
:1000700010FAD2D1219B4FF47A72D5E91210A3FB6A
:100080000237CB1A70EB0703C7D3229BA3FB0232C4
:10009000591A8241C1D33998A8B1D9F80000FCF7A8
:1000A000EAF90028B9D099ED000ADDED130AB4EEA3
:1000B000E00AF1EE10FAB0D3DDED140AB4EEE00A76
:1000C000F1EE10FAA9DC761CF6B234B9072EFFF473
:1000D0008DAE28461CF0A0F8044600F02FF840B082
:1000E0002046BDEC028B04B0BDE8F09FB8030224AB
:1000F00090D0030088A90124000080FFCDCC4C3DA6
:10010000024881784078081AC0B27047B8000124CC
:10011000054881784078081AC0B2042801D201202D
:100120007047002070470000B80001240248806832
:10013000002800D000477047B80001240248C0687A
:10014000002800D000477047B800012470B5C2B045
:10015000144602A91D46064609481BF05AFE00280F
:100160000CD09DF86E1022AA05481CF02DF9022132
:100170003246CDE9004502A802F0DCF842B070BD7D
:10018000C8AE012418F034BEF8B504460848164637
:100190000D46407950B14EB1204602F071F9054844
:1001A00022462B46009619F02FF9F8BD0020F8BD25
:1001B000B8000124C8AE01242DE9FC412D4D0024D6
:1001C000904606462C480F464FF4C161AC60EC6087
:1001D000F0F788FD28490120C1F85004084604F0D2
:1001E000C3FC0020C5E90400244807F038FF02F0F2
:1001F000EDFB224A01462248CDE9006702F05EFE8F
:1002000002F0E4FB01461E4820300CF09CF802F09E
:10021000DDFB01461A48C03017F050FB060005D13F
:1002200017484021C03016F0F3FF064615484146F6
:100230001AF0FAFD1448AA21F0F732FD12484FF4E3
:1002400048712C70B030F0F74DFD10484FF4D0716C
:10025000F0F748FD084820216C702038AC70F0F7AA
:1002600041FDEC702C711EB100206871BDE8FC816D
:100270000120FAE7B8000124B80302240090012409
:10028000C8A80124C8AE012428FE0124F8010224D4
:10029000F0B540B139B132B190F869301BB190F886
:1002A00068307F2B01D00020F0BD9FED0D0A0023A8
:1002B0005D1C00EB830401EB8306D4ED000A02EB26
:1002C0008307EBB260EE800A072BC6ED000AD4ED7F
:1002D000070A60EE800AC7ED000AE9D30120F0BDED
:1002E00035FA8E3C1CB50421CDE9002302460648B0
:1002F00002F0FFFD0549002008700348BDE81C40DE
:100300000349C03017F046B8C8A80124B80001243A
:1003100028FE0124072806D201218140480602D088
:100320009FED020A7047B7EE000A704727A0994177
:10033000064991F86A20012A04D191F8691009B19F
:10034000FFF7E8BFB7EE000A70470000D8FE0124AF
:100350002DE9F05F17461E4601004FF000022DED1B
:10036000028BDDF830B08BF8002014D0DFF8589104
:100370000020012399F8662000EB800403FA00F8BE
:1003800001EBC40C12EA080FDCE9065404D1401C4E
:10039000C0B20728F0D371E091F82C2101218140EF
:1003A0000A4217D0DCF800106FEAD15111F0FF0FAC
:1003B00010D0DCF8141069B9791B76EB040109D36D
:1003C000DFF808817B1B66EB04020021B8EB030316
:1003D000914105D20020C9F8F802C9F8FC024DE0AD
:1003E000D9F80083CE46D9F80413B8EB050271EBB7
:1003F000040243D2DFF8D4A0B5EB080364EB01019B
:100400004FF00009BAEB030279EB010904D2002195
:10041000CEF8F812CEF8FC120EEB8002CEF80053A4
:10042000F046CEF804439CED000AD2ED9B0A30EE74
:10043000600AB0EEC08AFFF77BFFC8EE000A2449CD
:1004400010EE900A88421BDC4046C0E9BC76D0E939
:10045000BE12114301D1C0E9BE54D0F8F812D8F849
:10046000FC021C4A691A64EB0004881A74F100004B
:1004700004D30120BDEC028BBDE8F09F0020F9E71A
:1004800000214046144BC0E9BE1198EDC20A30EE7F
:10049000600A10EE101A994206DBC0EDC20AC0F8DD
:1004A000F072C8F8F462E9E7D0F8F012D8F8F40274
:1004B0000A4A791A66EB0006881A76F10000DDD345
:1004C00001208BF80000D9E7D8FE0124A0860100A6
:1004D00035FA0E3C400D030088C3E43A80841E00C8
:1004E000102815D2DFE800F01214141414080814B0
:1004F00008141014140A0C0E0120704702207047D3
:100500000320704704207047052070470020704783
:10051000082070472DE9F84304464C481E460D4616
:10052000407930B142B13EB1494890F84A0558BBD4
:1005300004E00520BDE8F8830420FBE7DFF8148120
:10054000404698F810130B2924D1034690F86A000E
:1005500001281FD193F86400092803D00A2801D08C
:10056000012817D198F866C000204FF0010900BF9C
:1005700009FA00F71CEA070F08D008EBC003D3E91B
:10058000AA733F1BAB4101D30220D3E7401CC0B28A
:100590000728EDD398F81503474698F82831984274
:1005A0003BD200EB400007EB8000D0F880101160D8
:1005B000D0F884105160D0F88800906097F8150347
:1005C000401CC0B287F8150397F8281188421FD144
:1005D00097F810030B2810D00D280ED00E280CD041
:1005E000102806D0112808D0122806D0132804D0CD
:1005F0000EE097F8670002280AD017480023174A30
:10060000294600902046FDF797FF08B9C7E9B8458D
:1006100097F81403307001208CE701294FF003078D
:100620000DD003290BD00C2909D00D482B46009280
:10063000224617F0A9FA0128A7D137707AE70848AF
:100640002B460092224617F0F1F9F4E7B800012496
:10065000B8030224D8FE0124B801022420A1070017
:1006600088A901242DE9F04706001D482DED028BD5
:1006700090F8665029D096F82C1135EA010124D162
:10068000DFF860A000240127814600BF07FA04F0CC
:10069000C0B205421ED004EB8401204609EB84025F
:1006A00006EBC108D2ED9B0A98ED000A30EE600A15
:1006B000B0EEC08AFFF73CFEC8EE000A10EE900ACA
:1006C000504502DCD8F8140020B10020BDEC028BAC
:1006D000BDE8F087641CE4B2072CD7D30120F5E70E
:1006E000D8FE012435FA0E3C0A4991F86A2091F8A7
:1006F0006600012A0CD191F86420092A08D191F8EA
:10070000691029B120B1411E084201D10120704772
:1007100000207047D8FE0124084910B591F8640004
:100720000A2809D0092805D191F8690010B1FFF70E
:10073000DBFF08B1002010BD012010BDD8FE012450
:10074000044890F86700022802D04FF48070704788
:1007500000207047D8FE01240C4910B5497991B1A9
:1007600088B10B4991F84A1569B90A4C94F81613E7
:1007700049B1542204F50671F0F713FA002084F809
:100780001603012010BD002010BD0000B800012498
:10079000B8030224D8FE01241A4A10B5517971B168
:1007A00068B1194B117893F8A8408C421DD803F515
:1007B000B26191F84B2591F800369A4201D300209E
:1007C00010BD02EB420201EB8202D2F85835036001
:1007D000D2F85C354360D2F86025826091F84B0511
:1007E000401C81F84B05012010BD01EB4104491C60
:1007F00003EB84031C6804605C6844609B6883604E
:100800001170F0E7B800012428FE012410B5044659
:100810000648407940B13CB1FFF77EF821460448D4
:10082000BDE810401AF014BE002010BDB80001242D
:10083000C8AE0124F0B5B9B005461CA80E4670211B
:10084000F0F750FA1F4C94F8670002280ED00020F1
:100850008DF8DC0002AF58B11B482A46334600979A
:100860000BF04EFBD8B1012039B0F0BD0120EFE70D
:1008700068213846F0F736FA0020CDE9185604EB27
:10088000800207EB800192ED760A431C81ED000A9D
:1008900092ED6F0AD8B2072881ED070AEFD30A4814
:1008A00002A90A4B78300090A3F1A0021CA80BF01B
:1008B00091F808B10320D7E7012084F8160300203F
:1008C000D2E70000D8FE01247800022488A9012480
:1008D00010B59CB002460F4802AC0B46009404468B
:1008E0000BF052FA10B101201CB010BD094802A94A
:1008F000094BE8300090A3F1A00220460BF06AF803
:1009000008B10320F0E70549012081F81603002013
:10091000EAE700000800022488A90124D8FE012487
:100920002DE9F0410746174815461E4690F86A2003
:1009300090F8661090F86440012A05D1092C0AD07D
:100940000A2C08D0012C06D0A7B197F82C0131EA67
:10095000000002D00EE02A460EE0092C03D03846F3
:1009600000F0CEF830B12A4633463846BDE8F041B3
:1009700001F02CBE2A4633463846BDE8F041FDF76B
:1009800091BC0000D8FE01242DE9FE4307460B4828
:1009900014461D46DDF828800E46407960B11046A9
:1009A000194601F06DFD8DE83001054832463946A3
:1009B0001AF0D6FEBDE8FE830620FBE7B80001244E
:1009C000C8AE01240449497919B10146034816F01B
:1009D00078B9052070470000B800012488A90124D7
:1009E000064B10B593F81143002C05D183F8110381
:1009F00083F8121383F8172310BD0000D8FE0124DA
:100A000070B506460C4814461D46407930B10B4877
:100A100090F81003082803D0092801D0002070BDE9
:100A20003046FFF75FFC22462B463146BDE870405A
:100A30000220FDF729BF0000B8000124D8FE0124E0
:100A40000D4930B54C79A4B198B10C79CD78641BBF
:100A5000E4B2022C0BD2094D0C7904F0010405EB31
:100A600004142260C4E901300879401C0871012097
:100A700030BD002030BD0000B800012498030224DE
:100A8000F0B5D0B1CAB190F82C3131EA030314D1DA
:100A90005FF0010505FA03F4E4B221420FD003EB45
:100AA000830602EBC30400EBC606D4E90074D6E962
:100AB00006C6B7EB0C07B44101D30020F0BD5B1CA8
:100AC000DBB2072BE6D30120F0BD000010B590F893
:100AD0002C2131EA02020BD15FF0010404FA02F387
:100AE0000B4207D002EB820300EBC3035B690BB13F
:100AF000002010BD521CD2B2072AEFD3012010BD36
:100B000070B5E8B190F82C2131EA020218D1104DED
:100B1000012400BF04FA02F3DBB2194212D002EB47
:100B2000820300EBC30393F820604EB95E693EB9BF
:100B300093ED010AB0EEC00A10EE103AAB4201DDAF
:100B4000002070BD521CD2B2072AE3D3012070BD31
:100B5000CDCC4C3D30B590F82C3131EA03030DD1AA
:100B60005FF0010505FA03F40C4209D003EB83049E
:100B700000EBC40494F82040944201D0002030BD22
:100B80005B1CDBB2072BEDD3012030BD2DE9F04F0C
:100B9000FA4FADF55D7D4FF0000905460C464E4617
:100BA0008DF80C90787998B3DFF8D48300260FE0A5
:100BB00000F0030000EB800101EBC001F14808EBFD
:100BC000C1011BF079F848B178780126401C787093
:100BD000B9787878091A11F0FF0FE9D12846214633
:100BE000FEF704FF9DF80C1008438DF80C00D8A9FF
:100BF000DBA801F0D9FB28B1DDE9D823DB98FDF7AC
:100C00000BFAD2E003AA28462146FEF765FF10B191
:100C10009DF80C00C9E0D7E9041251EA020010D097
:100C2000681A74EB02000CD3691A64EB020000220C
:100C3000D1F1FF33824101D24FF0FF31D24807F0AA
:100C40007CFAC7E904544FF49871BB4604A8F0F746
:100C500049F80021CD4804AA234602922A46CDE94C
:100C60000001CB4816F016FE070006D1C84804A9BB
:100C70002A462346A0380BF01BFCC5482A462346CB
:100C8000C03802F06BF9182192A8F0F72BF8C04891
:100C900092A9C03802F0F4F89DF85E02DFF8F4A2E1
:100CA00030B99DF85F0218B9FCF766FF002870D0D4
:100CB000002104A801EB810200EBC202526942B19B
:100CC00001EB8102491C00EBC200406961F31F6027
:100CD00004E0491CC9B20729ECD348469DF85E12CE
:100CE00011B99DF85F227AB108B1072712E011B956
:100CF0009DF85F0240B11FB99DF83C017F2803D0E9
:100D00009DF83C01082705E0A348D0F834080328E3
:100D10003FD30627804601F04BFD9D482A462346D7
:100D200015F0E8FE9AF81013A9B1062F0BD19AF826
:100D30006400092801D00A2805D1FDF785FE0022AC
:100D40000821FFF74DFE02202A4623463946FDF7CB
:100D50009BFD8DF80C002A4623463846FFF7F6F92E
:100D60009DF80C104246CDE9005408438DF80C0064
:100D700087483946C03802F0BCF886498448B03903
:100D80008BF8009016F006FB7E4817F0D7FE3FE781
:100D9000FFE7DAA82A462346009004A8FDF762FC84
:100DA0008DF80C009DF8681321B10DF55D7D304381
:100DB000BDE8F08FFFF7BAF9784890F8440460B9BD
:100DC0007648012103F04CFE38B99AF86A100129DF
:100DD00003D09AF87E00D04610B1FFF7AFF94DE08E
:100DE000FFF7ACF9FCF7C8FEF0BB66482A4623467D
:100DF0001BF09EFAC0B301F0DBFC65482A4623468F
:100E000015F078FE98F8100328B100212A46032037
:100E10002346FDF739FD03202A462346FFF796F9BE
:100E20009DF80C102A46234608438DF80C005848BC
:100E3000C03802F013F8534817F080FE5549544863
:100E4000B0398BF8009016F0A5FA682170A8EFF77A
:100E500049FF53480B210122D0F80C0F8DF81012D6
:100E600083908DF8112200E008E0CDE9805470A84D
:100E700001F032FA9DF80C10084399E09AF810033B
:100E8000D046E8B3FFF744F9D8B33E4870A91AF04A
:100E90004BFCB0B3414A40469DF8261298F866C014
:100EA0009DF83E3292F8E02411438DF826120AB1E3
:100EB000012200E0002213438DF83E3290F86A20B0
:100EC000012A02D090F87E2002B101221A438DF847
:100ED0003E2241EA0C018DF8261290F86710234655
:100EE0008DF827122A4690ED140A8DED840A90EDB4
:100EF000150A8DED850A98ED160A8DED860A01E03A
:100F000059E015E0224815F0F5FD00212A4603209E
:100F10002346FDF7B9FCCDE9005404A9804670A82A
:100F20003A4600F0F7FA48EA00018DF80C106FE637
:100F300098F86400032836D1FFF7EAF890BB98F8D8
:100F40006610B8AA0F481BF03FFA58B39DF8461335
:100F500098F86600814226D00E49802298A8EFF7C3
:100F600065FE9DF846032A468DF8C60223460848CA
:100F700015F0C0FD04A93A4698A87CE0B800012409
:100F8000F8010224C8AE012400900124A0860100CB
:100F900088A90124D8FE012400A00124B80302245A
:100FA000C8EE0124FFE704A82A46234600F06CF8A7
:100FB0008DF80C002CE6FFF7ABF8E0B3304898A9A9
:100FC0001AF0B2FBB8B32F484FF000089DF8C612D4
:100FD00090F8E0249DF8DE0211438DF8C6120AB1A4
:100FE000012100E0002108438DF8DE02244870A9A9
:100FF0001AF00FFF40B39DF82A129DF8DE02012976
:1010000000D000212A4608438DF8DE029DF8C60272
:1010100023469DF8261208438DF8C6029DF8270244
:101020008DF8C7029DED840A8DEDAC0A9DED850A11
:101030008DEDAD0A00E011E09DED860A70A88DED02
:10104000AE0AFDF7EFFA80463A46CDE9005404A90E
:1010500098A800F05FFA40EA0800A9E7FFF750F807
:101060000028A7D1064850A91AF090F90028A1D06D
:1010700004A93A4650A8CDE9005400F04BFA97E78E
:10108000C8AE0124B80302242DE9F04FB3B01546D1
:101090001C468246FE4A92F81003002878D0A0F140
:1010A0000A01092906D833B02A465046BDE8F04F58
:1010B000FCF784BDF7490128934691F8A83315D071
:1010C0001646F34AF44F15EB070892F8662044F1F0
:1010D000000902281FD003283DD096F8151396F872
:1010E0002831994255D304283AD052E0042B02D03B
:1010F000052B22D0C6E1E7482A469BF86710234615
:10110000C03801F067FE10BB00212A46234608467E
:1011100069E1022067E191F88003022802D00328E8
:1011200015D0AFE191F8900332EA0000E2D1D9483E
:101130004FF4807115F0FCFF18B102212A462346B6
:10114000E7E7032186F81013C6E9B889CDE101214C
:101150002A462346DDE7042BD6D0052B7ED091E12D
:1011600096F8690008B1114600E07F21504601223F
:10117000FFF7F0FC68B196F869000028C4D1C548B3
:101180002A462346C03801F054FE0028BCD079E13D
:10119000CCE0BF48374696F8101300F502760829D0
:1011A00000F5987001900ED0092966D097F81503C4
:1011B00097F82821904201D305297CD0904201D391
:1011C000062979D040E1702108A8EFF78BFDB148DE
:1011D00008A9A0380BF092F830BB2BAA24A908A8C4
:1011E000FFF756F800B324A82A46234601F00CF96D
:1011F00001F0ECFB04AB0146A848002283E845005F
:101200009DF888002BAB009024AA0198CDE90254E8
:101210000AF026FF97F8150230B19E482A46234669
:10122000C03801F0BDFD20B197F81613384629B13A
:1012300028E100212A462346084675E090F89C11D3
:10124000012909D0D0F88811D7F88C2185EA01004E
:1012500084EA020108439AD1284600E041E1214690
:10126000FFF736FB002892D002202A462346FFF7DC
:1012700039F802212A46234655E0D7E97E10D7E9FE
:10128000802311EB020940EB0308702108A8EFF757
:1012900029FDB5EB090174EB08002AD37D4808A9A4
:1012A000A0380BF02BF820BB2BAA24A908A8FEF726
:1012B000EFFFF0B101E03CE09EE001F087FB01466A
:1012C000764A00200696CDE902542BABCDE90420E6
:1012D0009DF8880024AA009001980AF0C1FE97F8B2
:1012E000150230B16B482A462346C03801F058FD3C
:1012F00018B197F8160328B1C4E000212A4601204E
:10130000234611E097F86700022843D1284621467A
:10131000FFF790FAF0B304202A462346FEF7E2FFD7
:1013200004212A4623460220FDF7AEFA33B0BDE879
:10133000F08F9AF82C01012297F8661031EA00002C
:1013400000D000224FF0010E0020BB460EFA00F341
:10135000DBB219421AD000EB80070BEB800C0AEBD2
:10136000C706DCED530A96ED000A30EE600AB5EED2
:10137000C00AF1EE10FA01D2B1EE400A10EE103AB6
:10138000474FBB4201DC736903B10022401CC0B26D
:10139000072800E076E0D9D39BF864005E46032876
:1013A0001AD196F87E30BBB1394A3A48803215F0EE
:1013B000F5FF010002D02A462346AAE6062286F857
:1013C0001023002086F8140386F815035046C6E95A
:1013D000B889FDF72FF988E052B1032832D00020F8
:1013E0002A460021234633B0BDE8F04FFDF74CBA42
:1013F00000208BF8150345E097F87E0018B997F8A0
:101400006A00012806D197F866105046254AFFF772
:1014100037FBC8B197F8690010B197F8661000E083
:101420007F2150460022FFF795FB68B197F86900CD
:1014300028B918482A462346C03801F0E3FC97F83B
:101440006400CAE70120CBE797F8150397F8281145
:10145000884217D397F81003072813D197F866101E
:101460005046FFF733FB68B10A482A462346C03886
:1014700001F074FC00283FF447AE97F8690000289B
:101480007FF442AEDBE9B812691A74EB02010BE09B
:10149000D8FE012488A9012420A10700400D0300E3
:1014A00035FA0E3C800102241FD39BF81003042858
:1014B00004D0082810D009280ED012E00C482A4683
:1014C000234601F0CBFC0B490020087008480A496C
:1014D000C03015F05FFF04E003202A462346FEF7E4
:1014E00001FF03212A46234613E600201EE70000E1
:1014F000C8A80124B800012428FE0124044A18B118
:1015000011B1C2E90201704700209060D0607047BD
:10151000B80001242DE9FF4F0026044668212DED77
:10152000028BF5B004A8DDE98457EFF7DBFBE06D33
:101530002A4616903B46206E2146179004A8FEF7D7
:1015400095F994F864004FF002098DF8600012AA32
:101550008DF86190D4E90E0182E8A30094F866004A
:1015600060A98DF8660094F869008DF86700FE4860
:1015700001F086FC9DF88201022809D04FF48070AA
:1015800094F86A104FF001080290012902D015E08A
:101590000020F5E794F8640003280FD000200090A5
:1015A00078992A463B462046FEF7E2FB8DF86C0010
:1015B00020B18DF862808DF8638066E094F87E003B
:1015C00018B194F86400032807D094F86A00012841
:1015D00006D194F86400042802D17898FDF72AF81F
:1015E00094F8640058B3072858D0E04915EB010976
:1015F00047F1000A012872D0DFF874B302286DD0D9
:10160000ABF18001DB4B01F5A6722D92EA1801F5D2
:1016100002715F9147F100010328CDE95D1275D099
:10162000042874D0052873D009285BD00A2859D023
:1016300008289FEDD18A6CD006286BD010E37998EA
:1016400018B10320ADF864001FE0C7482246CDE979
:101650000057789920300AF07BFDADF86400A0B9FE
:10166000C1482A463B4601F05CFC70B90020214687
:101670001C228DF86100ADF8640004A8EFF7D6FADB
:10168000B9480BA920300AF017FE04A800F024FE88
:1016900075B0BDEC028B04B0BDE8F08FB24894F891
:1016A0006610C03015F0B4FD0600C7D1B0484FF445
:1016B00048718038EFF716FBAD488022214680380C
:1016C000EFF7B4FAAA48AD4A8038AA1847F10001EA
:1016D00080F81093C0E9B82181E200E02EE094F890
:1016E000690030B178992A463B46204600F058FD03
:1016F000CEE794F8670002280DD04FF480719A4825
:10170000C03015F012FD060007D0A9E264E064E1E4
:1017100080E1B2E165E20021F1E795484FF44871BC
:101720008038EFF7DFFA9248802221468038EFF7C1
:101730007DFA8F48803880F8108327E094F869009C
:1017400038B3894894F86630C03090F8900333EA93
:10175000000001D0062683E28348FC22111DCDF84B
:1017600000B0C03015F026FF0600CED180488022A0
:1017700021468038EFF75AFA7D4804238038002547
:1017800080F8103380F8148380F81553C0E9B89AB4
:1017900025E275487F230299FC22C030CDF800B0C5
:1017A00015F008FF0600B0D16F482A463B4601F00D
:1017B0009CFA0028A9D16E48802221468038EFF794
:1017C00035FA6B4804258038002380F8105380F8E0
:1017D000148380F81533D9E794F86900E8B31C2125
:1017E0001EA8EFF77FFA1C2125A8EFF77BFA00204F
:1017F00045461EAA94F8663005FA00F1C9B20B42BC
:1018000013D0789B93F82C310B4220D0789900EBC1
:10181000800301EBC30191F82030012B17D191ED2A
:10182000000A02EB800181ED000A401CC0B20728CB
:10183000E0D394F86700CDF800B0022811D04A48F0
:1018400025AB94F86610C03015F0F6FEA8B14648F6
:101850005A4694F86610C03000E035E015F09EFD61
:10186000B7E004F1500094F8661025AB90EC030A41
:101870003D48C03015F0F4FDE8E73D4880222146A0
:101880008038EFF7D3F93A4C05210020803C1C2228
:1018900084F810131EA984F8145384F8150304F572
:1018A00044742D98EFF7C2F944E90C9A97E1304857
:1018B000802221468038EFF7B9F92D48002106240F
:1018C000803880F81043D3E0702138A8EFF70AFA87
:1018D0007998E0BB244838A920300AF00FFDB0BB4E
:1018E00056AA66A938A8FEF7D3FC80B301F06EF8BB
:1018F0001EAE0095B7EE000A56AACDE9017666A99C
:101900000AF08CF918BB18482A463B4601F0D1F979
:10191000E8B917484FF448718038EFF7E3F91448F5
:10192000802221468038EFF781F9154868221EA9E8
:10193000EFF77CF90E488038C0E96257DDE93621BF
:10194000C0E9642194F86730022B3FD000E037E013
:101950004FF0000C80F89CC1002300BF06EB830C05
:1019600003F101080EE00000C8A8012420A107002F
:1019700058FF0124C091210035FA8E3C00127A00F4
:10198000780002249CED0E0A00EB830C08F0FF03A4
:10199000072B8CED530AE1D3DDE95D364FF0090CDE
:1019A00080F810C392195941C0E9B8215F980AF034
:1019B00041F828463946FEF73DFF00283FF498AE2F
:1019C000C1484FF44871EFF78DF91EE04FF0010C5C
:1019D000C0E706003FF46BAF42E194F86900A0B1A4
:1019E00094F86A0001280BD04FF48070CDF800B055
:1019F00094F86630FD220146B44815F0DBFDE8E7B7
:101A000094F8670000F0CCFEF0E7B048594615F0B6
:101A1000C1FCDEE794F86900072588B194F86A00F4
:101A2000012808D04FF48070CDF800B094F86630EB
:101A3000FB2201460EE094F8670000F0B1FEF3E7E8
:101A40009DF8820100287BD0CDF800B0FB2294F8ED
:101A5000663002999D4815F0ADFD060070D19A4898
:101A600080222146EFF7E2F89748002180F81053D2
:101A700080F8141380F8151388E64FF00009DFEDA5
:101A8000948A1C218DF8089026A8EFF72BF91C21C9
:101A90001EA8EFF727F900200DF1780294F86630C0
:101AA00008FA00F1C9B20B4237D0789B00EB8006F0
:101AB00004EB800103EBC606D1ED000A96ED000AA7
:101AC00026AB03EB800300EE880A02EB800683ED71
:101AD000000A91ED070A20EE080A86ED000A91ED52
:101AE000000AB5EEC00AF1EE10FA02D2F1EE400A99
:101AF00001E0F0EE400A91ED071AC0EE811AF4EE13
:101B0000E81AF1EE10FA08DDB5EEC00AF1EE10FAAF
:101B100001D2B1EE400AC0EE018A401CC0B20728D3
:101B2000BCD302A826ABCDE9002094F86620674814
:101B3000789916F0A5F9060022D194F8661000E015
:101B40008EE008FA00F2D2B211420CD0789A00EB83
:101B5000800302EBC30292F82020012A03D00C2656
:101B60008DF808000CE0401CC0B20728E7D35748A6
:101B70001EAB26AACDF800B015F05EFD06000CD015
:101B800030468DF86280FEF7ABFC8DF863009DF85F
:101B90000800401C8DF8680062E04B488022214616
:101BA000EFF744F8484C05201C2226A984F81003BE
:101BB00084F8148384F815932D98EFF737F89FED88
:101BC000450A28EE800A10EE100A1EF0F9FB424A80
:101BD00040197941801841F10001C4E9B8010020A1
:101BE00056E594F8670002280CD0002070210646C4
:101BF0001EA8EFF777F835481EA9A0380AF07EFB3B
:101C000010B12CE00120F1E76EAA56A91EA8FEF73C
:101C10003FFB20B3002066A904EB8003421C93ED38
:101C2000000A01EB8003D0B220EE080A072883EDFA
:101C3000000AF1D300F0CAFE3AA9009566AA33461D
:101C4000CDE9017194ED070A56A909F00FFF30B9EB
:101C50001E482A463B46C03801F062F818B10C26EF
:101C6000ADF8646011E518484FF44871EFF73AF8A1
:101C7000154880222146EEF7D9FF184870223AA96C
:101C8000EEF7D4FF10480821DDE95D2380F810133A
:101C9000DDE95241E3185141C0E9B8315F9809F0DC
:101CA000C9FE28463946FEF713FE002898D00120C9
:101CB0002A463B46FEF716FB01212A4602203B46F8
:101CC000FCF7E2FDE4E40000D8FE012488A9012429
:101CD000000000000024744920A10700080002242D
:101CE000F8B515461E460746FEF72AFD014616487A
:101CF0000090FD22A0F18004144894F8193315F0E7
:101D000059FCB0B9132184F81013002084F814038F
:101D100084F815033846FCF78DFC04F538700C4A3E
:101D20000023314600902846FCF706FC08B100204D
:101D3000F8BD94F8121301B02A4633460220BDE8DC
:101D4000F040FCF7A1BD000058FF012488A9012440
:101D500020A107002DE9FC4114461D460746FEF769
:101D6000EFFC014617480090FD22A0F180061648BE
:101D700096F8663015F01EFC20B1FEF7B1FB00228C
:101D8000014618E0112186F81013002086F814038C
:101D900086F815033846FCF74DFC0C4800230C4A26
:101DA000294600902046FCF7C7FB10B10020BDE893
:101DB000FC81002208210820CDE90045FCF776F9D6
:101DC000F5E7000058FF012488A90124B801022486
:101DD00020A1070070B58AB0044602A80D461C2158
:101DE000EEF780FF214E304600F1800196F8673013
:101DF00000F51B7290F866000091022B01461C480A
:101E000002AB07D015F018FC58B1FEF769FB0022B1
:101E1000014624E006F1500C9CEC030A15F020FB6F
:101E2000F2E7102386F81033012286F814231148B4
:101E3000002186F81513009096F86700022809D053
:101E40000D4A002320462946FCF776FB28B10020E6
:101E50000AB070BDD6E91223F4E70022082107205A
:101E6000CDE90045FCF722F9F2E70000D8FE012495
:101E700088A90124B801022420A107002DE9F04F10
:101E80004FF00001144607001D462DED088B89B068
:101E90008A468B4606D0B84997F82C2191F86600FF
:101EA000904305D0002205210620CDE9004310E132
:101EB00091F8640088460A2803D198F86500012843
:101EC00028D0FEF729FC00284FF001097DD09FEDB6
:101ED000AB8BAC487021EEF705FF0026CA46C14621
:101EE0009FEDA9ABC8E9624588F89CA106EB860284
:101EF00009EB860807EBC2020AFA06F192ED000A26
:101F0000C9B288ED4C0A99F866200A420BD0D8ED88
:101F10009B0A0AE020461946FFF75CFF09B0BDECBA
:101F2000088BBDE8F08FF0EE400AC8ED530A99F82F
:101F3000660008422CD0B7EEC02AD8ED9B0AB7EE57
:101F40000E1B3046B7EEE00A30EE420BB0EEC00B8F
:101F500020EE01BBFEF7ECF9B7EEC01AD8EDA20AED
:101F6000B7EEE00A21EE000B8BEE009B51EC190B53
:101F7000FAF76CFA00287CD0B4EECA9BF1EE10FAA6
:101F800077DCB4EEC89BF1EE10FA01DDB0EE498BC0
:101F9000761CF6B2072EA9D351EC180BFAF756FAB5
:101FA000002867D0B4EECA8BF1EE10FA62DC9FED28
:101FB000780B28EE000BFAF7ABFA51EC100B1EF081
:101FC000C3F94FF47A624E4600E02CE0C6E96401A2
:101FD000801A71F1000003D200211046C6E96401A5
:101FE00020462946FCF75CFA002878D101E0082158
:101FF0006CE006A80090684AD6E964018218204681
:1020000041F100032946FCF797FA98B30F2186F8AF
:10201000101386F814A3002286F81523DDE90601C3
:10202000C6E9B801A6E0002698F8661009FA06F09D
:10203000C0B201422BD03046FEF77AF908EB860099
:102040000490D0ED9B0A304680EE808AFEF770F94E
:1020500006EB8600F0EE400A07EBC00090ED001A98
:10206000049881EE200A90EDA21AF0EE480A02A828
:1020700001E031E033E0FCF771FA68B3DDE9020119
:10208000BAEB00027BEB010301D282468B46761C41
:10209000F6B2072EC8D306A852465B4629460090E2
:1020A0002046FCF749FAD0B133488030009000F563
:1020B000F67298F8661000F502733848924615F0EB
:1020C000BBFA70B1FEF70CFA002201460620CDE9FA
:1020D0000045FBF7EBFF21E7761CF2B287E7002211
:1020E00085E7FEF701FB88B3404600221646C0E9AB
:1020F000BA45C8F80023C0E9BE22C8E9BC45C8F803
:10210000042300BF06EB8601444609FA06F007EBFC
:10211000C10208EB860192ED000A81ED4C0A98F8A5
:10212000663003420ED091ED9B0AD2ED000A304694
:1021300030EE600AB0EEC08AFEF7FAF8C8EE000A88
:10214000C4EDC20A761CF6B2072EDBD30D481C2262
:1021500051461C30EEF76AFD0F2288F8102388F8EC
:102160001493002188F81513DDE90612C8F8E4225B
:10217000C8F8E0120020D1E6D8FE012400000000DB
:1021800000000000080002245AEBB5A0F7C6B042D8
:102190000000000080842E41C091210088A9012404
:1021A0002DE9F04F16461F468B4605462DED028B56
:1021B00083B045484FF44871EEF794FD42488022C1
:1021C0002946EEF733FDDFF8008100249FED3F8ABA
:1021D0004FF0010995F8661009FA04F0C0B2014207
:1021E00036D095F86400012826D095F87C000028A8
:1021F00005EB840090ED000A01D120EE080A08EBFF
:10220000840080ED9B0A95F87D1049B104EB8402AF
:102210000BEBC201D1ED000A30EE200A80ED9B0AE3
:1022200095F87C10002905EB840191ED070A01D196
:1022300020EE080A80EDA20A08EB840ADAF86C02A4
:10224000FAF719F928B3DAF88802FAF714F900B3A3
:10225000641CE4B2072CBDD31D48444695F86610B3
:1022600090F89003814388F81A1317D0184814F097
:10227000CFFFE8B1FEF734F9002201465FF002001B
:10228000CDE90067FBF712FF03B0BDEC028BBDE8A0
:10229000F08F641C08210120E2B2F1E703B032465E
:1022A0003B465846BDEC028BBDE8F04FFEF738BB0D
:1022B00008480A2184F81013301847F10001C4E9D6
:1022C000B8010020E0E70000D8FE012435FA8E3C7A
:1022D00088A9012400127A0070B5050003D0FDF72B
:1022E0000FFF10B108E0002070BD0F48294619F01B
:1022F000E3FC08B1012070BDFDF70AFF0028FAD009
:102300000A4C6822A07800F0030000EB800101EB8A
:10231000C000074901EBC0002946EEF787FCA07812
:10232000401CA070E6E70000C8AE0124B8000124FC
:10233000F80102242DE9F0419AB0904604000F46BE
:10234000DDE9205625D068216846EEF7CBFCE06D2C
:102350002A4612903346206E214613906846FDF7B8
:1023600085FA94F864000EAA8DF85000022F8DF8BB
:102370005170ADF85480D4E90E0182E8630094F8FE
:1023800066008DF8560094F869008DF8570004D067
:1023900006E000201AB0BDE8F08108208DF8530057
:1023A0006846FFF799FFF5E7F0B54FF0000328B353
:1023B00021B300240460124A124FC1E9004416E020
:1023C000D47804F0010407EB041670CE92F803C031
:1023D0000CF1010C82F803C0D0F800C04CEA060CE6
:1023E000C0F800C00BB9C1E900455B1CDBB2D47872
:1023F0001579AC42E4D10BB10120F0BD0020F0BD55
:10240000B800012498030224F0B505002DED028BDD
:102410009DB02BD0174802AF009709F0B5FC0028FB
:1024200024D1164E0024DFED148A00BF05EB840092
:1024300007EB8401D0ED000A91ED000A30EE600A4E
:10244000B0EEC00A80EE288A18EE100AFAF713F8E8
:1024500040B196EDC30AB4EEC80AF1EE10FA01D20B
:1024600086EDC38A641CE4B2072CDFD31DB0BDEC3B
:10247000028BF0BD0800022435FA8E3CD8FE012400
:102480002DE9F047ADF53A7D064604A888464FF49D
:102490003671EEF727FCFDF749FE3C4804A900F031
:1024A000EFFC3A480AA9203009F028FF00213848FB
:1024B00026AA434602923246CDE900013348C03095
:1024C00015F0E8F9334872A905F0B1FDDFF8BC90CA
:1024D00000244FF0010A09F1C00900BF04EB840198
:1024E00001EBC4020AFA04F009EB82016A46C5B2A4
:1024F0002648B1F84472C030214615F06FF998B9FA
:1025000004A89DED000A00EB840080ED9E0A9DED7D
:10251000010A80EDA50A9DED020A80EDAC0A9DF846
:10252000DC0228438DF8DC02F843800704D19DF8D3
:10253000DD0228438DF8DD02780704D59DF8DE0220
:1025400028438DF8DE02C7F3C5003F2804D19DF86B
:10255000DF0228438DF8DF02C7F34220072804D1A9
:102560009DF8E00228438DF8E002641CE4B2072CD9
:10257000B4D3094804A9CDE9A06819F03AFEFDF7E3
:10258000DDFD0DF53A7DBDE8F0870000C8A8012407
:10259000A086010000900124C8AE012410B50446B5
:1025A0000848407900280BD0002C09D0FDF7BEFD6B
:1025B0000548214605F0EEFDBDE81040FDF7BEBD23
:1025C00010BD0000B8000124009001242DE9F0475F
:1025D0006E4CB6B08246164600201F468DF8B400F9
:1025E00004F51B7994F86A004FF00108012830D1F6
:1025F00094F86400092803D00A2801D001282CD1BE
:10260000624845465146CDF80080FDF7B1FB28B140
:10261000002284F8130308210120A4E094F8662026
:1026200005FA00F10A4210D094F87D1069B100EB70
:10263000800204EB80010AEBC202D1ED000A92EDA8
:10264000000A30EE200A81ED9B0A401CC0B2072828
:10265000E4D394F86400092860D094F866105046DA
:10266000FEF74EFA30B194F864000A2804D0092825
:1026700054D06AE00C205DE01C212EA8EEF732FB5E
:102680005FF0000594F8661008FA05F0C0B2014248
:1026900032D094F86500012806D03D4801AA2946A9
:1026A00015F09CF8F8B90EE005EB850104EB850008
:1026B0000AEBC101DFED370A91ED000A80ED9B0ABC
:1026C000C0EDA20A18E004EB850090EDA20AB5EE79
:1026D000C00AF1EE10FA06D9DDED040AB4EEE00A04
:1026E000F1EE10FA03DD0E208DF8B45022E02EA892
:1026F00000EB850080ED000A6D1CEDB2072DC1D303
:1027000001A8009004F1500094F866102EAB4A46E0
:1027100090EC030A1E4814F0A3FE0AE02DA91E48FF
:102720004B46CDE9000194F866205146184815F053
:10273000A7FB50B1FDF7D4FECDE9006701469DF837
:10274000B400401CC2B201200FE0FDF7F9FF94F87D
:10275000662001460E4814F0EBFC58B1FDF7C0FEB0
:10276000002201460320CDE90067FBF79FFC36B04D
:10277000BDE8F08709480C2184F81013301847F1A0
:102780000001C4E9B8010020F1E70000D8FE0124EF
:1027900088A90124000000006001022420A1070094
:1027A000022802D04FF4807070470020704700006C
:1027B0000A4800B500F59C61A1B090F8102391F88B
:1027C000E01412B190F866000143002903D00448D8
:1027D0006A4619F0F9FD21B000BD0000D8FE0124C1
:1027E000C8AE012410B544184A1EA4F101041142D8
:1027F00024EA020401D002F013F9204610BD0000C3
:1028000010B5084C012020700748FAF7BAFD0028DF
:10281000A06803D0BDE8104013F08CB8BDE81040AC
:1028200013F07CB8C002012444B9022470B50446F8
:1028300090F84200A26B810709D4B4F8401049B166
:10284000A1F57F43FF3B1BD0491EA4F84010B4F80C
:102850004010A9B90AB1810712D516482146FAF7E6
:102860002BFEFFF7CDFFE16809B1204688472169BB
:1028700009B1204688472046BDE870400EF0B4BF3D
:10288000E16B002AC1F10001216311D0810702D45C
:10289000616B49422163A56A4110236A491CA36206
:1028A000E36A61F341002562E26284F84200A363B7
:1028B00070BD000044B9022470B5304D686812F054
:1028C00040FF0646687880F00100687048E000200C
:1028D000287094F842006978C0F380028A4243D09D
:1028E00061F38200216B84F84200020701EB0602CB
:1028F00019D4002917DC002A15DBC00709D161694A
:1029000039B120468847216AA26A014421621044F5
:10291000A062A16809B12046884794F8420040F0BF
:10292000080084F84200206B8019206316D4E16A05
:10293000884200DD21632046E16988470146606ADC
:10294000884204D0626861620AB120689047D4E985
:102950000B01814202DB2046FFF768FF287818B19F
:102960000748FAF70EFD03E005482146FAF71BFD7C
:102970000400ACD112F0ECFE686070BDC00201240E
:1029800044B9022470B5044640680D4608B1FFF70B
:10299000F9FF2268002A04D029462046BDE870408D
:1029A000104770BDB4EE400AF1EE10FA0BD110EEF4
:1029B000100AB0F1FF4F06DA10EE100A10F5000F02
:1029C00001D2012070470020704700000048704786
:1029D0009806030870B50C46054600F021F800285B
:1029E00012D000226068C2EB0211521C05EB81017B
:1029F000D2B291F83C10C943C9B2072A40EA01009B
:102A00006060EFD308B1002070BD012070BD10B52B
:102A10000368047A0B430360FF2C00D1027210BDDF
:102A20002DE9F0470746884608005DD00020C8F829
:102A30000000FF2288F80820C8F8040037B338786F
:102A4000072803D002214046FFF7E1FF00244FF49E
:102A5000006A00BFC4EB041007EB800515F8040FF3
:102A6000A04204D0042122464046FFF7D0FF6888E8
:102A700028B1504503D2A88808B1504504D3082195
:102A800022464046FFF7C3FF00261FE0FF224046D4
:102A90000121FFF7BCFF26E0C6EB0610698807EBB3
:102AA0008009B9F80600814204D11021224640462F
:102AB000FFF7ADFFA988B9F80800814204D12021B1
:102AC00022464046FFF7A3FF761CF6B2A642E3D3A8
:102AD0004146284600F00CF8641CE4B2072CB9D338
:102AE000D8F8000010B10020BDE8F0870120FBE716
:102AF0002DE9F041856B0F4606780446280A05D07B
:102B00004FF4005132463846FFF781FFE8070AD0FC
:102B100094F90600411C06D0012804D04021324619
:102B20003846FFF774FFA80717D594ED020AFFF7A0
:102B300039FF68B194ED030AFFF734FF40B194ED1B
:102B4000020AD4ED030AB4EEE00AF1EE10FA04DB57
:102B5000802132463846FFF75AFF680711D594EDB9
:102B6000040AFFF71FFF30B194ED040AB5EEC00A66
:102B7000F1EE10FA05D84FF4807132463846FFF76F
:102B800046FF280711D594ED050AFFF70BFF30B17A
:102B900094ED050AB5EEC00AF1EE10FA05D84FF42F
:102BA000007132463846FFF732FFE8061DD594ED36
:102BB000060AFFF7F7FE90B194ED070AFFF7F2FE61
:102BC00068B194ED060AB5EEC00AF1EE10FA06D32C
:102BD00094ED070AB5EEC00AF1EE10FA05D24FF4F3
:102BE000806132463846FFF712FFA80629D594EDDA
:102BF000080AFFF7D7FEF0B194ED090AFFF7D2FEFD
:102C0000C8B194ED0A0AFFF7CDFEA0B194ED080A11
:102C1000B5EEC00AF1EE10FA0DD994ED090AB5EE41
:102C2000C00AF1EE10FA06D994ED0A0AB5EEC00A10
:102C3000F1EE10FA05D84FF4006132463846FFF73E
:102C4000E6FE680611D594ED0B0AFFF7ABFE30B136
:102C500094ED0B0AB5EEC00AF1EE10FA05D84FF468
:102C6000805132463846FFF7D2FE28061FD594ED34
:102C70000C0AFFF797FE90B194ED0D0AFFF792FE54
:102C800068B194ED0C0AB5EEC00AF1EE10FA06D95F
:102C900094ED0D0AB5EEC00AF1EE10FA07D83246EF
:102CA0003846BDE8F0414FF48041FFF7B0BEBDE8C3
:102CB000F08110B548B1C17F39B1017A052906D03C
:102CC000062904D0072906D101E0012010BD417F6B
:102CD00009B1417A09B1022010BD07240472012113
:102CE0008177C0E90423002010BD10B528B1C17F51
:102CF00019B1017A032908D101E0012010BD017F3B
:102D000019B1817A09B1417A09B1022010BD0021BF
:102D10000424047241778177C0E90423084610BD7A
:102D200010B528B1C17F19B1017A052914D101E08C
:102D3000012010BD017F79B1417F69B1817F59B90F
:102D4000417A49B9817A39B1062404720121817727
:102D5000C0E90423002010BD022010BD10B528B129
:102D6000C17F19B1017A082912D101E0012010BDFB
:102D7000417F69B9817F59B9417A012908D0022977
:102D800006D0047F0021417281611CB1032102E061
:102D9000022010BD02210172C0E90423002010BDF1
:102DA00010B538B1C17F29B1017A062904D00729AD
:102DB00006D101E0012010BD417F09B1417A09B17E
:102DC000022010BD0524047200218177C0E904238C
:102DD000084610BD10B528B1C47F1CB1012903D02D
:102DE000022901D0012010BD047A032C03D1447FB5
:102DF0000CB9847F0CB1022010BD8172C0E904239C
:102E0000002010BD30B528B1C17F19B1017F19B1C3
:102E1000032502E0012030BD0225447A002105721D
:102E20004177032C8177C0E9042300D1417200204F
:102E300030BD30B530B1C17F21B1017A042903D052
:102E4000022030BD012030BD0524047201214177EC
:102E500000258577C0E90423284630BD30B568B128
:102E6000C17F59B108250572032444720021026113
:102E7000C0E9053141778177084630BD012030BD7A
:102E8000D0B1C9B1C27FBAB1027A0A70427A4A702F
:102E9000827A8A70D0E90423C1E9022382690A6137
:102EA000026802B112780A75027F4A75427F8A75FC
:102EB000807FC8750120704700207047FEB5154619
:102EC0000028DDE9082313D00160002404720126E4
:102ED0004472847284610477447784774560C6774E
:102EE000C0E90423CDE900642846029405F0CCF83B
:102EF000FEBD70B5DDE9043588B1C47F7CB171B128
:102F000001290CD002290AD0002408260672417239
:102F1000826144778477C0E90435204670BD012082
:102F200070BD30B538B1C17F29B1017A02290AD00C
:102F3000032906D101E0012030BD417F09B9817F1D
:102F400009B1022030BD0021032404720125057758
:102F500041778177C0E90423084630BD2DE9F0436D
:102F60000400154687B01E4626D0E07F002823D0F7
:102F7000606805F008F9207A00274FF0020802285F
:102F80001AD2DFE800F0010901202072C4E90456DA
:102F9000CDE90087029724E0206803A9FFF740FDF0
:102FA00068B1206803A9FFF715FD84F808806772EF
:102FB000E8B1103484E8E00007B0BDE8F083039F77
:102FC000012108206172207204F110004FF0030902
:102FD00080E8E000606805F0A8F8CDF80090CDE941
:102FE000018760682A46334605F04EF8E4E7049806
:102FF0002561C4E90560DFE7F0B504004FF6FF7016
:1030000004D0002241F22105064614E0002900D038
:103010000020F0BDA75C002380EA0720070403D549
:1030200085EA400080B201E006EA40005B1CDBB2AA
:10303000082BF3D3521C8A42ECD3F0BD70B54FF08D
:10304000FF3210B10C4E002411E091B1002070BD90
:10305000035D5A405FF0000302F001056D42354008
:103060005B1CDBB2082B85EA5202F5D3641C8C4250
:10307000EED3D04370BD00002083B8ED2DE9F047BA
:1030800016460C4680464FF00009089F0FB1C7F85E
:103090000090B8F1000F08D03EB137B12CB1B4F5B3
:1030A000FD7F04D90220BDE8F0870120FBE7A51DC4
:1030B000A81C834201D20820F5E70A464146304663
:1030C000EDF76FFD21464046FFF796FF4FF0200CCD
:1030D000014606F804C030190E4A01F00F0C4FF0FB
:1030E0000A08C1F30324C1F3031602EB11312A23AA
:1030F00043706D1C0B788370135DC370935D037117
:1031000012F80C20427180F8068080F807900020A9
:103110003D60C8E774060308012910B50BD00B29E0
:103120000BD004290BD00D290DD00E290DD00F295D
:103130000DD0002010BD072010BD062010BD02F0EC
:1031400064FB401C10BD022010BD042010BD0320F4
:1031500010BD00002DE9F04F93B005460CF0AFFB19
:10316000044628460CF071FB002C82467ED0BAF152
:10317000000F7BD094F8DC01D326864D4FF4867780
:1031800003286FF07F4922D01D204FF00C08CDE9B5
:103190000107CDF800800022CDE903050123114687
:1031A000504600F097FACDE901670022CDF8008083
:1031B00001231146CDE90365504600F08BFA00BFAC
:1031C00094F8DC01012819D002287DD0B0E020203D
:1031D000C846CDE900090C213B460246504600F0A6
:1031E000EFF9D3223B460C215046CDE9006800F0B0
:1031F000E7F92146504600F0E7FAE1E794F8DD01EF
:103200004FF0030BB4F9DE614FF00108801CB0FBF6
:10321000FBF26023CDE900850BFB120106F11A02D7
:10322000504600F0EFF902204F46CDE9000994F82E
:10323000DD114E2306F17402504600F0E3F994F8D4
:10324000DD1106F1E602CDE90085491C5046B1FBCF
:10325000FBF30BFB1311602300F0D4F90025B946F2
:103260006FF00B0BE80702D0B42701E08EE0642773
:10327000022D01D38E2600E04026E80701D05846F3
:1032800000E00C20022D01D3594600E00C21384407
:103290008846002201231146CDE90160009750467F
:1032A000CDE9036900F016FA06EB0801504600224A
:1032B000CDF810900123CDE90271CDE900761146D9
:1032C00000F008FA6D1C00E002E0042DCAD32FE0E4
:1032D0000AA80BF031FC30480A9030480AF0F6FE9C
:1032E00000260090BDF800003727DFF8B4804FF0CB
:1032F000230B3546ADF8340005EB0510D8E908314D
:103300000BEB400207EB4000CDE90131ADF80A00BC
:1033100005EB85000AA9ADF8062004EB0013504622
:103320004C33009601AA0BF065F96D1C052DE3D313
:1033300094F8ED01052829D94FF4487194F8EE214D
:10334000B1FBF0F6401F4FF488740123C6F1A001D1
:103350005143144AB1FBF0F526210492C620002205
:10336000CDE90041CDE9024011465046263500F036
:10337000B1F9A91950460022CDF810900123CDE9EA
:103380000241CDE90045114600F0A4F913B0BDE8B3
:10339000F08F00007777770058AE03086666660006
:1033A000700A030855555500F0B58DB0074692F8E0
:1033B0008C0615460E46129C072800D300200B2BC6
:1033C00000EB400101EB001005EBC00000F198009C
:1033D00011D00E2B16D00F2B1BD00D2B21D0042B70
:1033E00039D0012B5AD0032C72D2002C71D0012C71
:1033F00070D047A384E00620B4FBF0F100FB11403D
:10340000474903E0464904F00300183151F82030E1
:1034100076E00320B4FBF0F100FB11404049283175
:10342000F4E7817951B1007A24B10121884203D1B6
:103430003CA004E00221F9E73DA000E03FA000909D
:103440003CB142A3314642A23846EDF71BF90DB01C
:10345000F0BD41A3F6E7104602F0D7F9844207D346
:103460000DB0314638463DA2BDE8F040EDF70AB94F
:103470002846E1B202F0D7F90428044600D9002416
:103480003021234605F59A6201A800F057F901A8FA
:1034900000902348343050F82430D3E7072C01D271
:1034A000204600E0002000EB400101EB001002EBA1
:1034B000C00595F8A000983513F01EF8697861B141
:1034C000696909B129A10DE0E97821B129A109E0D3
:1034D00015E010E011E029A104E0A97809B129A1C3
:1034E00000E02DA1631C2EA2CDE900013146384633
:1034F000EDF7C8F8ABE72EA302E02FA300E007A387
:1035000031460DB0384613A2BDE8F040EDF7BAB829
:10351000E69CACE59CB0E68EA7E588B6000000000E
:10352000980A0308E5B7B2E8AFBBE59B9E00000030
:10353000E5BE85E98089E68BA9000000E6A8A1E543
:10354000BC8FE69CAAE6A0A1E9AA8C004D495400D4
:103550002573202025730000504F5300E9A284E812
:10356000A788E5B9B6E689A7E8A18C00E69585E9C4
:103570009A9C0000E4BDBFE883BD0000E5A4B1E86B
:1035800083BD0000E4B88AE6ACA1E58F8DE9A6888A
:10359000E8BF87E69C9F0000E69CAAE79FA5000085
:1035A0004D25303275202025732020257300000022
:1035B000E794B5E69CBA0000E8AF8AE696AD000055
:1035C00030B591B00546DDE91404ADF83810ADF81A
:1035D0003C30ADF83A20ADF83E0068460BF076FB83
:1035E00020460AF073FD10900EAABDF8400069460F
:1035F000ADF80400FF208DF8030028460BF052FBC5
:1036000011B030BD2DE9F04F85B098469146834604
:10361000DDE90EA7F9B1012921D0134E0A250024B6
:1036200006EB840090F9031090F9022090F9013024
:103630000497CDE902210193534690F900004246D8
:1036400049460090584600F045F8641CAC42E7D368
:1036500005B0BDE8F08F044E503E0C25DFE7024E6A
:10366000203E0825DBE70000780B0308F0B585B0A5
:1036700005460020164F0E460090B5F9084019E0A7
:103680003A686946304690470023024601A9284619
:103690000CF067F970B1BDF80C0058B1B5F908101D
:1036A000B5F90A30BDF91020C91A081A801AA042CB
:1036B00000DA04460098305C0028E1D1B5F9080032
:1036C000A04202D1002005B0F0BD2046FBE700007B
:1036D00020030124F0B587B006461C46DDE90C0C3A
:1036E0000E9FDDE90F3500FB041007FB04110CFBF6
:1036F000042703FB0422ADF8000002A8ADF8041073
:10370000ADF80270ADF806200BF0AAFA28460AF0D0
:10371000DDFC0590012CBDF81400ADF8080001DDBA
:10372000032000E002206A4601ABADF80A0002A9BE
:1037300030460BF088FA07B0F0BD00007CB50C46AF
:10374000054663B1012B14D0022B20D0032B21D0CE
:10375000536B02B013A2BDE87040ECF793BF92ED3B
:10376000080A02F097F9B7EEC00A10A28DED000B1F
:1037700008E092ED090A02F08DF9B7EEC00A0DA239
:103780008DED000B21462846ECF77CFF7CBD92EDC9
:103790000A0A01E092ED0B0A09A2B7EEC00A8DED0C
:1037A000000BF1E7256C75206D730000252B2E3181
:1037B00066C2B000252E3166C2B02F730000000033
:1037C000252E3266000000002DE9F34F4FF0000B6C
:1037D000894683B05F466FF07F4500BF99F8EF11CF
:1037E000282000EB4714B94230D104F117004FF004
:1037F000010ACDE900050398621D0A2140F2011378
:10380000FFF7DEFEDFF870810026A219CDE9002562
:1038100018F80610A1F20110434203980A31FFF78D
:10382000CFFEA21B1C32CDE9002518F80610A1F22C
:103830000110434203980A31FFF7C2FE761C052EA1
:10384000E3D3BAF1000F03D0002202E04FF0000AE8
:103850002A46611D0398CDE9001B07EB8701029200
:10386000122309EB0116454906F14C0200F004F958
:10387000BAF1000F01D0002000E028460121A41D6C
:103880000094CDE901103E49F923039806F1740232
:1038900000F0F2F87F1C052FA0D3039800F0A4F8E5
:1038A000C4240398382240F207131121CDE90045C2
:1038B000FFF786FE03983822132140F20513CDE965
:1038C000004BFFF77DFE2C4F1037002404F130022F
:1038D000CDE90025395D9046A1F2071043420398D7
:1038E0001131FFF76DFEC4F1CC06CDE90065395DFD
:1038F0003246A1F20710434203981131FFF760FEF0
:10390000022C1BD3DFF870A04246CDE9008B0AF1F0
:10391000180A1AF80410A1F2071043420398113153
:10392000FFF74EFECDE9006B1AF804103246A1F203
:103930000710434203981131FFF742FE641C082C24
:10394000C4D39020CDE900050398F1238F222721CD
:10395000FFF736FEB9F9F011A1F12700CA2808D8FF
:103960009420CB1CCDE9000503988A22C91EFFF7DD
:1039700027FE05B0BDE8F08F700A030858AE0308B3
:10398000605C04082DE9F84F8A46054690461146CA
:103990005046FFF7C1FBB8F1110F074604D20AEBFE
:1039A000080090F85D6600E00026022085F8DC0142
:1039B0000024A14604EB8400A11905EB0010B942D4
:1039C00080F84C9006D24C3043465246009150212C
:1039D000FFF7EAFC641C052CECD3A86C0121BDE8C0
:1039E000F84F1AF0D2BA00002DE9F04106462148FE
:1039F0008AB0D0E90210CDE90610D6E90080B2689D
:103A000081880088081A401C07B206A904A8F9F7A3
:103A10000EF800282BD004A972680846F9F707F8B9
:103A2000002824D0BDF912501DE000BFBDF91040A0
:103A300014E06019C00710D10AF000FB0290706812
:103A4000BDF80810B0F90220B0F90000AA1A02FB74
:103A50000742121A08EB42000180641CBDF91400F1
:103A6000A042E6DA6D1CBDF91600A842DEDA0AB003
:103A7000BDE8F081700A03082DE9F0478EB01C46BE
:103A800091460D468246DDF8588006A8DDE9177696
:103A90000BF052F8304606950AF018FB009000260D
:103AA000BDF800003346ADF8240047F6FF702A4603
:103AB00049460296CDE9006005A812F01BF917B13E
:103AC000BDF91400241A49462846ADF80C40FFF70A
:103AD000CDFDA8EB0000ADF80E00BDF80C104B4674
:103AE000BDF814201144ADF81010298903AA0096DE
:103AF0000844401EADF8120006A950460AF07AFDAF
:103B00000EB0BDE8F0872DE9F04781460C4608A8C5
:103B10001D46114690E8C0012046FFF7A7FD301A68
:103B200002B2484629B210F06CFEB4F9082039B24E
:103B3000484610F085FE00222146484610F0B0FFAE
:103B400000224846114610F08BFF002248461146DD
:103B500010F08BFF41464846BDE8F047002210F0C8
:103B60008EBF000011EE101A2548B2EE042A8142E1
:103B700003DD10EE901A814206DB70EE601A71EEE2
:103B8000600A81EEA00A7047B4EEE00AF1EE10FA86
:103B900002D89FED1C0A7047B4EEC10AF1EE10FA8C
:103BA00002DBB7EE000A704710EE101A814202DB0A
:103BB00070EE421A01E072EE401A10EE101A8142C5
:103BC00002DB71EE420A01E072EE600AB2EE022AF6
:103BD00010EE101A31EE820A30EE822AB6EE001A8A
:103BE0008142C1EE802AC0EE821A62EE810A80EE26
:103BF000A10A02DB30EE010A704731EE400A70473D
:103C0000000020410000000070B5044640680D46E9
:103C1000800801D100F004FF6868616820F00300AB
:103C2000001D08446060204600F044F8204670BD46
:103C30004068103120F00300884201D30120704712
:103C4000002070472DE9FC470546486801AA0C464C
:103C500020F00300694612F039FCDDE9007005EB45
:103C6000C711804601EB8009D9F838600EB900F021
:103C7000D7FE0CB900F0D4FEC4E90265F46004F18B
:103C8000080604213046FEF7ADFD864201D000F063
:103C9000C7FE0120C9F838402A6905EB870100FA00
:103CA00007F31A432A614A6900FA08F002434A619D
:103CB000BDE8FC8710B5044600F08DF8046010BD27
:103CC0002DE9FC4705464FF000005FEA0108064673
:103CD0000090019045D080290C4601AFE94607D3FA
:103CE00008461AF0B3FF411F01208840401E0444DB
:103CF0003A464946204612F0E9FB009C092C30DA8E
:103D000005EB840201994FF0FF30576900FA01F189
:103D10000F400FD1641C2969A0400140080020D049
:103D20001AF08CFF0446009005EB800047690FB93C
:103D300000F076FE38461AF081FF05EBC4110190C1
:103D400001EB8000866B66B1706820F0030141458D
:103D500001D200F065FEDDE900233146284619F066
:103D600063F93046BDE8FC8710B50446FFF7A2FFB3
:103D7000416841F002014160606840F0010060600C
:103D800010BD10B5044600F026F8416821F002018C
:103D90004160606820F00100606010BD70B50646AB
:103DA0000D46084600F017F8040001D100F038FE77
:103DB0002079C0070DD06868800801D100F030FE7E
:103DC0002146304600F03FF821462846FFF71CFF09
:103DD0000546284670BD10B5426800F1080122F082
:103DE0000300001F0C18900801D100F019FE2046B6
:103DF00010BD70B50C00154606464FF0000021D0EE
:103E00000DB900F00DFE2079C00701D100F008FEC9
:103E100029462046FFF70CFF78B12946204600F0DE
:103E200023F805462046FFF745FF6868294640F01D
:103E3000020068603046FFF705FF2046FFF7A1FF4C
:103E400004F1080070BD7CB50546486801AA0C461F
:103E500020F00300694612F039FBDDE9002321461A
:103E6000284619F0E1F87CBD2DE9F0410D460446E5
:103E700000F10801281F0E18606806F1080720F0FD
:103E80000300401BA0F1040838460421FEF7AAFCF9
:103E9000874201D000F0C4FD616808EB0500001DF9
:103EA00021F00301814201D000F0BAFD307900F029
:103EB000030040EA0800706020F003000C2801D2E3
:103EC00000F0AEFD207900F003002843606030462A
:103ED000FFF74AFF3046BDE8F081B4EEE00AF1EEAC
:103EE00010FA02D2B0EE600A7047B4EEC10AF1EEE9
:103EF00010FAF9DDB0EE410A704700000048704743
:103F0000400803082DE9F14F00221146009810F0F7
:103F100017FC009800210FF0A2F900210446009838
:103F20000FF03AFA20440FFA80F9009800210FF0C0
:103F3000FDF920440FFA80F800980FF049F9DFF8F6
:103F4000A0A000EB090101EB080005B2009854465F
:103F50000EF0C0FB002607462AE000982149806841
:103F6000006850F8260083460FF07BFBF8B95846EE
:103F70000FF032FD40BB002158460FF04DF918B349
:103F8000012821D002281FD003281DD00021584627
:103F90000FF0A1FA58B9BBF81A10BBF81600081AAE
:103FA000401C00B24844A04200DB044624B2761C08
:103FB000BE42D2D3544504D004EB080000B2A8425C
:103FC00000DC2846BDE8F88F0098BBF91A10B0F95C
:103FD0001600081A411CA142E8DB0C46E6E7000087
:103FE00001E0FFFF010004002DE9F84F00228046A8
:103FF000114610F08FFB002140460FF030F90021F0
:10400000044640460FF0B6F920440FFA80FA4046C5
:1040100000210FF09DF920440FFA80F940460FF07F
:10402000E5F800EB0901DFF868B101EB0A0005B221
:104030005C4640460EF04EFB0021074640460FF01E
:10404000F4F801284FF0000644D092E0D8F80800B8
:104050005049006850F8260000900FF002FBC0BBEA
:1040600000980FF0B9FC50B10098B8F91810B0F9E9
:104070001400091A481CA0422ADB4C1C28E00098B6
:1040800000210FF0C9F858B1032809D0062807D03D
:10409000082805D0009800210FF017FA58B118E051
:1040A0000098B8F91810B0F91400081A411CA14280
:1040B0000EDB0C460CE000981430009009F0FBFE7B
:1040C0005044A04204DB009809F0F5FE00EB0A041E
:1040D00024B2761CBE42B9D35C4555D004EB09002E
:1040E0004DE000BFD8F808002A49006850F82600C3
:1040F00000900FF0B6FAC0BB00980FF06DFC50B105
:104100000098B0F91810B8F91400091A481CA04218
:104110002CDA20462BE0009800210FF07DF858B1F2
:10412000012809D0042807D0072805D000980021CD
:104130000FF0D1F958B11BE00098B0F91810B8F998
:104140001400091A481CA0420EDB4C1C0CE000981D
:104150001430009009F0AFFE4844A04204DB009800
:1041600009F0A9FE00EB090424B201E0481C04B2E6
:10417000761CBE42B6D35C4506D004EB0A0000B202
:10418000584501D0A84200DC2846BDE8F88F000061
:1041900001E0FFFF010004002DE9F843F2F74AFABD
:1041A000154C064615490025A0682F46084040F0EA
:1041B0000040A060DFF848800DE06D1CF2F73AFA8D
:1041C000801B0A2801D2454505D3A068C00F05D041
:1041D0000020BDE8F883A068C00FEED14FF48061E5
:1041E000CDF80070BFF35F8F0098401C00908842AC
:1041F000F8D30120EDE7000000200240C0FFFE3FA1
:10420000A08601001CB50B8804892344ADF800305A
:104210004B8844892344ADF802308B8804892344B9
:10422000ADF80430C98843891944ADF806104369D4
:10423000694698471CBD10B5144608B114B90BB1B6
:10424000012010BDB1F5006F01D3022010BD082B75
:1042500001D9032010BD018000228370C0F8032023
:10426000C0F8072023B1C01C1A462146ECF799FC80
:10427000002010BD10B5040006D04FF4CE71ECF74D
:1042800031FD012084F89B0110BD00280BD090F86F
:104290009B11002907D0012180F89A11D0F89411C0
:1042A000491CC0F89411704770B558B190F89B2123
:1042B00042B139B190F8992190F89831934203D1E5
:1042C000012070BD032070BD02EB42032124521C6B
:1042D000B2FBF4F600EB83031D680D605D684D6072
:1042E0009B688B6004FB162280F89921002070BD2A
:1042F00070B5E8B190F89B21D2B1C9B10A88B2F586
:10430000006F15D28A78082A12D890F898312124A3
:1043100090F899515A1CB2FBF4F604FB1622954210
:1043200008D1D0F89011491CC0F89011022070BD3E
:10433000032070BD03EB43030C6800EB83031C6098
:104340004C685C608968996080F89821D0F88C117D
:10435000491CC0F88C11002070BD10B590F8903247
:10436000146803EB830300EB83031C6054685C60F8
:1043700092689A601973D0F880121961D0F880128F
:10438000491CC0F8801290F89012491CC9B280F8FC
:10439000901290F89122914201D980F8911210BDAB
:1043A00040B10188B1F5006F04D28078082801D8A7
:1043B000012070470020704710B5040006D04FF46C
:1043C0002571ECF78FFC012084F8920210BD0000EB
:1043D0002DE9F0410446002108460A4694F890521F
:1043E00018E000BF02EB820304EB83031E7B7EB167
:1043F00060B101EB810704EB870797F80CC06645B5
:1044000004D805D11B693E69B34201D90120114688
:10441000521CD2B29542E5D8002808D0204600F0C0
:1044200047F8D4F88C02401CC4F88C020120BDE887
:10443000F08100002DE9F0410C464FF0000148B139
:1044400090F8923233B12CB122B190F8907227B12A
:1044500001231BE00220BDE8F0810120FBE700BF43
:1044600003EB830601EB810500EB860600EB850577
:1044700096F80CC095F80CE0F44504D304D13669E5
:104480002D69AE4200D219465B1CDBB29F42E7D8D1
:1044900001EB810300EB83031D6825605D686560A7
:1044A0009D68A5601B7B137000F002F80020D2E726
:1044B00070B505460C460AE004EB8400142205EBB7
:1044C000800000F11401ECF7B1FB641CE4B295F834
:1044D0009002401EC0B2A042EED895F89002401E55
:1044E00085F8900270BD70B504000D4616460AD0DE
:1044F00094F8920238B11046FFF752FF18B1032D1D
:1045000003D9032070BD022070BD94F890022028CA
:1045100004D355B92046FFF75BFF30B13246294638
:104520002046FFF71AFF002070BDD4F88402401C1B
:10453000C4F88402042070BD2DE9F0410500164640
:104540000F4621D095F89202F0B1EFB1072E1BD1A2
:104550005FF0000404EB440007EB8000FFF720FF4E
:1045600090B1641CE4B2B442F4D395F89002C0F167
:104570002000C0B2B04209D2D5F88802401CC5F86C
:1045800088020520BDE8F0810220FBE75FF000040F
:10459000012104EB440007EB80022846FFF7DDFE13
:1045A000641CE4B2B442F3D30020EBE72DE9FF4FE3
:1045B00083B00446109FDDF84890DDE91356DDF81E
:1045C00010A04FEA47000FFA80F8B9F1040F22D08B
:1045D000B9F1060F1FD0B9F1050F5FD0B9F1140F73
:1045E00059D1A388E288CDF804804FF00008B4F9CF
:1045F0000200B4F90010121A07FB001C591A491CDA
:104600000FFA81FB521C0FFA82F90AEB4C0A4FEAAF
:104610004B00009085E0204609F03EFC01460190E9
:1046200030460DF0D3F9A188AB46CDF80880B4F937
:104630000280B4F9000007FB0802081A401C00B20F
:1046400000900AEB42074FEA400A0DE05246394615
:1046500058460DF009F9029808F101080FFA88F898
:10466000074400980BEB400BB4F906004045EDDA27
:10467000B9F1060F0FD100224EF207001146ADF836
:10468000000005E035F81130834200D17254491C16
:10469000019B9942F6D307B0BDE8F08FB4F9022030
:1046A0000023A188B4F806C0B4F90000ACEB020CFA
:1046B0000C1A07FB0201641C22B2B81A0CF1010C9F
:1046C00000EB400701EB41010FFA8CF40FFA87F879
:1046D00001EB0A0015E000210BE08778775490F891
:1046E00001C0077807EB0C2C4F1C25F811C039B21C
:1046F000C01C9142F1DB5B1C1BB2404405EB420540
:104700001644A342E7DBC6E7009A514628460DF05F
:10471000ABF8019A08F101000FFA80F805EB4B05A0
:104720009244C845F0DB0598B4F90220069B450089
:10473000B4F900100498002405FB030007FB0211E4
:104740000D1808E05A46294630460DF08DF8641CD5
:1047500024B25E443D444C45F4DB9CE7DFED020AA5
:1047600020EE200A7047000035FA8E3CF0B52DEDA2
:10477000028B83B01F4606000D46B0EE408A0A9CAD
:1047800022D0002D20D004B911A462B1B0EE480AA5
:1047900005F0FAFB38B1B7EEC80A02948DED000BB4
:1047A00047B10BA307E00BA2234629463046EBF79F
:1047B00069FF05E009A329460AA23046EBF762FF2C
:1047C0007119002001F8010C03B0BDEC028BF0BDA3
:1047D000000000002D2D202573000000E8BF87E6B3
:1047E0009C9F20002573252E316620257300000034
:1047F000044810B50078002803D003480121ECF7E5
:10480000E5FA10BDF4010124089F02242DE9F041CE
:1048100005000F4602D00A4C207810B10020BDE8F8
:10482000F0810848ECF7BDFA4FF0000608B1267099
:10483000F4E7012020703846A84701202670EEE7F3
:10484000F4010124089F022430B568B161B190F8E9
:1048500021204AB1B430002490E82C0081E82C00DB
:1048600000F8934C012030BD002030BD10B568B178
:1048700061B190F823204AB100F154021CCA81E8CA
:104880001C00002106F0E4FF012010BD002010BD37
:104890002DE9F04704001D4690460F46DDF82090B4
:1048A0004FF0060616D0494607F010F890B1A9EB74
:1048B0000500322836D2A07E78B1E16A404606F083
:1048C0006DFF70B3216B284606F068FF48B3A07EE9
:1048D00018B10BE00020BDE8F087616AA9420DD055
:1048E000284606F05BFFE0B1A07E38B1206B281AA5
:1048F000322803D30221204606F02AFFC4E90B85A3
:104900000121A17649462046678006F0A4FEB7F54E
:10491000805F0CD3002020764FF6FF71A180607677
:104920004DE0FFE74946204606F095FED2E7607E5F
:10493000032802D2217E032901D9ECF759F804EBB0
:10494000400003214782607E401CB0FBF1F201FB76
:1049500012006076207E032801D2401C2076C0B26F
:1049600003282CD1628AA18A8A4201D2104600E033
:10497000084600D91146E28A824204D38A4201D90C
:10498000084600E01046A08066788046134F062E49
:1049900006D237F81610C822404606F0EEFF70B96E
:1049A0005FF000064046962237F8161006F0E5FF45
:1049B00008B1F6B203E0761C062EF3D306262A468B
:1049C0003146204606F0E8FD4946204606F043FE03
:1049D000204606F089FF01207DE700002809030832
:1049E00070B504000D460CD0C021ECF77BF9656270
:1049F0000620A5624FF6FF71207060702074618000
:104A0000A18070BD10B5040008D006F024FE002877
:104A100004D02046BDE8104006F066BF10BD00007F
:104A2000024901200870FFF7E3BE000010020124D4
:104A300070B50D0008D095E80E0000F049F80400AC
:104A400002D094F87A0008B1002070BD20222946D7
:104A500004F13800ECF7EAF8012084F87A0070BD20
:104A6000002810B513D011B190F83C2272B9002281
:104A700000EBC21393F8784064B193F87C404CB9D2
:104A80001B7B082B04D000238B4203D1012010BDD7
:104A90000123F9E7521CD2B2042AE9D3002010BD49
:104AA00070B50D0008D095E80E0000F011F8040074
:104AB00002D094F87C0008B1002070BD2022294665
:104AC00004F15800ECF7B2F8012084F87C0070BDC6
:104AD000F0B5050014D0002405EBC41090F8786000
:104AE00056B1067801F0FF0ED0E9017C764503D17E
:104AF000974201D19C4504D0641CE4B2042CEBD352
:104B00000020F0BDF0B5002829D090F81E1200F565
:104B1000007029B3C17F19B3017F09B3417FF9B197
:104B20008169E9B9D0E90054511B73EB040117D333
:104B3000D0E90210561A73EB000611D3094F551B2A
:104B400063EB040400267D1BA64109D3511A3D46A0
:104B500063EB00030024681A9C4101D30120F0BDDF
:104B60000020F0BDF0490200002803D04FF410717E
:104B7000ECF7B8B870470B46010010B510D07BB108
:104B8000002001EBC01494F878202AB194F87A2020
:104B900012B194F87B202AB1401CC0B20428F0D393
:104BA000002010BD2022184604F13801ECF73EF831
:104BB000012084F87B00204600F03DF8012010BD64
:104BC0000B46010010B510D07BB1002001EBC014E2
:104BD00094F878202AB194F87C2012B194F87D20C2
:104BE0002AB1401CC0B20428F0D3002010BD2022FE
:104BF000184604F15801ECF719F8012084F87D00FB
:104C0000204600F018F8012010BD000002004FF00F
:104C100000000ED05FF0000102EBC11393F8783072
:104C200003B10123491C1844C9B20429C0B2F3D30B
:104C300070470020704790F87B10002906D090F84C
:104C40007D10002902D08021ECF74CB8704700009D
:104C5000F0B5002824D0D0E9845100F500708D42D1
:104C60001ED0817F00291BD0017F002918D0417FF1
:104C7000002915D08169002912D1D0E90041161B05
:104C800073EB01060CD3074F141B63EB01010026E5
:104C90003C1B8E4104D345610121C177C0E9022349
:104CA000F0BD0000F04902002DE9F04105000C467E
:104CB0004FF000060ED06CB1207801280AD1A06810
:104CC00040B1616831B1217F21B1072902D8217B30
:104CD000082902D90320BDE8F081D5F83822904296
:104CE00001D80D20F7E708294FF0010801D000276F
:104CF00018E0012728463946FFF7B2FE20B92846BA
:104D0000FFF784FF04280DD3227F95F83C12521E32
:104D100008FA02F0014385F83C12A068C5F8380291
:104D20000F20D8E739462846FFF79AFE08B1012040
:104D3000D1E705EBC01191F8782022B1097B082951
:104D400001D0761CF6B2401CC0B20428F1D30FB9D2
:104D5000032E0ED22846FFF759FF042809D200205F
:104D600005EBC01696F8781029B1401CC0B2042893
:104D7000F6D30C20AFE780213046EBF7B3FF3822A3
:104D800021463046EBF752FF86F87880A068C5F8D8
:104D9000380200209FE770B513460A46F0B1EBB128
:104DA000002100EBC11494F878509DB194F879502B
:104DB00085B9257B082D0BD0002595420AD13822D4
:104DC00021461846EBF732FF012084F8790070BDC8
:104DD0000125F2E7491CC9B20429E2D3002070BDC5
:104DE000002805D090F83C12002280F83C220846AA
:104DF000704700282FD000292DD00A69D0F8103232
:104E00009A4205D0C0F81022D1E90023C0E98023DE
:104E10008A7F80F81E220A7F80F81C224A7F80F851
:104E20001D228A69C0F8182291F8202080F82022DB
:104E30004A8CA0F8222291F8242080F824228A6A41
:104E4000C0F82822CA6AC0F82C220A6BC0F83022A7
:104E5000496BC0F83412704710B504002DD094F897
:104E6000C00405F0A4F8002828D194F8C60405F081
:104E70009EF8002822D194F8C10428B994F8C204FD
:104E800010B994F8C30420B194F8C404411E062953
:104E900014D994F89C0628B194F89E0605F087F87A
:104EA00000280BD194F89A0610B994F8980620B10E
:104EB00094F85C05411E062900D9002010BD70B58C
:104EC00005000C460ED0002C0CD005F5A86120463C
:104ED00018F0EEFB002805D0207E85F89B06607B4D
:104EE00085F86E0670BD0000F0B504001746A3B04B
:104EF0000D4601D0072D02D9002023B0F0BD00F0EF
:104F000045FB84F86E0618B1204613F099F8F3E7D4
:104F1000284606F057FD0646204618F026FE00F10A
:104F20003C01324611A800F093FD4422684611A9C5
:104F3000EBF77CFE382104F59A60EBF7D3FE84F89A
:104F4000DC54204684F8ED7418F00FFE007884F8E5
:104F5000EC04204618F009FEC068032DC4F8E804EC
:104F60000DD0B7EE000AFFF7F9FBDDED030AB4EE52
:104F7000E00AF1EE10FA05DDB0EE600A06E09FED02
:104F80002C0A03E0B7EE000AFFF7E8FB04F58060A7
:104F900080ED3C0AB2EE040AFFF7E0FBDDED040A07
:104FA000B4EEE00AF1EE10FA02DDB0EE600A03E0C2
:104FB000B2EE040AFFF7D2FB80ED3D0A9DED0D0A2B
:104FC00080ED3E0A9DED0E0A80ED3F0A0F98C4F871
:104FD0000405204618F0C9FDC068032DC4F88406F6
:104FE0002069C4F888061BD05FF0000094F86F16A3
:104FF000002584F88F06032905D084F89F5684F88D
:105000009C5684F86F56204600F0FFFB50B10421F7
:10501000204612F0DDFF84F88D5684F88E5604E0A9
:105020000220E3E7204604F0B7FA012065E700001C
:10503000000000002DE9F04104000E4644D0002E8F
:1050400042D004F5A86130460D4618F031FB04F556
:10505000B66728B93946304618F02AFB002833D005
:105060002022314604F5BD60EBF7E0FD0120294622
:1050700084F89F06304618F01BFB4FF0000508B17E
:1050800084F89A563946304618F012FB38B184F845
:105090009D5684F89C56707F08B184F86F56F07B5B
:1050A00084F86E06204618F04FFF84F8080694F83E
:1050B0009A0630B994F89D0618B994F86F0601283D
:1050C00002D1062084F80806BDE8F0812DE9F05FE2
:1050D00004000D4637D0002D35D02878052808D09B
:1050E000697800264FF00108012914D0022837D032
:1050F0003DE04878012826D194F8C10430B994F8ED
:10510000C20418B994F89A0600281CD02046BDE8BD
:10511000F05F17F0CEBF012802D0022815D026E09C
:1051200094F8C12442B994F8C2242AB994F89A2672
:1051300012B994F8C324D2B1204617F0BAFF84F80C
:10514000958684F89486BDE8F09F84F8968684F866
:10515000956684F8946684F89766C4F88066F2E7EA
:1051600094F80826052A02D194F8942642B194F8BE
:105170009226002AE7D00629E5D0012905D023E0B0
:1051800084F8956684F89686DDE701281CD194F8AA
:1051900094060028D7D194F895060028D3D194F826
:1051A000C104474684F8948640B994F8C20428B9EB
:1051B00094F89A0610B994F8C30428B1204617F061
:1051C00078FF84F89576BEE794F80826062ABAD0C8
:1051D000052A08D02B78012B46D0042BB3D1687850
:1051E0000128B0D043E02878012802D1697802294B
:1051F00024D069780129A6D194F895160029A2D166
:10520000012827D003289ED194F8970600289AD029
:1052100094F89406002896D0D4F87C16D5E901209D
:10522000511A884200D90846C4F88006B0F5487F74
:1052300089D32046BDE8F05F19F0E8B994F8481624
:10524000204612F0C5FEC4F8806684F8966684F89D
:10525000976678E794F89606002895D084F89786A4
:105260006868C4F87C066EE7687801281DD0C0B273
:1052700003281AD000274FF0FF39C0B2042816D0F7
:10528000052816D05FF00001112A04F59A6B04F589
:10529000C26A3DD2DFE802F00F7F91F5FC3C3CF39F
:1052A000F34AF895F1C6D3F0EF000127E3E749464A
:1052B000EAE70121E8E7022805D0032805D000210C
:1052C000012B04D007E04946FAE70121F8E701285D
:1052D0001FD005281DD0002051B194F88E3603222E
:1052E000C91C194491FBF2F302FB131184F88E16CA
:1052F00000280DD094F88E0668B101280DD0092140
:10530000204684F84A6612F063FE207D012807D00B
:1053100036E10120E0E701212AE184F84B66FFE055
:10532000002220460121FFF7DFFD29E1022808D0F5
:1053300001288ED194F8C60430B1204617F0B9FE8A
:105340001EE194F84A1613E1207D012806D00021C1
:1053500020460022FFF7C8FD10B111E10121F7E757
:10536000207D032816D1204618F0FFFB007894F822
:10537000C41488420ED194F86E060E2803D0092872
:1053800001D0082806D1204618F0EFFB017820460E
:1053900017F092FEF4E00722204612F0F9FD94F88F
:1053A0008E0684F88C061FB10B21204612F010FEE9
:1053B0006878022833D10021DAE002282FD10B21AE
:1053C000D6E00622204612F0E3FD27B394F88E06BD
:1053D00060B104280DD005280ED0012812D000BFDE
:1053E0004FF0010211D14FF0020111E04FF0020124
:1053F00004E04FF00D0101E04FF00E01204612F0E5
:10540000E7FD08E04FF00202ECE7022808D0032194
:105410002046FFF769FD687802283FF47CAFAFE0D3
:105420000421F5E70222204612F0B2FD17B394F8EA
:105430008E0610B1012205210FE00222FBE70422B3
:10544000204612F0A5FDAFB194F88E06022808D0D0
:10545000032808D0B0B1072100222046FFF744FD01
:1054600029E00A2103E00E2084F84A06092120469B
:1054700012F0AEFD1FE055E03DE029E004E058E009
:1054800006E04BE00621E7E7022879D10E216FE024
:10549000204600F0BAF9401CC2B2204612F078FD56
:1054A0004FB1204600F0B1F994F88E16884220469C
:1054B00003D104F071F868787FE700F0B4F938227E
:1054C000594684F88F065046EBF7B0FB0C21CEE727
:1054D00019B14942204603F007FF6878022804D03A
:1054E00001287FF43CAE042142E038225146584660
:1054F000EBF79CFBF7E70322204612F049FD3FB192
:1055000094F88E06032184F89006204612F060FD80
:105510006878022834D194F84B1629E002282FD15C
:105520000F2125E0022801D00128DAD194F849168C
:105530001EE0032805D10F21204684F84B2612F0E7
:1055400047FD6878022801D00128CAD1204600F022
:105550007CF9070002D06878012805D00B2120468D
:1055600012F036FD47B10BE00B2084F84A06092102
:10557000204612F02DFD03E084F89F6684F86F66E4
:1055800068780128ADD184F89586DCE52DE9F041F5
:1055900004000D4601D0082D03D94FF00300BDE8EB
:1055A000F08109D190F8C80418B100BF4FF0000095
:1055B000F5E74FF00200F2E718F0D7FA064694F844
:1055C0009106002870D0D4E90023D4F87016D4F8DE
:1055D00074068F1A70EB030766D3804F8A1A60EB4C
:1055E0000303D21B73F100025ED294F8C824002A90
:1055F000DFD094F8C724002ADBD0032DD9D0042DA6
:10560000D7D094F892266AB394F8932652B394F8BC
:1056100054203AB394F8552022B394F856200AB394
:1056200094F85720F2B1D4E90E7CCA1B70EB0C023F
:1056300018D3D4E91023B1EB020E70EB030E11D393
:10564000DFF898E1CF1B60EB0C0CB7EB0E077CF199
:10565000000707D2891A774660EB0300C91B70F177
:10566000000001D30A209AE794F8C104D0B994F855
:10567000C204B8B994F8C304A0B994F89A0688B9DA
:1056800094F8980670B994F8990658B994F89D065C
:1056900040B994F86F06012804D094F8CA1421B1D7
:1056A0000C207CE701207AE761E0032803D03DB1BC
:1056B000012D05D009E0072D0AD0062D5ED107E0A7
:1056C00094F8C604F0BB012D06D07DB1012D13D096
:1056D000207D01280ED108E094F8C40460B1217D3A
:1056E00051B13178814205D106E02DB9207D18B144
:1056F000032801D0072052E7307A022801D0012880
:105700000ED1022D1DD0052D1BD00DB1012D07D1BD
:1057100094F8C61421B9022802D196F83C0080B949
:10572000707820B3B07810B3306996281FD296ED08
:10573000060A04F029FCD0B196ED070A04F024FC17
:10574000A8B100E01AE094F88C063178401C814240
:105750002BD1707948B3F07938B3B07928B3307A67
:1057600018B3072D3FF422AFF07838B901E00820D4
:1057700015E70DB1012D03D1307908B109200EE7ED
:1057800096ED070A04F000FC78B11549F0698842EB
:105790000BDC1449884208D8706920B994F8CC040D
:1057A00028B1012D03D0062D01D00E20F7E62846A2
:1057B00006F008F9014606F13C00044612F015FD1A
:1057C00000287FF4F3AE012D05D10121204612F00F
:1057D0000CFD0028F5D10420E1E60000F0490200AC
:1057E000CDCC4C3DCDCC4CBD10B504000CD04FF40D
:1057F000D461EBF777FA002284F808260E2184F8AA
:105800006E160120C4F8780610BD002808D090F864
:10581000DC04022804D0042803D0032800D0002090
:10582000704705207047024600B5FFF7EEFF88423B
:1058300001D8FF2000BD92F8DC04032803D000202B
:105840000844C0B200BD0220FAE7002817D090F843
:105850006F16032914D090F8C61489B990F89F16D2
:1058600061B190F8051649B990F8F405082807D0F9
:10587000022805D0032803D0042801D00020704757
:105880000120704770B504000D4623D0002D21D0B3
:1058900084F86E260026287B082811D10F2A12D101
:1058A00004F5B661284617F003FF30B1012184F8F2
:1058B0009D66062084F86F160AE0287B082802D02F
:1058C00084F89A6603E084F89D6684F89C66082054
:1058D00084F8080670BD70B504000B460DD063B1A6
:1058E00094F89906002550B13822184604F5B6619F
:1058F000EBF79CF984F899560DE0002070BD94F800
:1059000098060028FAD03822184604F5AF61EBF764
:105910008DF984F89856012070BD00002DE9F04102
:105920000400DDE906877AD004F5CE6084F892861B
:1059300084F893764FF000060CC059B14FF49A6288
:105940002046EBF773F9012084F89106204619F000
:1059500013FC19E094F89106B0B1D4E900013B4D75
:10596000101A63EB0103401B73F100000CD30020FD
:10597000014600EB410202EB0111401C04EBC101A6
:10598000072881F89960F3D394F80806042803D017
:105990000C2801D0052824D194F8DC142046FFF708
:1059A000F5FD21690546D4F8880688420FD12046C6
:1059B00018F0DBF8C068D4F88416884207D1204676
:1059C00018F0D3F8007894F8EC14884201D006253A
:1059D00000E035B184F86E562046C4F8806617F0B2
:1059E000BFFB94F8C104E0B994F8C204C8B994F8B4
:1059F000C304B0B994F89A0698B994F89D0680B992
:105A000094F86F0601280CD094F80806062806D1F1
:105A1000204618F099FA84F8080684F89C66BDE8D8
:105A2000F081062184F80816B8F1000F01D0002F8C
:105A3000F5D1207E012803D094F89A060028EED0F4
:105A40002046BDE8F04117F034BB0000F0490200E9
:105A500070B592B01546442206460C466846EBF7F0
:105A6000E5F87DB194ED050A8DED010A94ED060A85
:105A70008DED020A94ED070A8DED030A94ED080AF4
:105A80008DED040A442269463046EBF7CFF812B098
:105A900070BD0000DFED020A20EE200A7047000012
:105AA000E02E6542142803D2024951F820007047C5
:105AB00001A0704734090308E69CAAE79FA5E58E7C
:105AC0009FE59BA00000000010B504002CD094F8C6
:105AD000790B002828D000F029F8002824D094F869
:105AE000EC01002820D00FF033FED4F8E811411A61
:105AF000142919D3D4F8E411C4F8E801401A8C2809
:105B000003D3002084F8EC0107E0B4F9E011C0F100
:105B10008C028C20514391FBF0F0A4F8DE01206848
:105B2000BDE810400DF000BF10BD00000348007834
:105B300008B10020704701207047000010020124C6
:105B40002DE9F84F04007DD040F67C31EBF7CAF820
:105B50000AF09EF90028C4F8740B74D000210AF0F2
:105B6000CFFA00200CF056FA002820606BD0884D48
:105B700000212A460EF025FC2068F0224FF48C719B
:105B80000EF05EFE20680022FF210EF049FF08F0B3
:105B900055FA0022014620680EF036FF20681021D9
:105BA0000CF0A8F97B491622206823460BF03AFF37
:105BB00020680CF02FFA0028A06444D00021AB46E6
:105BC0002A460EF0FEFBA06C302210210EF019FECA
:105BD000A06CA022F8210EF033FE08F02FFA00226C
:105BE0000146A06C0EF010FFA06C0022FF210EF009
:105BF00017FF08F03FFB00220146A06C0EF015FFD6
:105C0000A06C002202210EF01CFFA06C00220821D3
:105C10000EF030FFA06C01210BF054FFA06C12219C
:105C20000CF068F91A2600964FF484752068022259
:105C30002B46082106F0DAFCD422606008212B46AE
:105C4000009601E085E09FE0206806F0CFFC6368E5
:105C50006062002B7DD000287BD000221846FF21F7
:105C60000EF0DEFE08F0EAF90022014660680EF050
:105C7000CBFE606A0022FF210EF0D2FE08F0DEF9B2
:105C800000220146606A0EF0BFFE08F0F3FA00221F
:105C90000146606A0EF0F8FE1827AA465FF000057C
:105CA0004FF022084FF01E09009705EB45022068CF
:105CB0000821534608EBC20206F098FC04EB850667
:105CC0001C232222B0601021CDF80090206806F03D
:105CD0008DFCB062B168002958D0002856D02E49FA
:105CE00000220EF0DDFE08F0C5FA00220146B06A7F
:105CF0000EF0CAFE05EB8501B06804EB411101F21C
:105D000012710BF0A7FCB06A24A10BF0A3FC6D1C70
:105D1000072DC9D320680CF07DF90028606433D0CA
:105D200000215A460EF04DFB606CCF220A210EF086
:105D300068FD606C032201210EF082FD606C002280
:105D4000FF210EF06DFE08F095FA00220146606C0E
:105D500000E01BE00EF058FE606C01210BF0B2FE7B
:105D6000606804F5F9710BF075FC606A04F2A261D9
:105D70000BF070FC002184F8781B206808F0E4FB2D
:105D8000FFF7D4FE84F8790BBDE8F88F0020FBE71D
:105D9000FFFF0F0055310108C84204080000000051
:105DA0002DE9F04F2DED028B06001746D5B00C46BD
:105DB0000FF298380FF2BC394FF0FF3054907BD07F
:105DC000002CFCD0002FFAD096F8790B0028F6D0E2
:105DD000FFF7ACFE0028F2D094F8080611286BD229
:105DE00094F88C16072900D3002196F8782B01EB44
:105DF000410303EB0113824204EBC30505F198054F
:105E000001D086F8780B00204FEA000100EB8002F9
:105E1000401C06EB4212072882F84212F6D394F88F
:105E200008060D2881F0E382DFE810F00D001A016A
:105E30007503C6047D077D07FE0ABE0BBE0B9700E7
:105E4000430416017D070FF2343900202246014633
:105E500001EB410303EB011302EBC30393F89D3005
:105E600003B1401C491C0729F2D3009094F8C704E1
:105E700008B1C6A300E0C7A3A021CAA204A8EAF7FC
:105E800001FC0021304604AA17F080F900202246C8
:105E90004FEA000101EB410303EB011302EBC303E3
:105EA00093F8993003B1401C491C0729F2D30090A4
:105EB00094F8C50418B100E0F4E3BFA300E0C1A367
:105EC000A021C3A204A8EAF7DDFB0121304604AA01
:105ED00017F05CF994F8CC0408B1C4A205E0207D69
:105EE000012832D0032832D0C7A23046022117F051
:105EF0004DF903213046CBA217F048F90421304672
:105F0000D0A217F043F9207D012822D0D5A2304637
:105F1000052117F03BF9207D01281CD000212046E7
:105F2000FFF734FBFFF7BEFD06210246304617F0AF
:105F30002DF994F88E160320B1FBF0F200FB12103D
:105F40000FF23438C01C01F051BAD3A2CDE7D9A268
:105F5000CBE7DEA2DBE70121E1E70FF28439287A03
:105F600010F0CAFAA97909B1E2A100E0E5A1E9A21D
:105F7000CDE9000194F88C36A02104A85B1CEAF757
:105F800081FB0021304604AA17F000F994F8C804F8
:105F900008B1E4A200E0E9A23046012117F0F6F8CA
:105FA000E87908B1ECA000E0EDA00090687908B1B4
:105FB000E9A300E0EAA3A021EBA204A8EAF762FBB0
:105FC0000221304604AA17F0E1F8A87860B12869E8
:105FD0000090687808B1E0A300E0E9A3A021EAA25C
:105FE00004A8EAF74FFB04E0A021EBA204A8EAF71B
:105FF00049FB0321304604AA17F0C8F895F83C0085
:1060000008B1E9A200E0EEA23046042117F0BEF884
:10601000207D012812D000212046FFF7B7FAFFF7B4
:1060200041FD05210246304617F0B0F894F8C80447
:1060300030B194F8C60428B1E7A204E00121EBE7EF
:10604000E9A200E0EFA23046062117F09FF80620F3
:106050005490F1A08046FAE30FF2DC39FAA0F9E798
:106060000FF20C494FF0000A94F88D1601EB0A006C
:10607000834600EB400101EB0B1104EBC10595EDEC
:106080002C0A9835FFF706FDFDA000906B78502193
:10609000AA782CA8FEF76AFB68690028287A16D02F
:1060A00010F02AFA69786A6909B1F6A300E0F7A34B
:1060B0000BF10101CDE90220CDE9001394F88C1613
:1060C000594501D1F5A300E0F5A3F6A221E010F0B7
:1060D00013FAA9782CAA49B1697829B1E97809B1EC
:1060E000F4A308E0F5A306E0A5A304E0697909B1EB
:1060F000F4A300E09AA30BF10101CDE90202CDE97E
:10610000001394F88C16594501D1E4A300E0E4A3F0
:10611000EFA2A02104A8EAF7B5FA04AA5146304636
:1061200017F034F894F88C16594501D1CDF850A1E8
:106130000AF1010ABAF1050F96D305213046E8A20B
:1061400017F024F894F88D36581DD7E1E5B7A6204E
:10615000E8BF94E59B9E2020E4B88AE4B88B20E950
:106160008089E68BA92020E4B8AD20E8BF9BE585B7
:10617000A5000000E680BBE8A7880000E7B3BBE706
:10618000BB9FE680BBE8A78800000000E58FB0E673
:106190009EB60000E7949FE4BAA7E58FAAE8AFBBDC
:1061A000000000002573202F20E5B7B2E58F91E7AE
:1061B0008EB02025752F3700E5B7B2E8BF9EE68E7A
:1061C000A5000000E69CAAE8BF9EE68EA5000000A0
:1061D0005553422025732020E58F8DE9A688E69C43
:1061E00089E695882025752F37000000E7B3BBE7C7
:1061F000BB9FE69585E99A9C202F20E69FA5E79C0A
:106200008BE8AF8AE696AD00E68EA7E588B6E69DF8
:10621000833A20E8BF9CE7ABAF202F20E58FAAE8A8
:10622000AFBB0000E794B5E69CBAE58897E8A1A863
:10623000202037E58FB0202F20E6AF8FE9A1B535BC
:10624000E8A18C00E8AF8AE696ADE4BFA1E681AF95
:106250002020E68C89E994AE202F20E698BEE7A4A2
:10626000BA000000E794B3E8AFB7E69CACE59CB099
:10627000E68EA7E588B60000E5B7A6E58FB320E96E
:106280008089E68BA92020E4B8AD2FE4B88B20E804
:10629000BF9BE585A5000000E68EA7E588B6E69DD4
:1062A000833A20E69CACE59CB0E5B7B2E68E88E682
:1062B0009D830000E68EA7E588B6E69D833A20E63A
:1062C0009585E99A9CE99481E5AE9A00E9878AE68A
:1062D00094BEE69CACE59CB0E68EA7E588B60000CF
:1062E000E69CACE59CB0E68EA7E588B6E6A380E622
:1062F0009FA50000E6A8A1E5BC8FE5B7B2E6A0A186
:10630000E9AA8C00E6A8A1E5BC8FE69CAAE6A0A1BC
:10631000E9AA8C0049442575202573202F20257378
:1063200000000000E69CACE59CB0E68EA7E588B6D0
:106330003A20E5B7B2E5BC80E694BE00E69CACE549
:106340009CB0E68EA7E588B63A20E59BBAE4BBB6DA
:10635000E58FAAE8AFBB0000E69C89E695880000BF
:10636000E69CAAE79FA50000E58F91E78EB0202567
:1063700073202F20E88C83E59BB420257300000058
:10638000E8BF87E69C9F0000E58F8DE9A688202561
:106390007320256C756D7300E58F8DE9A6883A2012
:1063A000E69CAAE79FA50000504F53E6A087E5AE04
:1063B0009A3A20E5B7B2E9858DE7BDAE000000004E
:1063C000504F53E6A087E5AE9A3A20E5B09AE69C96
:1063D000AAE9858DE7BDAE00E4B8ADE994AE20E54D
:1063E000819CE6ADA2000000E58FAAE8AFBB202F9C
:1063F00020E69CACE5B18FE4B88DE58FAFE68EA7C3
:10640000E588B600E4B8ADE994AE20E9878DE6965C
:10641000B0E6A380E69FA500E5B7A620E8BF94E517
:106420009B9E2020E58FB320E794B5E69CBAE8AFA9
:10643000A6E6838500000000E794B5E69CBAE693E3
:106440008DE4BD9C00000000E5B7A620E58897E834
:10645000A1A82020E4B88AE4B88B20E98089E68BE3
:10646000A92020E4B8AD20E8BF9BE585A500000089
:10647000E794B5E69CBAE58897E8A1A8000000007B
:10648000C2B00000E69585E99A9C0000E69585E992
:106490009A9CE8BF87E69C9F000000003E00000039
:1064A000200000002573257520257320256C75209C
:1064B00025730000E4BDBFE883BD0000E5A4B1E89A
:1064C00083BD0000E5B7B2E58F91E78EB000000014
:1064D0002573257520257320257320257300000062
:1064E000E4BD8DE7BDAE3A20E794B5E69CBAE8BEC0
:1064F00093E587BAE8BDB420C2B00000A0210090A7
:106500005B1CF9A204A8EAF7BDF80621304604AAEC
:1065100016F03CFE9FE5AFF2F009287A0FF0ECFF91
:10652000A97849B1697829B1E97809B1F7A104E0FE
:10653000F9A102E0FBA100E0FEA1CDE9000194F881
:106540008C36AFF23022A0215B1C04A8EAF79AF83F
:106550000021304604AA16F019FE95ED060AFFF751
:1065600099FAAFF2E400009050216B782CA8AA7839
:10657000FEF7FCF8A0212CABF2A204A8EAF782F8FF
:106580000121304604AA16F001FE95ED070AFFF737
:1065900081FAEFA000906B785021AA782CA8FEF722
:1065A000E5F8A0212CABECA204A8EAF76BF80221D5
:1065B000304604AA16F0EAFDEAA000906B7850215C
:1065C000AA782CA895ED080AFEF7D0F8A0212CABEC
:1065D000E5A204A8EAF756F80321304604AA16F00B
:1065E000D5FDA87898B1697889B195ED0A0AA021FE
:1065F000E0A2B7EEC00A04A88DED020B95ED090AE2
:10660000B7EEC00A8DED000BEAF73CF809E008B1DF
:10661000E1A301E0AFF2B823A021E3A204A8EAF7C6
:1066200031F80421304604AA16F0B0FDA87888B1EC
:10663000687840B16869A0210090DFA22B6904A8A6
:10664000EAF720F80BE02B69A021E2A204A8EAF700
:1066500019F804E0A021E5A204A8EAF713F805213F
:10666000304604AA16F092FD94F88E0607281CD036
:1066700094F86E06D8B1FFF715FA0090E2A294F8EC
:106680008E06E04900F0070051F82030A02104A850
:10669000E9F7F8FF0621304604AA16F077FD062038
:1066A000549000E0FAE3DBA0D4E4E2A0E5E7E5A043
:1066B000E3E70FF2A03994F88C36A021E9A25B1C25
:1066C00004A8E9F7DFFF0021304604AA16F05EFDBA
:1066D0004FF000084FF0010B95F894100BFA08F0FA
:1066E000014217D005EB88014FF0010A91ED200A15
:1066F00010EE100A6FEAD05010F0FF0F0CD0B7EE7A
:10670000C00A8DED000BD1F88800B0F5FA7F24D2D5
:1067100087A323E04FF0000A5021D9A22CA8E9F763
:10672000B1FF2CA80090A02108F15003D5A204A825
:10673000E9F7A8FF0BEB4801304604AA16F026FD46
:10674000BAF1000F10D005EB8800A021D0A2D0F83C
:10675000883004A8E9F796FF0BE0D1A35021D2A21C
:106760002CA8E9F78FFFDCE7A021D1A204A8E9F764
:1067700089FF0221304601EB480104AA16F006FD0C
:1067800008F10108B8F1020FA6D3D5F89030A02186
:10679000CBA204A8E9F776FF0521304604AA16F03B
:1067A000F5FC687808B1CBA200E0CFA23046062104
:1067B00016F0ECFCD3A04DE494F890060FF2583993
:1067C00028B101285DD03B6B002B7DD159E2787A4E
:1067D00040B17868A0210090D3A23B8804A8E9F7D3
:1067E00051FF04E0A021D6A204A8E9F74BFF002145
:1067F000304604AA16F0CAFCB87A10B1AFF2A8402D
:1068000000E0D5A000903B7AA021D7A204A8E9F728
:1068100039FF0121304604AA16F0B8FCFB68A0211C
:10682000D5A204A8E9F72EFF0221304604AA16F0EB
:10683000ADFCF869A0210090D4A23B6904A8E9F757
:1068400021FF0321304604AA16F0A0FC00E0C0E3BB
:106850003B6AA021D4A204A8E9F714FF0421304622
:1068600004AA16F093FC7B6AA021D5A204A8E9F73C
:1068700009FF0521304604AA16F088FCBB6AD7A29E
:1068800046E2236FA021DCA204A8E9F7FBFE002169
:10689000304604AA16F07AFC636FA021DBA204A89C
:1068A000E9F7F0FE0121304604AA16F06FFCA36F51
:1068B000A021DAA204A8E9F7E5FE0221304604AAE5
:1068C00016F064FCD9A200E0DDE1E36FA02104A88A
:1068D000E9F7D8FE0321304604AA16F057FCA021A0
:1068E000D7A204A8B6E10000E8A18C2025752D25CB
:1068F00075202F20372020E69CACE6ACA1E4B88AB6
:10690000E794B5E99BB6E782B9000000E5B7B2E4C9
:10691000BDBFE883BD000000E5B7B2E5A4B1E883E0
:10692000BD000000E78AB6E68081E8BF87E69C9F4D
:1069300000000000E78AB6E68081E69CAAE79FA5F2
:1069400000000000E4BD8DE7BDAE2025730000000F
:10695000C2B02F7300000000E9809FE5BAA6202591
:10696000730000004E6D0000E8BDACE79FA9202534
:1069700073000000E6B8A9E5BAA6204D4F532025C4
:106980002E3066202F20E8BDACE5AD9020252E30BE
:1069900066C2B04300000000E58F8DE9A688E8BF1D
:1069A00087E69C9F00000000E6B8A9E5BAA6202D66
:1069B0002D202F2025730000E58F8DE9A688202546
:1069C0006C756D732020E69585E99A9C20256C7581
:1069D00000000000E8BF87E69C9F20256C756D7362
:1069E0002020E69585E99A9C202D2D00E58F8DE9E4
:1069F000A688202D2D2020E69585E99A9C202D2D16
:106A000000000000B40B03083E2573207C20257392
:106A100000000000E8BE93E587BAE8BDB4202F204F
:106A2000E5B7A620E8BF94E59B9EE6938DE4BD9C68
:106A300000000000E4B8AD2FE58FB320E8BF9BE570
:106A400085A50000E4B8ADE994AEE7BC96E8BE9138
:106A500000000000E4BD8DE7BDAEE8AFBBE580BC43
:106A6000000000004944257520E58E9FE5A78BE5D1
:106A700080BC202F20E69CAAE6A0A1E9AA8C0000F9
:106A80002D2D000052494425303258202573000036
:106A9000E6A0B7E69CAC20256C756D730000000085
:106AA000E8BF87E69C9F20002573252E36670000EF
:106AB000E6A0B7E69CAC20E69CAAE79FA5000000F4
:106AC000E8AFBBE58F96E8B685E697B620256C75EE
:106AD00000000000E78AB6E68081E58F8DE9A68890
:106AE00020E69C89E6958800E78AB6E68081E58FF6
:106AF0008DE9A68820E69CAAE79FA52FE8BF87E638
:106B00009C9F0000E58FAAE8AFBB202F20E5B7A629
:106B100020E8BF94E59B9E00E8AF8AE696ADE4BF0F
:106B2000A1E681AF000000004144432025752020EC
:106B3000E6A0B7E69CAC20256C756D7300000000E4
:106B4000414443202D2D2020E6A0B7E69CACE69CD6
:106B5000AAE79FA500000000E8BE93E585A5E69C96
:106B6000AAE5B0B1E7BBAA00E68C89E994AE20257E
:106B70007520202573000000E8BE93E585A5E69505
:106B800085E99A9C20256C7500000000444D41E980
:106B90009499E8AFAF20256C752020E59D972025BE
:106BA0006C756D73000000005549E6A088E4BD993E
:106BB000E9878F20256C7520776F726400000000D4
:106BC000E68EA7E588B6E88097E697B6E69C80E56E
:106BD000A4A720256C75207573000000E68EA7E53C
:106BE00088B6E591A8E69C9FE69C80E5A4A72025B1
:106BF0006C75207573000000E68EA7E588B6E8B6D0
:106C000085E69C9F20256C750000000043414EE402
:106C1000B8A2E5BC8320256C75000000555342E402
:106C2000B8A2E5BC8320256C75000000E68B92E7D6
:106C3000BB9DE8AFB7E6B18220256C75000000006F
:106C4000E581A5E5BAB7E5819CE6ADA220256C7586
:106C500000000000D4F88030E9F714FD042130462C
:106C600004AA16F093FAD4F88430A021D9A204A87B
:106C7000E9F708FD0521304604AA16F087FADAA2E2
:106C80004BE0AFF20423A021E0A204A8E9F7FAFC4C
:106C90000021304604AA16F079FA54F8883FA02162
:106CA000DDA204A8E9F7EEFC0121304604AA16F0A3
:106CB0006DFA6368A021DDA204A8E9F7E3FC0221D4
:106CC000304604AA16F062FAA368A021DCA204A848
:106CD000E9F7D8FC0321304604AA16F057FAE36816
:106CE000A021883CDDA204A8E9F7CCFC04213046B1
:106CF00004AA16F04BFA7B69A021DEA204A8E9F7EA
:106D0000C1FC0521304604AA16F040FABB69E0A296
:106D1000A02104A8E9F7B6FC04AA3046062116F023
:106D200035FAE2A0C0E4052818D004F59A61884637
:106D30000B7F591E062905D803EB430101EB031213
:106D400004EBC20504280CD0DFA0814698F80C00A3
:106D5000092808D2E04951F8200005E004F5A161B6
:106D6000E5E7DEA0F1E7E1A00090A021E3A204A8FE
:106D7000E9F788FC0021304604AA16F007FA98F8D3
:106D80000C00052835D098B301284ED006284CD0E9
:106D900007284AD098ED090AFEF77CFEB7EEC08AB4
:106DA00098ED080AFEF776FEB7EEC00A8DED028B6D
:106DB000A021D4A204A88DED000BE9F763FC01210A
:106DC000304604AA16F0E2F998F80C00032847D0E0
:106DD000042845D0A87820B1687810B12869962891
:106DE0005DD302213046CFA216F0D0F9D1A27AE0CD
:106DF0001BE098F81D000FF07FFB8246287A0FF009
:106E00007BFBA0210346D2A2CDF800A004A8E9F79D
:106E100039FC0121304604AA16F0B8F902213046A7
:106E2000CFA216F0B3F9D6A25DE098B1012813D035
:106E3000062813D0DBA23046012116F0A7F9022163
:106E40003046DFA216F0A2F994F86E06FEF72AFE8D
:106E5000024648E0E1A2EEE7E7A2ECE7EDA2EAE7AE
:106E600098ED0B0AA021F2A2B7EEC00A04A88DED9E
:106E7000020B98ED0A0AB7EEC00A8DED000BE9F798
:106E800001FC0221304604AA16F080F9D8F834300B
:106E9000A021ECA204A8E9F7F5FB23E0F1E395EDCE
:106EA000060AFEF7F7FDB7EEC00AA021ECA204A87F
:106EB0008DED000BE9F7E6FB0221304604AA16F03F
:106EC00065F995ED060AD8ED080A30EE200AFEF7BE
:106ED000E1FDB7EEC00AA021E6A204A88DED000BEB
:106EE000E9F7D0FB04AA3046032116F04FF998F8D1
:106EF0000C0003282CD004282AD005283FD0E2A279
:106F00003046042116F042F998F80C00022838D0D7
:106F1000042836D0032834D0072832D0E2A23046E5
:106F2000052116F033F994F8080605282BD098F8B7
:106F30000C0002283CD004283AD0032838D0052879
:106F400034D0E0A23046062116F020F9E4A04BE24E
:106F500095ED150AFEF79EFDB7EEC08A95ED140A71
:106F6000FEF798FDB7EEC00A8DED028BA021E4A2DA
:106F700004A88DED000BE9F785FB04AAC0E7E6A2A3
:106F8000BEE7ECA2CBE794F8960668B1D4F8803659
:106F9000A021F0A204A8E9F775FB04AA3046062157
:106FA00016F0F4F8F2A01FE2FAA2F7E7FEA2C9E792
:106FB00094F86E0660B1FEF775FD00BF94F88F1669
:106FC0000522B1FBF2F302FB1311434AF432F9E15B
:106FD00025E20CE2E7BB93E69E9CE7A7AFE58E8B2C
:106FE00020256C7500000000E8BDAFE4BBB6E69557
:106FF000B0E68DAE202F20E69CAAE5819AE5AE9EF4
:10700000E789A9E9AA8CE8AF81000000E59BBAE412
:10701000BBB620257300000043414E205458E9942C
:1070200099E8AFAF20256C7500000000E981A5E666
:10703000B58BE4B8A2E5BC8320256C750000000088
:10704000E69C80E5B08FE6A088E4BD99E9878F20B3
:10705000256C7520776F726400000000E69C80E567
:10706000B08FE5A086E4BD99E9878F20256C752057
:1070700042000000E698BEE7A4BA535049E7B4AF17
:10708000E8AEA1E99499E8AFAF20256C7500000047
:10709000E698BEE7A4BAE5889DE5A78BE58C96E95E
:1070A0009499E8AFAF20256C75000000E58FAAE841
:1070B000AFBB202F20E5B7A620E8BF94E59B9EE557
:1070C0008886E7B1BB000000E4BA8CE6ACA1E7A17A
:1070D000AEE8AEA400000000E00A0308E58AA8E4D8
:1070E000BD9CE88D89E7A8BF00000000E69CAAE7E8
:1070F0009FA5E6938DE4BD9C0000000049442575E2
:1071000020257300E79BB8E5AFB920252B2E31660B
:10711000C2B02020E9809FE5BAA620252E3166C2A4
:10712000B02F7300E58AA8E4BD9CE5898D202D2D44
:1071300000000000E79BAEE6A087E69CAAE79FA5BB
:10714000202F20E7AD89E5BE85E58F8DE9A6880073
:10715000E6A8A1E5BC8F202573202D3E20257300D5
:10716000E6A8A1E5BC8FE8AFBBE59B9EE5908EE667
:10717000898DE7A1AEE8AEA4E68890E58A9F00007D
:10718000E58887E6A8A1E5898D3A20E5A4B1E883E2
:10719000BDE4B894E9809FE5BAA6E8BF91E99BB643
:1071A00000000000E5819CE6ADA2E5B9B6E8AFB706
:1071B000E6B182E794B5E69CBAE5A4B1E883BD00E8
:1071C000E7BB93E69E9CE4BBA5E5BA94E794A8E5EB
:1071D0008F8DE9A688E4B8BAE5878600E794B3E81E
:1071E000AFB7E69CACE59CB0E6938DE4BD9CE69D14
:1071F00083E9999000000000E4BAA4E8BF98E8BFD2
:107200009CE7ABAFE6938DE4BD9CE69D83E9999046
:1072100000000000E6B885E999A4E5BD93E5898DF5
:10722000E794B5E69CBAE69585E99A9C00000000D3
:107230004B7020252E326620204B6420252E32668E
:1072400000000000E4BF9DE68C8120256C756D7305
:107250002020E5898DE9A68820304E6D00000000D1
:10726000E58AA8E4BD9CE5898D20252E3166C2B053
:1072700000000000E9A284E8AEA1E79BAEE6A0878B
:1072800020252E3166C2B000E8BE93E587BAE8BD7E
:10729000B4202F20E69CACE6ACA1E4B88AE794B514
:1072A000E99BB6E782B90000E7BB93E69E9C3A20D3
:1072B000E7AD89E5BE85E5BA94E794A8E7A1AEE815
:1072C000AEA40000E4B8ADE994AEE69FA5E79C8BC0
:1072D000E6938DE4BD9CE7A1AEE8AEA400000000FB
:1072E000E5B7A620E58F96E6B6882020E4B8AD2065
:1072F000E69FA5E79C8BE7A1AEE8AEA400000000E6
:107300004D4954E88C83E59BB420252E31667E25BB
:107310002E3166C2B0000000E58887E68DA2E590B8
:107320008EE4BB8DE4BF9DE68C81E5A4B1E883BD0E
:1073300000000000E7BB93E69D9F3A20E5A4B1E87A
:1073400083BDE5B9B6E6A380E69FA5E58F8DE9A6E6
:1073500088000000E5868DE68C89E4BD8FE4B8AD39
:10736000E994AE20256C75202F203830306D7300E5
:10737000E5B7A620E58F96E6B6882020E69DBEE517
:10738000BC80E5908EE995BFE68C89E7A1AEE8AEBA
:10739000A4000000E8AFB7E58588E69DBEE5BC80A7
:1073A000E4B8ADE994AE0000E4B8ADE994AEE69F70
:1073B000A5E79C8BE58887E6A8A1E7A1AEE8AEA487
:1073C0000000000052F82130A021B7A2009004A8CC
:1073D000E9F758F90621304604AA15F0D7FE94F8CB
:1073E00008060C281ED0B4A0804606205490549A5B
:1073F0002146304605F0B8F994F808060C2879D0F3
:107400000D2878D00E2877D00F2876D0102875D088
:10741000092874D0072873D00828FCD058E3AFF2AD
:107420003C40CBE5AEA0DFE72046FDF715FD94F824
:107430009C16054694F8C024002011B194F89E16BD
:107440000A4300215FF0010303FA01FC1CEA020F6A
:1074500000D0401C491C0729F6D3217E39B994F885
:10746000C11411B994F8C21409B1A7A100E0AAA1EE
:107470000FF2B42955B101280ED9CDE90001A021A0
:107480002B46ADA204A8E9F7FDF80DE0A021AEA2BD
:1074900004A8E9F7F7F807E02B46AFF2A03204A8FA
:1074A0000091A021E9F7EEF80021304604AA15F07A
:1074B0006DFE94F86F06012804D094F89C0618B16C
:1074C000A8A207E0AFA205E094F89B0608B1B5A218
:1074D00000E0BBA23046012115F058FE94F83000C0
:1074E00016F040FE02210246304615F04FFE45B12F
:1074F000681E07E0FFE2C7E0CBE0CDE0CFE0CFE2DF
:10750000E0E2002000EB400101EB001104EBC100C0
:1075100000F1980890ED2C0AFEF7BCFAAFA000909D
:1075200025B198F8020008B1012200E0002298F885
:10753000013050212CA8FDF719F945B12CA82B4694
:10754000A0210090A6A204A8E9F79CF805E0A021DC
:107550002CABA4A204A8E9F795F80321304604AAAD
:1075600015F014FE94F8C80408B1A3A200E0A8A284
:107570003046042115F00AFE05213046ADA215F073
:1075800005FE94F86E06FEF78DFA06210246304697
:1075900015F0FCFD94F8C8140420549011B1AEA06D
:1075A000FEF758BDB5A0FBE7082824D0BDA0814652
:1075B00094F86F06022820D003281ED094F89F0666
:1075C000E8B194F8F505E0B101281CD003281CD0DF
:1075D000B8A23046002115F0D9FD94F86E06FEF7EA
:1075E00061FA01210246304615F0D0FD94F86F068D
:1075F00068B1B4A00FE0BAA0D9E7BFA2E9E7C6A27C
:10760000E7E7C9A2E5E7CCA2E3E7CFA2E1E794F878
:10761000F60516F0A7FD02210246304615F0B6FD2C
:1076200094F86F06022806D038B994F89F0620B166
:1076300094F8050608B1C8A200E0CDA230460321A7
:1076400015F0A4FD94F86F0608B1D1A20AE0B4F8D1
:107650000006A0210090D5A294F8023604A8E9F70C
:1076600011F804AA3046042115F090FD052130469A
:10767000D4A215F08BFD06213046D9A215F086FD67
:1076800000E0C2E2DEA08BE70FF298390FF2A438D7
:1076900054E20FF2C43951E20FF2CC3926E20FF274
:1076A000D839F9A00AE20000E7BC96E8BE913A207A
:1076B0002573202025730000E4B88AE4B88B20E904
:1076C0008089E68BA92020E4B8AD20E7BC96E8BE0F
:1076D000912020E5B7A620E8BF94E59B9E0000001E
:1076E000E4B88AE4B88B20E8B083E580BC2020E4CD
:1076F000B8AD20E4BF9DE5AD982020E5B7A620E514
:107700008F96E6B688000000E8BF9CE7ABAFE58A3D
:10771000A8E4BD9C00000000E69CACE59CB0E8AF8E
:10772000B7E6B18200000000E689A7E8A18CE78AED
:10773000B6E680810000000049442575E7AD892543
:1077400075E58FB020257300E79BAEE6A087E69C29
:10775000AAE79FA5202F20E7AD89E5BE85E5BFAB51
:10776000E785A70053544F50E5B7B2E8AFB7E6B18D
:1077700082202F20E7AD89E5BE85E6B885E79086B3
:1077800000000000E5819CE6ADA2E5B7B2E9948176
:10779000E5AD98202F20E7AD89E5BE85E58F8DE921
:1077A000A6880000E5B7B2E58F97E79086202F20E6
:1077B000E7AD89E5BE85E7BB88E680810000000073
:1077C000E8AFB7E6B182E4B8AD202F20E5B09AE685
:1077D0009CAAE7A1AEE8AEA400000000C2B0000081
:1077E00049442575E8BE93E587BAE8BDB4E4BD8D8C
:1077F000E7BDAE2025730000E4B8ADE994AEE7AB79
:107800008BE58DB3E8AFB7E6B1822053544F5000FB
:10781000E58FAAE8AFBBE6A8A1E5BC8F202F20E644
:107820009CACE5B18FE4B88DE58FAFE5819CE6AD0A
:10783000A2000000E8BF90E8A18CE4B8ADE4B88DE8
:10784000E58FAFE7BC96E8BE91E68896E68DA2E7A5
:1078500094B5E69CBA000000E4B8ADE994AE2053BC
:10786000544F50202F20E4B88DE4BE9DE8B596E536
:10787000BD93E5898DE784A6E782B900E58FAAE884
:10788000AFBBE79B91E8A786202F20E8AFB7E4BD08
:10789000BFE794A8E8BF9CE7ABAFE68EA7E588B644
:1078A00000000000E58AA8E4BD9CE7BB93E69E9C2F
:1078B00000000000E58AA8E4BD9CE5A4B1E8B4A5F9
:1078C00000000000E6A0B9E68DAEE69C80E696B02A
:1078D000E794B5E69CBAE58F8DE9A6880000000024
:1078E000E69585E99A9C202F20E6B885E79086E703
:1078F000BB93E69E9C000000E5819CE6ADA2E99466
:1079000081E5AD98202F20E6B885E79086E5B7B2EF
:10791000E7BB93E69D9F0000E8AFB7E6B182E69C27
:10792000AAE5AE8CE6889000E58AA8E4BD9CE5AEA9
:107930008CE6889000000000E58AA8E4BD9CE5B7CD
:10794000B2E5819CE6ADA200E58AA8E4BD9CE5B75E
:10795000B2E58F96E6B68800E58F8DE9A688E5B793
:10796000B2E7A1AEE8AEA4E5A4B1E883BD00000093
:10797000E5A4B1E883BDE69CAAE7A1AEE8AEA420E9
:107980002F20E4BF9DE68C81E99481E5AE9A00004A
:10799000E7BB93E69E9CE4BBA5E794B5E69CBAE5FD
:1079A0008F8DE9A688E4B8BAE5878600E99499E85E
:1079B000AFAF2025752020E8AFA6E683852025758A
:1079C00000000000E4B88DE4BC9AE887AAE58AA824
:1079D000E9878DE58F91E58AA8E4BD9C0000000051
:1079E000E5868DE6ACA1E689A7E8A18CE99C80E854
:1079F000A681E9878DE696B0E7A1AEE8AEA40000C7
:107A0000E4B8AD2FE5B7A620E5B7B2E8AFBBE8BF55
:107A100094E59B9E2020E58FB320E8AF8AE696ADE3
:107A200000000000E5B7A5E4BD9CE6A8A1E5BC8F79
:107A300000000000E5B7A620E8BF94E59B9E20204B
:107A4000E4B8AD2FE58FB320E7A1AEE8AEA4E5889A
:107A500087E6A8A100000000E681A2E5A48DE4B8B5
:107A60008EE5A4B1E883BD00E8AF8AE696ADE5886F
:107A700086E7B1BB00000000E6938DE4BD9CE69C68
:107A8000AAE68F90E4BAA400E4B8AD2FE5B7A6202B
:107A9000E8BF94E59B9EE4BFAEE694B90000000009
:107AA00094F8C80420B194F8C60418B184A005E085
:107AB00089A003E0207D012802D08EA0804615E039
:107AC00094A0FBE72046FDF7C0FE08B10FF2642842
:107AD00094F808060C280ED004280CD00B282DD0C2
:107AE0000D282BD00E2829D0022827D097F82C005B
:107AF000A8B399A035E094F8DC04022807D0042844
:107B000007D098A097F82C1029B193A104E098A071
:107B1000F8E79AA0F6E76FA194F808260C2A0BD094
:107B200099A202915021CDE9000294F8EC3499A277
:107B300040A8E8F7A7FD1BE09AA2F2E797F82C000F
:107B400008B185A100E063A199A240A8CDE9009108
:107B500094F88C3650215B1CE8F794FD08E0FFE7B1
:107B60005CA04B46502100908CA240A8E8F78AFD0B
:107B700006F5F971706850220D4640AB17F042F8D7
:107B800006F2A261706A70224346884617F03AF8FE
:107B900094F808060C283DD07068022208210CF0E9
:107BA00030FE4FF4847470681A2221460CF048FEAF
:107BB000706AD42208210CF024FE706A1A22214631
:107BC0000CF03EFE7D49002270680CF069FF7B4995
:107BD0000022706A0CF064FF706A002201210CF030
:107BE0004EFF7068002204210CF03AFF70680022FA
:107BF00002210CF03AFF706A002204210CF030FFE1
:107C0000706A002202210CF030FF55B0BDEC028BEF
:107C1000BDE8F08F94F8DC0402284CD004284CD046
:107C200067A0009094F8EC34502168A240A8E8F7CF
:107C300029FD7068502240AB294616F0E3FF706AB8
:107C4000702265A3414616F0DDFF0122DA210820EB
:107C50008DE807006A490C2370682A46FBF753FF3A
:107C60000222DB204FF48C718DE807006549002368
:107C7000706A4246FBF747FF97F82C000028C4D0F3
:107C8000306C61A109F0E6FC03221C210B208DE879
:107C900007005E49F023306C5BA2FBF734FF06F06F
:107CA000E9FA00220146306C0CF0EEFE306C012146
:107CB00016F06BF9A9E756A0B3E758A0B1E70000AA
:107CC000E5B7A620E8BF94E59B9E2020E4B8AD2050
:107CD00053544F5000000000E58FAAE8AFBBE6A365
:107CE00080E69FA5202F20E5B7A620E8BF94E59B5E
:107CF0009E000000E5B7A620E8BF94E59B9E2020EB
:107D0000E4B8AD20E6A380E69FA5E5B9B6E794B355
:107D1000E8AFB700E5B7A620E8BF94E59B9E20201A
:107D2000E4B8AD20E9878AE694BEE7A1AEE8AEA448
:107D300000000000E4B8AD20E6A380E69FA5202067
:107D4000E5B7A620E8BF94E59B9E2020E58FB320F1
:107D5000E8AF8AE696AD0000205BE6A8A1E68B9F1F
:107D60005D0000004D4954E4BF9DE68C8100000099
:107D7000504F53E7A7BBE58AA80000004D4954E7E0
:107D8000A7BBE58AA8000000202F20E58F82E6959A
:107D9000B00000004D253032752025732573257302
:107DA00000000000202F20E695B0E580BC00000018
:107DB0004D253032752025732573000058AE030819
:107DC0004D495420E4BF9DE68C810000253032757A
:107DD000202F202573000000E4B88AE4B88B20E847
:107DE000B083E580BC202020E4B8AD20E4BF9DE551
:107DF000AD98202020E5B7A620E58F96E6B688004E
:107E0000846B04080858040853494D00904F040837
:107E1000504F5320E7A7BBE58AA800004D495420E6
:107E2000E7A7BBE58AA800002DE9F04F0746C87A0E
:107E300089B0154602280E4603D8012009B0BDE8D6
:107E4000F08F32691846B168F4F7DEFF041EF5D0F2
:107E5000207D00F01F0008F082F94FF4807808B10F
:107E6000062011E0207D00F01F000E2806D0142807
:107E70000AD008F065F930B1052005E031884FF0EF
:107E80000E0931B902E00420814606E070884045C1
:107E900003D000214FF00509A161226A22B12946D1
:107EA000384616F07AF8BEE0A069E8B302A8294681
:107EB00005F0D7FFB6F900005FEA000A02D170882A
:107EC00040452DD0EA88331DB5F80280A988B5F861
:107ED00000C0A2EB08027088521CCDE90003A1EBA0
:107EE0000C015346491C12B209B202A8F4F784FFF0
:107EF000BDF8080029880844ADF80800BDF80A005C
:107F000069880844ADF80A00BDF80C0029880844C7
:107F1000ADF80C006988BDF80E000844ADF80E00FD
:107F2000B96802AA04A800E012E0F4F780FD002876
:107F300079D0D7F8088004A8B8602A46CDF8009018
:107F40003146A369384606F033FBC7F808806AE07B
:107F5000B96804A82A46F4F76AFDE8B3BDF814002E
:107F6000BDF81010401A401C0FFA80FB0BEB4B00C1
:107F700009F0DAFB039004A9D7F8088001A805F0FE
:107F800070FF012101A805F0C5FFB5F90000B5F9A2
:107F90000210BDF91020BDF91250101A0690A5EB81
:107FA000010A37E001AA414607A8F4F740FD80B373
:107FB00003980FFA8AF200905B46069801B22046B9
:107FC00008F0B8FC01280ED0204608F001FC039808
:107FD00009F0F8FB204600E025E008F0F9FB00205E
:107FE000C7F808802AE707A8B860039B01AA3146B2
:107FF0003846CDF8009006F0DBFABDF806000AF12D
:10800000010A401CADF80600BDF80A00401CADF89E
:108010000A006D1CBDF91600A842C3DAC7F8088033
:10802000039809F0CFFB204608F0D2FB05E70B468A
:1080300010B540B13BB100F5C0511846B822E8F781
:10804000F5FD012010BD002010BD10B528B101685C
:108050004A1C01D0491C016010BDE8F7C9FC10B5ED
:10806000040010D041F6C801E8F73CFEA4F2E47425
:108070004FF0FF3004F50054012120606060E060A3
:10808000C4F89C10206210BD2DE9F05F0600174671
:108090009846DDE90AA9DDF830B00CD006F5805429
:1080A000B4F8C208B0F5807F03D8B4F8C058FF2DEB
:1080B00004D9E8F79DFC0020BDE8F09FFF2805D813
:1080C000411CA4F8C2182844C5B20CE0681C41F653
:1080D000BC02C1B2A4F8C018B018FFF7B6FFD4F8BC
:1080E000BC08C4F87C0805EB450006EBC000C0E9FD
:1080F0000078D4F8B818816080F80CA080F80D9052
:10810000C0F810B0D4F8B808401CC4F8B80802D1C0
:108110000120C4F8B808B4F8C208D4F8181881428D
:1081200001D2C4F818080120C6E7002804D041F69F
:1081300004010844FFF789BF7047002810B51ED01E
:1081400000291CD000F5C054A06A6162421C01D015
:10815000884200D9A162E06A884200D2E162B1F5AA
:108160007A6F0DD904F13000FFF76FFF04F134008E
:10817000FFF76BFFD4E90D01814200D2A06310BD6F
:108180000020606310BD002803D000F5C050FFF749
:108190005CBF704770B5002845D0002943D000F57A
:1081A000C0500B680022144683604B68C3608B6824
:1081B0000364CB6843640B6983644B69C3648B6954
:1081C0000365CB6943650B6A83654B6AC3658B6A3C
:1081D0000366CB6A43660B6B83664B6BC3668B6B24
:1081E0000367CB6B43670B6C83674B6CC3638B6C10
:1081F000C361CB6CC0F8203001EBC2035D6D50331E
:108200003DB11B68AB4204D800EBC206C6E920357D
:1082100005E000EBC203C3F88040C3F88440521C61
:10822000D2B2072AE8D370BD2DE9FC410600904682
:108230000C4647D0002C45D0B8F1000F42D0B4F91D
:1082400000300127204D002B38DBB4F90220002A32
:1082500034DBB4F90410B1F58C7F2FDAB4F90600E1
:10826000F0282BDA8B4229DC824227DC287828BBD5
:10827000FDF75CFC10B32088ADF800006088ADF815
:108280000200A088ADF80400E088ADF80600A088E0
:1082900021886288401AE188401C6E60891A491C56
:1082A00010FB01F04400EBF7DCF90346224641469F
:1082B000684605F073FA002804D168602F703046D4
:1082C00006F0C4F8BDE8FC811C02012410B5EBF7F0
:1082D000C8F905F053FBBDE81040EBF7C4B9000046
:1082E0000A493D2070B50A4B01220A4D40F6F87448
:1082F00088601A60AC61BFF34F8F0B20EEF73CFA39
:108300002320EEF739FABFF34F8F70BD0000024013
:10831000840802400030014070B50646C8788EB02F
:108320000C4602285ED909A8114605F0ACFDB4F947
:108330002000012829DD94F82200FD2825D320887B
:1083400018B394F82300BDF824104008C0F380024D
:10835000C0F340038818ADF82400BDF82600184487
:10836000ADF8260094F82310BDF828004908C1F3A1
:10837000C001401AADF8280094F82310BDF82A0077
:10838000C1F34001401AADF82A00B26809A90BA850
:10839000F4F74DFB002825D0E07B10F0070523D033
:1083A000E088ADF81C006189BDF81C00884200D14E
:1083B000002568461C21E8F795FCA0788DF8190087
:1083C000BDF81C00ADF80800208800280AD1002D57
:1083D00008D109A80090E07869468DF81800304669
:1083E00006F0BCFC0EB070BD60680790DBE72DE9BD
:1083F000F0410646086992B0154600280C467DD02B
:10840000A07E02287AD9B2680EA82946F4F70FFB9D
:10841000002873D0D6F808800EA8B060206908F054
:108420009CFA022806D0206902A908F0F5F9012873
:1084300049D0C6E041F6FF70002702973B46CDE9E0
:108440000070D4E9041210A80DF054FCA8882A8802
:10845000801A401C01B2BDF9400001EBD17102EB62
:10846000610100EBD072A1EB6201ADF80C10084481
:10847000401EADF81000E8886A88801A401C01B2DE
:10848000BDF9420001EBD17102EB610100EBD0724A
:10849000A1EB6201ADF80E100844401EADF81200C9
:1084A00005A806F049FB606903AA059005A9208B81
:1084B000ADF82000A07E8DF82E003046009723698D
:1084C00006F098F87DE003A806F07AF8A0784FF05F
:1084D000FF378DF81800208BADF81400E07E8DF882
:1084E0001600A07E8DF81700207F40B102996888A1
:1084F000ADF8020007EB515108445AE063E0A88848
:108500002A88801A401C01B2029801EBD17102EB5B
:108510006102C0F38A21A2EB5103ADF80030EA8872
:10852000491E6D88521B521C12B202EBD27205EB2F
:108530006202A2EB9052ADF8022007EB505558189A
:10854000ADF804005119ADF80610236903A96A4675
:10855000304606F001F834E002992888ADF80000B2
:10856000C1F38A21491E084410E0236903A96A4621
:10857000304605F0F1FF0298BDF80010C0F38A20E4
:108580000144ADF80010BDF804100844ADF8040033
:10859000B5F90410BDF900008842E6DD0298BDF887
:1085A000021001EB5051ADF80210BDF8061001EBBE
:1085B0005050ADF80600B5F90600BDF90210814231
:1085C000CADDC6F8088012B0BDE8F081F0B50746F4
:1085D00091F8220087B0164602280C466BD9208CF1
:1085E000002868D094F8230010F03E0F63D0C00735
:1085F00061D1B1883388F0887288C91A491CB4F9EE
:108600000050801A401C09B200B2814200DA0846CC
:10861000B5EB600F00DD4510314604A805F033FCD2
:1086200094F82300BDF91020C0F344014807B4F9C1
:10863000200001D4284440421044ADF81000B4F9A1
:1086400020000907BDF9141001D428444042081A3B
:10865000ADF8140094F82300BDF91210400880070B
:10866000B4F9200001D4284440420844ADF8120077
:1086700094F82300BDF916104008C007B4F9200093
:1086800001D128444042081AADF81600208C281A5F
:1086900000B2002800DA0020A27894F822102B46BD
:1086A000CDE90212E18B04AAADF804103146009026
:1086B000384600F002F807B0F0BD38B5DDE9053402
:1086C000FF2C00D3FF24009400F001F838BD2DE901
:1086D000FF478EB015460C4682461C211A9E02A802
:1086E00009F04CF9CDF808D0BDF84400ADF8100001
:1086F0008DF82060B4F90200B5F90210884201DC5F
:10870000012700E00027B4F90600B5F906108842F9
:1087100001DB012600E00026B4F90000B5F90010E5
:10872000884201DC012100E00021B4F90420B5F900
:10873000043089469A4201DB012100E00021ADF8B6
:108740000000A0888846ADF804006088ADF80200FB
:108750006888A0F10100ADF806001FB102A95046DB
:1087600006F0FCFAE88800F10100ADF80200E088AC
:10877000ADF806001EB102A9504606F0EFFA2088B7
:10878000ADF800002888A0F10100ADF8040017B191
:10879000B5F9020001E0B4F90200ADF8020016B12B
:1087A000B5F9060001E0B4F90600B9F1000FADF823
:1087B000060003D002A9504606F0D0FAA888B8F106
:1087C000000F00F10100ADF80000A088ADF8040032
:1087D00003D002A9504606F0C1FA12B0BDE8F087F6
:1087E0002DE9F0412E4D0746686805F049FE044624
:1087F0003868C66B716B09B1304688476868E168B4
:1088000000680288408812FB00F0884201D10120F4
:1088100000E00020216859B1616849B128B107E042
:1088200068680068816A01B1884720690028F7D12B
:108830000120206169680968C9688A69D20702D085
:108840008969890700D400206061606908B1012549
:1088500000E000253868416971B1016911F0300FFD
:1088600006D0490704D5D6E9001000F01BF803E054
:10887000D6E90021FBF7C6FC206800280BD0616810
:10888000002908D03A68127CAA43D20703D1A26813
:10889000824202D1A160BDE8F081A060FBE7000048
:1088A000580201242DE9F34F05468C4893B04168E6
:1088B0000E683069820701D542076ED4C0F30110FB
:1088C00002281ED0012801D0032866D100200F9075
:1088D000084605F0D5FD10904FF4A051AB88B5F9CE
:1088E0000000EC88B5F902201B1A5B1CA71A1CB209
:1088F000B1FBF4F37F1C3FB2BB420FDAB1FBF4F1E2
:108900000DE0149A2946304600F0F4F8149A15B098
:1089100029463046BDE8F04FFBF774BC3946337C3E
:108920000B910792C3F30111012906D0611E6880E3
:108930000844E8804FF0000BC1E07188081A401E1F
:10894000E880011B491C6980F4E700BF0B99A7EB85
:108950000B00884200DD08464FF0010100B2019093
:108960001098BBF1000F016121D1A7421FDB0194D8
:10897000307CC0F30110032810D00020149A214647
:1089800000F0EBF8307CC0F30110012808D03188EA
:108990000798081A401E011B56E09BE00120EDE7F6
:1089A0000798079920442980401EA8804FE00F981F
:1089B00020B94FF4205008F0B7FE0F90307CC0F380
:1089C000011003281BD00020019986460F980C90B7
:1089D000601E14FB01F24843DDF85090521ECDE9B1
:1089E0000D2000208842824621DA0E9ABEF1000F47
:1089F00002EB0A0001D00D9A101A002211E00120AA
:108A0000E2E700BF0C9BBEF1000F39F8028B03EBCD
:108A1000400CACF8008001D0084400E0401A521C21
:108A200012B2A242EEDB0AF1010000B2DAE7307CBA
:108A3000C0F3011001281BD031880798091AA1EB57
:108A40000B000199401E411AA880491C29800199F8
:108A50000BEB0108B84514DB10988069C00710D0F3
:108A60001098806980070CD51099012048610BE0AF
:108A7000079901EB0B00019928800144491EA98048
:108A8000E5E71098002141610F9828B10246294678
:108A90003046FBF7B7FB05E0149AF8E7B16A09B175
:108AA00030468847109800690028F7D101990FFADD
:108AB00088FB04FB01F0149901EB40001490BB45C6
:108AC000FFF644AF0F98002804D015B0BDE8F04F72
:108AD00008F078BE15B0BDE8F08F00005802012400
:108AE00030B50D88048805801088088018881080AB
:108AF0001C8030BDF8B58B8800240D88CE884F8847
:108B00005B1B5B1CF51B6D1C13FB05F35B1E0DE073
:108B100002EB430602EB44075B1E3588641CADF88C
:108B20000050B7F800C0A6F800C03D80A342EFD8BF
:108B300043884C88CA881B1B5B1ECB8043889A1ACB
:108B4000521E4A8003880C888A881B1B5B1E8B8000
:108B50000088801A401E0880F8BD2DE9F0470C46B9
:108B600017460026824601EBD47936E0601C0025CA
:108B700000EBD0782CE0A01B621B401E01B2A2F1DA
:108B8000010210B2BAF1000F0ED015FB041211FB56
:108B9000040110FB046C07EB420307EB410216FBD8
:108BA000045007EB4C010DE011FB040C10FB0462B8
:108BB00015FB041116FB045007EB420307EB4C02B4
:108BC00007EB410107EB4000FFF78AFF6D1C2DB258
:108BD000B5EB680FCFDB761C36B2B6EB690FC5DBA1
:108BE000BDE8F0872DE9FF4F99B0987B00F00F04A6
:108BF0001A98032CDDF89880827E18D0012C1DD0A5
:108C0000022C21D0042C13D0082C7DD18D4D610174
:108C10004FF0FF0AFD2A2BD28B4E3078904202D1C2
:108C20007068A04221D0DFF824C200201BE0042499
:108C3000844D4FF0F00A103D1021EBE7814D4FF0CD
:108C4000800A163D0221E5E77E4D4FF0C00A143D33
:108C50000421DFE72F5CFF2F1BD017FB02F73F0A31
:108C60000CF80070401C8842F4D3784D3270746068
:108C70001998B3F8069081681B98B0F900201889FC
:108C80000390B1F9003009FB04F09A4203DB0023A2
:108C900002E01746E4E79B1AB1F9046002EB09070A
:108CA0009B46B74201DC4E4601E0B61A761C1B9A81
:108CB000B1F90230B2F902209A4201DB002300E050
:108CC0009B1A039FB1F9061017440C938F4201DCE5
:108CD000039901E0891A491C169103FB00F20BFB72
:108CE000042000F0070708EBD00126911C210FA8F3
:108CF00008F044FE1A988089ADF844001A98807EE6
:108D00008DF854001A9800E099E0807FC0F3C2000B
:108D10008DF85500F4F7FEFD05F0B6FB039A09FB4C
:108D200002F1814200DC0846189008F0FDFC0A9030
:108D300009EB0B031290C4F108011B98A6F1010C7A
:108D400007AAB0F8008000200291991BDDF830904E
:108D500008EB0B0361430E91ADF81C301B99098899
:108D60006144ADF820101B994B880F9203EB090169
:108D7000ADF81E10ADF8221014924AE000235946B7
:108D80002AFA07F820E0269ADDF808C0ACEB070CB9
:108D9000127802EA080232FA0CF205D015F802C085
:108DA0000A9A02F800C001E00A9A1354029A974204
:108DB00003D228FA04F8274404E0269AD046521C2D
:108DC00026920027401C491CB142DCDBA6EB0B01BC
:108DD0000A1818998A4203D2BDF82210491C0CE0E7
:108DE00002208DF84C0019980FA905F0B7FFBDF8C7
:108DF00022100020491CADF81E10ADF8221009F118
:108E000001090E99269A394401F0070702EBD102B5
:108E1000269216998945B1DBBDF91E10BDF92200D5
:108E2000814209D002218DF84C10401EADF822007D
:108E300019980FA905F092FF0A9808F0C3FC1DB01D
:108E4000BDE8F08FAEAE03086002012414B802241E
:108E5000F0B5B1F902600C46B3F900100546761E74
:108E6000B2F900008DB0771006F0010688423E444A
:108E700000DB0846ADF80400B2F90000B3F90010B9
:108E8000884200DC0846401EADF80800508801A961
:108E9000801BADF8060050883844ADF80A00AA6877
:108EA0000846F3F7C4FD002818D0E08818B1A08860
:108EB00008B1002600E001261C2103A808F05EFD91
:108EC00001A803902088002EADF81400207A8DF8B8
:108ED000240003D003A9284605F040FF0DB0F0BDE3
:108EE00070B50546B1F902008AB00C46401E1688DE
:108EF000411000F001000844301AADF8000010885D
:108F00000844ADF80400B2F90200B3F90210884237
:108F100000DA0146ADF80210B2F90220B3F90200FE
:108F2000824200DC02466946521EADF80620AA685D
:108F30000846F3F77CFD002818D0E08818B1A08817
:108F400008B1002600E001261C2103A808F016FD48
:108F5000CDF80CD0002E2088ADF81400207A8DF8C2
:108F6000240003D003A9284605F0F8FE0AB070BD1E
:108F70002DE9F04796B0054606F09FFC04462846CA
:108F800006F063FC04A90646204609F0C7FB94F8E6
:108F900034000025C10600D50125800601D545F025
:108FA0000205204600210AF08AFAA0F51C51D139A9
:108FB00004D1608C000501D445F0040509A805F032
:108FC000BBFD208E0021ADF83A0009AA608EADF8F5
:108FD0003C0020468DF841500AF07CFB9DF8400093
:108FE000012708B98DF840704FF6FF700A9041F6DE
:108FF000FF7A0B9094F8340000F00700022801D0AB
:1090000003281ED19DF84000022801D0032818D162
:10901000BDF9361007A8CDE9001A0295BDF9383020
:10902000616A099A0CF066FEBDF81400BDF81020C4
:10903000BDF91C10801A401C00B2884201DA8DF87C
:1090400040700027B26804A913A8F3F7F0FC0028C9
:109050007DD094F8340040070BD1204609F06CFD18
:10906000404202B2002104A804F03FFF608BADF83B
:1090700016000DF14C0994F8340000F007000228A6
:1090800013D0032811D0009704AA636A09A93046B7
:1090900005F0B0FAB068C6F80890804694F834003D
:1090A00000F0070003280FD05BE0D6F8088004AA80
:1090B000C6F8089009A900973046636A05F09AFA45
:1090C0004046C6F80880E6E7BDF9361008A8CDE9A5
:1090D000001A0295BDF93830616A099A0CF00AFE4F
:1090E000BDF81400BDF81020BDF92010801A401CF6
:1090F00000B2884217DA20220998114606F0E0FCF7
:10910000218E00EB4000BDF8202011440844ADF84A
:109110003A00608E04AAADF83C0009A900973046D9
:10912000636A05F067FABDF81600BDF81220BDF9B4
:109130002210801A401C00B2884212DA208EADF84C
:109140003A000998628E11440089084400E00AE060
:10915000ADF83C0004AA009709A9636A304605F0FF
:1091600049FAC6F8088016B0BDE8F08770B5054624
:1091700091F82A0088B00C4602285FD9E08C0028BC
:109180005CD004A8114604F07EFE208DBDF81010BE
:10919000401E091AADF81010BDF81210091AADF8EA
:1091A0001210BDF814100144ADF81410BDF81610DB
:1091B0000844ADF8160004A906A804F064FEBDF842
:1091C0001810E08CBDF81060091AADF81810BDF841
:1091D0001C10BDF812300844ADF81C00BDF81A0090
:1091E000E18C401AADF81A00BDF81E00E18C08446D
:1091F000ADF81E00BDF81400BDF81610801BB4F9C0
:109200000020C91A401C491C00B209B2884200DA89
:109210000146B2EB610F00DD4A10A178E38C94F8AF
:109220002A001344CDE90201A08C1BB206A9ADF8B7
:1092300004002846009204AAFFF73FFA08B070BD68
:1092400070B5A4B00C4620AA054622A909F08AFCF4
:1092500022A804F021FE20B920A804F01DFE002859
:109260003DD012A9284614F040FC012837D12146F0
:10927000684609F05BF802221A48D103CDE90102E1
:1092800012A80D91049022A804F006FE80B122A835
:109290006A461A210390284606F014FB22AA2046AB
:1092A00012A905F0FFFC1B216A46284606F00AFBBE
:1092B00020A804F0F1FD002811D01A216A4620AE42
:1092C0002846039606F0FEFA20AA204612A9039625
:1092D00005F0E8FC1B216A46284606F0F3FA24B0A4
:1092E00070BD000074AE030870B592B00E4605461E
:1092F00090F8DC0402F066FB0446284614F035FCC6
:1093000000F13C0122466846FCF7A2FB00EE106A21
:1093100095F8DC14B8EEC01A022903D0032901D055
:1093200004291ED195F88F0605F58064D8B101286F
:109330002ED0022853D0032860D0042811D106EB88
:10934000C602D5F8040502EB06120F9900EB820065
:10935000814200DD08461099814200DA0846C5F8CE
:10936000040512B070BD0329FBD0B7EE000AFBF76D
:10937000F5F9D4ED3C0A41EE000A9DED031AB0EE7A
:10938000600AF1EE410AFAF7A8FD84ED3C0AE8E72D
:10939000B7EE000AFBF7E2F9DDED040AB4EEE00AED
:1093A000F1EE10FA02DDB0EE600A03E0B7EE000A5B
:1093B000FBF7D4F9F0EE401AB7EE000AFBF7CEF94E
:1093C000D4ED3D0A41EE000A9DED041AB0EE600AAC
:1093D000F0EE610AFAF781FD84ED3D0AC1E794EDF4
:1093E0003E0ADFED0E0A01EE200A9DED0A1ADDEDC0
:1093F000090AFAF772FD84ED3E0AB2E794ED3F0ADE
:10940000DFED070A01EE200A9DED0C1ADDED0B0AD7
:10941000FAF763FD84ED3F0AA3E70000CDCCCC3D15
:109420000AD7233C2DE9FF5F93460C462021804656
:109430000E9E0AF00FF9002872D0032E40461DD070
:1094400009F073FB814607F0E7FA032E4FF000079F
:1094500005463E463946404613D009F097FF0021A5
:109460008246404609F05CFFB9F1010F494658D0E9
:1094700002295DD0B9F1030F60D136E009F04EFB4F
:10948000E0E709F05FFF00218246404609F06CFFEB
:10949000B9F1010F49461ED0022921D0B9F1030FBD
:1094A0004CD1B8F81820B8F81410521A521C13B244
:1094B000A3EB0A02101A00EBD0720AEB6200084418
:1094C000A98A07B2288B401A401C00B200EBD0706A
:1094D00001EB600022E0B8F81410B5F9146024E044
:1094E000B8F81810B5F9186026E0B8F81A20B8F8DE
:1094F0001610521A521C13B2A3EB0A02101A00EBF8
:10950000D0720AEB62000844698B07B2E88A091A34
:10951000491C09B201EBD17100EB610006B20DE00C
:109520002EE0B8F81610B5F9166001EB0A0004E059
:10953000B8F81A10B5F91A60081A07B20399A01EF4
:1095400000B2002910DAB9F1000F15D0BE4221DCBB
:1095500012E0002C01DDA41C24B2E01704EB907093
:10956000801004B0BDE8F09FBBF1000F12DAB9F132
:10957000000F01D0BE420DDB002CEADA0446E8E71A
:109580000398E04202D50398404204B2BBEB0400CA
:1095900000D55C462046E4E770B500F59A610446C4
:1095A0000D4616F0C9FA84F86E0620B12046BDE8D3
:1095B00070400EF045BD94F808063822294684F81C
:1095C000480604F5A160E7F731FB052120460EF0BF
:1095D000FFFC0020012184F89516C4F8800684F869
:1095E000970684F8960670BD70B5044607F004FA35
:1095F00048B1006882680AB1217A9047207E8107CD
:1096000042D4C0077BD16068002109F00DF9002524
:1096100018E0017ACA0910D0802904D0227A21F0FA
:109620008001914209D14168E16001682046884784
:10963000207E810728D4C00761D16D1C606829464F
:1096400009F0F2F818B101680029F6D0E1E700202E
:10965000214609F017F8050053D06068002109F091
:10966000E3F8002619E0016891B1017A0A060FD4E7
:1096700011B1227A91420BD14168E1600168204624
:109680008847207E810701D5012070BDC00736D1F3
:10969000761C6068314609F0C7F810B1012DE2D0A0
:1096A0002FE0012D2DD16068416851B3217E49071B
:1096B00027D4217A232919D0242917D0A90309F006
:1096C000C9FFF0B1207A11381C280FD2DFE800F072
:1096D00019191919191919191919190E0E190E0E26
:1096E000191919190E0E0E0E19190E196068406815
:1096F00060602046FFF778FF0128054601D0002072
:1097000070BD284670BD00002DE9FF4F0A88044651
:10971000888885B0CB884988A0EB0200DDE91295E6
:10972000A3EB010100F1010001F1010106B20FFA02
:1097300081FA75B1BDF82010B9F1FD0F01EB0140C0
:1097400000907CD31FFA81F94FF0000BA6F10408BA
:1097500051E1B9F1FD0F0FD3002508E00899324619
:10976000204604F093FC07986D1C04EB400455451B
:10977000F4DB09B0BDE8F08FBDF8001000204A46C8
:1097800060F3020189B260F3C70189B260F30C2172
:1097900089B260F34F31ADF8001088B20090BDF887
:1097A000000002900146089804F03EFD0146009139
:1097B000089909F104004FF0000B89B2C0084B076B
:1097C000C006C1F3C402000EC1F3042C9B0E12FBB1
:1097D00000F21CFB00FC03EB513162F30F0511FB9F
:1097E00000F16CF30F07C0F1FF0E61F31F45CDE9E7
:1097F00003575EE04FF0000954E000BF34F8191041
:10980000BDF80800884246D004EB49000088ADF856
:109810000400BDF80410ADF808000398C1F3C407B4
:1098200082B2030C04984FEA417C17FB0E2285B2EA
:10983000BDF800004FEA9C67C1F3042800E0E1E0B6
:1098400007EB5137009118FB0E5517FB0E3102EB59
:10985000C21303EBC23201EBC11303EBC13C05EBB6
:10986000C517C2F3C45307EBC53701EBC1154FEA67
:109870009C6263F3C70005EBC13562F30200C5F3D8
:10988000C252C7F3C45162F34F3061F30C20ADF8FC
:10989000000080B2009004EB4902BDF8001009F10D
:1098A00001091180B145A9DB07980BF1010B04EB0D
:1098B0004004D3459EDB5CE7002710E02A78FF2AAE
:1098C00012D02088ADF804000199089804F0ACFC8F
:1098D0000190BDF804002080A41C6D1C7F1CB742C1
:1098E0005EDAA807EAD15BE0A4F80090F4E7286804
:1098F000411C44D0F0B32A78FF2A54D02088ADF818
:1099000004000199089804F08FFC0190BDF8040050
:10991000A4F80000A41C15F8012FFF2A46D02088C7
:10992000ADF804000199089804F07EFC0190BDF8A0
:1099300004002080A41C15F8012FFF2A39D02088AC
:10994000ADF804000199089804F06EFC0190BDF890
:1099500004002080A41C15F8012FFF2A2CD0208899
:10996000ADF804000199089804F05EFC0190BDF880
:10997000040000E011E02080A41C6D1C0FE0A00793
:1099800007D00220A4F8009000990151A4F8069095
:1099900003E0009820600098606008342D1D3F1D92
:1099A0004745A4DD1CE0A4F80090B3E7A4F80090BC
:1099B000C0E7A4F80090CDE7A4F80090DCE72A788F
:1099C000FF2A1CD02088ADF804000199089804F003
:1099D0002BFC0190BDF804002080A41C6D1C7F1C92
:1099E000B742ECDB07980BF1010B821B1498811B2B
:1099F00004EB42040D44D345FFF65EAFB9E6A4F88C
:109A00000090EAE72188002293469046ADF80010C6
:109A100033E0002727E0287818B3904205D0FF28CC
:109A20002ED000FB09F31B0A9B46904203D134F869
:109A30001700814210D0BBF1FF0F23D004EB470089
:109A40005A460088ADF800000099089804F0ECFB35
:109A5000009034F817102A7804EB4703BDF8000093
:109A600018806D1C7F1CB742D5DB149808F10108E3
:109A7000831B07981D4404EB4004D045C9DB78E6FE
:109A80004B46D1E70898E3E72DE9FF4F83B00C463A
:109A9000DDF84480F3F73EFFBDF818A0B8F1000FE1
:109AA00081460CD0A18800262288E3886088891A24
:109AB000491C181A401C0FB20FFA80FB41E0B4F9A0
:109AC000026017E0B4F900500FFA86F80DE0109824
:109AD0002BB20290ADF804A0CDF80080D9F80000B8
:109AE000059A0399C769B8476D1CB4F90400A842E8
:109AF000EDDA761CB4F90600B042E3DA07B0BDE84F
:109B0000F08F002518E000BF18F8050098B11099F3
:109B1000ADF804A04843000A02906088304400B2C7
:109B20000090D9F800002188059A2944D0F81CC07B
:109B30000BB20399E0476D1CBD42E5DB1299761C20
:109B400088445E45DDDBD9E72DE9F04F4FF0000991
:109B5000044691B0CB4606F04FFF0268CA46218BFF
:109B6000A38AD4F82480CDF820A0C818117E0391D0
:109B70002083608BE18A08446083DEE00020464653
:109B80004FF48075074605900FE00021304609F03C
:109B900078FC384407B23046002109F084FC454384
:109BA00030462D1208F096FE0646002EEDD1A06933
:109BB000029017B9B5F5807F09D04FF4803191FB41
:109BC000F5F2784201B205AB02A80BF01DF8BDF921
:109BD0000810002900DC4942BDF90A00002800DC19
:109BE000404281424FF0010001DD824600E00890D2
:109BF0001021404609F02EFD00287DD0089D5746D3
:109C00004046CDF800A02E4608F0C2FEC10700D1A4
:109C10000027810701D400210091410700D40025CD
:109C2000000700D40026404608F086FF0F9040460B
:109C300008F05CFE0E90404608F0B2FE0D904046E3
:109C400008F00EFF0F99002902DC0E9900290FDDA4
:109C500025B1BDF90A2003998A4206DA46B1039973
:109C6000BDF90A2049428A4202DCC1464FF00C0B82
:109C70000D99002901DC002810DD27B1BDF908206D
:109C800003998A4207DA009941B10399BDF9082086
:109C900049428A4202DCC1464FF0030B0F9900296A
:109CA00000DC00250E99002900DC00260D99002912
:109CB00000DC0027002801DC0020009027B1BDF95E
:109CC00008100398814214DA009828B10398BDF96E
:109CD0000810404281420CDD25B1BDF90A100398FD
:109CE000814206DA46B10398BDF90A10404281422A
:109CF0000EDCBAF1000F00E00AE001D0032100E021
:109D00000C2194F8400061F3030084F8400018E04F
:109D10004FF48071404609F09DFC3AEA000010D1F2
:109D20004FF40071404609F095FC014608988843BD
:109D300007D1404608F0CEFD8046B8F1000F7FF411
:109D40001DAFB9F1000F0AD094F840100020C4F8FC
:109D50002C9020836BF3030184F84010608311B0D2
:109D60004846BDE8F08F00002DE9FF4F83B08B46D9
:109D7000824608F0D3FE060012D041F6FF78504626
:109D80000021444609F0DEFA00210090504609F017
:109D9000EBFA0190504608F09DFC002507465FE075
:109DA000002007B0BDE8F08FDAF8080031490068FC
:109DB00050F82500814609F054FCE8BB4FF480516F
:109DC000484609F047FCB8B3012E04D0022E08D053
:109DD000032E44D11AE0BAF81420B9F914000099FE
:109DE00032E0BAF818200199B9F91800511A069A08
:109DF00009B2104400B2584531DB059A90422EDC7E
:109E0000401A00B2002821DD014620E0B9F8181000
:109E1000B9F81400BAF81830091ABAF81420491C15
:109E200009B201EBD17100EB6100991A491C0BB228
:109E3000009900B25B1A00E011E00199591A01EB98
:109E4000D173009901EB63011144D0E74142002C2A
:109E500001DD224600E06242914200DA04466D1CB8
:109E6000BD42A1D3444501D1002000E0604200B2D0
:109E700097E70000010004002DE9FF4F83B08B46F7
:109E8000824608F052FE060012D041F6FF78504696
:109E90000021444609F07AFA00210090504609F06A
:109EA0003FFA0190504608F015FC002507465FE098
:109EB000002007B0BDE8F08FDAF8080031490068EB
:109EC00050F82500814609F0CCFBE8BB4FF48051E7
:109ED000484609F0BFFBB8B3012E04D0022E08D0CB
:109EE000032E44D11AE0BAF81620B9F916000099E9
:109EF00032E0BAF81A200199B9F91A00511A069AF3
:109F000009B2104400B2584531DB059A90422EDC6C
:109F1000401A00B2002821DD014620E0B9F81A10ED
:109F2000B9F81600BAF81A30091ABAF81620491CFE
:109F300009B201EBD17100EB6100991A491C0BB217
:109F4000009900B25B1A00E011E00199591A01EB87
:109F5000D173009901EB63011144D0E74142002C19
:109F600001DD224600E06242914200DA04466D1CA7
:109F7000BD42A1D3444501D1002000E0604200B2BF
:109F800097E7000001000400B4EE400AF1EE10FA79
:109F90000BD110EE100AB0F1FF4F06DA10EE100AE6
:109FA00010F5000F01D201207047002070470123F7
:109FB000002103FA01F2024201F1010101D0C8B20D
:109FC0007047C9B20729F4D3002070472DE9F74F35
:109FD0000546007F9346C1074FF00000824661D1DD
:109FE000EC684FF001080026C1467CB9287FC0F319
:109FF000C000401E304254D1B9F1000F51D0019938
:10A00000284688474FF000080446C1460EB926008E
:10A0100047D0B8F1000F06D05A462146284690474F
:10A02000B04204463DD0002C4FF00108DED020683D
:10A0300009F0EAF80006D8D427681FE00121384665
:10A0400009F008FBB0B12FB10121384609F002FB3D
:10A050000028CAD1E868A04223D0B0B1284600F059
:10A0600007F90246E8680F21006805F02BFC01287B
:10A0700017D106E0384608F02DFC0746002FDDD149
:10A08000E8E7E868006809F04FFC2846EC6000F05B
:10A09000EFF80246E8680E21006805F013FC01287D
:10A0A00002D05046BDE8FE8FE868006809F03CFC2D
:10A0B000296909B1284688470120F3E7000000001C
:10A0C00082B04FF0000CCDE90001009BC2F800C047
:10A0D000DFF864C021F00040604529DA034327D04F
:10A0E000B0F5801FA8BF13680EDA9DED000B9FED41
:10A0F000141B6FF0350320EE010B10EE901A8DED5E
:10A10000000B136021F00040DFF83CC06FF31E51DC
:10A110000CEB20501844106041F0FF5040F000500C
:10A1200001909DED000B00BF51EC100B02B0704789
:10A130009DED000BF8E700000000F07F000000003C
:10A14000000000000000504302FCFFFF2DE9FC4727
:10A150000D0024D00469616929B10868A84202D1C0
:10A160004868BDE8FC87628A00200427C2F3080221
:10A170000EE000BFA36800EB800653F826C007EB93
:10A1800086069E5BA5EB0C039E420AD2401C80B261
:10A190008242EFD819B10D6000206169486000204B
:10A1A000DFE700EB8006A16812224FF0060902EB00
:10A1B00086000027085C02280DD04FF00C0A78B109
:10A1C000DFF8A8C003284FF010084FF008020FD0A6
:10A1D000012826D043E009EB8600085AC7183EE064
:10A1E0000AEB860209EB86068858895BC05C35E07D
:10A1F000ADF8043008EB860302EB8608CDF800C00A
:10A2000001A8CA5A022351F80810F3F775FC30B3BD
:10A21000A16809EB860351F80820C95A801A40103A
:10A220001CE0ADF8043008EB860302EB8608CDF89D
:10A2300000C001A8CA5A022351F80810F3F75CFCC9
:10A2400068B1A1680AEB860209EB860351F8086041
:10A250008A58801BC95A401032F810000F186069E4
:10A2600010B105606069476038467AE73DF1020841
:10A270002DE9F041002607463546304610E000BF84
:10A2800006F0EBFB616DB94209D1022802D0042827
:10A2900003D003E02046BDE8F0812646254620464F
:10A2A00006F0B0FB0400EBD10EB13046F3E70DB180
:10A2B0002846F0E7BDE8F041002006F0A3BB00000F
:10A2C0007CB503690025DC685B8AA0689B042BD4FD
:10A2D000830F16D00123B3EB907F31D101EB024104
:10A2E000266818480423CDE90001A068314620F013
:10A2F000404201A8F3F700FC10B3801B6168801096
:10A300001DE0266801EB02210F4A0223009220F093
:10A31000404201A8ADF804103146F3F7EDFB78B1E7
:10A32000801B616840100AE06368805C595C39B149
:10A3300030B1637B491E2268401E11FB03210D567C
:10A3400028467CBDB1C50108C5C501082DE9F0410D
:10A350000F46418C0426C26805460020C1F3051350
:10A360000FE000BF06EBC00414595FEAC41C07D518
:10A3700024F07F44BC4203D152F83000BDE8F081A4
:10A38000401C8342EED84FF0806000EBB1204FEAD2
:10A39000B0506884C0F30510C100104607F048FAB9
:10A3A000E86008B9FAF73CFB688CC0F30514641E3A
:10A3B00016D06FF003014B00E86801EBC40282582D
:10A3C0005FEAC21C0CD492010AD403EBC40C84448F
:10A3D00000EBC402641EDCE9000CC2E9000CEBD106
:10A3E000E868082100EBC40007F0C8FA082007F06D
:10A3F00069F9E96841F834000BF00FF8EA6806EBF8
:10A40000C400115841F080711150EA6867F31701D8
:10A410001150E86850F83400B0E700002DE9FC4125
:10A420000068C068C068B0FBF1F4944200DD1446D7
:10A43000154F78680068806920B30020ADF80000EF
:10A4400025B2ADF80400ADF80200681E06B2ADF802
:10A45000066078686946006882699047BDF8060022
:10A46000BDF80210401A401C00B2A04202DD351EA9
:10A47000EBDC01E0002D02DC0020BDE8FC81BDF931
:10A480000640641C2046F8E7580201242DE9FF4FDE
:10A4900083B01F4605460598F3F743FA0122B5F845
:10A4A000209095F82230002482406FEA09014FF095
:10A4B000FF3688B24FF0040B02F0FF080190C3F39F
:10A4C000C00A1FE0E96801EBC4004268920140D570
:10A4D000BAF1000F15D10BEBC4028958049AC1F3ED
:10A4E0000741090491420CD10068817911EA080FF3
:10A4F00007D005996A460AF0EBFE012830D0022801
:10A5000031D0641C688CC0F30510A042DAD820E07A
:10A51000E96851F83400827912EA080F18D00BEB81
:10A52000C40289581FFA81FAC1F307421104049A40
:10A5300091420DD1019A1AEA020F09D1B24507DD05
:10A5400005996A460AF0C4FE01280FD002280AD0F5
:10A55000641C688CC0F30510A042D9D8002E0DDB16
:10A5600000983860012007B0BDE8F08FCA45F7D0E9
:10A570005645EDDA009856463860E9E70020F2E7E4
:10A580002DE9F041468C0423C2680D4604460020A4
:10A59000C6F305110BE000BF03EBC007D7595FEA14
:10A5A000871C03D527F07F47AF4202D0401C814271
:10A5B000F2D8814203D002EBC000BDE8F0814FF039
:10A5C000806000EBB6204FEAB0506084C0F3051005
:10A5D000C100104607F02CF9618CE060C1F3051052
:10A5E000401E0DD06FF00703E16803EBC0020A4480
:10A5F00001EBC006401ED2E90012C6E90012F3D1F9
:10A60000E068082107F0BAF9082007F05BF8E16874
:10A6100008600AF002FFE168486840F00070486096
:10A62000E16865F317004860E068C6E710B506F01A
:10A63000F9FA0AF0B5FB00280ED00848FBF780FABB
:10A64000002809D00548D0F8740B0AF04BFC00280C
:10A6500002D003490120087010BD000008A70224A1
:10A66000F801012470B5EBF7E5FF134D04462869A6
:10A67000201A0BF077F82C61104EA87820B13068C2
:10A6800009F052F90020A8700D4996F8780B91F85E
:10A690000816884203D1E868201A642805D3094ABD
:10A6A00007490648FBF77CFBEC600448FBF70CFA13
:10A6B000BDE870400BF096B8F801012408A7022409
:10A6C000A89F022484B202240021A0F13002092AAA
:10A6D00001D8D1B216E0612801D32038C0B2413888
:10A6E00006280FD2DFE800F0030507090B0D0A2149
:10A6F00008E00B2106E00C2104E00D2102E00E2110
:10A7000000E00F210846704701230B7002694A6080
:10A71000D0F878268A60D0F87826521CC0F87826BF
:10A7200001D1C0F87836D0F87026D0F87406C1E9A7
:10A73000042070472DE9F0410446806D0D46002845
:10A740002BD0AA680223A97B03EB820330F9227085
:10A750000129C65E0AD1B4F91000B84203D1B4F998
:10A760001200B04202D0201D00F0BEFC201D00F0FF
:10A7700069FD002811D127816681A87B012804F199
:10A7800004000CD000F0B0FC201D00F05BFD0028A0
:10A7900003D12089618920826182BDE8F08100F0C7
:10A7A000B1FBF1E770B5254C04210546606808F05F
:10A7B00051FF002828D0296B6068814224D008F01E
:10A7C00043F80646286B08B108F03EF886421CD1D3
:10A7D0001EB1606805F08EFB0FE0286B40B1A268E7
:10A7E0000F2105F06FF8284600F02CFD00280BD152
:10A7F0000E21D4E9010205F065F8284600F022FD9B
:10A80000002801D16068286370BD78B12B6B53B10B
:10A81000A26888B11021184605F054F8284600F0C7
:10A8200011FD0028F0D1002EE2D0D2E7286B0028DD
:10A83000F9D0A2680F21EFE70F21ECE738020124DD
:10A840002DE9F0470D46897B0446407901294FF0F8
:10A8500000082AD0010708D520F0080121F00101E5
:10A860006171C4F8488084F80880A87B277A207238
:10A870006868E060D4F854905FEA09007ED005F083
:10A88000A3FBBF4E0028706078D0A87B08B1A5F864
:10A890000C80484605F098FB002870606ED0A97BBC
:10A8A000012905D000296AD00FE1000766D4DCE752
:10A8B00017B1012F36D008E10AF04AFFA064696899
:10A8C0000A2906D0142917D0132918D01B291AD009
:10A8D00024E0706809F065F820B97068102108F06C
:10A8E000B9FE08B1012700E00027484605F066FBE5
:10A8F0008743D9D101216BE0A889401E01E0A889D6
:10A90000401CA881E1E01B21484605F0C7FB201D43
:10A9100000F098FC002831D1202159E0484605F08C
:10A92000BDFB59E06079C0073FD1A06C0AF009FF78
:10A930002168898B8842607935D940F001006071C7
:10A940000AF006FFE06468680A281CD1706809F004
:10A9500028F820B97068102108F07CFEC0B1484684
:10A9600005F039FB01280ED9484605F027FB80F099
:10A970000101484605F0A3FB202101E08FE031E012
:10A98000706807F0F2FA607940F0010060719CE0B5
:10A990000521D6E9010204F095FF201D00F052FCCC
:10A9A00000287CD1EFE7C0071BD0E06C0AF0C9FE9D
:10A9B0002168C98B884214D90AF0CAFEE06469682C
:10A9C0000A2904D0142997D01329A7D197E7062183
:10A9D000D6E9010204F076FF201D00F033FC0028C8
:10A9E0005DD172E0012F70D169680A2967D108F042
:10A9F000D8FF20B97068102108F02CFEA8B3484693
:10AA000005F0DCFA002860794FEAC07052D020B11E
:10AA1000484605F0E0FA012847D80821D6E90102A6
:10AA200004F050FF201D00F00DFC00286ED1042121
:10AA3000D6E9010204F046FF201D00F003FC0028C7
:10AA400064D10721D6E9010204F03CFF201D00F08B
:10AA5000F9FB00285AD10A21484605F01FFB201DAA
:10AA600000F0F0FB002851D129E0FFE70821D6E9EA
:10AA7000010204F027FF201D00F0E4FB002845D16F
:10AA80006079C00704D10421D6E9010204F01AFF5D
:10AA9000201D00F0D7FB002838D1072100E035E069
:10AAA000D6E9010204F00EFFD9E77068202107F013
:10AAB0005CFA04E018B90121484605F000FB617911
:10AAC000C4F8488021F001016171C6F80480A889AA
:10AAD00000281BD0484605F071FA0028B5F90C0093
:10AAE00028D0002814DA4FF000060AE04FF01401D5
:10AAF000484605F0D3FA201D00F0A4FB002805D13C
:10AB0000761CB5F90C004042B042EFDCBDE8F0879E
:10AB1000FCDD002609E01321484605F0BFFA201DA0
:10AB200000F090FB0028F1D1761CB5F90C00B04282
:10AB3000F1DCEBE7002811DA4FF0000608E04846A8
:10AB400005F020FA201D00F07DFB0028DED1761CE8
:10AB5000B5F90C004042B042F1DCD7E7D6DD002663
:10AB600008E0484605F0B0F9201D00F06BFB002816
:10AB7000CCD1761CB5F90C00B042F2DCC6E700007F
:10AB80003802012470B50446C06A002870D194F8D8
:10AB90004100C0076CD1656A4FF4004603E02846C7
:10ABA00007F098FE0546002D62D03146284608F091
:10ABB00051FD0028F3D1B4F91400002801DD01464D
:10ABC00000E041422B4A926813689B7E994209DA61
:10ABD000B4F91610002900DC4942994202DA00213A
:10ABE000A187E187A18FE38FE68A084400B2A0879E
:10ABF000991909B2E187002801DD034600E04342CC
:10AC00001668F67EB34206DC002901DD0B4600E043
:10AC10004B42B3422CDD012384F84130002801DD92
:10AC2000034600E04342002901DD0E4600E04E42AB
:10AC3000B34209DD002894F8400020F0F00001DD67
:10AC400020300AE0103008E094F84000002920F09D
:10AC5000F00001DD803000E0403084F840000C213D
:10AC6000284604F02FFE2046BDE8704000F0EABA06
:10AC700070BD0000380201242DE9F0470E46897BA3
:10AC80000446407901294FF0000823D0010708D578
:10AC900020F0080121F001016171C4F8488084F8B6
:10ACA0000880D4F854905FEA09007CD005F08CF954
:10ACB000664D0028686076D0802108F0D7FCE168F6
:10ACC00007467068E060B27B207A2272B27B012A6C
:10ACD00003D003E0000766D4E3E708B1AFB3B0E008
:10ACE0000AF036FDA0647168092903D00B2909D048
:10ACF00087B1A6E00021484605F0E1F9484605F095
:10AD0000E3F856E00021484605F0D9F9484605F039
:10AD100039F94EE00A2902D01B290BD016E00A218E
:10AD2000484605F0BBF9201D00F08CFA00283AD106
:10AD3000012137E01B21484605F0B0F9201D00F045
:10AD400081FA00287FD120212CE003E0484605F05D
:10AD5000A5F92EE0012A01D032B372E0012870D1AA
:10AD600070680A2809D10221D5E9010204F0AAFD80
:10AD7000201D00F067FA002865D16079C00720D156
:10AD8000A06C0AF0DEFC2168898B8842607916D9B4
:10AD900040F00100607170680A2852D10AF0D8FCB6
:10ADA0000521E06401E04EE01FE0D5E9010204F076
:10ADB00089FD201D00F046FA002844D141E0C0077B
:10ADC0003FD0E06C0AF0BDFC2168C98B884238D9BD
:10ADD0000AF0BEFCE06471680A2904D0092989D010
:10ADE0000B29B3D18EE70621DCE7012829D10A29F6
:10ADF000716020D10821D5E9010204F063FD201D16
:10AE000000F020FA00281ED16079C00709D1042182
:10AE1000D5E9010204F056FD201D00F013FA0028C8
:10AE200011D10721D5E9010204F04CFD201D00F0ED
:10AE300009FA002807D16179C4F8488021F001019E
:10AE40006171C5F80480BDE8F08700003802012474
:10AE500070B5044600680D4609880069A1826988BA
:10AE6000E1820268117CC1F30111022901D003299A
:10AE70000AD111882A88891A491E298001686A889E
:10AE80004988891A491E69800168097CC1F301114A
:10AE9000012901D0032907D12A8869886A800068BE
:10AEA0004088401A401E28802068006903F0ECFAB0
:10AEB0002068006903F024FB206D78B1B4F91020FC
:10AEC000B5F900108A4205D1B4F91220B5F9023063
:10AED0009A4203D0B5F9022009F093FC288820811A
:10AEE000688860812079012804F1040006D000F010
:10AEF000FBF8208961892082618270BD00F002F830
:10AF0000F7E700002DE9F041764D0446406A68609D
:10AF1000617809077ED4A9684FF0000609680F69B7
:10AF200030B1E16A39BB4FF4005108F093FB10BB1C
:10AF3000384603F0BFFA211D05F034FE686070B991
:10AF4000384603F0BFFA211D05F02CFE686030B9C9
:10AF5000384603F0BFFA211D05F024FE6860A06AA0
:10AF600048B1A6832046E683F2F771F8204600F048
:10AF700069F900284ED1606A696888423CD0A1888E
:10AF8000E288A181E28140B1AA68032104F09AFC21
:10AF9000204600F057F900283CD168686062A06242
:10AFA00050B30AF0D5FB60640121607820F0010005
:10AFB00060702683668394F8400020F0FF0084F8D8
:10AFC000400084F84160A687E687A682E682D5E93C
:10AFD000010204F077FC204600F034F900287FD10C
:10AFE000A868417909077BD4001DFFF7DBFB2046E9
:10AFF00000F028F9002873D1A088A189401A01B275
:10B00000A182E088E289801A00B2E082B4F91C20B3
:10B01000114400E064E001EBD1714910A183B4F95F
:10B020001E10084400EBD0704010E083E0692062FD
:10B030006868002854D0AA68022104F043FC204626
:10B0400000F000F900284BD1A8684079000747D4E8
:10B050002046F1F745FF204600F0F4F800283FD1E4
:10B060002046FFF78FFD204600F0ECF8002837D18E
:10B07000E06A002834D16078C0071DD1606C0AF006
:10B0800060FBAA681168898B88420FD9686805211E
:10B0900004F018FC204600F0D5F8002820D1607894
:10B0A00040F0010060700AF053FBA064E06A0028E1
:10B0B00016D16078C00713D0A06C0AF042FBAA68D2
:10B0C0001168C98B88420BD96868062104F0FAFB25
:10B0D000204600F0B7F8002802D10AF039FBA0643E
:10B0E000BDE8F081380201242DE9F8430446407898
:10B0F000434E0025000711D5606A0321B26804F0B1
:10B10000E1FB204600F09EF8002877D16078656268
:10B11000A56220F008006564A5646070606A7060D4
:10B12000D4F82C8000285ED0B268082104F0CAFB55
:10B13000204600F087F8002860D1B8F1000F16D142
:10B140006078C00709D10421D6E9010204F0BAFBF6
:10B15000204600F077F8002850D10721D6E90102F7
:10B1600004F0B0FB204600F06DF8002846D165627F
:10B17000B8F100006564A56440D04FF48079009573
:10B1800000274E46054600216E2208F011F938448A
:10B1900007B2284600216D2208F00AF900B2C11753
:10B1A00000EB1160001210FB06F006B2284607F013
:10B1B00091FB0500E7D10FB94E4514D04FF4803014
:10B1C0006B4690FBF6F079420DB2294606B204F1C7
:10B1D0001C00324609F018FD04F120006B4632468F
:10B1E000294609F011FDB8F1000F07D02046F1F70C
:10B1F0002EFF2046BDE8F84300F024B8BDE8F883F0
:10B20000380201244279910718D500218162C16278
:10B2100022F0030201638164C1648183C18390F8D9
:10B22000443023F00F0380F8443001844184A0F8B7
:10B230004010A0F842104271014841607047000080
:10B24000380201244078810702D5034A0021516069
:10B25000C0F3400070470000380201242DE9F0439C
:10B2600087B014216846E5F73DFD2C48016841F0A0
:10B2700002010160016801F002010591016841F0DD
:10B2800008010160016801F008010591016841F0C1
:10B290001001016000680122214FD40300F010006A
:10B2A000214605903846EBF7BFF9DFF878804FF478
:10B2B0004065002229464046EBF7B6F9DFF8689072
:10B2C0006611002231464846EBF7AEF90020012115
:10B2D000CDE901106946009403903846EBF796F8E3
:10B2E000694640460095EBF791F869464846009656
:10B2F000EBF78CF8022005210822CDE90020CDE9EA
:10B30000030169464046EBF781F8802069460090CA
:10B310004846EBF77BF807B0BDE8F083E0440258FD
:10B320000010025800040258000C0258F0B5AFB0EB
:10B33000B8216846E5F7D6FC002017904FF48051FD
:10B340000446CDE900106846ECF728FB002862D1DE
:10B350003948016841F480510160006800F4805070
:10B360002E9035481838016841F0010101600068ED
:10B3700000F001002E9030485838016841F48051A7
:10B380000160BFF34F8F016821F4805101602B48A9
:10B390008821E5F7A7FC294878218830E5F7A2FC49
:10B3A000264F2621264840228837031587E80700C4
:10B3B000C7E903437C610320BC61FC613C62C7E9CF
:10B3C0000940FC6238463C63E9F77AFE18BB1B482B
:10B3D0004FF480031B4A07211E015D110260120415
:10B3E000C0E90314C0E90546C0E907244462C0E986
:10B3F0000A414463C9078463C46304644464846485
:10B40000C464C0E9144187678465C0E90135B86345
:10B41000EDF768FD10B100202FB0F0BDFCF760FF24
:10B42000002208210B20EBF7D3F90022082123206A
:10B43000EBF7CEF90120EFE7F0440258E09C02243C
:10B4400010000240003001402DE9F843C56A802118
:10B450000446284608F0FEF84E4F41F6FF76C8B184
:10B46000284607F062FB01281DD0022828D00328B7
:10B4700037D0E7866687284607F050FB012847D07B
:10B48000022850D003285AD0A7862687A08E0028ED
:10B4900072D072E004F13400334639463A460096E1
:10B4A00002F031FDF2E7E88A00233246401C01B287
:10B4B0002846FEF7E1FCE086E88A401E02B209E079
:10B4C000B5F91A10002332462846FEF7D5FCE0866F
:10B4D000B5F91A20002339462846FEF7CDFC6087CF
:10B4E000C9E7688B0023E98A3246401A401C00B243
:10B4F00000EBD07001EB600808F1010001B22846B2
:10B50000FEF7BAFCE086A8F1010002B20023E2E7F0
:10B51000B5F91410002332462846FEF725FCA08614
:10B52000B5F9142009E0B5F9181000233246284671
:10B53000FEF71AFCA086B5F91820002315E0298B28
:10B540000023A88A3246091A491C09B201EBD171BD
:10B5500000EB610808F1010001B22846FEF704FC87
:10B56000A086A8F1010002B2002339462846FEF762
:10B57000FBFB20878AE7FFE7A786208F00B9268795
:10B58000E08E00B9E786608F002800D16687BDE8AD
:10B59000F883000001E0FFFF2DE9F0410D4601783E
:10B5A00017460446A9424FF00108457006D0A07F17
:10B5B00020B1204684F8208000F068F9207CA84261
:10B5C00001D025746763062D4FF000060ED0E67695
:10B5D000B5B126772078A84219D0616B791A142961
:10B5E00015D32946204600F062F820E0E07E267759
:10B5F000002803D1A16A84F81B80A163BDE8F08113
:10B60000207F0028E6D1E76384F81C80E2E794F805
:10B61000201061B1A8420AD1606B381A142806D3F1
:10B62000A06A84F82060A064E06484F82260002DA1
:10B63000E4D120780028E1D1207F0028DED0E06B23
:10B64000381AC828DAD384F8078084F8068026726E
:10B6500084F82160D2E770B50D46044600F036F953
:10B66000002823D0A07E08B1206B00E0606A281A71
:10B67000322801D3022115E0E07E28B1A06B281A00
:10B68000322801D301210DE0607F70B1E07910B163
:10B690002078012809D1206C42F21071281A8842C2
:10B6A00003D30321204600F053F8012070BD70B58C
:10B6B00001290D46044602D00026304603E0E07F13
:10B6C000D0B100260120A17FE07761B1217820462A
:10B6D00000F0DCF8616CA06A2278431A204602214F
:10B6E00000F073F858B100202570691EA077042976
:10B6F00007D84FF0010206E04FF00106E2E716BB63
:10B7000070BD4FF00002A16A6277216484F82000C6
:10B7100014D8E27992B161644FF00102A1644FF054
:10B720000003E1644FF00101A2772A4684F8220069
:10B73000204600F04AF80028E1D070BD002EFCD071
:10B74000207A0428F9D12046BDE8704000F02FB8D7
:10B7500010B5027A8A4204D0C268531C01D0521C30
:10B76000C2600022C2718271062404704FF6FF731A
:10B77000447004290474838002764276C27602778C
:10B780004277827780F8202080F8222080F82320DA
:10B79000017202D0C27780F8212010BD401A04D077
:10B7A000B0F1004F01D2012070470020704710B562
:10B7B0000121826A052480F8B440002380F8B51086
:10B7C000C0E92E2380F8211010BD2DE9F041044678
:10B7D00090F823001F46164608280D4601D9E5F7C4
:10B7E00007F9032D01D0042D15D1002111E001EB43
:10B7F000410204EB820292F85430AB4207D192F836
:10B800005520B24203D1204600F022F803E0491C43
:10B81000C9B28842EBD894F82300082812D000EB74
:10B82000400004EB800080F8545080F85560A16A15
:10B83000C0E9161794F82300401C84F82300012067
:10B84000BDE8F08104212046FFF782FF0020F7E7E2
:10B8500070B590F823208A4201D8E5F7C9F8521E46
:10B8600080F823200CE000BF01EB4102491C00EBF3
:10B87000820202F160035432C9B238CB82E8380048
:10B8800090F823208A42EFD870BD000070B50024E4
:10B890000E46054610E000BF04EB440005EB8001B6
:10B8A00091F855005431B04204D10878032808D0EB
:10B8B000042806D0641CE4B295F82300A042EBD81B
:10B8C00070BD21462846FFF7C3FFF5E770B50C466B
:10B8D000816A0546A14204D02046FFF75FFF002899
:10B8E00001D00120AC6270BD2DE9F04104468079A1
:10B8F000002840D0E07900283DD0A07F00283AD031
:10B9000060782278904236D1207C904233D194F8EE
:10B91000200000282FD1A16CA06A451AB5F5FA7F46
:10B9200029D3E16C814226D003212B46E0642046D6
:10B93000FFF74BFF00281ED02278012A1BD094F875
:10B94000220020B1216DA06A401A962813D39621B7
:10B95000A76AA5F5FA70B0FBF1F6012384F822304E
:10B960002B4601FB1600381A20652046BDE8F04141
:10B970000421FFF72ABFBDE8F081884201D3401AB5
:10B9800000E0081A904201D801207047002070475B
:10B990000A49002030B4A1F11004074A1C23207387
:10B9A000087548755060136005494870BFF34F8FA4
:10B9B00030BC1220EAF7E0BE00200240EC9E0224D8
:10B9C000EC010124032803D0042801D00020704793
:10B9D00001207047F0B58FB01D4604001746149E35
:10B9E00008D039B137B12DB126B194F86C0020B12F
:10B9F000012802D001200FB0F0BD08A8009001ABD3
:10BA0000384601F11C0200F0B4FC08B10220F2E754
:10BA100094F86C0001280BD04FF48071284608ABD5
:10BA2000009601AA0BF046FC0028E4D00320E2E7D0
:10BA30000021F3E7002804D000210160416081600B
:10BA4000C1607047B4EE400AF1EE10FA0BD110EE6F
:10BA5000100AB0F1FF4F06DA10EE100A10F5000FD1
:10BA600001D2012070470020704700002DE9F04FFF
:10BA70005FEA0009984617460E462DED068B85B005
:10BA8000F0EE408ADFED619A169DB0EE698A08D02B
:10BA90003EB137B12DB1B8F1000F08D0B8F1010FA8
:10BAA00005D0012005B0BDEC068BBDE8F08F6946DE
:10BAB0004846F6F78FFF80B1B0EE680AFFF7C2FF85
:10BAC00048B118EE900A5249884204DB18EE900AF9
:10BAD000B0F17E5F03DD0520E4E70220E2E7002409
:10BAE000B0EE699AC4EB041106EB840B09EB8100FC
:10BAF0009BED000A00F1040AFFF7A4FFD0B107EBA9
:10BB00008400039090ED000AFFF79CFF90B103982A
:10BB1000DAED020A90ED000AB4EEE00AF1EE10FA56
:10BB200006D3DAED030AB4EEE00AF1EE10FA03DD13
:10BB30000420B7E70320B5E7DBED000AB8F1010FF9
:10BB400030EE600ADAED040A60EEA80AB0EEC00A30
:10BB500080EE20AA11D1F7EE0E0A9FED2E1A20EEEC
:10BB6000011A2AEE20AADAED050A60EEA80A81EE93
:10BB7000200AF0F78DFDB0EE409A8AFE090AB4EE75
:10BB8000C80AF1EE10FA01DDB0EE408A641CE4B29E
:10BB9000072CA5D370212846E5F7A4F8DDE91401A8
:10BBA000B0EE480AC5E9160100F028FAC5ED1A8A78
:10BBB0009FED198A85F86C800024C5E9180100BF43
:10BBC000D5E9180114F045FB01EE100A06EB8400DC
:10BBD00005EB840190ED000A07EB840281ED000A79
:10BBE00092ED000A641C81ED070AD2ED000A90ED87
:10BBF000000AE4B2072C70EEC00A81EE080A80EE5B
:10BC0000801A81ED0E1ADBD300204BE70000000004
:10BC10000AD7233C89C0B840002474492DE9F04F6D
:10BC2000060015460C462DED028B9DB028A8F0EEBF
:10BC3000408A90E8000E9FED518A1ED0ECB1E5B12C
:10BC40005FEA0B0019D01AA93046F6F7C3FEB0B16F
:10BC5000B0EE680AFFF7F6FE48B118EE900A4849C0
:10BC6000884204DB18EE900AB0F17E5F09DD052002
:10BC70001DB0BDEC028BBDE8F08F0120F8E702207B
:10BC8000F6E7002704EB870090ED000AFFF7DAFEE5
:10BC9000E8B305EB870898ED000AFFF7D3FEB0B3D1
:10BCA000C7EB0711D8ED000A06EB810090ED060AFC
:10BCB000F0EEE00A20EE281A80EE810AB4EEC80AFF
:10BCC000F1EE10FA01DDB0EE408A7F1CFFB2072FC3
:10BCD000D8D368216846E5F705F8B0EE480ACDE903
:10BCE000169A00F08BF9CDE9180114F0B2FA00EEC3
:10BCF000100ADFED241A00236946B6EE001AC0EEE2
:10BD0000210A00BFC3EB031004EB830200E028E02C
:10BD100092ED000A01EB830C05EB83078CED000A22
:10BD200097ED000A06EB80008CED070AD7ED001AAC
:10BD300092ED000A61EE811A01EEA00A8CED0E0A66
:10BD4000D0ED031A001DB4EEE10AF1EE10FA06D3AD
:10BD5000D0ED031AB4EEE10AF1EE10FA03DD04208F
:10BD600086E7032084E75B1CDBB2072BCAD368227B
:10BD70005846E4F75BFF00207AE70000000000006F
:10BD80000AD7233C002474492DE9F04704001546E6
:10BD90001F462DED048B0C9E24D01EB3D4E9180150
:10BDA00008431FD068213046E4F79CFFC6E91657C8
:10BDB000D4E918018046894614F04BFA824600EE19
:10BDC00010AADFED4A8AB7EE009ADFED490AD4E9FE
:10BDD0001620C0EE209A511B70EB070107D3B0EE7E
:10BDE000688A1BE00120BDEC048BBDE8F087AA1A2D
:10BDF00067EB0001B2EB080071EB090005D30120ED
:10BE000086F86000B0EE498A08E0104614F021FA86
:10BE100000EE100A00EE90AA80EE208A94F86C00E2
:10BE200060B1B5EEC08AF1EE10FA04D918EE100A2E
:10BE3000B0F17E5F05DBB0EE680A32E0B0EE498A11
:10BE4000F9E79FED2C1A68EE080ADFED2B5A68EE31
:10BE5000011ADFED2A4A20EE880AF3EE0E2A40EEA0
:10BE6000E51A20EEA22AB2EE045A60EE080AB2EEFB
:10BE70000E4A00EE412A40EE241A20EE051A20EE6A
:10BE8000880A29EEA93AF1EE083A00EEC41A00EE4B
:10BE9000A22AC1EE838A00EE231AB0EE418A82EE16
:10BEA000290A002004EB800106EB8002D1ED070A8D
:10BEB00091ED001A70EEC10A00EE881A82ED001AA8
:10BEC00094F86C3073B120EE801A00BF60EEA80ABF
:10BED000401C82ED071AC0B20728C2ED0E0AE1D35A
:10BEE000002080E791ED0E1AF0E70000000000004E
:10BEF0000024744900007042000034430000F04206
:10BF00002DE9F047060015461F462DED048B0C9CCD
:10BF100021D004B3D6E9180108431CD0682120467B
:10BF2000E4F7E0FEC4E91657D6E9180180468946D1
:10BF300014F08FF900EE100ADFED2F9AD6E91620E3
:10BF4000DFED2C8A80EE299A511B70EB070107D395
:10BF5000B0EE688A19E00120BDEC048BBDE8F087E3
:10BF6000AA1A67EB0001B2EB080071EB090005D3D8
:10BF7000012084F86000B0EE498A06E0104614F013
:10BF800068F900EE100A80EE298A002094F86020FB
:10BF900006EB800191ED070AC0EE090A52B191ED5E
:10BFA0000E0A04EB800181ED000AC1ED078AC1EDA4
:10BFB0000E8A19E0F0EE401AF6EE002A91ED001A12
:10BFC00040EEC81AB1EE602A60EEA20A00EE081A2E
:10BFD00004EB800120EE880A00EE481A81ED001A79
:10BFE000C1ED071A81ED0E2A401CC0B20728CDD33F
:10BFF0000020B1E70000000000247449B7EEC00A39
:10C000009FED111B10B520EE010BF0F781FA9FEDAB
:10C01000101BB4EEC10BF1EE10FA03D200214FF465
:10C020007A6010BD9FED0C1BB4EEC10BF1EE10FA5F
:10C0300003DD4FF0FF30014610BDBDE8104051EC6C
:10C04000100B14F081B900000000000080842E4124
:10C05000000000000040AF40000000000000F0437E
:10C060002DE9F04F99464FF00107DFED380ADDE981
:10C070000EE3DDE90B54DDF824C0DDF834B088B1FF
:10C0800081B17AB1B9F1000F0CD05BB1BCF17F0F77
:10C090004FF0000A08D083F80CA0062083F80DA00A
:10C0A000BDE8F08F0120FBE75FF0000600EB860C97
:10C0B00002EB86089CED070A98ED001A09EB860C46
:10C0C00030EE410A9CED001AB0EEC00AB4EEE00A70
:10C0D000F1EE10FAB0EEC11A01DDF0EE400AC6EB47
:10C0E000061C01EB8C0CDCED0D1AF4EEC01AF1EE1F
:10C0F00010FA06D39CED0E0AB4EEC10AF1EE10FA66
:10C1000000D20027761CF6B2072ECFD3C3ED020A69
:10C110009FB1187B0122A8B1D3E900012E1A74EB5C
:10C12000010608D3281A64EB0104B0EB0B0074EB92
:10C130000E0400D35A730020B2E783F80CA083F8F2
:10C140000DA0F8E71A73C3E90054F4E700000000FB
:10C150002DE9F05F040015460E462DED028BDDF84B
:10C1600030B011D086B17DB194F8990060B12068EB
:10C1700000F074F850B196F82C017F2808D0032005
:10C18000BDEC028BBDE8F09F0120F9E70220F7E744
:10C190009FED318A00274FF0040900BFC7EB07125B
:10C1A000216805EB870A09EB82009AED000A01EB92
:10C1B000000800F06DF888B19AED000AD8ED020A87
:10C1C00020EE080AF4EEC00AF1EE10FA06DCD8ED13
:10C1D000030AF4EEC00AF1EE10FA01D20420CFE710
:10C1E0007F1CFFB2072FD9D3002349462068C3EB39
:10C1F000031703EB830201EB8707384406EBC20702
:10C20000D0ED0B0A90F9062004EB830097ED001A9D
:10C2100000EE102A05EB83025B1CF8EEC01A92EDCB
:10C22000000ADBB2072B21EE811A20EE080AC1EECC
:10C23000201A30EE610A80ED1E0AD7D30D9B012033
:10C2400084F898005A4631462046BDEC028BBDE882
:10C25000F05F00F02DB9000035FA8E3C3EB5044683
:10C260006946F6F7DDFB00280BD000215FF04300A4
:10C27000C1EB011204EB8202D26B30EA020201D060
:10C2800000203EBD491CC9B20729F1D301203EBDA3
:10C29000B4EE400AF1EE10FA0BD110EE100AB0F134
:10C2A000FF4F06DA10EE100A10F5000F01D2012040
:10C2B000704700207047000010B5C8B1C1B190F8B8
:10C2C0009920AAB190F89820A2B19FED0B0A002204
:10C2D000531C00EB8204D4ED1E0A01EB8204DAB297
:10C2E00060EE800A072AC4ED000AF1D3002010BDD9
:10C2F000012010BD052010BDE12E65422DE9F04161
:10C3000004000F460BD057B194F8990038B10025BE
:10C3100004F10808D4F89460F0070ED102E001207F
:10C32000BDE8F081702241463846E4F77FFCD4F83E
:10C330009400864201D1C007F2D06D1CEDB2032DEE
:10C34000E8D30620ECE770B504000D460DD065B1CA
:10C35000A021E4F7C7FC0120256084F89900284655
:10C36000FFF77CFF18B1002070BD012070BD0220D6
:10C3700070BD2DE9FF4F060091460F462DED028B53
:10C380008FB03DD0E7B3B9F1000F7CD01498B8B3AB
:10C390001E98A8B396F8990090B396F8980080B3C9
:10C3A00000244FF0040A3168C4EB041207EB840840
:10C3B0000AEB82000D1895F9060000EE100AB8EE9F
:10C3C000C08A98ED000AFFF763FFF0B309EB840B16
:10C3D0009BED000AFFF75CFFB8B398ED000AD5EDBE
:10C3E000020AB4EEE00AF1EE10FA45D3D5ED030AE5
:10C3F000B4EEE00AF1EE10FA3EDC95ED0B1A01E026
:10C4000041E042E006EB8402684621EE081AD2EDD4
:10C410001E0A00EB840007A930EE600A01EB8401DC
:10C4200020EE011A80ED001A95ED0B0ADBED000AF3
:10C4300020EE080A20EE200A81ED000AD5ED080A58
:10C44000F1EE601AB4EEE11A00E015E0F1EE10FA38
:10C4500012D3B4EEE01AF1EE10FA0DDCD5ED090AB4
:10C46000B1EE601AB4EEC10AF1EE10FA04D3B4EEE4
:10C47000E00AF1EE10FA0ADD04200FB0BDEC028BE9
:10C4800004B0BDE8F08F0120F7E70520F5E7641C54
:10C49000E4B2072C87D314981C226946E4F7C6FB44
:10C4A0001E981C2207A9E4F7C1FB0020E5E7000065
:10C4B000F0B5040016469DB01F460D4671D0002D04
:10C4C0006FD094F89900E0B370216846E4F70AFC55
:10C4D000CDE91667D5F828011890E06E401C199038
:10C4E00094F898008DF8690094F8980050B30020F3
:10C4F0006E46DFED2E0A04272168C0EB001300EB27
:10C50000800207EB8303194405EBC20291ED0B1A7D
:10C5100091F90630D2ED001A00EE103A04EB8003D8
:10C52000B8EEC00A93ED1E2A06EB800361EE802A66
:10C53000C2EE811A31EE821A21EE201A83ED001A22
:10C5400001E02EE017E0D2ED011A91ED0B1A401C2C
:10C5500021EE800AC0B20728C0EE011A21EEA00A1F
:10C5600083ED070A92ED020A83ED0E0AC4D395F813
:10C570002C018DF86800D4F894006946401CC4F87A
:10C580009400702204F10800E4F750FBD4F8940002
:10C59000401CC4F8940094F8980020B100201DB00D
:10C5A000F0BD0120FBE70520F9E70000E12E654220
:10C5B00003880A88934201D0981A704740884988B6
:10C5C000401A704703780A78934201D0981A70474E
:10C5D00040784978401A70470348002243684B600E
:10C5E00000788873CA737047240201242DE9F04152
:10C5F000984616460F46069D04F06AFB041E2CD092
:10C6000032B239B208F0FDF82AB220460FFA88F1AA
:10C6100008F016F912490022204608F041FA01F00C
:10C6200029FE00220146204608F02EFA002220466C
:10C63000042108F015FA172D01DA002100E002218B
:10C640002046002208F011FA0421204604F086FF5B
:10C650001221204605F04EFC2046BDE8F081000086
:10C6600058AE03082DE9FC41144688460646D80713
:10C6700029D004F1080001250746002206F1140123
:10C68000F0F7FEF958B100206A4612218DF800003B
:10C690003046019703F016F99DF8000098B16089C3
:10C6A000218A0844401EE081B4F90E10B4F9060056
:10C6B000814200DDE08102B02A4621464046BDE8C5
:10C6C000F04102F05FBA0025EEE72DE9F04188B0B5
:10C6D0001D461646074688460846F0F730FF02A971
:10C6E0000446404606F07CF8224602A8114601F0B6
:10C6F000EEFB022E05D0012E29D0002008B0BDE8A7
:10C70000F081DDE9020100231A46CDE9040104A904
:10C71000404606F0E6FEB96804AA6846F0F787F9D5
:10C720000028EBD0DDE9000101230022CDE906015C
:10C7300006A9404606F0D5FE06A902AA0846F0F76B
:10C7400076F90028DAD006982860079809E0B968D9
:10C7500002AA6846F0F76BF90028CFD0009828604D
:10C76000019868600120C9E72DE9F04F2DED048B99
:10C770000D460446D1B0284691F80816F6F7CCFCD1
:10C78000074695F88C0694F8DC110728009100D331
:10C7900000204FF0000B84F8DCB1594600EB40025A
:10C7A00084F8EDB102EB001005EBC00000F1980831
:10C7B000A06C11F0EAFB606C002111F0E6FBA06CAC
:10C7C0000022FF2108F02CF9A06C0022022108F0C1
:10C7D00038F90026002104EB8609D9F8080011F089
:10C7E000D4FBD9F82800002111F0CFFB761C072ECE
:10C7F000F0D395F8080688B995F8C10470B995F892
:10C80000C20458B995F89C0640B995F8CC0428B9EB
:10C8100095F8920610B195F8930618B984F8ECB122
:10C82000A4F8DEB1F7B395F88DA6052F01D8002046
:10C8300003E0791F8A4501D9781F824684F8ED719B
:10C840004FF0000984F8EEA13AE00096A02195F897
:10C85000083607A82A46F6F7A7FD95F88E366FF03A
:10C860007F41FD4A9E4202D14FF0010C01E04FF0A2
:10C87000000C4FF01E08CDE905120DF1080E204600
:10C8800007AB26218EE80818FC2601EB4913494620
:10C890000C22CDE9006811F0A7FB00220A2104EB6D
:10C8A000890600E011E0B06808F0DAF8B06800220C
:10C8B000072108F0DAF809F10109B9F1050F4AD2A8
:10C8C0000AEB0906BE42C0D345E095F8080604F21B
:10C8D000422704F2E22A4FF00109072804F2C2417C
:10C8E0002F9178D00DDC04F282313191F0B302281F
:10C8F00072D0052804F2026130916ED0062806D16C
:10C90000F7E30828EDD00C2868D0102867D000265F
:10C910004FF0170924276FF07F484FF4807ACE49F3
:10C9200006EB860CCDF80CB0CDE904B804EB4C1046
:10C93000CDF800A000F2422006910C223146CDE94C
:10C94000019006EB460007EBC003204611F04CFBBC
:10C95000761C072EE3D395F8080605280BD0A06CAB
:10C960003022102107F04DFFA02200E00BE0A06C68
:10C97000F82107F065FF206806F0D6FF51B0BDEC46
:10C98000048BBDE8F08F00984E4684F8DC910128B6
:10C9900034D194F8DD0195F88E2690422ED095F88A
:10C9A000C11459BB95F8C21441BB95F89C1629BB1C
:10C9B00095F8CC1411BB95F89216F9B195F8931629
:10C9C000E1B10321401CB0FBF1F301FB13009042E5
:10C9D00006D11C2006E0EAE253E344E25AE0A5E275
:10C9E0006FF01B00A4F8E001A4F8DE0108F0B0FE2F
:10C9F000C4F8E401C4F8E80184F8EC61032095F878
:10CA00008E265E46DFF854B24FF4807AB2FBF0F126
:10CA1000DFF844924FF01608232300FB112284F81C
:10CA2000DD210C22CDF800A00021CDE9046BCDF86A
:10CA3000189020460396CDE9018711F0D5FA6FF0E2
:10CA40007F41CDF818900396CDE9046195F88E06E4
:10CA5000E0B101281CD082A102911A20BE229A23A3
:10CA6000CDE9002050222046012111F0BDFACDE988
:10CA7000046B3198BA23CDF818900C22039602214A
:10CA8000CDF800A0CDE9018020468FE278A1E3E750
:10CA900079A1E1E795F88F76052F00D3002795F867
:10CAA00061962846F8F7B1FE0290032084F8DC0175
:10CAB00095F85006484503D3A0EB0900C1B200E049
:10CAC000FF214FF0FF3205F59A602F90A4F8F02176
:10CAD0005FF0000684F8EF11502106EB860004EBAE
:10CAE000001A0AF14C000190E4F7FCF8029909EBF6
:10CAF0000600884215D2C1B22846F8F794FE604A73
:10CB000001460090019852F8213028215DA2E3F7F8
:10CB1000B9FD009B28212F9A0AF17400F6F70EFE4A
:10CB20000CE00BD1019858A24FF02801E3F7AAFDC1
:10CB300028210AF1740058A2E3F7A4FD761C052E03
:10CB4000CAD304AA554E6FF07F415846CDF80CB0B9
:10CB5000012F82E843007DD0494850F8270000BFEC
:10CB600018214FF0E00ACDF800A03B23CDE90110D9
:10CB70001C222046002111F037FA3B204FF0020919
:10CB8000CDE9000ACDF808901C23444904F2127242
:10CB9000A068F6F7B8FF2F9AA02107A83B46F6F742
:10CBA000CDFD0DF1100C3E4B00204FF0DC0B6FF073
:10CBB0007F41CDF800B0039007AA8CE80B00262631
:10CBC0002046CDE9016260231E22012111F00CFAFA
:10CBD0006022CDF80890CDE9002B31491E23E06892
:10CBE00004F2B272F6F78FFF95F8DC0404287DD0CA
:10CBF00003287BD0002040A9814608F13C068846E6
:10CC0000442231462FA8E4F711F8B9F1000F0FD0F4
:10CC100096ED050A8DED300A96ED060A8DED310A86
:10CC200096ED070A8DED320A96ED080A8DED330A6E
:10CC3000442240462FA9E3F7F9FFF7EE009A05F5E5
:10CC400080664FF07E5837B1012F75D0022F72D019
:10CC5000032F27E05EE061E058AE0308AAAAAA000D
:10CC6000E69CACE59CB0E68EA7E588B60000000027
:10CC7000E794B5E69CBA0000E8AF8AE696AD0000FE
:10CC8000CC0A030825730000E9A284E8A788E5B967
:10CC9000B6E689A7E8A18C003E000000846B04087A
:10CCA0006479040861D0D5F80405DDED4F0A9DEDE7
:10CCB000501A00EE100AF8EE608AB8EE418AB8EE1B
:10CCC000409A00BF19EE100AEFF7F8FB90B318EE88
:10CCD000900AEFF7F3FB68B318EE100AEFF7EEFBDC
:10CCE00040B3B4EEE88AF1EE10FA00E014E064DD3F
:10CCF000012F41D079EE680A38EE681A80EE810A79
:10CD0000DFEDFD0AB5EEC00AF1EE10FA3DD2B0EE4D
:10CD1000600A40E0F9A023E701206CE79DED430A9B
:10CD2000F8F7B8FEB0EE408A96ED3C0AF1EE488A7C
:10CD30000FE001E041E011E09DED440AF8F7AAFEA2
:10CD4000B0EE408A18EE100A96ED3D0A404569FEA5
:10CD5000888AF8F79FFEB0EE409AB3E796ED3E9AC8
:10CD6000DDED498A9DED4A8AACE796ED3F9ADDED0F
:10CD70004B8A9DED4C8AA5E7B0EE481AF0EE680AA2
:10CD8000B0EE490AF6F7EEFEBAE710EE100A40459B
:10CD900001DDB0EE690ADFEDDD1A9FEDDD1A012F2E
:10CDA000B6EE002A00EE211A02FE200A31EE000A39
:10CDB000BDEEC00A10EE100A14E019EE100AEFF7EB
:10CDC0007DFB88B118EE900AEFF778FB60B1B4EE06
:10CDD000688AF1EE10FA07D1B4EE689AF1EE10FA13
:10CDE00002D18C20A4F8F001CA480026CA496FF08D
:10CDF0007F4903964FF0140B04969E23CDE90590CE
:10CE000051F827200221CDF800A0D0462046CDE9D8
:10CE100001B21C2211F0E8F89E21CDE9001802278A
:10CE20000297BC491C23206904F65202F6F76BFEF8
:10CE3000B84A0FF2E82C0396B82304960321CDE9F3
:10CE400005928DE800191C22204611F0CDF8B8217A
:10CE50000297CDE90018AF491C23606904F6F2027D
:10CE6000F6F751FE77E595F8482629462046F6F76D
:10CE700089FDA06C2622102107F0C3FCA06CAA2219
:10CE8000F82107F0DDFCDFF8A4A200266FF07F4850
:10CE90005F461623E82106EB8602CDE9001304EB7A
:10CEA000421202F2422206EB46010DF1100BCDE9CF
:10CEB000022701EBC6012C2000EB410331468BE831
:10CEC00080051822204611F08FF8761C062EE0D33C
:10CED000CDE90379CDE9058A309E1823E8208DE855
:10CEE0004900B32320461822062111F07DF895F859
:10CEF00096060028B6D0D5F88076002FB2D04FF431
:10CF00004876B74200D93746606CCC22182107F02A
:10CF100078FCE8204743B7FBF6F001B2606C07F0FD
:10CF2000D3FD606C012111F030F814E595F8492625
:10CF300029462046F6F726FD7DA203927DA2DFF862
:10CF4000EC81E027CDF810B01E210097CDE9011249
:10CF50006FF07F46204642231C220021CDE9056860
:10CF600011F042F895F86E06F8F79CFD2C22CDF8EA
:10CF70000CB000975946CDE9012004A86F231C226C
:10CF800080E842010121204611F02EF86DA24FF0F9
:10CF9000190C6DA3CDF810902046CDE90232AE23D6
:10CFA0001C22CDE9007C0221CDE9056800E20B22BC
:10CFB00029462046F6F7E6FC6FF07F405E46DFF834
:10CFC0006C813923CDF80CB04FF0E40BCDE904604F
:10CFD0001820CDF800B0CDF818801A22CDE901074D
:10CFE0000021204611F000F86FF07F40CDF800B02E
:10CFF0001727CDF8188003965723CDE904601A222D
:10D0000020460121CDE9017A10F0EEFF6FF07F415B
:10D01000CDF800B004F22240CDF8188003967423B6
:10D02000CDE90461CDE901701A222046022110F0F9
:10D03000DBFF2F9B1A22039620460496CDF800B002
:10D04000CDE9017342499123CDE90518032110F080
:10D05000CBFF2846F8F7F9FB08B13EA000E042A05C
:10D06000CDF800B01823CDF8188003AFCDE901301A
:10D070006FF07F4C2046AF231A2287E8401204212C
:10D0800096E11721DFF8A4A00DF1100C58464FF4DB
:10D090008076CDE9027BCDE900616FF07F498CE8B5
:10D0A0000106232320460C22002110F09DFF98F852
:10D0B000020010B198F80100E0B198ED060AF8F707
:10D0C000E9FC2DA0009098F80120A02107A81346A4
:10D0D000F7F74CFB294A07A9CDF80CB02427CDF867
:10D0E00010B040230096CDE905920C22CDE90171E4
:10D0F00071E095E044E0000000000000E8BE93E528
:10D1000087BAE8BDB4E9809FE5BAA60000004A43AB
:10D1100000001C4208580408A00B0308E4BB85E487
:10D12000BFAEE694B9E88D89E7A8BF0058AE030802
:10D13000EF81B100E6938DE4BD9CE69CAAE68F905A
:10D14000E4BAA400EF819300E8BF94E59B9E000041
:10D15000AAAAAA00E8BF9BE585A5E68EA7E588B642
:10D16000E6A380E69FA50000E5B7B2E8AFBBE8BF45
:10D1700094E59B9E00000000C2B00000CC4E040865
:10D1800098ED060AF8F786FC10EE100A6FEAD05008
:10D1900010F0FF0F0CD0B7EEC00AD8F81000A02195
:10D1A000029085A207A88DED000BE3F76BFA04E06F
:10D1B000A02187A207A8E3F765FA0DF110088B4AB2
:10D1C00007AF5846CDE9027B222188E805044023B9
:10D1D0000C22CDE900610121204610F005FF022755
:10D1E000B0461726CDF80CB007EB870CCDF818A089
:10D1F000CDE904B904EB4C10CDF8008000F24220D8
:10D2000007EB47010C22CDE901603B2000EBC10395
:10D210003946204610F0E8FE7F1C062FE2D321E6B7
:10D220002846F7F719FE411E062900D900210028DB
:10D2300001EB410202EB011005EBC00606F1980676
:10D240000CD0B07850B196ED060AF8F723FC10EE3A
:10D25000100AEFF733F908B1012000E000204FF089
:10D2600000086FF07F413290614A15204FF4807BB7
:10D27000CDF80C80CDE90481CDF800B023230692CF
:10D280000C22CDE901074146204610F0ADFE0DF11C
:10D29000100C574A6FF07F414046CDF800B0172779
:10D2A000CDF80C803A238CE807000C22204601219F
:10D2B000CDE9017A10F098FEDFF830A152234C4AF4
:10D2C000204606920C22CDF80C80CDE9048A3199D3
:10D2D000CDF800B0CDE90171022110F085FE96ED88
:10D2E000060AF8F7D7FBAFF270100090A021329B2E
:10D2F00007A81A46F7F73AFA6FF07F423D4907AFA1
:10D30000CDF80C8006916A23CDE904822222CDF863
:10D3100000B0CDE901270C222046032110F064FE65
:10D32000329860B130690090707808B132A300E0A3
:10D3300037A3A0213CA207A8E3F7A4F904E0A021A9
:10D340003CA207A8E3F79EF93A46DFF8A48000263E
:10D35000CDF800B01521CDF8188003968C23CDE9C7
:10D3600001120C225F4606212046CDE9046A10F026
:10D370003BFE6FF07F42CDE90528CDE903692F9888
:10D380001A2300970C220421CDE90130A323204663
:10D3900010F02AFE30981523CDF818800C22009743
:10D3A00005210396CDE90130BE232046CDE9046A6C
:10D3B00010F01AFE56E50000E4B88AE6ACA120257C
:10D3C0002E3166C2B0202F20256C756D73000000D1
:10D3D000E4BD8DE7BDAE202D2D202F20E58F8DE9FA
:10D3E000A688E697A0E6958800000000AAAAAA00F1
:10D3F00058AE0308CC4E0408E8BE93E587BAE8BDF2
:10D40000B4E5BD93E5898DE4BD8DE7BDAE000000B8
:10D41000E4B88AE6ACA1E8BE93E587BAE8BDB4E417
:10D42000BD8DE7BDAE0000002573202F20256C7553
:10D430006D730000E8BE93E587BAE8BDB4E4BD8D26
:10D44000E7BDAEE69CAAE79FA500000070B50446C4
:10D4500005F040F90025064606E0A068006850F88F
:10D460002500FFF7F3FF6D1CB542F6D3608CC107B2
:10D470001AD020F001006084204606F039FD2046D5
:10D4800006F053FC86B10021204605F000FF58B19C
:10D490000C494968884207D80B49096801EBC0006C
:10D4A00050E9022120469047608C810708D520F082
:10D4B000020060842046BDE87040002106F079BB80
:10D4C00070BD00004C020124D80201242DE9F04176
:10D4D000C0B000F0A2FB5E494A7D12B111F032FEED
:10D4E000B3E000240C75884659495A4810390C732A
:10D4F0001421047044703BA8E3F7F4FBB8210AA898
:10D50000E3F7F0FB2421389401A839943A94E3F727
:10D51000E9FB5148016841F00101016000683BAA44
:10D52000032100F001000090202082E813004B4806
:10D530003BA9E8F76BFF022000224FF400210A917B
:10D540001023CDE90B20CDE90D30C0250F901090B0
:10D550000AA8CDE9115413943294EAF71FFA28B1BE
:10D56000D8F80010491CC8F800106EE03A48083896
:10D57000016841F020010160006800F02000009087
:10D5800035486038016841F020010160BFF34F8FDA
:10D59000016821F0200101602D4870218038E3F7F7
:10D5A000A1FB2B4804212E4D0823803840F2FF7C3C
:10D5B0004FF4E012012605600727C0E90441C0E9E5
:10D5C0000123047606234476C66180F820408462F5
:10D5D000C4620463C463046480F8444001A8214A1F
:10D5E0003894CDE9051480E88C1019488DF8254051
:10D5F0008038E6F76FFE08BB154838A98038E6F793
:10D6000085F9D8B9124801A98038E6F713FAA8B904
:10D61000F6F7C2FD90B11C2028601220E9F7ACF8A3
:10D62000002208211220E9F7D3F8012088F81460BD
:10D6300011F088FD012040B0BDE8F081D8F800105D
:10D64000491CC8F80010FEF7A3F90020F3E700001A
:10D65000EC9E0224EC010124E04402580000025830
:10D66000002002400000B84F1D482DE9F0411B4D3D
:10D670000068A84204D0BDE8F0411220E9F77CB868
:10D68000174C2F688034207D88B1607D78B1F80612
:10D6900013D4E8F7CFFF134E7168401A322810D325
:10D6A000A068401CA060BDE8F041FEF771B9206998
:10D6B0001C21401C20612960DDE7E068401CE0601F
:10D6C000F1E768683840C0F3800070700448E6F7FE
:10D6D000B9FC00207070BDE8F0810000002002401D
:10D6E0006C9E0224EC01012470B50C00054619D093
:10D6F00000F093FA0C4E0146D6E91D30326FF66FFA
:10D70000C4E90023084AC4E902068032127D12B13E
:10D71000281A322801DB00202073BDE8704008463B
:10D7200011F010BD70BD00006C9E022470B505465E
:10D7300000F073FA174C0646207D28B31648617D29
:10D7400039B14068281A32281ED3A068401CA06056
:10D7500014E0017819B14168691A052914D34560AC
:10D760000121017012206175E9F706F80948803837
:10D77000E6F706FF40B16068401C6060FEF708F9FC
:10D7800004488038E6F7C0FF3046BDE8704011F02D
:10D79000D9BC0000EC9E0224EC0101242DE9F843E1
:10D7A000984615460C46814600F04BFA0746194844
:10D7B00000260078022821D117480078F0B12A46C7
:10D7C0002146484600F007FAC0B1B4F1105F15D306
:10D7D0001248844212D205F11F01001B21F01F02E2
:10D7E000214682420AD80B482B460A464946503801
:10D7F000CDF8008000F058F9064604E0054850389E
:10D80000416A491C4162384611F0A4FC3046BDE82B
:10D81000F8830000309E0224D401012400800024FB
:10D820002DE9F041194C207818B3194A0126194DF9
:10D8300010686B6C11690707526A6361667101D5E4
:10D840004B0707D4430701D5890703D4C00715D078
:10D85000100613D50F4810225030C16A491CC0E988
:10D860000B12E8F7E7FE696C02460A4800F070F90F
:10D8700008E0BDE8F0410B20E8F77EBF05487838A6
:10D88000E7F7AAF800206071BDE8F081D401012417
:10D8900000000240E09D022470B504001DD000F09D
:10D8A000D0F90E493C2205462046E3F7BFF90B4963
:10D8B0002422201D3439E3F7B9F908485038017E95
:10D8C0006170416C6163007E00B1012084F8380012
:10D8D0002846BDE8704011F03DBC70BD309E02246A
:10D8E0002DE9FF47214A8946804601AB07CA83E8F4
:10D8F000070000F0A6F905461D48007E18B128462D
:10D9000011F028FC1CE01B4C207820B1002010F006
:10D9100039FE0028F3D000252570FDF79FFC00207C
:10D9200010F0F2FAFDF702FD114E503618B1607892
:10D93000012748B110E0B06A0321401CB062317089
:10D94000002004B0BDE8F0870B4B0022084801A975
:10D95000009500F00CF967700320C4E90289277074
:10D960002571357011F0F6FB0120EAE7640A03081F
:10D97000E09D0224D401012449EF020870B5064657
:10D9800000F05FF905460F480078A8B10E4C2078EA
:10D99000012802D1304610F049FA0B483146503880
:10D9A00000F0FCF808485038007E022804D103201B
:10D9B0002070002010F0A8FA2846BDE8704011F051
:10D9C000C9BB0000D4010124309E022470B51A4C5A
:10D9D0002078B0B119491A4D486910F4587F15D014
:10D9E00005F1500100F45872C86A401CC1E90B02ED
:10D9F000E8F720FE696C02462846BDE8704000F05A
:10DA0000A7B8BDE870402320E8F7B6BE6A6C626133
:10DA10002A7E012A05D109690140080701D50120A4
:10DA200000E000202071074801216171EBF74CF9FB
:10DA300000202071607170BDD401012400300140CC
:10DA4000E09D0224E09C02242DE9F041074600F00D
:10DA5000F8F8124C0546207830B1114E307818B9DC
:10DA6000A6F15000007E28B1284611F073FB00207B
:10DA7000BDE8F0810B4800224FF40061E8F7D4FDC7
:10DA8000002010F041FA0020A070E0700121276111
:10DA90002846317011F05EFB0120E9E7D401012432
:10DAA000309E0224000402582DE9F84304001D466C
:10DAB00016468846089F02D0207EA8B902E00020C2
:10DAC000BDE8F883206878B1606868B1A06858B193
:10DAD0001A463146404600F07EF828B1606C0121BC
:10DAE000401C606404D004E0606A401C6062E6E7A9
:10DAF00061640023A764626CE0692664E564401CED
:10DB000063762B4621764146E06100923246D4F896
:10DB100000C0E068E04720B903213A4620460FF0F4
:10DB2000ACFA0120CCE7002808D0037E012B02D1FB
:10DB3000436C8B4203D0416B491C41637047816C3D
:10DB4000511A322901D3022100E000210FF095BAC9
:10DB5000002808D0037E012B02D1436C8B4203D0F6
:10DB6000416B491C4163704703210FF086BA2DE9D0
:10DB7000F04104001E4617460D46DDF818800BD014
:10DB80005021E3F7AFF81DB195E8070084E80700DE
:10DB9000C4F81480C4E90376BDE8F081002819D0E8
:10DBA000027E022A09D0012A14D1826C8A1A322AF2
:10DBB00010D30A4602210FF060BA427E42B9826C4D
:10DBC0008A1A322A04D3826A02234376521C826262
:10DBD00011F05EBA704710B5E8B1E1B1C9061AD1CB
:10DBE000CAB1B2F5525F16D8048881888C4212D827
:10DBF0004388C08883420ED8B1F58C7F0BD2F028C1
:10DC000009D2091BC01A401C491C414348008242EA
:10DC100001D1012010BD002010BD4FF0E02010B553
:10DC2000D0F8000110F4802F01D0012400E000247E
:10DC30001220E8F7AEFDBFF34F8FBFF36F8F204682
:10DC400010BD0B2010B5EEF740FC04462320EEF784
:10DC50003CFC44EA40040B20E8F79BFD2320E8F756
:10DC600098FDBFF34F8FBFF36F8F204610BD0000AC
:10DC70002DE9F0410026884607461448EFF781FB5E
:10DC800004461DE011482146EFF78DFB054620684C
:10DC9000B84200D09FB96168414502D0B8F1000F89
:10DCA0000DD10A482146EFF707FC216909B120464A
:10DCB0008847204603F098FDF4F7A2FD01262C4684
:10DCC000002CDFD13046BDE8F081000044B90224C9
:10DCD00070B50C4605460948EFF753FB0BE00168A9
:10DCE000A94204D14168A14207D0002C05D00146C9
:10DCF0000248EFF758FB0028F1D170BD44B9022467
:10DD000070B54421044603F039FE09484FF4FA7512
:10DD1000E061002194F84230642221620120C4E9CC
:10DD20000A25A4F8400043F0010184F8421070BDB8
:10DD300069DD010838B5044600234FF4806500957D
:10DD4000D4E90B20194603F09FFC002140F2B633C2
:10DD50004FF46172009500F0E2F8226AA16A891A14
:10DD6000414302EBA12038BD38B5044600234FF4EF
:10DD700080600090D4E90B20194603F085FC226AEC
:10DD8000A16A891A414302EBA12038BD8B1A002BEE
:10DD900000DC531A4FF47A714B43B3FBF0F00028C8
:10DDA00000D101207047000070B54168054611B1EF
:10DDB0002868FFF75DFF1B48EFF775FB1A4E10B19F
:10DDC00007F0C6FC70601748EFF700FB040024D092
:10DDD0004422294603F048FD2868A84200D1246067
:10DDE000717894F8420061F3820084F84200C10720
:10DDF0000FD0616939B120468847226AA16A02447E
:10DE000022620844A06262681AB1206808B1216ADF
:10DE10009047F4F7F5FC204670BDF6F701FE0020B0
:10DE200070BD000044B90224C00201240A880280A7
:10DE30004A8842808A888280C988C18070470A885F
:10DE400002804A8842808A888280C988C18070475F
:10DE50000A8802804A8842808A888280C988C18074
:10DE600070470A8802804A8842808A888280C988EE
:10DE7000C18070470A8802804A8842808A888280EE
:10DE8000C988C18070470A8802804A8842808A888F
:10DE90008280C988C180704710B5B0F90410B0F90C
:10DEA0000020B0F90630B0F90240881A401C191B56
:10DEB000491C484310BD81880088081A401C00B2E4
:10DEC000704781880088081A401C00B2704770B5FE
:10DED0000388848846885B1AC5880C440380B11A7D
:10DEE00084802A444180C28070BD70B503888488D4
:10DEF00046880B44C5880C440380B11884802A44AA
:10DF00004180C28070BD10B5029C01804280838038
:10DF1000C48010BD4288491E1144C1807047F0B5CD
:10DF2000C0F5806400FB00F604FB04F5B70ADDF8D9
:10DF300014C0AD0A05FB04F67C43454347435543F3
:10DF4000B00A5C434843BA0A05EB4503810A180D41
:10DF500002FB0CF204EB4403014401EB135000EB11
:10DF60009220F0BDF0B54FF4FA660446C1F341309B
:10DF70004FF06405771001280BD121F4C040B04266
:10DF800007DCB84201DDC0F57A70584390FBF5F02C
:10DF900001B2C2F3413001280BD122F4C040B0429B
:10DFA00007DCB84201DDC0F57A70584390FBF5F00C
:10DFB00002B2944201DA204600E01046884201DABB
:10DFC0000846F0BD944201DA2046F0BD1046F0BD8F
:10DFD000F0B54FF4FA660446C1F341304FF06405E2
:10DFE000771001280BD121F4C040B04207DCB842C1
:10DFF00001DDC0F57A70584390FBF5F001B2C2F331
:10E00000413001280BD122F4C040B04207DCB842B5
:10E0100001DDC0F57A70584390FBF5F002B29442EE
:10E0200001DA204600E01046884201DA0846F0BDD9
:10E03000944201DA2046F0BD1046F0BD00221146A0
:10E04000104608B500F055F80090BDF8000008BD76
:10E0500000221146104608B500F077F80090BDF890
:10E06000000008BD00221146104608B500F083F8F4
:10E070000090BDF8000008BD00221146104608B50A
:10E0800000F0A5F80090BDF8000008BD07B58107B5
:10E09000BDF8043002D0521E20F8023BBDF8041037
:10E0A00001EB014109E0016041608160C1600161F3
:10E0B00041618161C1612030103A102AF3D802E039
:10E0C000521E20F8023B002AFAD10EBDF82101EAC7
:10E0D000104108B5C0F3423200F4E053114300F0A0
:10E0E000F80041EAC30141EA4010ADF8000080B2F7
:10E0F00008BD38B54C09C508BDF80030D2088908FC
:10E1000064F3020398B265F3C70080B262F30C2097
:10E1100080B261F34F30ADF8000080B238BD38B541
:10E120004C09C508BDF80030D208890864F3020321
:10E1300098B265F3C70080B262F30C2080B261F33D
:10E140004F30ADF8000080B238BD38B54C09C50875
:10E15000BDF80030D208890864F3020398B265F371
:10E16000C70080B262F30C2080B261F34F30ADF88B
:10E17000000080B238BD38B54C09C508BDF8003084
:10E18000D208890864F3020398B265F3C70080B22D
:10E1900062F30C2080B261F34F30ADF8000080B222
:10E1A00038BD38B54C09C508BDF80030D20889081B
:10E1B00064F3020398B265F3C70080B262F30C20E7
:10E1C00080B261F34F30ADF8000080B238BD38B591
:10E1D0004C09C508BDF80030D208890864F3020371
:10E1E00098B265F3C70080B262F30C2080B261F38D
:10E1F0004F30ADF8000080B238BD38B54C09C508C5
:10E20000BDF80030D208890864F3020398B265F3C0
:10E21000C70080B262F30C2080B261F34F30ADF8DA
:10E22000000080B238BD000038B584B2104B88B20F
:10E230002502010241EA102045EA1424A1B280B26D
:10E24000121D41EA014140EA004019401840D2083D
:10E25000091A514300EB5110184040EA104080B2B7
:10E26000010241EA1020ADF8000080B238BD000084
:10E270001FF8E007FF221146104608B5FFF739FFE7
:10E280000090BDF8000008BDFF221146104608B5F9
:10E29000FFF771FF0090BDF8000008BD2DE9F041C7
:10E2A0001E4617460D4604461C2103F067FBC4E9D1
:10E2B0000057C4E90256BDE8F0810000F8B55021CE
:10E2C000044603F05BFB20694FF4A0732380F02524
:10E2D00065804FF0FF32A28020F04000E2800021F4
:10E2E0008226218140F008006181582166F3D01018
:10E2F00020614EF20700ADF800000090BDF800006C
:10E30000208702482064C4E91101F8BDB5F2010874
:10E31000F8B505464948EFF759F8040024D0E86BF2
:10E3200048B9A86C03F0CEF906001DD02A6C01464E
:10E3300028469047EE634FF4B471204603F01EFB6D
:10E34000012025600821C4F8540104F5AC70EFF7F2
:10E3500035F83B4E14213B482246F768F46007F03D
:10E360000BFA606018B107E0F6F75AFB5EE0F6F7CB
:10E3700057FB6068002856D0286981070AD529888C
:10E380006A88EB6811FB02F1DA68914202D920F049
:10E3900002002861BDF8002007201F2160F302025F
:10E3A00092B261F3C70292B261F30C2291B260F3B0
:10E3B0004F31ADF8001088B20090BDF80000009019
:10E3C000BDF800006085FF2084F82900002003F0DC
:10E3D00021FE2061002003F01DFEE061002003F01B
:10E3E00019FE194D00212062E0692A4605F0E9FF77
:10E3F000206A00212A4605F0E4FFE069022103F0CB
:10E4000079FD206A022103F075FDE069002106F024
:10E4100003FA206A002106F0FFF9206905F084FA6A
:10E42000F7602FB105E0204603F0DEF90020F8BDCB
:10E43000F460606807F075FA2046F8BD20B9022440
:10E44000A8020124CDCC0008FFFF0F00C268002104
:10E450001161C068416170470148C06870470000A1
:10E46000A802012410B90548C06820B100680069FD
:10E47000C0F3C9107047822070470000A802012431
:10E480000068C0687047000018B90948C0680028D3
:10E4900009D00068017CC1F30111012904D00329CE
:10E4A00002D0B0F900007047B0F9020070470000D8
:10E4B000A802012410B518B9FFF7CEFF002800D03C
:10E4C000006A10BD10B518B9FFF7C6FF002800D0CC
:10E4D000C06910BD10B518B9FFF7BEFF002800D005
:10E4E000006910BD10B518B9FFF7B6FF002800D0BD
:10E4F000406910BD10B508B9FFF7AEFF806810BDC8
:10E5000018B90948C068002809D00068017CC1F327
:10E510000111012904D0032902D0B0F9020070478B
:10E52000B0F9000070470000A802012410B518B926
:10E53000FFF792FF002804D0D0F85401002801DD35
:10E54000012010BD002010BD08B500210B460A4671
:10E55000009106F093FD08BD2DE9F0411D0017461E
:10E560000E4604461AD0F07A02281AD9D4F81CC0F4
:10E57000BCF1000F03D02046E047012811D02B4604
:10E580003A4631462046F9F74FFC012809D006A249
:10E5900039462046BDE8F0410FF0FFBC02A23946E3
:10E5A000F8E7BDE8F08100004E6F0A646174610015
:10E5B00038B58469049D002C01D00095A04738BD72
:10E5C00038B51821044603F0D9F900221146104647
:10E5D000FFF7A5FD0090FF22BDF80000511C009040
:10E5E000BDF8000020810120E2726180207538BDF5
:10E5F000704700002DE9FF4FB5B0887E1E46924659
:10E6000002280C46429F7CD92068002879D0359892
:10E61000006A002875D0202223A8E2F707FB2068B3
:10E62000002E04906DD0307800286AD0359851467D
:10E6300082682DA8EEF7FBF9002862D0207FB0F1A8
:10E64000000B01D14FF0010B607F810707D4BAF8AE
:10E650000410BAF80000081A401C03B20FE0B4F925
:10E66000121041F6FF7200913146CDE90120B4F954
:10E67000143006A8226807F03DFBBDF918304FF0B2
:10E68000000504984FF0FF32BAF80010B4F912C038
:10E69000B0F90890ADF80C10BAF802100CEB0900B4
:10E6A0000C90ADF80E10B4F91800B4F916C001447E
:10E6B000CDF8B0C0ADF80E10FFB1F0B9BAF9020054
:10E6C00000281ADAD7F808C0ACEB0001002901DCF9
:10E6D000A0EB0C010C984FF4806C40420CEB400016
:10E6E000814200DD3A603868002806DBBA880546BA
:10E6F000BDF80E108818ADF80E00607F00212F9332
:10E7000000E0A5E0CDE90010B4F9142070190499D7
:10E71000EFF754F900EB050829E0617F00202F9BFB
:10E72000CDE90001B4F9142006EB08000499EFF7D5
:10E7300045F94546BDF80E1000EB05080C98084455
:10E7400000B2ADF80E007FB110F5806F0CDB3868B9
:10E75000002809DA3D60BDF90E10BAF90200081A66
:10E760007860BAF90200B860705D002870D0359802
:10E77000BDF90E2002EB09018068B0F90200814268
:10E78000CBDBBBF1020F5846CDF8C0B002D0032856
:10E7900016D029E0607FA8EB050100907019B4F94C
:10E7A0001430049A07F004FB07465046FFF789FB34
:10E7B000C01BBDF80C1000EBD07001EB600011E045
:10E7C000607FA8EB050100907019B4F91430049A29
:10E7D00007F0EEFA07465046FFF773FBBDF80C2032
:10E7E000C01B1044ADF80C00D4E9019BD94502D9F7
:10E7F0004846D9468346A07F800717D011A800F06D
:10E800002FFAA089ADF84400049890F90E0000B9E1
:10E810000120ADF84600A07E8DF84C00A17F9DF848
:10E820004D00C90861F301008DF84D0000200890EB
:10E83000FFF70EFC3290FFF70BFC0F9014A800F0CE
:10E8400045FA208AADF85400BDF90C00319069E119
:10E850006CE100BFBDF80C102C9801447019229097
:10E86000A8EB05002B900027ADF80C100B97B9E032
:10E8700000210791A9F57F42FF3A09D0ABF57F410E
:10E88000FF3905D0AB4A29183046126890470790E7
:10E890000BAB229809AA0AA9EFF778F8607FC007A6
:10E8A0000AD00A98232802D0012F13D004E047B1E0
:10E8B000012F0AD0022F0BD0E068022F0F904DD00D
:10E8C0004EE00B98012708908CE0E068002746E0B6
:10E8D000002787E0202840D10B990898081A0728BC
:10E8E00001D0A08937E0089A694622981044062290
:10E8F000521E10F8013B01F8013BF9D100208DF8C0
:10E9000006009DF80100FBF7DFFE07469DF80000BA
:10E91000FBF7DAFE07EB001007909DF80300FBF70A
:10E92000D3FE07469DF80200FBF7CEFE07EB001072
:10E930000D909DF80500FBF7C7FE07469DF8040003
:10E94000FBF7C2FE07EB0010C2B20D98C1B20798E8
:10E95000C0B2FFF7FAFB0227329043E032980F90E3
:10E960000498DDE9092101F0ABF833904FF6FF7010
:10E97000814522D0834520D0079949451DD359456B
:10E980001BD2BDF80C100C9BADF83410BDF80E0076
:10E990005B1EADF83600339A1844A38A521E194400
:10E9A0001144ADF83810ADF83A000DAA359814A905
:10E9B00000F078F9E089ADF83C0003AABDF83C000E
:10E9C00023A9ADF898000A9B359800F037F93398E1
:10E9D000002807DDA18ABDF80C00014433980844E3
:10E9E000ADF80C002B990B9881423FF641AFA07F08
:10E9F000800723D53198ADF800002068BDF9461096
:10EA0000BDF80E20B0F9080000EBD07301EBD17017
:10EA1000591001EB6000BDF80C101044ADF808105F
:10EA2000ADF8020002ABADF80A0011A9BDF83C0038
:10EA30006A46ADF84400359800F005F9A07FC0079C
:10EA40001FD03198ADF8000020680499BDF80E2061
:10EA50000389408991F90D101A44101A6A46401A28
:10EA6000BDF80C10ADF8081002ABADF8020011A90A
:10EA7000ADF80A00BDF83C00ADF84400359800F050
:10EA8000E2F8617F00202F9BCDE9000106EB080032
:10EA9000B4F9142004990746EEF790FF4546BAF8FA
:10EAA000001000EB05083098ADF80C10022802D0D9
:10EAB000032816D029E0607FA8EB050100903846B6
:10EAC000B4F91430049A07F073F907465046FFF77B
:10EAD000F8F9C01BBDF80C1000EBD07001EB600022
:10EAE00011E0607FA8EB050100903846B4F91430BE
:10EAF000049A07F05DF907465046FFF7E2F9BDF8C2
:10EB00000C10C01B0844ADF80C00BDF80E100C989A
:10EB1000084400B2ADF80E0035998968B1F90610C5
:10EB2000884203DC705D00287FF494AE39B0BDE804
:10EB3000F08F00002C03012438B52021044602F098
:10EB40001DFFFF20A076FFF783FA0090BDF80000BC
:10EB5000A0814FF6FF700A49C4E90010A060FFF7DA
:10EB600077FA0090BDF80000E081052006F03CF83F
:10EB70000090BDF8000020820020E07638BD000043
:10EB8000A8ED0308036C002B00D018477047436CB6
:10EB9000002B00D0184770472DE9F0410546C06BA7
:10EBA00017460E46002824D0E86C02F08BFD0400C6
:10EBB0001CD0E96C02F0E2FEEEF7ACFE29683A46A2
:10EBC00021626968E161A968A16121460068007C51
:10EBD000C0F3801084F824003068206070686060A2
:10EBE0002846EB6B9847050005D007E0F5F718FFBE
:10EBF0000020BDE8F081204602F0F6FD2846F8E747
:10EC000070B50C46054600F015FE206A2860E069E4
:10EC10006860A069A860EEF77DFE006894F8242083
:10EC2000016962F386110161AA6C12B1214628467E
:10EC300090472046BDE8704002F0D6BD30B4046A6B
:10EC4000A44630BC604730B44C88002C06D00C7A07
:10EC5000022C03D9446AA44630BC604730BC7047DC
:10EC600038B50A21044602F089FE01216180FF20A7
:10EC70002072BDF80010002060F3020189B260F339
:10EC8000C70189B260F30C2189B260F34F31ADF84E
:10EC9000001088B20090BDF800000090BDF80000A0
:10ECA000208038BD30B4D38854881B1B5B1C1BB23A
:10ECB000012B09DB938814881B1B5B1C1BB2012BE7
:10ECC00002DB036930BC184730BC704738B53821C7
:10ECD000044602F053FEFFF7D7FA0090BDF800009B
:10ECE00024F8040FFFF7D0FA0090BDF80000608010
:10ECF000FFF7B8F90090FF25BDF80000E080022082
:10ED00002572A072FFF7AEF90090BDF80000608395
:10ED1000FFF7A8F90090BDF800002085E07F04F817
:10ED2000015CA57520F03E0084F826501E30A577C2
:10ED3000024984F832502161E07738BDA8ED03081C
:10ED4000704770B514460D460646F9F7E5FA2246B7
:10ED500029463046BDE87040F9F749BB7CB504460A
:10ED6000087E0D4602280ED9A26868462968EDF78C
:10ED70005EFE002807D0616B09B120468847626DAE
:10ED80002946204690477CBD2DE9F04FCD6887B0DD
:10ED90000C46074615B1207C002872D0207C012843
:10EDA00000D10025786881880088081A401C00B2CC
:10EDB0000690BA6804A82168EDF739FE002860D0F3
:10EDC000EEF7A8FD83460068D7F80080C16951BB03
:10EDD000017C490610D47968BDF91020BDF91230C4
:10EDE000B1F90060B1F90210921B5B1A069901FBA0
:10EDF000032208EB420115E07A684146BDF9123062
:10EE0000BDF91060B2F902C0B2F90080A3EB0C02A8
:10EE1000069BA6EB08065A4302EB420306EB4602AA
:10EE2000194411448846D4F804A05FEA0A0117D0B7
:10EE30002168BDF91030BDF91260B1F804C0B1F914
:10EE40000020B1F90210ACEB020C9A1A0CF1010C83
:10EE50000FFA8CF9731A09FB03220AEB420A01E04C
:10EE60004FF0000935B3007C000710D46069FFF74C
:10EE700013F80146002008E02A5C802A02D9FF220C
:10EE800001E035E000222A54401C8842F4DB60692E
:10EE9000BDF91020BDF912308688B0F90010B0F924
:10EEA0000200761A511A181A761C36B2294406FB4B
:10EEB000001500E0002678684188008849420AB2BF
:10EEC000404201B204A8FFF710F8DBF80000C06967
:10EED000D0B160680028207E0DD001A9CDF8009047
:10EEE000534681E86100069A04A9404607F080FA7B
:10EEF00007B0BDE8F08F8DE86100A36804A9069A09
:10EF00004046FAF7C1FDF3E7607E0028F0D1606863
:10EF10000028207E0BD001A9CDF80090534681E84F
:10EF20006100069A04A9404607F0CEF8E0E78DE8B4
:10EF30006100A36804A9069A4046FAF7E5FBD7E703
:10EF40002DE9F04790461D460A9ADDE90809B5F912
:10EF50000240B5F804C0B2F90230B2F90070B5F958
:10EF6000002003FB09F314FB08F6ACEB020C00EBEA
:10EF700043000CF1010C0FFA8CF301EB460100EB9E
:10EF8000470601EB42074FEA430A0AE05246314680
:10EF9000384602F069FC641C24B207EB480706EB14
:10EFA0004906B5F90600A042F0DABDE8F0872DE980
:10EFB000FF4F9DB00D4614461D98816817A8FEF7B7
:10EFC00059FF2888002618B96888B0F5807F01D0DD
:10EFD000012000E0002016901C210EA802F0CEFCBB
:10EFE000E97A0DF1180A16984FF002088DF85010C2
:10EFF0000028287BCDF838A000F00F008DF85100D4
:10F0000029D12A98042804D00E2809D0142820D009
:10F0100021E0A87AF8B920980EA9CDE90E4012E0B7
:10F020001D98214682686846EDF701FD00280DD045
:10F0300020980F96139411902989ADF840108DF8FF
:10F0400048800E944DE01D98FFF788FE21B0BDE882
:10F05000F08FA87A80B31D9881680888ADF81800F1
:10F060008988ADF81C10091A1D98491C0EB21D990B
:10F0700080684088ADF81A008968C988ADF81E100C
:10F080000B1AA78820885B1CE1880FFA83F9628835
:10F090003F1A7F1C881A401C00B239B2CDE90A1011
:10F0A000EEF738FCFFF7F0F9074606A8FEF7F4FE86
:10F0B000B84218D84F4618E0FFE7A0882188E588B5
:10F0C0006688411A491C209AA81B8DF8488009B20D
:10F0D000401C00B24900CDE90E4201FB0020139410
:10F0E00011900EA9AFE7B7FBF6F706FB07FB4FEA57
:10F0F0004B0002F019FB0890584602F015FB0C90EB
:10F100007F1E11908DF8488008980F902A981597C7
:10F11000BDF81A100428BDF91E00CDF84CA00990C6
:10F1200001EB0700ADF81E0005D1288818B96888E2
:10F13000B0F5807F01D0022000E001208DF848006A
:10F14000AAE006A919A8FEF795FE6088218840422A
:10F1500002B2494209B219A8FEF7C7FE16982A9AC8
:10F16000089900280C980ED0CDE90252CDE9041080
:10F17000DDE90A10209ACDE900010A9B19A91D9822
:10F1800000F037FB0BE0CDE90310CDE901520A98FE
:10F19000009019A82099DDE90A23F5F707FAA87A63
:10F1A000022866D92A89C0F1FF0992B25707C2F333
:10F1B000C406BF0EC2F3042C16FB00F607EB523256
:10F1C0001CFB00FC12FB00F266F30F016CF30F0353
:10F1D0001B9362F31F418E46002148E008981FFAF6
:10F1E0008EF64FEA1E4700EB410001900088ADF813
:10F1F0000C00BDF80C201B98C2F3C408530718FB81
:10F2000009664FEA936808EB5238C2F3042318FBEF
:10F21000097206EBC6171FFA80FCBDF8080007EB61
:10F22000C63613FB09C302EBC21707EBC237C6F39E
:10F23000C45602EBC21CBF0E0CEBC23266F3C70011
:10F2400003EBC31808EBC33367F30200C2F3C256E3
:10F25000C3F3C45266F34F30491C62F30C20ADF87F
:10F26000080080B202900198BDF80820028059453C
:10F27000B4D31D980EA9FFF771FDBDF81E001599B6
:10F28000401CADF81A00014408B20999ADF81E00FF
:10F29000884201DDADF81E10BDF91A1009988142AF
:10F2A0007FF74FAF0C9802F08DFA089802F08AFAB7
:10F2B000CCE6000010B50C465821204602F05EFB5B
:10F2C0000F492C2061610F4921610F4921630F49CA
:10F2D00021620F49A1610F4961620F49A1620F4983
:10F2E00061630F49A1630F49E1630F4921640F492D
:10F2F00061640F49A1640F496165E06410BD0000BD
:10F3000041ED0108C3F7010843ED01080DF50108BF
:10F31000AFEF010823F60108C1F70108F1F7010872
:10F3200041EF010811F4010839F301088BF30108DA
:10F3300007F5010889ED01082DE9F04117460C4653
:10F340000646EEF7E7FA0546F8070ED0A16A6069AF
:10F3500021F0004102F012FBA06A40F00041A162DE
:10F360002868016941F0400107E0A06A20F00041EF
:10F37000A1622868016921F04001016160690834D7
:10F38000C6E90004B460BDE8F081FEB5054600683A
:10F390000C4616460290009820F0E0000090686845
:10F3A00081880088081A0099401C60F3942100911C
:10F3B0006868C1884088081A0099401C60F35F5152
:10F3C0000091A06A002801DA052100E004210098DC
:10F3D00061F304000090206A2860E0696860A06919
:10F3E000A860EEF797FA00686B4694F8242001694C
:10F3F00062F38611016104F1080231462846FFF7E5
:10F40000ABF8284600F016FA684600F07EFEFEBD16
:10F4100070B515460646D0070C4672D1A80742D5EE
:10F42000A06A00F0004000F5C040A0622046FEF750
:10F4300033FDA16A400021F00042824202D960F30C
:10F440001E01A162A06A20F0004002F03BF92146B3
:10F45000606168B9A06A00F0004000F54060A062F9
:10F4600020F0004002F02EF900282146606146D0CD
:10F47000084661886668A36A0268826023F00042D9
:10F48000E660E18123F000412689A089801B401CB1
:10F4900000B292FBF0F200EB400391FBF3F020820C
:10F4A000521062822AE00846096862688160E26060
:10F4B000FEF7F2FC0146A06A490061F31E00A0625B
:10F4C00020F0004002F0FEF86061A16A21F00041E6
:10F4D00002F054FAA06A05F00105616965F3DF7076
:10F4E000A06269B104F10800C6E90010B060EEF74F
:10F4F00011FA0068016965F386110161204670BD4B
:10F50000FFE70020FBE7486902F06EB9F0B597B05D
:10F510001C4607460868002315460E46224601A9E8
:10F5200000F01FFAF0B3BDF80C1000293FD0BDF871
:10F530000A20002A3BD0BDF80E002B88184400B2E8
:10F54000ADF84C00336802446D88B3F808C05B899D
:10F55000ACEB030CBDF8103065446D1AEB1A1DB20C
:10F56000ADF84E50BB68B3F900C062451FDBB3F97C
:10F57000042090421BDCB3F902002944814216DBCF
:10F58000B3F90600854212DC0198214600F0DDF94E
:10F5900000280CD00199097B890708D101AB3146BD
:10F5A00013AA00E005E000903846F9F71BFB17B0FE
:10F5B000F0BD202CFBD3A4F57840FF38F7D0A4F59C
:10F5C00000500C38F3D06A88BDF810402888BDF888
:10F5D0000E302244BDF80C1012B218448B1801B240
:10F5E00018B20090BDF80A00084403B214A8FEF750
:10F5F0008AFC05A8FFF76AFB02208DF817008DF83A
:10F600003E0001218DF84A0014AA8DF82E00B08921
:10F61000ADF832003846ADF8341005A93B6998477B
:10F62000C5E72DE9F0470E46B1F9021096B01C4629
:10F630000029154681467ED0307A02287BD9B5F95B
:10F640000020B4F90000824205D1B5F90230B4F9C6
:10F650000270BB426FD0824200DA104601EBD171DA
:10F66000A0EB6100ADF84400B5F90000B4F900105A
:10F67000B6F90220884200DC084602EBD27100EBAA
:10F680006100ADF84800B5F90210B4F90200B6F90E
:10F690000220814200DA084602EBD271A0EB610041
:10F6A000ADF84600B5F90210B4F90200B6F902202F
:10F6B000814200DD084602EBD27100EB6100ADF83B
:10F6C0004A0011A9D9F808200846EDF7B0F900283A
:10F6D00073D0D9F808A011A9C9F80810B5F902002B
:10F6E000B4F90210884206D123462A4631464846DC
:10F6F000F9F7AEFB0BE0B5F90000B4F90010884251
:10F7000005D123462A4631464846F9F7E9FB707A87
:10F71000010701D440074ED502A8FFF7D7FA308879
:10F7200047F6FF71ADF80C00ADF80810307A8DF88F
:10F730000B00727A00E040E0B6F90210520741F384
:10F7400000004FEA610700F1010818D528886A46D1
:10F75000C01BADF800006888C01BADF80200288807
:10F76000C119A1EB0800ADF804006888C119A1EB2C
:10F770000800ADF8060002A94846FFF793FA707A30
:10F78000000718D520886A46C01BADF800006088C5
:10F79000C01BADF802002088C119A1EB0800ADF82C
:10F7A00004006088C119A1EB0800ADF8060002A9A9
:10F7B0004846FFF777FAC9F808A016B0BDE8F08709
:10F7C000704770B514460D460646F8F7A5FD22466B
:10F7D00029463046F8F70BFE224629463046F8F710
:10F7E000F5FE224629463046BDE87040F9F7BEBC1A
:10F7F00070472DE9FF4F87B09B460400DDE918658F
:10F80000DDE91687DDE914A901D1F5F709F9D4F886
:10F810002CC0BCF1000F0AD0CDE90465CDE9028708
:10F82000CDE900A9DDE908125B462046E0470BB0B0
:10F83000BDE8F08F416B002900D008477047007A7F
:10F8400020F08000704740687047017A15290BD07E
:10F85000142909D0162907D0182905D0172903D053
:10F86000192901D00020704700697047017A0129E9
:10F870001FD002291DD003291BD0042919D0052926
:10F8800017D0062915D0072913D0082911D0092926
:10F890000FD00A290DD00B290BD00C2909D00D2926
:10F8A00007D00E2905D00F2903D0102901D0002040
:10F8B0007047006970470069704700687047C0680A
:10F8C0007047000010B588B0C0B1002300900190CF
:10F8D0008DF808100A4CCDE903329DF8180020F08D
:10F8E00007008DF81800606805906846C4F804D0D9
:10F8F000F9F77AFE0599616008B010BD0120FBE7B9
:10F900002C020124027A132A06D10069B0F90020E2
:10F910008A4200DD1146018070477047092910B501
:10F9200000D120210469FAF711FC002806D0618A71
:10F930006268890B02EBC00001D0002010BD006896
:10F940002168C0F31300084410BD70B504000D46D3
:10F9500001D1F5F765F8626829462046BDE8704098
:10F9600010472DE9F04707009A4690460C4601D112
:10F97000F5F756F80CB9F5F753F84FF000093D4686
:10F980004E46C4F800900FE0D5F800C053464246FA
:10F9900021462846E04730B1A07BC00601D425604F
:10F9A0000CE006B92E466D69002DEDD14EB13568DB
:10F9B0005346424621463046A84726600120BDE80E
:10F9C000F087B8F1200F20D3A8F57841FF391CD07B
:10F9D000A8F500510C3918D0B7F9080000EBD07029
:10F9E0004008E080801CA080C4F800903989218103
:10F9F000A4F80A90A4F80C90A07B20F00F00401C03
:10FA000040F01000A0730020D9E74846A4F8069003
:10FA1000E9E700002DE9F047092A9A460C4681469D
:10FA200049D00027D9F810501146FAF78FFB061E6F
:10FA30003FD0E9684FF0000851B151464846FAF707
:10FA400085FB020004D031464846FAF739FC80466F
:10FA5000298A6868002F00EBC60001FB08F10368E3
:10FA60004FEA21124FEA135102D000BF4FEA410181
:10FA7000114401F108014FEA1111A180417921815E
:10FA80000179E18090F90620628190F90700A08158
:10FA90006A8AA07B4FEA522262F3030020F0100032
:10FAA000A07304D04FF6FF7000EA4100E0804FF0F1
:10FAB0000100BDE8F0874FF001074FF02002B1E7E9
:10FAC0007FB5040015460E4601D1F4F7A9FF2B4679
:10FAD000324669462046FFF744FFBDF8040004B0F3
:10FAE00070BD70B504464068B0B1C268B2B121685B
:10FAF000904705466068408840B1A06830B1C06852
:10FB000008B101F071FEA06801F06EFE00202060D7
:10FB10006060A060284670BD0B2070BD092070BDDC
:10FB200010B504460748EDF72CFC08E0086800789B
:10FB3000A04201D1086810BD0248EDF734FC010075
:10FB4000F4D110BD38B9022410B50446E0F7B5FF72
:10FB500040B1215C2E2907D02F2903D05C2901D088
:10FB6000401EF6D102A010BD2044401C10BD000074
:10FB70000000000010F8011F3A2900D1401C704716
:10FB80002DE9F0410E00174605461FD03078FFF7EB
:10FB9000C7FF04001DD0616809B18847D8B1A068CB
:10FBA000D8B13046FFF7E6FFA36801463A46204643
:10FBB0009847A0B1411C12D0C5E900046088E8B1A3
:10FBC000102001F07FFDA86058B10CE00B20BDE8CB
:10FBD000F0810320FBE70120F9E70920F7E70C207B
:10FBE000F5E7F4F71DFFA868102101F0C7FEAA6829
:10FBF0004FF0FF3148001160A96848600020E6E737
:10FC00007CB51C004FF0000500D02560436853B15F
:10FC10001B6953B1019545686B88002B01AB06D079
:10FC200000F012F80BE00B207CBD09207CBD009396
:10FC3000134600680A462E6901462846B047002C44
:10FC4000F4D0019921607CBD2DE9FC5F0546144686
:10FC50008B4699460027D5E901C0BCF802A0D0E93F
:10FC60000021D0E90260B242804648D88E4246D296
:10FC7000B01A80B2891BAAEB00068E4200D30E4652
:10FC8000B44208EB000106D82246584601F0ECFDCC
:10FC9000C9F8004069E03246584601F0E5FD4FF0F2
:10FCA00000000190544501A8009008D9D5E9001042
:10FCB000A31B0BEB06020769B847074617E0D5E917
:10FCC0000010534642460769B8470746A868A11B7B
:10FCD00043680360AA68019881420344536000D2DC
:10FCE0000846414682B20BEB060001F0BDFD0198CB
:10FCF0003044A04200D20446C9F8004034E05445E4
:10FD00000AD9CDF800902346DCF810605A462968DD
:10FD10006046B047074627E0B8F1000F0AD15046C9
:10FD200001F0D0FCA968C86008B9F4F779FEA868AA
:10FD3000D0F80C80002101A853464246CDE90001CD
:10FD4000D5E900100769B847A96807460E60A8689A
:10FD5000019AB1189442416000D222464146584669
:10FD6000C9F8002001F080FD2FB9A868D9F800106B
:10FD70008268114481603846BDE8FC9FF8B545684B
:10FD80000446E5B1AE69E6B16B880020C3B3D2B1D9
:10FD9000012A21D0022A11D1206813460A460146C1
:10FDA0002846B047002809D1D4E900106A46C36943
:10FDB0009847002802D1A26800999160F8BD0B20F5
:10FDC000F8BD0920F8BDA26891600A46A3681D68C5
:10FDD000A9420CD3596808E0A3689A680A449A605B
:10FDE000A1680B689A4202D349688A42EAD9D4E9E9
:10FDF00000100023846901B0A446BDE8F0406047CC
:10FE0000FFE7206801B013460A4601462846B4467B
:10FE1000BDE8F040604770B506000C4636D0084695
:10FE200000F0F0F83046EDF7ACFA05E00868A042C3
:10FE30002CD03046EDF7B7FA0100F7D1204602F09A
:10FE400003FD40B1A168896829B1C9680968A14268
:10FE500001D100F0C2F8A06810B9204601F07EFE82
:10FE6000A06886603046EDF700FB05000AD03046FA
:10FE70002C60EDF786FAA84208D13046BDE8704004
:10FE800000F0ABB8BDE87040F4F7CABD70BD00002B
:10FE90000C4810B5EDF79AFA04000FD00421EDF7E5
:10FEA0008DFA217F0020E060206121F00301606174
:10FEB00041F00C01A0612046217710BDF4F7B0FDA0
:10FEC000002010BD50B9022410B5084A0446084964
:10FED000FAF77CF86269002A06D0002804D120468F
:10FEE000BDE810400121104710BD0000A7D3000855
:10FEF00083D3000870B5060043D002F0A5FC0400CF
:10FF00003FD0207FC0073CD10021204600F0D7F829
:10FF10002046EDF736FA32E02868B0422BD1E0688F
:10FF200088B10068B0420ED02046FAF7A1F9024627
:10FF3000E0680F210068FFF7C5FC012821D1E068C7
:10FF4000006803F0F1FC002DE5601AD0216909B1C9
:10FF5000204688472046FAF78BF90246E0680E21D2
:10FF60000068FFF7AFFC01280BD1E0680068BDE82E
:10FF7000704003F0D9BC29462046EDF714FA05007D
:10FF8000CAD170BD10B5084A04460849FAF71EF8F0
:10FF90006269002A06D0002804D12046BDE810403E
:10FFA0000021104710BD0000AFD30008B5D30008F2
:10FFB000014800687047000034020124002802D084
:10FFC000007FC0F340007047002803D0C0680028BD
:10FFD00000D000687047EDF7D8B970B50446007FCF
:10FFE00040F00801C0F3C00521774807204602D43D
:10FFF000FFF76AFF01E0FFF7C5FF207F65F3C3004D
:020000040802F0
:10000000207770BD2DE9F041064602F01DFC04008A
:100010003DD0E068002740B30068B04220D1207F87
:10002000C10702D020F0010020772046EDF7A9F9A2
:10003000E16888420FD12046EDF7BCF9E1688842BB
:1000400009D12046FAF714F90246E0680F2100684A
:10005000FFF738FC02E02046FFF7BFFFE06820B161
:10006000E0680068B04200D1E7602046EDF789F90A
:1000700011E028682946B04220460AD1EDF71CFA63
:10008000284601F0B1FBB068002800D08760BDE8C9
:10009000F081EDF788F90500EBD1F8E713B5FFF72C
:1000A00093FF040003D0802103F0E0FA08B101209F
:1000B0001CBD0D21204601AAFFF704FC1CBD70B534
:1000C00004001CD0207FC0F340028A4217D061F3A5
:1000D000410020772046FFF777FF05000FD020462C
:1000E000FAF7C6F80246E0680E210068FFF7EAFB5F
:1000F000012804D12846BDE8704003F015BC70BD4E
:10010000027F61F3C3020277704770470146002007
:100110000F290AD2DFE801F009090909080A080CC9
:100120000E10120C0E10120010207047182070478D
:100130000120704702207047042070470820704754
:10014000811E00200D2909D2DFE801F00708080709
:10015000080707070707070707000120704703285C
:1001600001464FF0000001D0062900D10120704760
:1001700070B54C6A0D46002C12D0287C012802D1A3
:100180002046FFF7AEFCE06808B101F02DFB2069C6
:1001900008B101F029FB204601F026FB002068622F
:1001A00070BD00007FB514460D46084600F0D5FB33
:1001B00020B1012817D0022839D035E02A6802F092
:1001C0001F00001F11282FD22168900A60F394218C
:1001D00021602868400D60F35F512160287860F34A
:1001E000040121602FE02846FFF7AEFC17A1E0F7DD
:1001F000A1FDC8B9022229466846FFF7C1FC68B9CB
:100200000422214603AB6846FFF7FAFC0546684620
:10021000FFF767FC45B90398042805D1207800F062
:100220001F00001F11280ED3002004B070BD2068ED
:10023000012161F39420C0F3140000F5001020F0B8
:100240001F000B3020600120EFE7000062696E00A4
:100250002DE9FF4F804692465AA00F4687B05AA21A
:1002600003685AA104930020126805921EC98DE804
:100270001E00B8F808108AB2D1B2120A08E000BF16
:10028000149C00EB40031D19401CE15400B26A703D
:100290000A9B9842F4DB98F814004FF0000900F034
:1002A0001F00FFF733FF8346D8F814000121002513
:1002B00001FA0BF1491E2C4600F01F022E4689B2AE
:1002C00006910B2A06D00C2A13D00D2A1ED00E2A16
:1002D00030D12BE0C0F38A20C01D04EBE702C50833
:1002E00007F0070315FB0A240DF11009C3F10706F7
:1002F00020E0C0F38A210622C91C07F003038D0801
:1003000005A804EBA704A2EB43060BE0C0F38A2187
:1003100068460422491C07F001034D0804EB6704FA
:10032000A2EB8306814615FB0A4403E0C0F38A254D
:1003300015FB0A74D8F82470284601F0F5F95FEA35
:10034000000A14D098F81000A8B100223846211DE8
:10035000FFF714FD00232A4651463846FFF750FCAC
:100360004FEA0A01CBF10802002053B222E000203C
:100370000BB0BDE8F08FD8F8040080680119F1E7F0
:100380000A7898F8144004F01F05069CF2402240B9
:100390000E2D01D019F80220A6EB0B0466B2149CB6
:1003A00000EB40052C44002EA27001DA491C1E46C9
:1003B000401C00B20A9A9042E2DB504601F002FA79
:1003C0000120D5E700FF00000055AAFF00112233ED
:1003D000445566778899AABBCCDDEEFF2DE9FF4F27
:1003E0008046007D81B0914600F01F000E46FFF769
:1003F0008DFE8246D8F814000121002501FA0AF189
:10040000491E2F4600F01F022C461FFA81FB072AC7
:1004100006D0082A12D0092A1FD00A2A32D12BE08E
:10042000C0F38A20C01D04EBE601C50806F00702F0
:1004300015FB0914C2F10707083423E0C0F38A2032
:10044000C01C04EBA6018508062315FB091406F061
:1004500003021034A3EB420714E0C0F38A20401CCF
:1004600004EB66014508042315FB091406F001029C
:100470004034A3EB820705E0C0F38A2515FB09642D
:1004800004F58064D8F82490284601F04DF9061E42
:1004900044D098F8100068B100224846211DFFF7AB
:1004A0006DFC00232A4631464846FFF7A9FB31463A
:1004B00000202CE0D8F8040080680119F8E70A78D9
:1004C000A7EB0A0CD9F80C5000EB40030E9CFA4045
:1004D00002EA0B024FFA8CF7DDF838C005EB420553
:1004E0001C44002F2D88ADF800500CF80350BDF8C7
:1004F00000304FEA13236370D9F810309A5CA27071
:1005000003DACAF10802491C57B2401C00B2049A2F
:100510009042D4DB304601F055F9012005B0BDE82A
:10052000F08F00002DE9FE430646087C0C460128AA
:1005300001D060B32FE06068FFF706FB73A1E0F71E
:10054000F9FB002822D1616802226846FFF718FBF8
:100550000028F7D1606A58B9142001F0B3F860623E
:1005600018B9F4F75DFA606A68B1142101F006FA6F
:10057000D4F824000C226946521E11F8013B00F801
:10058000013BF9D107E06846FFF7ABFABCE06068D1
:100590008068002876D0616901F01F000E2816D00F
:1005A000142814D004283BD0052839D0062837D089
:1005B000072839D0082837D0092835D00A2833D061
:1005C0000B2828D00C2826D00D2824D098E0227C97
:1005D000F2B1C1F38A22490D142812FB01F01BD09D
:1005E00001264643304601F06DF805000FD0676ADA
:1005F000002204213846FFF7C1FB0023324629467A
:100600003846FFF7FDFA48B1284601F0EDF87BE0E7
:1006100060688068A06170E00326E2E7A5616CE095
:10062000207C0028F4D068E0FFF770FD0127616AA4
:10063000874061B9142001F045F8606220B9F4F7F1
:10064000EFF9606A002859D0142101F097F9656A22
:10065000780001F037F8E86008B9F4F7E1F93846B6
:1006600001F030F8286108B9F4F7DAF9E86870B3F6
:10067000286960B3207C012805D060680024D0F888
:10068000088038E03AE0002228460421FFF776FB94
:10069000002419E00023694604222846FFF7B0FA37
:1006A0009DF800209DF801109DF80200FDF779FDEE
:1006B0000190E968BDF8040001EB44010880296954
:1006C0009DF803000855641CBC42E3D315E017E015
:1006D00008EB840618F824207178B078FDF761FDE6
:1006E0000090E968BDF8000001EB44010880296929
:1006F000F0780855641CBC42EAD30120BDE8FE83B3
:1007000021463046FFF734FD0020F7E762696E00AE
:100710002DE9F84F087D1D4616460C46DDE90A32E4
:10072000002100F01F00042816D0052814D0062848
:1007300012D00B283CD00C283AD00D2838D00E28E7
:1007400036D007283BD0082839D0092837D00A28C6
:1007500035D00020BDE8F88F277C012F36D1D4F8A2
:1007600024A098469146FFF7D1FC07466069002215
:10077000C0F38A2015FB00607843C1105046091D64
:10078000FFF7FCFA4FF0000100BBFC080D466B467A
:10079000504604FB08F4009149462246FFF730FA20
:1007A00010B90098844201D029460FE001210DE0E4
:1007B0003146204600922A46FFF74AFD05E03146C1
:1007C000204600922A46FFF709FE01460846C1E787
:1007D00010B50446006800280BD0C2680AB1214653
:1007E0009047207C012804D1606800F0FDFF0020C4
:1007F000606010BD074810B5ECF7E8FD040004D0B8
:10080000142101F0BBF8204610BDF4F709F90020CF
:1008100010BD00005CB902242DE9F0410F460546E9
:100820000421384601F0AAF825B1284600F095F8D1
:1008300018B105E00020BDE8F081A8680028FAD0D2
:100840000A480026ECF79DFD0BE023682BB13A46E1
:10085000294698470128064605D004482146ECF76A
:10086000A2FD0400F1D13046E5E700005CB90224A6
:100870002DE9FF411D460E462821044601F07EF871
:10088000AEB1304600F069F808B9B16879B1BDF889
:10089000081001282181E56020740CD066600027D3
:1008A0002348ECF76EFD04F11408054635E00020FE
:1008B00004B0BDE8F0813046E0F7FFF8401C00F0DE
:1008C00001FF606020B9F4F7ABF860680028EFD052
:1008D0003146E0F7CEF8E2E72B68CBB16868B8B1F3
:1008E00042463146284698470128074610D12560E0
:1008F00021466A682846904701280746D8D0042137
:10090000404601F03BF800202062A0616062E06197
:1009100029460748ECF747FD0546002DDCD1207C31
:10092000012802D1606800F05FFF3846C0E7000090
:100930005CB902242DE9FC4105680E460021089FA0
:10094000AC683CB1CDE90037134601463246284633
:10095000A04701460846BDE8FC814FF0030130B1D5
:100960000078A0F120015F2903D8012070470846D4
:100970007047802801D3022070470020704770B56F
:100980002021044600F0FAFF002626700A20207677
:1009900060764FF4C871A1836422E2833223E37648
:1009A0000325A57670BD000070B50546006920B925
:1009B000FDF752FD0028286114D00D48ECF706FD24
:1009C000040010D05C2100F0D9FF2560052160797A
:1009D000224640F002006071064804F0CDFE216816
:1009E0004861204670BDF4F71BF8002070BD000080
:1009F0002CB90224650A020801488068704700008B
:100A00003802012418B101460248ECF7CCBC014879
:100A1000ECF7B7BC2CB902240148406870470000CD
:100A200038020124002806D001680978012903D082
:100A3000032901D00020704790F8440000F00F0017
:100A40007047002806D001680978012903D00329DE
:100A500001D000207047006B7047002801D000686B
:100A6000007870477FB52A4CC068A06001680969AA
:100A700000294CD0FAF7C6FBA0684179490746D453
:100A8000006800694069002841D10025A0686946D6
:100A9000ECF704FA9DF80F60A068FAF7B3FB656005
:100AA000A1689DF80E000128087106D0086800783A
:100AB000042809D1BDF80C00D0B104F049FEA168AA
:100AC00009680969C1F86401A06801680978012909
:100AD00006D0022908D004290AD003290DD00FE03E
:100AE0006946FAF7B5F90BE06946FAF7C5F807E089
:100AF000A0686946F9F7A4FE02E06946F9F71AFE14
:100B0000A068FAF77FFB002EC0D1A56065607FBDAD
:100B10003802012470B5224E0C464FF00005E8B1B2
:100B2000417941F002014171B168814200D17560A3
:100B300001680978012901D002290ED114B1416B55
:100B4000A14201D1456314B1816AA14201D18562FC
:100B500014B1C16AA14200D1C56270BD002018E085
:100B6000417941F00201417101680978012901D000
:100B700002290ED114B1416BA14201D1456314B1D8
:100B8000816AA14201D1856214B1C16AA14200D13A
:100B9000C562FFF737FF0028E2D1756070BD000025
:100BA00038020124F8B50C460546012102F052FD39
:100BB00068BB20680123002269460090284603F0A4
:100BC000CAFF6946284602F056FD0022064605F196
:100BD00014006946EBF7C4FF28B94FF400212846FA
:100BE00002F038FD80B1284601F074FD401E04007B
:100BF0000AD4A8686946006850F82400FFF7D2FFBD
:100C0000002803D1641EF4D50EB12846F8BD00209B
:100C1000F8BD02681278022A01D0042A00D1416589
:100C20007047000010B5144C2078002823D100F044
:100C3000F1FDECF79DFEECF7D3F8EBF731FEECF7A6
:100C4000D5F8FDF7D5FCECF767FD0C484FF4B4710F
:100C5000ECF7B4FB0A485C21ECF7B0FBECF760FE64
:100C6000ECF7FCF84420112801D1F3F7D9FEFEF788
:100C700054FE0120207010BD4402012420B902243A
:100C80002CB9022410B50C4691F834200020411EE6
:100C9000E16222F01802606202F0F80120866086AC
:100CA000A06201F0BF00022184F83400204601F068
:100CB00021F90021204600F051FC2046BDE81040FB
:100CC00001A100F085BC00005465787400000000AC
:100CD0000146044810B501F05FF8044601F0D0F871
:100CE000204610BD2C7C040810B508460C4600F0C8
:100CF0000AF894F83400000702D4606A00F074FD2A
:100D00000020606210BD10B5044690F83400400623
:100D100003D5A06A08B100F067FD94F83400002103
:100D2000A16220F0400084F8340010BD2DE9FF4797
:100D30003F480E4601F0A6FC012876D13046FEF76A
:100D40007EFD04463046FEF7B8FD2A2C05461CD031
:100D5000132C0BD0292C18D02C2C1ED0152C64D180
:100D600004B03046BDE8F047F8F702B9002102F0C0
:100D700079FBB0F9080004B0C11700EB9170811045
:100D80003046BDE8F047FEF7BDBD00F0B5FB04B04E
:100D90002846BDE8F04700F04FB9002102F062FBA1
:100DA00000218146284602F060FB0021804628464B
:100DB00002F061FB074695F834000024C10600D517
:100DC0000124800601D544F00204284601F0EEFC1F
:100DD0000021284602F073FBA0F51C51D13905D142
:100DE000688C000502D441F6FF7002E0284601F04D
:100DF000DDFC00974346CDE90104696A03A84A4631
:100E000004F078FF3046FEF756FDB0F90020BDF93A
:100E10000C108A4200DD11460180B0F90220BDF9B4
:100E20000E108A4200DD11464180BDE8FF870000B8
:100E30002C7C04082DE9F04F0D0080468BB001D1C9
:100E4000F3F7EEFD00214046122202F0B1FA2988A4
:100E50001022081A002160F30F04404602F0A8FA9D
:100E60006988081A08A960F31F444046A14601F0AA
:100E700055FCBDF824000025BDF820102C46D8F8FC
:100E80002470401A2946401C00B20590404602F0EA
:100E9000E9FA00210290404602F0EDFA00210090AC
:100EA000404602F0E2FA0390AB4602985E4698F89C
:100EB0003410B0F908000790C80600D5012688064E
:100EC00001D546F002064046002102F0F8FAA0F5EE
:100ED0001C51D13905D1B8F82200000501D446F0E3
:100EE0000406D8F824200021404600F045FF079A68
:100EF0008246009902EB010820E00020CDE90006BF
:100F0000059B7819DDE90212ECF758FD079A4FEAC4
:100F1000294104445A4491420BDC444A69460094F6
:100F20003846126890470A280BD0385D48B9641CCF
:100F300007E008EB0B0025460FFA80FB785D0028E0
:100F4000DBD1BAF1020F4FF0000807EB050B03D01D
:100F5000BAF1030F16D025E0611B5846DDE90223E4
:100F6000009604F025FFBDF8241000EBD073BDF807
:100F70002020881A401C00B200EBD0704010A0EB7B
:100F800063000DE0611B5846DDE90223009604F082
:100F90000FFFBDF82410BDF82020891A491C081A3B
:100FA0000FFA80F800208DF81800824604903CBBB0
:100FB0002AE004AB6A4601A95846ECF7E7FCF007C3
:100FC00006D0049906A81BF80110ECF777FDB8B914
:100FD000009ADDE90110FEF773FD00B20FFA89F205
:100FE000404482421EDB04994A19A2421AD00AEBFD
:100FF0000502BA5CB2B18A46039908440FFA80F838
:1010000004982844A042D4D3094C58460499226835
:101010009047226806462946384690470BB0304430
:10102000BDE8F08FCDF810A0EEE700002803012402
:101030002C030124406A70472DE9F04F0446406AB2
:1010400099B000287DD003A9204601F067FBBDF8C8
:101050001000BDF80C10401A401C0FFA80F8204612
:10106000002102F0FFF900210546204602F003FAB4
:1010700000210746204602F0F8F9814694F8340032
:101080000026C10600D50126800601D546F00206DD
:101090002046002102F013FAA0F51C51D13904D1E9
:1010A000608C000501D446F00406009706A84B4664
:1010B0002A46CDE90186616A04F01CFE204603F051
:1010C0009AF894F834004FF0030B4FF6FF7A4FF084
:1010D000000800F00700022804D003287ED0012871
:1010E0007DD0F4E10021204602F09CF80604360C85
:1010F00007D1204601F07AFBFDF7B4F990FBFBF035
:1011000086B207A8FCF7FCFD4FF496700794ADF883
:101110005CA0002714901690BDF81010BDF80C00CC
:10112000BDF91820081A401C00B2904233DA0021A1
:101130000F91801ACDE91010E8480890014620462A
:1011400000E0C7E1FCF7C4FD39460A4620B190F83B
:101150004220016BC2F34002129888420FDD9DF8D5
:101160005E00139120F001008DF85E003AB140F06E
:1011700002008DF85E0011990F980F911190304682
:10118000119A0F99FCF702FE1290159007A8FCF730
:101190000BFE012705E0D1492046FCF769FDA4F8C4
:1011A0003080BDF81200BDF80E10BDF91A20401AAB
:1011B000401C00B290427DDA002F7BD1821AB5F933
:1011C000080000210F91101ACDE91010C4480890B2
:1011D00001462046FCF77CFD394601E022E0C2E0F2
:1011E0000A4620B190F84220016BC2F340021298E7
:1011F00088420FDD9DF85E00139120F001008DF80C
:101200005E003AB140F002008DF85E0011990F982F
:101210000F9111903046119A0F99FCF7B7FD12907B
:1012200015909CE000212046642202F0C1F80021C4
:101230000646204601F0F6FF07043F0C07D1204682
:1012400001F0D4FAFDF70EF990FBFBF087B207A886
:10125000FCF756FDADF85CA04FF00009BDF810207A
:10126000BDF80C30BDF91810D01A0794401C00B21C
:10127000884233DA202228461146FEF721FCBDF9C8
:10128000181000EB4002CDE90F9950184946404232
:1012900011909248119A08903846FCF777FD8F49D3
:1012A00012902046FCF714FD00B1006B36B1306B94
:1012B000139000E026E0F06B169009E0129981424D
:1012C00006DD13909DF85E0020F001008DF85E00B1
:1012D00007A8FCF769FD4FF0010905E07F492046AA
:1012E000FCF7C6FCA4F83080BDF81200BDF80E2053
:1012F000BDF91A10801A401C00B2884202DAB9F116
:10130000000F06D076492046FCF7B2FCA4F83280E4
:10131000DDE0B5F9082000200F90109050184042F1
:1013200011906F48119A0F9908903846FCF72EFDDE
:101330006B4912902046FCF7CBFC00B1006B26B144
:10134000306B1390F06B169009E01299814206DD24
:1013500013909DF85E0020F001008DF85E0007A854
:10136000FCF722FDB3E0BDF812004FF0FF36BDF8E8
:101370000E10411ABDF91A00491C09B2814209DA5E
:10138000B5F90810884205DD5649606A0968884742
:10139000032801D8E6629AE0BDF810002E22BDF8BD
:1013A0000C10461A1146761C2846FEF789FB484465
:1013B000BDF80E10A0EB80003044ADF80000BDF881
:1013C0001200401A401C00B2ADF80200B5F9082026
:1013D000D11990FBF1F301FB13018A42A0EB01004C
:1013E00004DCADF802002989084400E0C01B69460E
:1013F000ADF802002046FFF71DFD8146606ADFF769
:101400005CFB394A0746606A494612689047374D87
:10141000019005E02A6801A9606A9047A9F10109D5
:101420000198C01CB842F5D8DFF8C4B00025019E71
:10143000AA46606A01990844DBF8001088472D4AE3
:10144000284401A9C5B2606A12689047032D07D8E5
:101450000198B84204D80AF1010ABAF1030FE8D999
:10146000616A2046274601EB060AFFF74CFC042D73
:1014700012D9681C00F026F9B86240B32A465146DA
:1014800000F0F2F9B96A01F8058097F8340040F0ED
:10149000400087F834000BE097F834002A465146A4
:1014A00020F0400087F8340007F1280000F0DCF954
:1014B0002E210020626A3318401C0328D154F9D32E
:1014C000626AF61C09F1030002F80680E062204619
:1014D00002F02AFA19B0BDE8F08F000031DF0208EF
:1014E00037DF0208300301242403012428030124E8
:1014F0001C030124200301242DE9F0410446054684
:1015000090F8340000F00700012823D1E96A481C54
:1015100020D0114AC91E686A1268904794F83410A6
:1015200002460020490601D5A16A06E004F128011F
:1015300003E00F5C401CF754C0B26E6A1318F75CEE
:10154000002FF6D1095C104431542046FFF7DBFB35
:10155000781EE862BDE8F0812403012470B50D46D1
:1015600019490446FCF784FB18492046FCF780FB28
:1015700000202086022D60860FD0032D0DD0042D73
:101580000BD094F8340020F0200100BF01F00700D8
:1015900084F83410012805D00AE094F8340040F0B3
:1015A0002001F3E7E06A401C02D02046FFF7A4FFC9
:1015B00094F8340065F3020084F834002046BDE856
:1015C0007040FFF739BD000031DF020837DF020845
:1015D00070B50D46044602F0A7F905B9656A606A60
:1015E000A84211D194F8341009070DD4DFF765FA39
:1015F000411C606A00F01CF9606228BBF3F710FA26
:10160000606A002825D01FE038B194F8341009072B
:1016100003D400F0E9F8002161622846DFF74DFAB3
:10162000401C00F04FF8606220B9F3F7F9F9606AE6
:1016300000280ED0606A2946DFF71BFA94F83400C0
:1016400020F0080184F834102046BDE87040FFF710
:10165000F3BC70BD70B5044690F834000D46000729
:1016600005D4606A18B100F0BFF80021616235B19D
:1016700094F83410656241F0080184F83410204673
:10168000BDE87040FFF7D8BC30B58A42039C01DB4F
:10169000904207DA8A4201DB884209DD8A4203DC94
:1016A000904201DC204630BD8A4203DC884201DBE7
:1016B000184630BDE41A451A501A654395FBF0F000
:1016C000184430BD70B5050010D00B4C0146606861
:1016D00004F0BFF906000BD0A0682844A060E168C0
:1016E000884200D80846E060304670BD024870BDB0
:1016F000F3F796F9F8E70000F002012470B5094D00
:101700000026344655F8340038B100F06DF805EB8A
:10171000C40045F8346086718680641CE4B2102CE5
:10172000F0D370BDA0B902242DE9F04105000BD023
:10173000234C012600224FF0FF3000BF04EBC20112
:101740008B79DB0703D014E00020BDE8F0818988A5
:10175000A9420ED305D104EBC200867154F83200C1
:10176000F3E7002804DB04EBC0039B88994200D216
:1017700050B2521CD2B2102AE0D3002805DB04EB91
:10178000C0018E7154F83000DFE7002704EBC7007A
:101790008079C00704D07F1CFFB2102FF6D30CE075
:1017A00054F83700294600F043F830B104EBC70184
:1017B0008E718D8044F83700C7E7F3F731F9C3E73E
:1017C000A0B90224074A002152F83130834204D1E3
:1017D00002EBC101002088717047491CC9B2102971
:1017E000F2D37047A0B90224094910B588420DD040
:1017F00000280BD0064C0146606804F0F9F8A16897
:10180000814201D9081A00E00020A06010BD00004C
:10181000F002012404484FF4004110B504F0DAF856
:101820000249486010BD000000800024F00201243D
:1018300010B539B10B4A904208D1BDE810400846B6
:10184000FFF740BFFFF7D0FF064810BD0A4601462C
:101850000448406804F010F90028F6D1F3F7E0F8E6
:10186000002010BDF002012430B500F0030403464F
:1018700001F00305A54243D14EE00C78203A1C70DC
:101880004C785C708C789C70CC78DC700C791C7116
:101890004C795C718C799C71CC79DC710C7A1C72FE
:1018A0004C7A5C728C7A9C72CC7ADC720C7B1C73E6
:1018B0004C7B5C738C7B9C73CC7BDC730C7C1C74CE
:1018C0004C7C5C748C7C9C74CC7CDC740C7D1C75B6
:1018D0004C7D5C758C7D9C75CC7DDC750C7E1C769E
:1018E0004C7E5C768C7E9C76CC7EDC760C7F1C7786
:1018F0004C7F5C778C7F9C77CC7F2031DC772033EA
:10190000202ABAD805E000BF11F8014B521E03F897
:10191000014B002AF8D130BDFCB1C4F1040405E04C
:1019200011F8015B521E641E03F8015BACB1002A82
:10193000F6D112E00C68203A1C604C685C608C6840
:101940009C60CC68DC600C691C614C695C618C69D2
:101950009C61CC692031DC612033202AEAD802E086
:1019600010C9121F10C3042AFAD804E011F8014B61
:10197000521E03F8014B002AF8D130BD002210F0AE
:10198000030315D0C3F1040304E000BF491E5B1E2E
:1019900000F8012B63B10029F8D170470260426062
:1019A0008260C260026142618261C261203020397E
:1019B0002029F3D801E0091F04C00429FBD802E064
:1019C000491E00F8012B0029FAD17047FF2310F0BF
:1019D00003020BD0C2F1040204E000BF491E521EF4
:1019E00000F8013B12B10029F8D170474FF0FF32E7
:1019F00009E0026042608260C2600261426182610D
:101A0000C261203020392029F3D801E0091F04C029
:101A10000429FBD803E000BF491E00F8013B002960
:101A2000FAD170472DE9F0411D4616460F4604468F
:101A300000F094F8A0684FF08061827E01EBB21153
:101A40004FEAB1618176A06801F03F0101EB4101ED
:101A5000C0688900FFF7ECFEA168C86008B9F2F71A
:101A6000DFFFA1686FF00B006FF00302031D91F818
:101A70001AC0C9680CF03F0C0CEB4C0C00EB8C0C42
:101A800041F80C70A1688F7EC96807F03F0707EB2B
:101A9000470702EB87028E54A1688A7EC96802F06C
:101AA0003F0202EB420203EB82028D50A1688A7E64
:101AB000C96802F03F0202EB420200EB82000844D8
:101AC000BDE8F0812DE9FF410C46074601F084FF97
:101AD0000646E00702D0384601F026FFF869E10724
:101AE00040EA0400F86111D00221384601F0BEFD41
:101AF00060B1384600F0A8FE050007D0FEF7E4F913
:101B00002846FEF761FA08B101F00EFF384601F0F1
:101B100063FFB04202D114F0C07F07D0384600F016
:101B2000D9FE01F06FFF384601F06CFFE0060CD5DE
:101B300002AA6946384601F015F86946384601F0B0
:101B400016FF02A9384601F012FFBDE8FF81028CA2
:101B500011438A4201D002F07FBE704710B504469F
:101B60008068002818D10D484168491C41601C203C
:101B7000FFF7A8FDA06020B9F2F752FFA068002887
:101B80000AD01C21FFF7FAFEA1680F204876A06852
:101B9000017E41F00301017610BD000044020124E2
:101BA0002DE9FC410E460546012101F053FDE0BB45
:101BB000284600F093FE044600F018FE0746FCF7A6
:101BC00089FCA0420ED03846FCF78CFCA04209D01C
:101BD0003846FCF777FCA04204D03846FCF76AFC94
:101BE000A04237D14FF400242846214601F039FDA8
:101BF00028BB2846EBF7A3FC05F11401074668460D
:101C0000FCF71DF9BDF80000C01BADF80000BDF8E1
:101C10000200C01BADF80200BDF804003844ADF866
:101C20000400BDF80600384400E013E031466A467F
:101C3000ADF806000846EAF7FAFE00280BD00023AC
:101C400031460122284601F04CFC1CE0012101F044
:101C500001FD10B10020BDE8FC812146284601F0BD
:101C600000FD80B9D5E9050100230122CDE900017D
:101C70006946284601F035FC31466A460846EAF7CF
:101C8000D6FE0028E7D0284600F024FE051EDDD150
:101C90000120E0E72DE9F04100270D4640220646ED
:101CA00001F086FB04B284B345223046294601F098
:101CB0007FFBC0B2022834D904EBD470012101EBC0
:101CC000600430464322294601F072FB2044294635
:101CD0000FFA80F83046412201F06AFB04B2304628
:101CE0004222294601F064FB00B2002C01DD2146AE
:101CF00000E06142002801DD024600E042429142DC
:101D000006DD002C02DD204605E00AE0604202E02C
:101D1000002800DC4042404400B2002800DA384687
:101D200007462946304601F0F5FA04000ED0294650
:101D3000304601F0E3FA022808D92946304601F07E
:101D4000E3FA2044B84200DB07463FB2304669223E
:101D5000294601F02DFB04B230466A22294601F0E3
:101D600027FB00B2844200DC0446002C01DD381958
:101D700007B23846BDE8F08170B55B220D460646D5
:101D800001F016FBC4B230461622294601F010FBC2
:101D900004B90124204670BD2DE9F04100260D460E
:101DA0003649074600E00068B8B182690A42FAD0B5
:101DB0008069C0F30F108046FFF784FC041E31D009
:101DC0004146FFF7DBFDC4E900756FF003074FF0F4
:101DD000010825B1A86878B332E03046EBE7FCF79C
:101DE0003BFB05001AD0EA68F2B1686A401C6862E1
:101DF00081001046FFF71CFD696AE86007EB81016E
:101E00004450A6820020E682FCF73EFB401E208361
:101E10000020FCF775FB401E608323E02046FFF79F
:101E2000E3FC0020BDE8F0810420FFF74BFCE860F4
:101E30000460C5F82480E4E7FFE72846FFF78EFE3C
:101E4000A868016881B14168491C4160A86889009F
:101E50000068FFF7EDFCA9680860A968496807EB0E
:101E6000810144502046DDE70420FFF72BFCAA68DF
:101E700010600460A868C0F80480F3E7F0FF0F006A
:101E800070B5054601F0BEFD002000F057FA284667
:101E900003F038FC284600F070F8012000F04EFAFC
:101EA0004FF470214FF6FF72284602F0BBF9284626
:101EB00002F0A1F9FEF77CF8030007D0284601F0F4
:101EC0007DFD18B129461846FDF7A5FF284600F00C
:101ED00001FD04000DD022212A46FDF7F3FC232149
:101EE0002A462046FDF7EEFC2846BDE8704001F08A
:101EF0001BBD70BD7FB50C46064601F06DFD054665
:101F0000E0060CD502AA6946304600F02BFE694671
:101F1000304601F02CFD02A9304601F028FDF069A1
:101F2000E10720EA0400F0610ED0304601F0FCFC2D
:101F3000304601F051FD38B1304600F0CBFC01F0E5
:101F400061FD304601F05EFD304601F045FDA842DE
:101F500002D114F0C07F07D0304600F0BBFC04B0C3
:101F6000BDE8704001F04EBD7FBD028C22EA010148
:101F70008A4201D002F070BC704770B50468054613
:101F8000206818B128602846FFF7F7FF2C6020462C
:101F90006268002A03D02946BDE87040104770BD32
:101FA0002DE9F0414D680C46EDB1284600F0F8FCF3
:101FB0000646284600F0C0FD0021074610222846AC
:101FC00001F0F6F9E98A12220844C01BE082411EA2
:101FD00028466183002101F0EBF9A98A0844801B9F
:101FE000A082411E2183002D41F20200E06106D053
:101FF00043F20200C4F81C0043F20230E06140F0FA
:10200000740040F40060E06102D040F40040E06100
:10201000BDE8F0810146044810B5FFF7BDFE044657
:10202000FFF72EFF204610BD74AE030870B50546BD
:1020300001F07AFC284600F04DFC0400284610D040
:1020400006F006F8204602F091FB002220462221ED
:10205000FDF738FC2046BDE8704000222421FDF742
:1020600031BC00F0C3FB040007D02069A842284619
:1020700004D105F0EDFF0020206170BDBDE8704087
:1020800005F0E6BF70B50C460846EAF793FE00205F
:1020900000F054F9144A0021204602F092F9012080
:1020A00000F04CF900212046FBF7E2FD204600F04D
:1020B000CBFB10B12046FDF7A5FFA068002811D08A
:1020C0000068002518B1FFF78FFBA0680560A068C5
:1020D000C06818B1FFF788FBA068C560A068FFF76B
:1020E00083FBA56070BD0000FFFF0F002DE9F047E6
:1020F000A2B08046FDF7A3FB06464046FDF7DDFB98
:10210000122E04464FF001074FF0000566D0DFF8AD
:102110001892152E72D0182E5DD14046FDF795FB12
:10212000824601462046F7F78BF80021204601F051
:102130008EF800284FD002A8FCF7C8FD8DF80B5090
:10214000002102AA20468DF822508DF832508DF8D9
:102150003E5001F006FB0021204601F09EF90021CF
:102160008046204601F093F904F1140106466846C2
:10217000FBF75CFEBDF80010A1EB0800BDF80410F1
:10218000ADF8000001EB0800ADF80400BDF8020056
:102190005146801BADF80200BDF806003044ADF892
:1021A000060010A800F0C2F802A8149068461D9519
:1021B0001A21CDF8449010AACDE912702046FDF7FF
:1021C00081FB02A96A465046FCF76CFD1B212046A4
:1021D00010AAFDF777FB22B0BDE8F0874046FDF777
:1021E0006AFB064600780228F5D000212046172217
:1021F00001F0DEF818B102203070ECE745E00B2268
:10220000AA462946204601F0D3F80FFA80F9204665
:10221000002101F042F900218046204601F037F903
:1022200004F1140105466846FBF700FEBDF80010F6
:102230004A46A1EB0800BDF80410ADF8000001EB20
:102240000800ADF80400BDF802006946401BADF877
:102250000200BDF806002844ADF806007068EAF7F1
:102260000FFC68B10021204600F0EBFFFD2807D3EA
:1022700000212046602201F09BF8C0B2FD2801D267
:102280003770A8E786F800A0A5E74046FDF7DDFA1D
:10229000804602A8FCF71AFD0021204600F0D7FF77
:1022A00028B19DF82B0040F001008DF82B00002193
:1022B000204602AA01F055FA0021204601F0EDF86F
:1022C00000210646204601F0E2F804F11401074619
:1022D0006846FBF7ABFDBDF800004146801BADF83A
:1022E0000000BDF804003044ADF80400BDF8020061
:1022F000C01BADF80200BDF806003844ADF806007A
:1023000010A800F013F802A814906846CDF8449085
:102310001A2110AACDE9125020461D95FDF7D2FAD8
:1023200002A96A4640464FE774AE030870B50D46F1
:1023300004464821FFF722FB256070BD0149087063
:1023400070470000540201242DE9FF4188460846E9
:10235000FDF775FA04464046FDF775FA012C05466F
:1023600023D0082C23D0032C3ED02A2C3ED00D2C79
:102370004CD00E2C7DD0092C7CD00A2C7BD00F2C7D
:102380007AD0292C79D0222C78D0242C77D0132CF9
:1023900076D0152C03D0182C01D0122C34D104B0D7
:1023A0004046BDE8F041FFF7A1BE2021FAE0202120
:1023B000FFF7DBFD4046FDF759FAFEF742FB002828
:1023C00022D10821284601F045F900281CD095F8B3
:1023D00020004FF00101C007284602D0FFF7C5FDDD
:1023E00030E0FFF7B4FB2DE02021F8E000F072F9B7
:1023F0000024064606E0A868006850F8240001F0B2
:1024000001FB641CB442F6D3BDE8FF81082101F052
:1024100021F9F8B14046FDF74EFA0478132C06D0A6
:10242000112C04D0142C07D0122C05D008E0012167
:102430002846FFF78CFB03E001212846FFF795FDB6
:102440000A2CE1D004B0284600221C21BDE8F0414E
:10245000FDF738BA4FF40161284601F0FBF8002877
:10246000D2D0284601F09DFA0028CDD10027284679
:1024700007E06DE095E09AE0B0E0B5E0D1E0F2E091
:10248000F6E000F08DFA0646284600F0E9FA044628
:102490004046FDF710FA007812281BD011280CD006
:1024A00013282BD01428AFD1284600F071FA8007EA
:1024B00003D0002E38DC002C36DC284600F0C9F9A9
:1024C0000446284600F046FBE11704EB9171A0EBAF
:1024D000A1000BE0284600F0BCF90446284600F0B5
:1024E00039FBE11704EB917100EBA1003A4604B00F
:1024F00001B22846BDE8F04102F022B9284600F0BA
:1025000047FA8007E6D0002E01DC002CE2DD2846E9
:1025100001F09AF80446284600F015FBE11704EB99
:10252000917100EBA1000BE0284601F08DF8044604
:10253000284600F008FBE11704EB9171A0EBA10025
:102540003A4604B001B22846BDE8F04102F0E2B8D4
:102550004FF4806101F07EF818B10121284602F0A5
:10256000BCF8284600F070F9FDF728FD0224064665
:10257000FEF742FA10B94046FDF778F9FEF76DFA1A
:10258000022801D0042800D106241EB144F008011D
:10259000284607E021462846FFF7D9FA08212846B1
:1025A0001DE0402104B0BDE8F041FFF7D0BA402162
:1025B000FFF7DBFC284600F003FE02287FF424AF7F
:1025C00002AA6946284600F0CDFA6946284601F07D
:1025D000CEF902A9284601F0CAF915E70E2104B088
:1025E000BDE8F041FFF7C1BC002100F00FFE002163
:1025F0000446284600F045FE204302D0284601F05C
:1026000001FA284600F066F80024064606E0A868AD
:10261000006850F8240001F0F5F9641CB442F6D3C8
:10262000F2E60021012200F0C3FE06B22846002196
:10263000042200F0BDFE04B22846002100F0E6FDB1
:1026400000210746284600F01CFE384305D142F21F
:10265000D170864201D08442BFD104B02846BDE883
:10266000F04101F0CFB9688C40F002006884F4E7D3
:102670000021FFF70FFB04B001464046BDE8F041E2
:10268000FDF740B910B50C4600B96068006868B144
:1026900001690029FAD00021E160026921469047D2
:1026A000217E0120C90700D0002010BD012010BDEF
:1026B0008068002809D0002902DA4268511803D442
:1026C00043680A468B4201D800207047006850F8E2
:1026D000220070478068002800D04068704770B5BD
:1026E0000C46054600F114012046FBF7A8FBA8683C
:1026F000002812D0808A2188081A2080A968A08822
:10270000898A0844A080A9686088898A401A608004
:10271000A968E088898A0844E08070BD70B50C46DD
:102720000546002100F09BFD06462146284600F0A4
:1027300057F8704202B220461146FBF7C8FB002151
:10274000284600F005FE2188084420800021284604
:1027500000F010FEA188081AA0800021284600F091
:102760001BFE6188084460800021284600F0DEFDE1
:10277000E188081AE08070BD70B50021044600F0C1
:102780000BFE00210546204600F0D0FD0021064644
:10279000204600F064FD0246204600F05AF8401B37
:1027A0005142801B00EB410000B270BD70B50021AA
:1027B000044600F0CDFD00210546204600F0DAFD7C
:1027C00000210646204600F04AFD0246204600F061
:1027D0003BFF401B5142801B00EB410000B270BD2B
:1027E0000A4600F114011046FBF729BB10B54168F9
:1027F00009B100F073F804460A48EAF7C2FD0EE09A
:10280000426A002105E0C36853F82130A34208D092
:10281000491C8A42F7D801460248EAF7C4FD00285D
:10282000EED110BD20B902248068002805D0827E38
:1028300002F03F028A4201D800207047C06801EBD5
:10284000410100EB810070478068002800D080685B
:102850007047418BC08A081A401C00B2704770B59F
:10286000064600F037F8050001D000240AE00020F9
:1028700070BD21462846FFF71BFFB04201D120461C
:1028800070BD641C2846FFF725FFA042F1D84FF029
:10289000FF3070BDF0B4468C04250024C6F3051645
:1028A00013E000BFC76805EBC40C57F80C705FEA73
:1028B000C71C09D527F07F479F4205D1C06850F853
:1028C0003400F0BC02F004BD641CA642EAD8F0BC9F
:1028D00000207047002800D04068704700B50146CE
:1028E000FFF7F8FF0028FAD1084600BD2DE9F047B0
:1028F000DFF8948006464446FFF7ECFEDFF88CA034
:10290000002507460EE0B0685146006850F82500E3
:10291000814600F0A6FE20B9B9F91A00A04200DBFA
:1029200004466D1CBD42EED30021304600F03AFD56
:1029300000218146304600F0FFFC0021074630466A
:1029400000F093FC4445054604D0708BC01B401B2F
:10295000201A04B2304600F03BFC80463046FFF7B8
:1029600078FF6942A0EB0900C01B00EB4101304633
:10297000A8EB010100F0EEF8081A00B2844200DD75
:102980002046BDE8F087000001E0FFFF01000400E1
:10299000806818B1407E00F00F0070470F2070472C
:1029A0002DE9F84F0021064600F045FC012807D02C
:1029B000B068002802D0008A404200B2BDE8F88F1B
:1029C0000021304600F0DCFC00210090304600F091
:1029D000C5FC00218146304600F047FC41F6FF7AF5
:1029E000804654463046FFF775FE002507460EE048
:1029F000B0681949006850F82500834600F031FEA0
:102A000020B9BBF91400A04200DC04466D1CBD4295
:102A1000EED3544506D0B28A09EB08001044001BDF
:102A200004B200E00D4C304600F0E0FB05463046B5
:102A300000F00AFE0099C8F10002411AA1EB09005A
:102A400000EB4200291A304600F07DF8084400B23D
:102A50008442B3DD2046B1E70100040001E0FFFF3E
:102A60002DE9F0470021064600F0E5FB01280AD0D9
:102A7000DFF8A08030464446FFF72CFEDFF898A030
:102A80000025074615E0B068002801D0B0F9100015
:102A9000BDE8F087B0685146006850F825008146CF
:102AA00000F0DFFD20B9B9F91800A04200DB0446B0
:102AB0006D1CBD42EED30021304600F061FC0021C8
:102AC0000746304600F04AFC00218146304600F0BF
:102AD000CCFB4445054604D0308BC01B401B201A5C
:102AE00004B2304600F082FB8046304600F0ACFD78
:102AF000C11B6A42A1EB090000EB42013046A8EB82
:102B0000010100F020F8081A00B28442C0DD20461E
:102B1000BEE7000001E0FFFF01000400806800281C
:102B200002D0007EC0F3810070478068002802D088
:102B3000007EC0F3011070478068002802D0408AF0
:102B4000404200B270478068002802D0008A4042AC
:102B500000B270478068002802D0408A404200B22C
:102B6000704700002DE9F04F91B0164600220C4648
:102B70004FF0FF3705463B46114620460097FBF7CE
:102B8000C2F900223B46114630460097FBF7BBF9DD
:102B90001021284600F05EFD002816D0284600F0DF
:102BA0000FFB070011D00020FDF72CFF022F8046FD
:102BB00008D010E0FDF745FFA84209D04046FDF7D8
:102BC00021FF8046B8F1000FF4D111B0BDE8F08FBD
:102BD000B8F1000FF9D02846FFF7AEFF0590284660
:102BE000FFF784FE0A902846FFF7DAFE0990284690
:102BF000FFF736FF08902846FFF7CAFE10F00C0FCB
:102C000081464FF000000B9014D0012F10D0032FFD
:102C100002D0022F07D00DE00598002808DC0A98A2
:102C2000002805DC06E04046FDF7FCFE0C2801D13B
:102C300001200B905FEA89714FF00000079014D0DB
:102C4000012F10D0032F02D0022F07D00DE00998DA
:102C5000002808DC0898002805DC06E04046FDF75F
:102C6000E1FE032801D1012007900B990798084342
:102C7000ABD04FF480372846394600F0DCFA012803
:102C800000D0002039460E90284600F08BFB3946D4
:102C90000490284600F050FB39460F90284600F07B
:102CA0005DFB80463946284600F06AFB01228146DA
:102CB0002846394600F07CFB0FFA80FB2846FFF7D8
:102CC000C8FD0090284600F0BFFC02900B9800B1B0
:102CD00058460799824609B1584600E00020394617
:102CE00021221090284600F063FBC0B2022808D2CF
:102CF00031223946284600F05BFBC0B20228FFF4BF
:102D000064AF05994FF0A007009801440B98002884
:102D10000A98084400B20B9070D00028FCD0E98AD1
:102D20000E9871800028688BF08008D0AA8AABF1D9
:102D3000010102EB080030800144B18007E0298BDB
:102D4000A1EB0900B080A0EB0B01491C3180049974
:102D50000098411A0F98091A1098081A00990C90B7
:102D600048430B9990FBF1F000B205900020FBF76F
:102D700079FB00EB8001502000EB4100B0F5A07F13
:102D80000ADB0020FBF76EFB00EB8001502000EB1C
:102D9000410090FBF7F000E001200599884201DA3C
:102DA000084616E00020FBF75DFB00EB8001502099
:102DB00000EB4100B0F5A07F0ADB0020FBF752FBDF
:102DC00000EB8001502000EB410090FBF7F000E0A9
:102DD0000120009A0B9900B2891A0AB20C99091ABB
:102DE00009B2002A0BDCE98A049808447080698BD8
:102DF0000F98091A1098081A401EF08090E00A9B5C
:102E0000401E11FB03FCEB8A9CFBF2F2891A049A28
:102E10001144194409B271800844F080B5F91620B4
:102E200004981044814238DA70800020FBF71AFBC6
:102E300000EB8001502000EB4100B0F5A07F0ADBE1
:102E40000020FBF70FFB00EB8001502000EB41005E
:102E500090FBF7F000E00120B6F90210B6F9062069
:102E60000844904219DD0020FBF7FCFA00EB8001DA
:102E7000502000EB4100B0F5A07F0ADB0020FBF7FB
:102E8000F1FA00EB8001502000EB410090FBF7F0DD
:102E900000E0012071880844F080B5F91A201098EC
:102EA000B6F90610121A0F98101A814238DDF08018
:102EB0000020FBF7D7FA00EB8001502000EB410027
:102EC000B0F5A07F0ADB0020FBF7CCFA00EB800115
:102ED000502000EB410090FBF7F000E00120B6F934
:102EE0000610B6F90220081A904219DA0020FBF702
:102EF000B9FA00EB8001502000EB4100B0F5A07F53
:102F00000ADB0020FBF7AEFA00EB8001502000EB5B
:102F1000410090FBF7F000E00120F188081A708072
:102F2000099902980144079800280898084400B2BB
:102F300000903FF44AAE0028FBD0698B0F98081A26
:102F40000299E080A1EB0802A0EB0B01A2EB0902C1
:102F5000A2EB0A00029A0490491C6180A98A50439E
:102F60002180009990FBF1F1288BA08008B203909A
:102F70000020FBF777FA00EB800050264FF4A07B8F
:102F800006EB4000584509DB0020FBF76BFA00EB2D
:102F9000800006EB400090FBF7F000E00120039971
:102FA000884201DA084613E00020FBF75BFA00EBE9
:102FB000800006EB4000584509DB0020FBF752FA81
:102FC00000EB800006EB400090FBF7F000E00120F2
:102FD000029A009900B2891A0AB20499091A09B230
:102FE000002A18DC0E9850B1AA8AAAF1010002EB5F
:102FF000080108442080298BA1EB090009E0A98A77
:1030000001EB08002080298BA1EB0901A1EB0A004C
:10301000401EA080D9E5089B11FB03FC0E9B9CFB86
:10302000F2F2A1EB020109B2EBB3AB8A08EB0A02A0
:10303000401E1944114409B221800844A080B5F90A
:1030400014001044884233DD20800020FBF70AFA88
:1030500000EB800006EB4000584509DB0020FBF741
:1030600001FA00EB800006EB400090FBF7F000E077
:103070000120B4F90010B4F904200844904217DD8F
:103080000020FBF7EFF900EB800006EB400058450D
:103090000ADB0020FBF7E6F900EB800006EB4000BE
:1030A00090FBF7F001E03AE0012021880844A0807D
:1030B000B5F91820B4F9041078E0A0800020FBF7DF
:1030C000D1F900EB80005D4606EB4000A84273DBBF
:1030D0000020FBF7C7F900EB800006EB400090FBF7
:1030E000F7F000BFB4F90410B4F90020081A9042B8
:1030F00090DA0020FBF7B6F900EB800006EB400009
:10310000A8425BDB0020FBF7ADF900EB800006EB8B
:10311000400090FBF7F0A188081A208055E5AA8AA4
:103120004144401E114409B221800844A080B5F9F1
:10313000142002EB0800814232DA20800020FBF7E5
:1031400091F900EB800006EB4000584509DB0020B8
:10315000FBF788F900EB800006EB400090FBF7F0EE
:1031600000E00120B4F90010B4F9042008449042B2
:1031700016DD0020FBF776F900EB800006EB40003F
:10318000584509DB0020FBF76DF900EB800006EBEA
:10319000400090FBF7F000E0012021880844A08067
:1031A000B5F91820B4F90410A2EB0A02A2EB090049
:1031B000814282DC09E5FFE7012093E70120AAE7CD
:1031C000806818B1007E00F003007047032070474C
:1031D000054908B56A46496800912C21FCF772FB45
:1031E000BDF9020008BD000090AE0308054908B50E
:1031F0006A46096800912C21FCF764FBBDF90000C8
:1032000008BD000090AE0308008C7047092210B57D
:1032100000F0CEF8C0B210BD092210B500F0C8F819
:10322000C0B210BD662200F0C3B8162210B500F07F
:10323000BFF8C0B210BD162210B500F0B9F8C0B288
:1032400010BD212210B500F0B3F8C0B210BD342279
:1032500010B500F0ADF8002800D0012010BD3222DA
:1032600010B500F0A5F800B210BD322210B500F084
:103270009FF800B210BD042210B500F099F800B21A
:1032800010BD0A2210B500F093F880B210BD0A22DA
:1032900010B500F08DF880B210BD602210B500F0BE
:1032A00087F8C0B210BD70B50E460546FFF7F5FFB2
:1032B00002281BD9FD284FF0FF0402D2C0EB0020EA
:1032C000040A0EB1002603E02846FFF703FB05467B
:1032D00055B131462846FFF7E0FF022806D9FD2800
:1032E000F2D24443240AEFE7022C01D8002070BD3B
:1032F000FD2C01D3FF2070BD204670BD372210B5D4
:1033000000F056F8C0B210BD382210B500F050F8E9
:1033100000B210BD352210B500F04AF800B210BD61
:10332000112210B500F044F800B210BD112210B502
:1033300000F03EF800B210BD112210B500F038F8D0
:1033400000B210BD122210B500F032F800B210BD6C
:10335000122210B500F02CF800B210BD122210B5E8
:1033600000F026F800B210BD132210B500F020F8CE
:1033700000B210BD132210B500F01AF800B210BD53
:10338000132210B500F014F800B210BD102210B5D1
:1033900000F00EF800B210BD102210B500F008F8D1
:1033A00000B210BD102210B500F002F800B210BD3E
:1033B0002DE9F8438846064601211446104602F0DE
:1033C0009FF80025074615E06B46224641463046E9
:1033D000F7F75CF80128054627D07FB1022D05D00C
:1033E000B8F1000F02D04FF0000803E03046FFF7BD
:1033F00071FA0646002EE7D1012D16D0B8F1000F64
:1034000003D1012C05D0042C03D0204602F00EF885
:103410000AE031680FE0012C0AD0C88A50B161B1CE
:10342000012C0CD0B1F9160000900098BDE8F8838B
:10343000888AF3E709680029EDD10020F4E7B1F9A3
:103440001400F1E770B555220C460546FFF7B0FFB2
:10345000024621462846BDE87040EAF7A0B8572248
:10346000FFF7A6BF5722FFF7A3BF582210B5FFF7FB
:103470009FFF00B210BD592210B5FFF799FF00B2AF
:1034800010BD6E2210B5FFF793FF00B210BD6A2287
:1034900010B5FFF78DFF00B210BD692210B5FFF720
:1034A00087FF00B210BD6D2210B5FFF781FF00B29B
:1034B00010BD012210B5FFF77BFF00B210BD012245
:1034C00010B5FFF775FF00B210BD072210B5FFF76A
:1034D0006FFF00B210BD082210B5FFF769FF00B200
:1034E00010BD2DE9FF41074608880C461D46ADF882
:1034F000000016464888ADF802000888ADF80400C0
:10350000C888ADF806008888ADF808004888694684
:10351000ADF80A00A088ADF80C00E088ADF80E0008
:10352000384601F018FB01A92B463246384601F017
:1035300012FB02A92B463246384601F00CFB03A9C8
:103540002B463246384601F006FBBDF90030BDF986
:103550000400834201DA1D4600E00546BDF908106B
:10356000BDF90C20914201DA0E4600E01646B54244
:1035700005DA834201DA1A4604E0024602E091428B
:1035800000DA0A462280BDF90030BDF904108B42F2
:1035900001DD1D4600E00D46BDF90800BDF90C2017
:1035A000904201DD064600E01646B54205DD8B423D
:1035B00001DD1A4604E00A4602E0904200DD0246C0
:1035C000A280BDF90230BDF90620934201DA1D4602
:1035D00000E01546BDF90A10BDF90E00814201DA7E
:1035E0000E4600E00646B54205DA934201DA184677
:1035F00004E0104602E0814200DA08466080BDF92E
:103600000230BDF906108B4201DD1D4600E00D467B
:10361000BDF90A00BDF90E20904201DD064600E02A
:103620001646B54205DD8B4201DD184604E008462A
:1036300002E0904200DC1046E08005222046114660
:10364000FAF745FCBDE8FF81018B808A081A401C0F
:1036500000B27047C069814301D00020704701204B
:103660007047C069084000D001207047008C0840B6
:1036700000D0012070477FB50D4606460221FFF7B6
:10368000E9FF002820D080213046FFF7EFFFE8B99E
:1036900002A93046FFF723F80022294602A8E9F7DD
:1036A0005FFA040012D04FF480313046FFF7D2FFAA
:1036B00070B101206A46112100958DF80400304652
:1036C000FCF700F99DF8040004B070BD0020FBE792
:1036D0002046F9E7F8B514460D4656220646FFF790
:1036E00067FEC0B2A076022807D929463046FFF708
:1036F000DAFD022802D80020A076F8BDFD2804D209
:10370000A17E11FB00F0000AA076A07E0228F4D969
:1037100029463046FFF796FE00905822BDF800007B
:103720002946A0813046FFF743FE59222946A08250
:103730003046FFF73DFE5A22294660823046FFF7A9
:1037400037FEA17F60F302013046A1772946FFF7DB
:1037500086FE5B22294620603046FFF729FE20774F
:10376000F8BDF8B514460D460646FFF79CFD074622
:103770005DB1022F09D80020E070A07684F8220005
:1037800084F82A0084F83600F8BDE078B0B1212230
:1037900030462946FFF70CFEC0B2E07002280DD972
:1037A000202229463046FFF703FE024629463046CE
:1037B000E9F7F5FE0090BDF80000A0803222304607
:1037C0002946FFF7F5FD00B2208428B394F82200C3
:1037D00010B3312230462946FFF7EAFDC0B284F823
:1037E0002200022818D9302229463046FFF7E0FD92
:1037F000024629463046E9F7D2FE00903322BDF852
:1038000000002946E0833046FFF7D2FD94F82310EC
:1038100060F3450184F8231029463046FFF77AFD0E
:10382000E084E8B194F82A00D0B129463046FFF789
:1038300065FD022884F82A0012D929463046FFF790
:1038400063FD3622294620853046FFF7B1FD02464A
:1038500029463046E9F7A3FE0090BDF80000A08499
:10386000A07E80B3282230462946FFF7A1FD2061C3
:1038700048B3292230462946FFF79AFDC0B2A07608
:10388000022820D92069FDF768F802283ED02A22B4
:1038900029463046FFF78CFD024629463046E9F7B7
:1038A0007EFE00902B22BDF8000029462083304682
:1038B000FFF77EFD2C222946E0763046FFF778FDA3
:1038C00000B101202077FD2FBFF45EAFE278A57E26
:1038D00094F8223094F82A0012FB07F294F836107C
:1038E00015FB07F513FB07F3160AE67010FB07F04C
:1038F0002A0AA27611FB07F11B0A84F82230000A7B
:1039000084F82A00090A84F83610F8BD29463046A2
:10391000FFF7A5FD294660613046FFF793FD009053
:10392000BDF800002083CEE77CB50546E9F707FE29
:1039300005F1140104466846FAF781FABDF8000063
:103940006946001BADF80000BDF80200001BADF891
:103950000200BDF804002044ADF80400BDF80600E4
:103960002044ADF80600284600F001F87CBD7CB587
:103970000C460546FEF73AFFFAF7D8FD00280FD0AF
:1039800021466846FAF75BFA69462846FEF708F9C9
:10399000002805D02846FEF729FF6946E9F770FCA4
:1039A0007CBD0068002808D0017E8907F9D0007E20
:1039B00000F00300012800D00020704700680028B4
:1039C00009D0017E11F00C0FF8D0007EC0F3810009
:1039D000012800D00020704710B509490446FFF7C0
:1039E00040FE08B1002010BD2046FEF773FF0028FE
:1039F000F9D00021FFF74BFC0028F4D0012010BDC6
:103A00000100060010B5418C41F001014184FEF730
:103A100065FF418C41F004014184FEF7E7FE4068F8
:103A2000002803D0BDE8104001F084BF10BD0000A5
:103A30002DE9F0479946174688468246FEF74AFE2A
:103A40000025064624E000BFDAF80810B9F1000F9F
:103A5000086850F8254005D04FF480212046FFF734
:103A6000F9FDA0B9A38A628BE18A03EB0800B4F8E0
:103A700018C03A44A082CB19E3820CEB08012183E1
:103A800000234146204662833A46FFF7D1FF6D1C72
:103A9000B542D9D3BDE8F0872DE9FF474568164602
:103AA0000F4604469DB300212846FFF751FC002134
:103AB00080462846FFF770FC4FF48021814620465F
:103AC000FFF7C8FD48B1A98A07EB0803EA8A06EBAD
:103AD000090019440FB2104410E02846FFF733F8EC
:103AE000AA8A02EB0801081A384407B22846FFF7F1
:103AF00031F8EA8A02EB0901081A304406B2284676
:103B00000021FFF7ACFB391830440FB206B2A08A8F
:103B1000E18A381A711A06B20FB20EB9002F40D0DE
:103B20002046FFF701FF02A92046FEF759FE4FF09D
:103B3000000875B169462846FEF7F0FD0022694687
:103B400002A8E8F79DFF5FEA000802D1284600F0CE
:103B50000DFEA08A628BE38A3044218B3A44A08216
:103B60003B44E38231442183002331462046628373
:103B70003A46FFF75DFF8DB1222122462846FBF72A
:103B8000A1FE2046FFF7D0FE0022694604F1140092
:103B9000E8F776FFB8F1000F07D104E02046FFF701
:103BA000C3FEBDE8FF870028FBD0284600F0DEFDFD
:103BB000F7E72DE9F0410D460646FEF7B6FFA0B93E
:103BC0003046FEF7B9FF04463046FEF78FFE002868
:103BD0000BDA002C09DD4042844200DB04462B4610
:103BE00022B23046002100F069FC3046FEF796FF15
:103BF000002825D13046FEF7D3FE04463046FEF7B6
:103C00002FFF002107463046FFF715FB01280BD098
:103C1000002F15DA002C13DD7842844200DB0446C5
:103C20002B4621B2002206E0002C09DA002F07DD26
:103C300000222B4621463046BDE8F04100F03EBC54
:103C4000BDE8F0812DE9F04786B08946866802A973
:103C500004464846FEF7C4FD4846E9F770FC0146B5
:103C6000024602A8FAF733F902AA314604A8E8F797
:103C7000DEFE4FF400250DF1100A20B92946484612
:103C8000FFF7E8FC98B114214FF00108224648469E
:103C9000C4F808A0FBF716FE152122464846FBF79C
:103CA00011FE162122464846FBF70CFE01E04FF0BC
:103CB000000829464846FFF7CDFC20B13068009047
:103CC0007068019006E009F1140231466846E8F791
:103CD000AEFE90B14846C4F808D0FEF7FBFC0025C4
:103CE000074608E0D9F80800006850F8251020467B
:103CF00008F090FF6D1CBD42F4D3B8F1000F10D056
:103D0000172122464846C4F808A0FBF7DBFD18211E
:103D100022464846FBF7D6FD192122464846FBF7C6
:103D2000D1FDA66006B0BDE8F0872DE9F14F82B065
:103D30000298FFF751FE00287CD10298FEF7CAFDD9
:103D4000009000210298FFF7C0FB002182460298F4
:103D5000FFF7C1FB0646009868B1FEF727FD8146D4
:103D60000098FEF709FD05464FF0640BCAF3413099
:103D7000012803D012E032465146A4E02AF4C040A4
:103D8000B0F5FA6F0ADCB0F57A7F01DDC0F57A7024
:103D900000FB09F090FBFBF00FFA80FAC6F341300C
:103DA00001280DD126F4C040B0F5FA6F08DCB0F55B
:103DB0007A7F01DDC0F57A70684390FBFBF006B2B4
:103DC000029800216B22FFF7F3FA07B20298002154
:103DD0006C22FFF7EDFA02B20298FFF735FC80463D
:103DE0000298FEF736FD0446C7F3413001280ED194
:103DF00027F4C040B0F5FA6F09DCB0F57A7F01DD39
:103E0000C0F57A7000FB08F090FBFBF007B2C2F33C
:103E1000413001280DD122F4C040B0F5FA6F08DC22
:103E2000B0F57A7F01DDC0F57A70604390FBFBF05E
:103E300002B200E05AE0B1180AEB07000FB206B276
:103E400002980021FFF7E8F950B1012839D0801E0F
:103E5000082836D2DFE800F00B1320242E183D404E
:103E600000980021FFF7E1F9012808D029E009EBCB
:103E7000D97108EBD8704910A1EB600001E0A9EB03
:103E80000800304406B21CE005EBD57004EBD47199
:103E90004010A0EB610000E0281B384407B210E09E
:103EA00009EBD97108EBD8704910A1EB60003044E0
:103EB00006B2F1E7291BA9EB08003044394406B2E9
:103EC0000FB231463A46029803B0BDE8F04FFFF713
:103ED000E3BDA9EB080006E009EBD97108EBD87047
:103EE0004910A1EB6000304406B2CDE7BDE8FE8F7B
:103EF0002DE9F04F0446408C87B0010501D54005FF
:103F00007ED42046FEF7E6FC5FEA000878D0204623
:103F1000FEF746FD01900026608C4FF4FA6B42F2EA
:103F2000D17A000503D52046FFF78EFB5DE0002126
:103F30002046FFF7BEFA5045054601D1012600E0B4
:103F40000026C5F34130012805D125F4C04058456D
:103F500001DC012000E0002081464046FEF726FCFF
:103F6000074626B12046F0F73FF805462BE0B9F1A9
:103F7000000F28D0B8F82200000518D400214046D0
:103F8000FFF797FA504512D100212046FFF767F955
:103F9000002105462046FFF7DBF900EB0509204626
:103FA0000021FFF7E7F9411901EB09000AE025F4C8
:103FB000C040B0F57A7F01DDC0F57A7078436421A6
:103FC00090FBF1F005B2204600210222FFF7F0F944
:103FD0000FFA80F9204600210322FFF7E9F902B227
:103FE0003B4649462846F9F7F3FF07462046FEF7C9
:103FF000A3FD00904FF00009618C480505D500E055
:104000006CE02046FEF725FC54E000212046FFF737
:1040100032F9A0F51C510546D13907D05FF00000F8
:10402000C5F341318146012902D007E00120F7E7BD
:1040300025F4C040584501DC012000E00020834603
:104040004046FEF799FBB9F1000F824604D02046A6
:10405000EFF758FF05461BE0BBF1000F18D0B8F88A
:104060002200400507D400214046FFF704F9A0F5DF
:104070001C51D13936D025F4C040B0F57A7F01DD2E
:10408000C0F57A70642100FB0AF090FBF1F005B2F4
:10409000204600210522FFF78BF90FFA80FB20460E
:1040A00000210622FFF784F902B2534659462846FA
:1040B000F9F758FF56EA0906054605D000232046C1
:1040C000DDE9002100F0FBFA2046FFF7BDFAB84217
:1040D0001BD12046FEF7BDFBA84216D1002007B039
:1040E000BDE8F08F00212046FFF7B9F80021054612
:1040F0002046FFF751F900EB050B20460021FFF7A2
:1041000015F9411901EB0B00C1E72046FFF70CFC44
:1041100002A92046FEF764FB04A94046FEF7FEFA1A
:10412000002204A902A8E8F7ABFC060002D1404631
:1041300000F01CFBE08A6D1E0021284460832046AD
:10414000FFF773F801281CD0A08A7F1E3844208313
:104150002921204602AAFBF7B5FB22212246404630
:10416000FBF7B0FB2046FFF7DFFB608C002204A9C1
:1041700040F00200608404F11400E8F781FC36B9D5
:1041800004E0208BC01B401CA082E1E710B1404638
:1041900000F0ECFA204600F002F801209FE738B565
:1041A0000446E9F7CCF905466A460020ADF8000060
:1041B00013212046FBF786FBBDF90000A84202D080
:1041C0002046FFF7B1FBA06818B1BDF80010C1820E
:1041D00009E0BDF8000030B12046FDF7BFFCA16842
:1041E000BDF80000C882BDF90000A84202D02046F8
:1041F000FFF79AFB38BD70B500210546FFF759F966
:10420000002104462846FFF736F842F2D172944264
:1042100003D0904201D0002070BD2846FFF7F2FB8A
:10422000012070BD2DE9F84F04464D4890460D46DB
:10423000007800286FD02046FFF776FB0421404627
:1042400005F47F0501F05CF902210646404601F0C5
:1042500057F901218146404601F052F910210090A2
:10426000404601F04DF907464FF6FF7BEEB1B5F53C
:10427000702F12D08DB1002120460422FFF798F84C
:1042800000B242F2D17A504507D0002120460122E7
:10429000FFF78EF800B2504544D1002220462A2173
:1042A000FBF710FB2046FFF7ADFB4FF4702A554596
:1042B00000D07DBBD84500D02EB12046FEF70AFBCA
:1042C00008B1FFF79FFB554500D01DBB17B3002178
:1042D00020466E22FFF76CF800B240B9002120465C
:1042E0006D22FFF765F800B2B0F5807F01D002279C
:1042F0000AE0002120466122FFF75AF8C0B2FF28E9
:1043000001D0012700E00027A06828B1817E67F373
:104310008711817606E020E027B12046FDF71EFCDC
:10432000A068F3E75F46B84502D0B9F1000F02D0AC
:104330002046FFF734FF2046FFF7F6FAB84504D0D1
:10434000009949EA0600084207D0B5F5803F04D03D
:104350002046BDE8F84F08F03FBEBDE8F88F0000EA
:10436000540201242DE9F0410446408C15460E46C6
:1043700004220021C0F305100BE000BFE36802EB4C
:10438000C107DB59DF0103D523F07F43AB4202D0E5
:10439000491C8842F2D8884202D10020BDE8F08151
:1043A000E06850F83100314601F0B2F828B13246E9
:1043B00029462046FFF736FF01E00028EED0012015
:1043C000ECE72DE9F05F4FF6FF7A05461FFA82F819
:1043D00056460F0002F47F0902D0F87900B9002692
:1043E0000024214658E0EA68042000EBC40BD045C5
:1043F00052F80B0083B2C0F3074C4FEA0C4C01D0CB
:10440000434509D1B9F5702F01D0CC4504D12FB166
:1044100052F83420BA4201D0641C3DE0800105D539
:1044200000235246494628460AF03AFDE86850F80B
:104430000B10CA0101D489010CD550F8340001F0E9
:10444000C8F8E86850F83400FDF7CEF9E9680020B4
:1044500041F83400082320460AE0E96803EBC00273
:104460000A4401EBC001401CD2E900C2C1E900C20C
:10447000698CC1F30511491E8142EED8688C01098F
:10448000491E61F309106884C0F30511E868C9008A
:10449000FDF7CEF90121E860688CC0F30510A04259
:1044A000A1D8002908D0002E06D032464946284619
:1044B000BDE8F05FFFF7B6BEBDE8F09F2DE9F04123
:1044C00016460D4692B0074651EA06007AD0012BF7
:1044D0001DD03E493846F9F7CBFB3D493846F9F740
:1044E000C7FB002238460921FBF7ECF9012869D106
:1044F000324629463846E9F72EF8012862D112B033
:10450000384600220A21BDE8F041FBF7DBB9384606
:10451000FEF76CF980466846F9F7F2FB2D484FF438
:10452000C874009703902DB34046F9F7ADFF4010D3
:104530002A460021F9F72AFCC82801D2C82002E047
:10454000A04200D920460B903846FEF7FCFA291A03
:104550006A4640420890CDE909011D4809210190B1
:104560001D4807903846FBF7ADF901282AD1684667
:10457000F9F71AFC002E25D04046F9F7C1FF40108C
:1045800032460021F9F702FCC82801D2C82002E017
:10459000A04200D920460B903846FEF7DBFA311ACC
:1045A0006A4640420890CDE9090108480921019076
:1045B000094807903846FBF785F9012802D168467B
:1045C000F9F7F2FB12B0BDE8F0810000D3DA02087F
:1045D000BBDA0208A5D7020835DD01082DE9F0474E
:1045E000154699460C46824651EA050065D050466C
:1045F00000F0E0FA5046FEF7A6FA40420FFA80F8C3
:1046000008EB040004B250460021FEF714FE012816
:1046100013D0002C13DC25DA5046FEF7C1F906460C
:104620005046FEF71DFA304400B2002800DA0020A0
:104630004042844216DA04B214E0002C02DA4FF051
:1046400000040FE00EDD5046FEF7AAF9064650467C
:10465000FEF706FA304400B2002800DA0020844257
:1046600000DD04465046FEF775FA404206B2701966
:1046700005B2002D02DD4FF0000510E00FDA5046C4
:10468000FEF75AFA07465046FEF730F9384400B2B2
:10469000002800DA00204042854200DA05B2AA1B59
:1046A000A4EB080001B212B251EA020005D04B4659
:1046B0005046BDE8F047FFF701BFBDE8F08770B591
:1046C0001D46164604461A4600F024F82A4631468E
:1046D0002046BDE8704000F033B8F8B50E460446F9
:1046E00000F068FA002000902046FEF7F3F804F18D
:1046F000140705460AE033466A462146384609F063
:1047000057F82C462046FEF7E5F80546002DF2D175
:10471000F8BD000070B514460D4608490646F9F785
:10472000A7FA3046FEF70FFA401B234601B2304687
:10473000BDE870400022FFF751BF0000BBDA02085D
:1047400070B514460D4608490646F9F791FA304609
:10475000FEF700FA401B234602B23046BDE8704027
:104760000021FFF73BBF0000D3DA02081FB502AA01
:1047700004466946FEF7F6F96846F9F78DFB20B95D
:1047800002A8F9F789FB002810D06846F9F784FBE6
:1047900018B169462046FFF7EAF802A8F9F77CFB52
:1047A000002803D002A92046FFF7E1F81FBD38B565
:1047B00000230C46042105466A46FEF76BF80128E3
:1047C00007D0002804D100222146284600F03EF9F7
:1047D00038BD0098A042F6D138BD2DE9F04115460C
:1047E0000C461F4606461946F5F7B0FD2A462146F7
:1047F00000F004FF224639463046BDE8F041FFF79D
:1048000011BD70B51546044600F074F929462046DE
:10481000BDE8704000F084B970B50C460546FDF760
:104820009DF9A868017E01F00302A24207D064F35B
:10483000010101762846BDE87040FFF775B870BDEC
:1048400070B51546044600F03FF929462046BDE8FC
:104850007040FFF7ACBF00002DE9F34F8FB08246E8
:10486000008C109988427DD004905046AAF8201000
:10487000109A0499E8F756FF5FEA000872D04FF4E7
:1048800020742046FCF750FF21460290FDF776F891
:104890000024204672E000BFDAF80C00042202EB8C
:1048A000C90500EBC9010D91405920F07F4000F08F
:1048B00050F90090DAF80C00405920F07F4000F0E9
:1048C00045F9069010990098884355D10D98406895
:1048D000800151D40D9867210AAA006800F0FAFC03
:1048E000012849D10A9D002740E000261EE000BFB4
:1048F000029806EB860100EB81010E91D1F804B01D
:10490000584600F026F90890584600F01FF92A682A
:104910000E9932F8172009898A4206D106998842F1
:1049200003D100990898884202D2761CA642DFD3B0
:10493000A6421AD1029B04EB84010298AA8900EBDB
:10494000810023F82120298A4180A968C160296853
:1049500031F817100181696801610D99496821F0EA
:104960007F4100E04DE0641C41607F1C286830F806
:10497000170008B1202CB8D309F101008146BAF81C
:104980002200C0F30511494501D9202C84D300250C
:1049900010E000BF029805EB850100EB810670680E
:1049A00000F0D4F8109B0146049A50460096E8F7B0
:1049B00017FE6D1CA542EDD30298FCF703FFB8F17A
:1049C000010F0ED0B8F1030F11D0B8F1020F18D1BA
:1049D0005046FEF7A9FF11B05046BDE8F04FFFF773
:1049E000DEBB11B05046BDE8F04FFEF79DBF11B0E1
:1049F00050464FF470214FF6FF72BDE8F04FFFF7BD
:104A000011BC11B0BDE8F08F07B481B01346BDF8FA
:104A10000810ADF800102021009A04B0FFF7DDBEA9
:104A200013460A462121FFF7D8BE07B481B01346CA
:104A3000BDF80810ADF800103021009A04B0FFF75F
:104A4000CCBE13460A463221FFF7C7BE13460A46BC
:104A50000421FFF7C2BE13460A466021FFF7BDBE20
:104A600013460A461221FFF7B8BE13460A46102124
:104A7000FFF7B3BE13460A460B21FFF7AEBE13463F
:104A80000A465B21FFF7A9BE07B481B01346BDF803
:104A90000810ADF800105521009A04B0FFF79DBE34
:104AA00013460A465721FFF798BE13460A460121CE
:104AB000FFF793BE13460A460721FFF78EBE134643
:104AC0000A460821FFF789BE38B500230C460121AC
:104AD00005466A46FDF7DEFE012807D0002804D10E
:104AE000002221462846FFF7E0FF38BD0098A0428B
:104AF000F6D138BD38B500230C46072105466A4675
:104B0000FDF7C8FE012807D0002804D10022214665
:104B10002846FFF7CFFF38BD0098A042F6D138BD38
:104B200038B500230C46082105466A46FDF7B2FE5B
:104B3000012807D0002804D1002221462846FFF78B
:104B4000BEFF38BD0098A042F6D138BD00F47F000A
:104B5000704780B270472DE9F0411E4615468846E1
:104B6000070025D0E8F7F1FC022813D000249EB1FD
:104B70003DB13846FDF7AEFE33462A464146FFF7C3
:104B8000EAFF002C14D0324641463846BDE8F041D9
:104B90000AF004BA0124EAE724B132464146384615
:104BA0000AF0FCF9002D03D03846FDF793FED7E755
:104BB000BDE8F08170B50B4D2978002911D1012194
:104BC0002970FDF78BFE044606E000BF20F00400CC
:104BD00060842046F8F73AFC608C4107F6D4002048
:104BE000287070BD4C020124132808B505D3F9F7CD
:104BF00043FA0090BDF8000008BD024901EB4000F7
:104C0000008808BD807904082DE9FE4F0C00174686
:104C100005461E4602D1B7F5807F72D02888002C49
:104C20003188A0EB010001B2298070886A88A2EB6C
:104C3000000000B2688066D0DFF8FCB0DBF800004E
:104C4000A04244D0B4F5616F204601DDA4F5616057
:104C5000002801DA00F561600A2190FBF1F8C8F143
:104C600000030FFA88F203EB830308F1010A00EB5B
:104C70004309104600F074FF02900FFA8AF000F02A
:104C80006FFF08F15A01019008B200F069FF0AF1C4
:104C90005A01009008B200F063FF0299C9F10A02BC
:104CA0000346DDF804C04FF00A0802FB01F000994A
:104CB0000CFB09004A4303FB092190FBF8F091FB30
:104CC000F8F1CBF8004042114911CBE90121DBE9B1
:104CD0000132B5F90010B7F5807FB5F902003488CC
:104CE0001BD002FB01FC594303FB10C302FB001065
:104CF0007B43784304EBA3412980718801EBA040FA
:104D00006880BDE8FE8F79433288784302EB212129
:104D10002980598801EB2020F2E702FB01F7594373
:104D200003FB107302FB001104EBA32028807088A2
:104D300000EBA120E4E70000CC02012430B5B0F97B
:104D40000420B0F900300D88D21A448802EBD272E8
:104D5000521098184B88291AA018181A11FB01F143
:104D600012FB02F210FB0010904201D8012030BD6E
:104D7000002030BD00B58FB06846F8F78DFD0748BC
:104D8000007848B99DF80000022805D1F0F7CEFE62
:104D900010B101200FB000BD0020FBE71C02012470
:104DA00070B519480021F8F79BFD184D4FF001042C
:104DB00030B3DEF756FCF8F747FE08B3144A4FF459
:104DC000D2531448A2F55251F9F768FA11481C3031
:104DD000F9F774FA0F484FF48C72F0211C300280FE
:104DE00041800C49C1600C4941610C4981620169F3
:104DF00021F003010161F9F78BFA08B1012070BDC0
:104E00002C70002070BD000081EF02081C020124FC
:104E10008034002488B7022429820108CD82010849
:104E2000F8F7ACBDF8F738BD30B58FB00546684629
:104E3000F8F732FD104C6078D8B99DF83800C0B949
:104E40006068B0B99DF80000032812D1F0F76EFE3B
:104E500078B10120607009480021F8F741FD40B1A8
:104E60002846F8F7F1FD20B10020207001200FB096
:104E700030BD0020FBE700001C02012481EF020886
:104E80003EB502000C4624D0002C22D094E80B0042
:104E90008DE80B00607800F03DF869468DF8010060
:104EA0001046F0F713F99DF8012000210C48062A5E
:104EB0000ED2DFE802F00D03050F11130A2200E005
:104EC000142242602278022A02D0012A01D1012153
:104ED00001703EBD1322F4E71122F2E71222F0E73F
:104EE0002402012410B504460848FBF748FD074892
:104EF0000221017006494160FBF756FD002803D0EE
:104F00002146FBF786FE012010BD0000F4B7022405
:104F1000D9C50108022807D0032807D0042807D0E4
:104F2000052800D1032070470520704704207047F2
:104F3000022070472DE9FC4100250E46143107463A
:104F40002A46E7F79DFD002826D001213046FEF7CE
:104F500081FB00BB3046E8F7F8FAE0B900206A466A
:104F600012218DF8000030460197FAF7ABFC9DF84E
:104F7000000002280FD03046FDF7ACFB401E0400B5
:104F80000ED4B068006850F824103846FFF7D2FFFE
:104F9000050009D102E00020BDE8FC81641EF0D5C7
:104FA0009DF8000000B935462846F5E72DE9FC419B
:104FB000DFF8B48000254FE0294491F83011E9BBB7
:104FC000002441E0011991F83011C1BBA5423AD04B
:104FD00000EBC40100EBC50030303031E7F7A4FD31
:104FE00068B37068B04600EBC40200EBC5016846C8
:104FF00030313032E7F747FE6846F8F74DFF064696
:10500000D8F8040000EBC5003030F8F745FF07463C
:10501000D8F8040000EBC4003030F8F73DFF384406
:10502000864210D2D8F804004646694600EBC50017
:105030003030F8F70DFF7168012001E00BE002E06D
:10504000214481F83001641CD8F804004646B0F8C9
:105050005011A142B6D86D1CD8F80410B1F85021F7
:10506000AA42A9D8BDE8FC815802012410B5F9F77D
:10507000F3F9BDE81040F9F72DBA00002DE9F0472B
:10508000A6B09946154688460646DDF8B8A0FDF755
:10509000ADFB0446FFF7EAFFB042074675D0A069B2
:1050A000B04272D0B8B108F053FBA0690021F8F704
:1050B000DFFD0022A0691146FFF7A3FBA0690022D3
:1050C0006021FFF74FF994F82800800702D5384691
:1050D000FCF7ACFFA7696069A66138B194F82810A5
:1050E000890703D5FCF7A2FF00206061B8F10A0F21
:1050F000404655D00B2853D00C2851D00D284FD006
:10510000B8F10E0F4CD0002194F8280061F3000094
:1051100000216AF3410084F828003046F8F7A8FD22
:10512000FFF7A4FF0021F8F7A3FD00223046114647
:10513000FFF767FBFFF79AFF00221146FFF761FBBD
:10514000002230466021FFF70DF9FFF78FFF0022A4
:105150006021FFF707F955EA090023D014A8F8F7F2
:10516000CFFD5648169056481496C9F10006179080
:1051700003A8CDE91F56F8F7C3FD2069B8F10F0F5A
:10518000CDE90E56039026D200E014E0DFE808F0E7
:10519000161A242A3037475B6C7D824051647600B2
:1051A0000121B1E7304608F0D3FABAF1000F02D07E
:1051B0003846FCF73BFF26B0BDE8F0874148159024
:1051C000002004E03F4815902046F9F75DF90021E2
:1051D0001C90CDE91D0164E03A4815902046F9F78E
:1051E00053F90AE0384815902046F9F789F9EEE7B7
:1051F000354815902046F9F783F94042E7E73148F2
:1052000015902046F9F740F900211C90CDE91D01C9
:105210002C48002504902046F9F736F922E0294869
:1052200015902046F9F730F940421C900021CDE955
:105230001D012448002504902046F9F725F9CDE901
:105240000C500B952DE0204815902046F9F758F9A1
:1052500000211C90CDE91D011B480025049020462B
:10526000F9F74EF94042EAE7174815902046F9F75A
:1052700047F940421C900021CDE91D01124800254C
:1052800004902046F9F73CF9D9E710481590002022
:10529000FF219DE70D480490FF2000210B90CDE9F0
:1052A0000C01002238462521FAF70CFB14A8F8F768
:1052B0007BFD03A8F8F778FD7DE700002DD70208F5
:1052C000D5D602083DDF020843DF020877810208D5
:1052D00000F052B870B514468288C379A2F57F45B4
:1052E000FF3D07D07BB3012B35D90668002206EBC2
:1052F00083052DE0002213E0056805EBC2052E882A
:1053000026F440468E420AD12888010429D440045C
:1053100001D5304614E068682060012070BD521C41
:105320009342E9D825E000BF35F8120020F4404050
:1053300088420CD135F812100B0412D4490403D55D
:1053400000F074F8E8E714E006EB82000FE0521C6E
:105350009342E9D80DE022F440438B4209D1110475
:1053600001D5022070BD510401D51846E8E7006858
:10537000D2E7002070BD000070B514468288C37962
:10538000A2F57F45FF3D07D07BB3012B35D90668D9
:10539000002206EB83052DE0002213E0056805EBF3
:1053A000C2052E8826F440468E420AD12888010480
:1053B00029D4400401D5304614E0686820600120FB
:1053C00070BD521C9342E9D825E000BF35F81200A9
:1053D00020F4404088420CD135F812100B0412D44E
:1053E000490403D500F022F8E8E714E006EB820058
:1053F0000FE0521C9342E9D80DE022F440438B4267
:1054000009D1110401D5022070BD510401D51846FF
:10541000E8E70068D2E7002070BD0821FCF7AEBACB
:10542000C07908B100207047012070471CB545289D
:105430004FF000024FF0FF0155D01EDC302844D061
:105440000EDC222841D006DC032853D0062851D098
:10545000202830D135E0252845D029282BD142E01D
:10546000362832D004DC31283DD0332823D13CE02B
:10547000372838D044281ED127E0552825D00EDC07
:105480004E2830D006DC46282DD047281DD04D2888
:1054900011D11AE0522818D053280CD123E06028EB
:1054A00021D004DC56281ED0572804D120E06128E2
:1054B00019D06D2802D0009200981CBD4FF4807066
:1054C00014E0FF221146104602E000221146104669
:1054D000F8F793FE0190BDF804000190BDF80400B8
:1054E000ADF80000E8E70091E6E70F200090E3E761
:1054F0000248FBE741F6FF70F8E70000A8ED03085B
:1055000010B50C46E8F714FA204000D0012010BD79
:105510002DE9F0410F4681880446A1F57F40FF3810
:1055200055D0E07900284DD0012804D0266800210C
:1055300006EB800549E021F44040B84247D1002005
:10554000A080E0713DE000BF35F8112022F4404218
:10555000BA4239D1022813D0401E00EB400040006F
:10556000FCF7B0F8010032D0E37900202160024658
:105570005B1E03F0FF0C84F807C001EB8C0319E0FD
:105580000120E07121B12888A0803068206015E0FA
:105590006888A0807068F9E735F810C0BC4508D06D
:1055A00056F820C041F822C035F810C023F812C0C8
:1055B000521C401C94F807C08445EDD23046FCF7DD
:1055C00013F90120BDE8F081491C8842BCD80020B5
:1055D000F8E710B504468088A0F57F41FF390BD06D
:1055E000E079012802D92068FCF7FEF82046BDE8E2
:1055F00010400821FCF7C2B910BD0000014B00F0BB
:1056000007B80000095602081080196070470000B2
:105610002DE9F0470446808889461D46A0F57F4164
:10562000FF3968D0E17929F4404617464FF0010868
:10563000012936D92368084603EB81020BE000BF3D
:1056400032F810C02CF4404CB44504D103EB800375
:1056500002EB40022CE0401EF2D5491C01EB410058
:1056600041001846FCF7E4F8020044D0E0792260DB
:1056700002EB800106E000BF01EB400C31F8103076
:10568000ACF80430401EF7D5E0793946401CC0B272
:10569000E07102EB800303EB40024846921E1B1FA1
:1056A00020E02AD120F44040B04207D1221D2346F9
:1056B00039464846AC46BDE8F04760470C20FCF749
:1056C00001F8002817D021682060E279521CD2B27C
:1056D000E271A38800EB820222F8023B031D016005
:1056E00039464846A8473046E8F71BF9A27908FA38
:1056F00000F10A43A271BDE8F087221D234684F819
:105700000780EDE770B5044600F010F805000AD0F8
:10571000054A00212046FEF754FE21462846BDE8F2
:105720007040EDF72FB970BDFFFF0F0010B510B13D
:10573000FDF75CF801E0F8F78FFEBDE81040F8F7E0
:10574000D9BE10B5044600F003F8001B10BD0000E0
:105750000349012248680A700B78002BFBD0704780
:10576000B8020124034900220A704A6810444860C4
:1057700070470000B80201242DE9F04115460E469D
:1057800007460D48E7F722FE040010D00021A7606D
:105790004FF0FF302660C4E90401FFF7D9FF074945
:1057A00060600120E56008712046BDE8F081EFF7F8
:1057B00037F90020F9E7000014B902240803012496
:1057C00010B5044601460548E7F776FE0449012076
:1057D000C8702046BDE81040FCF706B814B9022492
:1057E000080301242DE9F047494CA07810B10120AD
:1057F000BDE8F0870120A0702078002628B1FFF7CF
:10580000A7FF5FEA000902D007E0A670EFE7206972
:10581000401C2061642800D926614FEA06083D4DEE
:1058200084F803803C4884F80480E7F7AAFD2860E8
:1058300037E03948E7F7B7FD2E680746307DC007E7
:105840002ED18246304600F078F888B93069B0F140
:10585000000A01DD401E3061FFF77AFFB168706019
:1058600021B1BAF1000F01D0304688474FF0010A4C
:10587000E07820B9306910B93046FFF7A1FFBAF1DE
:10588000000F0DD02079E178084309D0286800285E
:10589000C6D100BF20484FF0FF36E7F772FD11E098
:1058A0002F6029680029C4D1F4E7287DC00705D1FD
:1058B000284600F042F8B04200D206461648294673
:1058C000E7F771FD0500F0D14846FFF73AFFE168C0
:1058D0000844E060A068FFF734FFB0F5FA7F13D307
:1058E000E16864225143B1FBF0F0C0B260706428FB
:1058F00001D9002001E0C0F1640060702546C4F8C1
:105900000C80FFF725FFA860304684F802806FE71F
:1059100008030124DC02012414B90224012141619D
:10592000704710B50446FFF713FF2168401A401E68
:10593000606010BD00214161704710B504464068A9
:10594000FFF7FFFE2168814201D8002010BD081A30
:1059500010BD70B5083A0C46034602F00300111A58
:10596000A00705D1A1F10C0047F6F572904201D3D2
:10597000002070BD2078251F00F00300084320F0B0
:10598000020040F00101184621602946EEF75AF95D
:105990002846EEF78FF9017902214160204670BD5B
:1059A00070B5810701D0002070BD002380601946CA
:1059B000C0E9030300EB8105002200EBC1146B6119
:1059C00004EB8206521C202AB063F9DB491C09292A
:1059D000F0DB70BD70B50C460546FFF7E1FFA4F59E
:1059E0009762064605F59761FFF7B3FF304670BD35
:1059F0002DE9F0414FF0000641B3A1F1080405463E
:105A00002079C00701D0EFF70BF866682046EEF763
:105A1000ABF92079800711D527680FB9EFF700F8A7
:105A20003879C00701D1EEF7FBFF39462846EEF77B
:105A30000AFA21463846EEF7E7F80446284621469A
:105A4000EEF7ACF901462846EEF7FCF83046BDE823
:105A5000F08170B50A46054604211046E8F772F851
:105A6000044601462846EEF72BF901462246284611
:105A7000BDE87040EEF7BDB92DE9F05F0C0090462F
:105A800081464FF000053AD0B8F1000F33D0A4F1B1
:105A900008052846EEF79FF969688246406821F0BC
:105AA000030620F00300304400F1040B40460421BB
:105AB000E8F748F8B045074600D92FB32879C00762
:105AC00001D0EEF7ADFFB74221D99AF80400C00724
:105AD00001D05F451BD941464846FFF7BAFF050094
:105AE0003BD04645404600D306462146324628462E
:105AF000FBF7BAFE21464846FFF77AFF2DE0114634
:105B0000FFF7A7FF054628E00020BDE8F09FB74259
:105B100006D929464846EEF741F92846EEF731F90D
:105B200028792E464D46C00701D0EEF779FF394659
:105B30003046EEF77DF878B139463046EEF794F905
:105B40000146406820F0020048602846EEF726F93A
:105B500001462846EEF776F825462846D5E70000A8
:105B60004FF4B47190FBF1F201FB1200002802DA4D
:105B700000F5B47000B20E495A2802DA31F910006B
:105B80007047A0F15A025A2A03D2C0F1B40000B201
:105B9000F4E7A0F1B4025A2A01D210B202E0C0F533
:105BA000B47000B231F81000404200B270470000FB
:105BB000FC7A04082DE9FF4F83B05FEA0009119FCA
:105BC0006FD099F8000000286BD00498002879D095
:105BD0001098800702D541F6FF700690424A0024D3
:105BE0000094A3460194254626464FF0FF3852689C
:105BF00069464846904782460098019058E03A4AE4
:105C000001A94846526890478346109806F101065C
:105C1000C00709D012985146E7F750FF20B1DDE9DF
:105C20000040DA46009043E004985A465146F9F79E
:105C300047FF00B229180DB2002802DD059828445C
:105C400005B2B8F1FF3F05D10598291A069881429F
:105C500000DDA0465046BAF10A0F1AD0BAF10D0F76
:105C600017D0014645F2A512A0F59C40904210D9EC
:105C7000002005E01DA2125C8A420AD0401CC0B27E
:105C80001AA2125C002AF5D177B1B8F1FF3F0AD011
:105C90000AE024B9B8F1FF3F01D107B13D60761E9B
:105CA0000AE01FE00EE03D60DA46DDE900410091C8
:105CB00019F804000028A2D1B8F1FF3F05D01398CD
:105CC00068B1404607B0BDE8F08F2EB1BAF10D0FB4
:105CD00003D1BBF10A0F00D1009C2046F2E70FB1BF
:105CE000002038600020EDE71C030124202C2E3B0F
:105CF0003A2D5F002DE9FF4F83B004464FF00000BE
:105D000093460F00DDF848A0DDF8409020806080C9
:105D100049D0BBF1000F46D05FEA8A7002D541F648
:105D2000FF7011900025BBF80860A84625E078199F
:105D3000002100915946CDE901A0119B069AE7F791
:105D40003DFE8044B4F9020006EB09028118B1F56A
:105D5000004F28D230445A4648446080069BA8EB46
:105D600005010298CDF800A000F022F8B4F9001067
:105D7000814200DB084645462080785D0028D6D168
:105D80005DB1781910F8010C0A2801D00D2804D152
:105D9000618806EB090008446080B4F9021029B15B
:105DA000A1EB0900608007B0BDE8F08F6680FAE7DC
:105DB0002DE9FF4707001E4690460D46DDF830905E
:105DC0000CD0B8F1000F09D03878002807D0002097
:105DD000009004468DF80800EDB923E0002004B0DF
:105DE000BDE8F08703AA6B4601A93846E7F7CEFD68
:105DF0005FEAC97004D0019902A8E7F75FFE50B9C5
:105E0000039A40460199F9F75BFE00B2002802DDD3
:105E10002044304404B20098A842E3D3002C01DDB2
:105E2000A01B04B22046DAE72DE9F0410024DFF898
:105E30002C800F460646254607E0D8F8001030199A
:105E4000884700B901206D1C0444BD4202D2305D78
:105E50000028F2D12046BDE8F08100001C03012497
:105E6000F8B50746074E00200D460446009004E0B2
:105E70007268694638469047641C0098A842F7D378
:105E80002046F8BD1C030124F8B50024074E054642
:105E90002046009405E072686946284690470098BD
:105EA000641C285C0028F6D12046F8BD1C030124A0
:105EB00078B504464FF00005009501B969460A68B7
:105EC000A05C030601D405463AE006260223B6EBA1
:105ED000501F09D1521C0A60C006A45C400D2AE084
:105EE00004F03F031D182BE00E26B6EB101F05D162
:105EF000521C0A600007A55C000C12E01E26B6EBDF
:105F0000D00F1DD1521C0A604007A55CC00AB3EB3C
:105F1000951F13D1521C0A6005F03F06A55C00EBEB
:105F20000630B3EB951F09D1521C0A6005F03F05FE
:105F3000A45C00EB8510B3EB941FD1D0002078BD9A
:105F4000521C28460A6078BDF8B507460868002547
:105F50000E4E401E0C46086002E0042D13D220684D
:105F600031683844884718B9216861B1491E2160F9
:105F70006D1C0028EDB2F0D02068694600903846CC
:105F800072689047F8BD0020F8BD00001C03012492
:105F90000078010601D4012070470621B1EB501FA3
:105FA00001D1022070470E21B1EB101F01D1032057
:105FB00070471E21B1EBD00F01D1042070470020A3
:105FC00070470000384A00201168890311D4BFF3DC
:105FD0004F8FBFF36F8F35490860BFF34F8FBFF30B
:105FE0006F8F116841F400311160BFF34F8FBFF321
:105FF0006F8F1168C90322D42B4970310860BFF339
:106000004F8F081F43F6FF740068284D1035C0F30A
:106010004E31C0F3C90304EA4116184646EA8077B8
:106020002F60401EFAD2491EF5D2BFF34F8F106881
:1060300040F480301060BFF34F8FBFF36F8FE0F7F5
:1060400019FBE4F717FBE3F703FDE3F791FBE3F735
:10605000C9FBE3F703FCECF7B9FC08F0E3F9E0F760
:10606000EFFA0446E0F7F2FA4440E0F7F5FA44406C
:10607000E0F7E0FA4FF0E0210D4A896944400D480D
:1060800052684C405440444000D10124E0F7D2FA19
:106090004FF47A712246A0FB0101EAF78DF8E3F78D
:1060A00017FC02F073F8FEE714ED00E050EF00E09B
:1060B000001000E026207EA3842801464FF0000057
:1060C00000D0C81C704700002DE9FF4F8BB0CC8872
:1060D0004F8806468A881D46DDE919BA0B885FEAB3
:1060E0000A00A4EB0700A2EB030100F101000FFA84
:1060F00080F8584601F101010FB205D0FD286ED994
:106100000020A7F1040B33E1FD2813D37F00002406
:106110000BE03A4629463046FBF7A6FB0D98641C77
:1061200006EB4006189805EB40054445F1DB0FB03F
:10613000BDE8F08F002021E0002415E006EB440AC2
:106140005A4605EB4401BAF80000ADF8180008887B
:10615000ADF81400DDE90501F8F766F80590641C58
:10616000BDF81410AAF80010BC42E7DB0D9806EB4E
:106170004006189805EB400509F1010040458146AD
:10618000DADBD4E70024D1461CE000BF99F80020F8
:10619000AAB1FF2A1CD006EB4400069005EB44018F
:1061A0000088ADF824000888ADF82000DDE908017A
:1061B000F8F73AF807900698BDF81C100180641CA7
:1061C00009F10109BC427EDA5FEA8970DED17AE02A
:1061D00005EB440006EB440100880880EFE7D3E0BC
:1061E000D9F80000F0B3401C72D099F80020AAB191
:1061F000FF2A79D006EB4400099005EB44010088A2
:10620000ADF820000888ADF81C00DDE90701F8F7BB
:106210000BF806900998BDF81810018009F10100EB
:10622000059099F80120AAB1FF2A64D006EB44003A
:10623000099005EB44014088ADF81C004888ADF892
:106240002000DDE90710F7F7EFFF06900998BDF889
:10625000181041800598401C05900278BAB1FF2AB9
:1062600050D000E02CE006EB4400089005EB440120
:106270008088ADF824008888ADF81C00099907983B
:10628000F7F7D2FF06900898BDF81810818005989E
:106290004278AAB1FF2A3CD006EB4400089005EBF7
:1062A0004401C088ADF81C00C888ADF81800DDE9CD
:1062B0000601F7F7B9FF0590BDF814100898C180E2
:1062C000241D09F104095C458ADB45E000E00BE090
:1062D00005EB440106EB44000A8802804A884280AC
:1062E0008A888280C988EAE705EB440006EB44010E
:1062F0000088088092E705EB440006EB44014088E3
:106300004880A7E705EB440006EB440180888880BD
:10631000BDE705EB440006EB4401C088C880CFE729
:1063200099F80020AAB1FF2A27D006EB4400099073
:1063300005EB44010088ADF820000888ADF81C008A
:10634000DDE90701F7F770FF06900998BDF818100E
:106350000180641C09F10109BC42E1DB0D981B9925
:1063600006EB400618988A4405EB40050198401C4E
:1063700001904045FFF606AFD9E605EB440006EB79
:10638000440100880880E4E700202CE000241EE09F
:106390001AF80400D0B1FD2801D35A4602E000FBF0
:1063A0000BF0020A06EB4400039005EB4401008861
:1063B000ADF818000888ADF81400DDE90501F7F71D
:1063C00033FF05900398BDF814100180641CBC4293
:1063D000DEDB0D9806EB4006189805EB40051B9890
:1063E000824409F1010040458146CFDB9FE6000071
:1063F0002DE9FF4F85B09A460C46DDF850B0E7F71F
:1064000089FA0390BBF1000FA1882288E388A1EBF1
:106410000200658800F10100A3EB050101F1010113
:1064200006B20FFA81F801D000204BE000271DE0F2
:10643000002515E0139802900AEB4500079A0088A2
:10644000ADF804006088384400B2009003982188B9
:10645000294400680BB20599D0F81CC0E0476D1CB8
:10646000B542E7DB12997F1C0AEB410A4745DFDBA7
:1064700009B0BDE8F08F00251BE000BF1BF8050048
:10648000B0B113994843000A02900AEB4500079AFD
:106490000088ADF80400618801EB090000B20090AB
:1064A00003982188294400680BB20599C769B84749
:1064B0006D1CB542E2DB159909F101008B4412997C
:1064C0000AEB410A81464045D5DBD1E770B580280B
:1064D00015460E46044605D2E117002004EB9171E3
:1064E000891006E008F0B2FB411FCC40801F84F009
:1064F00020013060296070BD012803D0022803D03C
:1065000002A0704703A0704703A07047E69CAAE76B
:106510009FA500004D495400504F53002DE9F04F06
:1065200005009146CDB09A460CD095F8050248B1C9
:10653000589838B15FF00006D5F8FC815FEAC87062
:1065400045D103E001204DB0BDE8F08F4FF49871C4
:106550006846DAF7C7FB95F8F8210024CDE9489A98
:106560008DF81821EB46D5F800024A9004EBC400E0
:1065700004EB840105EBC0070BEBC1003946282270
:10658000DAF754FB97F83D00B8B1D7E90601B9EB4B
:1065900000037AEB010210D3B9EB0000DDE956C32A
:1065A0006AEB0102BCEB0000934106D301209DF889
:1065B0002C11A04001438DF82C11641CE4B2072C6F
:1065C000D4D3D5F8FC01804501D1C00705D0761C95
:1065D000F6B2032EB0D30720B5E758984FF498725F
:1065E0006946DAF723FB0020ADE70000FEB50400A2
:1065F0000D4625D025B34FF40271DAF773FB6946D7
:106600002846ECF70DFAE8B15FF00000431C00EB00
:10661000C001C0EB001204EBC10105EB820281F85E
:106620003C00D8B2D68807288E861289CA86EDD358
:10663000002184F8F811012084F805020846FEBD07
:106640000120FEBD0220FEBD2DE9F84304001D46D9
:1066500090460F461BD094F80502C0B1BDB1286822
:10666000E5F710FFB0B16868E5F70CFF90B1A868D6
:10667000E5F708FF70B1E868E5F704FF50B1286955
:10668000E5F700FF30B101266946002004E0012053
:10669000BDE8F8830520FBE700EBC00304EBC30271
:1066A000D28EBA420BD108709DF8000000EBC000FA
:1066B00004EBC007B98E414507D00420E8E7401C31
:1066C000C0B20728E8D30320E2E797F83D0040B1C5
:1066D000D7E90630D5E90612591A904101D30620B0
:1066E000D6E7D4F8FC01401CC4F8FC0104F5FC74A6
:1066F000294628223846DAF799FA87F83D6030466D
:106700009DF80020217B9640314321732070A068C2
:10671000401CA0606068401C60600020B8E700007A
:1067200070B5040015460E4609D094F8850130B1C5
:106730002DB194F87001012803D0052070BD04200C
:1067400070BD204600F08BF894F88311244B8288AA
:10675000B242595C06D12A894088824202D1A87A85
:10676000884201D0062070BD2946204600F008F975
:106770000028F8D194F88301002584F88451401C46
:1067800084F88301C0B20C2825D394F8820100EB71
:10679000800202EBC00204EB8202928EA2F57061CD
:1067A000FF3906D1012194F8802181400A4384F801
:1067B000802194F8820184F88351401C84F882017E
:1067C000204600F0CBF894F88201072803D302207A
:1067D00084F8700101E084F87051002070BD000061
:1067E000F80803082DE9F04104000E4605D094F89E
:1067F000850110B10EB1300602D50420BDE8F0814C
:1068000000254FF0010800BF08FA05F0C7B23E426C
:106810000ED005EB850000EBC500342104EB8000B1
:10682000001DDAF75FFA94F88001B84384F880011C
:106830006D1CEDB2072DE7D384F88161002084F848
:106840008201054684F8830184F88401C4E95E006E
:10685000204600F083F8002084F87051CEE790F8CD
:10686000821104220068C1EB011102EB810108448E
:1068700070473EB504000D4615D0A5B14FF4C47164
:10688000DAF730FA69462846ECF7CAF868B12560AD
:106890007F22002184F88121012084F8701184F87E
:1068A000850108463EBD04203EBD032084F87001EA
:1068B00007203EBD2DE9F041040016461D46069F07
:1068C0000ED094F8850158B157B194F870010228A0
:1068D00009D0032809D001284FF0030807D01DE094
:1068E0000420BDE8F0810320FBE70520F9E7D4E9A7
:1068F0005E01321A75EB01020AD3331A44F62062A4
:1069000065EB0100991A70F1000001D20220E8E75E
:1069100094F88401042801D309200CE02046FFF7F5
:106920009EFF94F883110C4A8078515C3A4606F039
:1069300005FE18B10A2084F87081D2E794F884012A
:10694000012184F87011C4F87861401C84F8840136
:106950000846C4F87C51C4E7F8080308012210B5C2
:1069600002E0491C80F8821190F88211072905D2B3
:1069700090F8813102FA01F42342F2D010BD0000F8
:106980002DE9F0410C460646FFF769FF014696F8EF
:10699000820196F883210123032700EB800505EB94
:1069A000C0055348934006EB85052D1D805C1FFAFA
:1069B00083F80D2851D009DCA0F1040007281DD26E
:1069C000DFE800F011213241541C5B0016286BD027
:1069D00004DC0E2844D0152810D156E0172873D0B7
:1069E00024280BD13FE06068E5F753FD30B194ED0A
:1069F000010AB5EEC00AF1EE10FA01D8082028E02D
:106A000085ED030A6EE06068E5F743FD0028F5D0E8
:106A100094ED010AB5EEC00AF1EE10FAEED0B0EE38
:106A2000C00A85ED040A5DE06068E5F732FD0028E4
:106A3000E4D094ED010AB5EEC00AF1EE10FADDD90A
:106A400085ED050A4EE02068A8618988206811E07C
:106A5000072086F87071BDE8F0812068686241E027
:106A60002068A8623EE02068E8623BE02068E861B8
:106A7000498820688842EBD134E020682862206889
:106A800001282FD00228B9D12CE06068E5F701FD7C
:106A90000028B3D094ED010AB5EEC00AF1EE10FA69
:106AA000ACD985ED000A1DE06068E5F7F2FC00282E
:106AB000A4D094ED010AB5EEC00AF1EE10FA9DD90A
:106AC00085ED010A0EE0FFE76068E5F7E2FC0028CB
:106AD00094D094ED010AB5EEC00AF1EE10FA8DD90A
:106AE00085ED020A288E40EA080028860020B2E7D9
:106AF000F8080308FEB5040016461F4641D094F876
:106B0000BF03E8B394F8A80301283ED002283CD084
:106B100003283AD000250096012002220021CDE969
:106B2000017004F5707000F0FCFE02222046002186
:106B3000CDE9006700F016FF94F8BE13002079B18C
:106B40000021022384F8803384F8910384F89203AF
:106B500084F8930384F8940384F8BE03C4E9E21133
:106B600065B184F8A803002184F8BA0384F8BB0354
:106B700084F8BC0384F8BD03C4E9EC110020FEBD19
:106B800001E00420FBE70520F9E70125C3E7000049
:106B9000F0B516460A8893B00D4601681F460446B4
:106BA0006B4600204FF0080CC0EB001E0CEB8E0E65
:106BB00031F80EE0964512D118700CAA9DF800002D
:106BC00000EB800101EBC00004EB8001284601F5D9
:106BD000057106F0E9FA04280ED090BB13E0401CC2
:106BE000C0B20728E0D300BFD4F8A403401CC4F807
:106BF000A403092013B0F0BDD4F8A403401CC4F8CA
:106C0000A4030820F6E7282102A8DAF76BF89DED27
:106C10000C0A8DED020A9DED0D0A8DED030A9DED26
:106C20000E0A8DED040A9DED0F0A8DED050A9DED0E
:106C3000100A8DED060A9DF84500082802D301468A
:106C400001E014E0002107AA02AB82E8C2008DF83F
:106C5000280004F1080029889DF84420FFF7F4FC7F
:106C60000428C1D00328BFD0062807D068B1D4F8C3
:106C7000A403401CC4F8A4030720BBE7D4F8A40372
:106C8000401CC4F8A4030A20B4E79DF84500082876
:106C900003D39DF80010062004E09DF800100128A1
:106CA0000DD0022001EBC10104EBC10181F84200CB
:106CB000D4F8A003401CC4F8A00300209AE70320E6
:106CC000F0E72DE9FE4F050016460C461F4624D07E
:106CD0001CB395F8BF0318B305F5A46003C80843B7
:106CE00025D095F83415072921D2A07804281ED381
:106CF00008281CD801EBC100E17805EBC000808FAB
:106D0000C2B2914213D12179B1EB102F0FD160792A
:106D1000332807D0552805D009E00420BDE8FE8FB0
:106D20000520FBE7A07950281DD051281BD005F580
:106D300070703246834600F0E5FC0DF108094FF013
:106D400000080123214602225846CDE9008900F0BF
:106D500001FD4FF0010A40B395F8A81395F8BB0365
:106D6000032906D021E032462146284600F052F998
:106D7000D4E7072819D2A178082916D1C0EB001052
:106D800029680822238802EB80028A5A9A420CD191
:106D90000622E37802EB8000085C984205D1607916
:106DA000332802D1A0790A281BD001232146CDE93E
:106DB00000891A46584600F0CDFC10B1607955287C
:106DC0001BD04046C846CDE90009012321460022D8
:106DD000584600F0BFFC08B395F88003012815D091
:106DE0001CE09DF80810584601F00BF8002895D0DB
:106DF0002146284600F04AF890E79DF808105846CA
:106E000000F0FFFF002889D0002087E7A07808283D
:106E100004D16079332816D0552814D032463B4629
:106E2000284600F0FFFED0B10023214605F58C6016
:106E30001A46CDE900A8814600F08CFC78B19DF897
:106E40000810484617E09DF80810584600F0D9FF92
:106E500000288DD02146284600F07EF85EE700230A
:106E60002146CDE900A81A46584600F073FC28B127
:106E70009DF80810584600F0C4FFC5E732463B466F
:106E800021462846FFF784FE48E70000FEB5044689
:106E9000B0F8B8030F4694F8BB5340B10226072D53
:106EA00020D26946384606F0DAF9D8B901E0012661
:106EB000F5E7C5EB0510216808223B8802EB80024C
:106EC0008A5A9A420ED10623BDF8082003EB8000AF
:106ED000085A904206D19DF80A000A2802D100986B
:106EE000B04204D0052084F8A8030C20FEBD05EBB9
:106EF0008500184A00EBC50004EB8000B0F844128E
:106F0000C0F8346241F00401A0F84412B2EB015F12
:106F100006D1012094F89013A840014384F89013FF
:106F200094F8BB03401C84F8BB03204600F097FF95
:106F300094F8BB13002084F8BC03072901D3042074
:106F400000E0022084F8A803042801D00020FEBD40
:106F50000B20FEBD0000F0FF2DE9FE4390F8926388
:106F600088460446072E07D3D4F89C03401CC4F877
:106F70009C030620BDE8FE8306EBC600694604EBD1
:106F8000C0054046083506F06AF930B1D4F89C03D4
:106F9000401CC4F89C030720ECE7012785F83A70F1
:106FA000B8F8001004F504706A46FFF7B9FB4FF01B
:106FB000000168B194F88023032A01D184F8BE133C
:106FC000D4F89C13491CC4F89C1300F097FCD1E73B
:106FD00006EB860202EBC603022004EB8303B3F840
:106FE00044322B879BB285F83B00A3F57062FF3AD1
:106FF00003D185F8407085F83A00D4F8980394F8E6
:107000008023401CC4F89803022A01D184F8BE13DF
:107010000020AFE7F0B590F8345500F5A064072DD7
:1070200001D30420F0BD05EBC50694F8375000EB02
:10703000C60008304DB38D78082D26D14D79332DFB
:1070400023D10D88C68EB5421FD1808ECD78C6B2B1
:10705000B5421AD10D79B5EB102F16D194F83660E0
:107060008D7906F1500085420FD1D4E90605171A33
:1070700073EB050709D31E4FB2EB000C63EB050061
:10708000BCEB070570F1000006D3E06A411C01D09B
:10709000401CE0620A20F0BD8D7AD1F8070065F34C
:1070A0001F606FEAD05111F0FF0F1AD044F826008C
:1070B00094F8360004EBC000C0E9022394F83620AF
:1070C000012094F838109040014384F838100022D1
:1070D00084F83720206B411C01D0401C2063002025
:1070E000F0BDE06A411C01D0401CE0620820F0BD08
:1070F000A086010070B5044690F8A80015460E461B
:107100000E2809D200EB40002946FD2204EB800343
:10711000304606F0DDF908B1072070BD94F8A800EC
:10712000401C84F8A800002070BD7F22AFF30080CF
:10713000FEB5040015460CD094F8BF0320B129B168
:10714000B1F5807F05D101E00520FEBD0DB1280617
:1071500001D50420FEBD002740F6FB7C0126384601
:1071600006FA00F3DBB21A420CD000EB800303EB0B
:10717000C00304EB8303B3F844323CEA030301D0B9
:107180000620FEBD401CC0B20728E9D394F8A8032E
:1071900028B1042803D0052801D00220FEBDA4F8A0
:1071A000B813204684F8BA5384F8BB7300F057FE36
:1071B000002084F8BC7384F8A86302220121C4E98A
:1071C000EC00CDE9000004F57070029700F0A9FB17
:1071D000002084F8BD6300BF06FA00F1C9B20D4279
:1071E00010D000EB800202EBC00204EB8202B2F886
:1071F000443223F00403A2F8443294F890238A43E3
:1072000084F89023401CC0B20728E5D30020FEBDBF
:107210002DE9F04704000E4602D00EB1300602D52B
:107220000420BDE8F08794F8BF0330B104F5047082
:10723000FFF7D8FA18B10620F3E70520F1E74FF081
:10724000000804F57075C14647460DE0E81990F84E
:107250009000404506D3484504D83946284600F0FA
:10726000D0FD01E07F1CFFB21DB195F89900B84236
:10727000ECD8012284F8BE230023194602FA01F05B
:10728000C0B206420FD001EBC10004EBC00080F891
:107290004220A0F8403080F8433080F8483080F831
:1072A000463080F84730491CC9B20729E6D3002090
:1072B000B7E700002DE9F04F05001F4695B0914655
:1072C0000E4609D0B9F1000F06D02FB11E9818B1A3
:1072D000B6F5807F04D01EB1042015B0BDE8F08F54
:1072E00095F8BF0390B354216846D9F7FBFC0024FE
:1072F0004FF0040B4FEA0D0A2968C4EB0412B6F5EF
:10730000807F0BEB8200084423D004EB8401837858
:1073100001EBC40107EB840C09EB840804EB440285
:10732000D0ED071A90ED061A05EB8101DCED000A9D
:1073300098ED000A9FED162A0AEB820201F505710D
:10734000D8B205F0F7FFB8B10720C6E7FFE7052080
:10735000C3E707EB8401827804EB440391ED000A54
:1073600009EB8401D0B2F0EEC00A91ED000A0AEBFD
:10737000830106F01BF9E6E7641CE4B2072CBBD3DB
:107380001E9854226946D9F70CFC0020A5E700009E
:10739000000000000A467F21AFF300802DE9F04F86
:1073A0005FEA02080E46ABB00546104602D0AA219D
:1073B000D9F776FC2DB1B8F1000F02D00EB130062E
:1073C00003D504202BB0BDE8F08F95F8BF0370B350
:1073D000AC216846D9F786FC00244FF0060A4FF42A
:1073E000807B4FF0010900BFC4EB04132A6809FA3F
:1073F00004F00AEB83013042515CCFB224D004EB9D
:10740000840000EBC40005EB800090F84412D0F833
:107410003402C1F3800119B101280BD0022811D028
:10742000002239466846FFF765FE48B90AE0FFE7E3
:107430000520C7E7002239466846FFF75BFE18B112
:107440000720BFE75A46F6E7641CE4B2072CCBD30B
:10745000AA2269464046D9F7A4FB0020B2E7000003
:107460002DE9F04F9A4693460E4605462DED048BC6
:10747000ABB0B0EE419AB0EE608A389FF0EE408A31
:107480001FB1AA213846D9F70BFC4DB1BBF1000F53
:1074900006D0BAF1000F03D017B10EB1300605D5F2
:1074A00004202BB0BDEC048BBDE8F08F95F8BF0332
:1074B000F0B318EE900AE4F7F3FFD0B318EE100A19
:1074C000E4F7EEFFA8B319EE100AE4F7E9FF80B382
:1074D000F5EEC08AF1EE10FA54D918EE900A32494E
:1074E00088424FDCB5EEC08AF1EE10FA4AD918EEA8
:1074F000100A2E49884245DCAC216846D9F7F2FBD8
:1075000000244FF0010900BF09FA04F0C0B206429E
:107510003FD004EB840195F8902301EBC4010242B3
:1075200005EB810101F5057107D0088E204A01E0C5
:1075300005E027E0B2EB005F03D00820B1E70520AB
:10754000AFE7C4EB041C9DF8A80006222B6802EBF1
:107550008C0C0BEB840200EB400092ED000A13F858
:107560000C300AEB84086A4602EB8002D8ED000A70
:10757000B0EE492AF0EE481AB0EE681AD8B205F01B
:10758000D9FE08B107208CE79DF8A800401C8DF8B3
:10759000A800641CE4B2072CB6D3AA226946384678
:1075A000D9F7FFFA00207CE70000FA430000A04072
:1075B0000000F0FF2DE9F05F07001E4692468B4663
:1075C0000A9D03D015B10EB1300602D50420BDE8E6
:1075D000F09F97F8BF0310B3AA212846D9F760FBA4
:1075E00000244FF001084FF0060900BF08FA04F02C
:1075F00030421BD095F8A8000E280ED2C4EB04131D
:107600003A6809EB830100EB4003505C05EB830310
:107610005246594605F05CFF18B10720D7E7052010
:10762000D5E795F8A800401C85F8A800641CE4B2D2
:10763000072CDBD30020CAE72DE9F04FADB0984608
:1076400091460D460646369F1FB1AA213846D9F706
:1076500027FB4EB1B9F1000F06D0B8F1000F03D0EF
:1076600017B10DB1280603D504202DB0BDE8F08F69
:1076700096F8BF0390B3AC216846D9F733FB0024DA
:107680004FF0010A0AFA04F028422FD008EB8400D8
:107690002B9009EB840B2146D0ED000A00223046E6
:1076A0009BED000A00F037FC0028DED1C4EB04108B
:1076B000316806239DF8A82003EB80032B989BEDEF
:1076C000000AD0ED000AC85C02EB42016A4602EBF8
:1076D000810105F06BFF20B10720C6E7FFE7052019
:1076E000C3E79DF8A800401C8DF8A800641CE4B214
:1076F000072CC7D3AA2269463846D9F752FA002088
:10770000B3E700002DE9F041002617461D46044668
:1077100018E000BF04EB0611D1E900013A1A75EB3D
:1077200001020DD33B1A44F6206265EB0100991A61
:1077300070F1000004D33146204600F062FB01E006
:10774000761CF6B2002C03D094F89900B042E1D830
:10775000BDE8F0812DE9F0439146DDE90775B0B34E
:10776000A9B3A5B390F89960002233E023B184183F
:1077700094F890C0CC452BD100EB021494F80FC0C4
:10778000BC4525D194F80EC0BCF1000F20D091F873
:1077900002C0BCF1080F1BD1B1F800C0B4F80880DA
:1077A000C44515D191F803C094F80B80C4450FD19E
:1077B00091F805C094F80C80C44509D191F806C031
:1077C000647BA44504D101202A70BDE8F08303E066
:1077D000521CD2B29642C9D80020F6E770B51546C1
:1077E00010B10DB1072901D3042070BD00222A6019
:1077F0006A60AA60EA6090F8BF23B2B301EB81042B
:1078000090F89023012304EBC1048B4000EB840427
:10781000D9B20A4204F5057425D0208E1C49B1EB7B
:10782000005F20D12068E4F73BFEE0B16068E4F738
:1078300037FEC0B16069E4F733FEA0B194ED000AF1
:10784000B5EEC00AF1EE10FA0DD9D4ED010AF5EE4D
:10785000C00AF1EE10FA06D9D4ED050AF5EEC00A19
:10786000F1EE10FA04D8082070BDFFE70520FBE711
:1078700085ED000A94ED010A85ED010AD4ED050AB3
:10788000C5ED020AE4F7E0FE002085ED030AEBE710
:107890000000F0FFFEB508AE96E8320050B14DB1E1
:1078A00090F8BF6346B18DE832000830FEF736FE2F
:1078B000002800D00420FEBD0520FEBD70B50400E8
:1078C0000D460BD055B14FF4A861D9F70BFA04F16E
:1078D00008002946FEF78AFE40B901E0042070BD89
:1078E00004F504702946FEF7C4FF08B1062070BDF8
:1078F0000120256084F8BF03002070BD05280ED24A
:10790000DFE800F0030507090B00002070470120A5
:1079100070470220704703207047042070470620FC
:107920007047F0B50028DDE90574DDF81CC017D0FC
:107930000023012610E0C51895F890508D4209D318
:10794000954207D800EB0315BCF1000FEE7301D090
:10795000C5E900745B1CDBB290F899509D42EAD8EF
:10796000F0BD00002DE9F0470446914600F5707027
:107970008846DDE908670025824632463B46FFF728
:10798000C1FE04F58C6032463B46FFF7BBFE94F81F
:107990005924002010E000BF04EB0011261891F8D4
:1079A000CF3396F850142BB1414503D3494501D844
:1079B0006D1CEDB2401CC0B28242EDD894F8F904BF
:1079C0002844C0B2092802D90020BDE8F08700256C
:1079D00026E0601904EB051190F8500491F8CF23CC
:1079E000E2B140451AD3484518D801F5707191E8C5
:1079F000CC0094F8F91404EB011C0CF58C6C2144B8
:107A00008CE8CC0081F8F004294694F8F904401C75
:107A100084F8F904504600F0F4F901E06D1CEDB271
:107A200094F85904A842D4D80120CEE72DE9FC5F90
:107A3000040016461D46DDF830B020D05FEA0B008A
:107A40001DD094F8A80304281CD005281CD094F855
:107A5000BD034FF0000950B1022220460121CDE9BB
:107A60000065FFF77FFF002878D084F8BD930527D5
:107A700094F8A8034FF00208032807D01FE0042061
:107A8000BDE8FC9F0B20FBE70C20F9E7D4E9EC01F3
:107A9000321A75EB010208D3331A44F6206265EB03
:107AA0000100991A70F1000058D394F8BC03401CEF
:107AB000C0B284F8BC03042863D284F8A88394F885
:107AC000BB03072803D3042084F8A803DAE7C0EB3C
:107AD000001322684FF0060C82460CEB830094F8EA
:107AE000A8130129105C02D002292AD036E0B4F88C
:107AF000B81329B102215A4605F0E7FB80BB01E02B
:107B00000121F8E7CDE900655A465146204600F0CC
:107B1000ACF818BB94F8BB03401C84F8BB032046A8
:107B200000F09DF994F8BB03072806D3204684F89B
:107B3000BB9300F094F984F8A88301215B46524678
:107B400017E00A215A4605F0F9FC48B9CDE900656D
:107B50005A465146204600F088F810B102208FE7BF
:107B60000FE0032084F8A80302215B46C4E9EC651A
:107B700052462046CDE9006500F0CBF808B101205F
:107B80007EE784F8A8737FE72DE9FC4704001546DB
:107B90001E46DDF828900FD05FEA09000CD094F85B
:107BA000BF0358B194F8BE0350B1204600F03AF834
:107BB00030B10220BDE8FC870420FBE70520F9E78F
:107BC00094F8928304F504702A463346CDF8009069
:107BD000FEF770FE01284FF0000A07460CD1B8F1FD
:107BE000070F404608D200214B46CDE90056024619
:107BF000204600F08EF830B194F88003022809D0B6
:107C0000032807D008E0032184F88013062084F8B5
:107C1000BEA3CFE784F8BEA33846BDE8FC47FFF714
:107C20006DBE000070B515461E46044600F58C601A
:107C3000FFF768FD04F570702A463346FFF762FDD2
:107C400094F8F90448B994F85914002009E000BFE9
:107C500004EB001292F8CF230AB1012070BD401C42
:107C6000C0B28142F4D8002070BD2DE9FC5F00F560
:107C700070770D4600F58C611646DDE90C89CDE97B
:107C80000017044642464B460846FFF73BFD424676
:107C90004B463846FFF736FD00232068C5EB05113B
:107CA00096F805B0082296F806A002EB810196F836
:107CB00003906C46475A002154F8232092F89960AB
:107CC0001FE002EB011090F80FC0BCF1000F16D0BE
:107CD000B0F808C0BC4512D190F80AC0AC450ED12E
:107CE00090F80B80C8450AD190F80C80D84506D191
:107CF00090F80DC0D44502D10120BDE8FC9F491C7D
:107D0000C9B28E42DDD85B1CDBB2022BD3D300207C
:107D1000F3E72DE9FC5F00F570741F4600269246DC
:107D2000DDE90C598B4680462A4620464B46FFF734
:107D3000E9FCCAEB0A1329460820354600EB830C00
:107D4000787901904A46334660F30705D8F8000079
:107D500030F80C80002094F899C0C14668F30F06F3
:107D600097F80680CDF8008097F803E06AF317468D
:107D700068F30F254FF0010868F317456EF31F668F
:107D800063F31F6523E0231893F8908004EB00133E
:107D9000D8451AD1B3F80880C84516D193F80A809F
:107DA000D04512D193F80B80F0450ED193F80C809A
:107DB000019FB84509D15F7B009B9F4205D104EB31
:107DC0000010C56080E8460019E0401CC0B2844540
:107DD000D9D8BCF1090F02D30020BDE8FC9F04EB09
:107DE0000C10C56080E8460094F8992004F19000DA
:107DF00002F800B094F89900401C84F89900012022
:107E0000EBE7F0B518B190F899208A420FD800201E
:107E1000F0BD00EB011404F110054318E2CD02C4DB
:107E2000D1B284E8E00093F8912083F890204A1CB6
:107E300090F89930D4B29C42EBD3DAB2521ED2B24F
:107E400000F1900300EB021400F8992F002121604B
:107E50006160A160E1600078C1540120F0BD0122A1
:107E600010B502E0491C80F8BB1390F8BB1307293A
:107E700005D290F8BA3302FA01F42342F2D010BDD1
:107E80002DE9F05F5FEA00089A4615460F46DDE9E6
:107E90000AB60AD04FB1BAF1000F06D05FEA0B0064
:107EA00003D016B10DB1280602D50420BDE8F09F1D
:107EB00098F8BF03B8B100244FF0010909FA04F0A3
:107EC000C0B2054221D097F82C11014202D10A20FC
:107ED0003470EBE704EB840007EBC000406920B18D
:107EE0000F203470E2E70520E0E70BEB84010AEB9A
:107EF0008400D1ED000A90ED000A0122214640469F
:107F000000F009F808B13470D0E7641CE4B2072C23
:107F1000D4D30020CAE710B514462DED028B84B0EF
:107F2000B0EE608AF0EE408A6A46FFF757FC002800
:107F30000ED118EE900AE4F7B3FA40B1DDED000A75
:107F4000B0EEE80AB4EEE00AF1EE10FA04DD0D201E
:107F500004B0BDEC028B10BD18EE100AE4F7A0FAD5
:107F600090B12CB1B5EEC08AF1EE10FA0CD904E054
:107F7000B5EEC08AF1EE10FA06D39DED030AB4EE19
:107F8000C80AF1EE10FA01D20E20E1E70020DFE787
:107F900090F88E36002903DA4BB1A3F1010304E017
:107FA00005DD03F10103934201D280F88E3690F88B
:107FB0008E1690F88D26914201D280F88D1690F899
:107FC0008D26521D914202D3091F80F88D167047ED
:107FD00070B590F8086600F24C6390F88E5600F287
:107FE0005D6442180129F55490F8085690F88D36D2
:107FF0002B5580F8081692F84C1680F88E1692F8D9
:108000005D2680F88D260FD190F88C1680F88E169C
:10801000914201D280F88D1690F88D26521D914222
:1080200002D3091F80F88D1670BD002902D00068A8
:10803000091D42507047002901D000684250704726
:1080400090F8081680F849161021FFF7C1BF00000C
:108050002DE9F041002204462121F7F733FC0028E6
:108060007ED0608C40F48050608401E0FFF7F0FF28
:1080700000212046FAF71CFB0028F7D12046FAF72A
:10808000E3FB06460020F8F7BDFC002705461CE090
:10809000A86AA04202D0E86AA04203D1214628463D
:1080A000F8F738FD686BA04200D16F63686DB0428D
:1080B00007D1F8F7B1FCA04203D121462846F8F7D2
:1080C00029FD2846F8F79EFC0546002DE0D1204604
:1080D000E5F727FA606804260028204602D0FAF760
:1080E000BEFB2BE0FAF782FB05460020EA68696ACE
:1080F00005E000BF52F82030A3420AD0401C814264
:10810000F8D806E0E96806EB80028A5841F820209A
:10811000401C696A491E8142F4D8686A401E686240
:10812000EA6881001046F9F783FBE8601CE0096803
:1081300006EB80028A5841F82020401C616889685B
:108140004A68521E8242F2D8606880684068401EC9
:1081500048606268810090680068F9F769FB00E098
:1081600007E06168896808602046BDE8F041F9F7DA
:108170003BBBBDE8F0810022C9B2FCF76CBC10B576
:1081800000B9012007F0A6FB002010BD10B507F0D4
:1081900067FC002010BD7FB50D4641690446B0F96B
:1081A000080081B1A16971B1FDF786FFD4E905121C
:1081B0002B468DE807002269D4E9001007F027FE5E
:1081C000039004B070BDFDF777FF03A92B46CDE9FE
:1081D0000001228AD4E9001092B207F0EBFD0128D9
:1081E00001D00020EDE70398EBE710B592B00C4604
:1081F0000A4601466846EDF72BFC9DED010AF1F7B2
:10820000C3FE002843D09DED020AF1F7BDFEF0B396
:108210009DED030AF1F7B8FEC8B39DED040AF1F72E
:10822000B3FEA0B39DED010ADDED020AB4EEE00A53
:10823000F1EE10FA6EDA9DED030AB5EEC00AF1EE2A
:1082400010FA67D99DED040AB5EEC00AF1EE10FAF6
:1082500060D9F4B39DF80100C8B19DED0D0AF1F7A6
:1082600093FEA0B19DED0E0AF1F78EFE78B19DED63
:10827000090AF1F789FE50B19DED0A0AF1F784FE73
:1082800028B19DED0B0AF1F77FFE00B100E03DE063
:108290009DED0C0AF1F778FEC0B39DED091AB5EE1D
:1082A000C01AF1EE10FA35DDDDED0B0AF5EEC00A6D
:1082B000F1EE10FA2EDD9DED0D0AB4EEC10AF1EEDD
:1082C00010FA27DB9DED0A1AB4EEC10AF1EE10FA9E
:1082D00000E01CE01ED89DED0E0AB4EEE00AF1EEBF
:1082E00010FA17DBDDED0C0AB4EEE00AF1EE10FA3D
:1082F00010D80F9864280DD3DDE90F10884209D3F8
:10830000B0F57A7F06D8012012B010BD02E09DF8CA
:108310000000F9E70020F7E77FB5D1E92D45CDE969
:10832000022305A2CDE90054D1F8A430002100F0C9
:1083300087FA04B0042070BD6572726F7220256CDC
:10834000752062656E636820252E2A7320636F6432
:10835000653D2573206669656C643D2573000000EA
:108360002DE9FC4104460E4600201746019094F882
:108370001804022812D200EB400101EBC01004EBFC
:1083800080051046D8F799FB01462A4601A80090BF
:108390004FF402733846EAF771FE10B10520BDE8CC
:1083A000FC810198A5F8080285F80A6294F818047F
:1083B000401C84F818040020F1E770B5060015464B
:1083C0000C460CD05CB155B12068696800EB010225
:1083D0000BB1012100E000211144A02901D90020A6
:1083E00070BD8BB1202131542068401C2060D5E93C
:1083F00000123044D8F7D5FB686800212268104489
:1084000020603154012070BD2068F0E770B5064649
:108410000D4610EE100A1A498AB01446884206D258
:1084200010EE100A1749884201DA9FED170A202141
:1084300016A2B7EEC00A02A88DED000BD8F722F9FC
:10844000002801DB202802D300200AB070BD02A959
:1084500000E0401E50B10A1812F8012C302AF8D062
:108460000A1812F8012C2E2A00D1401E002209A35E
:108470000A54224630460091294600F023F9E4E7E9
:108480006F1203BA6F12033A00000000252E336604
:1084900000000000257300000FB430B5ADF5017D7C
:1084A0000C4687AB054640F201216846869AD8F70C
:1084B000CFF8002802DBB0F5007F05D905200DF5C7
:1084C000017D30BC5DF814FB6A4621462846FFF763
:1084D00047FFF4E72DE9FF415FF000041D46164613
:1084E0000F46804605EB840090ED000AB7EEC00A07
:1084F0008DED020B8CB10AA032460AA339460090DA
:10850000404600F0DFF8002804D0641CE4B2072CD9
:10851000E8D3012004B0BDE8F08104A0ECE700003E
:108520002C0000002573252E33660000000000009B
:108530002DE9F04FADF5077D90460122044600205D
:108540001F460146CDF8140200EB800304EBC30381
:1085500003F58043D3F8643C1BB102FA00F3DBB2AD
:108560001943401CC0B20728EED304F5804640F200
:10857000012904A896F87C3DD6F8142FCDE90231E4
:10858000CDE900283E4B85AA494600F09BF800281B
:108590006CD00025002D05EB850004EBC00000F534
:1085A000804090F8700C65D036A1CDE9001036A35C
:1085B000494685AA04A800F085F8002856D06D1C0D
:1085C000EDB2072DE6D332A3CB4685AA494604A8CF
:1085D00000F078F8002849D0002544F6504A4FF0C2
:1085E000FF3900BF05EB850104EBC10101EB0A0077
:1085F000D0E9062C484652EA0C0113D0B8EB020130
:1086000077EB0C010ED3B8EB0200002367EB0C01F3
:108610004FF47A72D7F7A4FF0022D0F1FF338A41DA
:1086200000D2484645B317A1CDE900101BA3594617
:1086300085AA04A800F046F8002817D06D1CEDB2FA
:10864000072DCFD396F8C80B00F0D0F915A35946E3
:1086500085AA009004A800F035F8002806D090986C
:10866000022104AAFFF77CFE40B100200DF5077D32
:10867000BDE8F08F05A198E704A1D5E70120F5E753
:108680003C7E04082C0000002573257500000000C6
:10869000206167655F6D733D000000002573256CE8
:1086A000750000002061726D5F73746174653D2513
:1086B000730000000BB1FFF7A9BE01A300F002B8E0
:1086C0003F0000000FB470B50D4611681446A94272
:1086D0000CD26E1A079A0844314608ABD7F7B8FF98
:1086E000002803DB21686A1A824203D8002070BC8C
:1086F0005DF814FB084420600120F8E72DE9F047FD
:108700000500904689460ED0B8F1000F0BD095F8C1
:108710001804022807D24046D8F7CFF9461C044671
:10872000B6F5807F02D90520BDE8F08795F81804DA
:10873000224600EB400101EBC010414605EB8007EB
:108740003846D8F72EFA3A190A20385500215170C8
:10875000A7F8086287F80A9295F81804401C85F873
:1087600018040846E0E7000070B591F84C6186B047
:10877000D1E92B54D1F8A430022E08D00094002166
:10878000CDE9015208A200F05BF806B070BDD1E956
:108790002D610094CDE9036209A2CDE901510021C8
:1087A00000F04EF8F1E700006572726F7220256CE0
:1087B0007520252E2A7320636F64653D25730000A4
:1087C0006572726F7220256C7520252E2A73202504
:1087D0002E2A7320636F64653D257300F0B515463E
:1087E0000E4607462DED028B81B0B0EE408A089C04
:1087F000009310A3FFF766FF002817D05CB101B00B
:108800002A46B0EE480ABDEC028B31463846BDE838
:10881000F040FFF7FBBD01B02A4631463846BDECBB
:10882000028B06A3BDE8F040FFF74CBF01B0BDECE2
:10883000028BF0BD2025733D000000003F000000CA
:108840000FB42DE9F04105000E4605D0089A1AB183
:1088500095F81804022804D30520BDE8F0015DF85E
:1088600014FB00EB400101EBC0104FF4807705EBE7
:108870008004394609AB2046D7F7EAFE00220028DB
:1088800004DBFF2802D8411CB94201D92270E3E77A
:1088900027180A2323547A70A4F8081284F80A626D
:1088A00095F81804401C85F818040020D5E700004E
:1088B0002DE9F04100241D4616460F46804607E08C
:1088C00034B10DA3324639464046FFF7FBFE80B176
:1088D00005EB84003246394690ED000A4046FFF72A
:1088E00095FD30B1641CE4B2072CE9D30120BDE84A
:1088F000F0810020FBE700002C0000002DE9F04192
:10890000C4B00446002088461D461746429004F530
:10891000804001464A9E0023D0F8380C4FF47A720A
:10892000D1F83C1CD7F71CFECDE900504FF4807500
:1089300022A3294642AA02A8FFF7C4FE00283AD083
:1089400044F6E0302946231842AA02A8FFF7B0FFF8
:1089500080B31EA3294642AA02A8FFF7B3FE48B37C
:1089600044F6FC302946231842AA02A8FFF7A0FFCC
:1089700000B304F58044294616A342AA94F8480C93
:10898000009002A8FFF79EFEA0B15EB194F8C80B5C
:1089900003F0F6FA12A3294642AA009002A8FFF7B4
:1089A00091FE38B102AA39464046FFF7A7FE44B00F
:1089B000BDE8F081FFE70520F9E70000257320748A
:1089C0005F6D733D256C7520713D00002071643D25
:1089D000000000002076616C69643D25303278002B
:1089E0002073746174653D2573000000082815D25A
:1089F000DFE800F00406080A0C0E101208A0704709
:108A000009A070470BA070470DA070470FA07047DA
:108A100011A0704712A0704713A0704715A07047AF
:108A2000424F4F540000000053454C465F5445539D
:108A300054000000554E414C49474E45440000004B
:108A400044495341424C454400000000454E4142D8
:108A50004C494E4700000000524541445900000077
:108A60004D4F56494E47000053544F5050494E47C2
:108A7000000000004641554C540000002DE9F04133
:108A8000040016460F4654D0F7B3EEB300203870FA
:108A9000054630600FE0306808B1012300E0002394
:108AA000314604EBC5023846AC32FFF786FC00289D
:108AB0003DD06D1CEDB294F84C01A842EBD80025D6
:108AC0000CE000BF04EBC502314601233846BC323E
:108AD000FFF773FC00282AD06D1CEDB294F84D010D
:108AE000A842EFD800251DE004EB05103146CC303C
:108AF0000123804602463846FFF75FFC20B10E4A4C
:108B000000233146384600E013E0FFF756FC80B101
:108B10000023314608F108023846FFF74EFC40B109
:108B20006D1CEDB294F84E01A842DDD80120BDE8DD
:108B3000F0810020FBE7000090060308002808D021
:108B400000F58040002190F84D2F80F84E2FC0F89E
:108B5000241F704740F21A41D8F7A2B8082813D250
:108B6000DFE800F0120406080A0C0E1007A0704798
:108B700009A070470EA0704712A0704715A070475B
:108B800018A0704719A070471DA070476E6F745FE2
:108B90007265616479000000706F736974696F6E4B
:108BA0005F6F75745F6F665F72616E67650000006E
:108BB00073706565645F6F75745F6F665F72616E19
:108BC000676500006661756C745F70726573656ED1
:108BD000740000007374616C655F66656564626152
:108BE000636B000074696D656F757400666565641C
:108BF0006261636B5F74696D656F7574000000007E
:108C0000616374696F6E5F6661696C656400000022
:108C1000092816D2DFE800F0150507090B0D0F1122
:108C2000130009A070470BA070470D4870470DA0B6
:108C300070470EA070470FA0704710A0704711A09A
:108C4000704712487047000076616C696461746512
:108C500000000000646973636F766572790000003C
:108C600048B10208636C656172000000656E616264
:108C70006C6500006D6F74696F6E0000686F6C64E6
:108C80000000000064697361626C650028BB020823
:108C900070B500F58045084E5A40D5F8104FD5F80C
:108CA000080F641CC5F8104F484004FB06F1504003
:108CB000484000D1204670BDB979379E2DE9F0417A
:108CC0000F4604460846D7F7F8FE064610E02C216A
:108CD0002046D7F798FE050011D0281BB04205D1D9
:108CE000324639462046D7F711FF60B125B16C1CDA
:108CF00014B120780028EAD10020BDE8F081204698
:108D0000D7F7DBFEEAE70120F7E770B506460D4628
:108D1000084603F081FAD0B995F86A0006F5804458
:108D200038B994F8380F20B195F8640003280ED1B3
:108D300007E095F86400032803D0D4F8200F30B979
:108D400021E094F84F0F94F8501F884201D0002082
:108D500070BD44F60800294680223044D7F766FFEC
:108D6000E86DC4F8200F95F86A0084F8290F286E82
:108D7000C4F8300F04F5726494F82F00401C84F896
:108D80002F00012070BD29463046BDE8704002F03A
:108D900023BF00002DE9F04389460646002188469E
:108DA00001EB011006EB401090F824420830B4B1FA
:108DB000D0E98254571B73EB04070CD3DFF82CC0A7
:108DC000551B63EB04040027BCEB0505A74102D249
:108DD00080F81C8203E0D0F810524D4504D0491CA5
:108DE000C9B22029DCD30020BDE8F08300879303BB
:108DF00010B5040008D0FFF7ADFE2046BDE81040D6
:108E0000002102A2FFF71CBD062010BD6572726F23
:108E100072203020706172736520636F64653D6CF1
:108E2000696E655F746F6F5F6C6F6E670000000046
:108E30002DE9F04391F85160C5B091460C4680464B
:108E4000A6B3012E34D0032E34D0A5A5D4E90E321A
:108E5000D4E910710020B7EB030C71EB020C0ED3B8
:108E6000F81A61EB020100234FF47A72D7F778FB0E
:108E70000022D0F1FF338A4101D24FF0FF3094F845
:108E800050100B2918D0092923D094F85720002A14
:108E900070D0012949D00A2947D08A1E072A7BD2DF
:108EA000DFE802F07476787A7A72B3008EA5CDE7A7
:108EB00090A5CBE791A5C9E708F58040002192A2D3
:108EC000D0F8183F5B1CC0F8183F4846FFF7B8FCC5
:108ED00011E04EB1022E11D000950021A36C99A291
:108EE0004846FFF7ADFC06E094F856109DA2CDE988
:108EF0000001A36CB4E000287DD0E8E0214668467C
:108F000001F0BCFF9DE80700C2F307233BB101ABB2
:108F10000095D2B283E80700A36CA2A254E00095AA
:108F2000AEA2CDE90101A36C76E0012909D0B9A771
:108F3000022E08D0002E1FD0CDE90075A36CB6A27A
:108F40008EE0BCA7F4E72146684601F097FF9DE854
:108F50000700C2F307233BB101AB0097D2B283E80D
:108F60000700A36CB5A22FE00097C3A2CDE90101D1
:108F7000A36C51E05FE00FE094F85610CDA200978B
:108F8000CDE90101A36C47E0DAA20FE0DBA24BE0E0
:108F9000DCA249E0DDA20AE00729DEA206D008290A
:108FA00033D0022940D003293ED000E08EB100200A
:108FB00005293CD003293CD0D8A100BFCDE902103F
:108FC000CDE90025A36CD7A200214846FFF738FC65
:108FD00091E794F8560094F8602094F85F3094F884
:108FE0005E60024094F85D10034006400296014026
:108FF000CDE9005100E066E0CDE90332D24A00211C
:10900000A36C4846FFF71CFC75E756B1002100959C
:10901000CEA2CDE90101A36C00214846FFF710FC68
:1090200069E794F85610F2E794F85600C0E7D6A125
:10903000C4E730A1C2E74FF480774FF0000211B1CE
:10904000062926D000E086B1022942D0032942D069
:10905000042942D0AFA000BFCDE90005A36CCCA28B
:1090600000214846FFF7ECFB45E74292CFA3A06CF6
:1090700042AACDE9000502A83946FFF723FB30B329
:1090800042AA234602A83946FFF712FCF8B102AA09
:1090900014E04392CDA3A16C43AACDE90015394653
:1090A000029003A8FFF70EFB88B194ED070A43AACC
:1090B000394603A8FFF7AAF948B103AA4846002198
:1090C000FFF71CFB17E7012045B0BDE8F083002047
:1090D000FAE78AA0C0E78BA0BEE78CA0BCE700003F
:1090E0006661696C65640000636F6D706C657465C2
:1090F0006400000073746F707065640063616E6378
:10910000656C6C65640000006576656E7420256C86
:1091100075206C696E6B5F74696D656F7574206521
:109120006C61707365645F6D733D31303030206108
:109130006374696F6E3D73746F705F6469736162AD
:109140006C650000646F6E6520256C752062656E2D
:109150006368206D6F766520726573756C743D254C
:1091600073000000646F6E6520256C752062656E6B
:109170006368206D6F766520726573756C743D63EE
:109180006F6D706C6574656420656C617073656487
:109190005F6D733D256C75206D6F746F72733D2527
:1091A00030327800646F6E6520256C752062656EC4
:1091B0006368206D6F766520726573756C743D25EC
:1091C000732073746167653D257320636F64653D2B
:1091D0002573206D6F746F723D257500646F6E6529
:1091E00020256C752062656E6368206D6F76652042
:1091F000726573756C743D25732073746167653D8A
:10920000257320636F64653D2573206D6F746F72E5
:109210003D3F00006D697400646F6E6520256C75BC
:109220002062656E636820257320726573756C74A7
:109230003D2573006D6F646500000000646F6E650E
:1092400020256C752062656E636820257320726529
:1092500073756C743D6661696C65642073746167D5
:10926000653D257320636F64653D2573206D6F74C4
:109270006F723D2575000000646F6E6520256C756A
:109280002062656E636820257320726573756C7447
:109290003D6661696C65642073746167653D257323
:1092A00020636F64653D2573206D6F746F723D3F61
:1092B00000000000646F6E6520256C752062656E8D
:1092C000636820257320726573756C743D636F6DE0
:1092D000706C6574656420656C61707365645F6D46
:1092E000733D256C75206D6F746F72733D25303240
:1092F00078000000696E697400000000656E6162AC
:109300006C65000073746F70000000006469736125
:10931000626C6500636C656172000000656E61627D
:109320006C656400646F6E6520256C752062656EE7
:10933000636820257320726573756C743D257320F6
:1093400025733D2530327800BC820408646F6E6559
:1093500020256C752062656E6368206A6F672072D5
:109360006573756C743D257320656C6170736564FD
:109370005F6D733D256C7520617272697665643D21
:1093800025303278000000006661756C74000000C2
:10939000646F6E6520256C752061726D20257320C9
:1093A000726573756C743D2573000000646F6E65A3
:1093B00020256C752061726D20616C69676E20726A
:1093C0006573756C743D257320713D00646F6E6527
:1093D00020256C752061726D206D6F766520726539
:1093E00073756C743D257320656C61707365645F83
:1093F0006D733D256C75206D61785F6572726F725B
:109400005F6465673D0000002DE9F04FADF5077D15
:10941000174605004FF0000099468346909E8590C0
:109420003AD0002E38D03046FFF794FB05F5804443
:1094300094F8550F48B13A464B462846009600F03E
:10944000FDF90DF5077DBDE8F08F94F8570F18B3BF
:1094500094F8560F00B394F85A0FF8B194F8590FD6
:1094600094F8C81B884227D0D4F8182F80460846A5
:10947000521CC4F8182FFFF7B9FA82464046FFF78E
:10948000B5FACDE9000A02970021D4F8183F9CA252
:109490003046FFF701F848B10020D2E794F8C81B26
:1094A000012084F8591F84F85A0F05E094F8C81B6E
:1094B0004FF0010B84F8591F94F8532F002A7DD0E8
:1094C00000239B481946D7F74BF805F5804303F670
:1094D000E863CDE9000103CB50EA010203D0381A5A
:1094E00079EB010201D3012000E00020824644F61E
:1094F000A06028448FA18046FFF7E0FB90B1BBF14C
:10950000000F0DD105F580400146D0F8F00ED1F8DE
:10951000F41E50EA010203D0381A79EB010201D39C
:10952000012100E000218B465AEA0B00C7D0BAF1B6
:10953000000F78D0DDE9002144F6E86C44F6EC63D6
:10954000BA1840F2012A49EB01004CF805205851A5
:10955000D4F8140F79A385AA401CC4F8140FD4F8CA
:10956000381CCDE9000104A85146FFF7ABF80028EC
:10957000A5D07AA14046FFF7A1FB88B179A3514657
:1095800085AA04A8FFF79EF8002898D044F6E0309A
:1095900051462B1885AA04A8FEF79CFF00288ED000
:1095A00072A14046FFF78AFB98B172A3514685AA83
:1095B00004A8FFF787F80028B8D000E09DE044F643
:1095C000FC3051462B1885AA04A8FEF783FF00281B
:1095D000ACD06BA14046FFF771FB88B16AA351463E
:1095E00085AA04A8FFF76EF800289FD044F618401B
:1095F00051462B1885AA04A8FEF76CFF00287CD0E2
:1096000064A14046FFF75AFBB0B194F8C80BFFF7CE
:10961000EDF994F8DF2B94F8DE3B94F8DD1B039210
:109620008DE80B0000E04DE05CA3514685AA04A83C
:10963000FFF748F8002860D03EA14046FFF73EFB08
:10964000F0B101220021084600EB800305EBC303C3
:1096500003F58043D3F8643C1BB102FA00F3DBB29C
:109660001943401CC0B20728EED394F87C0D57A3D1
:10967000CDE9000185AA514604A8FFF723F8E0B31D
:109680005DA14046FFF71AFB68B104F68850D4F894
:10969000982D5BA303C88DE8070085AA514604A84E
:1096A000FFF710F848B394F8480C5FA385AA514619
:1096B000009004A8FFF706F8F8B10221304604AA8A
:1096C000FEF74EFEBBF1000F17D096F818040228E3
:1096D00013D2594B44F6F062101DFB1849F10001FA
:1096E00053514151D4F8140F3A464B46401CC4F82C
:1096F000140F28460096FEF71BFF96F81804A0E604
:1097000045565420256C752053544154455F4348B9
:10971000414E4745442066726F6D3D257320746F3E
:109720003D257320745F75733D256C750000000046
:1097300040420F006D6F746F7200000054454C2062
:10974000256C75204A4F494E545F5354415445206F
:10975000745F75733D256C75000000006A706F734F
:109760000000000020715F6465673D006A76656CEB
:10977000000000002071645F6465675F733D000056
:109780006A746F7200000000207461755F6E6D3D39
:109790000000000073746174650000002061726D48
:1097A0005F73746174653D257320616C69676E65D4
:1097B000643D257520656E61626C65643D2575208C
:1097C0006D6F76696E673D2575000000206D6F74C2
:1097D0006F725F76616C69645F6D61736B3D257557
:1097E000206D6F746F725F6661756C745F6D61730D
:1097F0006B3D257500000000646961670000000092
:109800002063616E5F72783D256C752063616E5FC9
:1098100074783D256C752071756575655F68776D29
:109820003D256C75000000002076616C69645F6DF9
:1098300061736B3D25750000A08601002DE9F043A2
:1098400087B0044600F5804690461D46DDF8389006
:1098500096F8560F10B396F8532FFAB196F8547F36
:10986000E7B1D6F8E81ED6F8EC0E51EA000304D0B2
:10987000B8EB010175EB000034D300231C481946F6
:10988000D6F76EFE04F5804318EB000003F6E8639C
:109890004D41012F21C302D0022F09D022E0012027
:1098A00049460222009013A32046FFF727F818E04C
:1098B00005A8009044F6C83006AB04AA03A92044CA
:1098C00002F018FC9DF814209DF810109DF80C0073
:1098D0008DE8070096F87C3D02210A4A4846FEF7CB
:1098E000AFFF18B1002007B0BDE8F0830120FAE710
:1098F00040420F006461746120353031206A6F6925
:109900006E747300588304082DE9F04FAFB082469F
:109910000020904699460C46DDF8E0B080218DF895
:10992000880002A8D7F7DEF923A9204602F070FBD1
:1099300040B19DF88C00092806D0012804D00A28DF
:1099400002D004E099A234E0D4F8A40020B194F845
:109950004D01012819D108E098A321469AA2584642
:10996000FEF7DAFC2FB0BDE8F08F0021204626AAD2
:1099700004F022FF48B10AF58046012702ADD6F86F
:109980001C0F0DF16E0178B90BE0D4E92D1092A2F5
:10999000CDE90001D4F8A43000215846FEF750FF6D
:1099A00076E0D6F8200F48B19DF88C00032871D1DD
:1099B0000AE021465846FEF7D7FE69E09DF88C0084
:1099C0000A2812D0092817D026A801F015FC002873
:1099D000DBD09DF88C0001287AD0082894F84E013D
:1099E0007ED000286CD078A2E3E726A95B462A4601
:1099F000204601F069FA70E022AB24AA26A801F003
:109A0000AFFB18B1D4F8A43080A223E02BAA2046E3
:109A10008BA104F0AFFED0B129AA20468BA104F09F
:109A2000A9FEE0B194F84E010228DCD19DF888200F
:109A300002AB24A92BA801F016FC002815D002289F
:109A400011D061A00090D4F8A43082A21CE0D4F818
:109A5000A4308BA200215846FEF7F2FE18E0D4F89D
:109A6000A43095A2F6E7A1A0ECE79DF8882009AB09
:109A700024A929A801F0F7FB78B102280BD052A045
:109A80000090D4F8A4309DA200215846FEF7D8FEDD
:109A9000042067E787E095A0F2E7002024A912E000
:109AA0000A5C05EB820292ED070AB5EEC00AF1EE00
:109AB00010FA06D8D4F8A4309BA2CBE708E00FE058
:109AC0004CE0401CC0B29DF888209042E8D345E0AD
:109AD00002A95A46204601F011FB0028D9D13DE0E9
:109AE00002280AD12BAA20469CA104F043FE20B1F3
:109AF00029A92BA805F007F818B1D4F8A43099A229
:109B0000A8E72DAA204651A104F034FE20B12AA9CD
:109B10002DA804F0F8FF18B1D4F8A4309EA299E75C
:109B2000DDED2A0AF5EEC00AF1EE10FA03D8D4F8FA
:109B3000A430A6A28EE79DED290A00209DF86E10A4
:109B400007FA00F2114205D005EB800181ED000A11
:109B5000C1ED070A401CC0B20728EFD39DF88C0066
:109B60008DF86C00D4F8A43001281993D6F80C3F76
:109B70001A93CDE9108903D00A2801D08DF86F70AF
:109B800002A950468DF87170FFF7BFF858B1D4E9BB
:109B90002D109BA2CDE90001D4F8A4300021584635
:109BA000FEF74EFEDEE69EA203E70000756E6B6ECA
:109BB0006F776E5F636F6D6D616E64007265717556
:109BC0006573745F696400006261645F61726775E8
:109BD0006D656E74000000006572726F7220256CF6
:109BE000752062656E636820252E2A7320636F647A
:109BF000653D6261645F617267756D656E74206654
:109C000069656C643D6D6F746F7273006572726F1D
:109C10007220256C752062656E6368206D6F7665B5
:109C200020636F64653D6261645F617267756D6535
:109C30006E74206669656C643D6D6F746F7273003D
:109C4000706F736974696F6E0000000073706565F2
:109C5000640000006572726F7220256C7520626569
:109C60006E6368206D6F766520636F64653D257354
:109C7000206669656C643D706F736974696F6E000E
:109C80006572726F7220256C752062656E63682044
:109C90006D6F766520636F64653D6261645F6172BC
:109CA00067756D656E74206669656C643D706F7371
:109CB0006974696F6E0000006572726F7220256CA6
:109CC000752062656E6368206D6F766520636F64D2
:109CD000653D6261645F617267756D656E74206673
:109CE00069656C643D73706565640000636F756ED3
:109CF000745F6D69736D6174636800006572726F83
:109D00007220256C752062656E6368206D6F7665C4
:109D100020636F64653D2573206669656C643D73DF
:109D200070656564000000006572726F7220256CBA
:109D3000752062656E6368206D6F766520636F6461
:109D4000653D6F75745F6F665F72616E67652066F3
:109D500069656C643D7370656564000064656C746E
:109D6000610000006572726F7220256C752062655B
:109D70006E6368206A6F6720636F64653D6261642B
:109D80005F617267756D656E74206669656C643DB0
:109D900064656C74610000006572726F7220256CDE
:109DA000752062656E6368206A6F6720636F646503
:109DB0003D6261645F617267756D656E742066698E
:109DC000656C643D73706565640000006572726F58
:109DD0007220256C752062656E6368206A6F67204B
:109DE000636F64653D6F75745F6F665F72616E6708
:109DF00065206669656C643D73706565640000008C
:109E00006F6B20256C752062656E636820252E2A95
:109E1000732061636365707465643D310000000008
:109E200062757379000000002DE9F04F85B0164689
:109E30001F4688460546DDF838B0EAF75FF805F5B5
:109E400080448246D4F81C0F10B194F8280F48B112
:109E5000D4F8200F10B194F8290F18B198F84D01DB
:109E600028B901E031A203E098F84E0140B131A2D7
:109E700041465846FEF778FC042005B0BDE8F08F57
:109E80004FF4884105F10800D6F72CFF4FF0000988
:109E9000284684F84C9F00F097FF68B994F84D1F4E
:109EA00084F84E1F94F84F1FC4F8249F84F8501F65
:109EB00094F8510F84F8520F3246D8F8A4103B465C
:109EC0002846FEF7E5FE05F58042C4F80C0F02F5C2
:109ED0006E60012184F8571F84F8589F05F580456E
:109EE000C0C0024684F8539F84F8549F072384F827
:109EF000551FC2E9006796604FF47A72C5F8F47E88
:109F0000C4F8149FC4F8189F0E48D4F8081FCDE970
:109F100001030AF120000090CDE903120A4A012151
:109F2000D8F8A4305846FEF78BFCA6E76275737923
:109F3000000000006261645F617267756D656E7438
:109F40000000000088060308648204087CB504460B
:109F500090F84E010D46002841D194F84D0101289A
:109F60003DD840B100216A46204604F025FC019806
:109F7000042804D009E0214AD4F8A43039E000983C
:109F800004221FA1D6F7C2FD18B10198062804D0FB
:109F900009E01D4AD4F8A4302BE0009806221BA14A
:109FA000D6F7B4FD18B10198032804D009E0194A86
:109FB000D4F8A4301DE00098032217A1D6F7A6FD1F
:109FC00018B10198052804D009E0D4F8A43013A2F0
:109FD0000FE00098052221A1D6F798FD30B121A20B
:109FE00021462846FEF7C0FB04207CBD214AD4F858
:109FF000A43001212846FEF723FC7CBD78810408AB
:10A0000073686F77000000003C7F0408737472650A
:10A01000616D0000AC7D040861726D006F6B2025DE
:10A020006C752068656C702061726D20636F6D6D5A
:10A03000616E64733D616C69676E2C656E61626C04
:10A04000652C6D6F76652C73746F702C6469736109
:10A05000626C652C636C65617200000062656E6302
:10A06000680000006261645F617267756D656E749F
:10A0700000000000847F04082DE9F04F87B04FF006
:10A080000008054691469A460E46DDF840B0474620
:10A090008DF80C808DF810808DF814808DF8188064
:10A0A00091F84D0110B996F84E0138B11E4A584644
:10A0B000FEF75AFB042007B0BDE8F08F05F5804499
:10A0C00094F8560F88B194F8C87B06A8009044F61F
:10A0D000C83005AB04AA03A9284402F00BF894F891
:10A0E000DE0B10B17F208DF80C0094F8570F48B1AB
:10A0F00044F6E06242F8059005F58045C5F8E4AE07
:10A1000084F8588F384601F03BFF9DF80C20D4F8B6
:10A11000081F02910121CDE90002D6F8A43003A264
:10A120005846FEF78DFBC6E718BB02086F6B20256B
:10A130006C752070696E672073746174653D25735A
:10A1400020656E61626C65643D2530327820626FF7
:10A150006F743D256C7500002DE9F0470546924669
:10A160000C462DED028BCEB091F84E0118B994F843
:10A170004D01012801D97FA26EE0286849A9E8F7BE
:10A1800029FC804694F84D014FF00009E8B1002108
:10A19000204647AA04F010FB00285BD046A947A838
:10A1A00001F0B2F8002855D04698411E072957D330
:10A1B000D4F8A430002173A25046FEF741FB0420DE
:10A1C0004EB0BDEC028BBDE8F0873C222F68012128
:10A1D00000263046C0EB001302EB8303FB5CDB433D
:10A1E00013F0FF0F03D101FA00F3DBB21E43401C52
:10A1F000C0B20728EED30025CDF89C90C5EB051022
:10A2000007EB80000189C2880079FDB16AA300BF15
:10A21000CDE90030CDE90221802168A327AA04A856
:10A22000FEF750FAA0B16D1CEDB2072DE6D32799C9
:10A2300004A8E8F703FFFF228DE84501624A0121E7
:10A24000D4F8A4305046FEF7FBFAB9E75F4BDFE7DE
:10A250004846F0E747A221465046FEF785FAAEE7AA
:10A26000C0EB00112A686FF03703CDF8109103EBB3
:10A270008100D4F8A4101418469B4FF48077A2886C
:10A280006088A56BCDE90013CDE9020250A33946E1
:10A2900044AA04A8FEF716FA002868D0E80709D0F7
:10A2A00094F9060058A344AA3946009004A8FEF782
:10A2B00009FA05E055A3394644AA04A8FEF702FAB4
:10A2C000002854D0C5F38010009094ED0B0A50A3E1
:10A2D000394644AA04A8FEF781FA002847D0C5F3FE
:10A2E00040069FED4D8A00964CA394ED020A44AAC5
:10A2F000394604A820EE080AFEF770FAB0B30096BB
:10A3000048A394ED030A44AA394604A820EE080A9B
:10A31000FEF764FA50B3C5F38000009094ED040A90
:10A3200042A3394644AA20EE080A04A8FEF756FACA
:10A33000E0B1C5F3C000009094ED050A3EA3394694
:10A3400044AA20EE080A04A8FEF748FA70B1E8B261
:10A3500039463CA3009044AA04A8FEF7B3F928B1FB
:10A360000121504604AAFEF7C9F929E7FFE70520B5
:10A3700026E700006261645F617267756D656E74E7
:10A38000000000006572726F7220256C7520736882
:10A390006F7720636F6E66696720636F64653D6FDA
:10A3A00075745F6F665F72616E6765206669656C64
:10A3B000643D6A6F696E74003B000000257325756B
:10A3C0003A25753A25750000C88104082CAA0208B0
:10A3D0006F6B20256C752073686F7720636F6E66D6
:10A3E0006967206A6F696E743D256C7520657363BB
:10A3F0003D25303278206D61737465723D253032B1
:10A4000078206469723D0000256400003F00000070
:10A410006765617200000000E12E65426D696E5F44
:10A42000646567006D61785F64656700766D61786B
:10A430005F6465675F730000616D61785F64656785
:10A440005F7332002076657269666965643D253008
:10A45000326C78002DE9F0412DED028B06469046D6
:10A4600091F84E01B4B00D4600287BD195F84D010E
:10A47000012877D806F5804797F8561F002971D034
:10A4800006F59B4440B10021284632AA04F094F915
:10A490003398032819D01EE097F8C90B01F014FD7A
:10A4A000616CE36E226BCDE90330CDE90121E06AF6
:10A4B0000121009040465A4AD5F8A430FEF7C0F971
:10A4C00034B0BDEC028BBDE8F0813298032255A177
:10A4D000D6F71CFB18B1339806280ED013E004F110
:10A4E000400002AE0FC886E80F00D4E902014E4AD0
:10A4F000CDE90001D5F8A4302FE0329806224BA117
:10A50000D6F704FB18B1339803282CD031E0D7F8E4
:10A51000400F40F2E7329FED471B00EE100A4FF468
:10A520009E400023B8EE400B805906F5804607F6A2
:10A530001C77801880EE018BD6F8041F41F10001D2
:10A54000521CD6F70DF88DED048B396A3A680092EB
:10A550003A4ACDE90101D5F8A43001214046FEF781
:10A560006FF9ADE71DE03298032235A1D6F7CEFA98
:10A5700018B1339804280ED013E0D7F8440FE26ED8
:10A58000A16D8DE807002F4A0121D5F8A43040467F
:10A59000FEF756F994E7329804222BA1D6F7B6FAC3
:10A5A00030B12BA229464046FEF7DEF8042087E7AB
:10A5B000002608AF04EBC601D1F88400803110B149
:10A5C0000B68834207D906EB460025A107EBC000C4
:10A5D0000988018008E0009006EB4600182107EB8F
:10A5E000C00020A2D6F74EF8761CF6B2072EE1D3B3
:10A5F000236A2CA820AA26A9CDE906101AAC404649
:10A600000DF1380CCDE9043214AE184ACDE90264DC
:10A61000CDE9007CD5F8A4300121FEF711F94FE710
:10A620008080040863616E00148204086D6F746991
:10A630006F6E00000000000000408F40E47E0408C0
:10A6400075736200847E040872746F7300000000EA
:10A650006261645F617267756D656E740000000011
:10A660003F000000256C752F256C7500D88004080C
:10A6700030B5044691F84D018DB0154610B991F8EA
:10A680004E0108B1114A12E044F65670005D68B1FF
:10A69000D1F8A43030210EA201A8D5F7F3FF00288D
:10A6A00001DB302808D305200DB030BD0D4A284607
:10A6B000FEF75AF80420F7E700202946012200900F
:10A6C00001AB2046FEF71AF9EEE7000018BB0208BE
:10A6D0006F6B20256C752073686F77206A6F696EC9
:10A6E0007473000010AC02082DE9FF5F04469B461E
:10A6F00000200E462DED028BCEB04FF0FF39479073
:10A7000091F84D01012819D196F84E01B0B90021F8
:10A71000304649AA04F050F880B148A949A800F091
:10A72000F3FD58B1489F791E072909D3D6F8A43004
:10A7300000215E98A3A2FEF783F82EE0AEA228E0E7
:10A7400004F5804090F8562F12B34FF0010C2368A7
:10A75000C7EB071590F87C2D0CFA01FC0CF0FF01FB
:10A7600007EB87086FF0370C0CEB850544F6284C97
:10A7700004EBC80803EB050A0A4008EB0C0500D0FF
:10A78000012290F8940E904608420DD001230CE06F
:10A790009DA25E983146FDF7E7FF04204EB0BDEC68
:10A7A000028B04B0BDE8F09F002304EB8702D5E9DB
:10A7B000060102F59842459392ED960AD2ED9D0A64
:10A7C000C0FE608A50EA010214D0529B1B1A7BEB38
:10A7D00001020FD3529A0023101A6BEB01014FF4C0
:10A7E0007A72D5F7BDFE0022D0F1FF338A4100D244
:10A7F00048468146B8F1000F07D095F82000082898
:10A8000001D2696919B183A00FE084A00DE001288D
:10A8100001D084A009E086496868884202DC854945
:10A82000884201D984A000E085A0BAF80220BAF8D5
:10A830000410854BCDE90310CDE90172D6F8A400D0
:10A840004FF4807647AA3146009005A8FDF73AFFFD
:10A8500000287DD095ED000A9FED7C8A47AA3146FD
:10A8600005A820EE080AFDF7D1FD0028F1D078A355
:10A87000314647AA05A8FDF725FF0028E9D095ED48
:10A88000010A47AA314605A820EE080AFDF7BEFDD9
:10A890000028DED072A3314647AA05A8FDF712FFB3
:10A8A0000028D6D095ED020A47AA314605A8FDF743
:10A8B000ADFD0028CDD06DA3314647AA05A8FDF710
:10A8C00001FF00287BD095ED030A47AA314605A871
:10A8D000FDF79CFD002872D066A3314647AA05A863
:10A8E000FDF7F0FE00286AD095ED040A47AA31462C
:10A8F00005A8FDF78BFD002861D0696960A3CDE94B
:10A90000001947AA314605A8FDF7DCFE002856D0FD
:10A91000489847AA459B3546314604EB800000F530
:10A92000984090ED8F0A05A820EE080AFDF7C2FEB8
:10A9300070B15BA3294647AA05A8FDF7C3FE38B14D
:10A94000489804EB800000F5984090ED960A00E0EE
:10A9500035E0459B47AA20EE080A05A82946FDF7E1
:10A96000A9FE60B352A3294647AA05A8FDF7AAFE8F
:10A9700028B3489847AA459B294604EB800000F578
:10A98000984090ED9D0A05A820EE080AFDF792FE7A
:10A99000A8B14CA3294647AA05A8FDF793FE70B1BC
:10A9A000459B47AA28EE880A05A82946FDF782FE9E
:10A9B00028B15E98012105AAFDF7A0FEEEE605206C
:10A9C000ECE600006572726F7220256C752073686A
:10A9D0006F77206D6F746F7220636F64653D6F7564
:10A9E000745F6F665F72616E6765206669656C642F
:10A9F0003D6A6F696E7400006261645F61726775C1
:10AA00006D656E7400000000756E617661696C6141
:10AA1000626C65006661756C74000000616273654C
:10AA20006E74000064697361626C6564000000000C
:10AA30006F12833A6F1283BA6D6F76696E6700008A
:10AA4000686F6C64696E6700F87D0408E12E6542EA
:10AA50002073706565645F6465675F733D00000027
:10AA600020746F727175655F6E6D3D00206D6F7340
:10AA70005F633D0020726F746F725F633D00000082
:10AA8000206661756C743D256C75206167655F6D2E
:10AA9000733D256C7520706D61785F6465673D005E
:10AAA00020766D61785F6465675F733D000000002C
:10AAB000206D61785F73706565645F6465675F735F
:10AAC0003D000000206D6F76655F73706565645FA3
:10AAD0006C696D69745F6465675F733D00000000B9
:10AAE000F0B5044691F84D0195B0164610B991F8AD
:10AAF0004E0108B11E4A13E004F5804595F8560F43
:10AB000068B1D1F8A43030211AA205A8D5F7BAFD52
:10AB1000002801DB302808D3052015B0F0BD1A4A03
:10AB20003046FDF721FE0420F7E714A9204644F63D
:10AB3000C83C0091012405AF13AB12AA11A96044CF
:10AB400001F0D8FA0DF1040C9DF850309DF84C201E
:10AB50009DF848109DF844008CE80F0095F87C0D96
:10AB60003B460A4A214600903046FDF769FED4E78D
:10AB700018BB02086F6B20256C752073686F7720F7
:10AB80006D6F746F7273000010AC02080C830408C0
:10AB90002DE9F0430D4691F84D1187B0914611B95A
:10ABA00095F84E1109B1194A0CE000F5804696F867
:10ABB000561F31B144F6C8314418A07D50B17F27EB
:10ABC00009E013A229464846FDF7CEFD042007B050
:10ABD000BDE8F0830027607801F076F980462078A0
:10ABE00001F0CEF9D6F81C2F0146E37DCDF8148094
:10ABF0000297CDE90332607D084ACDE90010D5F80F
:10AC0000A43001214846FDF71BFEE0E718BB02080F
:10AC1000756E617661696C61626C65002C800408F8
:10AC20002DE9F04786B00C463EA190463CA29946DD
:10AC3000DDF838A00646204603F026FF002894F8E9
:10AC40004D0106F580454FF0000713D010B994F878
:10AC50004E0108B135A247E085F8537F012185F800
:10AC6000547F36A2D4F8A4305046FDF7E9FD06B073
:10AC7000BDE8F0870028EDD194F84E010128E9D114
:10AC800003AA204632A103F075FD0028E2D005A9F1
:10AC900003A800F039FB0028DCD02FA2204621A118
:10ACA00003F0F2FE10B10120322107E02CA2204671
:10ACB0001CA103F0E9FEB0B102200A2185F8540F6F
:10ACC000059808B1884214D985F8547F26A2D4E9A2
:10ACD0002D10CDE90001D4F8A43000215046FDF735
:10ACE000AFFD0420C3E72DA221465046FDF73CFDF1
:10ACF000F7E744F6E86385F8530F43F8068006F556
:10AD00008046C6F8EC9ED4E92D12009227A2CDE928
:10AD10000110D4F8A43001215046FDF791FDA6E7BB
:10AD20006F66660073747265616D00006261645FD6
:10AD3000617267756D656E74000000006F6B202591
:10AD40006C752073747265616D206F66660000001B
:10AD500072617465000000006A6F696E74730000B0
:10AD60006D6F746F727300006572726F7220256C64
:10AD7000752073747265616D20252E2A7320636FB0
:10AD800064653D6F75745F6F665F72616E676520A5
:10AD90006669656C643D726174650000756E6B6E0A
:10ADA0006F776E5F636F6D6D616E64006F6B2025F2
:10ADB0006C752073747265616D20252E2A73207264
:10ADC0006174653D256C750000F5804110B591F802
:10ADD000382F3ABBD1F81C2F1AB191F8282F012A2D
:10ADE00020D0D1F8202F1AB191F8292F012A19D09B
:10ADF00091F8522F10E000BF02F0070303EB830429
:10AE000004EBC30300EBC30303F5804393F8E1387D
:10AE1000012B07D0521CD2B291F8513F9342EBD193
:10AE2000002010BD012010BD70B504000D4617D0E4
:10AE300044F66071D5F756FFE7F7C8FD206005B905
:10AE4000012504F580403221C0F8085F80F8531FC7
:10AE500044F6A0602044BDE8704002A1D5F709BEC9
:10AE600070BD00006A706F732C6A76656C2C737409
:10AE70006174652C6D6F746F720000002DE9F041F4
:10AE80000D46074615F8520FFDF7C2FE06466878D4
:10AE9000FDF764FE0146A8790022523D60F30704E5
:10AEA000401E062862F30F2409D8012295F8563077
:10AEB00002FA00F0C0B2034201D062F30F243E60F8
:10AEC000C7E90114BDE8F0812DE9F04192B01446C4
:10AED0000D4606460020984602AB6A4604F166011C
:10AEE0008DF80800284600F03BF918B99DF80800D5
:10AEF000012801D062A313E09DF8005004AA62A1CA
:10AF0000304603F037FC10B361A104A801F05CF9EE
:10AF10004FF0020730B1012184F86510052009E0E7
:10AF20005DA24EE060A104A801F04EF978B10720BF
:10AF300084F8657096F84E1181420AD056A23146C7
:10AF40004046FDF711FC042012B0BDE8F0814EA38D
:10AF5000E6E706AA304656A103F00CFC28B104F13E
:10AF6000500106A803F0CFFD08B151A3D8E794ED36
:10AF7000140AB5EEC00AF1EE10FA04D910EE100A68
:10AF80004C49884201DD4AA31AE008AA30464AA18A
:10AF900003F0F0FB28B104F1540108A803F0B3FD5D
:10AFA00008B145A3BCE794ED150AB5EEC00AF1EE71
:10AFB00010FA04D910EE100A4049884206DD3EA37B
:10AFC0003FA231464046FDF7A7F9BDE70AAA304641
:10AFD0003FA103F0CFFB28B104F158010AA803F008
:10AFE00092FD08B13AA39BE70CAA30463BA103F0BF
:10AFF000C1FB68B103A90CA800F086F940B1039821
:10B0000042F2AD62A0F16401914203D333A3D7E7CA
:10B0100032A385E74FF47A7194F86520A0FB011004
:10B02000022AC4E91210C4E9101025D10EAA304634
:10B030002DA103F09FFB30B104EB85010EA80D4656
:10B0400003F061FD08B128A36AE710AA304629A1E0
:10B0500003F090FB28B105F11C0110A803F053FD8B
:10B0600008B124A35CE795ED070AB5EEC00AF1EE3E
:10B0700010FA01D81FA3A3E7002084F8677063E7E4
:10B080006D6F746F72730000616374696F6E00009E
:10B09000686F6C64000000006261645F61726775D4
:10B0A0006D656E74000000006D6F76650000000035
:10B0B0006B7000000000FA436B6400000000A040C9
:10B0C0006F75745F6F665F72616E67650000000088
:10B0D000746F727175655F666600000064757261F9
:10B0E00074696F6E5F6D7300706F736974696F6EF2
:10B0F0000000000073706565640000007CB50546C3
:10B1000090F84E0116460C46012816D10EA16A464B
:10B11000284603F02FFB80B10DA1684601F054F8DA
:10B1200008B1022005E00BA1684601F04DF820B1FE
:10B13000012084F8670000207CBD084A02A329464C
:10B140003046FDF7E9F87CBD6D6F646500000000D6
:10B150006D697400706F735F76656C0018BB0208D0
:10B160002DE9FE4F8A464FF00001050099469046B2
:10B170000F460E462CD0BAF1000F29D0B8F1000FBF
:10B1800026D0B9F1000F23D0686808B30022C8F8B0
:10B190000020A8F80420144688F8062022E003D0F6
:10B1A0002868005D2C281CD12868621A084469466A
:10B1B000CDE9010201A800F0A7F848B1009838B124
:10B1C000072805D80121401E8140C9B20F4202D094
:10B1D0000120BDE8FE8F721C0F4308F80600611CB9
:10B1E000D6B2641C6868A042D9D28AF800704FF0C9
:10B1F000000089F80060ECE72DE9FE430F464FF0B0
:10B20000000105000E4688462AD04FB3686838B35F
:10B2100000241CE003D02868005D2C2816D12A6881
:10B22000601A1144CDE9011001A8694600F06CF8DC
:10B23000B0B10098A0B1072812D8404510D9421EDD
:10B2400080460123611C9340D8B20643641C6868A1
:10B25000A042DFD23E701EB14FF00100BDE8FE8378
:10B260004FF00000FAE72DE9FC410F464FF00001D6
:10B27000050098464FF001030E4639D0C7B3B8F128
:10B28000000F35D06C689CB392B3072A30D80020E9
:10B290000BE0D5F800C01CF800C0BCF12C0F03D1A6
:10B2A000884208D0411C5B1C401C8442F1D88C426F
:10B2B00001D0934202D00220BDE8FC811C2140460F
:10B2C000D5F710FD0020044618E003D02968095D79
:10B2D0002C2912D1B95D07290AD22A68231A08EB52
:10B2E00081011044CDE90003684603F00CFC08B16D
:10B2F0000120E1E7601C761CF6B2641C6968A1427B
:10B30000E3D24FF00000D7E7F0B54FF0000478B17A
:10B3100071B1456865B100230A2610E00268D25C6D
:10B32000303A0A2A04D2D743B7FBF6F7A74201D234
:10B330000020F0BD04EB84045B1C02EB44049D423E
:10B34000ECD801200C60F0BD0B4610B540B13BB10C
:10B3500000F5804292F8521F92F8514FA14201D15C
:10B36000002010BD92F8521F01F0070101EB81028D
:10B3700002EBC10244F6880100EBC200014418460A
:10B380006822D5F753FC012010BD000070B50600FF
:10B390000D4645D0C5B300F0C7F9B0BB38E000BFDB
:10B3A00094F84E0F44F20841802200F0070006EBAB
:10B3B000C01001442846D5F739FC94F84E0FD4F854
:10B3C000241F401C84F84E0FF9B195F86A20012A19
:10B3D0000AD095F86400092806D00A2804D001286C
:10B3E00014D195F8690080B1E86D88420ED194F8C7
:10B3F0002A0F82420AD1286ED4F8341F884205D120
:10B400000020C4F8240F05E00AE0FFE7012070BD2A
:10B4100006F5804494F84E1F94F84D0F8142BFD139
:10B42000002070BD70B50D460446FFF78DFF18B1C2
:10B4300095F85900012801D0002070BD04F5804422
:10B4400094F8520F401C84F8520F012070BD000088
:10B450002DE9F04107000E464FF000082DED028B5C
:10B46000ADF5207DCDF8788231D0002EFCD007F5E7
:10B47000804544F6880400BF95F8520F95F8511F97
:10B480008842F1D095F8520F682200F0070000EBD7
:10B49000800101EBC00007EBC000011984A8D5F7BB
:10B4A000C5FB9DF8690201280ED095F8520FD5F81A
:10B4B0000C1F401C85F8520F97988842DCD19DF8EC
:10B4C0006002062804D058E03046FDF743FBD3E085
:10B4D000D5F81C1F969888424FD195F8281F9DF8E3
:10B4E0006902884249D1D5F82C1F9798884244D1E7
:10B4F00007F580410846DDE99424D1F8F81ED0F81C
:10B50000FC0E531A74EB000303D3531A64EB0004CC
:10B5100001E000231C465D4A9DED8B8AD143204605
:10B52000D21A4FF0FF34814101D220460BE040F2A5
:10B53000E73113EB010C40F10001604600234FF4AA
:10B540007A72D5F70DF8B5EEC08AC5F83C0FF1EE6A
:10B5500010FA0EDB18EE100A4D49884209DADFEDC9
:10B560004D0AB6EE000A08EE200ABCEEC00A10EE44
:10B57000104AC5F81C8FC5F8404F3046FDF7EAFA6F
:10B5800095F8550FF8B184A932463846FDF750FCBE
:10B59000002872D0949A3846DDE99531FDF7FAFB20
:10B5A000002870D0DDE99412C0E98212B6F80822B2
:10B5B000A0F8182296F80A12521C80F81A12314686
:10B5C000D5F7EFFA5FE09DF860020B281CD09DF8DC
:10B5D000610228B3012825D0032825D02EA000BF62
:10B5E000969A40F20124CDE90020BDF864122CA304
:10B5F0009EAA029103A82146FDF764F800283CD0DA
:10B600009DF8600290B130E0D5F8183F00212AA2E1
:10B6100030465B1CC5F8183FFCF73EFF60BB32E0CC
:10B6200034A0DDE736A0DBE737A0D9E79DF861025B
:10B63000D8B938A321469EAA03A8FDF743F8D8B18C
:10B6400084AB21469EAA03A8FCF744FFA0B133A314
:10B6500021469EAA03A8FDF735F868B18BAB2146B9
:10B660009EAA03A8FCF736FF30B10021304603AA9A
:10B67000FCF776FE00288DD000200DF5207DBDEC76
:10B68000028BBDE8F0810120F7E7000018FCFFFF06
:10B690006F12834A00007A444641494C45440000F9
:10B6A000444F4E4520256C752025732064657461D8
:10B6B000696C3D257500000045565420256C7520A9
:10B6C0004C494E4B5F54494D454F555420656C6174
:10B6D000707365645F6D733D313030302061637429
:10B6E000696F6E3D53544F505F44495341424C453E
:10B6F00000000000434F4D504C45544544000000AD
:10B7000053544F505045440043414E43454C4C45E3
:10B710004400000020715F6465673D00206269613C
:10B72000735F6465673D00000B4610B540B13BB1E7
:10B7300000F5804494F8501F94F84F2F914201D1A6
:10B74000002010BD44F60801014418468022D5F7B8
:10B750006DFA94F8500F401C84F8500F012010BD72
:10B760002DE9F04FADF5017D16465FEA00090C4664
:10B770004FF00000DDE98B57DDF828827F9018D06C
:10B78000BCB1B7B13846FDF7E5F902AA314620460B
:10B7900003F054F809F5804690B103280ED0BAA3FF
:10B7A000D6F8440F411C02D0401CC6F8440FB9A281
:10B7B0002CE006200DF5017DBDE8F08FBBA3EFE77F
:10B7C0007FAA56A902A8FDF759F9E8B1012086F829
:10B7D000550F7F9956A8E7F731FC82469DF8B000D7
:10B7E00080B32B9942462B464846FDF7D3FA040016
:10B7F00029D0D4F8141251450ED0B0A2384602A96F
:10B80000FCF7B2FF0220D5E72B9BB1A200213846FE
:10B81000FDF716F80420CDE73946204600F036FA49
:10B8200096F8570F60B194F81B0248B144F6E063F4
:10B83000191D002243F8098041F8095086F8582F55
:10B840000120B7E7FFE70022A9A102A803F01CF935
:10B8500038B102A942462B4648460097FEF7E4FA63
:10B86000A2E00022A4A102A803F00EF938B102A9B7
:10B8700042462B4648460097FEF7FEFB94E0002226
:10B880009FA102A803F000F920B102A83946FEF7F3
:10B890005DFB89E09CA29EA102A803F0F5F898B197
:10B8A0009DF8552102A9384612B99DF856210AB1D2
:10B8B00099A296E09CA22B9B9DA1CDE90012A04AE3
:10B8C0000121FCF7BDFF6FE09EA291A102A803F049
:10B8D000DBF828B102A93A464846FFF759F963E078
:10B8E0009AA28BA102A803F0CFF828B102A93A4688
:10B8F0004846FEF7BDFE57E096A285A102A803F0D8
:10B90000C3F828B102A93A464846FFF7E9F84BE0E8
:10B9100092A27FA102A803F0B7F838B102A942466B
:10B920002B4648460097FEF7DFFE3DE08DA278A14A
:10B9300002A803F0A9F828B102A93A464846FEF742
:10B940000BFC31E089A272A102A803F09DF828B196
:10B9500002A93A464846FEF77DFD25E085A286A16C
:10B9600002A803F091F858B978A283A102A803F0C5
:10B970008BF828B977A280A102A803F085F838B126
:10B9800002A942462B4648460097FFF749F90BE0CB
:10B990007BA102A800F000FC40B102A942462B4660
:10B9A00048460097FDF7B0FF04460FE076A102A8D5
:10B9B00000F0F2FB90B1DDE92F102B9B73A2CDE9D3
:10B9C000000100213846FCF73BFF04249DF8B0003D
:10B9D000F0B397F81804012806D042E07AA238465E
:10B9E00002A9FCF7C1FEF0E7052C4BD0DDF8ACB0A6
:10B9F000CDF800A06CB30021BA4601915FEA0B01BB
:10BA00002FD096F84C1F01EB011109EB41170837B5
:10BA10004FF408713846D5F765F9C7F810B25146AA
:10BA2000009AC7F81422C7E98285BAF80822A7F855
:10BA300018229AF80A02521C87F81A02019887F80D
:10BA40001B023846D5F7ADF8012087F81C0201E04B
:10BA500007E008E096F84C0F401C00F01F0086F845
:10BA60004C0F14B10EE00121C6E796F8570F48B10C
:10BA700044F6E063191D002243F8098041F809509B
:10BA800086F8582F204695E66261645F6C696E65A2
:10BA9000000000006572726F722030207061727356
:10BAA0006520636F64653D25730000006C696E65F9
:10BAB0005F746F6F5F6C6F6E670000007265717509
:10BAC0006573745F636F6E666C6963740000000079
:10BAD0006572726F7220256C7520706172736520BB
:10BAE000636F64653D6261645F6C696E6500000050
:10BAF00068656C6C6F00000070696E670000000084
:10BB000068656C7000000000696E666F00000000E0
:10BB100073686F77000000006261645F617267752F
:10BB20006D656E7400000000756E6B6E6F776E0051
:10BB300053544D33324837323356475436000000A1
:10BB4000D07F040873746174650000006A6F696EC9
:10BB5000747300006D6F746F727300006D6F746F9B
:10BB600072000000636F6E66696700006469616758
:10BB7000000000006F66660073747265616D0000FE
:10BB800062656E636800000061726D006572726FBD
:10BB90007220256C752061726D20252E2A7320631A
:10BBA0006F64653D70726F66696C65206375727253
:10BBB000656E743D62656E63682072657175697249
:10BBC00065643D61726D0000756E6B6E6F776E5FC0
:10BBD000636F6D6D616E64002DE9F041054691F86B
:10BBE0006A0005F580440E4694F84D1F94F84E2FD8
:10BBF0000128A1EB0200C1B20CD096F8640006281F
:10BC000008D0092806D00A2804D0012804D196F8C3
:10BC1000690008B1012700E00027082903D22FB1ED
:10BC2000D4F81C0F10B10020BDE8F08194F84D0F3E
:10BC300044F20841802200F0070005EBC0100844E0
:10BC40003146D4F7F3FFD7B1F16D05F58043C4F861
:10BC50001C1F184696F86A1003F6F86384F8281F2C
:10BC60000746316E05F58045C4F82C1FD6E90E1243
:10BC700006C3D6E91001C7F8000FC5F8041F94F8F1
:10BC80004D0F401C84F84D0F0120CDE770B5B0F882
:10BC900018220C4605460146521C204605F506753D
:10BCA000D4F77FFF29880120A4F80812A97884F826
:10BCB0000A1284F8180470BD2DE9F04706000D46FD
:10BCC0000AD04DB106F5804494F8510F94F8521FF4
:10BCD000401AC0B2082802D30020BDE8F08794F8CB
:10BCE000510F44F6880100F0070000EB800202EBE0
:10BCF000C000682206EBC00008442946D4F796FF2E
:10BD000094F8510F4FF00009401C84F8510F95F83A
:10BD1000591095F85000012906D009280AD00A28A0
:10BD200008D0012803D021E0032803D122E095F8B0
:10BD3000570088B3A86CD4F81C2F904216D194F801
:10BD4000280F814212D1E86CD4F82C1F88420DD103
:10BD500006F58047C4F81C9F00203E46C7F8F80E41
:10BD6000C7F8FC0EC7F8000FC6F8040F95F850008E
:10BD7000032811D1A86CD4F8201F88420CD195F863
:10BD8000590094F8291F884206D1E86CD4F8301F76
:10BD9000884201D1C4F8209F01209EE770B50600BB
:10BDA0000C4614D09CB194F86A0001280FD1E06DC4
:10BDB00068B1206E58B194F8660040B1010606D40F
:10BDC00094F86410032904D0411E084201D00320D6
:10BDD00070BD204600F020FA0028F9D194F86400E4
:10BDE00003280DD006F58045D5F81C0F78B9D5F895
:10BDF000200F60B995F84D0F95F84E1F884206D177
:10BE000021463046FCF781FF08B1002070BD0120BB
:10BE100070BD2DE9F04106008846A0B051D0B8F1C0
:10BE2000000F4ED006F58044D4F81C0FE0B3D4F8D0
:10BE3000240FC8BB94F84D7F94F84E5F3FE005F0A7
:10BE4000070044F20841802206EBC0100144684616
:10BE5000D4F7ECFE9DF86A1001290AD09DF8640021
:10BE6000092806D00A2804D0012826D19DF86900A7
:10BE700018B3D4F81C2F179890421ED194F8280FAD
:10BE800081421AD1D4F82C1F1898884215D18022EB
:10BE900069464046D4F7CAFE9DF86A0084F82A0F26
:10BEA0001898C4F8340F00E00BE004F624741798D7
:10BEB0002060012020B0BDE8F0816D1CEDB2BD42D4
:10BEC000BDD10020F6E70000082815D2DFE800F019
:10BED0000406080A0C0E101208A0704709A070474B
:10BEE0000CA0704710A0704713A0704716A07047B1
:10BEF00018A070471CA070471DA070476E6F6E653C
:10BF000000000000636F6E6669675F696E76616C42
:10BF100069640000636F6E6669675F696E636F6D69
:10BF2000706C6574650000006C696E6B5F74696DA0
:10BF3000656F7574000000006D6F74696F6E5F63EC
:10BF40006F6E74726F6C00007472616E73706F72DA
:10BF500074000000636F6E74726F6C5F646561647F
:10BF60006C696E650000000064726976657200009D
:10BF7000666565646261636B5F7374616C65000024
:10BF8000082815D2DFE800F00406080A0C0E10128B
:10BF900008A0704709A070470BA070470DA070471C
:10BFA0000FA0704711A0704712A0704713A07047F0
:10BFB00015A07047626F6F740000000073656C66B7
:10BFC0005F74657374000000756E616C69676E65FF
:10BFD0006400000064697361626C656400000000C5
:10BFE000656E61626C696E67000000007265616475
:10BFF000790000006D6F76696E67000073746F7072
:10C0000070696E67000000006661756C7400000066
:10C0100070B526A20C4627A1054602F035FD08B1F1
:10C0200007203FE025A2284622A102F02DFD08B1FD
:10C03000022037E023A228461EA102F025FD08B108
:10C0400008202FE020A228461AA102F01DFD08B109
:10C05000092027E01EA2284616A102F015FD08B10E
:10C0600001201FE01CA2284612A102F00DFD08B11C
:10C070000A2017E019A228460EA102F005FD08B11A
:10C0800003200FE017A228460AA102F0FDFC08B128
:10C09000042007E015A2284606A102F0F5FC0028BE
:10C0A00002D005202070012070BD0000696E697407
:10C0B0000000000062656E6368000000656E6162EA
:10C0C0006C6500006A6F67006D6F766500000000A8
:10C0D0006D6F6465000000006D69740073746F70AB
:10C0E0000000000064697361626C6500636C6561E7
:10C0F000720000002DE9F04399460023079E0127B6
:10C100000B70137089F8003086F8003003EB83055C
:10C1100090F8B4C107FA03F400EBC505E4B21CEAD9
:10C12000040F05F188052CD095F820C0BCF1080F4C
:10C1300004D2D5F814C0BCF1000F05D096F800C0A9
:10C140004CEA040C86F800C095F820C0BCF1010F41
:10C1500017D191F80080DFF838C048EA040881F868
:10C1600000806D68654503DCDFF828C0654503D9AC
:10C1700015782543157004E099F80050254389F897
:10C1800000505B1CDBB2072BC0D3BDE8F08300007E
:10C190006F12833A6F1283BA70B504460D46084693
:10C1A000D4F78BFC024694F84C0148B1D4F8B000A7
:10C1B000904205D1D4F8AC002946D4F7A7FC08B1C9
:10C1C000002070BD012070BD70B504000D460CD07C
:10C1D0005DB10846D4F771FC02466068904204D114
:10C1E00020682946D4F792FC08B1002070BD0120D8
:10C1F00070BD10B504000DD000290BD044F6C83036
:10C200004FF436722044D4F711FD04F58044012028
:10C2100084F8560F10BD00002DE9F041040073D0E2
:10C2200094F86400092806D00A2804D0082802D00F
:10C2300000273D4627E094F866000127F0B300068A
:10C2400062D4002500E0F7B1012194F86600A9400E
:10C25000084218D004EB85063068E0F705F968B3AA
:10C26000F069E0F701F948B394F864000A2803D1B3
:10C2700094F86500012806D096ED070AB5EEC00ACD
:10C28000F1EE10FA48D96D1CEDB2072DDBD394F80E
:10C2900064000A2842D1206DE0F7E6F870B1606DC5
:10C2A000E0F7E2F850B1A06DE0F7DEF830B194EDC0
:10C2B000140AB5EEC00AF1EE10FA00E024E02BD922
:10C2C00010EE100A1649884226DC94ED150AB5EEE8
:10C2D000C00AF1EE10FA1FD910EE100A1149884277
:10C2E0001ADC114AD4E91201821A71F1000213D347
:10C2F0000E4B0022181A8A410ED394F865000128CB
:10C3000005D0022808D102E00320BDE8F08194F8AE
:10C310006600411E084201D00B20F6E70020F4E73A
:10C320000000FA430000A040A0860100809698001B
:10C33000F0B50500174685B01E463CD005F5804493
:10C3400094F8550FC8B194F8560F002834D004A8BB
:10C35000009044F6C83003AB02AA01A92844FFF7B5
:10C36000C9FE94F8DE0B40B994F8DF0B28B99DF8AC
:10C37000040010B99DF8080030B194F8570FD0B1FF
:10C3800094F8580FB8B903E0002084F8580F12E071
:10C3900044F6E060405905F580453A1AD5F8E41EA8
:10C3A00076EB010207D3074A381A66EB0106801ABA
:10C3B00076F1000002D2002005B0F0BD012084F823
:10C3C000580FF9E740420F0070B5144640B13CB138
:10C3D00000F5804393F8502F93F84F5FAA4201D1A4
:10C3E000002070BD93F86E280A4344F6080101440A
:10C3F000204683F86E288022D4F718FC012070BDF7
:10C400002DE9F041184C0F460546E6682068001DEE
:10C4100003F05CF938B922680121206992F82C20D8
:10C42000914088432061681C07D137B12168BDE87D
:10C43000F0410E48091D03F09FB920683544B5420C
:10C440004560216805D2A06B091DBDE8F04103F0ED
:10C450007BB9606B091D03F077F9A06A854200D2B1
:10C46000A562BDE8F0810000DC000124CC6002245C
:10C470002DE9F041054603F08BF92E4C2E4FA068B4
:10C48000401CA060206810B1606940B32DE02560B9
:10C49000A068012829D1002606EB860007EB800062
:10C4A00003F044F9761C072EF6D323488C3003F0B2
:10C4B0003DF92148A03003F039F91F48B43003F0AA
:10C4C00035F91D48C83003F031F91B48DC3003F062
:10C4D0002DF919488C3060631430A06305E0E86AD8
:10C4E0002168C96A814200D825600120616A491C1F
:10C4F0006162E96A226988401043206101EB810092
:10C50000291D07EB800003F037F903F061F960693A
:10C5100000280CD02068E96AC06A884207D207491F
:10C520004FF080500860BFF34F8FBFF36F8FBDE8AF
:10C53000F0810000DC000124F05F022404ED00E043
:10C5400010B5044690F8510058B101280CD00228CB
:10C550000FD0502080F31188BFF34F8FBFF36F8F40
:10C56000FEE7206B03F048F92046BDE8104003F0D9
:10C5700043B910BD11484FF4705110B5420706D0B1
:10C580000E49C01D20F00700411AC1F570510C4C36
:10C59000002301440839A4F1180221F00701C4E97D
:10C5A00000030C1A11604B600B60C0E9001494602A
:10C5B0004FF000415460516110BD0000E060022462
:10C5C00030010124144E4FF08058144CDFF8509085
:10C5D000A6F1C80712E000BF03F0DAF8F068C568FA
:10C5E000281D03F073F8A068401EA0606068401E1C
:10C5F000606003F0EDF82846FFF7A2FF60680028AE
:10C60000EAD138680128F9D9C9F80080BFF34F8F03
:10C61000BFF36F8FF2E70000B8600224DC00012452
:10C6200004ED00E02DE9F05F88469A46910015463A
:10C63000DDE90B940A9EA5228346206BD4F728FBE4
:10C64000206B6FF0030101EB8501084420F0070720
:10C65000780707D0502080F31188BFF34F8FBFF3C6
:10C660006F8FFEE7B8F1000F4FF000050ED00020ED
:10C67000221818F8001082F8341018F8001011B1C0
:10C68000401C1028F4D384F8435001E084F834505F
:10C69000072E00D30626E662201DC4E9116503F0CB
:10C6A00050F804F1180003F04CF8E564C6F10700F7
:10C6B000A06184F85050524624615946384664625D
:10C6C00000F0C0F8B9F1000F206001D0C9F80040B7
:10C6D000BDE8F09F30B5114900E011460A6882427A
:10C6E000FBD34B685C18844203D14468084623445A
:10C6F0004B6043681D18954209D1084C183C2468CA
:10C70000A24209D052681A4442600A681268026064
:10C71000814200D0086030BD0460F9E73001012497
:10C720000648416B096829B1416BC968C968496805
:10C73000816270474FF0FF31FAE70000DC0001240E
:10C7400008484068401C4FF0500080F3118804D026
:10C75000BFF34F8FBFF36F8FFEE7BFF34F8FBFF372
:10C760006F8FFEE7380101242DE9F04100270446D0
:10C7700003F0ACF9324E306808B9FFF7FBFE706980
:10C7800004424ED1C4B3083460070ED004F0070051
:10C79000C0F108000444600707D0502080F31188DE
:10C7A000BFF34F8FBFF36F8FFEE72CB370688442E7
:10C7B00037D82348183001460D6801E028460D4659
:10C7C0006968A14202D229680029F7D131688D42F7
:10C7D00027D007682968016008376868011B10299D
:10C7E0000FD92819420708D0502080F31188BFF3D1
:10C7F0004F8FBFF36F8FFEE713E041606C60FFF770
:10C8000069FF69687068401A7060B268904200D22F
:10C81000B060002072691143C5E90001F068401C56
:10C82000F06003F0FDFB780707D0502080F31188FB
:10C83000BFF34F8FBFF36F8FFEE73846BDE8F0813F
:10C840001801012470B5041F094E231F4FF0807595
:10C8500021F0010125601C1F1960A0F120010B1FB0
:10C86000266044380A606FF002051D6070BD00004C
:10C8700041C702082DE9F04F544E054685B0706857
:10C880000168CA68CC6B91682160016809698A07F0
:10C8900001D4C90723D0F1F733FE401E07B27068F8
:10C8A000F1F7F2FD401E009703B2002203A81146E3
:10C8B000F1F729FB03A9616070680068027CC06819
:10C8C000920705D5826942F002028261A16076E09A
:10C8D0008169826961F341028261A5606FE0A98884
:10C8E0002A88EB88891A6F88491CDA1B521C0FFAB8
:10C8F00081F90FFA82F8F1F703FE0146B5F9060057
:10C90000814203DC7068F1F7FBFD401E424607B22E
:10C9100070684946B246EDF781FD00268146B5F9BB
:10C9200002000DF1040B28E02E88ADF80460AE88FB
:10C93000ADF80860ADF80600ADF80A10C4F804B010
:10C94000C4F808B0DAF804000168C9688968216091
:10C95000BDF90A10B94201DDADF80A70BDF90A60EF
:10C96000B74205D10068C068816941F00201816168
:10C97000204600F02DF80FFA88F000EB0908A8F126
:10C980000101B942D0DDB7421CD02B88ADF804308C
:10C99000AB88ADF80830ADF80600ADF80A70C4F801
:10C9A00004B0C4F808B0DAF804000168C9688968FE
:10C9B00021600068C068816941F002018161204600
:10C9C00000F006F805B0BDE8F08F00005802012421
:10C9D0002DE9F0415F4C94B007466068F1F750FDD7
:10C9E000F968054609B1384688476068E968006813
:10C9F0000288408812FB00F0884201D1012000E04B
:10CA00000020296859B1696831B128B907E0606828
:10CA10000068816A01B1884728690028F7D16068F9
:10CA20000025F1F757FD01467868F8F783FA616849
:10CA30000646496919B17868F8F77CFA054656EA5E
:10CA4000050051D16068F1F75BFD401E0FFA80F8D8
:10CA50006068F1F719FD411ECDF800800BB200228D
:10CA600011A81146F1F74FFA386BB0B103A8F2F7ED
:10CA70002DF9606811AAC16A079190F829108DF804
:10CA80002610418DADF8101003A990F829008DF8FB
:10CA90000F0038463B6B984726E06068C06A98B143
:10CAA0006946F3F7B9FE01281ED103A8F1F788FD06
:10CAB000606811AA90F829108DF8171003A9C36AAD
:10CAC0003846F1F749FD0FE003A8F2F7FFF8606878
:10CAD000418DADF8101003A990F829008DF80F00D2
:10CAE00038467A68F2F7DEF8606890F82810C907CF
:10CAF0000CD006B906693846314600F09DF96068E9
:10CB0000406990B105B9054629460BE0406928B156
:10CB100005B905463846294600F08EF90EB9606819
:10CB200006693146384600F087F96068F1F7CAFCBB
:10CB30000146384600F080F96068F1F7BBFC014619
:10CB4000384600F079F9606814B0BDE8F041EBF7C1
:10CB500047BE0000580201242DE9F0412C4C002072
:10CB600020606068B0F85051002D4ED0002703E0DF
:10CB7000411991F83011D1B16D1EF9D50068416BA2
:10CB800001B18847606800260168C9688A6922F097
:10CB900001028A610168C9688A6922F002028A6119
:10CBA00090F8281041F0040180F8281022E02F4668
:10CBB000E4E7811991F83011D9B9BE4205D1016875
:10CBC000C9688A6942F001028A610168C9688A6994
:10CBD00022F002028A6100EBC6003030FFF74AFE05
:10CBE000606800EBC6003030F1F756F92168084460
:10CBF0002060761C6068B0F85011B142D9DC90F822
:10CC0000281021F0040180F82810BDE8F081000010
:10CC1000580201242DE9F04F0C468246012120469E
:10CC20008BB0F6F717FD00287ED12046E0F78DFC8B
:10CC3000050027D0002120466122F6F7B9FB00F05D
:10CC4000FF09B9F1020F6FD36B462A4621465046C1
:10CC5000EFF73BFD012867D101276846002204F168
:10CC60001401DFF70DFFA8B100208DF8200012217C
:10CC7000204608AACDF824D0F2F724FE9DF8200023
:10CC800038B107E00BB021465046BDE8F04FF6F74B
:10CC9000D9BF0027012D01D147F0020769463A4666
:10CCA0005046F1F779FF05003ED0002120466F2263
:10CCB000F6F77EFB00B20021804660F30F062046A7
:10CCC0007022F6F775FB01B24FF06403C8F34130F0
:10CCD00061F31F4601284FF4FA624FF47A7B17D1B3
:10CCE00028F4C040904213DCB4F818C05845B4F89A
:10CCF0001480ACEB080C0CF1010C0FFA8CFC01DD7C
:10CD0000C0F57A700CFB00FC9CFBF3F060F30F069F
:10CD1000C1F34130012813D121F4C04090420FDC0F
:10CD2000618BE28A891A00E080E0491C09B258450B
:10CD300001DDC0F57A70414391FBF3F060F31F46CB
:10CD400002A8F1F73DFC002120466E228DF81390D9
:10CD5000F6F72EFB00B2ADF80800B0F5616F02DD0A
:10CD6000A0F5616003E0002803DA00F56160ADF82A
:10CD70000800002120466D22F6F71AFB0021ADF8CD
:10CD80000A0068222046F6F713FB8DF81400B90755
:10CD9000284840680068007CC0F3C0008DF81C0083
:10CDA0003AD52868A860688A69896A680144B5F933
:10CDB0000600491EEA6009B2E98181422CDDE88162
:10CDC0002AE0B80705D53B462A4651462046EFF7EC
:10CDD00049FC21465046F6F735FFDAF804002946AB
:10CDE000A28A32440088101AADF80C00DAF8042048
:10CDF000E08A00EB26405288801AADF80E0002AAA5
:10CE00005046F1F7C4FEB8070CD5E889698A401C82
:10CE100068810144491EE981B5F90A00BDF906108F
:10CE20008842CEDD29465046F1F7EAFE0BB0BDE858
:10CE3000F08F0000580201242DE9F0470C008146D4
:10CE400005D11B484068F1F745FB04002AD0214674
:10CE50004846FFF7DFFE1FE00027F5F73BFC002503
:10CE6000064608E0A068006850F82510E7B148467B
:10CE7000FFF7D0FE6D1CB542F4D317214A46204679
:10CE8000F2F720FD18214A462046F2F71BFD192132
:10CE90004A462046F2F716FDA0464046F5F71AFD31
:10CEA0000400D9D1BDE8F0874145E3D10127E1E78E
:10CEB000580201242DE9F04F464C8DB0606801689E
:10CEC0000A7CD2077ED0C968496800297FD000F566
:10CED000AC70E0F7E8FA002879D160680168CA68A8
:10CEE000936811680C938B4200D151688946F1F721
:10CEF000CBFA20210B9003A8D3F7F4FE0025A0461F
:10CF00003CE0411991F83011B9BB00F5AC70E0F785
:10CF100038FA0646A0462EE0D8F8040031464446CA
:10CF200000F5AC70E0F73FFA83466068314600EBED
:10CF3000C502303203A8DFF7CBFC0746401C19D0EE
:10CF400000240DF10C0A09E0E0F75EFA0AEBC401D7
:10CF5000641C64B20A68026049684160BC42D8F847
:10CF60000400314600F5AC70EEDBE0F7A5FA304680
:10CF7000F4F73AFC5E46002ECED16D1CD8F80400C2
:10CF80004446B0F85011A942BBD800F5AC70254614
:10CF9000E0F7F7F912E00B982346CDF80090CDE9C1
:10CFA00001046868DDE90B210068C06B866BB0473F
:10CFB0006868214600F5AC70E0F7F5F90400EAD1A5
:10CFC000686800E003E000F5AC70E0F7C4F90DB06C
:10CFD000BDE8F08F580201242DE9F0410746F5F72E
:10CFE00079FB0024054612E0B868006850F8246018
:10CFF0003046F6F799FC002230462A21F2F762FC0F
:10D000003046F6F791FC3046FFF7E6FF641CAC4271
:10D01000EAD3BDE8F081000001220248D103D9F72C
:10D0200003BB0000001002582DE9F04788469946DE
:10D0300017460546D8E902460EB9E7F7F1FC0CB9E8
:10D04000E7F7EEFC05EBC711E66001EB8900B46081
:10D05000826B42450FD1AC4284630CD105EB870251
:10D060000120516900FA09F39943516103D12969FB
:10D07000B84081432961BDE8F087037E012B17D1B9
:10D08000022341760229037604D0032906D0012920
:10D0900008D00AE0816A491C816206E0C16A491C25
:10D0A000C16202E0016B491C0163114601F0F0BF4F
:10D0B00070470021AFF300802DE9F041044690F85D
:10D0C000C8040E4648B194F89C06002841D1204679
:10D0D000E7F7C2FE050002D005E002203DE0D6B32E
:10D0E000072E39D8354694F89806002618B184F8EA
:10D0F000986684F89A6604F5B66038218046D3F7BE
:10D10000F1FD94F8C0040127691E94F8C62494F830
:10D110006F3600F07F0007FA01F1084384F8CC5520
:10D120004FF0080C84F8BCC5032B40EA020084F8D9
:10D130009E0601D084F86F6641462046EDF7E4FA7A
:10D1400084F89976062084F8080684F89C7684F89A
:10D150009D76BDE8F081FFE70E2084F86E06F8E7C3
:10D1600070B50446E8F751FB08B10B2501E094F8CF
:10D1700048562046FAF764FF84F849560020C4F860
:10D18000800684F8960684F8970670BD01EB81014D
:10D1900000EB41101346034AA02100F24220D3F7CE
:10D1A00071BA000038EC02082DE9F0410400154680
:10D1B0000E4606D02DB1A078082804D00520BDE881
:10D1C000F0810120FBE7084600F02BFA60B1E0781F
:10D1D00000F00F002875E178401E0E284FEA11106C
:10D1E000687503D90220EAE70420E8E7A379E1792A
:10D1F000A0881F01227AD6ED000A01F00F0347EA4A
:10D20000111840BA1021B1EE600A42EA032700F07B
:10D2100030FA85ED000AD6ED010A0C214046B1EE48
:10D22000600A00F026FA85ED010AD6ED020A0C210B
:10D230003846B1EE600A00F01CFA85ED020A607A09
:10D2400000EE100AB8EE400A85ED030AA07A00EE5F
:10D25000100A0020B8EE400A85ED040AAFE728B1B5
:10D2600021B18278082A03D0052070470120704739
:10D270004279332A03D0552A01D00620704703791A
:10D28000C27803F0070342EA03220A8182798A7294
:10D29000827AD0F8070062F31F60086048600020BF
:10D2A0007047012170EE601A8140491E00EE101A8D
:10D2B00071EE600AB8EE400A21EE800A80EE201A74
:10D2C000BCEEC10A10EE100A70472DE9FC411400B3
:10D2D0004FF000020092019205D0421E0E2A04D99E
:10D2E0000220BDE8FC810120FBE7012903D00229CF
:10D2F00001D00320F5E78DF8000055228DF80410C9
:10D300000D0A8DF802200A238DF805500E0C0F0E21
:10D310008DF806606A4640F2FF7120468DF80330B2
:10D3200008238DF80770E6F786FF0028D9D006207D
:10D33000D7E700002DE9F0475FEA02090C46824674
:10D340002DED068BB0EE429AB0EE618AF0EE418A86
:10D35000F0EE609AB0EE40AA82B009D0AAF10100C6
:10D360000E2807D9022002B0BDEC068BBDE8F0877D
:10D370000120F8E7084600F054F9E8B31AEE100A65
:10D38000DFF795F8C0B319EE900ADFF790F898B37D
:10D3900018EE900ADFF78BF870B318EE100ADFF77B
:10D3A00086F848B319EE100ADFF781F820B394ED40
:10D3B000001AB0EECA0AB4EEC10AF1EE10FA27DC88
:10D3C00094ED010AF0EEE90AF4EEC00AF1EE10FA6B
:10D3D0001EDCF5EEC08AF1EE10FA19D318EE900AB1
:10D3E0003749884214DCB5EEC08AF1EE10FA0FD34B
:10D3F000344918EE100A00E00AE0884208DC94ED97
:10D40000020AF0EEC90AF4EEC00AF1EE10FA01DDEC
:10D410000420A8E71020F1EE410AB0EE4A0AFFF717
:10D4200040FF94ED011AB0EE690A06460C20F1EEB9
:10D43000410AFFF736FFDFED259A9FED231AB0EE84
:10D44000680AF0EE690A80460C20FFF72AFFB1EE69
:10D45000041AF0EE690AB0EE480A05460C20FFF700
:10D4600020FF94ED021AB0EE490A07460C20F1EEB7
:10D47000410AFFF716FF3C098DF804503B018DF877
:10D480000540370A8DF800704FEA08118DF80160E9
:10D4900041EA15224FEA18118DF8021043EA1023D1
:10D4A0008DF80630082351468DF803206A468DF822
:10D4B00007004846E6F7BFFE0028AAD0062052E73C
:10D4C0000000FA430000A0400000FA430000000002
:10D4D0007CB51C0017A3D3E90053CDE9005314D049
:10D4E000431E0E2B01D902207CBD21B1B1F5807FF6
:10D4F00001D003207CBDFB2A4FF0010507D0FC2A98
:10D5000005D0FD2A03D0FE2A01D001207CBD0728CA
:10D510008DF8072002D89D406A0601D1084480B2E8
:10D520006A46082301462046E6F785FE0028EDD02E
:10D5300006207CBDFFFFFFFFFFFFFF001CB51400AE
:10D540004FF00002009201921CD0421E0E2A01D917
:10D5500002201CBD042917D0052915D0062913D097
:10D56000072911D008290FD00A290DD00D290BD079
:10D570000E2909D0152907D0162905D0172903D05F
:10D58000242901D001201CBD8DF8000033228DF824
:10D59000022004236A4620468DF8031040F2FF71F2
:10D5A000E6F749FE0028EED006201CBD30B50D0080
:10D5B00004462DED028BB0EE608AF0EE408A83B017
:10D5C00007D0601E0E2806D9022003B0BDEC028BE6
:10D5D00030BD0120F9E718EE900ADEF768FF48B188
:10D5E00018EE100ADEF763FF20B1B5EEC08AF1EE47
:10D5F00010FA01D20420E8E7B0EE680A684600F0AD
:10D600004CF8B0EE480A01A800F047F808236A4633
:10D6100004F580712846E6F70EFE0028D5D00620D6
:10D62000D3E710B5040022D02068DEF740FFF0B148
:10D6300094ED000AB5EEC00AF1EE10FA17DD60684D
:10D64000DEF735FF98B194ED010AB5EEC00AF1EEB0
:10D6500010FA0CDDA068DEF72AFF40B194ED020A53
:10D66000B5EEC00AF1EE10FA01DD012010BD002078
:10D6700010BD01EE100A70EEC00A0120B8EE411A8A
:10D680008840401E20EE811A00EE900AF8EE601AE3
:10D69000C1EE210A30EE800A704710EE101A10B564
:10D6A00001700A0A42700B0C83700C0EC47010BD1E
:10D6B00010B5826862B103780C78A34208D1406843
:10D6C0004B68984204D18868824201D1012010BD84
:10D6D000002010BD70B505460068F5F787F80022F8
:10D6E000044600692721F2F7EDF86069002228213D
:10D6F000F2F7E8F8606928B194F82810890701D595
:10D70000F4F794FC0020606194F82810002221F0C6
:10D71000010184F82810A061602128681034F6F710
:10D7200021FE2068BDE87040F6F7FEB870B50546EA
:10D730000068F5F75BF80446F7F798FC6061002293
:10D740002B6826212361BDE870401846F2F7BAB86D
:10D7500070B50546F5F74AF8040022D026695EB197
:10D76000002230462521F2F7ADF8206920B10022D1
:10D7700028462621F2F7A6F825610020A0615DB1B8
:10D78000002228462721F2F79DF8206920B10022C7
:10D7900030462821F2F796F82846BDE87040F6F7A3
:10D7A000C3B870BD002200680A21F2F78BB80000F0
:10D7B0002DE9FF4F85B091460C460846F5F78AF8EB
:10D7C00010210646F5F746FF002877D03046F5F7DA
:10D7D000DFF8002583463046F5F7A7F91434CDE984
:10D7E000024000B9059C00213046F5F73EFD0021BE
:10D7F00000903046F5F7D6FD0146009808440FFA30
:10D8000080F830460021F5F797FD01460098728BAD
:10D810000844F18A00B20190101AE78801EB080C65
:10D82000B9F802106388C01B081AACEB03020FFAA8
:10D8300080FA3046521A17B2F5F70BF8A0EB080140
:10D840000198002FA1EB000000B204900BDBBAF1AD
:10D85000000F14DA002F06DD3D463046F5F76CF96F
:10D86000401B0BD40BE0BAF1000F08DDCAF1000039
:10D8700005B23046F5F73AF8E84200D5002503989E
:10D88000012804D0022809D003280FD117E0F28A1A
:10D89000618802EB08002944401A05E0718B019869
:10D8A000E288091A50191BE0284405B230460024CA
:10D8B000F5F734F90190A8B1029F14E0C4E0049890
:10D8C000F18A00EBD07208EB6200E28801446088C4
:10D8D000121A521C12B202EBD27205EB6202104411
:10D8E000081AE1E7059F00213046F5F737FD00995A
:10D8F00008440FFA80FA30460021F5F741FDB28A5C
:10D900000099B6F818C052443B88084401B200910F
:10D91000B7F80480ACEB0101B9F80000D21AA1EB12
:10D920000801411A121A10B209B200280ADB0029B4
:10D9300012DA002806DD04463046F5F731F8001B00
:10D9400009D409E0002907DD484204B23046F5F762
:10D9500087F8E04200D500243046F5F775FEA0EBCD
:10D960000A0200980199A2EB000000B2012904D03C
:10D97000022908D003290ED123E0B28A398802EBAC
:10D980000A0021442DE0318B0098BA88091A101939
:10D99000081A204404B22E493046F0F769F92D499F
:10D9A00007463046F0F764F9384306D00022304687
:10D9B0000A21F1F787FF012846D15FEACB7012D028
:10D9C00014E000EBD072B18A0AEB62003A88084496
:10D9D000B988891A491C09B201EBD17104EB6101C4
:10D9E0001144401AD5E7002C00DA00245FEA8B705E
:10D9F00002D4002C00DD00245FEA4B7002D4002D1D
:10DA000000DA00255FEA0B7002D4002D00DD00254E
:10DA10000898B9F90010002800D02046B9F9022072
:10DA20000844A9F8000002D14FF0000000E02846A9
:10DA300021461044A9F80200089B09B02A46304646
:10DA4000BDE8F04FF6F73ABD09B0BDE8F08F000031
:10DA5000D3DA0208BBDA020830B5AAB1B2F9005035
:10DA6000B0F91A40B0F9363025449D4201DA1B1B4B
:10DA70001380B2F90050B0F91A40B0F93A30254499
:10DA80009D4201DD1B1B1380002915D0B1F9004018
:10DA9000B0F91830B0F934201C44944201DAD21A9B
:10DAA0000A80B1F90030B0F91820B0F938001344F9
:10DAB000834201DD801A088030BD034610B5F5F7BA
:10DAC00042F8084401B21846BDE810400022DFF7D2
:10DAD00042BD034610B5F5F73DF8084402B21846BA
:10DAE000BDE810400021DFF736BDF8B505460C460D
:10DAF0000846F1F7EBF84FF4803628463146F5F743
:10DB0000A0FB0228E07008D9202231462846F5F70C
:10DB10004FFC0090BDF80000A0803122284631461D
:10DB2000F5F746FCC0B284F82200022815D932224B
:10DB300028463146F5F73CFC00B22084002809DD78
:10DB4000302231462846F5F733FC0090BDF800003E
:10DB5000E08302E0002084F82200E07818B994F80D
:10DB60002200002800D00120F8BD90F88C1607296B
:10DB700000D3002101EB410202EB011100EBC100D7
:10DB800098307047F7B5154E4FF4806514460F4630
:10DB9000002229463046D8F747FD114802230122CA
:10DBA0006946DBF760FA60B9ACB10122294630461C
:10DBB000D8F73AFD0A48022322463946DBF753FAE2
:10DBC00048B10848C16A491CC1620549D1F88410AE
:10DBD00001630020FEBD0120FEBD0000000C0258C4
:10DBE000E09C0224309E02242DE9F04FBBB0D8F710
:10DBF00021FD0446D5F7CCFA05460E462046EFF740
:10DC000095FD15A92046EFF76FFD9DF8600038B12E
:10DC1000BDF854108148DDE916230094E6F738FE7C
:10DC20007E482146E6F7EEFEDFF8F48198F8000022
:10DC300038B198F8010020B1F7F79CF808B1012736
:10DC400000E00027D8F80800DFF8D091C246201A7B
:10DC5000052804D2A9F5D46090F89106B8B9714AA4
:10DC600028463146CAF80840E1F740F978B199F8FA
:10DC700006002A466B493346CDE900076A48E7F7B4
:10DC80004DFE664838A9E6F7DFFD30B909E099F89E
:10DC9000060000212A463346EEE7634838A9F7F725
:10DCA000EFF85E4838A9E6F7E1FD0028F5D1804697
:10DCB0000FE004A8E2F72EF8020003D05A4804A9A6
:10DCC000E7F7E0FDD5F758FA08F10108B8F1020FBF
:10DCD00005D2554804A9E7F7FEFD0028E9D128A898
:10DCE000E1F734FC18B1504828A9E7F7E8F84FF0FD
:10DCF000000830A8E1F73AFC40B14B4830A9E7F7FB
:10DD000099F908F10108B8F1040FF2D34548BDF8BC
:10DD1000541034380180169911B99DF8601001B182
:10DD200001218046417283461798211AC8F80410D1
:10DD300099F80000F7F7EEF888F8080099F806104F
:10DD400088F80A1099F80810C8F80C10DAF80400DE
:10DD5000201A32285AD3382104A8D2F7C3FF19A8B1
:10DD6000F7F760F8CDE90456DAF81410D046491CEC
:10DD7000CAF81410089199F806108DF82C108DF837
:10DD80002D7009B1F7B301218DF82E10DFB30021FA
:10DD90000A91BDF8541001228DF83020ADF83210F0
:10DDA00099F80000F7F7B6F88DF834004FF47A715F
:10DDB0001798201A0E90229848430F90DDE91D1005
:10DDC00008441090002001F095FC119004A8E1F7A0
:10DDD000C1FFD5F7D1F9DDE91D121144CBF81010C0
:10DDE0002499CBF814102399CBF818102299CBF86A
:10DDF0001C101199CBF820100A490C39081FD5F7CF
:10DE000075F901E005E007E0C8F804403BB0BDE863
:10DE1000F08F00218DF82E100121B9E748A60224C9
:10DE2000F8010124B8B20224A89F02242DE9F04190
:10DE3000304C05462046A3780069A5EB000223B3C9
:10DE40002D48012B2D4D4FF400414FF002074FF0AC
:10DE5000030826D0022B37D0032B20D1E378284AA1
:10DE600002EB03160022D8F7DFFB7278B11C307882
:10DE7000FFF788FE06460020FFF7CEF8E078401C4A
:10DE8000C0B2E0700E2824D024E0642A07D3012217
:10DE90001C48D102D8F7C8FB25610120A070BDE85D
:10DEA000F081642AFBD30022D8F7BEFB00221120A8
:10DEB0001146FFF767FE06460020FFF7ADF8D8F7DA
:10DEC000B9FB2061A77005E0782AE8D384F80280C6
:10DED000E5E72F70002EE2D1002000F053FBA96A85
:10DEE000491CA96285F800800020BDE8F04100F0DF
:10DEF0000BB80000D401012400100258309E022407
:10DF0000840903080004025810B5040001D001225E
:10DF100000E0002204484FF48061D8F785FB0348F5
:10DF200080F8394010BD000000040258309E0224E1
:10DF30000186F5F7F9BC4186F5F7F6BC09B2F6F7AC
:10DF4000D9BD09B2F6F7ECBD90F86F1603291AD0C7
:10DF5000022916D090F89F1639B190F8F5150229CC
:10DF600011D090F8051611B10BE00220704790F81F
:10DF7000F405082807D0022805D0032803D0042878
:10DF800001D0072070470820704700294FF0010199
:10DF900001D0F3F7AFBFF3F795BDF0B597B01446D6
:10DFA0000D46074601A8F0F791FEFF2211461046E4
:10DFB000F0F7B5F800900026BDF8000001A9009028
:10DFC0002A46BDF80000ADF808003846F0F76AFEB2
:10DFD0000FA8F0F7B1FD0FA923462A463846009650
:10DFE000F0F708FB17B0F0BD2DE9FC5F8A468346C9
:10DFF00090461F4600EB8A00DDF84490DDE90F658E
:10E000001AB20D9C816A01910FFA88F18068009024
:10E01000F6F7F7FB0C9822B201B20098F6F710FC65
:10E02000129900220098F6F73BFD0098002201218A
:10E03000F6F725FD0EB1222100E004210098002210
:10E04000F6F70EFD172C01DA002100E002210098FE
:10E050000022F6F70AFD0DB1002000E04846F0F777
:10E0600035F8002201460098F6F70EFD15B16FF065
:10E070007F4000E00020F0F729F8002201460098D8
:10E08000F6F7C2FC00980022FF21F6F7C9FCF0F772
:10E09000F1F8002201460098F6F7C7FC002200982C
:10E0A0001146F6F7CEFC0DB1052100E000210098E5
:10E0B0000022F6F7DFFC0AEB8A010E9B0098A022F3
:10E0C0000BEB411101F2127100F09CFD009801214F
:10E0D000FFF75BFF0EB1012100E000210198FFF77F
:10E0E00054FF002E37D07F1C08F105003AB201B270
:10E0F0000198F6F786FB1E2C01DA601E00E01D2059
:10E1000001B20198F6F753FB1A2C01DA134900E02B
:10E11000134900220198F6F7C3FC0022019811462A
:10E12000F6F7A3FC0DB1002000E04846EFF7CEFF64
:10E13000002201460198F6F7A7FC0198F2F77AFF52
:10E140003146D2F7F7FD002805D001983146BDE8E9
:10E15000FC5FF3F77FBABDE8FC9F0000A8ED030861
:10E16000C8420408092803D2024951F82000704728
:10E1700001A07047040B0308E69CAAE79FA5E99855
:10E18000B6E6AEB5000000002DE9FC470D8803F1AE
:10E190001F008E8820F01F071435984614369146CC
:10E1A0000C46EAF79DF8280A8DF800008DF801501A
:10E1B000310A8DF8021000228DF803604FF40041FF
:10E1C0006088000A8DF80400A0788DF80500E088CA
:10E1D000000A8DF80600A0798DF807002348D8F7CB
:10E1E00023FA042269462A20FFF7CCFC98B30422C4
:10E1F0002B2001A9FFF7C6FC68B300222C20114692
:10E20000FFF7C0FC38B3012219489102D8F70CFA85
:10E21000002F48460EDD00F01F013944BFF34F8F39
:10E22000144A1060203020390029FADCBFF34F8FE8
:10E23000BFF36F8FBFF34F8F1FFA88F20E48494626
:10E24000DBF72EF850B10D48C16A491CC1620A497A
:10E25000D1F8841001630020BDE8FC8708480169FB
:10E2600021F0080101610120F6E7000000100258CA
:10E27000000C025868EF00E0E09C0224309E02246B
:10E280000000024001460148E6F70EB8C00902242A
:10E2900070B5064621488EB090F89A0110B106205C
:10E2A0000EB070BD1E4C94F84C0008B1002531E052
:10E2B0002078F5E724216846D2F714FD1948D7F7EE
:10E2C00025FC48B318480CAA09A9E6F7B3F818BB0F
:10E2D0009DF8260003A900F0EDF888B10020BDF8F4
:10E2E000241002900DF127020490CDE90010059052
:10E2F00069460690079008900A48D7F763FA20B15C
:10E300002069401C20610520CAE7E068401CE060ED
:10E310006D1CEDB2B542CDD30020C1E7C009022487
:10E32000A05F0224F07101245C0B02240A4601461E
:10E330000148E6F7D8B800005C0B02240A46014603
:10E340000148E6F7F9B800005C0B022470B58AB00A
:10E350000546202101A8D2F7C5FC1DB11948806BE4
:10E36000072802D201200AB070BD012640F2FF71D9
:10E370000022019202200691CDE90306144600BF57
:10E38000C4EB0410029401A905EB800000890590FC
:10E390000C48D7F778FA90B9641CE4B2072CEFD395
:10E3A00002220848012311460096D7F7ABFA30B98C
:10E3B000012204481146D7F739FA0028D3D00220A9
:10E3C000D1E70000F0710124144A154810B502F598
:10E3D000CE73D2F88C41A0F12C018461D2F8902147
:10E3E000826093F89122C261D3F888220262CA68DF
:10E3F00042620A6982624A69C26211F8032C0263AE
:10E400004A7842634A7982630A6AC2638A6902640B
:10E410004A6A4264896A816410BD0000C00902240E
:10E42000A05F0224FEB51C4E502107461B48D2F7C0
:10E4300059FC1B48E5F71EFF1A48E5F7BDFF1A49CE
:10E440001A4800F034FF154C012584F84D504FB1A7
:10E4500069463846E4F7E4FA20B13846FFF776FF1C
:10E4600090B901E028460FE01148D7F76CFF08B1DA
:10E47000032009E00E4800223146D7F75FF928B1A2
:10E480000B48D7F779FF04202070FEBD84F84C506C
:10E4900000202070FEBD000001008003A05F022468
:10E4A000C00902245C0B02244DE50208F00D022491
:10E4B000F071012409B1082801D900207047034AEE
:10E4C00052F820000860012070470000040903088A
:10E4D000014B83E807007047D000012413460A4629
:10E4E0000146014800F0F6BEF00D02240A4601463E
:10E4F000014800F0A4BF0000F00D02240A460146C6
:10E50000014800F0BABF0000F00D02240A4601469F
:10E51000014800F0D1BF0000F00D02240A46014678
:10E52000054810B501F00EF8040003D10348406817
:10E5300000B18047204610BDF00D0224D000012418
:10E54000014801F03FB80000F00D022410B530B1D1
:10E5500029B1D4F751FE002802D0012800D00220B2
:10E5600010BD0000054810B500F02DFF044880687C
:10E57000002802D0BDE81040004710BDF00D022475
:10E58000D00001241F4A1D4970B51D480024147194
:10E590000C61026922F01F020261426A22F08002CD
:10E5A0004262BFF34F8F0069C0070AD1164D286839
:10E5B000026822F001020260BFF34F8F0868C007B3
:10E5C00001D0002070BD886820F440408860E9F7E1
:10E5D00087FE0D4801218830C4630464C464046567
:10E5E00080F8351080F8344085F8811085F8804037
:10E5F000A5F86240A5F86A40084670BD00300140A9
:10E6000000000240D4010124E09C02242DE9F041E5
:10E610000446D0F8880600250626216988420FD1D5
:10E620002046FFF7A2FAC068D4F88416884207D1C2
:10E630002046FFF79AFA007894F8241588420CD007
:10E6400084F86E66204684F8965684F89756C4F887
:10E650008056BDE8F041FEF783BD04F5A161204678
:10E660000F4601F069FA002884F86E061DD104F502
:10E67000A860394638220746D2F7D8FA39462046EC
:10E68000ECF742F83822394604F5AF60D2F7CEFAFB
:10E6900084F89F56012084F89B5684F8086684F815
:10E6A0009A0684F8980684F89506BDE8F081000083
:10E6B0002DE9F04100240F460646486800E0641C3E
:10E6C000A04203D93968095D3D29F8D16CB3411ED8
:10E6D000A1422AD93968021B04F1010801EB0800A4
:10E6E0003D21521ED2F708FAF8B996F84E010828D3
:10E6F00002D30920BDE8F08106EB00153868C5E9B2
:10E7000033043A6802EB0801C5F8D4107968091B94
:10E71000491EC5F8D810CC35214600F05DF820B16F
:10E72000284600F07AF8002411E00720E2E700BF55
:10E7300006EB04106A68D0F8D010914205D1296820
:10E74000D0F8CC00D2F7E2F958B1641CE4B296F8E4
:10E750004E01A042ECD8C0B2401C86F84E01002009
:10E76000C8E70820C6E7A0F14101192901D82030E7
:10E77000C0B270472DE9F041050016460F4619D08A
:10E78000C7B1BEB1002411E005EB04103946CC300E
:10E7900000F098F940B105EB0411D1E93501C6E963
:10E7A00000010120BDE8F081641CE4B295F84E013F
:10E7B000A042E9D80020F5E720B11AB190F84D3118
:10E7C0008B4201D80020704700EBC101D1E92F0135
:10E7D000C2E900010120704710B5B8B1B1B10278AB
:10E7E000A2F141031A2B02D3613A1A2A0ED2012355
:10E7F0000FE0C25CA2F141041A2C09D3203C1A2C70
:10E8000006D331340A2C03D35F2A01D0002010BD77
:10E810005B1C8B42EDD3012010BD70B505000CD000
:10E820002E68002E09D0002404E0305DFFF79BFF26
:10E830003055641C6868A042F7D870BD2DE9F04FD0
:10E840009BB04FF0000B07000E4614465D46D946BC
:10E850008DF868B00CD05CB14FF4A8711046D2F7B7
:10E8600041FAAEB1B81910F8010C0A2804D005E03D
:10E8700001201BB0BDE8F08F761E14D0B81910F837
:10E88000010C0D2800D1761EA02E01D90320F0E73F
:10E89000002006E0395C20395F2901D30420E8E735
:10E8A000401CB042F6D3324639462046D2F779F9B9
:10E8B00000206B460DF1680A014604F806B021E01D
:10E8C0005A4601E02254401CB04202D2275C202F5D
:10E8D000F8D0B04218D20D2901D30920C9E7024669
:10E8E00000E0401CB04202D2275C202FF9D1A718CB
:10E8F00003EBC108A0EB020C4A1C43F83170D1B203
:10E90000C8F804C0B042DBD38AF800109DF86860F4
:10E9100096B100984FF0010800783038092826D8C1
:10E9200004F1A4004FF0000203003ED00198D8B3D8
:10E930004E4F0021054610E002209AE70098405C07
:10E9400030380A2831D2BA422FD801D105282CD824
:10E9500002EB8202491C00EB42028D42EED81A60A3
:10E96000D4F8A40000B1012084F8A8000125B54224
:10E970004AD26E465DF8350006EBC5077968FFF7A9
:10E980002BFFE8B3D7E90001C4E92B0104F1AC0087
:10E990000746FFF742FF6D1C384635A184F84C81CD
:10E9A00000F090F868BB02E0FFE7052061E732A1C4
:10E9B000384600F087F820BB31A1384600F082F8D5
:10E9C000F8B99DF8680085424AD206EBC50756F8AB
:10E9D00035003D217A68D2F78FF890B956F83500A6
:10E9E0007968FFF7F9FE58B1D7E90001C4E92D01B4
:10E9F00004F1B400FFF711FF022084F84C0101E09C
:10EA000002E02DE06D1C2BE0062032E706EBC50787
:10EA10003D21D7E90002D2F76FF840B14FF001096C
:10EA200039462046FFF744FE002886D116E0B9F1AA
:10EA3000000F01D007201CE794F84D010228BFF415
:10EA40004CAF04EBC000C022D7E90013C0F8BC10E3
:10EA5000135094F84D01401C84F84D016D1CEDB22B
:10EA60009DF868008542D1D3002002E79999991951
:10EA700068656C700000000068656C6C6F000000D9
:10EA800070696E670000000070B51500044615D06F
:10EA90000220ACB1A1B194F84C21824210D104F112
:10EAA000AC0000F00FF858B135B104F1B4002946BC
:10EAB00000F008F8002800D0012070BD0120E8E730
:10EAC000002070BD2DE9F04105000E4612D08EB138
:10EAD0000846D1F7F2FF696881420BD100240DE0AE
:10EAE0002868005DFFF73FFE0746305DFFF73BFEFD
:10EAF000874202D00020BDE8F081641C6868A04213
:10EB0000EED80120F7E72DE9F04304004FF00000B4
:10EB100091B00E460746054684466AD0EEB3236898
:10EB2000DBB36268CAB3402A63D219782B2901D0BB
:10EB30002D2915D1012013E0195CA1F13008B8F19D
:10EB4000090F05D830294FF0010708D0012506E04C
:10EB50002E294ED1BCF1000F4BD14FF0010C401CBF
:10EB60008242E9D8CFB119466846D2F71AF86168EF
:10EB70000027E8460DF80170D1F7EEFC81460760EA
:10EB800010A96846DDF7A4FDD9F80000022830D0AE
:10EB9000616801EB0800109900E02AE0884228D162
:10EBA000B4EE400AF1EE10FA23D110EE100AB0F1E3
:10EBB000FF4F1EDA10EE100A10F5000F19D225B122
:10EBC000B5EEC00AF1EE10FA13D0B5EEC00AF1EEC0
:10EBD00010FA04DD10EE100AB0F5000F09DBB5EEF7
:10EBE000C00AF1EE10FA08D210EE100A10F1FF4F31
:10EBF00003D20A2011B0BDE8F083002086ED000AA0
:10EC0000F8E700002DE9F0410E46154607461C4680
:10EC100019463046D2F78EF800280BD006A22346BC
:10EC200029463046D1F72EFD31463846BDE8F04141
:10EC3000F2F710BDBDE8F08125730000C143491C07
:10EC40000840B0FA80F0C0F11F00704718B1B0FA68
:10EC500080F0C0F12000401E70470000FEB506683D
:10EC600004460A4604210025708CC0F305100BE011
:10EC7000F36801EBC507DB599F0104D5A76823F0B2
:10EC80007F43BB4203D06D1CA842F1D8FEBDA188D2
:10EC900044295CD00EDC33294CD006DC202956D028
:10ECA000222954D0302913D151E0342942D03629B9
:10ECB0000ED14CE0622940D006DC472947D05529C7
:10ECC00045D0572904D135E0672933D0682931D0A0
:10ECD00062B3FF2A2CD0D4E903031B1A534300EB81
:10ECE00023200090F068012701AA50F83500F6F7BC
:10ECF000EFFA60B1DDE90001884208D1BDF80020DB
:10ED0000BDF804309A4202D1884200D10027F06851
:10ED1000A188009A50F83500F6F770FC002FB5D0A6
:10ED2000A288A1682068F5F77DFAFEBDE068D8E703
:10ED30002069D6E7FF2AFBDAF8E7E0680028F7D079
:10ED40002369002BCDD0802ACBDB0093CAE7002AB1
:10ED500001DCA0892DE0FF2A01DB208A29E0278A37
:10ED6000D2B2A389121DBFB213489BB24FEA072C3F
:10ED70004CEA17274FEA032E4EEA132CBBB21FFAB8
:10ED80008CF743EA034347EA074707400340D208AA
:10ED9000DB1B534307EB5312024042EA124080B29E
:10EDA000020242EA1020ADF8080080B20290BDF8DD
:10EDB0000800ADF8000095E71FF8E0072DE9F041E5
:10EDC00004682648A6882568DEF7DBFA10E0A14231
:10EDD0000BD008682268904207D18868A2689042E8
:10EDE00003D18888A288904236D01C48DEF7DBFA2F
:10EDF0000100ECD1698C04200027C1F3051129E042
:10EE0000EA6800EBC703D258930122D5A36822F029
:10EE10007F429A421DD111482146DEF74DFB204624
:10EE2000F2F7E2FCE868314600EBC7042068F6F729
:10EE30006FFBE86850F83700F6F7F2FA00280BD0BD
:10EE4000D4E9001020F07F422846BDE8F041F5F7F4
:10EE5000B8BA7F1CB942D3D8BDE8F08168B90224A2
:10EE600070B50468A068A28800F47F062068314667
:10EE7000F4F79EFAE0600020A5882346A080314682
:10EE800020682A4600F00CF8A580A1682068EBF7FE
:10EE900077FB0068A188E268BDE87040F6F7AEBB7A
:10EEA0002DE9FF5F00259A460E4607462548DEF706
:10EEB00081FA4FF4702804464FF004093CE05445B1
:10EEC0003CD020482146DEF772FA83462068B842DB
:10EED00031D1A068B04201D046452CD1A18802981A
:10EEE000814203D0A0F57F41FF3924D1002511E0F4
:10EEF000F86809EBC50141588A010AD5464503D097
:10EF000021F07F41B14204D150F83500A188F6F7D5
:10EF1000FFFA6D1C788CC0F30510A842E8D80021D8
:10EF20002046EEF7A5FE07482146DEF7C5FA204643
:10EF3000F2F75AFC01255C46002CC0D104B02846EB
:10EF4000BDE8F09F68B902240B4870B514000D4667
:10EF5000847003D003210170002000E00120FEF73F
:10EF6000D3FF06488368002B05D0C0682246294697
:10EF7000BDE87040184770BD309E0224D4010124C2
:10EF8000054948680AB101220A7000224A60002837
:10EF900001D0EFF75BBA70471C0201242DE9F84F4E
:10EFA00092468B46002104466E22F4F701FA06B21F
:10EFB000204600216D22F4F7FBF905B216B9B5F52C
:10EFC000807F63D0002120466F22F4F7F1F9002101
:10EFD000ADF8000070222046F4F7EAF9ADF802001F
:10EFE0006427BDF900004FF4FA684FF47A79C0F352
:10EFF0004131012915D120F4C040404511DC04F114
:10F000001400EEF758FF0146BDF9000020F4C0409F
:10F01000484501DDC0F57A70414391FBF7F0ADF84A
:10F020000000BDF90200C0F34131012911D120F4E3
:10F03000C04040450DDC618BE28A891A491C09B247
:10F04000484501DDC0F57A70414391FBF7F0ADF81A
:10F050000200BAF1000FA18ABDF8002001EB020006
:10F06000ADF80000E08ABDF802100844ADF80200D7
:10F0700006D04FF4803090FBF5F071420EB205B22D
:10F080006B462A4631465846F5F7BEFDBDE8F88F77
:10F0900070B504460D46C06861688847A8B1D4E9D8
:10F0A0000210884723690020A26C216A2064AA1AF2
:10F0B000E064491C2076002BE263216208D0627E66
:10F0C000616C6069BDE870401847A06B401CA0638C
:10F0D00070BD000070B50C46064600F059FB154D9A
:10F0E0002868C06C80B92968012081F850005CB1A3
:10F0F00001212046FDF784F90F494FF08050086048
:10F10000BFF34F8FBFF36F8F00F062FB00F040FB47
:10F1100029680020CC6C34B116B12968C86402E0BB
:10F120002A68611ED164296881F8500000F050FB04
:10F13000204670BDDC00012404ED00E00088098851
:10F14000401A7047BFF35F8F002802D01220D7F714
:10F1500031BB704710B50446BFF35F8FE00702D0A4
:10F160000B20D7F727FBA00704D5BDE810402320CC
:10F17000D7F720BB10BD00002DE9F04F90F89E2678
:10F1800012B14FF0010801E04FF0000890F86F163F
:10F19000012975D1D0F8C055D0E90034D0F8C41594
:10F1A000AE46ED1A8B46A1416AD2D0F87056D0F81F
:10F1B0007416EE1A71EB040662D3324EEB1A61EB51
:10F1C00004019B1B71F100015AD290F8C01401F0A8
:10F1D0007F010A4380F89E2690F8C11400294FD180
:10F1E00090F8C21400294BD190F8C314002947D1DC
:10F1F0004FF47A7A4FF0010901EB410303EB01165A
:10F2000009FA01F300EBC6051A42D5F8A86005F12A
:10F210009805A6FB0A431BD095F800C04F1CBC45BF
:10F2200014D1AF7897B16F7887B1962E0ED2EE7861
:10F2300066B92E7956B96D6945B9D0E900C5BCEB00
:10F240000E0665EB0B05A41BAB4101D34FF0000884
:10F25000491C0729D0D3B8F1000F02D04FF00202A9
:10F2600001E04FF0030280F86F264FF0000180F8B4
:10F270009C1601D002E003E04FF0090180F86E1601
:10F28000BDE8F08FF049020070B50500144606D0C5
:10F2900029B124B1B4F5027F03D9082070BD032041
:10F2A00070BDA81CD1F77DFC00202C8070BD70B50E
:10F2B00004000D460DD045F2B011D1F713FD04F551
:10F2C000A044C4F874510DB1012000E0002084F87E
:10F2D0008C0170BD2DE9F0471E4691460F4640F265
:10F2E000014358B157B14EB100F5A0440025358017
:10F2F00000F2014194F88C211AB15CE00320BDE8D2
:10F30000F0870920FBE700BFB4F87A21B4F87AC18E
:10F310000CF1010CBCFBF3F8825C0A2A03FB18CC4D
:10F32000A4F87AC105D094F88BC1BCF1000F42D18A
:10F3300031E094F88B2152B1D4F8980184F88B51C4
:10F34000401CC4F898010520A4F87C51D7E7B4F814
:10F350007C2142B300F5806C12F80CC0BCF10D0F9B
:10F3600005D1521E1204120CA4F87C2123D092B2B3
:10F370004A4503D30620A4F87C51C0E73846D1F7AC
:10F3800010FCB4F87C013D54B4F87C0130800020BE
:10F39000A4F87C51B3E7B4F87CC1BCF5007F03D37B
:10F3A000012284F88B2106E00CF80120B4F87C21BE
:10F3B000521CA4F87C21B4F87A21B4F878C16245D3
:10F3C000A2D102209BE7002808D000F5A04090F8C9
:10F3D0008C11002902D0002180F88A1170472DE994
:10F3E000F0411C460F461546DDE9071394F800C0AE
:10F3F000069E099ABC4505D30868401C0860072092
:10F40000BDE8F081297801EB810C0CEB012100EBC8
:10F4100041001946FFF738FF0028F1D12878401C39
:10F42000B0FBF7F107FB110028702078401CC0B238
:10F4300020703178884200D930700020E0E71FB595
:10F44000C8B145F28C131B5CABB145F29C1345F27D
:10F4500081140444009403440392CDE9013145F240
:10F460007E11421800F5A343102100F20260FFF75D
:10F47000B6FF04B010BD0920FBE77FB5D0B145F25F
:10F480008C131B5CB3B145F2A01345F28415034401
:10F4900045F28514CDE90212A91E04444218CDE9B3
:10F4A0000043431942F2A26410212044FFF797FF62
:10F4B00004B070BD0920FBE72DE9F0414FF00005D5
:10F4C000E8B300F5A04494F88C31C3B394F88831C4
:10F4D000042B0FD394F887610125D4F8A4715B1E27
:10F4E000761C06F0030684F8876184F888317F1C57
:10F4F000C4F8A47144F2427394F8866106EB86075F
:10F5000007EB062600EB46001844FFF7BDFE002877
:10F5100013D194F8861194F8880194F88921491C34
:10F52000401C01F0030184F88611C0B284F8880100
:10F53000904201D984F889012846BDE8F081FFE7AF
:10F540000920FAE7F0B540F2014608B111B90AB155
:10F550000320F0BD00F5A04393F88C41C4B1B2F58F
:10F56000806F0ED8B3F87841B3F87A5105F20145AF
:10F570002D1B6D1EB5FBF6F706FB1755ADB2AA4263
:10F5800008D9D3F894011044C3F894010420F0BDC5
:10F590000920F0BD00250AE0671C11F805C0B7FB83
:10F5A000F6FE00F804C06D1C06FB1E77BCB2954247
:10F5B000F2D3A3F87841D3F890011044C3F8900136
:10F5C0000020F0BD2DE9F041050057D005F5A0441D
:10F5D00094F88C01002851D094F88A0100284DD16C
:10F5E00094F8801144F66A70284440F20A2259B116
:10F5F00094F87F11012601EB810303EB012105EB58
:10F60000410101F2026118E094F8841129B194F8E3
:10F610008331022642F2A26108E094F888110029A1
:10F620002CD094F88731032644F2427103EB830710
:10F6300007EB032305EB43031944D1F7B2FA44F671
:10F640006A70D4F87421415B801C284490470128DB
:10F6500016D002281AD0012084F88A01012E1BD06E
:10F66000022E26D094F8871194F88801491C01F0E5
:10F67000030184F88711401E84F88801BDE8F081F9
:10F68000D4F8A801401CC4F8A801F7E7D4F8AC01ED
:10F69000401CC4F8AC01F1E794F87F1194F88001A4
:10F6A000491C01F00F0184F87F11401E84F880018D
:10F6B000E4E794F8831194F88401491C01F00F01E8
:10F6C00084F88311401E84F88401D7E7D0E9013221
:10F6D00001699A60D0E901235A604A68824201D1E7
:10F6E00082684A60002202610868401E086008685B
:10F6F0007047000008B9064800680021006B01E06F
:10F70000401C491C0278A52AFAD0C1F38F0070472B
:10F71000DC00012410B5044C8023046004F1540083
:10F720000860136010BD0000500301244FF0FF3348
:10F7300000F108010022C0E901130260C16001610B
:10F74000704700210161704730B50B685A1C02D028
:10F7500000F1080202E0026904E0224654682568CC
:10F760009D42FAD953684B6099608A605160086184
:10F770000168491C016030BD42684A6093688B6033
:10F7800093685960916008610168491C0160704785
:10F79000502080F31188BFF34F8FBFF36F8F0A495A
:10F7A0004868401C486001280CD10848006810F0E7
:10F7B000FF0F07D0502080F31188BFF34F8FBFF3A6
:10F7C0006F8FFEE7704700003801012404ED00E070
:10F7D0000849486828B1401E486001D180F311886B
:10F7E0007047502080F31188BFF34F8FBFF36F8FA6
:10F7F000FEE700003801012470B500282AD0164D1C
:10F80000A0F1080461686869014207D1502080F3C3
:10F810001188BFF34F8FBFF36F8FFEE722683AB1B5
:10F82000502080F31188BFF34F8FBFF36F8FFEE737
:10F830008143616000F04AF9606869680844686063
:10F840002046FCF747FF2869401C2861BDE870404E
:10F8500000F0E6BB70BD0000180101244FF0E0206D
:10F86000002101614FF47A7281610723034909681D
:10F87000B1FBF2F1491E416103617047B000012400
:10F8800010B5D0F745FE114910280ED300F1E02045
:10F890000A7890F8F003904207D2502080F3118844
:10F8A000BFF34F8FBFF36F8FFEE709488968006889
:10F8B00000F4E060884207D9502080F31188BFF33C
:10F8C0004F8FBFF36F8FFEE710BD0000380101249A
:10F8D0000CED00E0020010B514D00F48006B38B1F9
:10F8E000502080F31188BFF34F8FBFF36F8FFEE777
:10F8F00000F0ECF800211046FCF782FD00F090FBD0
:10F90000002807D105494FF080500860BFF34F8FA2
:10F91000BFF36F8F10BD0000DC00012404ED00E098
:10F9200070B504000D460BD095B11E4A106BB8B1EE
:10F93000502080F31188BFF34F8FBFF36F8FFEE726
:10F94000502080F31188BFF34F8FBFF36F8FFEE716
:10F95000502080F31188BFF34F8FBFF36F8FFEE706
:10F9600000F0B4F82368D2685919934204D98B4245
:10F970000AD9914202D807E08B42FAD9881A21604D
:10F980000021FCF73DFD00E0216000F049FB00286C
:10F9900007D105494FF080500860BFF34F8FBFF388
:10F9A0006F8F70BDDC00012404ED00E02DE9F04113
:10F9B0000400884615D0FFF763FF5020EFF311864F
:10F9C00080F31188BFF34F8FBFF36F8F94F850000F
:10F9D000022184F85010E16C491CE164012808D030
:10F9E00025E0502080F31188BFF34F8FBFF36F8F56
:10F9F000FEE7A06A38B1502080F31188BFF34F8F23
:10FA0000BFF36F8FFEE7144D0127286B98B11348A1
:10FA100004F11801FFF7B0FEE06A2968C96A88425C
:10FA200005D9B8F1000F01D0C8F80070EF6186F376
:10FA30001188BDE8F081201DFFF748FEE06A2A69C1
:10FA400007FA00F111432961044900EB8000B43941
:10FA500001EB8000211DDDE7DC000124A46002240D
:10FA600010B586B0002405AA04A9039403A8049441
:10FA7000FFF750FEDDE9030100940023CDE90110FA
:10FA800010480EA1059A00F0C2F90F490028C8627B
:10FA900011D0502080F31188BFF34F8FBFF36F8FC9
:10FAA00001224FF0FF3088624A61CC6006B0BDE8A9
:10FAB000104000F005B906B010BD000049444C45A7
:10FAC00000000000C5C50208DC0001240248016BEB
:10FAD000491C016370470000DC0001241448016BDD
:10FAE00011B10121C16170470021C1611149026951
:10FAF000B2FA82F2C2F11F0202EB820251F8223006
:10FB00006BB101EB820101F108034A6852684A6057
:10FB10009A4201D152684A60D16801607047502012
:10FB200080F31188BFF34F8FBFF36F8FFEE70000A4
:10FB3000DC000124F05F022470B50C4606462DED72
:10FB4000028B92B0FEF711F80546207BEBF73AFFE7
:10FB500005F13C0102466846E5F77AFF217B304615
:10FB6000E5F714FD002810D1207B052806D00228D7
:10FB70000FD003280DD0042805D10AE0607F0128AA
:10FB800002D002281BD192E0042012B0BDEC028BFF
:10FB900070BD94ED080AEAF7F7F980B194ED090A0F
:10FBA000EAF7F2F958B194ED0C0AEAF7EDF930B141
:10FBB00094ED0C0AB5EEC00AF1EE10FA01D0032064
:10FBC000E3E7DDED030AD5ED061A94ED080AB1EE80
:10FBD000601A31EE808AB4EEC10AF1EE10FA64D3F5
:10FBE000B4EEE00AF1EE10FA5FDC94ED090AB5EE2E
:10FBF000C00AF1EE10FA58D9DDED040AB4EEE00ABD
:10FC0000F1EE10FA51DC6878B8B1A878A8B128698B
:10FC1000962812D2B0EE480AEAF7B6F9F0B39DED95
:10FC2000010AB4EEC80AF1EE10FA3EDC9DED020ABC
:10FC3000B4EEC80AF1EE10FA37D3207BEBF7C2FE20
:10FC400068B394ED0A0AEAF79FF938B394ED0B0A0A
:10FC5000EAF79AF910B394ED0A0ADDED090AB4EE59
:10FC6000E00AF1EE10FA20D3DDED0A0AB4EEE00A64
:10FC7000F1EE10FA19DC94ED0B0ADDED0B0AB4EE8F
:10FC8000E00AF1EE10FA10D3DDED0C0AB4EEE00A52
:10FC9000F1EE10FA09DC606B0F9901E005E006E077
:10FCA000884202D31099884201D90B206DE70020C9
:10FCB0006BE700000148406870470000180101240C
:10FCC00037481CB5374902688A4207D1502080F373
:10FCD0001188BFF34F8FBFF36F8FFEE73149006884
:10FCE000491E884207D1502080F31188BFF34F8FFF
:10FCF000BFF36F8FFEE72C49FF200A78019208704E
:10FD000008788DF800009DF800209DF8000002F0B2
:10FD1000F002824207D0502080F31188BFF34F8F4A
:10FD2000BFF36F8FFEE79DF8002007201F4C02F005
:10FD300050022270A06005E09DF8002052008DF86E
:10FD40000020401E9DF800201206F5D40328A06074
:10FD500007D0502080F31188BFF34F8FBFF36F8F10
:10FD6000FEE74FF44070A060019808700C48203006
:10FD7000016841F470010160016841F07041016067
:10FD8000FFF76CFD00206060D0F78AFB084801682F
:10FD900041F040410160D0F76FFB00201CBD000026
:10FDA00000ED00E071C20F4100E400E038010124E1
:10FDB00034EF00E02DE9FF5F994616468A468346F8
:10FDC0009000DDE90E87FCF7CFFC05001CD0542025
:10FDD000FCF7CAFC040014D00020256384F851000D
:10FDE0004B46CDE90087CDE90240324651465846A0
:10FDF000FCF718FC2046FCF73BFB012004B0BDE8F3
:10FE0000F09F2846FFF7F8FC4FF0FF30F6E7F0B51B
:10FE100085B0DDE90B740A9DA7B1DCB154262763D8
:10FE2000022684F85160002703970DF1100C00950D
:10FE3000CDE901C4FCF7F6FB2046FCF719FB04985A
:10FE400005B0F0BD502080F31188BFF34F8FBFF392
:10FE50006F8FFEE7502080F31188BFF34F8FBFF301
:10FE60006F8FFEE72DE9F0411F4690460D464FF09B
:10FE7000010690B10446FFF78BFC0FB1E06C3860CF
:10FE8000022294F8500084F85020B8F1050F19D2DE
:10FE9000DFE808F0230B0E141200502080F31188C5
:10FEA000BFF34F8FBFF36F8FFEE7E16C294301E093
:10FEB000E16C491CE16410E0022801D0E5640CE02B
:10FEC000002635E0E16C491C07D0502080F31188F2
:10FED000BFF34F8FBFF36F8FFEE7012828D1201D9E
:10FEE000FFF7F4FB154D0120E16A2A6988401043B1
:10FEF000286101EB8100124901EB8000211DFFF711
:10FF00003BFCA06A38B1502080F31188BFF34F8FBB
:10FF1000BFF36F8FFEE72868E16AC06A814207D9A4
:10FF200008494FF080500860BFF34F8FBFF36F8FC9
:10FF3000FFF74EFC3046BDE8F0810000DC000124F4
:10FF4000F05F022404ED00E00148C0687047000043
:10FF5000DC0001242DE9F0412F4C206B002728B153
:10FF6000A069401CA0613846BDE8F081E668761CB7
:10FF7000E66013D1606B006838B1502080F31188BF
:10FF8000BFF34F8FBFF36F8FFEE7606BA16B6163B1
:10FF9000A063206A401C2062FCF7C2FBDFF87C8073
:10FFA000A06A864209D3606B0068A0B1606BC0682C
:10FFB000C5686868864211D2A0622068C06A00EBFA
:10FFC000800158F82100012800D90127E0690028A4
:10FFD000C9D00127C7E74FF0FF30EDE7281DFFF735
:10FFE00075FBA86A18B105F11800FFF76FFBE96A05
:10FFF0000120226988401043206101EB810108EB58
:020000040803EF
:100000008100291DFFF7B8FB2068E96AC06A8142B8
:10001000C9D30127C7E70000DC000124F05F0224F8
:100020002DE9F0472C4D286B0024264638B1FFF708
:10003000AFFB286B401E2863286B40B147E050207F
:1000400080F31188BFF34F8FBFF36F8FFEE7234F0D
:100050000120A968D9B3A7F1B40980463868E8B18E
:10006000F868C46804F11800FFF730FB201DFFF7A3
:100070002DFBE16A2A6908FA01F01043286101EBBF
:10008000810109EB8100211DFFF776FB2968E06AF9
:10009000C96A8842E2D3C5F81C80DFE70CB1FCF7DF
:1000A0003FFBAC6944B14746FFF754FF00B1EF6135
:1000B000641EF9D10020A861E86940B10849012611
:1000C0004FF080500860BFF34F8FBFF36F8FFFF783
:1000D0007FFB3046BDE8F087DC000124A4600224E9
:1000E00004ED00E010B500290AD00878002807D0F8
:1000F00005487844D0F71EFE002801D0002010BD2E
:100100000248784410BD00007E860100768601001A
:1001100010B500290AD00878002807D0054878448F
:10012000D0F708FE002801D0002010BD0248784416
:1001300010BD00006E8601006686010002494FF086
:10014000000000F06FB900BF0000F87F0EF1020E52
:100150002EF0030E5EF8046B364205D4012A43EB01
:10016000030515F5001F12D8012841EB010C1CF501
:10017000001F0CD80ED14FEAD17C15F5001F0CEBF7
:100180004C0C0CF1020C08BF4CEBD37C04E04FF09C
:10019000080C01E04FEAD37C0CEB4C0526FA05F67F
:1001A00006F00706B6F1040C06D20EEB860CBDE88D
:1001B00070404CF0010C6047DFE80CF0090B0202C4
:1001C0004FF000414FF00000A1F5002170BD19462D
:1001D0001046012851EB010418BFD4F5001484BF68
:1001E000002001F0004170BD00EE100A00EE901AF0
:1001F000B4EE600AF1EE10FA78BF704700F00DB867
:1002000010B5FFF7F1FFEFF3008020F0104038BF8A
:1002100040F0004080F3008810BDBDE8104010B5EC
:1002200000F047F80000000900F007B84FF0404028
:1002300010F1004FEFF300807047401058BFC0F13D
:100240004040491058BFC1F140418142EFF3008066
:1002500070474FF07E5209E011F0004204D5404251
:10026000C1F1000138BF491E42F07E520B0002F17D
:10027000706212BF20235FEA00017047B1FA81FC6F
:10028000A3EB0C0301FA0CF120FA03FC02EBC352BE
:10029000C3F1200341EA0C0110FA03FC5CEA416C53
:1002A00042EB112018BF5FF0806C28BF20F00100E6
:1002B00070470EF1020E2EF0030E5EF8044B24423E
:1002C00004D44FEA4102B2F17F4F11D84FEA400304
:1002D000B3F17F4F0CD80ED14FEAD07CB2F17F4FF3
:1002E0000CEB4C0C0CF1020C08BF4CEBD17C04E085
:1002F0004FF0080C01E04FEAD17C0CEB4C0324FAE0
:1003000003F404F00704B4F1040C06D20EEB840CE1
:10031000BDE810404CF0010C6047DFE80CF0070826
:1003200002024FF00040A0F5800010BD08464200D8
:1003300018BFD2F1807288BF00F0004010BD4FF0AE
:100340004070E1EE100A70474FEAC1230A1543EAF4
:1003500050534FEAC02C18BF43F000431BD4A2F205
:100360004E02D2F57C72C0F22080502AA8BF5022E3
:1003700023FA02F12CFA02F060B4D2F1200284BF19
:1003800003FA02F52843C2F100029CBF23FA02F5EA
:10039000284360BC704701F1804212F5801F04DAE7
:1003A0004FF000004FF00001704770B5FFF7CEFE30
:1003B00049922480002001E06FEAE1700146704715
:1003C000C2154FEA002318BF43F000430ED4D2F108
:1003D000BE0215D323FA02F1B2F1200C2EBF23FA8C
:1003E0000CF0C2F1200C03FA0CF070474FEA400CFD
:1003F000BCF1FE4F04D24FF000004FF000017047F7
:1004000010B5FFF756FF00BF9224498000204FF03F
:10041000000170476FEAE07001467047D0F75DBE9B
:10042000D1F74EB90CF00F03092B08BF082000F0DC
:100430005F800A2B0BD0082B18BF704708BF1CF039
:10044000400F0AD04FF000004FF0000170471CF041
:10045000400F18BF4FF0004070471CF0100F08D03D
:1004600020F0704300F07F4242EAD3014FEA43702C
:10047000704700F0604021F07F4242EA000201F044
:100480007F4040EA727070474FF0FF0C4CF4E06C14
:100490001CEA11531CBF9CEA030C9445C2BFDA420C
:1004A00001EB02517047002B0DD0BCF1000F0FD0B3
:1004B000002A01F00041A4BF41F0E04141F07F611A
:1004C0004FF00000704701F000414FF0000070470E
:1004D00050EA01334FF09B0C18BF4CF0806C7FF456
:1004E0002DAE7047D1F7B8BCD1F734BED1F7C2BF3B
:1004F0001CF4801F11D01CF4E02F03D06FEACC3124
:10050000490070474FF04050EFF3008222F07042F4
:1005100042EA000282F3008870474FF00000704703
:10052000647D040815A2000803000000000000001C
:1005300000050000F8250124F8390124847D040811
:1005400005A3000802000000000000008001000078
:100550004C3A01244C400124547D040845A5000870
:10056000010000000000000000050000A040012480
:10057000A0540124907D040839A600080000000062
:100580000000000080010000F4540124F45A01240A
:100590009C7D040811A60008FFFF00000000000079
:1005A00000040000485B0124486B0124747D0408AA
:1005B0001DA40008FEFF00000000000080010000F4
:1005C0009C6B01249C710124487D040865A30008EC
:1005D000FEFF00000000000000080000A405012448
:1005E000A425012400050000800100000005000092
:1005F00080010000000400008001000000080000ED
:100600000006101600061016000102030405060776
:10061000080C1014182030400000000000000000FA
:1006200000000000000000000000000001000000C9
:1006300002000000030000000400000000000000B1
:1006400005000000000000000000000000000000A5
:100650000600000000000000000000000000000094
:10066000070000000000000001020304010203046F
:1006700006070809303132333435363738394142CC
:10068000434445460000000062656E636800000058
:10069000807E040801000000070000000000010047
:1006A0001100000000000000000000000000000039
:1006B000000000000000000000000000000000003A
:1006C000000000000000000000000000000000002A
:1006D0000000000000000000010002001200000005
:1006E000000000000000000000000000000000000A
:1006F00000000000000000000000000000000000FA
:1007000000000000000000000000000000000000E9
:1007100000000000020003001300000000000000C1
:1007200000000000000000000000000000000000C9
:1007300000000000000000000000000000000000B9
:1007400000000000000000000000000000000000A9
:10075000030004001400000000000000000000007E
:100760000000000000000000000000000000000089
:100770000000000000000000000000000000000079
:100780000000000000000000000000000400050060
:100790001500000000000000000000000000000044
:1007A0000000000000000000000000000000000049
:1007B0000000000000000000000000000000000039
:1007C0000000000000000000050006001600000008
:1007D0000000000000000000000000000000000019
:1007E0000000000000000000000000000000000009
:1007F00000000000000000000000000000000000F9
:1008000000000000060007001700000000000000C4
:1008100000000000000000000000000000000000D8
:1008200000000000000000000000000000000000C8
:1008300000000000000000000000000000000000B8
:10084000416574686F725F726F626F000000000034
:100850000000000000000000000000000000000098
:10086000302E312E302D706861736530000000002D
:1008700000000000000000006E6F742D696E6A6554
:1008800063746564000000000000000000000000C8
:100890000000000000000000000000000000000058
:1008A0000000000000000000616574686F722D6335
:1008B0006F6E74726F6C6C65722D303100000000C9
:1008C000000000000000000061726D2D303100005A
:1008D0000000000000000000616574686F722D74F4
:1008E0006578742D763100000000000000000000E3
:1008F000000000000000000007080A0405060D0EB5
:10090000241516170000000001000000020000007E
:1009100003000000040000000500000006000000C5
:100920000700000008000000FF0F0000300364060D
:100930009909CF0C7084040824840408788404087E
:10094000C483040830840408408404080484040830
:100950009884040850840408D4840408BC840408DF
:1009600088840408B4830408A48304086084040809
:1009700014840408F4830408D4830408E48304087A
:10098000AC84040836017000000000000000000084
:10099000000000003A0155000000000000000000C7
:1009A00000000000B2050C0C003333000000000012
:1009B00000000000B701350000000000000000004A
:1009C00000000000BB013200000000000000000039
:1009D00000000000C2010100000000000000000053
:1009E00000000000C301150000000000000000002E
:1009F00000000000C4012000000000000000000012
:100A000000000000C6010F00000000000000000010
:100A100000000000D002A4A10000000000000000BF
:100A200000000000E00ED0080E0909053133481718
:100A300014153134E10ED0080E0909153133481769
:100A400014153134210000000000000000000000F7
:100A5000000000002900000000000000000000006D
:100A60000000000089E1020885E5020819D00208AB
:100A70000302010000000000000023001701D10064
:100A80000604030201010000000006040303020241
:100A900016000000020100005C8504083886040886
:100AA0004C860408488504087C85040808870408E7
:100AB000AC850408F886040860860408D885040814
:100AC000D8860408BC8504089C850408E8850408C9
:100AD000088604081885040814850408908604080C
:100AE000A0860408B48604083886040848850408EB
:100AF0004C8604088C850408AC850408F886040834
:100B0000CC850408F885040870860408C8860408A3
:100B10008C850408AC85040818870408108604082E
:100B20004C8504086C850408030615061506151285
:100B30001512031203120306000A030A000E030E25
:100B4000150C180C07021102070207061102110604
:100B5000080A100E100A080E0202021602161716D4
:100B600005100A0A0A0A0F0E0F0E160506130615BF
:100B70000C110C15130B1315050A140A140A14177B
:100B8000141705170517050A080A080408040B01BD
:100B90000B010F010F0112041204120A0C0E0C13A8
:100BA000808604081C850408E4840408F084040892
:100BB0002C850408208604083C8504082C8604083B
:100BC000FC84040808850408AC850408F886040839
:100BD000E8860408E88504080886040818850408DF
:100BE00014850408908604080020002F4002F400B9
:100BF0001F3001F3000F2000F2000E1000E100038F
:100C0000000010004F6003D5000580391008E06F28
:100C10001007D05F0005C03E0004A02C00000000BB
:100C200000000000000000000000000000000000C4
:100C300000000000000000000000000000000400B0
:100C4000210000D00B30002B00C10004900E000FDB
:100C5000FFFFFF5008503A0000B2068005FFFFFF7B
:100C6000F000E00A40001C00B20003A00D00005993
:100C700000E0000000E00000000F0000007EFC60CB
:100C8000004F713B3008D00000007E00000002EBF6
:100C900020000002CE800000007EC10000003E70F7
:100CA000000000AB0020000BA00CB537F40018DFEB
:100CB000C5000000F00000000E000003CD9000020F
:100CC000B00000D3098000A400004C003C003A00B2
:100CD0000005B003D00B2000003D005B05909C8018
:100CE00000C50B60C2991A7002CD80680E103D00DD
:100CF00000000C12E000F0000007702D000F000053
:100D000001C000E002E0000086000A708900002CAB
:100D100000001BDA000009ED40000008C26E000070
:100D200000C601E000000B708B0000007CAC1000DE
:100D30000004FB00006205EBE2003E11E70AC10A75
:100D4000A05F100CC5E204F3001CF9000CC437ECE2
:100D5000FA2019DDB403A5058008E007D005C0041A
:100D6000A0000000000000000000000000000000E3
:100D70000000066000D2006A000C5001F1004D0036
:100D800006B0007A0007A0006B0005D0001F00002D
:100D9000D4000790002E1000870000001B0000B553
:100DA0000005C0000E2000A70007A0005C0004D0D2
:100DB000004D0005C0006B00097000D4003D000923
:100DC0007001D000010000000B200053C55107DF67
:100DD000EA2007DD0001D1870000000000000000CC
:100DE0000000000000000000000000000000000003
:100DF00000000000000001800000002F0000000241
:100E0000F00000113F11106FFFFFFF40002F0000A6
:100E10000002F00000002F00000001700000000040
:100E20000000000008D207E600B505D00B20000046
:100E30003FFFC00111100000000000000000000092
:100E4000100AE107D1000017000005A00000A5006E
:100E5000000E100004B000008700000D200003C049
:100E600000007800000C300002D000006900000B88
:100E7000400001E000005A00000A500000003BEB77
:100E800020002E839D1009B000D700E60008C00F97
:100E900040006E02F30005F02F30005F00F4000602
:100EA000E00E70008C009B000D7002E83AD1000348
:100EB000BEB2000049E700000BBE70000000E70072
:100EC00000000E70000000E70000000E700000003F
:100ED000E70000000E70000000E70000000E700048
:100EE0000133E832008FFFFFC0019CDA2001DA44B1
:100EF000CD00040002F50000000E70000001F400B7
:100F000000006E1000001E7000000BC0000008E220
:100F1000000008E3000009E6333304FFFFFFF1019E
:100F20009CEB4000CA44AE20010000E70000000E28
:100F30006000003BC10002FFC10000024BD2000074
:100F4000000BB00000008E0040000BB04E9549F53C
:100F50000039CEB40000002EC000000AEC000004EE
:100F6000E8C00000D78C00008C08C0002E408C0028
:100F70000B9008C005E3229C20AFFFFFFF5000004C
:100F80008C00000008C00000008C0004FFFFF60089
:100F90005E33331006D00000007C00000008DBEC5C
:100FA000500049328F50000000BC00000007E000F4
:100FB00000008D0040000DA04E944BE20039CEA2FF
:100FC000000007CDA2000AD549A004E2000000AA53
:100FD0000000000E60000000F69EEA101FD512CA45
:100FE00000E60005F00D70003F208C0006E001D9FE
:100FF00035D70001ADC6003FFFFFFF1033333CA0E3
:10100000000004E1000000C70000004E1000000ACC
:1010100090000000E50000003F20000007E0000015
:10102000009C0000000AB0000000CA0000005CEC58
:1010300050004E626E4009A000A9008B000990028A
:10104000E701D40005FDB70002C58EB100D6001C33
:10105000B02F10005F02F30005E00AC414D90007A6
:10106000CEC700007DD910009D43AD001F4000D7C2
:1010700003F10008B02F30007D00CB217EE002BEDE
:10108000E87E00000008C0000000C80000004E20FC
:101090000B846E80003BEC600007C10AE200100088
:1010A000000000000000100AE207C000100AE1077B
:1010B000D1000000000000000008D207E600B505DE
:1010C000D00B2000000000000000000017D4000436
:1010D000AEA5017DC710006F910000005BEA4000E3
:1010E00000027DD810000004A400000000000000F1
:1010F00000000111111106FFFFFFF40000000000C5
:10110000000000000111111106FFFFFFF4000000B4
:1011100000000000000000000000000000000006C9
:10112000C610000006BE9300000027DD700000011D
:10113000AF40005AEA4029EC71000593000000001E
:1011400000000000000000000001100005DFFA00B0
:101150001C415E7000000BA000000E7000008D109E
:101160000004E300000D8000002F40000004000098
:1011700000010000005F6000003D4000000005AD80
:10118000DB810000002CB41037D500001D8000006A
:1011900002D200098000000007A004D0008DB850E2
:1011A0000E00A6009B24F300D10E202E101E000C72
:1011B00020F006A003C000E00E0089006A005A007B
:1011C000D205D23CC13D200A5009EA19EB30005D3E
:1011D00000000000000000B900000000000001BC99
:1011E000520284000000005ADEC81000000002FC19
:1011F00000000007BE2000000C6B7000001F16C02E
:1012000000006C02F20000B700C70001F3008C0080
:1012100006FFFFFF200B92222D701E400009C06EBA
:10122000000005F2BA000001E705FFFEC700005FFD
:101230003236EA0005F10007E0005F10006D00059E
:10124000F1004D70005FFFFFB10005F3225BD2009B
:101250005F10000D9005F10000AB005F10000D80E5
:1012600005F3235CD2005FFFED92000003ADDA309E
:10127000006EB65AE102E800002009D00000000C20
:10128000900000000E700000000E700000000C9036
:1012900000000009D000000002E8000040006EA637
:1012A00059E40003ADDA3005FFECA300005F335AC8
:1012B000E70005F10008E2005F10000DA005F10055
:1012C000009C005F100007E005F100007E005F1049
:1012D0000009C005F10000D9005F10008E2005F361
:1012E00035BE70005FFECA300005FFFFFF505F4350
:1012F000333105F10000005F10000005F10000002F
:101300005FFFFF7005F43332005F10000005F1004D
:1013100000005F10000005F43333205FFFFFF80585
:10132000FFFFFF505F43333105F10000005F100005
:101330000005F10000005FFFFF8005F43332005F1D
:1013400010000005F10000005F10000005F1000032
:10135000005F10000000029CEA500005EC758E60F2
:1013600001E9000020009D000000000C900000003A
:1013700000E7000333200E7000FFFC00C9000007E7
:10138000C009D000007C002E800007C0006EB64768
:10139000DB00003ADEB70005F100006F0005F10048
:1013A000006F0005F100006F0005F100006F0005FF
:1013B000F100006F0005FFFFFFFF0005F544448FBB
:1013C0000005F100006F0005F100006F0005F1005D
:1013D000006F0005F100006F0005F100006F0005CF
:1013E000F1005F1005F1005F1005F1005F1005F1DD
:1013F000005F1005F1005F1005F1005F10000007AD
:10140000F00000007F00000007F00000007F0000F7
:101410000007F00000007F00000007F00000007FE0
:1014200000000007E0006000AC002EA57E70003ACE
:10143000DD700005F10005E4005F1003E70005F131
:1014400001DA00005F10BC000005F19F3000005F72
:101450008EE8000005FF77E200005F900DA0000518
:10146000F1005F40005F1000BC0005F10003F600D2
:101470005F100009D005F10000005F10000005F1C9
:101480000000005F10000005F10000005F10000088
:1014900005F10000005F10000005F10000005F1082
:1014A000000005F43333005FFFFFF305F800000888
:1014B000F5005ED00000DE5005CD30004DC5005C6B
:1014C0009900098D5005D4D000E3E5005E0D404C35
:1014D0000F5005E0890970F5005E03E0E20F50054A
:1014E000E00C9B00F5005E007F600F5005E002C13C
:1014F00000F5005E0000000F5005F500006E0005CD
:10150000ED00006E0005CC70006E0005D4E1006EA9
:101510000005E0B9006E0005E03E306E0005F00900
:10152000B06E0005F001E55E0005F0008C5E000580
:10153000F0000D9E0005F00006EE0005F00000CE64
:10154000000004ADDA3000007EA56BE50002E70084
:10155000009E100AD000001E700C9000000BA00E20
:1015600070000009D00E70000009C00C9000000B44
:10157000A009D000001E7002E800009E10007EA5A9
:101580006BE5000004ADDA200005FFFEC70005F39F
:10159000347EA005F10005F205F10002F405F1002A
:1015A00004F205F1014DB005FFFFE91005F332002B
:1015B0000005F100000005F100000005F100000049
:1015C00005F10000000004ADDA3000007EA56BE5F7
:1015D0000002E700009E100AD000001E700C900070
:1015E000000BA00E70000009C00E70000009D00DA5
:1015F0009000000BB00AD000001E7003F600008EB1
:1016000010007F8349E5000005BFEB4000000008A3
:10161000E30000000001CE745000000018CED10598
:10162000FFFED81005F3336DB005F10004F205F1AB
:101630000002F505F10005F205F3236EB005FFFF8A
:10164000E80005F107E20005F100DA0005F1005FAE
:101650003005F1000CC005F10003F6003ADDA300EF
:1016600002EB659E2008D000020009E000000003A4
:10167000FB300000004DFB400000005CFA00000061
:10168000006E800000000BB00620000CA00BE85597
:10169000BE30006ADDA2007FFFFFFFF11333E933A4
:1016A000300000E700000000E700000000E7000055
:1016B0000000E700000000E700000000E700000075
:1016C00000E700000000E700000000E70000000065
:1016D000E7000006F000006E0006F000006E000655
:1016E000F000006E0006F000006E0006F000006ED4
:1016F0000006F000006E0006F000006E0005F1002C
:10170000007D0003F300009B0000E90001E80000F9
:101710006F956DD1000005CED91000CA000006E01B
:101720007E00000BB03F40000E600D80004F10089F
:10173000D0009C0004F200D70000E602F200009BFB
:1017400007D000005E0B8000000E5E3000000ADD56
:1017500000000006F900007E0000BC0000D74F30FA
:1017600000EF1001F41F5003DC5004F10D800799C5
:101770009007D00AB00B66C00AA006E00E32F10D49
:101780007003F23E00E50E4000E46B00A83F10003D
:10179000C797006B5D00009AC3003E8A00006DE0B1
:1017A000000ED700003FB0000AF4003F50002E505A
:1017B000AD0009C002E602E40008D09B00001E9EB6
:1017C0003000007FA000000AEC000003E4E5000008
:1017D000C909D0005E201E700D90008E16E1000039
:1017E000D90BB00003F304F3000AB000C9002E4087
:1017F000005E108C00000C81E5000005E7C00000D1
:1018000000DF500000008E000000007E000000009D
:101810007E000000007E000000007E000009FFFF47
:10182000FFC00233336F60000000BB00000006E21F
:101830000000001E80000000AD00000004F4000065
:10184000000D900000008E10000003E60000000C68
:10185000D33333303FFFFFFFD003CCA04B0004B0A5
:10186000004B0004B0004B0004B0004B0004B0007B
:101870004B0004B0004B0004B0004B0004B0003C2F
:10188000CA530000069000002D000000C3000007AE
:101890008000003C000000D20000086000004B0007
:1018A0000000E100000A5000005A000001E00000C2
:1018B0000B40000069000002D05CC90005A0005A7E
:1018C0000005A0005A0005A0005A0005A0005A001B
:1018D00005A0005A0005A0005A0005A0005A05CC3A
:1018E000900006F4000000CCA000002E2E1000088E
:1018F00090B60000E305C0005D000E300A7000984D
:1019000000000000000000000000000000000000D7
:1019100000000000000000000000000BEEEEEEEA08
:10192000003A000000003E8000000003E6000000D6
:101930000034000000000000000000000000000073
:101940000000000000000000000000000000000097
:101950000000000000000000000000000000000087
:10196000000000000000007BEC60007C648F300011
:101970000000E80000036DA0008D97CA00AB000BCB
:10198000A00E6000BA00DC44BEA003CEB48A0006FC
:10199000B000000007E000000007E000000007E0E2
:1019A00000000007D3AEC50007ED64AF4007E100BB
:1019B0000CB007E00008E007E00007E007E00009DE
:1019C000D007E0000D9007EB44CE1007A5CEA20093
:1019D000002ADD9102EC54B20AD000000E70000023
:1019E0001F5000000E7000000BC0000003EB44A667
:1019F000002ADD910000000C500000000F60000084
:101A0000000F600000000F60002BEC5E6002EB45F1
:101A1000CF600AD0000F600E70000F601F50000FE3
:101A2000600F60000F600CB0001F6005F946DE60BB
:101A3000005CEB3C60002AEC60002E935D700AA015
:101A4000005D00E50002F11FFFFFFF20E500000040
:101A50000BB00000003EA43660002ADDA4000000A8
:101A600010007EF801E81104F30004F2006EFFF0AC
:101A700016F42004F20004F20004F20004F2000460
:101A8000F20004F20004F200006CEFFF905E517E61
:101A9000310B9000D700B9000C6005E306E2001D91
:101AA000CEB30007900000008C32210002EFFFFD52
:101AB00030A70002DA1F20000B90DA2018E202ADF6
:101AC000EC920006B000000007E000000007E00014
:101AD000000007E000000007D19DC40007ED75BEBF
:101AE0001007E2003F4007E0001F5007E0000F60D2
:101AF00007E0000F6007E0000F6007E0000F6007DD
:101B0000E0000F6006B007C00000000007E007E03B
:101B100007E007E007E007E007E007E007E0006B09
:101B20000007C00000000000007E0007E0007E000B
:101B300007E0007E0007E0007E0007E0007E00076F
:101B4000E0008D014DA09EB20000000000007D006D
:101B5000000007D00000007D00000007D00000005A
:101B60007D000AC007D007E2007D04E40007D1E849
:101B700000007ECDD00007FC1D70007E105E2007A7
:101B8000D000BB007D0003E507D0007E0007E00029
:101B90007E0007E0007E0007E0007E0007E0007E98
:101BA0000007E0006E2001DA0007A2ADA208DD50B8
:101BB000007DC75DCB85BE1007E2006F6002F500B7
:101BC0007E0004F2000F6007E0003F2000F6007E78
:101BD0000003F2000F6007E0003F2000F6007E00E7
:101BE00003F2000F6007E0003F2000F60007A19D10
:101BF000C40007DD75BE1007E2003F4007E0001F8C
:101C00005007E0000F6007E0000F6007E0000F6082
:101C100007E0000F6007E0000F60002ADD8000028F
:101C2000EB45DC000BC0002E600E70000BA01F50B7
:101C30000009C00E60000BA00BC0002E6002EA4538
:101C4000DC00002ADD800007A3AEC50007ED64AF0D
:101C50004007E1000CB007E00008E007E00007E003
:101C600007E00009D007E0000E9007FB44CE100704
:101C7000D5CEA20007E000000007E000000007E06A
:101C800000000007E0000000002BEC5C6002EB4568
:101C9000CF600BD0000F600E70000F601F50000F60
:101CA000600E60000F600CB0001F6005F946DE603A
:101CB000005CEB3E600000000F600000000F600061
:101CC00000000F600000000F6007A2AE207CC7502C
:101CD00007F600007E000007E000007E000007E03D
:101CE00000007E000007E0000001ADD910BC439465
:101CF0000E7000009E7100006DE7000005E9000015
:101D000008C3D625D805BED80000610001F2000244
:101D1000F2008EFFF816F42104F20004F20004F23F
:101D20000004F20003F30001EA33005DE809C0009B
:101D30003F3009C0003F3009C0003F3009C0003FBC
:101D40003009C0003F3009C0003F3008E0007F305C
:101D500004F849BF30007DD80E309D00007E04F2AB
:101D6000000B900D7001F4008C006D0003F20B80ED
:101D7000000D61E300007B5D000002EB8000000CC1
:101D8000F300006E0005F4001F42F4009D8005E0A2
:101D90000D700D7C009B009B02D1E10C7005E06A88
:101DA0000D51F3001F3A60984E0000C6D205C7A03F
:101DB0000008CD001EC600004F9000CF20003F500D
:101DC00004E309D00C9001E75E10006ED600001EFF
:101DD000E000009BD70003E25E200C900BB06E1079
:101DE00002E69D00006E03F3000B900C8001E400FE
:101DF0007D005E0001E40A90000A90E400004E4E6F
:101E0000000000DC90000008F40000006E000000FC
:101E10000C90000038E200004EC30000000EFFFFEF
:101E2000E002224E700000AC000005E300001E80BE
:101E30000000AD000005F300001DA222206FFFFF8F
:101E4000F1004BA00C8000E2000E2000E3000D30FA
:101E500000D3004E105F70003E1000D3000D300024
:101E6000E3000E3000D70004BA05A005A005A005C8
:101E7000A005A005A005A005A005A005A005A0053A
:101E8000A005A005A005A005A005A004905C800009
:101E90003E4000C6000C6000C5000C4000C40009B4
:101EA000A0002EB00A9000C4000C5000C5000C60C9
:101EB00002E405C80000000000006ED300501C259D
:101EC000D56D000003CD30000000000000000000D0
:101ED00000000000000000000006CC502C00D12CB7
:101EE00000D106CC500000000000000000000000FF
:101EF00000000000000000000000000000000000E2
:101F000018000000000000002F100000000000007A
:101F10002F100000000000002F1000000000000043
:101F20002F100000000000002F32222200000000CD
:101F30002FFFFFFF100000002F1000000000000026
:101F40002F100000000000002F1000000000000013
:101F50002F100000000000002F1000000000000003
:101F60002F100000000222224F322222202FFFFFDA
:101F7000FFFFFFFFF302222222222222201FFFFF67
:101F8000FFFFFFFFF20000000E4000000000000015
:101F90000E400000000000000E6000000000000085
:101FA0000EFA2000000000000E6AE9100000000098
:101FB0000E404DD4000000000E40019E10000000B5
:101FC0000E400001000000000E4000000000000074
:101FD0000E400000000000000E4000000000000065
:101FE0000E400000000000000B3000000002333300
:101FF00033333333200DFFFFFFFFFFFFD00000001E
:1020000002E60000000000000BC00000000000001D
:102010007F90000000000006ED9BA1000000006E14
:102020005991BD40000008E5099008E70003CD4044
:102030000990005E901EA10009900004C1020000FA
:10204000099000000000000009900000000000005E
:10205000099000000000000009900000000000004E
:10206000087000000000003100000000000000E3E4
:1020700000000000000002F322222222000005FFDF
:10208000FFFFFFFF000008A00000000000000B7031
:102090000000000000000E511111111100003FFF5F
:1020A000FFFFFFFF200000000000002F10000000D5
:1020B0000000003E000222222222105C001FFFFFCF
:1020C000FFFFD08A00000000000000B70000000001
:1020D000000003E30000000001EFFF8000000000AB
:1020E00000122100000009FFFFFFFFB0000009926D
:1020F000222228B000000980000006B000000980FC
:10210000000006B0000009FFFFFFFFB000000992C9
:10211000222227B000000980000006B000000980DC
:10212000000006B000000992222227B0000009FF3B
:10213000FFFFFFB000000980000006B0000009802A
:10214000000006B000022A92222227C2202FFFFFA1
:10215000FFFFFFFFF20000000000026100002345C6
:10216000689CEFF90000EEDCBDC8641000000000C0
:1021700009800000000011111A9111110000BFFF29
:10218000FFFFFFFB000000000980000000000000CE
:1021900009800000001FFFFFFFFFFFFFF002222465
:1021A000E62222222000000CB00068000000009D02
:1021B00010002E50000006E2000006E200007FA89A
:1021C0009ABCDEFB0000CDBA8764323E50000000AE
:1021D0000000000630000000087000000000000051
:1021E0000A800000000000000A8000000007FFFFD6
:1021F000FFFFFFFF6007B2222A92222C6007B00087
:102200000A80000B6007B0000A80000B6007B00076
:102210000A80000B6007B0000A80000B6007FFFF18
:10222000FFFFFFFF6007B2222BA2222C60012000DB
:102230000A800002100000000A8000000000000078
:102240000A800000000000000A800000000000007A
:1022500008700000000003005900000000002E502C
:102260006B000000000005E16B0000000000004072
:102270007B000000000AFFFFFFFFFFFF5002333327
:10228000B933333D50000000D500000D400000017F
:10229000F262000E30000007C07C000F3000000D1D
:1022A000600C801F2000007D1003D02F100003E57C
:1022B0000000004E00002D900000006D0004E900B9
:1022C000000000BA000B8000000CFFE300000000DB
:1022D0000001331000003444444444430000BFFF75
:1022E000FFFFFFFB000000000000000000000000F6
:1022F00000000000000000000000000000000000DE
:1023000000000000000000000000000000000000CD
:1023100000000000000000000000000000000000BD
:10232000000000000005555555555555501FFFFF3D
:10233000FFFFFFFFF10000001B1000000000000085
:102340000C8000000002222228C22222200EFFFF61
:10235000FFFFFFFFD000001400003100000000BBB1
:102360000000AD3000001BB0000008E50004EA25C5
:102370000000636E5005801E2001E3067000000916
:10238000A009B00000000001D76E2000000000008E
:102390003EE40000000000019EEA20000000017EF3
:1023A000B21AE8200007CFC500004BED910972007A
:1023B00000000016800000000B300000000000004C
:1023C00008C000000003FFFFFFFFFFFF6000226660
:1023D000222237221000007D00005E100000000D58
:1023E0005000A800000022285224E4222000FFFF11
:1023F000FFFFFFFFC000F300000000000000F2003C
:10240000000000000001F100000000000003E000F7
:10241000000000000005D00000000000000A90004D
:1024200000000000002E4000000000000029000015
:10243000000000000000004500000000000000D780
:1024400000000000000005E3FFFFFFFF60000D70CB
:102450008A22222D40007F203D00002F1003EF2014
:102460000E30007C001DAF20097000B7005C1F20FB
:1024700005D002E200010F2000D50BA000000F20C4
:10248000005C4E2000000F20000DE80000000F202F
:10249000000BF40000000F2000BD9E3000000F2054
:1024A0003CC108E600000F3AE910006EC3000B18AB
:1024B00030000001800006700000000000000D4C9C
:1024C000FFFFFFA000004D011E411A700000A80090
:1024D0000F300B500003F7000F200E20000BF70009
:1024E0001F102E00006EB7002F006FFFA035970061
:1024F0004D001118A00097005B00000890009700A5
:102500008A00000980009700C600000A7000970149
:10251000E200000B60009705D000000C5000970D02
:102520007000000E3000977D0000115E000097B42F
:102530000001EFE7000000000000000000002400A0
:10254000000000C500006C00B60000E500006C0053
:102550004E3000E300006C0008C001F200006C0087
:1025600001E303E000006C00001006C000006C00F6
:1025700000000A8000006C0000000E4000006C00AB
:1025800014005E0000006C28E900DD2000009EEAD7
:102590003009C9D20002EA30009D209D10003000B1
:1025A0004CD3000BB0000002E8000001C2000000A4
:1025B000000000000000008200027000000003E143
:1025C0002B05C00000000A906C05C00000001E3002
:1025D000AA26D22210009C00DFFFFFFF8003EC053B
:1025E000D005C000001DDC0C7005C000004C5C056F
:1025F0001005C00000014C022226D22220004C0E01
:10260000FFFFFFFFF3004C000005C00000004C007E
:102610000005C00000004C000005C00000004C0098
:102620000005C00000004C000005C000000039009B
:102630000004A00000000000028000000000000074
:102640000CD0000000000000ADCA00000000000B2C
:10265000D21CB100000003DD2001BD4000018EC38B
:1026600011112AFA301ED5BFFFFFFC3AE20200002A
:102670000000000010012222222222221008FFFF67
:10268000FFFFFFFFA0000005E30020000000002E78
:102690005000C800000001D700002D7000001CB3DE
:1026A00045689CF50000BFFFECBA878E1000331020
:1026B000000000081000007500095000000001E350
:1026C0000008B000000008B00003900000001E41A8
:1026D000FFFFFFFF9000AF10222222221006FF1002
:1026E00009100086002E8F100D4000C600191F1023
:1026F0000A6000E300001F10089001F100001F10A5
:1027000005C003D000001F1003E006A000001F104A
:1027100001F1097000001F1000D20C4000001F11D1
:1027200022222E3220001F1BFFFFFFFFF4001B00A0
:10273000000000000000005300091000000000D558
:10274000000C8000000006D00005E00000000C71C5
:102750001112921110005F28FFFFFFFFF201DF004E
:102760000004D000000AEF000004D000004E5F001B
:102770000004D00000042F001116D11110002F000A
:10278000FFFFFFFFA0002F000004D00000002F007B
:102790000004D00000002F000004D00000002F0033
:1027A0000004D00000002F0EFFFFFFFFF6001A020A
:1027B0002222222220000000000000000000000071
:1027C00006A00000000000005DE700000000000817
:1027D000D22D9000000002BC1001BB3000007E80B2
:1027E000000008EA304ED7FFFFFFFF4AF50700114F
:1027F00019B111003000000008A000000000111104
:1028000019B111111007FFFFFFFFFFFF900000003B
:1028100008A00000000001B208A04A0000000BA0C0
:1028200008A01BB10000BC0008A000BB000BB10158
:102830001AA0001D8002000BED50000100000000F6
:10284000000000000000006400520000000001E4ED
:1028500001E30000000007C007C0000000000D50A9
:102860000DFFFFFFF5007F106D2C72222002EF019B
:10287000E60B6000000CDF0AC00B6111103D3F1930
:10288000200BFFFFF0022F00000B600000002F0064
:10289000000B600000002F00000B711110002F00D2
:1028A000000BFFFFF3002F00000B600000002F0063
:1028B000000B600000002F00000B600000001C00F7
:1028C000000A50000000009400059000000003E1A1
:1028D0000006B00000000A9DFFFFFFFFF5003E214B
:1028E0001117B1111000BD000006B0000006FD0672
:1028F000FFFFFFFFC03E9D06A006B004C07A3D0664
:10290000A006B004C0013D06A006B004C0003D060C
:10291000FFFFFFFFC0003D017009800000003D0087
:10292000B80D500000003D001CCD000000003D002F
:1029300007ED820000003D16CD33AEB851003C1BC0
:1029400060000158B20000A2001A0000000005D08B
:10295000000B700000000C600004A00000005D4F40
:10296000FFFFFFFFF101DA02229F4222200AFA0054
:1029700004ED6000004EAA001E76B004C0176A0283
:10298000CC02E14E60006A3DEB00CAD400006BEA65
:102990007B006E2000006A306B000E5000006A0061
:1029A0006B0007D100006A006B0010CA00006A00CB
:1029B0007B6CA03EA0006A00CFC60003E400580074
:1029C000940000001000007300000000000003E20B
:1029D000DFFFFFFF50000A90D411111C50003E2071
:1029E000D300000C5000CD00D300000C5009ED00C6
:1029F000DFFFFFFF505F7D001117B111005A3D004E
:102A00000006B00000013D011117B11110003D1F7B
:102A1000FFFFFFFFF3003D00008EEC0000003D00D3
:102A200005D8BA9000003D004E36B0D700003D07F3
:102A3000E506B02DA1003D4D2006B001C5002B00DC
:102A4000000590000000008000190000000006B0A2
:102A5000000D600000000D500006700000005E1FB9
:102A6000FFFFFFFFF200DB00000000000009EB00A9
:102A7000DEEEEEED004F8B0000000000002A4B0060
:102A80000000000000004B00DEEEEEED00004B0009
:102A90000000000000004B01EEEEEEEE00004B01E6
:102AA000E000000F00004B01E000000F00004B01B0
:102AB000E000000F00004B01FEEEEEEF00003901D8
:102AC000A000000A00000460002A000000000B7053
:102AD000009A000000001E2002EFFFFF90007B0024
:102AE0001CE3002D2000D802BB3C21C70008F81DC4
:102AF0004004DD80003EC81D004ADDB40078881D1A
:102B00009DD6017DE310881D3201A9003000881D8B
:102B1000017D70310000881D047107C20000881D0E
:102B20000027D9116000881D03D7103D800088015F
:102B300000003AD600008800169DD71000007700EC
:102B4000097300000000009100059000000004D10E
:102B50000009A00000000B8BFFFFFFFFC0002F202B
:102B6000000D30000000AB00000E00000004F90072
:102B7000DEEEEEED001DD900D200003D003A7900F6
:102B8000DDDDDDDD00007900D200003D00007900D0
:102B9000DDCCCCDD00007900D200003D00007900E2
:102BA000D200003D00007900DDDDDDDD00007900B0
:102BB000D200003D0000796FFFFFFFFFF4004600E8
:102BC00000000000000003403500091000000A80EA
:102BD0006A001E0000001E306A004D0000006D01FA
:102BE0007B107A000000C89FFFFCAFFFF506F800DD
:102BF0006A00E408802ED8006A06F60A5089880028
:102C00006B0C980C2010883FFFF92C1E0000883CAC
:102C100000870D7A0000883C008709E50000883CA9
:102C2000008705E00000883C00970BF50000883F16
:102C3000FFF78C5D2000883C000AD108D2007601A5
:102C4000001910007100009100083000000005D04C
:102C50000008A00000000C6CFFFFFFFFF3004E0017
:102C6000000000000000C9009EDDDDDD0007F90066
:102C70009700004D003EB9009DCCCCDD00177900D7
:102C8000000000000000790EEEEEEEEEE300790F9A
:102C900000000000D300790F9EEEEEEAD300790029
:102CA0000007A000000079000007A00000007900E4
:102CB0000007A000000079000008A00000007900D3
:102CC0000AED600000000000000000000000052088
:102CD0000000350000000EBFFD00680000004E003F
:102CE000895DEEDE30009800C400680A3001E5031B
:102CF000C2EEEEEEE50AF50A4000680A304EC55F06
:102D0000EC5DEEDE3028A5403C0068000001A50027
:102D10004A0068000000A54168AEEEEE7000A5779D
:102D2000A50068000000A51DE2EEEEEEE000A5099A
:102D3000C00068000000A50CE80058000000A57C59
:102D40002CD631000000A8D2005ADEFFF20010009D
:102D5000000000000000004007700000000005E0D7
:102D600009900000000009A22AA2222100000EFF03
:102D7000FFFFFFFD00007D00099000000000E6005D
:102D8000099000000001A00009900000000222222A
:102D90002AA22222200FFFFFFFFFFFFFF000000EFC
:102DA000400890000000002F100890000000007CF8
:102DB00000089000100002E500089000D2004D903D
:102DC0000008A001E10CE8000004EFFFB0062000BD
:102DD000000012220000000A200000000000000A8B
:102DE000D2000000000000009D1000000000000064
:102DF0000D900000000000000EE200000000000046
:102E00004FBB0000000000008C1E400000000001CD
:102E1000E608C00000000008D101E6000000002E16
:102E200060007E10000001CC00000DA000000BD15E
:102E3000000003E90003DD200000005EB11DA100D9
:102E400000000003D201000000000000000BFFFFA3
:102E5000FFFFFFFFB00111111A91111110000000C6
:102E60000A80000000007FFFFFFFFFF600007B11DB
:102E70001A8111B600007A000A8000B600007FFFB8
:102E8000FFFFFFF600007A000A8000B600007A001B
:102E90000A8000B600018B111A8111B7105FFFFF85
:102EA000FFFFFFFFF5007A00000000B600007A0087
:102EB000000000B600007A00000011C600007A0091
:102EC0000003EEC20000000000000000000000004F
:102ED00008118000000D30005C00C6000007D00023
:102EE000C6005A000000D703FFFFFFFFE0006C0A96
:102EF000E000A7000000004FE000A700000001DA9A
:102F0000E000A700000005C3FFFFFFFF90000002E4
:102F1000E000A70000001D12E000A70000006D0205
:102F2000FFFFFFFF8000C702E000A7000003F202DE
:102F3000E000A7000009B002E111A811101E500224
:102F4000FFFFFFFFF3020002D000000000000000BE
:102F500008700000000033000A9000330000990060
:102F60000A90009A000099000A90009A00009900C7
:102F70000A90009A000099000A90009A00009FFFB2
:102F8000FFFFFFFA000012222BA222210003900073
:102F90000A9000092005E0000A90000E4005E000BC
:102FA0000A90000E4005E0000A90000E4005E00087
:102FB0000A90000E4005E2222BA2222E4005FFFFC0
:102FC000FFFFFFFF400000000000000C4000000475
:102FD000000040000000004F2001E300000000BAA4
:102FE00000007B00000004F300000D6000000CA056
:102FF000000005E200009D10000000AD1008E62270
:103000002222223DC11C5FFFFFFFFFE19000000074
:10301000E30005D000000003F00005D0000000062A
:10302000C00006C00000000C700007B00000005E89
:1030300010000990000003E600000B8000007E8075
:1030400000213E50000AC40000EFFB000000000019
:1030500000000000000000000000000000007A00F6
:103060000222222220007A004FFFFFFFF0007A00A8
:10307000000A7003E0007B58800B6003E04ADEC862
:10308000500C5004D0469A00000D4004D0007A0045
:10309000000E2005C0007A00003E0006C0007A0045
:1030A000306C0006B0007B6CD0C80007A000BFC524
:1030B00004E100099000A4000C90000B70000001D6
:1030C000BD10002E4000000BD200BFFC000000022B
:1030D000100013200000000000000005900FFFFF0B
:1030E000FFF10006B00229A22220B606B0000C6053
:1030F0000000B606B0001E411100B606B0005FFF2A
:10310000FF80B606B000B7000B50B606B003E10072
:103110000E10B606B00C84004D00B606B0081CC1F7
:10312000A800B606B00001BDE200B606B000000D72
:1031300090009506B000007E20000006B00005E477
:1031400000000006B0019E5000000118B006B20059
:10315000000007ED50000000000000000000170014
:103160000000000000001E4002222222100007A0E2
:103170005FFFFFFFB0011111000B6006A02FFFFFE2
:10318000300C5007A000006C000D4007A00001E5C6
:10319000000E300890000AB2901F200880005FBC2B
:1031A000504E00098004EEDB006B0009703E6C6C31
:1031B00070A8000A60050C6241E4000B60000C601E
:1031C00006C0000D40000C601D60000E20000C6069
:1031D000CB00116E00000C63C101EFE6000001009E
:1031E0000000000000002037000000027000E35BD8
:1031F00000000005C003E26B11102E05C007FFFFA1
:10320000FFF02E05C00D405B00002E05C02B116B9A
:1032100011102E05C04FFFFFFFF92E05C000005B07
:1032200000002E05C000116B11102E05C008FFFF15
:10323000FFF12E05C008705B00F12E05C008705B21
:1032400000F10305C008705B00F10005C008705B69
:103250006EC00005C000005B00000238C0000037EF
:10326000000008ED6000048000000860000001E537
:1032700000002E400001117C1111AA11102FFFFF38
:10328000FFFFFFFFF2000000000000000000000050
:10329000000000070002FFFFFA04A01F1002E00078
:1032A0007A05B01F1002FEEEEA05B01F1002E00022
:1032B0007A05B01F1002E0007A05B01F1002FEEE82
:1032C000EA05B01F1002E0007A03801F1002E00040
:1032D0007A00001F1002E0008A00113F1002E04E49
:1032E000D5004EEA000000000000000000000000D1
:1032F00000046000000000000007B000002FFFFF86
:10330000A007A00000022C621007A00000000C50D3
:103310002FFFFFFFF0000C5002299224E0000C5018
:10332000000A7003E0000C50000B5003D0000C505A
:10333000000D4004D0000C50102E0005C0000CAC55
:10334000E06B0006B029DFD830C70007A03C720050
:1033500006E10009900000002D60000B70000003E2
:10336000EA00213E4000000B7000CFEA00000000A0
:10337000000000000000000000003300000000001A
:10338000000089000008FFFFF9008900000000002C
:10339000000088000000000000DFFFFFF1011111B4
:1033A0001122B823F12FFFFFFD00B601F0001E200F
:1033B0000000C402F0005D026000E303E000980139
:1033C000E002E003D000E200A606C004C005D58BF1
:1033D000EB0B7006B00CEB842D4E2008A002000011
:1033E00000CA000C7000000006D16FFD1000000044
:1033F000002002200000002900540000000000AA64
:1034000000B70000000002E300B7000100000AB0AE
:1034100000B7000BB0005F8000B7008E2002EE8086
:1034200000B706E4001DBA8000B87E60000A1A806A
:1034300000BDE50000000A8002DE300000000A80C6
:103440007EF8000000000A88E6B7000040000A800D
:1034500010B70000D5000A8000B80000E3000A8021
:1034600000AA0003E1000A80005EFFFF9000065002
:10347000000123320004FFFFFD09FFFF9004D1117A
:103480005D0981199004D0004D0970089004D11194
:103490005D0970089004FFFFFD0970089004D000DA
:1034A0004D0970089004D0004D0970089004FFFF8A
:1034B000FD0970089004D111110970089004D00A18
:1034C000600970099004D004E10977EE5004D28DB0
:1034D000F80970100009FFC65E097000000AA30019
:1034E0000819700000000000000760000002FFFFE4
:1034F000FFFFFFFFF402E222222222222002E0004C
:10350000006900000002E000007A00000002E00014
:10351000007A00000002E011118B11110003E0DFBE
:10352000FFFFFFFF7003E000007A00000004D000FE
:10353000007A07200005B000007A06D20007A0003C
:10354000007A008C000A7000007A0003000D41111F
:10355000118B1111104E0EFFFFFFFFFFF31600003D
:10356000000000000000DFFFFFFFFFFFF100D511AA
:10357000118711111000D40000D600000000D43EC5
:10358000EEFEEEEB0000D44D0000005C0000D44DD8
:103590000000005C0000E34EDDDDDDEC0000E24DEC
:1035A0000000005C0001F14EEEEEEEEC0002E000E7
:1035B000005C00000005C006B05C07800008902E8B
:1035C000505C02E5000D50CA005C005E203E08C061
:1035D000006C0009B01500107EE70000200000001C
:1035E000770010000000000AD205D400000003CAD2
:1035F00010006E7000005FFDDEFEDDE900001421AA
:10360000B900002B10000002E4000000002FFFFFB3
:10361000FFFFFFFFF300009D1000C800000009D26B
:1036200006D41C900003CD8AE91011BD501E9046AF
:10363000104CA006E20100048CC50130000000CC53
:1036400073003DA000000000015CD600000004698A
:10365000CEB6000000000AA74000000000000000F5
:103660000000026000000124578BDFE700004FEDEF
:10367000BA97530000004E000000000000004E000A
:103680000000000000004FFFFFFFFFF600004E2C7F
:10369000722224E200005D06C00008B000006C0148
:1036A000E3000E5000007A008C009C00000099009E
:1036B0000C86E2000000C60003EE60000000E2009D
:1036C00008EE91000006D005CE53CD61000C74DEEB
:1036D000A10007DE900711710000000540000220E4
:1036E0000A50050000000A900E500B9000000E30AA
:1036F0002F3001D600006C005E0000210000EFFFBB
:10370000FFFFFFFFD0003222D82222222000000338
:10371000F300000000000009FFFFFFE40000002E9E
:10372000E32226E0000000ACA8000C80000006E2C6
:103730002E407D1000004E7005E8E3000005E80013
:1037400000BF9000004E60004CD8EC300002007CBE
:10375000E80019ED8100009610000016A03FFFFF61
:10376000FF0000000003E115D1DFFFFFB002E0041D
:10377000C02E32288002E005C00C300A6002FFFF34
:10378000C009600D3002E004C006902E0002E00483
:10379000C003D07B0002FFFFC000D3C50002E005DC
:1037A000C0008BD00002E004C0003F800002E46A49
:1037B000EE304F80004EFEBBD201DAE3001520044C
:1037C000C01BA08D20000004C1CC100AE300000340
:1037D000A08000006000012345689BD70008EDCB66
:1037E000AB86532000002A000D3000E500000C508D
:1037F000098006D00000078005700D50000CFFFF07
:10380000FFFFFFFFC00C400000000005C00C40009F
:1038100000000004C0051DFFFFFFFF91300003E51D
:1038200011115E300000006D1001D800000000088A
:10383000D33D9000000000008EE900000000004A27
:10384000EBBEA4000008BEE93003AEEC80077300B5
:1038500000000047700000000B4000000000000066
:1038600008C00000000DFFFFFFFFFFFFD0000106B2
:10387000B00B600000000C66B00B6A8000004D06C3
:10388000B00B61D60002E506B00B603E3003800647
:10389000B00B600750000003500530000000DFFF50
:1038A000FFFFFFD0000003E300003E400000005E89
:1038B0004003E70000000004D99E4000000000041F
:1038C000BFFA400000057AED7228DEA7500A962064
:1038D00000000369A00012222222222100007FFFA3
:1038E000FFFFFFF700007B00000000B700007B0037
:1038F000000000B700007B00000000B700007B0064
:10390000000000B700007B00000000B700007FFF50
:10391000FFFFFFF7000012222222222100000001F7
:10392000000010000000003E4003E600000003E736
:1039300000004E8000005E90000003E90008E700F0
:103940000000003E900840000000000470022222A7
:1039500022222222201FFFFFFFFFFFFFF2000000B4
:10396000000000F300000000000000F300007FFFF3
:10397000FFF100F300007B2223F100F300007A0046
:1039800001F100F300007A0001F100F300007A0079
:1039900001F100F300007FFFFFF100F300007B2244
:1039A000222000F300006800000000F30000000087
:1039B000000000F300000000001335F200000000DA
:1039C000002EED90000000008500000000000004C3
:1039D000E30000000000001D70019000000000AB3B
:1039E0000000BB00000008C000001CA000007E43D7
:1039F00045667AF80003FFFEEDCBA99E4000420029
:103A000000000008600002222222222000002FFF76
:103A1000FFFFFFF200002F10000002F200002F1045
:103A2000000002F200002F10000002F200002F320E
:103A3000222224F200002FFFFFFFFFF200001C10E3
:103A4000000001C10000000068000000000000004C
:103A5000C700000000000001E3000000000EFFFFAF
:103A6000FFFFFFFFF002222C822222222000002EE4
:103A7000200000000000008B00000000000002E5B4
:103A80000000000000000AFFFFFFFFFC00006ED8EE
:103A90002222227C0005E4A70000005C004E50A713
:103AA0000000005C000400A70000005C000000A80B
:103AB0002222227C000000AFFFFFFFFC00000096E6
:103AC0000000004A00000000000002630000013412
:103AD000679CEFE900008EDCB98642000000890097
:103AE00000000000000089000000000000008FFFBF
:103AF000FFFFFFFFF3009A22222222222000A800CB
:103B0000000000000000B801111111110000C60FE3
:103B1000FFFFFFFF1000D50F2000002F1001F20F54
:103B20002000002F1005D00F2000002F100A900F4A
:103B30004111113F103F300FFFFFFFFF1018000C25
:103B40002000002C10009FFFFFFFFFFF10009911C5
:103B50001661113F100098000790001F1000985E3A
:103B6000EEEEE91F100098000790001F100098006B
:103B70000790001F100097BFFFFFFF2F1000A70046
:103B80000000001F1000B60EEEEEE31F1000D40F71
:103B90001000D31F1000E20F1000D31F1004D00F2D
:103BA0001000D31F1008A00FEEEEE31F101E400DF3
:103BB0001000114F003B000000009EE900000000D3
:103BC0000000000000000000000000000000EFFF07
:103BD000E02FFFFF0000E102E02E002F0000E102D5
:103BE000E02E002F0000E202E02E002F0000EFFF89
:103BF000E02FFFFF000000009A009D70002FFFFFE4
:103C0000FFFFFFFFF20111BD2115E71110001BE2BC
:103C100000006FA20018EF50000009FFB32AEFFF69
:103C2000E01FFFFF7000E202E01E002F0000E20232
:103C3000E01E002F0000EFFFE01FFFFF00009201D9
:103C4000601E0028000AFFFFFFFFFFFFA00A93335A
:103C500033333339A00A700000000008A00A700155
:103C600011111008A00A702FFFFFF008A00A702E93
:103C70000001F008A00A702E0001F008A00A702EC2
:103C80000001F008A00A702E0002F008A00A702FB0
:103C9000FFFFF008A00A700000000008A00A7000F2
:103CA00000000008A00A811111111119A00AFFFFDC
:103CB000FFFFFFFFA0086000000000079000111147
:103CC00011111111000AFFFFFFFFFFFFA00A6000A2
:103CD00001100006A00A600007A00006A00A60000C
:103CE00007900006A00A601119911106A00A69FF49
:103CF000FFFFFF96A00A60000C500006A00A6000BB
:103D00001FC10006A00A60007B7C1006A00A6002AA
:103D1000E408C106A00A602D90009B06A00A64E991
:103D200000000C56A00A603000000106A00AFFFF48
:103D3000FFFFFFFFA008500000000005800000000A
:103D400000000000000AFFFFFFFFFFFFA00A600065
:103D500004300007A00A60000A600007A00A66FF9E
:103D6000FFFFFF67A00A60000A600007A00A60BEAC
:103D7000EEEEEC07A00A60000A600007A00A6000EF
:103D80000A600007A00A6AFFFFFFFF87A00A600021
:103D90000A600967A00A60000A600C47A00A600078
:103DA0000A67DB07A00A600006400007A00AFFFFC1
:103DB000FFFFFFFFA0085000000000058008FFFF84
:103DC000FFFFFFFF9008A1111111111A9008900038
:103DD000088000099008900008800009900895FF6D
:103DE000FFFFFF799008900008800009900890007C
:103DF000088000099008904EEEEEE7099008904B7D
:103E0000000097099008904B000097099008904E89
:103E1000EEEEE70990089000000000099008A1115B
:103E20001111111A9008FFFFFFFFFFFF90077000AC
:103E30000000000770000000930000000000000276
:103E4000F200000000022228D2222222200FFFFFCF
:103E5000FFFFFFFFF000006D00001000000001E513
:103E60000006B00000000AB00006B00000007F406D
:103E70000006B0000008EE40FFFFFFFF503E5D402F
:103E80001117B11100030D400006B00000000D40F5
:103E90000006B00000000D400006B00000000D401C
:103EA0000006B00000000D4AFFFFFFFFF000061102
:103EB00011111111100028000000A30000004C0097
:103EC0000500C40000004C002F00C40000004C009E
:103ED0002F00C45CA04FFFFB2F01DEDBA0025D21A1
:103EE0002F9EE707A0004C03BFA3C407A0004C0906
:103EF000AF00C40790004C002F00C40790004C1581
:103F00002F00C40980006EE92F00C4ED303CEA2088
:103F10002F009300202920002F000000B500000092
:103F20001F300001E300000009FFFFFFA0000000B8
:103F300000011110000028000006400000003D00B4
:103F4000000A700000003D00000A700000003D0003
:103F50008FFFFFFF102FFFF9122A822F10025D2121
:103F6000000A700F10003D00000A700F10003D00A5
:103F7000000A600F10003D00FFFFFFFFF3003D153A
:103F8000222EE62220005EEA004D7A00002BFB3054
:103F900000C82E20001A300006E109B00000000021
:103FA0006E5001DA0000001AE500002EC200000980
:103FB00020000001900028000083360000004C0023
:103FC00002E22E1000004C0008A00A4000004C0045
:103FD0000DFFFFFFF04FFFFB8F413F1110025D23EC
:103FE000EF302F0000004C07AE313F1100004C01B4
:103FF0001EFFFFFF90004C000E302F0000004C030E
:104000000E313F1100004EDD0EFFFFFF9018EE70E5
:104010000E302F00004E91000E302F0000030000E4
:104020000E413F11100000000EFFFFFFF3000000E3
:104030000D300000000005500001B10000000B80B1
:104040000002F10000000E611102F10000002FFFDC
:10405000FF12F10000006D004D02F7000000AA0001
:104060007A02FE700001ED00A802F4E40008BD2011
:10407000D502F16D100D3974E002F10BA00003DAE6
:104080009002F102300000BF3002F100000000BFDA
:104090004002F100000008E8E501B10000007E40A8
:1040A0006EC62100002CE500018DFFFFF308200003
:1040B000000012333000009100000000000007D023
:1040C0000000000000003EFFFFFFFFFF6004E6006D
:1040D00000000000000E78EDDDDDDDE40002089058
:1040E000000000E4000008DCCCCCCCE40000089028
:1040F000000000E4000008EDDDDDDDE40000004E1E
:1041000020000000000003EEDDDDDDB000005EC930
:1041100000005E400003E40AB218E5000000100051
:10412000AEED20000001358DEBAED964204EDB846E
:10413000000048ACD10000000000000000000000BA
:10414000077000000000000009900000000000005F
:104150000A900000000000000B700000000000004A
:104160000C600000000FFFFFFFFFFFFFF003333381
:104170005FF53333300000006DD700000000000011
:10418000A97C000000000002E41E50000000000AAC
:10419000B008D0000000005F3001D900000003E843
:1041A00000005F7000006E90000006F8001BE70042
:1041B0000000006ED10730000000000270000360B4
:1041C00008600000000009A00A80000000000E50F6
:1041D0000A80000000005FFFFFFFFFFC0000D833F3
:1041E0003B9333320008E1000A80000000096000C0
:1041F0000B700000000222222D822222202FFFFFBE
:10420000FFFFFFFFF20000005EE40000000000007E
:10421000C97C000000000007E21E70000000007E64
:104220006004E60000002AE600006EA1001AEC30EF
:10423000000003DEA20940000000000490002900F5
:104240000001910000004C000008C000000069005F
:10425000000E500000019811006D00D3004FFFFFC9
:1042600020D4006C0000E10E09A0012D7002D02DB9
:104270005FEEFFEDE006A04B26432000A30A608816
:1042800000111111000BB1C409FFFFFF7000ADE078
:104290000970000A70000BE20970000A70002EAD70
:1042A0001970000A7000B80A4970000A701CB0004A
:1042B00009FFFFFF7008000007611118500000009F
:1042C0000000000000008FFFFFFFFFF80000122237
:1042D00022224DE6000000000003DE400000000046
:1042E000008EB2000000000008D5000000000000B1
:1042F00008A000000002222229B22222202FFFFF64
:10430000FFFFFFFFF300000008A000000000000016
:1043100008A000000000000008A00000000000004D
:1043200008A000000000000008A00000000000221B
:104330002A9000000000007EEC3000000000000029
:104340008200000000000002F200000000022227AC
:10435000D2222222200FFFFFFFFFFFFFF000004EBE
:1043600010000000000000D601111111000007D05C
:104370004FFFFFFB00003E50000007B00004EF308D
:104380000001BA00003E8F300003F00000160F3924
:10439000FFFFFFFFF4000F311114F21110000F3076
:1043A0000003F00000000F300003F00000000F30A9
:1043B0000114E00000000E3009EE90000000000043
:1043C0001C200000000000000AA00000000AFFFFFF
:1043D000FFFFFFFF900A822222222229900A70000A
:1043E00000000008900A75FFFFFFFF4890000011D1
:1043F000111111000000000000000000001FFFFF6D
:10440000FFFFFFFFF101111D611B71111000000E74
:10441000300B60000000003E100B6000100000B97F
:10442000000B6000C3002BD2000B7000E21CEB10ED
:104430000007FFFFB0052000000001110000000090
:104440000B300000000000000AA00000000AFFFF7F
:10445000FFFFFFFFA00A822222222229A00A700069
:1044600000000008A00A712222222218A00009FFE1
:10447000FFFFFFA0000000000990000000000350B3
:1044800009900000000009900991111000000C70C3
:1044900009FFFFF500002FC00990000000008BB954
:1044A000099000000003E31CDCA10000002E700056
:1044B0006BEFFFFFF2050000000123332000000036
:1044C0000B4000000000000008C000000008FFFFD3
:1044D000FFFFFFFF8008A1111121111A800890B57C
:1044E00000E400098002204E70F300022000010366
:1044F00061F2000000007D4002F10000000006E3D0
:1045000005D000000000003007B00000000DFFFFE4
:10451000FFFFFFFFE00000006E1400000000000439
:10452000E62DC5000000019E80006DC40004BEC4DD
:104530000000008E700283000000000340000000B5
:10454000074000000000000009A00000000CFFFF71
:10455000FFFFFFFFC00C400005600005C0063EEEF7
:10456000EEEEEEE3600000006F9300000000004AF2
:10457000C36CD71000005EB6000029D0001FFFFFFB
:10458000FFFFFFFFF1011111111116C110002EEEF6
:10459000EEE405C000002E0000B505C000002E00AE
:1045A00000B505C000002FEEEEE505C000002E00AE
:1045B000000006B0000002000009EE7000000000DC
:1045C0000000000000000000000000840000000067
:1045D000000000B600011111100000B6000DFFFF31
:1045E000F40000B600000000E22222C72000000311
:1045F000E4FFFFFFF5004005C00000B60003E50939
:10460000800000B600005E5D40B600B6000005EE1A
:10461000004E10B6000000BE200B60B6000004EB98
:10462000C00570B600000D80D80000B600009D00E7
:10463000460000B6000AD300000133D5000A20006E
:104640000001EEB100000000046000000000000066
:1046500008A000000000000008A00000000000000A
:1046600008A000000000052008A0034000000E5034
:1046700008A006D000004E1008A000D700008C0053
:1046800008A0007D0000C70008A0001E6004E20032
:1046900008A00009C00BA00008A00003F24E2000F3
:1046A00008A00000E601000008A000005100000082
:1046B00008A00000000000233AA000000000005EF7
:1046C000EC400000000000000000000000001000AE
:1046D000087000120000B9000980009B00002E4005
:1046E000098003E2000007D009800C600000004050
:1046F000098005000001FFFFFFFFFFFF1001F3111C
:104700001111112F1001F1000000000F1001F10E26
:10471000FFFFE00F1001F10E2003E00F1001F10E7A
:104720002002E00F1001F10E2003E00F1001F10E46
:10473000FFFFE00F1001F10E2000000F1001F10348
:104740000000123F1001F10000005EEA00000000CE
:1047500000000000000003A000005700000000D48B
:1047600000007966002FFFFFFF20791D2001111145
:104770001100790780000000000189111004FFFF7B
:10478000F79EEEEEE304B0009700A6000004B00030
:104790009700C9600004EEFEE700E990000010D326
:1047A0002002E7900000D1D3D206A7900004B0D336
:1047B000690B6790000B50D3182E1790650900D332
:1047C00000A80690760000D307D003DDD2002EC1EA
:1047D000072000000000CFFFFFFFFFFF4000C600E2
:1047E0000000000E4000C6000000000E4000CFFF99
:1047F000FFFFFFFF4000C502A00005900000C500BC
:10480000A4000D400000C5EFFFFFFFFFA000D40093
:104810007A002F100000E3007A001F100000F20061
:104820007A002F100003E6FFFFFFFFFFF206B00043
:10483000D6001F10000B8008D1001F10002E219EF3
:1048400040001F10002802A200001D100005FFFFFD
:10485000FFFFFFFF500133333BA333331000000051
:104860000A900000000000000A9000000000000014
:104870000A900000000000000A9000000000000004
:104880000A900000000000000A90000000000000F4
:104890000A900000000000000A90000000000000E4
:1048A0000A900000002FFFFFFFFFFFFFF3033333E9
:1048B0003333333330000002B00000000000000545
:1048C000D000000000000007A0000000000EFFFF65
:1048D000FFFFFFFFD002222E522222222000003EA4
:1048E000000000000000007B00000000000000C885
:1048F00022222222000003EBFFFFFFFF700009903D
:10490000000F200000002E20000F20000000BA0041
:10491000000F20000007D100000F2000004E3000E3
:10492000000F2000000404FFFFFFFFFFF200002241
:10493000222222222007FFFFFFFFFFF30001333373
:10494000333333F300000000000000F30000A80040
:10495000000000F30000A800000000F30000A80021
:10496000000000F30000AFFFFFFFFFF30000A922EB
:10497000222223F30000A800000000000000A8008D
:10498000000000001000A80000000001E200A800E4
:1049900000000003E0008B100000001AB0002CFFA4
:1049A000FFFFFFFD3000001222222210000006004F
:1049B0000450007100000D8007A007D1000005B071
:1049C00008A01C400009FFFFFFFFFFFFB0097000B7
:1049D00000000006B00972DDDDDDDD36B00212F048
:1049E00000000E41200002F000000E40000002DD39
:1049F000DEEDDD300000000006C0000000008FFF8B
:104A0000FFFFFFFB0000891117C1117B0000890027
:104A100006C0006B0000890006C0007B0000890012
:104A200006C09FE700000000059000000000029013
:104A300000000A40000001E600004F200000006D69
:104A40000000AA000001223B3223E5221008FFFFEC
:104A5000FFFFFFFFA000006B0000B7000000006B2D
:104A60000000B7000000006B0000B7000002227CCD
:104A70002222B822202FFFFFFFFFFFFFF200009944
:104A80000000B700000000D60000B700000006E1FB
:104A90000000B70000003E700000B7000006EA000A
:104AA0000000B70000096000000096000000000050
:104AB000000000000000000004C000000000000032
:104AC00000D600000001FFFFFFFFFFFFF001F3220F
:104AD000222222222001F200015000060001F243AE
:104AE00002E0003F2001F28900D4007C0001F13E89
:104AF000009800B70002F10D406B00E30003F009DD
:104B0000803E05D00003E006C01B1C600005C0020B
:104B1000A0003E000008A0000000A800000C7122C8
:104B20002223E322202F29FFFFFFFFFFF4290000AB
:104B3000000000000000000003B0000000001111A0
:104B400012E611111000EFFFFFFFFFFFF200E3007C
:104B5000620006300000E300C4000B500000E9EEE4
:104B6000FEEEEFEEE000E200C4000B500000F200A9
:104B7000C4000B500001F200CEEEEE500002F10036
:104B8000000000000002E2FFFFFFFFF90004D00474
:104B9000D20006D10007A0007D418D30000B7000CF
:104BA00008FED200002E258AED86CEB86128068543
:104BB00020000269A000000003B000000000000017
:104BC00001E600000001FFFFFFFFFFFFF201F00020
:104BD00000A700000001F0ADDDEEDDDA0001F0001D
:104BE00000A7005B0001F8DDDDEEDDEFF502E0007F
:104BF00000A7005B0003D00000A7005B0003D0CD3E
:104C0000DDEEDDDA0004C0A400AB00191006B03DF3
:104C100070AE84D7000880029CE8AE20000C539E42
:104C200092A70AD5002E1A8200B7003AE239000195
:104C3000EED300001008FFFFFFFFFFFFA001226D71
:104C40002222AA221000004D000099000000004D11
:104C5000000099000000004D000099000000004D88
:104C600000009900002FFFFFFFFFFFFFF202228CE0
:104C70002222AA222000009900009900000000D6FC
:104C800000009900000003E10000990000000CA062
:104C90000000990000009E1000009900000AE40046
:104CA0000000990000073000000077000000BFFFFF
:104CB000FFFFFFF30000B600000000D30000B600C5
:104CC000000000D30000BFFFFFFFFFF30000B600AD
:104CD000000000034000A90000000009A0004DFFF3
:104CE000FFFFFFFD3000000111111100000000C5A1
:104CF00000008900000111C611119911102FFFFF4A
:104D0000FFFFFFFFF30003E00000890000001C80AC
:104D1000000089000005DA00000089000009600039
:104D200000007700000000000B20000000000000E1
:104D300009A00000001FFFFFFFFFFFFFF101111A94
:104D4000C21271111000008C1001CA00000009C1CC
:104D500001224EB00000AFEEFFFEDCDA000034327C
:104D60001000001A1000007A0000B6000001118B3C
:104D70001111C711102FFFFFFFFFFFFFF20000A767
:104D80000000B600000002E30000B60000002DA005
:104D90000000B6000018EA000000B600000940005C
:104DA0000000950000000000000B337000000000C0
:104DB000000E51BB00000000000D5008201FFFFF37
:104DC000FFFFFFFFF2022222222C8222200000009D
:104DD00000098000000000000008A0000008FFFF9C
:104DE000FF76B000000122B92215D000000000A714
:104DF0000002F100000000A70000E400000000A78E
:104E00000000B800400000A704707D00A60015CE89
:104E1000EEB01E40B40CFEB7300008D5E1043000FF
:104E20000000009E90000000087000000000B60026
:104E30000A90007D00005E100A9000D600000B80F2
:104E40000A9007C0000004D00A900E400000000045
:104E50000A9001000000CFFFFFFFFFFD0000233399
:104E60003333337D000000000000005D00000000CF
:104E70000000005D00004FFFFFFFFFFD0000022269
:104E80002222226D000000000000005D00002222AE
:104E90002222227D0002FFFFFFFFFFFD0000000035
:104EA0000000004A000004A00003B00000003E50D3
:104EB0000004D0000005E700CFFFFFFF801F702037
:104EC0001115D111000502E30004D00000000BB160
:104ED0001115D11110005F3BFFFFFFFFF504EF102C
:104EE000000000F2004E8F10111112F310270F185E
:104EF000FFFFFFFFF4000F10030000F200000F108F
:104F00001E4000F200000F1006D000F200000F104B
:104F100000C500F200000F10001013F100000F1088
:104F20000004EEA0000000000000000000002A00C5
:104F30000005400000003D000005E20000003D00CB
:104F40000000A90000033D9122224322200C4D873E
:104F5000FFFFFFFFF50E3D3C07A00000002C3D07C2
:104F600007A0000000683D0007A0000000013D0010
:104F700007A0000000003D0007A0000000003D0069
:104F800007A0000000003D0007A0000000003D0059
:104F900007A0000000003D0007B0000000003D0039
:104FA00007FFFFFFE0002C000000000000003B00B6
:104FB0000008500000004D00000A700000004D0085
:104FC000111B811100065DC1CFFFFFFF000D5D8742
:104FD000000A701F000E4D2D000A701F003B4D038C
:104FE000000B601F00684D00000B601F00004D0AA1
:104FF000FFFFFFFFF6004D01223FE42221004D009C
:10500000005DB70000004D0000C74E1000004D00CD
:1050100006D10BB000004D005E4002EA00004D09D1
:10502000E600003ED3003B09300000029100000082
:1050300007800000000000000A700000000111114C
:105040001D711111101FFFFFFFFFFFFFF200000095
:105050007CA9000000000001D62E40000000000BDB
:10506000A006E300000004DB9C207E800007CE70D9
:1050700007E404DE910960001641000570006375C5
:105080000BA000A40000D3A700C8006C0003E0A799
:105090000026074D400B80A800001C58A008105E99
:1050A000FFFFFC027000000011111000000000530F
:1050B000000027000000007D00009B000000000DA4
:1050C0006001E300000001188119B11000000FFF1A
:1050D000FFFFFFF100000F30000003F100000F3070
:1050E000000003F100000F52222224F100000FFF04
:1050F000FFFFFFF100000000190000000000002386
:105100000BC100420000D27B00BB007C0004E07BAE
:10511000001A100C600A907B00000735D01E207C1E
:1051200011112C50B101002CEFFFEC1000004900D0
:1051300000B1000000005B0001F0000000005B0017
:1051400013E1111110036BB7FFFFFFFFF10A8BA4EE
:1051500006A00410000C7B6809700C30000E5B2464
:105160000C462D22704A5B001E0C1E1680015B004F
:105170006B1D1E0A40005B00C6684C1D00005B03EF
:10518000E0428E3500005B0C8000CD8000005B5D4E
:105190000007C2D000005B02003E409A00005B00A6
:1051A00008E7000BB1004900094000007000000052
:1051B00009700000000000000E40000000000DEE2D
:1051C000EEEEEED000000D30000004D000000DDD4A
:1051D000DDDDDED000000D30000004D000000DED5C
:1051E000DDDDDED000000D30000004D000000D3009
:1051F000000004D000000DEEEEEEEEC00000000056
:105200001C3000010000B2C504E3008B0004C0C5DF
:105210000066072D600D50C700002E26D006007EC8
:10522000FFFFFB00100000001111100000008700BC
:10523000000560000000870000089000000087095A
:10524000EEEEEEEEB0028A7000089000000E88D4F8
:10525000DDDEEDDD600D877200089000003B871EEB
:10526000EEEEEEEEE468870000000000002287000A
:10527000EEEEEEEF00008700E100001F0000870067
:10528000EEDDDDDF00008700E100001F0000870089
:10529000EDDDDDDF00008700E100001F000087007A
:1052A000E100002F00006600E1000EEA00000000AF
:1052B0000000000000000000003B0820000000008B
:1052C000003E07E700000000003F002B1000EFFF4A
:1052D000FFFFFFFFF300E622223F32222000E4001E
:1052E000000F20010000E511100E403E1000EFFFFE
:1052F000F50C608A0000E400C50991E40000F300A9
:10530000C406C8B00001F200D402EE200003F00190
:10531000E202E8007106D2FFB01DEC00B40A901161
:1053200001CC2F40D21E40002DD20AD6E03C000016
:105330004B1001AE700000000000000000000000F3
:10534000001B154000000000002F14DA10000000C0
:10535000001F201A300DFFFFFFFFFFFFE002222297
:10536000222E622220000000000D50030000FFFFEB
:10537000F80B602E2000F100980A807B0000F100FD
:105380009808A0D50000F2009805D7C00000FFFFE4
:10539000F802FE40000000000000EA0020000026A5
:1053A0009C19FB00B407BEFD969E6E20C30A8510B3
:1053B0002CD30AC5E00000004A1001AE80000000B6
:1053C00000078000000000000008A00000000000AE
:1053D0000008A00000033333333AB333300EFFFF2D
:1053E000FFFFFFFFF000000002EDA0000000000042
:1053F0000CA8A000000000009D18A00000000007FD
:10540000E308A0000000007E4008A000000009E5BD
:105410000008A0000002BE400008A000002EC2004C
:105420000008A000000400000009A0000000000027
:105430006EEF6000000000000331000000002B0050
:105440000077000000003E000098000000003E00D1
:105450000088000000014E1111991110003FFFF962
:10546000FFFFFFF300003E00009700F200003E0047
:1054700000A600F200003E0141B400F200005EDB35
:105480008EE300F2004DFE6104FB20F100264E0089
:1054900006C9E5F100003E000C6065E200003E0038
:1054A0002E1000D220003E00C90000C495015E1BF2
:1054B000D1000089C30BE83B1000002DB0000000B4
:1054C0000000000000000C100000000000000F10A1
:1054D0004FFFFFFFC0000F104E222222204FFFFF80
:1054E0004E00000000012F314E00000000000F10A0
:1054F0004FFFFFFF00000F104E22223F00000F124F
:105500004E00001F00003FDF6E00001F003CFF82C6
:105510004E11113F00273F104FFFFFFF00000F10FB
:105520004E00000000000F104E00000000000F10A1
:105530004E00000000012F104FFFFFFFF30CEB00A7
:1055400002222222200038000000000400004B004C
:105550007900003F00004B007986003E00016B108F
:10556000794D004D004FFFF4790C505C00004B006A
:105570007906B06B00004B007902E18900004B0016
:10558000790050B700006DC5790000D5004DFD5081
:10559000790001F600366B00790987EC00004B00BA
:1055A0007BCB1D8E40004B00AF904E18A0004B01EE
:1055B000E602D803E1016B00301DB000D60DE60015
:1055C000001A100031002C000000000000002F0025
:1055D000AFFFFFFF40002F0006B1117D00013F111A
:1055E00000D502E4003FFFFD003E6D6000002F008B
:1055F000000AFC1000002F0027EA4AE830002F15AF
:10560000D9306039E4017FEA0001F100004FDF206A
:105610004FFFFFFF20022F000112F21100002F00A8
:105620001112F21110002F02FFFFFFFFF4002F00F4
:105630000001F10000014E000001F100000BE90043
:105640000001F100000000000000100000003A001E
:105650000000C20000003C000000E20000003C002E
:105660005FFFFFFF80015C100111E311004FFFF8A5
:105670000000E20000003C001111E31110003C03A7
:10568000FFFFFFFFF5003C01000000D400007EE7B3
:10569000111111D5105EED40FFFFFFFFF3244C0008
:1056A000021000D400003C0008B000D400003C0010
:1056B00000D500D400003C00006A00D400015C006A
:1056C000000022D3000CE7000000DEB10000000063
:1056D0000000000000002C000004B00000002E00BC
:1056E0000001E20000002E00DFFFFFFFF1014E117C
:1056F000D4121111F14FFFFAD30C7000F1002E00FB
:10570000721E200081002E00116D111110002E0458
:10571000FFFFFFFFF5002E7B02E200B70027CFC698
:1057200009A000E3005C9E001E7005D000002E0062
:1057300007EA2D6000002E00001AFE0000002E0077
:10574000001BDDC300014E0049EA119E600DE90017
:10575000C8300005B0000000000000000000380064
:105760000066000000005B0001E6000000005B0036
:1057700009FFFFF500016C11AE300A80003FFFF910
:10578000EEEEEFEE10005B008903E01F10005B00FF
:105790007903E01F10005B007903D01F10005DA5A6
:1057A0007904C01F102AEE927906B02F10299B0AA7
:1057B000FFFFFFFFF3005B00001ED50000005B0051
:1057C00000B93E2000005B000AC006C100027B0554
:1057D000DA00008E600BE63C50000004C2000000BE
:1057E00000000000000039000000000000004B0035
:1057F000AFFFFFFFB0004B00A7000005B0016C1029
:10580000A7000005B04FFFF8AFFFFFFFB0004B004F
:10581000A7006B0000004B00A7005B0000004C4499
:10582000AFFFFFFFF416BFC5B5006B00005CAB0017
:10583000D3005B0000004B00E5FFFFFFC0004B03FF
:10584000E4C00004C0004B07B3B00004C0004B0C20
:1058500073B00004C0016B4E13FEEEEEC00DE615F2
:1058600003900002800000000000000000004800DB
:105870000013468B30006B00DDCB975200006B00AD
:105880001204700320017B106A03C00C606FFFF6E6
:105890001E10E13C00006B00071030B500006B04E7
:1058A000FFFFFFFFF1006B04B0000000E1006DA9F5
:1058B00070000000914BED717FFFFFFD00378B0002
:1058C000097000A700006B0002E205D100006B0028
:1058D000006D7E2000006B00003DF90000017A029F
:1058E0006BE74CD7300ED609A6100059D100000046
:1058F00000000000000057000006300000006A00B1
:105900000006C00000006A00DFFFFFFFC0017A1040
:1059100004400072005FFFF405C002E100006A006D
:1059200000A30B6000006A06FFFFFFFFF3006A1090
:10593000000B100000019EE3006C0000006EEC39CB
:10594000FFFFFFFFF6236A0008B000E300006A00D3
:105950002E4005D000006A003BEA5E5000006A005D
:10596000002CFE400001890137CD68EB200DD509E0
:10597000C95000199000000000000000000048001D
:105980000004800000005B000001E20000005B02F8
:10599000FFFFFFFFF3016B12E0000000D34FFFF8A1
:1059A000E0480630C3005B0001D505E300005B0062
:1059B0001C90006D20005B00CA000008A0005CA5E0
:1059C00041000001103AED715FFFFFFF40498B007D
:1059D0000003F00000005B000003F00000005B002B
:1059E0000003F00000005B000003F00000017A0AF1
:1059F000FFFFFFFFF60EE60011111111100000006D
:105A000000000000000037000000000000005B0004
:105A10007EDDDDDF20005B007900000F205FFFF7F7
:105A20007ECCCCCF20016B107900000F20005B00F2
:105A30007EDDDDDF20005B000000000000005B0079
:105A40000000000000005C98FFFFFFFFF03AEE82CC
:105A50000103D00000498B003D03D00000005B0033
:105A60007A03FFFF30005B00CE23D00000005B080C
:105A7000C2D9D00000017A4E2029DFFFF50EE602E0
:105A8000000000111000000000000000000069008C
:105A90000000000000007A0009EDDDE300007A005C
:105AA000096000D3003FFFF209EDDDE300018A1039
:105AB0000000000000007A03DDDA3DDDB0007A036B
:105AC000A02B4A02C0007A64A02B4A02C003BFC5C3
:105AD000EDDB4EDDC05FEA000004C00000287A0064
:105AE0000004C00000007A07FFFFFFFFF3007A0008
:105AF000009EED3000007A002BA5C4D50000792A65
:105B0000E704C03CC20AE5181004C00060000000B1
:105B100000000000000000000004400000022222FB
:105B2000200A7000000BFFFFD00D400000000004B1
:105B3000D03F311110000004D08FFFFFF3000004AC
:105B4000D1EA003E0008FFFFD9BE007B0008A22278
:105B50003D2B40B7000890000007A2E2000890002B
:105B60000001E9B0000890000000AF500008900567
:105B7000A000AF300009B8EE8007EBD1000DFC604B
:105B8000008E50CC200940001CE5001CE300000002
:105B900009200000700005600004A000000005D08E
:105BA0000008A000000000A1000C7000004FFFFFE3
:105BB000FB1FFFFFF5017B11116E213F30006B00D1
:105BC00000CF304D00006FFFF6EB607A00006B12E3
:105BD000FA8590A700007A01F101E1E30000790164
:105BE000F000BAC000009702E0007F700000C5031B
:105BF000E0006F400001E103D002EEC00007B005F5
:105C0000C01CB1D8001E5008A4DC104EA05A05FEDE
:105C10005C800003C300000000000000000004904E
:105C200000076000000005C0000C5000000005C027
:105C3000000E1000000116C1114FFFFFF54FFFFFCE
:105C4000FA9A223F300005C001EC004E000005C06A
:105C500008DE007B000116C13E4D30A70009FFFFA2
:105C6000F40981E300097001F005E6C00009700144
:105C7000F000DE6000097001F0009E100009711252
:105C8000F005EE900009FFFFF16E53E80009700087
:105C90004CD4004EC20100003810000191000550A4
:105CA00000009400000005D00000E200000111C4D3
:105CB0001103E000001FFFFFFF37FFFFF300330277
:105CC000300B611D5000C503D12E301E1005D000D1
:105CD000898F704C001E40076AE9B07900177A0E70
:105CE0003051E1C500000CCC0000A8E0000001E943
:105CF00000005F80000007DE40004F6000003E377C
:105D0000D001DCE20004E700B32CA0AC102E700040
:105D100006EA001CD202000006600000800220B2E9
:105D2000050090000003C0D38903E000000091D378
:105D30009006C000003EEEFEEE79A11110000AFDB3
:105D4000300DFFFFF2008CD6D73F702E001AD1D352
:105D5000289CB05B001A107101E3E18800000790F5
:105D60000060B5C4000DFFFFFB007CD000007A008E
:105D7000B6001E800001E906D0003E9000003ADE29
:105D80003001D9E4000008ECC12CA06D3018DB1004
:105D900055EA0008E3072000056000005002100AE1
:105DA000100000178009670D27227BEC60096A3D0F
:105DB0002D0DA5100009666D780D30000009611DDC
:105DC000410D300000098FFFFF7D41111009604F28
:105DD000600DFFFFF50960AFD20D306A000963CD99
:105DE0006C0E206A00096C5D292F106A0009AA0D4B
:105DF000201F006A0009610D202E006A000960065C
:105E0000105C006A0009FFFFFFA9006A0000111181
:105E100011D4006A000000000080005800000480D7
:105E200000000005000001E200047AED500FFFFFC2
:105E3000FF3E85200000A101B02E00000000A50556
:105E4000B02E00000000550A602E0000003FFFFF4A
:105E5000FF6FFFFFF40000E1002E1199100000E237
:105E6000003D0098003FFFFFFF5C0098000040E20B
:105E7000405B00980004C0E2C36A0098000C40E157
:105E80005AA70098000500E103E2009800003EC018
:105E900006A0009800000000001000660002FFFF4E
:105EA000FFFFFFFF400022222D622222000000009F
:105EB0000E300000000000000F2000000000000075
:105EC0001F100000002FFFFFFFFFFFFFF302222241
:105ED0008BC7222220000000B6C60000000000028E
:105EE000E2C600000000000AA0C600000000004F4B
:105EF00030C60000710004E700C60000D4007E90A8
:105F000000C80002E22DE600007FFFFFB00610008F
:105F100000012222000000000000007400001111A6
:105F2000000000B6000AFFFF400000B6000A600C47
:105F3000422222C8210A600C4EFFFFFFF50A600CC6
:105F4000400000B6000A700C402000B6000AFFFFB7
:105F500042E200B6000A600C409B00B6000A600CEA
:105F6000401D50B6000A600C4006C0B6000A711C05
:105F7000400010B6000AFFFF400000B6000A6000B3
:105F8000000000B600042000000323D5000000003C
:105F9000000BEEB100003EEEEEEEEEE400003D0040
:105FA000000000D400003D00000000D400003EEEE0
:105FB000EEEEEEE400003D00000000D400003D00E5
:105FC000000000D400003EEEEEEEEEE40000000221
:105FD0004004100000007105B00D40190000890553
:105FE000B00D40A900000D35B00D45D0000006658C
:105FF000B00D4A2000022226C22D5222205FFFFF50
:10600000FFFFFFFFF5002ECCCCCCCCE300002E0030
:10601000000000E300002ECCCCCCCCE300002E002E
:10602000000000E300002CCCCCCCCCC3000000006E
:1060300000000000003FFFFFFFFFFFFFF200A6008F
:10604000A70000000000AEDDE7DFFFFF7000A60044
:10605000A71E200D2000AEDDE708B08A0000A600D4
:10606000A700DAD10004CBACEE408F90002EC975AA
:10607000B74BC5CC6000000097A60006B100000039
:10608000B300000000000004E0000000000FFFFF6C
:10609000FFFFFFFFF001113F411111111000007DC2
:1060A00000000000000000D811111110000007FFCF
:1060B000FFFFFFF200003EF3000000F20001D9D420
:1060C000000000F2001DA0DFFFFFFFF2000300D37D
:1060D000000000F2000000DFFFFFFFF2000000D42C
:1060E000000001F2000000D3000000F2000000D325
:1060F000000112F1000000D30007EEA00000000034
:10610000000000000000C400C40000000000C40043
:10611000C40AFFFFC000C400C50A6115C02FFFFFFD
:10612000FF7A5004C000C400C40A6005C000CEEE6F
:10613000E40AFFFFC000C400C40A5004C000C40049
:10614000C40B5004C000CEEEF40B6115C000C400B7
:10615000C40CFFFFC000C400C50D3004C06FFFFFBA
:10616000FF7E1004C0003604202E0004C000C706C5
:10617000C05B0004C008D000B7B70127C01C2000D6
:1061800022C104ED600000000000000000000000DB
:1061900007700000000000000990000000000000EF
:1061A000099000000000DFFFFFFFFFFE0000222239
:1061B0002AA2222200000000099000000000000036
:1061C00009900000000FFFFFFFFFFFFFF0022222F7
:1061D000AFFA222220000004ECBE40000000003E86
:1061E0004994E300000004E609906E4000007E70D0
:1061F000099007E7002CE5000990006EC209200015
:1062000009900002900000000870000000000000EB
:10621000077000000000000009900000000000006E
:1062200009900000000233333AA33333300EFFFFEE
:10623000FFFFFFFFE0000005C99D40000000000DCA
:106240005997C0000000007D0990D600000002E4CC
:1062500009905E2000001D9009900AC10001CB004A
:10626000099000CC202DC7FFFFFFFF6CE207013330
:106270003AA3331060000000099000000000000005
:106280000990000000000000077000000000068078
:10629000000000000000079000FFFFF400000790DE
:1062A00000F322D4000228A220F100C4002FFFFF37
:1062B000F0F100C400000C9000F100C400002FA019
:1062C00000F100C400007EF500F100C40000CABD6A
:1062D00031F000C40004B796D3E000C4000B67900F
:1062E00044C000C4005D079008A000C411240790BA
:1062F0000C5000C4490007903E0000C449000790BC
:10630000C80000C678000792C000007ED3000000DD
:10631000000000000000076000000000000009808D
:1063200002222222100009803FFFFFFFC0011991C5
:1063300018800007A03FFFFFA5B0000B70001E8073
:1063400002E0000E30006FE300D4004D0000BDBD40
:10635000209800990001D987C03E12E20008998078
:10636000A00B7AB0001E39800004EE20008B09805B
:106370000001EC0000220980001CBD900000098093
:1063800003DB03E9000009809E90003DC200076026
:1063900073000001A1000000077000000000000071
:1063A00009800000000BFFFFFFFFFFFFC00122225A
:1063B0002A92222210000000098000000000AFFF96
:1063C000FFFFFFFB0000A7111A91117B0000A7003F
:1063D0000980007B0000A7000990007B0000AFFF50
:1063E000FFFFFFFB00000000BFEB00000000001BF0
:1063F000AA9AB100000003D909809D4000029E7056
:10640000098007EA301EA2000980002AE20100008C
:1064100007700000100009400010013000000C500F
:10642000008B05C000000C5000C701F100011C6189
:1064300001F200C7003FFFFF56D0006D00001E5064
:106440000D70100D70005FC07E15E006E100AED843
:106450007509B0008000DC6E200E600000068C58CC
:10646000303E1000000D3C50009A01D1005B0C50F2
:1064700001E300A800020C5007C0003E10000C50C1
:106480001EA79BCF60000C505FDB9758C0000A40EE
:106490000100000120007FFFFFFFFFF800007B00EC
:1064A000099000B800007B00099000B800007FFF51
:1064B000FFFFFFF800007B00099000B800007B00A0
:1064C000099000B800007FFFFFFFFFF80000000008
:1064D00009900000000FFFFFFFFFFFFFF001111305
:1064E000DEDE41111000002D7996E400000006E781
:1064F00009905E800005DE50099003DE702EA10039
:1065000009900008D100000007700000000006603C
:10651000000000000000097000000000001FFFFFE5
:10652000FB0FFFFF80011E417A0F100980003E0023
:10653000790F100980008B00970F10098002E4008A
:10654000C50FFFFF802D709FC64111110002000092
:1065500009800000000FFFFFFFFFFFFFC0011112C5
:10656000DEEC11110000001C899AA000000003D885
:106570000980AC3000019E80098009E9202EC4000A
:106580000980004CE10300000770000010000000CB
:10659000087000000000000009800000001FFFFFDD
:1065A000FFFFFFFFF1000006EBBE50000000004EB1
:1065B0006987E400000003E809808E4000007E80C7
:1065C000098008E8102CE5000330004DE20717EDC4
:1065D000DDDDDE60500007A000000B60000007EC6E
:1065E000CCCCCE60000007A000000B60000007ECE0
:1065F000CCCCCE600000000000000000000CFFFFCB
:10660000FFFFFFFFD0011111111111111000074000
:106610000000000000000B600111111100000B6070
:1066200008FFFFFF60011C7100000000003FFFFF3A
:106630007000000000002F600111111110007FD1C7
:106640003FFFFFFFF400CEBB0000C5000002CB6B94
:106650006000C50000097B6215B0C55B003E1B6091
:106660000970C51E20670B600E20C50A80000B60F4
:106670007C00C505C0000B60E400C501E2000B60B2
:106680003023D50040000B6000AEC10000000000C8
:106690000000000000000A20001A100000000E2078
:1066A000000F2C5000000E20000F23E300011E41BC
:1066B000000E2065100FFFFE146ECEED40002F304F
:1066C0006DAD830000007FA0000A70001000CFC5F0
:1066D0000009B8BEC002CE5D4ADFE96310087E2320
:1066E0003744E006C01E1E200000E34E30390E2065
:1066F0000000ABE500000E200000AF4061000E205E
:10670000006DBE50A3000E218ED507D4D1000E20FF
:106710008400008E90000A200006600000000D201A
:106720000003E10000000D201111B51110011E4100
:106730009FFFFFFFF20FFFFF0041015000004F30AD
:1067400002E302D500008FA00B80003E3000CED3C4
:10675000AD600078D001BD6B62E203E140076D28B7
:10676000009909A0000D1D20002E6E3000590D204B
:106770000007F90000120D20000AEC2000000D2097
:1067800001BC2AE500000D207EA0008EC2000B2077
:106790009400000280000B000520000910001F106B
:1067A00009A0004E00001F1002E200A800012F21E6
:1067B00001A413E3101FFFFB9FFFFFFFC0003F106A
:1067C0000000F20000008FA00000F2000000CFB532
:1067D0001FFFFFFF4002CF4C0111F41100087F1290
:1067E0000000F200001E2F101112F41110591F1397
:1067F000FFFFFFFFF2021F100000F20000001F1059
:106800000000F20000001F100000F20000000C0069
:106810000000C200000009400000000000000B5012
:106820001FFFFFFF00000B501F00002F00011B6126
:106830002F00002F003FFFFF5FFFFFFF00001E60E3
:106840001F10002F00006FD11F00002F0000BD9B04
:106850002FFFFFFF0002BB5A2F14D00110096B500D
:106860001F00D31BA03E1B501F009ADA00270B50BD
:106870001F002E8000000B501F0009C000000B50AD
:106880002F2590CB10000B505FFC802CE2000940BC
:106890003720000060001A000003900000002E0066
:1068A000000AD00000002E00004EC80000013E117A
:1068B00001D51D60003FFFF90C9003E700005E0169
:1068C000BB10004E9000AF6CA8FFFFD2D300EEC308
:1068D000000000000003CE782205500730097E0238
:1068E0006904A00E102D2E001D02D05A00472E0064
:1068F0000D20E0C300002E00062014B000002E0082
:1069000000000B5000002E07FFFFFFFFF0001B00F0
:106910000000000000003E000092039000003E00D6
:1069200000D304D000003E03FFFFFFFFF1014E1033
:1069300000B303B0003FFFF87DDDDDDD30005E1009
:106940008800000D40009E908EDDDDDE4000DEB24E
:106950008800000D4003DE688800000D40098E1697
:106960007DDEEDDD302E4E000006B00000483E0812
:10697000FFFFFFFFF1003E00003E7C1000003E00E4
:1069800003D809B100003E05AE70009E91002B07B0
:106990007200000290000000094000000005200085
:1069A0001F4000000009E7005E00000000004E707C
:1069B0009FFFFFFFA0000210E622222B80000006AE
:1069C000D00D500E3000001D700E505D00000019FB
:1069D000000E607600000580002F900000000D7012
:1069E000006EE00000008D0000BAC5000002E50066
:1069F00004F36D00000CB0002D900C90001B2003E0
:106A0000DB0003E90000007EA000004ED2000085FC
:106A1000000000017000000000B200000000000053
:106A200000F300000000000000F300000000000080
:106A300000F3000000000E3000F3000000000F30F3
:106A400000F3000000000F3000FFFFFF70000F3068
:106A500000F5333310000F3000F3000000000F305A
:106A600000F3000000000F3000F3000000000F30C2
:106A700000F3000000000F3000F3000000022F526E
:106A800022F52222203FFFFFFFFFFFFFF20122221B
:106A9000222222221008FFFFFFFFFFFFA0000000BC
:106AA00003F000000000000003F0000000000300FD
:106AB00003F0000000000F3003F0000000000F3072
:106AC00003FFFFFF00000F3003F2222200000F300F
:106AD00003F0000000000F3003F0000000000F3052
:106AE00003F0000000000F3003F0000000022F52FE
:106AF00025F22222202FFFFFFFFFFFFFF3000000FF
:106B000005A000000000044006C00000000009804D
:106B100006FFFFF70000098006C111100000098080
:106B200006C00000000FFFFFFFFFFFFFE002222270
:106B300029B22222200000B708A00085000006E14B
:106B400008A004E300004E5008A00D800004E700F8
:106B500008A1CD000001600006BDB10000000000EA
:106B60003AEA00000000026BFB400000000AEFEA76
:106B70003000000000076200000000000000001864
:106B80006000000000005AEB605FFFF00001F510AC
:106B9000005A00F00001F000007900F00001FFFF52
:106BA00090B700F00001F11104E200E20001F000F2
:106BB0000E8000AEE301F111040000000001FFFFB0
:106BC00097FFFFFE0001F00000B3007A0001F00023
:106BD000105B00D50016FACED00C68B0005DF852FC
:106BE0000002EE200001F000001AEE910001F0001A
:106BF00039EB12CE9101800049300004800000A3DF
:106C000000000000000005E21111111100000DFF4D
:106C1000FFFFFFFFB0006D00000000000002E50074
:106C200000000000001D97FFFFFFFFF30007098031
:106C3000681000F200000A6019D300F100011C5036
:106C4000007801F2104FFFFFFFFFFFFFF5001F105C
:106C5000B50002E000003E003C9003E000006C0044
:106C600001B505D000008FFFFFFFFFFFB00000005F
:106C700000000A8000000000001DEC200000000061
:106C8000076054000000000009805DA100000000C2
:106C9000098001A6000EFFFFFFFFFFFFF002222286
:106CA0002AB222222000820009E1002B10008D1060
:106CB00009F700CA00000AB009DD0BC0000001D3CB
:106CC000099CCC10000000105E84F3000000002B33
:106CD000DC80AC00000008EA19801DB00005DD5022
:106CE000098002DC201E91000980002CE3010013C2
:106CF0003B8000005000003EEC20000000025000ED
:106D0000000000018004DB2DDDDD5231C0000A4EA1
:106D100000085491C000000E09085491C000000EF4
:106D20000D085491C02D500E0D085491C006E90E67
:106D30000D085491C000240E0D085491C000000E9F
:106D40000D085491C000010E0D085491C0003D0E75
:106D50000D085491C000890E1D085491C000D40044
:106D600059200011C004D000C4C40001C00B801B16
:106D7000802D2002C0082086000561EE8000000002
:106D800000000000000150001004A0011003DB12FD
:106D9000E205C008B0001B909A05C01E300000003C
:106DA0002E15C099000000000305C011002D6000E1
:106DB000EFFFFFFF4004DB00E522222D400017001B
:106DC000E300000C40000000EFFFFFFF4000043034
:106DD000E400000C40000B70E300000C40002E109B
:106DE000EFFFFFFF40009A00E400000C4001E300C9
:106DF000E300000C4008C000E300011D4006400015
:106E0000E3000EEC10000000100000000002500033
:106E1000000730000004DB10000B500000001B3C9A
:106E2000EEEEEEEE80000000000B500000000006C9
:106E3000DDDEEDDD202B2000000B5000001AE57E8A
:106E4000EEEEEEEEE200790000000000000000032C
:106E5000EEEEEEEC00000303D000004C00000D430A
:106E6000EDDDDDEC00005D03D000004C0000C6034A
:106E7000EDDDDDEC0005E103D000004C000B8003EC
:106E8000D000005C00022003D0003EE700000000BC
:106E90000000000000005000000000000002CD4093
:106EA000FFFFFFFB000008D0F100006B00000010A6
:106EB000F100006B00000000FEEEEEEB001A600037
:106EC000F100006B0002AD00FFFFFFFB00000300BC
:106ED0000000000000000000000000000000033877
:106EE000FFFFFFFF40000A8880D0580C40003E188A
:106EF00080D0580C4000B80880D0580C4005E108FC
:106F000080D0580C400B70DFFFFFFFFFF500001131
:106F10001111111110015000000000000003DB18D6
:106F2000FFFFFFFFF3001A789111751110000008A0
:106F30008000D5000000000886DDFEDD802D3008D1
:106F400087800007900AE509878000079000690A9A
:106F500077EDDDDE9000000B778000079000040CD9
:106F600057EDDDDE90001E2D3000970000006B2EE7
:106F700002C0972D0000C65C0990970B8004E0B812
:106F80003E109704E10B83E177009700920724807D
:106F9000005FD400000000000000000000000000BE
:106FA00008500000000000000A700000000000000F
:106FB0000AFFFFFF800000000A822222100000006A
:106FC0000A70000000005FFFFFFFFFF500005C2279
:106FD000222222D500005B00000000C500005B00FB
:106FE000000000C500005C11111111C500005FFF19
:106FF000FFFFFFF5000000000000000000006A0431
:10700000501A00A70000D506B00C503E300AB0045C
:10701000D007B008B019100280027001800000652E
:1070200000910000000000E500C70000000008D04B
:10703000007C000000003EFFFFFFFFFFB002DF20EA
:1070400000880000003E8FEEEEEEEEEA00070F2013
:107050000088000000000F200088000000000FEEF4
:10706000EEEEEEEC00000F200088000000000FFFA5
:10707000FFFFFFFF80000A200000001100008A05CA
:10708000701C10A90000E405B00C602E4009B0048B
:10709000D007A007C0082002700360019100000023
:1070A000000000000007FFFF4FFFFFFFB007900E3A
:1070B00020098007A007900E200D40088007900E41
:1070C00020AC000B6007FFFF6CC10BEC2007900E9B
:1070D000340000000007900E2AFFFFFF4007900ECB
:1070E0002A60000C4007911E2A60000C4007FFFF39
:1070F0002AFFFFFF400680000000000100008A0513
:10710000600C209A0001E406B00B701E500AA00427
:10711000C006B007C01A100280028001A1000570ED
:1071200000650000000556A000C50000000966A02B
:1071300002E10000000B67A207FFFFFFF20DFFFF57
:107140005D55B1D4F22E06A06C0961E1F16A06A189
:10715000E40E15A1F00206A0406A0972E00006C91B
:1071600080C50E23D015AEE826D04C04C04E99A0A1
:107170002E40A705B00006A0B903E107A00006A0B5
:10718000100B7009800006A0006D000B600006A0C7
:1071900005E3124E200006A008503FE90000001051
:1071A00000000000000000C100067010000000F1A7
:1071B000000890D5000700F10008904E100B90F1E8
:1071C000000890096001E5F100089000000066F6F3
:1071D000FFFFFFFFF30000F2222BD222200001F17B
:1071E000000DF10000000BF1000ED5000000BCF115
:1071F000005E6B00001CB1F100991E20003C10F1F4
:1072000002E30990000000F10AB002E4000000F17E
:107210006E20008D200000F7E600000BE30000B5B3
:1072200060000000711FFFFF3FFFFFFF10011E41C4
:107230001F10002F10000E201F01801F10000E20B5
:107240001F01E01F10000E201F01E01F100DFFFCAA
:107250001F01E01F10011E411F02D01F10000E2051
:107260001F04C01F10000E201B07B01B10000E20B3
:10727000000CEA0000001EBE505E8A00302BED8339
:1072800001E86A00B31720002DA06A00D1000005B4
:10729000E9003DDDA000000150000000003FFFFAC2
:1072A0007FFFFFFFA0015D117900E207A0004C0005
:1072B0007900E106A0004C007EEEFEEEA0004C003E
:1072C0007900E106A01FFFF77900E106A0015D103B
:1072D0007900E107A0004C007FFFFFFFA0004C00F9
:1072E0000000F30000004C000111F31110004D45A7
:1072F000AFFFFFFFD016DFD70000F300004B720096
:107300000000F3000000000DFFFFFFFFF700000189
:10731000111111111000014006700000000007C09B
:107320000890000000000C800890000000002F5220
:1073300029A2222200008FFFFFFFFFFF6001E5006E
:1073400008900000000AC00008900000000820001B
:10735000089000000000022229A2222100005FFF05
:10736000FFFFFFFC0000000008900000000000008C
:1073700008900000000000000890000000000000DD
:1073800008900000001FFFFFFFFFFFFFF202222214
:107390002222222220008FFFFFFFFFFF20008A22EF
:1073A00029B2222F2000890007A0000F20008900A9
:1073B00007A0000F20008FFFFFFFFFFF20008A22A1
:1073C00028B2222F2000890007A0000F200098007B
:1073D00007A0000F2000AFFFFFFFFFFF2000B62235
:1073E00028B2222F2000D20007A0000F2003E000C7
:1073F00007A0000F2007B00007A0000F201E6000AC
:1074000007A0112F203C00000790AEEA000000000A
:107410000000000000000000076000000000000005
:107420000A800000000022222A9222220003FFFF8D
:10743000FFFFFFFF4003E0000A80000E4003E00072
:107440000A80000E4003FFFFFFFFFFFF4003E11132
:107450001A91111E4003E0000A80000E4003E00074
:107460000A80000E4003FFFFFFFFFFFF4003E22200
:107470002A92222E400010000A8000000000000026
:107480000A800000000000000A80000000000000E8
:10749000087000000000000008500000000000001C
:1074A0000B700000000022222C8222220000EFFF3D
:1074B000FFFFFFFC0000E3000B70005C0000E30036
:1074C0000B70005C0000EFFFFFFFFFFC0000E51108
:1074D0001B81117C0000E3000B70005C0000E300E6
:1074E0000B70005C0000EFFFFFFFFFFC0000E522D7
:1074F0002C822222500020000B700000D4000000DB
:107500000AA00003F200000005EFFFFFA00000004A
:107510000013333200000009200280000001F10E48
:107520003008B0000001F10E300D81111001F10E94
:10753000302FFFFFF101F10E309A00000001F10E33
:1075400034E269000001F10E4C6009D20000900E97
:107550003000007D100000010000000000006FFFFF
:10756000FFFFFFF800006A03E00D309800006A0298
:10757000E00D308800006A02E00D308800006A02E9
:10758000E00D3088003FFFFFFFFFFFFFF401111106
:107590001111111110007FFFFFFFFFF500007B228A
:1075A000222222D500007A00000000C500007A00E7
:1075B000000000C500007FFFFFFFFFF500007B22F9
:1075C000222222D500007A00000000C500007A00C7
:1075D000000000C500007FFFFFFFFFF500007B22D9
:1075E000222222D500007A00000000C500007A00A7
:1075F000000000C500007FFFFFFFFFF500007B22B9
:10760000222222D50000460000000073000007700F
:10761000000000000000088006FFFFFFC000088097
:1076200006B22227C0166BB656B00006C02BBEDBD2
:10763000A6B00006C0000E8006FFFFFFC0004FC0CE
:1076400006B11116C0009DE906B00006C001D99C24
:1076500076B00006C007988296FFFFFFC01E288004
:1076600006B11117C06A088006B00006C013088072
:1076700006B00006C000088006B11116C0000880E0
:1076800006FFFFFFC0000880059000049000000086
:10769000112356950000DEEDEEBA9753000000006E
:1076A000A90000000000CEEEEEEEEEEE10000004A9
:1076B000E000000000000008B0000000000FFFFF25
:1076C000FFFFFFFFF00000AB00000000000007FE1E
:1076D000EEEEEEE700006EE4000000A7001AD3CD46
:1076E000CCCCCCE7002B10C4000000A7000000CDDC
:1076F000CCCCCCE7000000C4000000A7000000CE06
:10770000EEEEEEE70000009300000085000065004B
:10771000000000000000C700000111110001E51188
:10772000113FFFFF7005FFFFFB3D000A700D80E376
:10773000003D000A704E10E3003D000A700100E3B6
:10774000003D000A704FFFFFFF7D000A700223F327
:10775000224D000A700003F2003D000A700007EDA0
:10776000103D000A70000C5AB03D000A70006D0018
:10777000D93E111A7002E6003C4FFFFF702DA000A9
:10778000003D000A70070000001400011000930083
:10779000000000000000E20004FFFFFFD003F21130
:1077A00014E222222006FFFFB4D00000000C74D0A7
:1077B00004D00000002E14D004FFFFFF200204D0EC
:1077C00004E2222E200FFFFFF7D0000E200227B286
:1077D00024D0000E2000089004E1111E20000BC1EF
:1077E00004FFFFFF20001EAB04D0000000007B0B55
:1077F00094D000000002E401B5D00000002D70001C
:1078000004FFFFFFF30600000022222220000000F8
:1078100000470000001FFFFF40B8000000015C119E
:1078200003FFFFE3000089000A9007C00000B500D5
:107830005E202E300000E102EFFFFFFFC006FFFDDB
:107840009D30A504C00DE14B0D30A504C04EE03BBA
:107850000DEEEEEEC029E03B0E20A504C001E03B9A
:107860000E30A605C001E03B1FFFFFFFC001E04B4B
:107870003D00A504C001FFFB7900A504C001E001A3
:10788000D400A505C0003005900053DE7000000054
:1078900000000000000012222222222100009FFF8F
:1078A000FFFFFFF9000000000000000000000000E2
:1078B000000000000002222222222222200FFFFFCD
:1078C000FFFFFFFFF000000009A000000000011012
:1078D00009A00000000009B009A00C8000002E40A3
:1078E00009A004E200009B0009A000AB0006E30031
:1078F00009A0002F302E600009A0000BA004001387
:107900003B9000033000003EEC400000000000010E
:1079100020000000000036BEB0222222104ECCC350
:1079200003FFFFFF900006A003D00008900006A010
:1079300003D00008903FFFFFF7D0000890011CC162
:1079400014D0000890002FF603D2222990008DCD8C
:1079500033FFFFFF9001D8A5D0000000000996A0DA
:1079600050020011004E16A0006C009A001506A0EF
:1079700000C7002E300006A004E10009A00006A008
:107980001D600003E1000590180000007100003543
:107990000001920000048CEA000AB00000098D404A
:1079A00001AFFFFE20000C404D91009900000C40FB
:1079B000547C39C1003FFFFF300AFB0000014F61DA
:1079C00017DE7A2000008FD19C719C000000DDAA98
:1079D0000007FFFFE204AC4B109D2007A00B4C40BA
:1079E0004DB5102E304C0C402609D4C800130C4065
:1079F00000009F9000000C400018E80000000C40C0
:107A00005AEB200000000A30A720000000000044CC
:107A1000000490000007AEE90002E20000086E30AA
:107A2000DFFFFFFFF3000D300000000000000D300D
:107A30000BDDDDDF002FFFFF4B40001F00025F5218
:107A40000BDDDDDF00009FC1000000000000EEAA9A
:107A5000BFFFFFFFF0079D36B5000001F02E2D306F
:107A6000B57CCCA1F0690D30B58501C1F0120D30A7
:107A7000B58501C1F0000D30B57DDDA1F0000D3000
:107A8000B5000001F0000B20A400005DA000000084
:107A90000A100000000000000D600000000000005F
:107AA00009A0000000012222266222221006FFFF08
:107AB000FFFFFFFF7000000000000000000001E178
:107AC00000001E30000000D500005E00000000999C
:107AD00000009A000000006D0000D6000000002F9A
:107AE0001002F1000000000E4007B0000000000B83
:107AF000600C600000022223225F4222202FFFFF41
:107B0000FFFFFFFFF20046000000B20000002E1051
:107B10003900E204800009304C00E206B03FFFFF6C
:107B20007C00E206B00111114FFFFFFFB008405684
:107B30000000000000076077EFFFFFFFF40590955D
:107B40001113F3111003B0B30004D0000002C0D031
:107B50007FFFFFFFE001D0C0790E0862E00053B55F
:107B6000980E0851E0058DFDA80E0851E02EA620C4
:107B7000780E0851E0000000780E0851E000000087
:107B8000680B066EA00029000009200000009B0081
:107B9000004E10000002EFFFFCCFFFFFF11D81E25D
:107BA0000AC03D10001600510980052000009FFF0B
:107BB000FFFFFFFB00000000099000000000000034
:107BC00009900000003FFFFFFFFFFFFFF4000000EF
:107BD00000005C000000000000005D00000BFFFFE3
:107BE000FFFFFFFFC00002C300005C000000006E4A
:107BF00040005C0000000005D0116C000000000097
:107C000000CED700000001000660012000000C80BB
:107C1000098009C0000002E309803E30000111859F
:107C20001A915611100CFFFFFFFFFFFFD000000458
:107C3000DCED60000000019C2983AD600005BE8082
:107C4000098003BD50076000087000045000000068
:107C50000C600000000EFFFFFFFFFFFFE0011111AD
:107C6000ACC9111110000006E43E6000000003AE34
:107C70006004EA300019DFB300003BFD9209720096
:107C80000000003790000000000003700000124563
:107C900078ACEFD50002EDCBED75310000000007A8
:107CA000B1002500000002B80008E60000003EED2B
:107CB000DEFA100000000423AD501B100000007D10
:107CC000700007C100017DEA9ACDEEEB0001CA8782
:107CD00069C2100C7000007307B04602100007E282
:107CE00007B03D9000007E4007B002DA0008E400D3
:107CF00007B0001D9000200AEE7000011000000186
:107D0000210000000000BEEEEEEEEEED0000B5003A
:107D10000980004D0000BEDDDEEDDDED0000B500A8
:107D20000980004D0000B5000980004D0000BEEE46
:107D3000FEEEEEED0000006C6006A10000005EFDAE
:107D4000DEE9240000001314B7101AA00000029D01
:107D5000BBCDDEEC0003CFFFFFA1000A300145D40C
:107D600008A0860000003DA008A04DB10008E80072
:107D700019A001AD40063006ED5000064000065047
:107D80000009400000000D60005E100000004D0082
:107D900000DFFFFE2000B7000AF6118C0004D02D92
:107DA000AD6E13E4001D73B98208BD70005FDDD1B4
:107DB0000003EE1000011D40006E8BD30000A800F0
:107DC0005CE5008EA208D68A68177002A23FEB8697
:107DD0000003AD50000200000000049000000026E7
:107DE000239300000039CEEB328DD71000396300A9
:107DF00000004BE8000000000000003800000420F4
:107E00000000850000000C800000B60000003E105D
:107E10001222C7222000A9007FFFFFFFF104D01B20
:107E20002000B600003EA7BB0000B600003A7CD19F
:107E30001FFFFFFFC0002E40022222221000C800B8
:107E400000000000000AE9BE59FFFFFF603EC95272
:107E50000981111C600100000970000B60000158CD
:107E60004970000B603ADFEA3981111C6039630008
:107E700009FFFFFF60000000075000084000057088
:107E8000003B000000000B8000A9000000002E1045
:107E900002FFFFE2000098000B8007B00003D11D35
:107EA0009D101E20001C84A9CEFFFFFF604ECDD088
:107EB0000E30B40A60001D300E20B30A6000B60117
:107EC0000E20B30A600AEADE3EFFFFFF603C852019
:107ED0000E300000000000000E200000000036AD53
:107EE0006E200000B34EEA620D400001E113000075
:107EF00007EFFFFF90000000000111100000056077
:107F00000003800000000C900002F20000003F20FF
:107F10000111B61110009A007FFFFFFFF202E22C60
:107F2000101D6010000C83AA00AA00D5004FEEE1DE
:107F300007D1027E10021D509FEEEDBCA000B800DC
:107F4000349307219009EADD00D30C50002EA630AF
:107F500000E20C500000000103E00C50000038CD9E
:107F600009A00C50A33ED9407E200C50C303000A48
:107F7000E50009FFD00000021000000000000640EC
:107F80000006800000000D4000079006A0005C0085
:107F90002FFFFFCD5000B5010118919C0004C02EA9
:107FA000000792E4001D86C611189AB1102C9CC0DF
:107FB000EFFFFFFFF5002D20000981000000C50143
:107FC00003CFFFFF500AECE999F1000B501EA630D9
:107FD00010F1000B5000000000FEEEEE5000037B9D
:107FE00010F1000B501ADEB700F1000B50195100D0
:107FF00000FFFFFF5000000000B100083000073014
:108000000002B00000000E300000C60000006C004E
:108010005FFFFFFFA000B5005A000006A003C08864
:108020005A000006A00B73D15FFFFFFFA03B9E70BC
:108030005A00000000005C006EEEEEEED001D3119D
:108040007D90B0B0D00AECE58C90B0B0D02FC830A5
:10805000AA90B0B0D0020001D7EEEEEED00039E623
:10806000E590B0B0D02DD716B490B0B0D014000BBE
:108070006490B0B1D00000061250000A7002FDDD1D
:10808000EDDEDDDE4002F006A00A600D4002FDDDFF
:10809000EDDEDDDE400000000C600000000DEEEEC5
:1080A000EEEEEEEEA00000001E00000000000BCC83
:1080B000CECCCCB000000E20000003D000000EBBE0
:1080C000BBBBBCD000000E20000003D000000EBBE4
:1080D000BBBBBCD000000EBAAAAAABD000000E20D9
:1080E000000003D0001DDFDDDDDDDDEDD10000008F
:1080F0004B000000000000005C00003D10007FFF0E
:10810000FFFFF7D4000000005C003D4000000000CD
:108110005C04E500000DFFFFFFFFFFFFF000000023
:108120003CC2000000000006EB100000000003BF8E
:10813000FEEEEEE70003BF9C70000000002FB31EB0
:10814000200000000003007FFFFFFFA000000000F0
:1081500000000A700000000000000D500000000048
:1081600001004E10000000000DFFE70000000000BD
:1081700000000000000005700000003700000790BC
:1081800000004AE8100FFFFFB38DF81000000890C0
:108190000883E200000007900000E200000AFFFFF1
:1081A0007002E89B9000079007EFFB852000089085
:1081B0000341E200003FFFFFF100E20000002EE378
:1081C0000002E9ACE400ADDD1CEEFB852004D89A8A
:1081D000A430E200001D57918000E2004139079071
:1081E0000000E200960007900000E400B400079051
:1081F00000009EFFC00001100000000000000930D8
:10820000002B000000004E17202F00160000C607AC
:10821000B02F39EE3008D335E42FFC71000DEDCAD4
:10822000BB2F300000010000142F0000B206FFFF3A
:10823000F41F2112E106A000D40AEFFE9006A00070
:10824000D41700000006EEEEE42F00051006A00093
:10825000D42F05CC4006EEEEE42FDA500006A00045
:10826000D42F10002006A000D42F0000A506A011D6
:10827000D42F2001D306A08EC10BEFFEB00010005A
:108280000000000000000000085000000000000096
:108290000E400000000002225E22222100006FFF3B
:1082A000FFFFFFF900006C000000009900006C0067
:1082B0000000009900006FFFFFFFFFF900006C2233
:1082C000222222A900006C000000009900006C002E
:1082D0000000009900006FFFFFFFFFF900006C1124
:1082E000111111A900006C000000009900006C1130
:1082F000111111A900006FFFFFFFFFF900005A00E4
:108300000000007700000058000084000001118B7D
:108310001111C711101FFFFFFFFFFFFFF100007BCE
:108320000000B600000040240000420000009D60F4
:108330006FFFFFFE000003D36C22225E00020000EC
:108340006B00003E000CC3006B00003E00008E403E
:108350006B00115D000002226B00BED8000001C757
:108360006B00000000001C906B000000C301CB00FC
:108370005D000002E208C0001DFFFFFFA001100029
:108380000012222100000037000083000001115C70
:108390001111D511100FFFFFFFFFFFFFF000004A82
:1083A0000000A30000003EEEEEEEEEE400003D0013
:1083B000000000E400003D00000000E400003EDD9D
:1083C000DDDDDDE400003D00000000E400003EEEE5
:1083D000EEEEEEF400000000098000000001111133
:1083E0001A811111101FFFFFFFFFFFFFF2000000B5
:1083F000098000000000000009800000000000006B
:10840000076000000000002A000093000001114EE8
:108410001111D511100FFFFFFFFFFFFFF000003E0D
:108420000000D40000003017000181000003E57C4B
:108430000004C5C200004ED20004C07D1004DDB0AF
:108440001115C117201B40E2FFFFFFFFF00002E5FE
:108450000007F10000002DD7000AE6000006E697AD
:10846000001E6C00002D4096009B0C60000000B5C3
:1084700005E303E3000002E26E50007E5001EE824D
:10848000D4000006C000000000000000000002B29E
:108490000000000000001D800FFFFFFFC002DA0097
:1084A00002222222102DA001000000000018009BD3
:1084B00000000000000004E30000000000001D8038
:1084C000BFFFFFFFF401CF30122226D2201DCE3095
:1084D000000005C0004C1E30000005C000000E303A
:1084E000000005C000000E30000005C000000E3086
:1084F000000005C000000E30000005C000000E3076
:10850000000227C000000E30001EED6000000100D8
:1085100000000000000000000760000000000000F4
:10852000098000000004FFFFFFFFFFFF6000000064
:108530000980000000007EEEEEEEEEEA0000000092
:10854000098000000000000009800000000EFFFF0D
:10855000FFFFFFFFE0000005E5D400010000009EE2
:10856000306D006E30017DF5000D78D3002ED5D52D
:108570000004EB10000300D500007E50000000D680
:108580005AE505EA300003FFC720002AE200018215
:10859000000000001000000000000000000DFFFFC0
:1085A000FFFFFFFFD0000007900B50000000000706
:1085B000900B50000001FFFFFFFFFFFF3001F007AD
:1085C000900B500E3001F007900B500E3001EEEE84
:1085D000EEEEEEEE30000003E2000000002FFFFFA1
:1085E000FFFFFFFFF20000AB00008C10000004E36F
:1085F0000002E50000000AFEA64D900000000015F4
:10860000BFFF82000001358CEA58DFC6000BCA8527
:108610001000038D50000000000000000000270043
:108620000000000000001D600CFFFFFF70000470E0
:108630000C60000A700FFFFE2C50830A7001116D50
:108640000C50C50A700000D60C50C50A700007D047
:108650000C50C50A70002EA00C50C40A7001CFE661
:108660000C50D20A701CBE5E3C51F20A701B0E27E1
:108670001215FC0210000E20000BCC0000000E2092
:10868000005E5C0084000E2002E63C0095000E2097
:108690004D803D00C3000E21D6000BDDA000000080
:1086A0000000000000000005200840000001700CE0
:1086B000501E40000002F00C505FFFFFE002F00C83
:1086C00050C736000002F00C55E12D600002F00C9E
:1086D000556004E2000000073000005100000DFF6B
:1086E000FFFFFFF100000D51122113F100000D40BA
:1086F0000A8002F100000D400B7002F100000D40F5
:108700000D7202F1000004109C8900400000004C32
:10871000D289000190048DE7008A0004C00695000C
:10872000004DEFFE6000000C500000000000007FD4
:10873000FFFFF700000004E30004E20000004E80A9
:10874000000D70000004EFFFFFFFFFFF000B8E41E4
:1087500014E1114F00000E3003E0003F00000EFF57
:10876000FFFFFFFF00000F4004E0004F00001F204C
:1087700003E0003F00002F2004E0004F00003FFF17
:10878000FFFFFFFF00007B0003E0003F0000C70089
:1087900003E0003F0006E10003E0226E00096000F4
:1087A00000008ED800000000000000000000220041
:1087B0000000A30000007D200000E400000008D2BB
:1087C0000000E400000000820000E400000000005F
:1087D0000000E400000222103333E633313FFF7023
:1087E000FFFFFFFFF5000A700000E40000000A70C0
:1087F0000000E40000000A700000E40000000A70BD
:108800000000E40000000A703000E40000000A9C50
:10881000A000E40000000DF80000E40000005E503D
:108820000000E400000002000000C300000011008E
:108830000000B10000007D100001F20000000AD12C
:108840000001F100000000B30001F1000000000091
:108850000001F000000222100003F000003FFF9032
:108860000004F200000008900006F40000000890E8
:108870000007F80000000890000ABD000000089002
:10888000000E4E3000000891605D08B0000008CD79
:1088900080C702E300000CE508D0007D20003C20EA
:1088A0007E30000BD2000000730000008100000049
:1088B000000000000002C2001111111110008D20F3
:1088C000CFFFFFFFF00008A00000980000000000AC
:1088D00000009800003FFF300300980000022E3097
:1088E0000F20980000000E300F209FFFB0000E30C8
:1088F0000F20992210000E300F20980000000E303B
:108900000F20980000000E370F20980000000ECDB9
:108910001F20980000003FC10F20980000009A051A
:10892000FFFFFFFFF50010001111111110002000D2
:108930000000910000009B100006F40000000BB046
:10894000002E9D20000001A000C808C1000000000A
:108950001BB000AC20022203DA00720AE53FFF439D
:10896000600AA00051000C4004D9003000000C4007
:108970001C400AA000000C400001BB0000000C409D
:10898000006D900980000C411BD4006E10000C8D0E
:10899000520008E400001EE50005CC2000007C2009
:1089A00039DD6000000001003A40000000001000C6
:1089B000034000092001E40005D0003E10007E3095
:1089C00000D50099000008B0018612E410000020D4
:1089D0009FFFFFFFD02666100000D400004BBE3082
:1089E0000000D40000000D301FFFFFFF50000D30CD
:1089F0000111E51100000D300000D40000000D3021
:108A00001111E51110000D30FFFFFFFFF3000D7D88
:108A10001000D40000000EE50000D40000006D300E
:108A20000000D400000011000000B300000010009E
:108A3000000000000002E4002FFFFFFF40006E3046
:108A40002E00000D400009A02E00000C4000011077
:108A50002E00000D404FFF202FFFFFFF40022F2070
:108A60000000000000000F209FFFFFFFB0000F205C
:108A70000112F11110000F200003E00000000F228E
:108A8000FFFFFFFFF5000F22111BE81110000F8EF2
:108A9000103E5E3000003FD303D707D300005B13C6
:108AA000AE70008E92000002920000029000000062
:108AB000000190000001C2000002F00000009D10C3
:108AC000CEEEFEEEC00009A00002F0000000001093
:108AD0006DDDFDDD500222000002F000004FFF3589
:108AE000EEEEEEEEE5000E300000000000000E306D
:108AF0003EEEEEEF10000E303D00001F10000E3075
:108B00003ECCCCDF10000E333D00001F10000EAE37
:108B10005EDDDDDF10002FD23D00001F10007B1056
:108B20003D00002F100010003D000EEA0000000084
:108B300000000000000010000002A0000001E4009E
:108B40000003E00000005E408FFFFFFF4000036075
:108B50000003E00000000002FFFFFFFFC002220050
:108B600001000008805FFF1008A1630D30000F10A6
:108B7000616BB50400000F106D30C50000000F10D0
:108B80000370D30000000F17FFFFFFFFF2000F2656
:108B9000000AA20000000FCB005E3C8000002FB056
:108BA00006E601BB00008A03BE50000AB1001004B3
:108BB0009100000080002000000000000001E6009D
:108BC000DFFFFFFFB0003E50D3116115B0000580FC
:108BD000D201D004B0000000D2BDED94B00222005A
:108BE000D201D004B04FFF10D201D004B0000F105A
:108BF000D5DDDDD5B0000F10D2000004B0000F109D
:108C0000E1ADDD64B0000F10E0C10674B0000F14D8
:108C1000D0C10674B0001FBDA0CDDE74B0004FCB34
:108C200060C10004B000BC2E10000015B000313946
:108C3000000003EE600000000000000000000000E3
:108C4000000170000008FFFFF106A000000871118C
:108C5000D10A6000000863A0D10EFFFFF20863B0E4
:108C6000D15C112E100863B0D1C7003C000863B07E
:108C7000D6FA0069000864B0D58E0096000864B08A
:108C8000D10A50D2000865A0D105C3C00008688091
:108C9000D100CC7000021B4120005F2000003D3D50
:108CA0001000BEA00001C608B009B1C9001CA00098
:108CB000D6CC102CC20700001180000080000000FC
:108CC000046000000005C4000C70000000006DB1DD
:108CD0006EEEEEEE90000065E309A01E2000001687
:108CE000402ED32600027BE602D62D60001EA5038F
:108CF0009D6001AE900000047100000250001FFF53
:108D0000FFFFFFF400001F31145111E400001F1099
:108D10000A7000E400001F100E3000E400001B1079
:108D2000AB5930920000002AD129ED7100058CE981
:108D3000100006CE700A951000000005500001A03A
:108D400000008100000002E00004D000001FFFFFCF
:108D5000FB0AFFFC000002E0003D1087000002E07B
:108D600000D502D00009EEFEE8CEDDDE700950D05D
:108D700096870208700950D096870E08700950D067
:108D800096870E087009EEFEE5871D0870000CFA44
:108D900000873C0870006BEA908769087003D3E095
:108DA000C533A513201E52E01005D3D6000502E0FE
:108DB000017D301BA10001B007810000710003900C
:108DC00000000000000004C002FFFFFFC00005C05B
:108DD0000000E205C00CFFFFF502E006B00004C091
:108DE00000079007A00115C1102E300A802FFFFF49
:108DF000FCD709FD300000F001600000000450F0D5
:108E0000009FFFFF700780F00097000A700880FF46
:108E1000F797000A7009C1F00097000A700BE7F09D
:108E2000009FFFFF700E3DF410000000005B017C0E
:108E3000EFFEEEEEE41400000122222220000930B1
:108E400000004A0000000E2000008A00003FFFFFE3
:108E5000A8FFFFFFB00189111113F3111000B570C5
:108E60000005D0000002E2F02FFFFFFFF506A1F0A1
:108E7000022E6222200A72F1002F1000000EFFFF66
:108E8000A05E1111000101F0009FFFFF700001F0D2
:108E90001000008C000369FEE20203E2003EB9F21A
:108EA000003E8D60000001F00002BE20000001F0D5
:108EB000000008E4000001B000000064000003A00E
:108EC00000075000000007B0000C6000003FFFFFEB
:108ED000F90E511110023E32213FFFFFF3005C00FA
:108EE000007B0001E000977700C60203C000E28724
:108EF00003E15B069005C18815906B08500BFFFFDE
:108F0000F8007B000001008700009E000000008741
:108F10000000CE40000357CEEA03E7A0003ECACAD5
:108F2000200B80D300000087006E107C00000087BB
:108F300006E4000CC20000660740000191000A2010
:108F40000000580000000F1000006B00002FFFFF12
:108F5000A0006B000001891110117B111000B520D9
:108F600008FFFFFFD000E1D208705A03D003C0D23F
:108F700008705A03D00981D308705A03D00DFFFF3F
:108F8000A8706A04D00100D208FFFFFFD00000D211
:108F900008705A03D00358EEB8705A03D02EC9E4B3
:108FA00008705A03D00000D208716A14D00000D2B1
:108FB00008FFFFFFD00000B107600002A0000B20F7
:108FC0000000000000001E0004EDDDDE303FFFFF6A
:108FD00084C0000D3002992214EDDDDE3000C56042
:108FE000000000000000E2F03FFFFFFFF304B1F0DB
:108FF00002E0000E200982F102E0000E200EFFFFC9
:1090000072FDDDDF200101F002E0000E200001F022
:1090100012EDDDDF200369FEB2E0000E203EB8F164
:1090200002E0002E200001F059EDEEEFE50001F026
:109030002532100E200001B00000000B1000570078
:109040000000A300000088000008EA00003FFFFCC9
:10905000008A19C10001D3110A90006E8100E0015D
:10906000CFEEEEEAB303B66191000000000777800F
:1090700000000001500B48815EEEC273B01FFFFC80
:109080005902C3A3B00107805EEEC3A3B0000782FC
:109090005902C3A3B0047CFA5EDDC3A3B02D9A804D
:1090A0005902C3A3B00007805902C003B000078073
:1090B0005903C003B0000660593E80DE6001200005
:1090C000000005800006D200000007B000008D10EF
:1090D000000007B000000A4AFFFFFFFFE0000001A8
:1090E000222228B220000000000007B00001110079
:1090F000860007B0003FFF204E2007B000000F2081
:1091000008B007B000000F2001B107B000000F2029
:10911000000007B000000F20001229A000004F60DF
:10912000004EEC400009D6CA51000012312E200634
:10913000BFFFFFFFF201000000111110000000004E
:10914000000000000009A100DFFFFFFF2001AD309B
:10915000122222220000095000000000000000003E
:10916000000000000000000EFFFFFFFFF44FFF02B1
:1091700022D8222220013F0004E10A4000002F00F3
:109180000AA007C000002F002E2000D500002F00ED
:10919000A90134AC00002F04FEFFFEDE50002F01B9
:1091A000854210079001AFA100000000000CB3AE93
:1091B00094322335622C10049CDEEEEDD2000000C8
:1091C00000000000000230000012468B4004E40062
:1091D0005FECB97410005E205C00000000000840E5
:1091E0005C000000000000005C00000000000000C7
:1091F0006FFFFFFFF32FFF207B111E5110022E2067
:1092000089000D3000000E2097000D3000000E2068
:10921000C6000D3000000E21F2000D3000000E28B7
:10922000C0000D3000007F8850000D30000AD5BC12
:1092300061000012312E2006BEFFFFFFE301000097
:1092400000111110000000000123457A3007900042
:10925000CFECBA751002E700C500000000005E20E8
:10926000C500000000000400C5111111000000003D
:10927000CFFFFFFF20011100E400005C003FFE0073
:10928000F3A200C600003E01F06E57C000003E058C
:10929000D004EE2000003E0A9007EDA000003E3E04
:1092A00034CD21CB10006E360C70001B2009D9D8AC
:1092B00031000012313D1028DFFFFFFFE201000006
:1092C0000011110000036000000000000002D80C33
:1092D000FFFFFFFFC0003E523334F533200006305D
:1092E0000008C00000000000002E70000000000018
:1092F00000BF6400004FFE0008ED7CA000025E008D
:109300008E3B61CA00003E1AE40B601D90003E2BAC
:10931000200B600290003E00000B600000003E0049
:10932000000B600000009E40000B6000001CB6DADD
:1093300041000012326D1017DFFFFFFFF502000041
:109340000122222110013000026003500004E400D9
:1093500004D007A000005E3004D007A0000006384B
:10936000FFFFFFFFB000000126D228B2100000006E
:1093700004D007A0003FFF2004D007A000011F2158
:1093800026D228B220000F2AFFFFFFFFF1000F2096
:10939000098007A000000F200E3007A000000F205A
:1093A000BC0007A000007F72C20007A0000AD5BB66
:1093B00061000012312E2005BEFFFFFFE201000018
:1093C000000111000000000000000000000A9000F1
:1093D000EFFFFFFF1001CC201111111100000B4015
:1093E0000000000000000000000000000000000F6E
:1093F000FFFFFFFFF14FFF0116C14E1110013F00AB
:1094000006B03E0000002F0008903E0000002F0034
:109410000C603E0010002F004E103E00D1002F03C4
:10942000D7003E11E0002F2E80000DFE9001BFB34B
:1094300000000000000BB29E83211234522C100455
:109440009CDEEEEDD20000000000000000024000B3
:10945000008400000004E30000E4000000007D0C34
:10946000FFFFFFFFB0000B300B7011000000000089
:109470003E10F20000000000B800F200004FFE03B2
:10948000FFFFFFFF40014E003212F41100002E00DA
:109490000000F20000002E011112F41110002E0E37
:1094A000FFFFFFFFF0002E000000F20000006E2022
:1094B0000000F200000AC7D941009212324E101784
:1094C000DFFFFFFFF5030000012222211000000052
:1094D00000038000000A60001E25C0000004E500B3
:1094E0006D05C00000006E20CFFFFFFF8000040765
:1094F000C005C000000000012005C0000001110DE2
:10950000FFFFFFFFF31FFF0112F33F1110002F00B9
:1095100003E02F0000002F0008A02F0010002F00F4
:109520002E502F00B3002F04DA001F21D3002F1E6E
:1095300080000CEFC0008FC400000000000AD37E42
:10954000A4322335731C20039CEEEEEDD200000004
:1095500000000000000000000000000000086002A1
:10956000EEEEEEEF5002D800047207D700001C5058
:10957000005BEC1000000002DDDDEFED9000000369
:10958000E005B007A0011103E005B007A04FFF13ED
:10959000EDDEEDDEA0000F13E005B007A0000F1315
:1095A000EEEEEEEEA0000F13E005B007A0000F13E3
:1095B000E005B007A0005F52D004A3ED5009C4BB82
:1095C00051000012312D1005ADEFFFFED301000058
:1095D00000000000000000000006500000098000AC
:1095E000000980000001D80DFFFFFFFFF1001C30D3
:1095F0000009800000000004EEEEEEEE50000004D2
:10960000C009800B503FFF34C009800B50011D344E
:10961000C009800B50000D34EEEFFEEE50000D300F
:10962000009EE90000000D3009A988D300000D3428
:10963000CA09804D50001E59500980034006D8CAFF
:1096400051033001211E3005AEFFFFFEE201000094
:1096500000011000000000000013469A1007700A75
:10966000DCBA97420002DB00300B004D00001D7099
:10967000D40A60B6000002006B0684C0000000003F
:109680003D000120002FFF02DEEEEEEE30013F092B
:109690004009700000002F0DEEEEEEEEE1002F000D
:1096A0000009700000002F00F009701F10002F004B
:1096B000F009701F10002F00FFFFFFFF1000AFA088
:1096C00000000000000BB29D83211234522C1004C4
:1096D0009CDEEEEDD1000000000000000000000064
:1096E00000000000001FFFFFFF3FFFFFD0000B1D29
:1096F00000022225D0000B1D00000004D00AFFFF4D
:10970000FA000004D00A49294A000004D00A491985
:109710004A1FFFFFD00A4A094A1F3225D00A980C77
:10972000BA1F1002600A91004A1F1000000A400090
:109730004A1F1000000AEDDDEA1F1000100A400069
:109740004A1F1000A60A40004A1F1000B50AEEEE9C
:10975000EA0F5112E30930003709EFFEA000135859
:1097600050000000002EDDC848FFFFFFC002087057
:109770005088111D500B3875A00B40AA0003B88CFF
:109780002002DBB0000028710019EF70003FFFFFDE
:10979000BAED54DC61001EB02C603506C4005FF8E1
:1097A00000007A000000CC9D66FFFFFF8005B873C3
:1097B00080118A11001D487000007A00004908706D
:1097C0000FFFFFFFF300087000007A000000087030
:1097D00000007A000000076000006800000000013F
:1097E000224568A20000AEFFFFD9864100000000BC
:1097F00009800000001EEEEEEEEEEEEEE10000004D
:109800000980000000006CCCCEECCCC700007A00D0
:109810000980009800007ECCCEDCCCE800007A0005
:109820000980009800007A000980009800006DDD32
:10983000DEEDDDD700000000098000000000EEEE44
:10984000EEEEEEEE2000000009800000002EEEEEAD
:10985000EEEEEEEEE2002FBBBBBBBBF200002FAA88
:10986000AAAAAAF200002F00000000F200001BBB11
:10987000BBBBBBB1000555555555555551177777AD
:109880007777777771005BBBBBBBBBB600007A0014
:109890000980008900007DAAADDAAAD900007DBB4D
:1098A000BDDBBBD900000000098000000000BCCC7B
:1098B000CEECCCCC0000000009800000003DDDDDD6
:1098C000DEEDDDDDD3003700010095000000B700BC
:1098D0000A60A6097003FFFF92E1A62D001D611129
:1098E0000094A685004A00000111B7110004FFFF93
:1098F00049FFFFFF50001C510970100B50000B4036
:109900000970B50B50011C510970B50B500DFFFFCC
:109910007970B50B50000B400970C50B50000B401F
:109920000970E30B50000B412656C00730000DBEF6
:10993000505E4DA200005FA24AD4007E8000350038
:109940008710000191004800004A00D10000B600D5
:10995000004B00F10004FFFF6DFFFFFFE01D6222DE
:10996000005B01F2003A0000004B00F10005FFFF30
:10997000215B11F210001C514FFFFFFFF4000B4060
:109980000000000000011C5105FFFFFF300FFFFF2A
:1099900075B0000D30000B4005B0000D30000B40DD
:1099A00005EEEEEE30000B4215B0000D30000DBE9E
:1099B00035B0000D30004F9105EEEEEF3000140091
:1099C000048000092000840000000B100000E20564
:1099D000FFB9DEDD6005FFF63A700C16700C611001
:1099E0000C200C16706E00003B2EEEEEE618000008
:1099F000A4000C167008FFFAFFBADEDE70005901F1
:109A000004A00C1000016A10168BEEEEA02FFFF8D8
:109A1000B8600C1000005900DB300C100000590039
:109A20008E3EEEEEE00059225E100C1000006CD568
:109A3000CCB10C100000AE46C09D66100000B22CE8
:109A40002004ADEFF300000000000000000000B2B1
:109A500000000040000000F3000008E2000000F3F6
:109A60000000AE30000000F3004DC200000000F323
:109A70002BE80000000000F32B300000000223F56B
:109A800022222222201FFFFFFFFFFFFFF10000F331
:109A900001E30000000000F3008B0000000000F371
:109AA000001E6000000000F30005E400000000F369
:109AB00000108E60000001F68CE207EB400007FE0C
:109AC000B720003BE20003610000000010007000BE
:109AD000000000000000BB05FFFFFFFF90001D50CD
:109AE0002222222A90000200000000099008A00013
:109AF000000000099008A00FFFFFF0099008A00FD8
:109B00001001F0099008A00F0001F0099008A00FC3
:109B1000FFFFF0099008A00F1001F0099008A00FB6
:109B20000001F0099008A00F0001F0099008A00FB3
:109B3000FFFFF0099008A000000000099008A000B5
:109B40000000001A8008A000000003ED40000000A3
:109B500000000000000111110002C100000BFFFE17
:109B60001007F400000B607B001E9D10000B60D4FA
:109B7000009A0AA0000B64D006E101D8000B6A70BD
:109B80006E40002DA10B66C2E4100011B20B60A85C
:109B900010F102F0000B604C00F102F0000B601EAF
:109BA00000F102F0000B715E00F102F0000B7EE6A6
:109BB00002E002F0000B600006C002F0000B600043
:109BC0000C7002F0000B60008D1002F000095000D4
:109BD000A30001C000001110000000000007FFFEFC
:109BE0001EFFFFFF1007704C0E30000F100770961D
:109BF0000E30000F100770E10EFFFFFF100774C05A
:109C00000E30000F100770B50E30000F1007704BAC
:109C10000EFFFFFF1007701E0E42E1000007700EDE
:109C20001E30C305B007703E0E30885E600778E7CF
:109C30000E302ED4000770000E3009A0000770000F
:109C40000E3262D9000770003FEEB02DC2066000F0
:109C5000294000017000111000009400000BFFF873
:109C60000005F800000B40C4004D4D70000B43C0D0
:109C700006E302E7000B4962BC20003DB10B4C300B
:109C800068FFFFFCB30B44C00000D500000B40C3CD
:109C90000000C400000B40961111D511100B407943
:109CA000FFFFFFFFF30B40A70000C400000B7EC1C5
:109CB0000A50C479000B40004D10C40D500B4001F8
:109CC000D600C404D10B4004A011D400920B400074
:109CD00000CEC1000001111000035000000DFFFA7A
:109CE0000004C000000D30B59EEEEEEE900D31E0A8
:109CF00000D104B0000D3695EEEEEEEEE30D3C40E3
:109D000000000000000D35C02CCCCCCC000D30C4C0
:109D10003D00001F000D30783EBBBBBF000D3089F9
:109D20003D00001F000D4EE33ECCCCCF000D3100B6
:109D30000001F100000D3005FFFFFFFFF40D3000C2
:109D40000001F100000D30000001F10000092000C9
:109D50000001B0000000BDDDDEEDDDDB00022222EF
:109D60002A922222200BBAAAADCAAAABB00B4ABBD8
:109D70006987BBA4B00B400009800004B0003BBB66
:109D80006007BBB30000000019C0000000000028FD
:109D9000D8BC610000027CE81A339EB8402E9500C2
:109DA00004B00049C2003DDDDDDDDEE2000000015F
:109DB00000007D400000002DB76D91000000000004
:109DC00038DD5000000000000004B3000000CEEEBB
:109DD000EEEEEEEC0000000009700000000ADDDD90
:109DE000DEEDDDDDA00B400009700004B00B4ABBC6
:109DF0006977BBA4B00B400009700004B0002BBB16
:109E00006977CCC30000000009700000000EEEEE80
:109E1000EEEEEEEEE00000000C500000000000004E
:109E20000E2000000000AFFFFFFFFFFF1000A603A1
:109E3000D009600F1000A603D009600F1000A60320
:109E4000D009601F10009502B00856EB000CFFFF10
:109E5000FFFFFFFFE00111112E6111111000000042
:109E60005D00000000003FFFFFFFFFF600003E1115
:109E7000111111C600003E00067000C600003E0031
:109E8000089000C600003E00089000C600003E009A
:109E9000099000C600003E000B7000C600003E00A6
:109EA0002E4300C600000201CB1DC4100000017E3D
:109EB000B1007EB20006AEC5000001AE60087300BE
:109EC000000000055000000000000000000FFFFF30
:109ED000B8FFFFFFF501112E50115E11100140A9CE
:109EE00000117B110003ECA000FFFFFFA0002DC1BB
:109EF00000F10007A00002D910F12707A06FFFFFB3
:109F0000F4F14C07A0000B51E0F14C07A0000B56F8
:109F100090F14C07A0000B5620F15C07A0000B50FD
:109F200000F17A07A0000B500031D53110000B5022
:109F3000000BB2D800011C5004CB002D9009EC207E
:109F40002B600001B1000000000000000000740060
:109F50000001C0000000C4003CCCFCCC3000E2009A
:109F60003B01F00B4003FFFE4B01F00B4007904B11
:109F70003CCDFCCC300D40960001F000004E24A1F9
:109F8000EEEEEEEEE5265B000000000000005B0058
:109F90004FEEEEEF10005B004B00200F10005B0057
:109FA0004B03E00F10005B004B03D00F10005B5819
:109FB0004B07B00F10006EC2014E5B510000CA008B
:109FC0004AE503AC40006001B710000580000000C6
:109FD00000008600000EFFFD0003E9000000002CD9
:109FE000000C9D600002604B007C03E40005905A69
:109FF00007E2005E500680689D200005E507708737
:10A00000527FFFF44109509600001000000BEEEE65
:10A0100085808504C000000872D0590970000019BD
:10A0200070D23B0E10159DBA50A51B5A005C720BE6
:10A03000402100B40000000D200003D00000003ECD
:10A040001FFFFFFFF1007ED70000000000000000AE
:10A0500000000000000000000000000404000000F8
:10A0600000000005050D000021000008080D00009B
:10A0700055000009090C00008B000009091000FEC2
:10A08000D300000F0F0C00002D01000B0B0C000083
:10A090006F010004040D000089010005051100FC9A
:10A0A000B4010005051100FCDF010007070D0000E9
:10A0B0000D020009090A00003A020004040700FC2E
:10A0C00048020006060500005702000404030000D1
:10A0D0005D020006071000FD95020009090C000052
:10A0E000CB020009090C000001030009090C000063
:10A0F00037030009090C00006D030009090C00007A
:10A10000A3030009090C0000D9030009090C000091
:10A110000F040009090C000045040009090C0000A7
:10A120007B040009090C0000B104000404090000CC
:10A13000C3040004040D00FCDD040009090A00004A
:10A140000A0500090909000033050009090A000091
:10A1500060050008080D00009405000F0F0F00FDBA
:10A160000506000A0A0C00004106000B0B0C00005B
:10A170008306000A0A0C0000BF06000B0B0C00004F
:10A1800001070009090C000037070009090C00004D
:10A190006D07000B0B0C0000AF07000C0C0C00004F
:10A1A000F7070005050C000015080009090C000060
:10A1B0004B08000A0B0C00008D080009090C000078
:10A1C000C308000D0D0C00001109000C0C0C000060
:10A1D0005909000C0C0C0000A109000A0A0C00002F
:10A1E000DD09000C0C0F00FD370A000A0A0C000004
:10A1F000730A000A0A0C0000AF0A000A0A0C0000E9
:10A20000EB0A000C0C0C0000330B00090A0C0000D8
:10A210006F0B000E0E0C0000C30B0009090C0000B0
:10A22000F90B00090A0CFF00350C000A0A0C0000AB
:10A23000710C0005051000FD990C0006071000FDCB
:10A24000D10C0005051000FDF90C0009090C0000F7
:10A250002F0D0009090200FE380D000A0A0E000049
:10A260007E0D000909090000A70D000A0A0D000073
:10A27000E80D0008080900000C0E000A0A0D000095
:10A280004D0E000909090000760E0005060E0000BB
:10A29000A00E0009090D00FCDB0E000A0A0D0000EB
:10A2A0001C0F0004040D0000360F00040511FFFC14
:10A2B000610F0009090E0000A00F0005050D000048
:10A2C000C10F000F0F0900000510000A0A09000065
:10A2D0003210000A0A0900005F10000A0A0D00FC93
:10A2E000A010000A0A0D00FCE1100006070900009A
:10A2F000011100070709000021110006060C0000EB
:10A300004511000A0A09000072110008090900003D
:10A310009B11000D0D090000D6110008080900006E
:10A32000FA110008090D00FC3512000808090000A8
:10A3300059120005051000FD81120004041200FBF3
:10A34000A5120005051000FDCD1200090908000046
:10A35000F1120006060C000015130010100F00FF8C
:10A360008D130010100F00FE05140010100F00FEDA
:10A370007D140010101000FEFD140010100E00FFE0
:10A380006D150010101000FEED150010101000FEED
:10A390006D160010101000FEED160010100C0000DD
:10A3A0004D170010101000FECD170010101000FE09
:10A3B0004D180010101000FECD180010101100FDF7
:10A3C00055190010100F00FECD190010101000FEDE
:10A3D0004D1A0010101000FECD1A0010101000FED3
:10A3E0004D1B0010101000FECD1B0010101200FDC0
:10A3F0005D1C0010101000FEDD1C0010101000FE8F
:10A400005D1D0010101000FEDD1D0010101000FE7C
:10A410005D1E0010101000FEDD1E0010101000FE6A
:10A420005D1F0010101000FEDD1F0010101000FE58
:10A430005D200010101100FDE5200010101100FD3E
:10A440006D210010101000FEED210010100F00FE15
:10A4500065220010101000FDE5220010101000FE13
:10A4600065230010101000FEE5230010101100FD00
:10A470006D240010101000FEED240010101100FDDE
:10A4800075250010101100FDFD250010101000FEB4
:10A490007D260010101100FD05270010101100FD91
:10A4A0008D270010101000FE0D280010101000FE67
:10A4B0008D280010100F00FE05290010100F00FE5F
:10A4C0007D290010100F00FEF5290010101000FE6D
:10A4D000752A0010101000FEF52A0010101000FE62
:10A4E000752B0010100F00FEED2B0010101000FE59
:10A4F0006D2C0010101000FEED2C0010100F00FE4F
:10A50000652D0010100F00FEDD2D0010101000FE54
:10A510005D2E0010101000FEDD2E0010101000FE49
:10A520005D2F0010101000FDDD2F0010101000FE38
:10A530005D300010100F00FED5300010101000FE2E
:10A5400055310010101000FED5310010100F00FE24
:10A550004D320010101000FECD320010101000FE21
:10A560004D330010101000FECD330010101000FE0F
:10A570004D340010101000FECD340010101100FDFD
:10A5800055350010101000FED5350010101000FEDB
:10A5900055360010101000FED5360010101000FEC9
:10A5A00055370010101000FED5370010101000FEB7
:10A5B00055380010101000FED5380010101000FEA5
:10A5C00055390010101100FDDD390010101000FE8B
:10A5D0005D3A0010101100FDE53A0010101100FD69
:10A5E0006D3B0010101000FEED3B0010100F00FE40
:10A5F000653C0010100D00FFCD3C0010101000FE57
:10A600004D3D0010100F00FEC53D0010101000FE63
:10A61000453E0010101000FEC53E0010101100FE57
:10A620004D3F0010101000FECD3F0010101000FE36
:10A630004D400010100F00FEC5400010100F00FE2E
:10A640003D410010101000FEBD410010101000FE32
:10A650003D420010101000FEBD420010101100FD20
:10A6600045430010101000FEC5430010101000FEFE
:10A6700045440010101000FEC5440010101000FEEC
:10A6800045450010101000FEC5450010101000FEDA
:10A6900045460010101100FDCD460010101100FDC0
:10A6A00055470010101000FED5470010101000FE96
:10A6B00055480010101100FDDD480010101000FE7C
:10A6C0005D490010101000FEDD490010101100FD62
:10A6D000654A0010101100FDED4A0010101100FD38
:10A6E000754B0010101100FDFD4B0010101100FD06
:10A6F000854C0010101100FD0D4D0010101100FDD3
:10A70000954D0010101100FD1D4E0010101100FDA0
:10A71000A54E0010101100FD2D4F0010101000FE6E
:10A72000AD4F0010101100FD35500010101000FE4C
:10A73000B5500010101000FE35510010101000FE32
:10A74000B5510010101000FE35520010101000FE20
:10A75000B5520010100F00FE2D530010101000FE17
:10A76000AD530010100E00FF1D540010100F00FE1E
:10A7700095540010101100FD1D550010101100FD22
:10A78000A5550010101000FE25560010101000FEF8
:10A79000A5560010101100FD2D570010101000FEDE
:10A7A000AD570010101000FE2D580010101000FEC4
:10A7B000AD580010100F00FE25590010101000FEBB
:10A7C000A5590010101000FE255A0010101100FDB0
:10A7D000AD5A0010101000FE2D5B0010101000FE8E
:10A7E000AD5B0010101000FE2D5C0010101000FE7C
:10A7F000AD5C0010101000FE2D5D0010101000FE6A
:10A80000AD5D0010101000FE2D5E0010100F00FF57
:10A81000A55E0010100E00FF155F0010101000FE66
:10A82000955F0010101000FE15600010101000FE63
:10A8300095600010101000FE15610010101100FD51
:10A840009D610010101100FD25620010101100FD27
:10A85000AD620010101000FE2D630010101100FDFD
:10A86000B5630010101000FE35640010101000FEDB
:10A87000B5640010101000FE35650010101100FDC9
:10A88000BD650010101000FE3D660010100F00FEA8
:10A89000B5660010100F00FE2D670010101000FEAE
:10A8A000AD670010101000FD2D680010101000FEA4
:10A8B000AD680010101000FE2D690010101000FE91
:10A8C000AD690010100F00FE256A0010101000FE88
:10A8D000A56A0010101000FE256B0010101000FE7D
:10A8E000A56B0010101000FE256C0010101100FD6B
:10A8F000AD6C0010100F00FE256D0010101000FE52
:10A90000A56D0010101000FE256E0010101000FE46
:10A91000A56E0010100F00FF1D6F0010101000FE3C
:10A920009D6F0010101000FE1D700010101000FE32
:10A930009D700010101000FE1D710010100F00FE21
:10A9400095710010101000FE15720010101000FE1E
:10A9500095720010101000FE15730010101000FE0C
:10A9600095730010101000FE15740010101000FEFA
:10A9700095740010100E00FF05750010101100FDF9
:10A980008D750010101100FD15760010101100FDDE
:10A990009D760010101000FE1D770010101000FEB4
:10A9A0009D770010101000FE1D780010101100FDA2
:10A9B000A5780010101100FD2D790010101000FE78
:10A9C000AD790010101100FD357A0010101100FD56
:10A9D000BD7A0010101000FE3D7B0010101100FD2C
:10A9E000C57B0010101000FE457C0010101000FE0A
:10A9F000C57C0010101000FE457D0010101000FEF8
:10AA0000C57D0010101000FE457E0010101000FEE5
:10AA1000C57E0010101100FD4D7F0010101000FECB
:10AA2000CD7F0010101100FD55800010101000FEA9
:10AA3000D5800010101000FE55810010101000FE8F
:10AA4000D5810010101000FE55820010101000FE7D
:10AA5000D5820010101000FE55830010101000FE6B
:10AA6000D5830010101000FE55840010101000FE59
:10AA7000D5840010101000FE55850010101100FD47
:10AA8000DD850010101000FE5D860010101000FE25
:10AA9000DD860010101000FE5D870010101000FE13
:10AAA000DD870010101100FD65880010101000FEF9
:10AAB000E5880010101100FD6D890010101000FED7
:10AAC000ED890010101000FE6D8A0010101100FDBD
:10AAD000F58A0010101000FE758B0010101000FE9B
:10AAE000F58B0010100F00FF6D8C0010100E00FF92
:10AAF000DD8C0010101000FE5D8D0010101000FEA7
:10AB0000DD8D0010101100FD658E0010101000FE8C
:10AB1000E58E0010101100FD6D8F0010101000FE6A
:10AB2000ED8F0010101000FE6D900010101000FE50
:10AB3000ED900010101000FE6D910010100F00FE3F
:10AB4000E5910010101000FE65920010100F00FE3D
:10AB5000DD920010101100FD65930010101000FE32
:10AB6000E5930010101000FE000001000200030039
:10AB70000400050006000700080009000A000B0099
:10AB80000C000D000E000F00100011001200130049
:10AB90001400150016001700180019001A001B00F9
:10ABA0001C001D001E001F002000210022002300A9
:10ABB0002400250026002700280029002A002B0059
:10ABC0002C002D002E002F00300031003200330009
:10ABD0003400350036003700380039003A003B00B9
:10ABE0003C003D003E003F00400041004200430069
:10ABF0004400450046004700480049004A004B0019
:10AC00004C004D004E004F005000510052005300C8
:10AC10005400550056005700580059005A005B0078
:10AC20005C005D005E009000EA4DEB4DED4DEE4D99
:10AC3000F44D024E0D4E1A4E6C4E844E874EA54E6C
:10AC4000AD4EC54ED64EFA4E2D4F2F4F394F3C4F7D
:10AC50005F4F7D4FBD4FC14FCE4F1C503A503C50BF
:10AC60004550285145516D51A651DA51E651E751F1
:10AC7000F751FD5116522D527F528852F6525353BE
:10AC80006B537F53A253AD53B153B653B753B8531D
:10AC9000CA53CF53D053D353EE5348544856BE569D
:10ACA000C056D456DA56085710573757E657E45867
:10ACB000ED5807591159AB59305B385B6C5B7A5BC7
:10ACC0007E5BA45BD95BEF5BFA5B115C2F5CC55DBF
:10ACD000C65DD25D185E565E745E865E975EE05E0F
:10ACE000E25EE35EEF5E335F655FB95FCB5FE15FBE
:10ACF0001B6042604F60A560F061F6612D624762A3
:10AD0000B262BF62C962E162E96242634E63686334
:10AD100085638763B063AD6419651E652565286525
:10AD200050658D659065C065D6651E66E066E9660E
:10AD3000FF660A670C671A6723673F675E677C6771
:10AD40009667C567E767E867016817681968A068CC
:10AD5000016A016B426B436B456B956BAF6B226C69
:10AD60002B6D686DE56D096E706E99700671477197
:10AD7000497296729073E673FF74087513751575B2
:10AD8000B176CE76D876EB76C577C9774E781A79D4
:10AD9000CF79DB791F7AAB7ACF7A297B5B7CDB7C3E
:10ADA0000F7DA87EB37EBD7EBF7ECA7EF67E4E7FBF
:10ADB000E37FF77FDD80CA81E382298397832C8834
:10ADC00048886189A689A889B289818B848BA18BE7
:10ADD000AA8BC68BCF8BD78BDB8BE38B058D248D1A
:10ADE000368D658D4C8F4F8F548F718F738FA78FDA
:10ADF000B08FB18FB48FB88FBB8FBC8FBE8FE98FF0
:10AE0000FA8FFF8F45902D91AA91AD91AF91E1946A
:10AE1000F9940E955F95D4951696309644967C9647
:10AE2000D696E0965598649868996C9A2000000030
:10AE30006D9A010068AB0308000000006201030086
:10AE4000E80B030850A003082CAE03080000000024
:10AE5000000001081402012415FA01081DF9010877
:10AE60001400040000FE010040AE030800000000D2
:10AE70000000000000000000A11F02088520020859
:10AE80000000000049230208820082004A020000FC
:10AE9000000001E001E0000000FF0055AAFF0011E2
:10AEA0002233445566778899AABBCCDDEEFF0001BA
:10AEB00002030405060708090A0B0C0D0E0F1011FA
:10AEC00012131415161718191A1B1C1D1E1F2021EA
:10AED00022232425262728292A2B2C2D2E2F3031DA
:10AEE00032333435363738393A3B3C3D3E3F4041CA
:10AEF00042434445464748494A4B4C4D4E4F5051BA
:10AF000052535455565758595A5B5C5D5E5F6061A9
:10AF100062636465666768696A6B6C6D6E6F707199
:10AF200072737475767778797A7B7C7D7E7F808189
:10AF300082838485868788898A8B8C8D8E8F909179
:10AF400092939495969798999A9B9C9D9E9FA0A169
:10AF5000A2A3A4A5A6A7A8A9AAABACADAEAFB0B159
:10AF6000B2B3B4B5B6B7B8B9BABBBCBDBEBFC0C149
:10AF7000C2C3C4C5C6C7C8C9CACBCCCDCECFD0D139
:10AF8000D2D3D4D5D6D7D8D9DADBDCDDDEDFE0E129
:10AF9000E2E3E4E5E6E7E8E9EAEBECEDEEEFF0F119
:10AFA000F2F3F4F5F6F7F8F9FAFBFCFDFEFFBF0B40
:10AFB000F0AF0AE09E08D08C07C0000010BF1AE076
:10AFC000F51F3F51F3E40F3E40F27208100005C038
:10AFD00003E000007A005C0000098007A001FFFF89
:10AFE000FFFFFD033E733C833000F200C500000FFD
:10AFF000100E300002F000F2009FFFFFFFFF41380B
:10B00000C336E3300089005C00000A7007A000002E
:10B01000007900000000790000005CFFE92006FCD8
:10B02000BC9E900EB07900100F807900000DF5796C
:10B03000000003EFFD50000006CFFE400000795EE7
:10B04000F100007905F307007907F12FE9BCAFA003
:10B0500003AEFFD700000079000000007900000374
:10B06000DE800005D000E40C5001E3004C005A00E3
:10B07000A90006A004C04E00004C005A0D5000006C
:10B08000E41C58A0000003CE73E13CE9000000D6A8
:10B090000E40A800007C03C003D0002E203C003DE1
:10B0A000000B7000E2098006D00004DDA00009EF6B
:10B0B000B1000009E43CA00000D9007D00000CC0F4
:10B0C0001CA000003FAEC1000001DFC0000003EB88
:10B0D0008F701800DB007F65F03F40008FEA03F7B8
:10B0E0000000CF700BF966CFBF4008DFEA30A50043
:10B0F0000000000000F5F5E4E47200DA05F20BC090
:10B100000F703F405F206F107F006F105F203F4047
:10B110000F700BC005F200DA3F300CB006F101F6FB
:10B1200000E900BC00AD00AE00AD00BC00E901F6D6
:10B1300006F10CB03F30004A000674A4A02BFFE5D6
:10B14000007FFB207B6B8D0004A00000130000003B
:10B15000051000000F5000000F5000011F5110EFAC
:10B16000FFFFF3344F7440000F5000000F500009F0
:10B1700052FD0BA0C50F000111101FFFF304444046
:10B180000312FC1E90000005F100000AB000000F41
:10B190006000005F100000AB000000F6000005F149
:10B1A00000000AB000000F6000004F100000AC006B
:10B1B0000000F6000004F100000AC000000E60006C
:10B1C000004F1000000008EFC50000CFA8CF7007A7
:10B1D000F5000AF20DC00001F81F800000DC3F609E
:10B1E0000000BD3F600000BD1F800000DC0DC000FE
:10B1F00001F807F5000AF200CFA8CF700008EFC5EC
:10B2000000EFFF367AF3005F3005F3005F3005F39F
:10B21000005F3005F3005F3005F3005F3005F30495
:10B22000BEFD7007FD98CF90280000BF000000070A
:10B23000F2000000AF0000004F8000003FC000009F
:10B240003EC100002EC100002ED100002EF87777FD
:10B2500046FFFFFFFA6FFFFFFF0277779FB0000006
:10B260000CE1000009F3000005F6000000DFE91022
:10B27000000459FD00000006F40000003F64400097
:10B2800008F3BFC98CFB007CFFD700000001EB0076
:10B29000000000BE100000006F500000002F900062
:10B2A00000000CD000000008F301D50003F8002FC7
:10B2B0006000ED2223F7216FFFFFFFFF81555556F8
:10B2C000F9520000002F6000000002F60005FFFFA9
:10B2D000FF007F77777008E0000000AD0000000BF2
:10B2E000C2100000DFFFFB30045568FF200000049F
:10B2F000F80000000F92500005F68FD98AFD105B10
:10B30000EFE9100005CEFC60009FC88B7005F800C7
:10B3100000000CD00000001F800000002F68EFFA32
:10B32000103FEE648FD02FF10006F40EC00002F63D
:10B3300009F10006F301DE869FB00019EFD8008FF7
:10B34000FFFFFFE8F77777FC8F00004F5590000B69
:10B35000E0000002F80000009F1000000FB00000A5
:10B3600006F4000000DD0000003F7000000AF1005C
:10B370000001F90000005CFFD70006FC76AFA00CCE
:10B38000D00009F10DC00007F207F7115EC000BF41
:10B39000FFFE1009F9547ED02F800004F64F5000B4
:10B3A00000F81FA00005F609FB76AFD0006CFFD8AF
:10B3B00010008EFD80000CF868FC005F50003F70AC
:10B3C0008F00000EC07F30001FF01FD413CFF10498
:10B3D000EFFFA9F00002310AF00000000EA000000B
:10B3E000009F3009A78DF70007DFEB40001E92FC9D
:10B3F0000310000000000312FC1E901E92FC0310BC
:10B40000000000000001E91FD0A80E30A0000000DD
:10B410004200017DF3039FE810BFB50000EE8100FC
:10B420000017DFB4000004AFD200000182EFFFFF7D
:10B43000F3455555510000000001111110EFFFFFB9
:10B44000F33444444050000000EF92000006CFB5B2
:10B450000000039FE200006CF3029EE920BFC600DB
:10B46000009300000004BEFD7007FC77BFA027001A
:10B4700000CF00000009F0000001EA000001DD102B
:10B480000000CE1000003F6000000130000000010D
:10B4900000000006F50000005F4000000017CEFD30
:10B4A000B500000005FB53237DC200006E40000084
:10B4B000008E1002F401AEFA3F49B00A901EE65B1E
:10B4C000EF40E30F308F1000AF40981F00D900000D
:10B4D0003F406A3F00E800001F405C1F00D90000A9
:10B4E0003F406A0F308F1000AF40980A901ED65A26
:10B4F000DEA6F203F301AFFA16EE50006E40000034
:10B500000000000006FB5323750000000017CEFD6D
:10B51000A30000000002FD00000000009FF40000F6
:10B5200000000F9EB000000006F27F20000000DC4B
:10B5300001F80000004F600BE000000BF0004F60CE
:10B540000001FA1111ED00008FFFFFFFF3000EC4A0
:10B5500044444FA006F4000000AF10CD00000002EC
:10B56000F85FFFFFEB4005F85557DF405F400001F3
:10B57000FA05F400000FA05F51113AF405FFFFFF38
:10B58000FA005F744459FA05F4000008F25F4000C5
:10B59000005F45F4000009F25F85556AFB05FFFF77
:10B5A000FFD70000028DFEB40004FFB89DF902FD34
:10B5B00020000850BF200000000FA000000002F68D
:10B5C000000000002F6000000000FA000000000BE7
:10B5D000F2000000002FD2000085005FFB89DF80B1
:10B5E0000029DFEB405FFFFFEA30005F97779EF8AE
:10B5F000005F400000AF605F4000000DE05F400072
:10B600000006F45F40000003F65F40000003F65FB1
:10B6100040000006F45F4000000DE05F400000AF16
:10B62000605F97779EF8005FFFFFEA30005FFFFFE3
:10B63000FF95F97777745F40000005F40000005F24
:10B6400051111105FFFFFFE05F74444405F4000051
:10B65000005F40000005F40000005F97777765FF0A
:10B66000FFFFFD5FFFFFFF95F97777745F400000F4
:10B6700005F40000005F40000005F52222105FFF86
:10B68000FFFE05F85555405F40000005F40000003E
:10B690005F40000005F400000000018DFEB50000D1
:10B6A0004FFB89DFB002FD200006600BF2000000B6
:10B6B000000FA0000000002F60000000002F6000BD
:10B6C0000009F00FA0000009F00BF2000009F002E1
:10B6D000FD20000AF0004FFB89DFC000028DFEC68E
:10B6E000005F4000004F55F4000004F55F4000008B
:10B6F0004F55F4000004F55F5222225F55FFFFFF13
:10B70000FFF55F8555558F55F4000004F55F400047
:10B71000004F55F4000004F55F4000004F55F40061
:10B720000004F55F45F45F45F45F45F45F45F45F61
:10B7300045F45F45F400FFFFFA007777FA00000058
:10B74000FA000000FA000000FA000000FA00000011
:10B75000FA000000FA000000F9072003F60DE98E58
:10B76000F101AEFB305F400002EB05F40001EC009C
:10B770005F4001DE1005F400CE20005F40BF3000C6
:10B7800005F49F9000005FCFEF400005FF91EE10A1
:10B79000005FA003FC0005F40006F8005F4000090C
:10B7A000F505F400000CF25F40000005F400000015
:10B7B0005F40000005F40000005F40000005F40059
:10B7C00000005F40000005F40000005F400000053D
:10B7D000F40000005F97777725FFFFFFF55F4000DB
:10B7E00000001E95FC00000008F95FF5000002FF54
:10B7F00095FDE00000AEF95F5F70003F5F95F38F4D
:10B80000100BC0F95F31E904F30F95F307F2DB0089
:10B81000F95F300DEF200F95F3005F9000F95F3076
:10B820000071000F95F300000000F95F5000004F19
:10B8300055FF200004F55FFD00004F55FAF90004A4
:10B84000F55F4AF5004F55F40DF204F55F402FD037
:10B850004F55F4006F94F55F4000AFAF55F4000012
:10B86000DFF55F400002FF55F4000006F500018D92
:10B87000FEB5000004FFB89EFA0002FD200008F9A2
:10B8800000BF2000000AF20FA00000003F72F60087
:10B89000000000F92F600000000F90FA0000000384
:10B8A000F70BF2000000AF202FD200008F90004F66
:10B8B000FB89EFA0000028DFEB50005FFFFFD700FF
:10B8C0005F9778BFC05F400007F65F400000FA5FF7
:10B8D000400000FA5F400003F85F62236EF15FFFF3
:10B8E000FFFD305F855420005F400000005F400096
:10B8F00000005F4000000000018DFEB50000004E1A
:10B90000FB89EFA00002FD200008F9000AF2000008
:10B9100000AF200FA00000003F702F600000000F5C
:10B92000902F600000000F901F900000002F700B00
:10B93000F1000000AF2003FC100007F900006FFACF
:10B9400078DFB0000003AEFFC500000000003ED469
:10B9500015B000000002BFFF8000000000013100B0
:10B960005FFFFFD7005F9778BFC05F400007F65FBB
:10B97000400000FA5F400000FA5F400003F85F52A9
:10B98000236EE15FFFFFFC305F8555F9005F4000EB
:10B990007F405F40000CE05F400002F9005CEFD99F
:10B9A0002007FC87AF900EC00001100F8000000040
:10B9B0000DF500000003EFEA50000005AEFE400068
:10B9C00000004EF100000005F308000008F22FFA15
:10B9D00077BFA0029DFFC700FFFFFFFFF56778FB61
:10B9E00077720001F700000001F700000001F70086
:10B9F000000001F700000001F700000001F700005F
:10BA00000001F700000001F700000001F70000004E
:10BA100001F700006F3000008F16F3000008F16F8F
:10BA20003000008F16F3000008F16F3000008F1611
:10BA3000F3000008F16F3000008F05F4000009F0FA
:10BA40003F700000CD00DE20005F8004FFA8BFD063
:10BA50000003BEFD81000CE00000006F306F50005D
:10BA6000000CC000FB000003F60009F20000AE006D
:10BA7000002F80001F900000CE0007F2000005F6A6
:10BA800000DB0000000EC04F500000008F3BE000C4
:10BA9000000002FBF8000000000BFF100000000097
:10BAA0004FB000005F400000DF000002F50F900083
:10BAB00002FF400007F00BE00007FE90000CB0060C
:10BAC000F3000CAAE0001F6001F8001F54F3006FA0
:10BAD0001000CD007F10F800CC00007F20CB00AD1F
:10BAE00001F700002F71F6005F26F200000DC6F18D
:10BAF000000F7BD0000008FDC0000BDF80000003BA
:10BB0000FF700006FF30000000EF200001FE000083
:10BB10003F900000CD008F40007F3000DE102F806E
:10BB20000003FA0CD0000007FBF30000000CF80043
:10BB3000000001EFC0000000BF7F7000006F60AF29
:10BB400020002FB001ED000CF10004F807F6000012
:10BB500009F30CE0000007F203F700001F9000AFAC
:10BB600010009E10001FA002F6000008F30BD0008A
:10BB70000000EC4F400000005FFB000000000CF2F2
:10BB80000000000009F00000000009F000000000C3
:10BB900009F00000000009F000003FFFFFFFFD0179
:10BBA000777777BF900000001EC00000000CF20005
:10BBB000000008F500000004F900000001EC00009E
:10BBC0000000CF200000008F500000004F900000C8
:10BBD000001EF877777705FFFFFFFFF05FFF05F79F
:10BBE000505F3005F3005F3005F3005F3005F30070
:10BBF0005F3005F3005F3005F3005F3005F7505FFD
:10BC0000FF007E0000001F4000000C90000007E0D5
:10BC1000000002F4000000C90000007E0000002FB8
:10BC20004000000C90000007E0000002F30000005C
:10BC3000D90000007E0000002F3000000D900000B1
:10BC400007E0BFFA35EA00EA00EA00EA00EA00EAA3
:10BC500000EA00EA00EA00EA00EA00EA35EABFFA90
:10BC6000002F8000009DE00000F3D50006D07B008F
:10BC70000C601F203F100B809A0004E0FFFFFFFFC5
:10BC80001111111107F60003E7019EFD8000CE8718
:10BC9000AF90020000AF00000006F202BEFFFF20DE
:10BCA000EC4227F22F50007F20EC427FF202BFFBD4
:10BCB0006F208F000000008F000000008F00000048
:10BCC000008F2BFEB3008FEC78EF308FA0001EC0EA
:10BCD0008F200007F18F000005F38F200007F18F00
:10BCE000A0001ED08FEC78EF308E2BFEB300003A10
:10BCF000EFC4004FD87CF40DD0000713F60000000D
:10BD00004F30000003F60000000DD00006104FD7A2
:10BD10007CF4003AEFC40000000001F700000001CD
:10BD2000F700000001F7003BFFA3F704FD87CEF703
:10BD30000ED0000BF73F600003F74F300001F73FD4
:10BD4000500003F70EC0000AF704FC65BEF7003B85
:10BD5000FFB2F7003BFEA20004FC67EE200EC0001D
:10BD60001EA03F500007F04FFFFFFFF13F7222225D
:10BD7000200EC000020004FD87AF50003AEFD6004D
:10BD8000005DFC002FB57004F3000CFFFFA048F726
:10BD900053005F300005F300005F300005F3000042
:10BDA0005F300005F300005F3000003BFFB2E904A4
:10BDB000FE87CFF90ED1000AF93F600001F94F402C
:10BDC0000000F93F600001F90ED00009F904FD8779
:10BDD000CFF8003BFFB3F700000005F409E977AFA7
:10BDE000B0017CFFD8008F00000008F00000008F39
:10BDF00000000008F2BFEA108FFB89FD08F800067A
:10BE0000F48F10001F78F00000F88F00000F88F00A
:10BE10000000F88F00000F88F00000F89E1AF20072
:10BE200008F08F08F08F08F08F08F08F08F00007F7
:10BE3000E20009F30000000007F10007F10007F13C
:10BE40000007F10007F10007F10007F10007F1001A
:10BE500007F10008F0186EC03EFC208F00000008BB
:10BE6000F00000008F00000008F0001DD18F001DC1
:10BE7000E208F01DE2008F2DF30008FEFF70008F36
:10BE8000E2BF3008F201EE108F0003FB08F000075C
:10BE9000F78F8F8F8F8F8F8F8F8F8F8F8F8E3CFE2F
:10BEA000913BFEA208FF969FCFC68FD08F70009F58
:10BEB000C0005F58F10005F60001F78F00004F4009
:10BEC000000F88F00004F40000F88F00004F4000DD
:10BED0000F88F00004F40000F88F00004F40000FBE
:10BEE000808E3BFEA108FFA68FD08F80006F48F1A7
:10BEF0000001F78F00000F88F00000F88F00000F9E
:10BF000088F00000F88F00000F80003BEFC40004B1
:10BF1000FD87CF600ED0000BF13F600003F54F307E
:10BF20000001F73F600003F50ED0000BF104FD7730
:10BF3000CF60003BEFC4008E3BFEB3008FFB57DFAA
:10BF4000308F90000DC08F100007F18F000005F3B7
:10BF50008F200007F18FA0001ED08FEC78EF308F7C
:10BF60002BFEB3008F000000008F000000008F0048
:10BF7000000000003BFFA2F704FD87DEF70ED000B3
:10BF80000BF73F600003F74F300001F73F600003FD
:10BF9000F70ED0000BF704FD77CEF7003BFFA3F7B9
:10BFA00000000001F700000001F700000001F78E1B
:10BFB0002BF08FED908FA0008F20008F00008F005E
:10BFC000008F00008F00008F000002AEFD911ED791
:10BFD00069D04F3000002FB4100006EFFD60000163
:10BFE0005BF5010000F75FA76BF319DFEC4005F389
:10BFF00000005F3000CFFFFA048F753005F30000BA
:10C000005F300005F300005F300004F400001FC63D
:10C0100080005DFC10AE00002F5AE00002F5AE007B
:10C02000002F5AE00002F5AE00002F59F00004F591
:10C030006F3000AF51EE76BFF502BEFB3F500DC032
:10C040000000CB06F20002F500F90009E0009E00B6
:10C050000F80002F606F10000CC0CB000005F6F4BD
:10C06000000000EFD00000008F7000BB00009F10A8
:10C07000004F16F1000EF60009C00F6005FCB0007D
:10C08000F600AC00AB5F105F1005F10F50F70AB07F
:10C09000000F76F009C0F50000ACBA004F8F000029
:10C0A00004FF4000EFA000000EE00008F400004F85
:10C0B00070009F208F305F5000CD2E900002FFD087
:10C0C00000000AF6000004FDE10001EB0DC000BE17
:10C0D000103F806F40007F400DC00000CB06F30092
:10C0E00002F400EA0009D0008F101F70001F707F5B
:10C0F00010000AE0D9000003F9F2000000CFB00000
:10C1000000006F40000000AD00001C79F500001A2F
:10C11000EE7000004FFFFFF915555BF400004F80F3
:10C120000001EC00000BE100008F400004F700006C
:10C130001EE555535FFFFFFC002CF500AF6100CCFE
:10C140000000DB0000DB0000DB0002EA001FF4005F
:10C1500005FA0000DB0000DB0000DB0000CC000083
:10C16000AF61002CF55F15F15F15F15F15F15F15FB
:10C17000F15F15F15F15F15F15F15F10BE8003AF40
:10C180004001F6001F7001F7001F7000F9000AFB64
:10C1900000FB201F7001F7001F7001F603AF40BEC7
:10C1A000900000000000003DE400B50C86F51E2064
:10C1B000F003EF90020000100002CE900D40893B8A
:10C1C000000E3B000E0D408902CE900008F8EFE70C
:10C1D000F70000000000000000000000000000491F
:10C1E000DC0000000016BFFFFF0000038DFFFFFF13
:10C1F000FF0000CFFFFFFFFFFF0000FFFFFFFFC7B3
:10C20000FF0000FFFFEA5100FF0000FF8300000075
:10C21000FF0000FF00000000FF0000FF0000000022
:10C22000FF0000FF00000000FF0000FF00002BFFE8
:10C23000FF0000FF0000DFFFFF2BFFFF0000DFFF1C
:10C24000FDDFFFFF00002BFFB2DFFFFD000000005D
:10C25000002BFFB20000000000D00FFFFFFFFFF037
:10C260000DFFFFC888888CFFFFF00F80000008F0EA
:10C270000FF00F80000008F00FFFFF80000008FFA4
:10C28000FFF00FECCCCCCEF00FF00FECCCCCCEF01E
:10C290000FFFFF80000008FFFFF00F80000008F094
:10C2A0000FF00F80000008F00FFFFFC888888CFF98
:10C2B000FFD00FFFFFFFFFF00DDFFF73FFFFFFFF5A
:10C2C000FDFFFFA5FFFFFFFFFFFFFFA5FFFFFFFF34
:10C2D000FFDFFF73FFFFFFFFFD0000000000000015
:10C2E00000DFFF73FFFFFFFFFDFFFFA5FFFFFFFF65
:10C2F000FFFFFFA5FFFFFFFFFFDFFF73FFFFFFFF54
:10C30000FD0000000000000000DFFF73FFFFFFFFE3
:10C31000FDFFFFA5FFFFFFFFFFFFFFA5FFFFFFFFE3
:10C32000FFDFFF73FFFFFFFFFD0000000000000ABA
:10C33000B1000000000000BFFC00000000000BFF87
:10C34000FB0000000000BFFFC01BA000000BFFFCB3
:10C3500000CFFB0000BFFFC000BFFFB00BFFFC0021
:10C36000000CFFFBBFFFC0000000CFFFFFFB000081
:10C3700000000CFFFFB00000000000BFFB00000049
:10C380000000000BB000000000030000000308FCE8
:10C3900010001CF8FFFC101CFFF5FFFC2CFFF5053E
:10C3A000FFFFFFF50005FFFFF500001DFFFD10007A
:10C3B0001CFFFFFC101CFFF9FFFC1CFFF505FFFC38
:10C3C000DFF50005FFD1A4000004A10000004FE04C
:10C3D0000000000002106FF1031000005FD06FF149
:10C3E0003FD10003FFF16FF15FFD000DFF406FF1E2
:10C3F00009FF704FF7006FF100CFE09FF0006FF181
:10C40000005FF3BFC0006FF1002FF5BFC0004FE029
:10C41000001FF6AFE0000000004FF46FF4000000D2
:10C4200000AFF00FFE10000005FFA006FFD30000D4
:10C430007FFF20009FFFDABEFFF4000006FFFFFF32
:10C44000FD3000000017BDCA5000000000008BB88E
:10C45000000000000000FFFF000000003006FFFFAA
:10C4600060030004FDDFFFFFFDEF400DFFFFFFFF56
:10C47000FFFFD04FFFFFF99FFFFFF408FFFF2002EF
:10C48000FFFF8000FFF900009FFF0000FFF90000A0
:10C490009FFF0008FFFF2002FFFF804FFFFFF99F73
:10C4A000FFFFF40DFFFFFFFFFFFFD004FEDFFFFFE4
:10C4B000FDDF40003006FFFF600300000000FFFFCB
:10C4C0000000000000008BB800000000000003DD49
:10C4D000303FF3000000006FFFF54FF4000000094B
:10C4E000FF99FFBFF4000001BFF6226FFFF40000C8
:10C4F0002DFE35FF53EFF40004FFC18FFFF82DFE32
:10C50000407FFA1AFFFFFFA1AFF7CF82DFFFFFFFE7
:10C51000FD28FC140EFFFFFFFFFFE041000FFFFFAF
:10C52000FFFFFFF000000FFFF9008FFFF000000F8A
:10C53000FFF8008FFFF000000FFFF8008FFFF00002
:10C54000000EFFF6006FFFE000000000DFFD0000BE
:10C5500000000000FFFF000000000000FFFF0000DF
:10C5600000000000FFFF000000000000FFFF0000CF
:10C5700000000000FFFF000000004FFFFFFFFFF47E
:10C5800000000BFFFFFFFFB0000000BFFFFFFB003C
:10C590000000000BFFFFB00000000000BFFB000028
:10C5A00000DFFFFC1BB1CFFFFDFFFFFFC22CFFFF31
:10C5B000FFFFFFFFFFFFFFFFFFFFFFFFFFFFF0E0B9
:10C5C000FFDFFFFFFFFFFFFFFD0004EFFFFFFFFEA8
:10C5D0004000001EFFFFFFFFFFE10000AFB00000C2
:10C5E000000BFA0005FF1000000001FF501EF600CE
:10C5F000000000006FE1AFB000000000000BFAFF88
:10C60000FFFF800008FFFFFFFFFFFFF1001FFFFF9C
:10C61000FFFFFFFFFFFFFFFFFFFFFFFFFFFFFFFF2A
:10C62000FFFFFFFFFFFFFFFFFFFFFFFF8FFFFFFF8A
:10C63000FFFFFFFFF8000006BDDA5002FF0005EF24
:10C64000FFFFFE42FF007FFFA77BFFF9FF05FFC151
:10C6500000002CFFFF0EFC00000222DFFF5FF20053
:10C66000000FFFFFFF8FB000000FFFFFFF00000073
:10C6700000000000000000000000000000FFFFFFBD
:10C68000F000000BF8FFFFFFF000002FF4FFFD2289
:10C69000200000CFE0FFFFC200002CFF40FF9FFF03
:10C6A000B76AFFF700FF24DFFFFFFE5000FF200501
:10C6B000ACDB600000000000000000008D000008FE
:10C6C000FF00008FFFDFFFFFFFFFFFFFFFFFFFFF08
:10C6D000FFFFFFFFFFFFFFFFFFDFFFFFFF00008FF8
:10C6E000FF000008FF0000008D00000000000000B7
:10C6F0000000000000008D0000000008FF000000A6
:10C70000008FFF0000CFFFFFFF0150FFFFFFFF067C
:10C71000F7FFFFFFFF00BEFFFFFFFF00AEFFFFFFC1
:10C72000FF05F8DFFFFFFF026000009FFF00000031
:10C730000009FF00000000009E0000000000000053
:10C7400000000000000000061000000000000000D3
:10C750001FD2000000008D000003EE10000008FF53
:10C76000000AB12FB000008FFF0005FC07F4DFFFC7
:10C77000FFFF02505F60F9FFFFFFFF06F70DC0BD2E
:10C78000FFFFFFFF00AE09F09FFFFFFFFF00AE09B4
:10C79000F08FFFFFFFFF06F70DC0ADDFFFFFFF02C9
:10C7A000505F60E900008FFF0005FC06F400000800
:10C7B000FF000AB12FB00000008D000002EE100053
:10C7C00000000000001FD200000000000000061062
:10C7D000008FFFFFFFFFFFFFF8FFFCFFFFFFFFFFE2
:10C7E000FFFF202FFFFFFFFFFFFC000CFFFFEEFF0E
:10C7F000FFFF202FFFFE22EFFFFFFCFFFFE2002ED6
:10C80000FFFFFE4EFE200002FFFFE202C20000001A
:10C81000FFFF200000000000FFFF000000000000FC
:10C82000FFFFFFFFFFFFFFFFFF8FFFFFFFFFFFFF88
:10C83000F800004E400000000BFB00000001FFF17B
:10C840000000009FFF9000002FFFFF30000CFFFF53
:10C85000FC0007FFFFFFF802FFFFFFFFF29FFFFF53
:10C86000FFFF9EFFFFFFFFFEFF2FFFFFFFFEF2BF58
:10C87000FFFFFE9FA1BFFFFF92FFA22FFFF204FF69
:10C88000FFFFF400029EFE92000000000000FF3057
:10C890000001CCFF40002DFFFF4003EFFFFF403FB2
:10C8A000FFFFFF44FFFFFFFF9FFFFFFFFFFFFFFFB3
:10C8B000FFFFFFFFFFFFFFAFFFFFFFFF45FFFFFF92
:10C8C000FF404FFFFFFF4003EFFFFF40002EFFFF41
:10C8D000300001CC0000000000000000000000005B
:10C8E0008F910000000000FFFF7000000000FFFFBC
:10C8F000FD40000000FFFFFFFA100000FFFFFFFFF8
:10C90000F70000FFFFFFFFFFD500FFFFFFFFFFFF66
:10C91000B2FFFFFFFFFFFFFDFFFFFFFFFFFFFDFF78
:10C92000FFFFFFFFFFB2FFFFFFFFFFD500FFFFFF8D
:10C93000FFF70000FFFFFFFA100000FFFFFD4000BF
:10C940000000FFFF70000000008EA100000000004A
:10C9500000000000000000000000000000008FFF49
:10C96000F8008FFFF8FFFFFF00FFFFFFFFFFFF0052
:10C97000FFFFFFFFFFFF00FFFFFFFFFFFF00FFFFC5
:10C98000FFFFFFFF00FFFFFFFFFFFF00FFFFFFFFB5
:10C99000FFFF00FFFFFFFFFFFF00FFFFFFFFFFFFA5
:10C9A00000FFFFFFFFFFFF00FFFFFFFFFFFF00FF94
:10C9B000FFFFFFFFFF00FFFFFF7FFFF7007FFFF795
:10C9C0008FFFFFFFFFFFF8FFFFFFFFFFFFFFFFFFEE
:10C9D000FFFFFFFFFFFFFFFFFFFFFFFFFFFFFFFF67
:10C9E000FFFFFFFFFFFFFFFFFFFFFFFFFFFFFFFF57
:10C9F000FFFFFFFFFFFFFFFFFFFFFFFFFFFFFFFF47
:10CA0000FFFFFFFFFFFFFFFFFFFFFFFFFFFFFFFF36
:10CA1000FFFFFFFFFFFFFFFFFFFFFF8FFFFFFFFF96
:10CA2000FFF80000000000CC100003FFFFD200045C
:10CA3000FFFFFE3004FFFFFFF404FFFFFFFF54FF82
:10CA4000FFFFFFF9FFFFFFFFFFFFFFFFFFFFFFFFFC
:10CA5000FFFFF9FFFFFFFF44FFFFFFF304FFFFFEAF
:10CA60003004FFFFD20004FFCC100003FF000000E1
:10CA700000000000002DD2000000000001EFFE10B9
:10CA8000000000001DFFFFD100000000CFFFFFFCF1
:10CA90000000000BFFFFFFFFB00000AFFFFFFFFF34
:10CAA000FA0009FFFFFFFFFFFF900FFFFFFFFFFFEF
:10CAB000FFF008FFFFFFFFFFFF8000000000000005
:10CAC00000000CFFFFFFFFFFFFC00FFFFFFFFFFF96
:10CAD000FFF00FFFFFFFFFFFFFF00CFFFFFFFFFF67
:10CAE000FFC00000001A40000001DFF000001DFF41
:10CAF000A00001DFFA00001DFFA00001DFFA000026
:10CB00000CFFA000000DFF80000001DFF800000016
:10CB10001DFF80000001DFF80000001DFF80000005
:10CB200001DFF00000001B5004A10000000FFD1009
:10CB300000000AFFD1000000AFFD1000000AFFD185
:10CB4000000000AFFD1000000AFFC0000008FFD089
:10CB500000008FFD100008FFD100008FFD100008BD
:10CB6000FFD100000FFD10000005B1000000000023
:10CB700004FF400000000008FF800000000008FFE4
:10CB8000800000000008FF800000000008FF800017
:10CB90000048888CFFC88884FFFFFFFFFFFFFFFF6E
:10CBA000FFFFFFFFFFFF48888CFFC8888400000854
:10CBB000FF800000000008FF800000000008FF80E8
:10CBC0000000000008FF800000000004FF4000009B
:10CBD00014444444444441EFFFFFFFFFFFFEFFFFC6
:10CBE000FFFFFFFFFF7BBBBBBBBBBBB7000005ADBF
:10CBF000FFDA5000000004DFFC88CFFD4000007F1A
:10CC0000FE400004EFF70007FFF4009E804FFF7026
:10CC10004FFFC000AFF80CFFF4DFFF809AFFFE0863
:10CC2000FFFDDFFF80EFFFFE08FFFD4FFFC08FFF1E
:10CC3000F80CFFF407FFF408EE804FFF70007FFE52
:10CC4000400004EFF8000004DFFC88CFFD40000046
:10CC50000005ADFFDA5000008C200000000000004D
:10CC60000000DFE400000000000000001BFF80491E
:10CC7000DFFDA5000000007FFFFFD88CFFD400007F
:10CC80000004EFF800004EFF700000001CFF69E890
:10CC900004FFF70004E3009FFEFF80CFFF400DFF7D
:10CCA0007005FFFFE08FFFD00DFFF7002DFFE08F35
:10CCB000FFD004FFFC0000AFF8CFFF30007FFF4043
:10CCC0000006FFFFF7000008FFF400003EFFA00091
:10CCD00000004DFFC88201BFF7000000005ADFFCD2
:10CCE0001008FFA000000000000000004EFD000042
:10CCF00000000000000002C8000000002DD200006B
:10CD0000000000000000BFFB000000000000000564
:10CD1000FFFF500000000000000DFFFFD0000000EA
:10CD20000000007FFFFFF7000000000001FFD88D2A
:10CD3000FF10000000000AFFA00AFFA00000000092
:10CD40003FFFB00BFFF300000000CFFFC00CFFFC63
:10CD500000000005FFFFD00DFFFF5000000EFFFF99
:10CD6000F99FFFFFE000008FFFFFE22EFFFFF800BA
:10CD700002FFFFFF9009FFFFFF100AFFFFFFE33EE6
:10CD8000FFFFFFA00FFFFFFFFFFFFFFFFFF008FF08
:10CD9000FFFFFFFFFFFFFF8000000000000000001A
:10CDA000000000000000D800000000000000FF802C
:10CDB000FFFF700007FFFFF8FFFFF6006FFFFFFDAA
:10CDC000788EFF15FFE8FFE20002E54FFE20FE200F
:10CDD000000013FFF300520000003FFF310052003B
:10CDE0000002EFF45E20FE20788EFF51FFE8FFE2A4
:10CDF000FFFFF6006FFFFFFDFFFF700007FFFFF86A
:10CE0000000000000000FF80000000000000D800CB
:10CE10000000000000000000000000000000000012
:10CE20000001DD10000000001DFFD100000001DF47
:10CE3000FFFD1000001DFF99FFD10001DFF9009FE9
:10CE4000FD101DFF900009FFD1BFF90000009FFBFE
:10CE50005F9000000009F5000000000000000000E5
:10CE600000000000005F9000000009F5BFF900001D
:10CE7000009FFB1DFF900009FFD101DFF9009FFD1E
:10CE800010001DFF99FFD1000001DFFFFD10000021
:10CE9000001DFFD10000000001DD100000000000B7
:10CEA0000000000000000000000000000000001D65
:10CEB000D10000000000000001DFFD10EFFFFFFFC8
:10CEC000D0001DFFFFD1AFFFFFFFF000CFCFFCFC74
:10CED0000000000FF0006B1FF1B60000000FF00023
:10CEE000000FF0000000000FF000000FF000000045
:10CEF000000FF000000FF00000006B1FF1B6000FF4
:10CF0000F0000000CFCFFCFC000FFFFFFFFA1DFF79
:10CF1000FFD1000DFFFFFFFE01DFFD10000000004C
:10CF20000000001DD1000000000000000000000013
:10CF30008FFFFFE200000000FFFFFFFE2000000067
:10CF4000FFFFFFFFFFFFFFF8FFFFFFFFFFFFFFFFF8
:10CF5000FFFFFFFFFFFFFFFFFFFFFFFFFFFFFFFFE1
:10CF6000FFFFFFFFFFFFFFFFFFFFFFFFFFFFFFFFD1
:10CF7000FFFFFFFFFFFFFFFFFFFFFFFFFFFFFFFFC1
:10CF8000FFFFFFFFFFFFFFFF8FFFFFFFFFFFFFF828
:10CF90000000000BB0000000000000BFFB0000001C
:10CFA00000000BFFFFB000000000BFFFFFFB000010
:10CFB000000BFFFFFFFFB000004FFFFFFFFFF4007B
:10CFC000000000FFFF000000000000FFFF00000065
:10CFD000000000FFFF000000000000FFFF00000055
:10CFE000000000FFFF000000DFFFF0DFFD0FFFFD8E
:10CFF000FFFFF900009FFFFFFFFFFFFFFFFFFFFFA5
:10D00000FFFFFFFFFFF0E0FFDFFFFFFFFFFFFFFD80
:10D0100000000000000000000000000000000AEA1C
:10D0200062000000000002FFFFF000000000009F0F
:10D03000FFFF00000000000FFFFFD0000000000213
:10D04000FFFFFB000000000003EFFF700000000086
:10D050000004FFF2000000000000BFFB0000000021
:10D0600000006FFF3000000200004FFF9000028FB1
:10D07000F3006FFFD0000AFFFFE4BFFFD10000EF15
:10D08000FFFFFFFFD100000AFFFFFFFF900000003D
:10D090006FFFFFFB3000000002FFDB7200000000AA
:10D0A0000008EE800000066108FFFF80002DFFD021
:10D0B000EF33FE002EFFF30EF33FE02EFFF3008F61
:10D0C000FFFF6EFFF300008EFFFFFFF30000000282
:10D0D000EFFFF3000000002EFFFF30000008EFFF1D
:10D0E000FFFF300008FFFFF6EFFF3000EF33FE02D6
:10D0F000EFFF300EF33FE002EFFF308FFFF800024A
:10D10000DFFD008EE800000066100000DFFFFF0D6D
:10D11000200000FFFFFF0FE20000FFFFFF0FFDDF19
:10D12000F0FFFFFF2000FFF0FFFFFFFFFFFFF0FF1A
:10D13000FFFFFFFFFFF0FFFFFFFFFFFFF0FFFFFF1D
:10D14000FFFFFFF0FFFFFFFFFFFFF0FFFFFFFFFF0D
:10D15000FFF0FFFFFFFFFFFFF0FFFFFFFFFFFFF00C
:10D16000DFFFFFFFFDFFF90000000000FFFFFFFFF2
:10D17000FF0000DFFFFFFFFD00008FFFFFFFFFC28A
:10D1800000FFFFFFFFFFFE20FF00000001FFE2FFA6
:10D1900000000000FFFCFF00000000FFFFFF000098
:10D1A0000000FFFFFFFFFFFFFFFFFFFFFFFFFFFF8D
:10D1B000FFFFFFFFFB11BFFFFFFFFFF1001FFFFF9E
:10D1C000FFFFF1001FFFFFFFFFFB11BFFFFFFFFF8E
:10D1D000FFFFFFFFFF8FFFFFFFFFFFF8122222225A
:10D1E000222221FFFFFFFFFFFFFFFFFFFFFFFFFFE7
:10D1F000FF12222222222221000000000000001241
:10D20000222222222221FFFFFFFFFFFFFFFFFFFF5D
:10D21000FFFFFFFF12222222222221000000000035
:10D22000000012222222222221FFFFFFFFFFFFFF28
:10D23000FFFFFFFFFFFFFF122222222222218FFF8A
:10D24000FFFFFFFFFFF8FFFFFFFFFFFFFFFFCFFF25
:10D25000FFFFFFFFFFFC09FFFFFFFFFFFF90D25F13
:10D26000FFFFFFFFF52DFF62CFFFFFFC26FFFFFA58
:10D2700018FFFF81AFFFFFFFE34DD43EFFFFFFFF2D
:10D28000FF8118FFFFFFFFFFFFFFFFFFFFFFFFFF13
:10D29000FFFFFFFFFFFF8FFFFFFFFFFFFFF800DF34
:10D2A000FFFD000001FFFFFC000003FFFFF700008F
:10D2B00006FFFFF2000008FFFFD000000AFFFFFF9B
:10D2C000FFD00CFFFFFFFFA00EFFFFFFFF200DFFB1
:10D2D000FFFFF80000000AFFE00000000EFF500012
:10D2E00000002FFC000000005FF3000000009FA082
:10D2F00000000000DF1000000000D7000000000464
:10D30000EE40000000DFFF99FFFD0000FFFF99FFE6
:10D31000FF0000FFFFFFFFFF0000FFFF9000000085
:10D3200000FFFF0DFFFF0D20FFFF0FFFFF0FE2FFCC
:10D33000FF0FFFFF0FFDFFFF0FFFFF2000FFFF0F9D
:10D34000FFFFFFFFFFFF0FFFFFFFFFFFFF0FFFFFCD
:10D35000FFFFDFFF0FFFFFFFFF00000FFFFFFFFFDB
:10D3600000000FFFFFFFFF00000DFFFFFFFD0000AB
:10D3700000CC000000000002FF3000000001BFFFF1
:10D38000FC2000001EFFFFFFE100009FFFFFFFF8F1
:10D390000000EFFFFFFFFD0000FFFFFFFFFF0001A8
:10D3A000FFFFFFFFFF0003FFFFFFFFFF3008FFFF4E
:10D3B000FFFFFF801EFFFFFFFFFFE1CFFFFFFFFF2B
:10D3C000FFFCCFFFFFFFFFFFFC000000000000009C
:10D3D00000000EFFE00000000004EE4000008FFFA0
:10D3E000FFFFFFFFFFFFF8FFFFFFFFFFFFFFFFFF54
:10D3F000FF00F00F00F00F00FFFF00F00F00F00F34
:10D4000000FFFFFFFFFFFFFFFFFFFFFFF80880881F
:10D4100008808FFFFFF808808808808FFFFFFFFFDC
:10D42000FFFFFFFFFFFFFF00F00000000F00FFFF06
:10D4300000F00000000F00FFFFFFFFFFFFFFFFFFF6
:10D44000FF8FFFFFFFFFFFFFFFF80000000000005D
:10D4500000000000000000000003AF7000000000AA
:10D460000004CFFFF00000000006DFFFFFA0000077
:10D470000017EFFFFFFF30000018FFFFFFFFFC0069
:10D48000002AFFFFFFFFFFF40008FFFFFFFFFFFF81
:10D49000D0000FFFFFFFFFFFFF600008FFFFFFFF4F
:10D4A000FFFE000000000000FFFFF700000000008A
:10D4B00000FFFFF1000000000000FFFF80000000FF
:10D4C000000000FFFF10000000000000FFFA000055
:10D4D0000000000000FFF2000000000000008F804C
:10D4E000000000000000000000000000DFFFFFF06F
:10D4F000D200FFFFFFF0FE20FFFFFFF0FFE2FFFF83
:10D50000FFF0FFFDFFFFFFF20000FFFFFFFFFFFF47
:10D51000FFFFFFFFFFFFFFFFFFFFFFFFFFFFFFFF1B
:10D52000FFFFFFFFFFFFFFFFFFFFFFFFFFFFFFFF0B
:10D53000FFFFFFFFFFFFFFFFFFFFFFFFFFFFFFFFFB
:10D54000FFFFFFFFFFFFDFFFFFFFFFFD0000000009
:10D550000000000000000000049CEFFEC940000035
:10D560000007EFFFFFFFFFFE700004DFFFFCA88A4B
:10D57000CFFFFD406FFFD5000000005DFFF6CFF646
:10D580000000000000006FFC1A30005ADFFDA5000B
:10D5900003A100004DFFFFFFFFD400000005FFFEC8
:10D5A000A88AEFFF50000001DF70000007FD1000A7
:10D5B00000001200000000210000000000004EE406
:10D5C0000000000000000000EFFE0000000000006E
:10D5D0000000EFFE00000000000000004EE400002C
:10D5E00000008FFFFFFFFFFFFFFFFF80FFFFFFFF38
:10D5F000FFFFFFFFFFF0FF000000000000000FFD35
:10D60000FF0FFFFFFFFFFFFF0FFFFF0FFFFFFFFFFA
:10D61000FFFF00FFFF0FFFFFFFFFFFFF00FFFF0FF8
:10D62000FFFFFFFFFFFF0FFFFF00000000000000F3
:10D630000FFDFFFFFFFFFFFFFFFFFFF08FFFFFFF6B
:10D64000FFFFFFFFFF808FFFFFFFFFFFFFFFFF8058
:10D65000FFFFFFFFFFFFFFFFFFF0FF0000000000E4
:10D6600000000FFDFF0FFFFFFFFFF0000FFFFF0F98
:10D67000FFFFFFFFF00000FFFF0FFFFFFFFFF000C5
:10D6800000FFFF0FFFFFFFFFF0000FFFFF00000094
:10D69000000000000FFDFFFFFFFFFFFFFFFFFFF097
:10D6A0008FFFFFFFFFFFFFFFFF808FFFFFFFFFFFE9
:10D6B000FFFFFF80FFFFFFFFFFFFFFFFFFF0FF0007
:10D6C0000000000000000FFDFF0FFFFFFF00000043
:10D6D0000FFFFF0FFFFFFF00000000FFFF0FFFFF26
:10D6E000FF00000000FFFF0FFFFFFF0000000FFF23
:10D6F000FF000000000000000FFDFFFFFFFFFFFF25
:10D70000FFFFFFF08FFFFFFFFFFFFFFFFF808FFF97
:10D71000FFFFFFFFFFFFFF80FFFFFFFFFFFFFFFF98
:10D72000FFF0FF000000000000000FFDFF0FFFF002
:10D73000000000000FFFFF0FFFF00000000000FFDF
:10D74000FF0FFFF00000000000FFFF0FFFF00000E0
:10D7500000000FFFFF000000000000000FFDFFFFB2
:10D76000FFFFFFFFFFFFFFF08FFFFFFFFFFFFFFF48
:10D77000FF808FFFFFFFFFFFFFFFFF80FFFFFFFF27
:10D78000FFFFFFFFFFF0FF000000000000000FFDA3
:10D79000FF000000000000000FFFFF00000000007D
:10D7A000000000FFFF0000000000000000FFFF007D
:10D7B0000000000000000FFFFF000000000000005C
:10D7C0000FFDFFFFFFFFFFFFFFFFFFF08FFFFFFFDA
:10D7D000FFFFFFFFFF8000000000000100000000CD
:10D7E000000000000007FD1000000000000001CF55
:10D7F000FFF500000000000000B929FE1000000045
:10D800000000003F10020000000003DF800A9000CB
:10D810000000037000DFFF77F7555555558FD30F84
:10D82000FFFDCCDFDCCCCCCDFFB08FFE1000AA001A
:10D8300000004D400046100001F2023310000000CD
:10D8400000000009B1CFF9000000000000000AFF4D
:10D85000FF900000000000000000BFF90000000081
:10D860000000000001220000000018DFFD9200020D
:10D87000EFFBEFFF300DFFFA2EFFE04FFFFA03FF43
:10D88000F59FFAFA354FFACFC08A3D0BFDEFFB0347
:10D89000128FFEFFFFB006FFFFFFFFD108FFFFEF73
:10D8A000FD11109FFFDFD1593B0BFDAFD7FA381D9B
:10D8B000FB5FFFFA01DFF70DFFFA1DFFF103EFFC3D
:10D8C000DFFF500018DFFEA30000007FFFF700001D
:10D8D000EFFFFFFFFFFFFEEFFFFFFFFFFFFE000078
:10D8E00000000000000FFFFFFFFFFFF00FFFFFFF32
:10D8F000FFFFF00FF99F99F99FF00FF88F88F88FCD
:10D90000F00FF88F88F88FF00FF88F88F88FF00FEE
:10D91000F88F88F88FF00FF88F88F88FF00FF88F56
:10D9200088F88FF00FF99F99F99FF00FFFFFFFFF25
:10D93000FFF008FFFFFFFFFF800000000000007FF6
:10D94000A00000000000008FFFB000000000000DEC
:10D95000FFFFA0000000008A1DFFFF000000008FF5
:10D96000FA1DFF700000008FFFFA1D800000008F7D
:10D97000FFFFFA000000008FFFFFFF800000008F14
:10D98000FFFFFF800000008FFFFFFF800000008F7F
:10D99000FFFFFF800000006FFFFFFF800000000B13
:10D9A000FFFFFF8000000000DFFFFF80000000009D
:10D9B0000EFFFF800000000000DEDB6000000000C2
:10D9C0000000000000000000000000001BFFFFFF3F
:10D9D000FFFFFFE40001DFFFFFFFFFFFFFFE001D71
:10D9E000FFFFFAEFFEAFFFFF01DFFFFFA02EE20A0D
:10D9F000FFFF1DFFFFFFE202202EFFFFCFFFFFFF13
:10DA0000FE2002EFFFFFCFFFFFFFFE2002EFFFFF30
:10DA10001DFFFFFFE202202EFFFF01DFFFFFA02E10
:10DA2000E20AFFFF001DFFFFFAEFFEAFFFFF00015C
:10DA3000DFFFFFFFFFFFFFFE00001BFFFFFFFFFFF9
:10DA4000FFE40008FFFFFFE4008FFFFFFFFE08F880
:10DA50000F0B40FF8FF80F0B40FFFFF80F0B40FF3D
:10DA6000FFFFFFFFFFFFFFFFFFFFFFFFFFFFFFFFC6
:10DA7000FFFFFFFFFFFFFFFFFFFFFFFFFFFFFFFFB6
:10DA8000FFFFFFFFFFFFFFFFFFFFFFFFFFFFFFFFA6
:10DA9000FFFFFFFFFFFFEFFFFFFFFFFE4EFFFFFF58
:10DAA000FFE4000000000000000100000000000092
:10DAB0000003E000001000000002EF1000BF0000B3
:10DAC00000007FF100CFF100000007FF11CFFF77CA
:10DAD000777777BFF1CFFFFFFFFFFFFFFF17FFFF54
:10DAE000FFFFFFFFFFE007FFF1000000000000065E
:10DAF000FF1000000000000005A000000000000072
:10DB000000000000000000000000500400000000C1
:10DB100000005004030C0100120040060505010737
:10DB20001F00400B0B0C00006100F0090A1000FE02
:10DB3000B100800D0D0C0000FF00000B0B0D00FF6D
:10DB400047016003020501074C016005040F01FD58
:10DB50006A017005040F00FD8801600607070005D3
:10DB6000A101500908080102C101A003030500FE3C
:10DB7000C901200606030003D201A003030300002D
:10DB8000D701A0050810FFFE1702B00A0A0C00001A
:10DB90005302F005050C000071023009090C000069
:10DBA000A7022009090C0000DD02B00A0B0C0000DE
:10DBB0001F033009090C00005503E0090A0C00009E
:10DBC00091039009090C0000C703500A0A0C0000D9
:10DBD0000304E0090A0C00003F04A003030900004D
:10DBE0004D04A003030C00FD5F0450090808010266
:10DBF0007F04500908060103970450090808010230
:10DC0000B7043009090C0000ED049010100F00FD5E
:10DC10006505B00B0D0CFF00B305200C0B0C0100CB
:10DC2000F505900B0B0C00003706300D0C0C0100B5
:10DC30007F06C00A090C0100B506300A090C010074
:10DC4000EB06600C0C0C00003307000D0B0C010000
:10DC50007507F004030C010087073008080CFF006B
:10DC6000B707800B0B0C0100F9078009090C0100B4
:10DC70002F08400F0D0C01007D08000D0B0C01005A
:10DC8000BF08700D0D0C00000D09900B0A0C01006F
:10DC90004909700D0E0F00FDB209A00B0A0C01001E
:10DCA000EE09F0090A0C00002A0A60090A0C0000BB
:10DCB000660AA00C0B0C0100A80A600B0D0CFF00FB
:10DCC000F60A0012120C0000620BC00A0B0C0000D6
:10DCD000A40B600A0C0CFF00EC0B800A0B0C00007C
:10DCE0002E0C5005050F01FD540CA0050810FFFE79
:10DCF000940C5005040F00FDB20C500908070102F6
:10DD0000CE0C0008080200FED60CA0090502010A8C
:10DD1000DB0C900909090000040DF00A0A0C01004F
:10DD2000400D200909090000690DF00A0A0C0000E5
:10DD3000A50DD0090A090000D20DA005070C0000AE
:10DD4000FC0D100B0A0C00FD380EE00A090C010056
:10DD50006E0E7004030C0100800E9004060FFEFD91
:10DD6000AD0EE009090C0100E30E7004020C010085
:10DD7000EF0EF0100F090100330FE00A090901004E
:10DD80005C0F300A0A090000890FF00A0A0C01FD35
:10DD9000C50FF00A0A0C00FD0110900606090100EB
:10DDA0001C100008080900004010A006070B000026
:10DDB0006710D00A090901009010F0080A09FF0055
:10DDC000BD10600E0F0900000111D0080909000004
:10DDD0002A11F0080A0CFFFD66115008080900001E
:10DDE0008A11A005060F00FDB711D004030F01FD35
:10DDF000CE11A005050F00FDF4115009090500041E
:10DE00000B12B006060600061D12000503040103EE
:10DE100023120010101100FEAB120010100C0000B5
:10DE20000B130010100E00FF7B130010100C0000ED
:10DE3000DB13000B0B0C00001D140010101000FE73
:10DE40009D140010101000FE1D150012120E00FF90
:10DE50009B150010101000FE1B160012120C000083
:10DE600087160010101000FE07170008080E00FFAC
:10DE70003F17000C0C0E00FF93170012121000FE4B
:10DE800023180010100C00008318000B0B1000FE6C
:10DE9000DB18000E0A1002FE2B19000E0E1200FDF8
:10DEA000A919000E0E0F00FF121A000E0E0E00FF31
:10DEB000741A000E0A1002FEC41A000E100EFFFFA4
:10DEC000341B000A0A0E00FF7A1B000A0A0E00FF2C
:10DED000C01B000E0E0E00FF221C000E0E040004DC
:10DEE0003E1C0012120C0000AA1C0014141000FEAC
:10DEF0004A1D00121410FFFEEA1D0010101000FE53
:10DF00006A1E000E0E0A0001B01E000E0E0A00016D
:10DF1000F61E0014140E00FF821F0010100C0000EB
:10DF2000E21F0010101000FE622000101111FFFE11
:10DF3000F320000E0F0E00FF5C21000E0E1000FEFD
:10DF4000CC21000E0E0E00FF2E22000E0E0E00FF42
:10DF500090220010100C0000F022000A0C10FFFEAE
:10DF60005023000E0E1000FEC023000E0E1000FE07
:10DF700030240012120C00009C2400101212FFFD2D
:10DF80003E25000C0C1000FE9E250014140F00FF0F
:10DF900034260014140A000198260014140A000103
:10DFA000FC260014140A000160270014140A000162
:10DFB000C4270014140A000128280014150E00FFBD
:10DFC000BB28000E0C1001FE1B29000E0E1000FED7
:10DFD0008B2900101111FFFD1C2A0014140C0000E5
:10DFE000942A000C0C1000FEF42A2010110B0001E2
:10DFF0000000721F51EF58EF5BEF5CEF5DEF61EFD8
:10E0000063EF65EF69EF6CEF71EF76EF77EF78EF25
:10E010008EEF93EF98EF9BEF9CEF9DEFA1EFA2EFB8
:10E02000A3EFA4EFB7EFB8EFBEEFC0EFC1EFC4EFBF
:10E03000C7EFC8EFC9EFCBEFE3EFE5EF14F015F052
:10E0400017F019F030F037F03AF043F06CF074F05C
:10E05000ABF03BF190F191F192F193F194F1D7F1A2
:10E06000E3F13DF254F2AAF412F7F2F720000000B7
:10E070005F0001000000000000000000000002003E
:10E08000B0000000F3F76000F0DF030800000000BC
:10E090003E00030000000102000304050206070819
:10E0A000090A090A0B0C000D0E0F101112130C14A3
:10E0B000140000001516171819161A1B1C1D1D1E1A
:10E0C0001F201D1D1621222303241E252526272857
:10E0D000292A2B002C002D2E2F303132332D3434B1
:10E0E00035302D2D2E2E36373839333A3A3B3A3CDF
:10E0F000290000093D0900000000000000000000A8
:10E10000000000000000000000000000000000000F
:10E1100000000000000000000000000000000000FF
:10E1200000000000000000000000000000000000EF
:10E130000000000001020003040502060708090AA6
:10E14000090A0B0C0D0E0F10110C121314151500EB
:10E15000000016171819171919191719191A19196A
:10E16000191917191719031B1C1D1D1E1F20212209
:10E1700023002400252627272700272628292626AE
:10E180002A2A272A272A2B2C2D2E2E2F2E3000002C
:10E190002309310900000000000000000000000019
:10E1A000000000000000000000000000000000006F
:10E1B000000000000000000000000000000000005F
:10E1C000000000000000000000000000000000004F
:10E1D000000100000000000000010000030000003A
:10E1E000000200000000000000000000000000002D
:10E1F000000001000000000000000000000000001E
:10E2000000010C0007FA00000000F2F1020C060405
:10E21000F6020D010B0308000000000000000000E2
:10E2200000000F02FE0000000000000000000000DF
:10E23000000500F80000000000FB04050000FD00E0
:10E24000FE0300FD00FDFFFB00000000FD0000FDDF
:10E25000FC0000FD00FB000000000000000000FDCD
:10E26000FD00FC00F900E10000FB0005080000FBD8
:10E2700003030805FC050000F10000000000000099
:10E2800000000000F7000000000000000000000097
:10E29000000000F9FDF300F6FE00000000010A0096
:10E2A000F8FEFF0100FC0000FEED00000000000091
:10E2B0000000000000ECFE0A00000000000000006A
:10E2C00000000000F6000000000000000000000850
:10E2D00000030000FB000000000000000000000040
:10E2E0000000000000000A02010000000000000021
:10E2F000000000000000000000000000000000001E
:10E30000000000000000000000000000000000000D
:10E31000F700000000000000000000000000000006
:10E320000000000000000002050308FD000005FDDC
:10E33000F8DD02070501FD00090008000800E800FB
:10E34000FD080008FD0503000001FD0000FC1400AD
:10E35000140008000B030408000000F70000000090
:10E3600001FE0002FBFDFB0200FD000000F60000C4
:10E37000000000000000000000EF000000000000AE
:10E3800000000000000000000001F200F0000000AA
:10E3900000FE0019FDFD0303FE00FD030000F20076
:10E3A00000000000000000000000E7000300000083
:10E3B000000000000000000000F0000F0000F70067
:10E3C0000800EFE7EFFB080000EF0003FA00FC0095
:10E3D00000000000000000000000000708E100004D
:10E3E000000000000000000000000C00020000001F
:10E3F00000000202FDFB00FFFFFD0000FE00000028
:10E40000FB00FE00FAFB00FAF8F8FB00FB00FB0043
:10E41000000000FE0000030002FD000100000003F8
:10E42000FE000000FE0303FF000000FB00FF0000F1
:10E43000000000010003FE00FD00FC0000FE0008DB
:10E440000000FD0000000000FF01FEFE0000FD00D6
:10E45000FD000000000000000000FFFF00FDFD00C7
:10E4600000000000010000FE00FDFDFD00000000B6
:10E470000000000000FE00000000FEFD00FC00F8AF
:10E48000FEF8050000FB03050700FAFFFD00FFF49E
:10E4900003FE02F203000001F300F2FEEAFE00F3C5
:10E4A0000005070003000000000100FBFD00F8006C
:10E4B0000000FD000000FD0000000000FFFF00FF65
:10E4C000FD00000000000000FDFD00FEFDFE00005C
:10E4D000FD0000000000000000000000FEFE00FD46
:10E4E00000FE00FB030000FD01030300000000002C
:10E4F00000FE0000000000020000FD00FDFEFD0027
:10E500000000000000000200FE00000000FDFC0012
:10E51000FB0008FE01F8000007F3F3F5FB0300FE23
:10E52000EFFB00FB00FB04FBF000F9000001FF0221
:10E53000FE000300F8F600F3FAFBFAF8FDF9FFFB22
:10E54000F902000100FD00000002000300000000CD
:10E5500000000000000000FD00FF00FFFD00FCFACD
:10E56000FAFF00F8000000000000FE0000000001BB
:10E57000FE0000000300000000000000000C00008E
:10E580000000000002000000FD000000000000008C
:10E5900000000000FB00030000000000000000007D
:10E5A00000000000FE000000FB00000000F3F80087
:10E5B0000000FCF30000FD0300F900000000000073
:10E5C00000000000FC0000FB000000000000000054
:10E5D000000000000300FB00000000030002FBFB42
:10E5E00000FDFDFD000000000000F800FD00FCFD46
:10E5F00000FAFAF8FE00FB00F8000000001400002A
:10E60000010000FD000300F50000000000E8FB0829
:10E6100008FEF50003FC00F3FFFD03EEFD0300041C
:10E62000F7FCF7F8F50000F1000F0000FF00000014
:10E63000FFFFFDF9F8FFE800000000000000000007
:10E6400001000000000000000000000000000000C9
:10E6500000FD00FFFDFC0000FB00FD0000000000CD
:10E6600000000000000000000000FF00FB000005AB
:10E67000FF0300FA03FEFFF9FD00FDFDFE00FCFCB8
:10E680000000FEFFFEFCFD0000FD0003FE00FA009E
:10E690000000FB00FC00FCFC030000000000000088
:10E6A00000FB0300FC00FEFDF8FEFEFEFFFEFDFF8A
:10E6B0000000000000FDFEFE0000000003FE00FE62
:10E6C000000000FEFDFEFEFDFE00020AFF00F90054
:10E6D000FE0500FDF5FD040000F4FC03FC0200FE55
:10E6E000FEF800FC010000FC0000000303FBFB003F
:10E6F000FCFDFCFDFD00FC01FBFC0800000000002F
:10E700000000000003000000000000000000000006
:10E71000000000000000000000000000FC000000FD
:10E7200000000000000000000000000000000000E9
:10E7300000000000000000000000000000000000D9
:10E740000000000000000000FE00000000000000CB
:10E7500000000000000000000000000000000000B9
:10E76000000000000000FEFD0000000000000000AE
:10E7700000000000FC0000FD0000FDFD00000000A6
:10E78000FD00000000FF0000000000FE000000008F
:10E79000FC00FB000000F80002FA0501FEF4000096
:10E7A000FAFD00F6FAF90000F5FDF6F6F400F900BE
:10E7B0000211FD00FAFDFFFDFCF9FBF7F6FAFD0082
:10E7C00000FE00010000EEFE0806FAF70001F80066
:10E7D000F3FEFD05E8FD010000EFFDF3FDED000097
:10E7E000EE000F0100FE00000000FFFEF6FE00EF4D
:10E7F00000000000F800FE00FFF9F40000FFFCF844
:10E80000FD00FE00000000F4FDF8F8FEFCFAFDFC3F
:10E8100000FBFEF8FC00FDFBFDFB000100FEF80024
:10E820000500FB00000000030002FB0A00FDFDFDE7
:10E83000000000000000F800FD00FCFD00FAFAF8FE
:10E84000FE00FB020A00000000140000010000FDB1
:10E8500000030000000000000000FF0000000000B6
:10E86000FEFB0000000000FF000000FDFD0000FBBB
:10E87000FD0000FB0004FF0000000000000100009C
:10E880000000040502FE00F8FC0008F8F8FBFB0A93
:10E890000503EAFE05FD00FD03FDF700FD03FDFE97
:10E8A000F8FE0000080500F900F2FD07FDF601FD85
:10E8B000F8F8FD0A0300FC00F9000208FAF7F6FA7E
:10E8C000080001EDFE03FCFEFA00FAF7FCFCFE0076
:10E8D00000FAFBFD000806FDF200F2FC00F7F1FF74
:10E8E000F8FCF8F9070000FD00FBFE00FDFB00044A
:10E8F000F8030000F200FDFAFCFEF8FAF8FA00F85E
:10E90000FDFAFBF8FD0000010CFC00F8FD00FDFB2A
:10E91000FAF9F9F6FDFB0500FC00F3FD0205F8F736
:10E92000FBF808FD01E8FB05FAFCF700F8F5FDFD32
:10E93000FEFDFBF8FF00000807FEEF00F1FA06F607
:10E94000EFFBF7F5F3F80500000000FD000003FD04
:10E950000502FB050000F8FF00FF000101FE0000BA
:10E9600000000000FD0000000002080100FD0000A2
:10E970000000FEFEFD000000010200000000020099
:10E98000FE000A00050101FD000500000002000074
:10E990000000000000000000000800070000000068
:10E9A00000000000000000000000F100FD0400086D
:10E9B00000001903FBFB0303FE01F300000CF10050
:10E9C00000000000000000000000EF0A240000002A
:10E9D000000000000000000000F100000000000046
:10E9E0000000000000000000000000000000000027
:10E9F00000000000FC0000FBFE0000000000000022
:10EA0000000000000000000000000000FE00F9000F
:10EA1000000100000321FBFE0807F90300000303C7
:10EA2000FD0000000000000000000000DF07000003
:10EA3000000000000000000000000000000000F9DD
:10EA4000000000F900000000FAFF000000FA00FDDD
:10EA500000F40000000000000000000000EF0000D3
:10EA6000000001000000000000FD0000FB00FC00B1
:10EA7000F9000000FC03FD0000F9FDFA0000F900B8
:10EA8000FD00F400FD0000EBFBF6FDF70000EF00D9
:10EA9000F9FF0000000000000000FCFBFEFC00008D
:10EAA0000000FA00FA03FD0500FEFAFEFCFB00FD83
:10EAB000FFFE02F9FF000000E9FEFC00FA00FEF490
:10EAC000FE0000FEFE000000000200FEFCFE04004E
:10EAD0000000000000000000000000000000000036
:10EAE0000000000000000000000000000000000026
:10EAF0000000000000000000000003000000000013
:10EB000000FA00FE000000FB03000000F9FDFB001E
:10EB100000F900FD00F400000000E700FBF7F3003F
:10EB200000EF00FEFC0000000000000000FDFCFF04
:10EB3000FC01000004FD00080DFDFDF8030D0406B6
:10EB4000F9030B03070607000000000000000000A7
:10EB50000000100CFBFD00FE140B1400000003006D
:10EB600000090000FC000000000000000000FE00A2
:10EB7000000000000000000400000000EAFDFEF6B6
:10EB8000F30000EF000000000000000000000000A3
:10EB90000000000000FC000000000000000000FE7B
:10EBA00000000000000000000400000000EAFDFE7C
:10EBB000F6F30000F6000000000000000000000076
:10EBC0000000000000000000FE000000FA0300FD4D
:10EBD000020503F800FFFE03000200000000FA0037
:10EBE000FEFEFB00FEF60010FD00FAFE00FEFC003B
:10EBF000FDF9FBFD000000FC00000000000000002B
:10EC000000FE00000000000000000400000000EA18
:10EC1000FDFEF6F30000EF0000000000000D000014
:10EC20000000000000000000FC00F8FDFE08FEFDF2
:10EC3000F601FE01FEF9010601020102FAF6FD00ED
:10EC4000F6FBF9F5F600FCFBFDFDFEFEFDFE00FE09
:10EC5000FF040004FE0008000000000000000000A7
:10EC6000000000FEFDFD0000F900FF00FC000000B8
:10EC70000000000000000000F100000000000000A3
:10EC800000000000FDFD00FD00000000FE0000FC93
:10EC9000FD0300FCFBFE00F9FEFAFEFD00FC000097
:10ECA000000000000000000000EF00080000FB0072
:10ECB000000000FD00FD0000FF0000FE00FA000063
:10ECC0000BFDF8F8020303FFF9020402080208FE34
:10ECD000F90000F60000F8F90000FB00FDFC00FC64
:10ECE00000FC00FE0400FEF8FD090000FE00FB0031
:10ECF0000003FA0003FD020000F800FEFF00FD0320
:10ED0000FE000000F6FDFA00F80000F40009FD0026
:10ED1000FB000200FD00FDF800FD0300000000FE06
:10ED2000000003FD010000FDFE00FD0000000000EA
:10ED3000000000000000000000000000F0000600DD
:10ED400000FE000000000100FDFD000000050006BF
:10ED50000000000000F0F1010B0804F6020B0009AE
:10ED6000000500000000000000000000000E000090
:10ED70000000000000000000000000000000000093
:10ED8000D0E1030894E0030832E103083D310000BC
:10ED9000AEAF030800DB03086CE0030880ED030856
:10EDA000100002286802012415FA01081DF9010863
:10EDB0001200030000FF010090ED030800000000B6
:10EDC000000000006FC6FC5FB4FA4FA3F93F92F851
:10EDD0002F71D60001949FE4F9BE01F8BE01F8AD91
:10EDE00001F7AD00F7AD00F757008300007F000486
:10EDF000F2000000AC0007F0000000CA0009D000DB
:10EE00000DFFFFFFFFFFF80688FB888EC884000215
:10EE1000F4000F70000003F2000F50000005F10035
:10EE20002F40000007F0004F20007FFFFFFFFFFF93
:10EE3000E0388DD888CF8870000D9000AC000000BD
:10EE40000F7000CA0000001F5000E800000000051D
:10EE5000F00000000005F00000000005F0000000D8
:10EE600007CFFFC81001DFFEFDFFD008FC15F0063C
:10EE7000600CF305F000000CF505F0000006FE76CE
:10EE8000F00000008FFFF9400000027CFFFE400010
:10EE90000005F4AFF2000005F009F7010005F006E7
:10EEA000F80C9205F02DF40CFFEDFDFFA0004AEFE9
:10EEB000FFC600000005F00000000005F0000000A3
:10EEC0000002700000009EE9000000DA0000AD447E
:10EED000DA00009E10001F4004F1004F400003F1D3
:10EEE000001F301E9000002F3003F10AD0000000F8
:10EEF000CB11BB05F300000001CFFC11E81AFE7036
:10EF000000001100AD0AD45F600000005F32F30022
:10EF10007E0000001F704F0004F000000BC004F0E2
:10EF2000003F000006F2002F2006E00002F700007C
:10EF3000BB23E60000CC000001AFE80000019DFD0E
:10EF4000700000000DF97BF70000004F9000DC001E
:10EF500000005F7000EC0000001FE11BF4000000E7
:10EF600005FDEF5000000004EFF3000000008FC724
:10EF7000FD20083007F9005FE21F800EE00005FE6B
:10EF8000AF300FD000004FFC000DF700005EFF30E7
:10EF900004FFEBBEFE6FF20029DFFC7003B000003F
:10EFA0000000000000BEBEADADAD57000ED0007F2A
:10EFB0006000EF0003FA0008F5000BF2000EF0000D
:10EFC0000FE0000FD0001FC0000FD0000FE0000EB8
:10EFD000F0000BF20008F50003FA0000EE00007FDD
:10EFE00060000ED02FB000AF3003FA000EF0009F8B
:10EFF0004006F7003FA002FB001FC000FD001FC03D
:10F0000002FB003FA006F7009F400EF003FA00AF9E
:10F01000302FB00000099000260990625FCBBCF54C
:10F0200002BFFB2007EFFE706F6996F60109901092
:10F030000006600000000000000000FA0000000070
:10F04000FA00000000FA00000000FA0000AFFFFF25
:10F05000FFF46AAAFDAAA20000FA00000000FA006C
:10F06000000000FA000006A10FF80AF705F209C037
:10F070000D709BBBB5DFFFF807B20FF80AE4000084
:10F08000000750000004F7000000AF1000000FC0A0
:10F09000000004F6000000AF1000000FC0000005E3
:10F0A000F6000000AF1000000FB0000005F60000F1
:10F0B00000AF1000000FB0000005F6000000BF1008
:10F0C00000001FB0000006F5000000BF0000001F98
:10F0D000B0000006F500000000018DFEA300000254
:10F0E000EFFDEFF60000DFA1006FF2006FC000003F
:10F0F0007FB00BF4000000FF00EF1000000CF30FD6
:10F10000F0000000AF50FF0000000AF50EF1000013
:10F1100000CF30BF4000000FF006FC000007FB00EE
:10F120000DFA1006FF20002EFFDFFF60000018DF41
:10F13000EA3000DFFFF4ACCEF4000BF4000BF40077
:10F140000BF4000BF4000BF4000BF4000BF4000BB9
:10F15000F4000BF4000BF4000BF4000BF4006CEF64
:10F16000EA3002DFFEDFFF505F910009FE00100071
:10F17000000EF200000000DF200000002FD0000091
:10F18000001DF50000001CF80000001DF800000044
:10F190001DF80000002EF70000002EF60000002EE3
:10F1A000FFCCCCCC94FFFFFFFFFC4FFFFFFFFF0322
:10F1B000CCCCCCEFD00000002FE20000001DF4000A
:10F1C00000000CF600000009FA00000000FFFE80BD
:10F1D00000000668EFC000000000DF5000000008DB
:10F1E000F801000000AF77E610006FF27FFFEEFF3E
:10F1F000F60028CFFEA30000000007FB000000007F
:10F20000003FD10000000001EF30000000000CF6CC
:10F2100000000000008FA00000000004FD000100BD
:10F2200000002EF2006F700000CF50006F700009D8
:10F23000F900006F70003FFFFFFFFFFFF22CCCCC06
:10F24000CCDFECC1000000007F7000000000007FF8
:10F250007000000000007F700000FFFFFFFF001F34
:10F26000FCCCCCC002FB000000004F900000000668
:10F27000F7000000007FECCA720009FFFFFFF700F3
:10F280000000028FF4000000008FA000000004FCCA
:10F29000020000006FA3F820005FF44FFFEDFFF9BC
:10F2A0000017CEFEB50000005BEFEB60000BFFEC3B
:10F2B000DFB000AFB200011004FC000000000AF44F
:10F2C000000000000EF06CFFC6000FFAFDBCFFA0AE
:10F2D0000FFF60002EF50FFA000005FA0CF7000092
:10F2E00003FC07FA000005FA01EF60002EF4004F5E
:10F2F000FEBCFF8000019DFEB4006FFFFFFFFFF228
:10F300006FECCCCCDFF16F8000006FA06F8000004D
:10F31000DF3014200004FC000000000CF5000000A9
:10F32000003FD000000000AF6000000002FE0000BF
:10F33000000009F8000000001FF1000000007F90AD
:10F3400000000000EF2000000006FB0000000006A7
:10F35000CEFEB50000CFFCACFFB006FC10002DF4D3
:10F3600009F6000008F706FB00001DF400AFEA9A5A
:10F37000FF80005EFFFFFE4006FE61027FF40EF399
:10F38000000005FC1FE0000000FF0FF1000003FE7D
:10F390000AFB10002DF801DFFCBCFFC00007CEFE09
:10F3A000B600003AEFEB400006FFDACFF8001FF49A
:10F3B0000001CF505F9000002FD06F9000003FF110
:10F3C0002FF40001CFF408FFDABFECF5004BEFD9C2
:10F3D0001AF4000000000DF3000000001FF0000010
:10F3E0000000AF900040001AFE1006FEDDFFE300B3
:10F3F00003ADFEC710000AE40FF807B200000000DA
:10F4000000000000000007B20FF80AE40AE40FF859
:10F4100007B20000000000000000000006A10FF885
:10F420000AF705F209C00D70000000006300000239
:10F430009FF40005CFFB4028EFE81000AFC40000A8
:10F44000008FFA400000029EFD710000006CFFB2C8
:10F4500000000039F40000000001AFFFFFFFF46A74
:10F46000AAAAAAA2000000000000000000000000FC
:10F47000000000AFFFFFFFF46AAAAAAAA26300007F
:10F480000000AFD610000017DFF930000003AFFC1A
:10F49000600000016EF4000006CFF30039FFD600D3
:10F4A0005DFFA30000AD710000002000000000001F
:10F4B0007CEFDA3002EFFCCEFF606F800008FE00C8
:10F4C0001000000FF100000001FE00000000BF600E
:10F4D000000001CF80000000CF800000004FC0007E
:10F4E0000000037400000000000000000002930010
:10F4F000000000AFC000000006F800000000004956
:10F50000DFFEC930000000002DFD97679EFB100054
:10F510000005FD300000004DE300003FA0005885CD
:10F520000394BE1000EC002DFFFFD7F51DB006F3CD
:10F5300001EF7104DFF505F20BD008F700001EF5AE
:10F5400000E70E900CF0000008F500CA0F700EE006
:10F55000000006F500AB0F700DF0000006F500BAD4
:10F560000E900AF300000BF500D80BD003FD10003D
:10F570007FF703F406F3007FFA9DF7FEAEC000ECC0
:10F580000004CFFB405EFA10003FA0000000000026
:10F5900000000005FD3000000000000000003DFDFF
:10F5A0009768AF7000000000005ADFFDB710000040
:10F5B0000000000EF80000000000005FFE000000E8
:10F5C000000000DFAF600000000004FA1FD0000060
:10F5D00000000BF30AF5000000002FC003FC000040
:10F5E0000000AF5000CF30000001FE00005FB0000F
:10F5F0000008F700000EF200000EFFFFFFFFF90009
:10F60000006FDAAAAAAAFF1000DF300000009F8076
:10F6100005FB000000002FE00CF4000000000AF6DB
:10F62000EFFFFFFEB5000EFBAAABDFFA00EF100004
:10F63000004FF30EF1000000AF60EF1000000CF47B
:10F640000EF1000029FC00EFFFFFFFFD100EFBAAEA
:10F65000AACEFD10EF10000008FB0EF10000000F15
:10F66000F0EF10000000FF1EF10000008FE0EFBA85
:10F67000AAABEFF40EFFFFFFFD9200000017CEFED5
:10F68000B5000005EFFFDEFFC1005FF920003BF58C
:10F6900002FF600000003008F900000000000DF3D8
:10F6A00000000000000FF000000000000FF000005C
:10F6B0000000000DF3000000000008F90000000049
:10F6C0000002FF6000000030005FFA30003BF500F0
:10F6D00005EFFFDFFFC1000017CEFEB500EFFFFF13
:10F6E000FDA40000EFDCCCDFFFB100EF1000005DF7
:10F6F000FD00EF10000000CFA0EF100000001FF190
:10F70000EF100000000AF6EF1000000008F8EF10FC
:10F7100000000007F8EF100000000AF6EF100000EC
:10F72000001FF1EF10000000BFA0EF1000005DFD12
:10F7300010EFCCCCDFFFB100EFFFFFFDA40000EF26
:10F74000FFFFFFFF0EFDCCCCCCC0EF100000000E81
:10F75000F100000000EF100000000EF100000000BA
:10F76000EFFFFFFFF20EFCCCCCCC10EF100000003E
:10F770000EF100000000EF100000000EF10000008C
:10F7800000EFCCCCCCCC3EFFFFFFFFF4EFFFFFFF40
:10F79000FFEFDCCCCCCCEF10000000EF100000003D
:10F7A000EF10000000EF10000000EFCCCCCCC1EF58
:10F7B000FFFFFFF2EF10000000EF10000000EF105D
:10F7C000000000EF10000000EF10000000EF10003C
:10F7D0000000000016CEFEB6000005EFFFDEFFD2EF
:10F7E000005FF9200029F702FF600000002008F9FF
:10F7F00000000000000DF300000000000FF000000A
:10F800000000110FF000000003FB0DF300000003E7
:10F81000FB08FA00000003FB01FF60000003FB008F
:10F820005FFA30002AFB0004EFFFDFFFE40000175F
:10F83000CEFEB600EF10000000DF2EF10000000D3C
:10F84000F2EF10000000DF2EF10000000DF2EF10CB
:10F85000000000DF2EF10000000DF2EFFFFFFFFFC0
:10F86000FF2EFDCCCCCCCFF2EF10000000DF2EF14C
:10F870000000000DF2EF10000000DF2EF10000008C
:10F880000DF2EF10000000DF2EF10000000DF2EF8E
:10F890001EF1EF1EF1EF1EF1EF1EF1EF1EF1EF1E54
:10F8A000F1EF1EF100CFFFFFF4009CCCCFF400007D
:10F8B000000BF40000000BF40000000BF40000004B
:10F8C0000BF40000000BF40000000BF40000000B30
:10F8D000F40000000BF40100000DF20CC2006FE018
:10F8E0000AFFDEFF60006CFFC500EF1000000BF8A0
:10F8F0000EF100000BF800EF10000BF9000EF10004
:10F900000BFA0000EF100AFB00000EF10AFB0000EA
:10F9100000EF19FF3000000EFAFEFE100000EFFDB0
:10F920001AFC00000EFD100CFA0000EF20001EF77C
:10F93000000EF100002FF400EF1000004FF20EF166
:10F940000000006FD1EF10000000EF10000000EF8A
:10F9500010000000EF10000000EF10000000EF109A
:10F96000000000EF10000000EF10000000EF10009A
:10F970000000EF10000000EF10000000EF1000008A
:10F9800000EFCCCCCCC8EFFFFFFFFBEF1000000076
:10F99000000EFEF90000000008FFEFF30000000277
:10F9A000FFFEFFC0000000BFFFEF9F6000004FAFF1
:10F9B000FEF1EE10000DF1FFEF06F90007F70EFE65
:10F9C000F00CF301FD00EFEF003FC0AF400EFEF082
:10F9D000009F9FA000EFEF0001EFF1000EFEF0008E
:10F9E00006F70000EFEF00000400000EFEF000003C
:10F9F000000000EFEF20000000DF2EFD1000000DE2
:10FA0000F2EFFB000000DF2EFEF800000DF2EF4FDA
:10FA1000F50000DF2EF15FF3000DF2EF108FE10033
:10FA2000DF2EF100BFC00DF2EF1001DF90DF2EF1ED
:10FA30000002FF6DF2EF100005FFFF2EF10000083D
:10FA4000FFF2EF1000000BFF2EF10000000DF2009E
:10FA50000016CEFEB500000004EFFEDFFFD300006D
:10FA60005FF920003BFF2001FF600000009FD008ED
:10FA7000F9000000000DF50DF30000000006FA0F7C
:10FA8000F00000000003FC0FF00000000003FC0D7C
:10FA9000F30000000006FA08F9000000000DF5016F
:10FAA000FF600000009FD0005FFA20003BFF2000B5
:10FAB00004EFFFDFFFD300000017CEFEB50000EF1C
:10FAC000FFFFEC7000EFDCCDEFFD20EF100002BF78
:10FAD000C0EF1000000EF3EF1000000AF5EF100069
:10FAE000000BF5EF1000002FF2EF100015DFA0EF74
:10FAF000FFFFFFFB00EFCCCCB94000EF100000008F
:10FB000000EF1000000000EF1000000000EF1000F8
:10FB1000000000000016CEFEB5000000004EFFFD04
:10FB2000FFFD3000005FFA20004BFF20001FF600B1
:10FB3000000009FD0008FA000000000DF500DF30AC
:10FB4000000000006FA00FF00000000003FC00FFA9
:10FB500000000000003FC00DF20000000006FA00A7
:10FB60009F9000000000CF5002FF500000008FD097
:10FB70000006FF920003BFF3000006FFFECEFFE386
:10FB8000000000028DFFFD600000000000009FE209
:10FB9000001A10000000008FFBBFF30000000000FF
:10FBA0004BEFB300EFFFFFEC7000EFDCCDEFFD207B
:10FBB000EF100002BFC0EF1000000EF3EF100000C6
:10FBC0000AF5EF1000000BF5EF1000002FF2EF1018
:10FBD0000015DFA0EFFFFFFFFA00EFCCCBDF9000B6
:10FBE000EF10001EF200EF100004FD00EF10000007
:10FBF0009F90EF1000000DF40006CEFEC71000CF5E
:10FC0000FDCDFFD008FC200017600CF300000000C1
:10FC10000CF40000000006FF71000000007FFFD917
:10FC2000400000016AEFFE4000000003AFF2000058
:10FC3000000008F70100000007F80DB300003EF4D3
:10FC40000AFFFCCEFF900039DFFEA400EFFFFFFFAC
:10FC5000FFFABCCCDFFCCCC800002FD000000000B5
:10FC60002FD0000000002FD0000000002FD0000097
:10FC700000002FD0000000002FD0000000002FD087
:10FC8000000000002FD0000000002FD00000000076
:10FC90002FD0000000002FD0000000002FD0000067
:10FCA0000FF00000002FD0FF00000002FD0FF00059
:10FCB00000002FD0FF00000002FD0FF00000002F19
:10FCC000D0FF00000002FD0FF00000002FD0FF0069
:10FCD000000002FC0FF00000002FC0DF3000000524
:10FCE000FA09F9000000CF602FF80001AFE0005FD3
:10FCF000FFDEFFE3000029DFFD81000CF5000000BE
:10FD0000000EF105FC000000006F9000EF300000D5
:10FD100000DF20007FA0000004FB00001FF20000B5
:10FD20000BF4000009F800002FD0000002FF0000D3
:10FD30009F60000000BF6001FE000000004FD00780
:10FD4000F8000000000DF40EF10000000006FB5F5B
:10FD5000A00000000000EFEF3000000000008FFC6A
:10FD60000000000000001FF50000003FD000000070
:10FD7000CF60000002FB0DF3000001FFC00000088F
:10FD8000F508F8000007FFF100000DF103FD000089
:10FD90000CF8F700003FB000DF30002FB2FC00008D
:10FDA0008F50008F80007F50CF1000DF00003FD0C9
:10FDB00000DF007F7003FB00000DF302FA002FC08C
:10FDC00008F5000008F808F5000CF20EF00000033A
:10FDD000FD0DF00007F73FB0000000DF6FA000014D
:10FDE000FC8F500000008FFF400000CFEF000000AC
:10FDF000003FFF0000006FFB000000000DF9000055
:10FE0000001FF500001FF3000000BF7005FE10008A
:10FE100006FB00009FA0002FE100000DF600DF4070
:10FE2000000003FF29F8000000007FEFC000000081
:10FE3000000BFF20000000001EFF7000000000BF4C
:10FE40009FF300000007FC05FD0000003FF200AF3B
:10FE5000A00000DF50000DF5000AFA000003FF20AB
:10FE60005FD00000007FC00CF500000004FB002FF5
:10FE7000E1000000DF20008F9000007F700000EFA5
:10FE800030002FD0000005FC000BF40000000BF642
:10FE900005FA000000002FE1EF10000000008FEFD6
:10FEA000700000000000DFD0000000000008F70034
:10FEB00000000000008F70000000000008F7000044
:10FEC000000000008F70000000000008F700000034
:10FED0000FFFFFFFFFFF40CCCCCCCCEFF2000000C7
:10FEE000001DF6000000000BF90000000008FC00F7
:10FEF00000000005FE1000000003FF3000000001BC
:10FF0000EF5000000000CF80000000009FB0000014
:10FF100000006FD1000000004FF2000000001EFE44
:10FF2000CCCCCCCC72FFFFFFFFFFF9EFFF4EFAA263
:10FF3000EF000EF000EF000EF000EF000EF000EF0B
:10FF4000000EF000EF000EF000EF000EF000EF00EA
:10FF50000EF000EF000EFAA2EFFF4057000000067F
:10FF6000F50000001FA0000000CF00000006F50013
:10FF700000001FA0000000BF00000006F500000008
:10FF80001FB0000000BF00000006F50000001FB019
:10FF9000000000BF10000005F60000000FB00000D8
:10FFA00000AF10000005F60000000FB0000000AF29
:10FFB00010000005F6AFFF96ACF9005F9005F90060
:10FFC0005F9005F9005F9005F9005F9005F9005F0B
:10FFD0009005F9005F9005F9005F9005F9005F96C4
:10FFE000ACF9AFFF9000007500000005FF100000A5
:10FFF0000CBF7000003F49D000009D03F40001F7E2
:020000040804EE
:1000000000CB0007F1006F200DA0000F804F3000E3
:1000100009E00000000000FFFFFFFFFF3333333330
:100020003327700005FC10002DD105BEFEB4007F03
:10003000FDBDFF502A10007FE00000000DF200011E
:10004000111CF308EFFFFFF39FC6444CF3FF0000C1
:100050000BF3EF10003FF38FD769FEF306CFFC5987
:10006000F33FB0000000003FB0000000003FB000D0
:100070000000003FB0000000003FB19EFD92003F35
:10008000DEFDCEFE403FFE30008FE13FF300000A70
:10009000F73FD0000004FA3FB0000002FC3FD00060
:1000A0000004FA3FF300000AF73FFE30008FE13F03
:1000B000CEFDCEFF403FA19EFE92000003AEFE911A
:1000C0000007FFDCEFE204FE40007F60CF4000004D
:1000D000100FE000000002FC000000000FE0000034
:1000E0000000CF4000001004FE40007F6007FFDCEE
:1000F000EFE20003AEFE91000000000001FD0000F1
:10010000000001FD0000000001FD0000000001FDF5
:100110000004BEFC61FD008FFDCEFBFD05FE40002E
:100120007FFD0CF5000009FD0FE0000003FD2FC06E
:10013000000001FD0FE0000003FD0CF4000008FDCD
:1001400005FE20005FFD008FFBADFBFD0004BEFD42
:1001500070FD0004BEFC6000008FFCBEFC0005FDCD
:100160002000AF800CF300000DF00FE1111119F425
:100170002FFFFFFFFFF60FE4444444410CF300005F
:10018000000004FE40002B20007FFECDFF60000336
:10019000AEFEA3000006DFD6006FEAC600CF200047
:1001A00000EF0000BFFFFFF17AFFAAA000EF000000
:1001B00000EF000000EF000000EF000000EF000083
:1001C00000EF000000EF000000EF000000EF000073
:1001D0000004BEFD70DF008FFDCEFCEF05FE400089
:1001E0005FFF0CF4000006FF0FE0000000FF2FC0CF
:1001F000000000FF0FE0000001FF0CF5000007FF0A
:1002000005FE40005FFF008FFDBEFCFF0004BEFD49
:1002100071FE0000000003FB01A400002DF504FFA7
:10022000FCBDFFA00028CEFEB5003FB000000003DB
:10023000FB000000003FB000000003FB00000000D6
:100240003FB19EFE9103FDEFDDFFD03FFD2002DFB9
:1002500073FF200004FC3FD000001FD3FB00000010
:10026000FE3FB000000FE3FB000000FE3FB00000C7
:100270000FE3FB000000FE3FB000000FE03EB07F48
:10028000F0084000003FB03FB03FB03FB03FB03F4C
:10029000B03FB03FB03FB03FB03FB00002EC000015
:1002A0005FF1000075000000000001FD00001FD09C
:1002B0000001FD00001FD00001FD00001FD0000163
:1002C000FD00001FD00001FD00001FD00001FD0057
:1002D000001FD00005FA07DBFF407EFD50003FB055
:1002E000000000003FB0000000003FB00000000030
:1002F0003FB0000000003FB00002DF503FB0002ED2
:10030000F6003FB003EF60003FB03FF600003FB49F
:10031000FF9000003FEFFFF200003FFF59FD00009B
:100320003FF400CF90003FB0001EF6003FB0000445
:10033000FF203FB000007FD03FB3FB3FB3FB3FB394
:10034000FB3FB3FB3FB3FB3FB3FB3FB3FB3FB03FD0
:10035000A3AEFD7005CFFC5003FDFEBCFFAAFEBCA2
:10036000FF703FFB1003FFF90004FF13FF100009AB
:10037000FE00000BF43FD000006FB000008F63FB65
:10038000000005F9000008F63FB000005F90000093
:100390008F63FB000005F9000008F63FB000005F26
:1003A0009000008F63FB000005F9000008F63FB0E5
:1003B00000005F9000008F603FA2AEFE9103FDFF42
:1003C000CBEFD03FFC1001CF73FF200004FC3FD0E7
:1003D00000001FD3FB000000FE3FB000000FE3FB56
:1003E000000000FE3FB000000FE3FB000000FE3FF6
:1003F000B000000FE00003AEFD9100007FFDCEFED7
:100400003005FE40007FE10CF4000009F70FE0002A
:100410000003FB2FC0000001FD0FE0000003FB0CF8
:10042000F4000009F704FE40007FE1007FFDCEFEEE
:10043000300003AEFD91003FA29EFD92003FCEFB37
:10044000ADFE403FFD20006FE13FF3000009F73FA4
:10045000D0000004FA3FB0000002FC3FD0000004CE
:10046000FA3FF300000AF73FFE30008FE13FDEFD68
:10047000CEFF403FB19EFE92003FB0000000003F23
:10048000B0000000003FB0000000003FB0000000DE
:10049000000004BEFC60FD008FFDCEFAFD05FE40AD
:1004A000007FFD0CF4000009FD0FE0000003FD2FAC
:1004B000C0000001FD0FE0000003FD0CF400000986
:1004C000FD05FE40007FFD008FFDCEFBFD0004BE5C
:1004D000FC61FD0000000001FD0000000001FD00C6
:1004E00000000001FD0000000001FD3FA19E83FC13
:1004F000EFF73FFE4003FF40003FE00003FC000039
:100500003FB00003FB00003FB00003FB00003FB022
:100510000000005CEFEA5009FFCBDFD01FE10002D2
:10052000302FD00000000DFC63000002CFFFFB3035
:10053000000147BFF200000009F60930000BF55F2B
:10054000FEBBEFC005AEFEC7000078000000EF0064
:100550000000EF0000BFFFFFF17AFFAAA000EF004C
:100560000000EF000000EF000000EF000000EF00CF
:100570000000EF000000CF4000006FFBD70007DF56
:10058000D54FA000003FB4FA000003FB4FA00000CD
:100590003FB4FA000003FB4FA000003FB4FA000094
:1005A00003FB4FB000005FB2FD000009FB0DF70038
:1005B00005FFB04FFDADFCFB003BEFD72FB00DF2B8
:1005C000000000EF006F9000005F9000FF00000B44
:1005D000F20009F60002FB00002FC0009F4000005F
:1005E000BF300FD0000004FA06F70000000DF1DF65
:1005F000100000007FBF9000000001FFF30000002A
:100600000009FC000000BF100000EF000001FA5FCD
:10061000700005FF600006F50FD0000BFFB0000C66
:10062000E00AF2001FABF1001F9004F8006F55F7CD
:10063000007F3000ED00CE00EC00DE00008F32F9CC
:10064000009F23F800003F98F3003F88F200000D60
:10065000EED0000DDEC0000007FF700007FF700045
:100660000001FF100002FF10002FE10000DF306FDB
:10067000B000AF6000AF706FA00000DF5FD100007E
:1006800003FFF30000000BFB00000006FFF6000074
:1006900002FE2EF20000DF403FD0009F80008FA0BE
:1006A0005FC00000CF600DF2000000EF006F90000F
:1006B000005F8000EF00000BF20008F70002FB0073
:1006C000001FD0009F400000AF400FD0000003FB90
:1006D00006F60000000DF2DF000000006FCF800082
:1006E000000000EFF20000000008FB000000000026
:1006F000AF40000003003FC0000002FDBFF3000058
:100700000008EFC4000000001FFFFFFFF80AAAAABC
:10071000AFF50000009F90000006FC0000003FE1E4
:10072000000001DF4000000BF70000007FB0000078
:1007300004FD1000001EFCAAAAA63FFFFFFFFB005D
:100740003CFA00EFC603FC0004FA0004FA0004FAC5
:100750000004FA0005FA008EF600DFE20007F90057
:1007600004FA0004FA0004FA0004FA0004FA000291
:10077000FD0000EFC6003CFAEEEEEEEEEEEEEEEE21
:10078000EEEEEEEEEEEEEEEEEEEEEEAFC3006CFE53
:100790000000CF3000AF4000AF4000AF4000AF409E
:1007A000009F50005FE8002EFD009F70009F4000FA
:1007B000AF4000AF4000AF4000AF4000CF306CFE14
:1007C00000AFC30009EE6000D67FABFB26F3B90093
:1007D0005EFF903100003200006DEA1007E53BC07B
:1007E0000E4000E41F0000B70F3000D508C208E03B
:1007F000009FFC200000100009A28FFC9FFD2DE54A
:1008000000000000000000000031000000000000B7
:100810000015AEFD0000000000027CFFFFFF00009D
:10082000000049EFFFFFFFFF000004BFFFFFFFFFD5
:10083000FFFF00000FFFFFFFFFFFFFFF00000FFFA4
:10084000FFFFFFFB69FF00000FFFFFFE950008FFA1
:1008500000000FFFC730000008FF00000FF8000085
:10086000000008FF00000FF80000000008FF000073
:100870000FF80000000008FF00000FF80000000063
:1008800008FF00000FF80000017BBDFF00000FF81B
:1008900000001EFFFFFF00133FF800007FFFFFFF77
:1008A0002BFFFFF800004FFFFFFCDFFFFFF8000009
:1008B00006EFFFA1FFFFFFF70000000220007FFF0F
:1008C000FFD1000000000000028AA6000000000026
:1008D0000000C403FFFFFFFFFFFF404CFDCDFFEE14
:1008E000EEEEEEFFDCDFFA8AFA00000000AFB8AFF0
:1008F000F403FA000000009F404FF404FA000000E7
:10090000009F504FFFFFFA000000009FFFFFF747D6
:10091000FD77777777DF847FF403FFFFFFFFFFFF2B
:10092000404FF747FD77777777DF847FFFFFFA0047
:100930000000009FFFFFF404FA000000009F504FEA
:10094000F403FA000000009F404FFA8AFA0000000A
:1009500000AFB8AFFDCDFFEEEEEEEEFFDCDFC4037F
:10096000FFFFFFFFFFFF404C000000000000000001
:100970000000DFFFFA0CFFFFFFFFFFFDFFFFFD0E92
:10098000FFFFFFFFFFFFFFFFFD0EFFFFFFFFFFFF6A
:10099000FFFFFD0EFFFFFFFFFFFFCFFFF90AFFFF85
:1009A000FFFFFFFC00000000000000000000CFFF80
:1009B000F90BFFFFFFFFFFFCFFFFFD0EFFFFFFFF37
:1009C000FFFFFFFFFD0EFFFFFFFFFFFFFFFFFD0E1D
:1009D000FFFFFFFFFFFFCFFFFA0BFFFFFFFFFFFC53
:1009E00000000000000000000000CFFFF90AFFFF38
:1009F000FFFFFFFBFFFFFD0EFFFFFFFFFFFFFFFFFE
:100A0000FD0EFFFFFFFFFFFFFFFFFD0EFFFFFFFFDC
:100A1000FFFFDFFFFA0CFFFFFFFFFFFD00000000FC
:100A200000000000000000000000000000004E6018
:100A30000000000000000004FFF7000000000000BC
:100A4000004FFFFF00000000000004FFFFF6000061
:100A5000000000004FFFFF6006E400000004FFFFFD
:100A6000F6007FFF4000004FFFFF6000FFFFF40033
:100A700004FFFFF600006FFFFF404FFFFF60000024
:100A800006FFFFF8FFFFF5000000006FFFFFFFFF0C
:100A9000500000000005FFFFFFF50000000000000F
:100AA0005FFFFF5000000000000005FFF5000000A0
:100AB00000000000005E5000000000000670000012
:100AC0000018408FFB000001DFF4FFFFB0001DFFA6
:100AD000FB7FFFFB01DFFFF408FFFFBDFFFF4000CE
:100AE0008FFFFFFFF4000008FFFFFF40000001EF51
:100AF000FFFC0000001DFFFFFFB00001DFFFFFFF54
:100B0000FB001DFFFF48FFFFB0CFFFF4008FFFF990
:100B1000DFFF400008FFF92EF40000008FC0001036
:100B2000000000010000000000265000000000004E
:100B3000000000DFF30000000000006400DFF400AC
:100B4000720000000BFE10DFF409FE300000AFFF62
:100B500050DFF40EFFE10005FFFB00DFF405FFFBB3
:100B6000000DFFB000DFF4005FFF404FFF2000DF0B
:100B7000F4000BFFA08FFB0000DFF40004FFF0BFC8
:100B8000F70000DFF40001FFF1BFF60000DFF40022
:100B900000FFF2BFF700008DC10000FFF18FFA00E7
:100BA0000000000004FFF04FFF10000000000AFFEB
:100BB000B00EFFB0000000004FFF5006FFF900002C
:100BC0000004FFFC0000AFFFD510039FFFF2000000
:100BD0000BFFFFFFFFFFFF400000008FFFFFFFFF45
:100BE000D200000000029EFFFFB6000000000000DF
:100BF00000121000000000000000000220000000B1
:100C00000000000006FFFF6000000000000008FF79
:100C1000FF800000000001002BFFFFB20010000069
:100C20008F87FFFFFFFF79F80004FFFFFFFFFFFF43
:100C3000FFFF400CFFFFFFFFFFFFFFFFC02FFFFF85
:100C4000FFC77CFFFFFFF207FFFFFA0000AFFFFFC7
:100C500070006FFFF100001FFFF600007FFFE00053
:100C6000000EFFF700006FFFF100001FFFF6000706
:100C7000FFFFFA0000AFFFFF702FFFFFFFC77CFFF1
:100C8000FFFFF20CFFFFFFFFFFFFFFFFC004FFFFAE
:100C9000FFFFFFFFFFFF40008F97FFFFFFFF78F888
:100CA000000001001BFFFFB100100000000008FF62
:100CB000FF8000000000000006FFFF600000000051
:100CC00000000002200000000000000000004610AC
:100CD0000067600000000000009FFE200FFF000082
:100CE00000000001BFFFFF51FFF10000000002DF24
:100CF000FC8FFF8FFF1000000004FFFA004EFFFF83
:100D0000F100000007FFF708D32DFFFF1000000AD5
:100D1000FFF51BFFF50BFFF400001CFFE22DFFFFAA
:100D2000F708FFF6003EFFC14EFFFFFFFA05FFF98F
:100D30000EFF906FFFFFFFFFFC13EFF64F709FFF5A
:100D4000FFFFFFFFFE31CC00003FFFFFFFFFFFFF73
:100D5000FB00000004FFFFFFFFFFFFFFC0000000DB
:100D60004FFFFF8001EFFFFC00000004FFFFF600D3
:100D70000EFFFFC00000004FFFFF6000EFFFFC0010
:100D8000000004FFFFF6000EFFFFC00000002FFF71
:100D9000FF4000CFFFFA000000000000000000004C
:100DA0000000000000000000566500000000000088
:100DB0000007FFFF7000000000000008FFFF800038
:100DC000000000000008FFFF800000000000000895
:100DD000FFFF8000000000000008FFFF800000000F
:100DE00000000008FFFF8000000000000008FFFF77
:100DF000800000000007EEEFFFFFFEEE7000000530
:100E0000FFFFFFFFFFFF500000006FFFFFFFFFF538
:100E10000000000005FFFFFFFF5000000000005F22
:100E2000FFFFF500000000000005FFFF500000007C
:100E30007AAAAA914FF419AAAAA7FFFFFFFD2332AD
:100E4000DFFFFFFFFFFFFFFFF99FFFFFFFFFFFFF38
:100E5000FFFFFFFFFFFFFFFFFFFFFFFFFFFFFB0F96
:100E600048FFFFFFFFFFFFFFFFEFEFFF1444444485
:100E700044444444444100003DFFFFFFFFFFF900AC
:100E80000000001EFFFFFFFFFFFFF80000000AFF49
:100E90009888888888DFF3000005FFA00000000024
:100EA00002FFD00001EFE1000000000007FF80001A
:100EB000AFF50000000000000DFF205FFA00000009
:100EC000000000003FFC0DFF988870000003888838
:100ED000DFF5FFFFFFFF500000CFFFFFFF7FFFFFA9
:100EE000FFFC00005FFFFFFFF8FFFFFFFFFFFFFFBA
:100EF000FFFFFFFF8FFFFFFFFFFFFFFFFFFFFFF879
:100F0000FFFFFFFFFFFFFFFFFFFFFF8EFFFFFFFF62
:100F1000FFFFFFFFFFFFF65EFFFFFFFFFFFFFFFF8B
:100F2000FFFB00000000000110000007BA000001F4
:100F30007CFFFFB5000BFF00007FFFFFFFFFE50B0D
:100F4000FF000AFFFFDBBEFFFF9AFF00AFFFA2001A
:100F5000003BFFFFFF05FFF6000000005FFFFF0DF5
:100F6000FF60000007BA9CFFFF3FFC0000000CFF81
:100F7000FFFFFF7FF60000000BFFFFFFFF000000F8
:100F80000000000000000000000000000000000061
:100F90000000000000000000000000FFFFFFFFB0A5
:100FA0000000006FF6FFFFFFFFC0000000CFF3FF5F
:100FB000FFC9AA70000007FFD0FFFFF50000000086
:100FC0006FFF50FFFFFFB300003BFFF900FFA9FFD9
:100FD000FFEBBDFFFFA000FFB05DFFFFFFFFF700CD
:100FE00000FFB0005BFFFFC8100000AB7000000105
:100FF0001000000000000000000100000002EE00F0
:1010000000002EFF000002EFFF47777EFFFFFFFF8B
:10101000FFFFFFFFFFFFFFFFFFFFFFFFFFFFFFFFE0
:10102000FFFFFFFFFFFFFFFFFFFFFFFFDFFFFFFFF0
:10103000FF000009FFFF0000009FFF00000009FF04
:10104000000000008900000000890000000000008E
:101050009FF000000000009FFF00000000009FFFC5
:10106000F00000DFFFFFFFFF00730FFFFFFFFFF047
:101070001FF4FFFFFFFFFF005FCFFFFFFFFFF00048
:10108000FFFFFFFFFFFF004FDFFFFFFFFFF01FF538
:10109000FFFFFFFFFF0085047777EFFFF000000000
:1010A0000002EFFF000000000002EFF0000000006F
:1010B0000002EE000000000000011000000000002F
:1010C00000000000007B2000000000000010000075
:1010D00009FE300000000002EE00000009FF2000C1
:1010E000000002EFF000087008FD00000002EFFFB2
:1010F0000000EFB00CF6047777EFFFF00002DF801E
:101100003FD0FFFFFFFFFF007401FF10CF3FFFFF45
:10111000FFFFF01FF408F707F6FFFFFFFFFF005F78
:10112000C03FA04F9FFFFFFFFFF000FF02FB04F94D
:10113000FFFFFFFFFF005FC03FA05F9FFFFFFFFFBC
:10114000F01FF408F707F6DFFFFFFFFF007402FF50
:1011500010CF3000009FFFF00002EF803FD0000072
:10116000009FFF0000EFB00CF6000000009FF000B1
:10117000087008FD00000000008900000008FF2042
:10118000000000000000000009FF30000000000027
:10119000000000007B2000005EFFFFFFFFFFFFFF5D
:1011A000FFE5EFFFFFFFFFFFFFFFFFFEFFF638FF4A
:1011B000FFFFFFFFFFFFFF6000AFFFFFFFFFFFFF2D
:1011C000FF30007FFFFFFBEFFFFFFF8000CFFFFF3F
:1011D000903EFFFFFFFA7CFFFFF90003EFFFFFFFE8
:1011E000FCFFFF9000003EFFFFFF906FF900000042
:1011F00008FFFFF900069000000008FFFFB00000A4
:101200000000000008FFFF8000000000000008FF51
:10121000FFC88888888888888CFFEFFFFFFFFFFF62
:10122000FFFFFFFE5EFFFFFFFFFFFFFFFFE5000088
:101230000042000000000003FF10000000000AFF51
:1012400060000000001FFFC0000000008FFFF400DE
:10125000000001FFFFFC0000000AFFFFFF6000002C
:101260004FFFFFFFF20001EFFFFFFFFC000BFFFF4E
:10127000FFFFFF703FFFFFFFFFFFF1AFFFFFFFFF2B
:10128000FFF6EFFFFFFFFFFFFAFFA6FFFFFFFFFBE9
:10129000EF91FFFFFFFFFABFE09FFFFFFFF75FF94E
:1012A00007CFFFFFF20CFFB309FFFF8001DFFFFF55
:1012B000FFFA000009FFFFFF7000000015774000F3
:1012C000004760000000161BFF1000002DFBBFF15F
:1012D00000002EFFCBFF10003EFFFCBFF1004FFFD0
:1012E000FFCBFF105FFFFFFCBFF16FFFFFFFCBFFE6
:1012F0009FFFFFFFFCBFFFFFFFFFFFCBFFFFFFFFD5
:10130000FFFCBFFFFFFFFFFFCBFF4EFFFFFFFCBF58
:10131000F12DFFFFFFCBFF101CFFFFFCBFF1000C06
:10132000FFFFCBFF10000BFFFCBFF100000AFFCA5C
:10133000FF10000008F70000000000000006500049
:10134000000000000000BFFD30000000000000FFB2
:10135000FFFA100000000000FFFFFFF70000000090
:1013600000FFFFFFFFD400000000FFFFFFFFFFB200
:10137000000000FFFFFFFFFFFF800000FFFFFFFFF7
:10138000FFFFFE5000FFFFFFFFFFFFFFFB20FFFFFF
:10139000FFFFFFFFFFFFF2FFFFFFFFFFFFFFFFF673
:1013A000FFFFFFFFFFFFFFFFF2FFFFFFFFFFFFFF5A
:1013B000FB20FFFFFFFFFFFFFD5000FFFFFFFFFFD0
:1013C000FF800000FFFFFFFFFFA2000000FFFFFF04
:1013D000FFD400000000FFFFFFF70000000000FF47
:1013E000FFFA100000000000BFFD30000000000008
:1013F000000650000000000000000677773000066D
:10140000777730BFFFFFF300BFFFFFF3FFFFFFF76A
:1014100000FFFFFFF7FFFFFFF800FFFFFFF8FFFFF0
:10142000FFF800FFFFFFF8FFFFFFF800FFFFFFF8E6
:10143000FFFFFFF800FFFFFFF8FFFFFFF800FFFFCF
:10144000FFF8FFFFFFF800FFFFFFF8FFFFFFF800C6
:10145000FFFFFFF8FFFFFFF800FFFFFFF8FFFFFFB0
:10146000F800FFFFFFF8FFFFFFF800FFFFFFF8FFA6
:10147000FFFFF800FFFFFFF8FFFFFFF800FFFFFF8F
:10148000F8FFFFFFF800FFFFFFF8EFFFFFF600EFA8
:10149000FFFFF66FFFFFC1006FFFFFC100000000FC
:1014A0000000000000057777777777777730BFFF08
:1014B000FFFFFFFFFFFFF3FFFFFFFFFFFFFFFFF750
:1014C000FFFFFFFFFFFFFFFFF8FFFFFFFFFFFFFF33
:1014D000FFF8FFFFFFFFFFFFFFFFF8FFFFFFFFFF2A
:1014E000FFFFFFF8FFFFFFFFFFFFFFFFF8FFFFFF1A
:1014F000FFFFFFFFFFF8FFFFFFFFFFFFFFFFF8FF0A
:10150000FFFFFFFFFFFFFFF8FFFFFFFFFFFFFFFFF2
:10151000F8FFFFFFFFFFFFFFFFF8FFFFFFFFFFFFE9
:10152000FFFFF8FFFFFFFFFFFFFFFFF8FFFFFFFFD9
:10153000FFFFFFFFF8EFFFFFFFFFFFFFFFF66FFF6B
:10154000FFFFFFFFFFFFC1000000000000000000E0
:1015500005200000005766FF4000000CFF8FFF6071
:101560000000DFF8FFFF70000DFF8FFFFF8000DF3E
:10157000F8FFFFFF900DFF8FFFFFFFB0DFF8FFFFC9
:10158000FFFFCDFF8FFFFFFFFFFFF8FFFFFFFFFF14
:10159000FF8FFFFFFFFFFFF8FFFFFFFF5DFF8FFFE4
:1015A000FFFF40DFF8FFFFFE300DFF8FFFFE200042
:1015B000DFF8FFFD20000DFF7FFD100000DFF3FBD3
:1015C0001000000CFF000000000000000000000000
:1015D0000210000000000000000AFF4000000000B0
:1015E00000000AFFFF30000000000008FFFFFE209F
:1015F0000000000007FFFFFFFE1000000006FFFFD5
:10160000FFFFFD10000005FFFFFFFFFFFC000004CF
:10161000FFFFFFFFFFFFFB0003FFFFFFFFFFFFFFD9
:10162000FA00DFFFFFFFFFFFFFFFF50EFFFFFFFFE9
:10163000FFFFFFFF605FFFFFFFFFFFFFFFC0000036
:1016400000000000000000009FFFFFFFFFFFFFFF02
:10165000E20FFFFFFFFFFFFFFFFF70FFFFFFFFFF36
:10166000FFFFFFF80FFFFFFFFFFFFFFFFF70BFFF50
:10167000FFFFFFFFFFFFF30000000000000000007D
:10168000000000000000000000005F800000005F1C
:10169000FF4000005FFFE200005FFFE200005FFF2D
:1016A000E300005FFFE300005FFFE300005FFFE394
:1016B00000000DFFF50000004FFFE30000004FFFAA
:1016C000E30000004FFFE30000005FFFE3000000C5
:1016D0005FFFE30000005FFFE20000005FFF4000EB
:1016E00000005F8000000000000000000000000219
:1016F000DB00000000CFFC00000009FFFC00000040
:1017000009FFFC00000009FFFC00000009FFFC00CD
:10171000000009FFFC00000009FFFC0000000DFFB5
:10172000F6000009FFFC000009FFFC000009FFFCB7
:10173000000009FFFC000009FFFC000009FFFC009D
:101740000000CFFC00000002DB00000000000000F1
:101750000000000000000255000000000000000F23
:10176000FF800000000000002FFFA000000000002C
:10177000002FFFA00000000000002FFFA0000000CD
:101780000000002FFFA00000000000002FFFA000BD
:1017900000003777778FFFC7777760EFFFFFFFFF96
:1017A000FFFFFFF6FFFFFFFFFFFFFFFFF8DFFFFF79
:1017B000FFFFFFFFFFF51444445FFFB444443000D3
:1017C00000002FFFA00000000000002FFFA000007D
:1017D000000000002FFFA00000000000002FFFA06D
:1017E0000000000000001FFF900000000000000D3E
:1017F000FF60000000000000002100000000499987
:1018000099999999999980FFFFFFFFFFFFFFFFF7D3
:10181000FFFFFFFFFFFFFFFFF7CFFFFFFFFFFFFF10
:10182000FFF402222222222222221000000006AD12
:10183000FFEC830000000000008FFFFFEFFFFC4083
:1018400000000003EFFF920005DFFF90000004FF9F
:10185000FF50025201CFFFB00004FFFF80007FF96C
:1018600001EFFFB001EFFFF00008FFF708FFFF8076
:10187000AFFFFB0225FFFFE03FFFFF2FFFFFA07F31
:10188000FFFFFF02FFFFF79FFFFB05FFFFFFC03FCA
:10189000FFFF21EFFFF00CFFFFF507FFFF8003FFC5
:1018A000FF801AFFE501EFFFB00004FFFF500010BA
:1018B00001CFFFB0000003DFFF920005DFFF9000C3
:1018C0000000007FFFFFEFFFFC400000000000056C
:1018D000ADEFEC830000000000600000000000009D
:1018E00000000000000BFC100000000000000000E1
:1018F00000000CFFE40000000000000000000000F9
:101900009FFF70048CEFED94000000000005FFFBCA
:10191000EFFFFEFFFFE600000000002DFFFFC40008
:1019200004CFFFB10000000000BFFF60031009FFFB
:10193000FE200000000007FFF94FFA00CFFFE10092
:10194000000BB0004EFFEFFFA04FFFFB00006FFD4C
:101950003001CFFFFFF10FFFFF5000BFFFF600087F
:10196000FFFFF30EFFFFA0006FFFFF00005FFFF21D
:101970000FFFFF50000CFFFF400002DFFE8FFFFA59
:10198000000001EFFFC000000AFFFFFFD1000000D0
:101990002EFFF90000006FFFFD1000000001CFFFD7
:1019A000C4000003EFFD200000000006EFFFFEE38F
:1019B000001BFFF50000000000059DEFEC20008FEC
:1019C000FF900000000000000000000004EFFB009A
:1019D000000000000000000000002CFA00000000E1
:1019E000000000000000000060000000000007A3ED
:1019F000000000000000000000008FFE100000004A
:101A0000000000000002FFFF900000000000000046
:101A1000000AFFFFF300000000000000004FFFFF7E
:101A2000FB0000000000000000DFFFFFFF5000008F
:101A30000000000006FFFFFFFFD0000000000000D4
:101A40000EFFA224FFF70000000000008FFF9001AE
:101A5000FFFF100000000002FFFFA002FFFF900048
:101A60000000000AFFFFB003FFFFF2000000003F8C
:101A7000FFFFC004FFFFFB00000000CFFFFFD00509
:101A8000FFFFFF40000006FFFFFFF99CFFFFFFD0B4
:101A900000000EFFFFFFF52BFFFFFFF700008FFF99
:101AA000FFFF9001FFFFFFFE1001FFFFFFFF80001F
:101AB000FFFFFFFF900AFFFFFFFFF41AFFFFFFFF8A
:101AC000F20FFFFFFFFFFFFFFFFFFFFFF70BFFFF1F
:101AD000FFFFFFFFFFFFFFFFF40168888888888809
:101AE0008888888840000000000000000430000062
:101AF0000000000000000FF50000000000000000E2
:101B00000FFF50EFFFF6000001CFFFFFF5FFFFFFD3
:101B100050000CFFFFFFFFFFFFFFF500BFFFFFFFBF
:101B2000F72223DFF809FFF72FFF8000002EB07F98
:101B3000FF900FF80000000306FFFA0007600000A6
:101B400000004FFFB000000000000003FFFD030095
:101B500007600000002EFFE13F900FF8002223DF16
:101B6000FE22EFF72FFF80FFFFFFF300CFFFFFFF05
:101B7000F8FFFFFF50000CFFFFFFFEEFFFF6000035
:101B800001CFFFFFF4000000000000000FFF400045
:101B90000000000000000FF5000000000000000041
:101BA0000430000000000094000000000000000C61
:101BB000FF50000000000000CFFFF5000000000013
:101BC0000CFFFFFF5000000000CFFFAEFFF500004C
:101BD000000CFFF902EFFF500000CFFF90002EFF36
:101BE000F5000CFFF9000002EFFF50AFFF9000007E
:101BF000002EFFF27FF90000000002EFE106700006
:101C00000000000029200670000000000029207F4D
:101C1000F90000000003EFE19FFF900000003EFF8D
:101C2000F20BFFF9000003EFFF5000BFFF90003EF2
:101C3000FFF500000BFFF903EFFF50000000BFFFAE
:101C4000AEFFF5000000000BFFFFFF50000000009A
:101C500000BFFFF50000000000000BFF5000000077
:101C600000000000940000000000009C1000000034
:101C7000000000000000000AFFD100588888888812
:101C800081000000AFFFFD20EFFFFFFFFFF6000027
:101C90000AFFFFFFE24EFFFFFFFFF600008FFCFF91
:101CA000CFFD000000001FF600007FC2FF67FC00B0
:101CB0000000001FF600000301FF6030000000007C
:101CC0001FF600000001FF6000000000001FF6008A
:101CD000000001FF6000000000001FF6000000018E
:101CE000FF6000000003D71FF63D700001FF600099
:101CF00000000AFF7FF9EFF00001FFB88888883202
:101D0000EFFFFFFF600001FFFFFFFFFFF22EFFFF6D
:101D1000F6000000DFFFFFFFFFE202EFFF600000C0
:101D200000000000000000002EF60000000000008F
:101D30000000000000013000005EFFFFFF90000087
:101D4000000000EFFFFFFFF90000000000FFFFFFB1
:101D5000FFFFB888888860FFFFFFFFFFFFFFFFFFDE
:101D6000FBFFFFFFFFFFFFFFFFFFFFFFFFFFFFFF87
:101D7000FFFFFFFFFFFFFFFFFFFFFFFFFFFFFFFF73
:101D8000FFFFFFFFFFFFFFFFFFFFFFFFFFFFFFFF63
:101D9000FFFFFFFFFFFFFFFFFFFFFFFFFFFFFFFF53
:101DA000FFFFFFFFFFFFFFFFFFFFFFFFFFFFFFFF43
:101DB000FFFFFFFFFFFFFFFFFFFFFFEFFFFFFFFF43
:101DC000FFFFFFFFFE5EFFFFFFFFFFFFFFFFE500DE
:101DD000000000031000000000000000006FD100B0
:101DE00000000000000006FFFD10000000000000E1
:101DF0006FFFFFD1000000000006FFFFFFFD100095
:101E00000000006FFFFFFFFFD100000006FFFFFF93
:101E1000FFFFFD1000000DFFFFFFFFFFFF60000050
:101E200000111BFFFF511100000000000BFFFF40DD
:101E30000000000000000BFFFF4000000000000059
:101E40000BFFFF400000000000000BFFFF40000000
:101E5000000000000BFFFF400000007AAAAA2BFF41
:101E6000FF42AAAAA7FFFFFF82677608FFFFFFFFD6
:101E7000FFFFFB7777BFFFFFFFFFFFFFFFFFFFFFC6
:101E8000FFFFFFFFFFFFFFFFFFFB0F48FFFFFFFF0D
:101E9000FFFFFFFFEFEFFF14444444444444444435
:101EA000410000000000000004620000000000008B
:101EB000000001FFFEB5000000000000007FFFFFF2
:101EC000F00000000000000EFFFFFF000000000017
:101ED0000005FFFFFFD0000000000000BFFFFFFB78
:101EE00000000000000006FFFFFF8000000000006F
:101EF0000005FFFFF40000000000000005FFFE00E9
:101F000000000000000000BFFF9000000000000083
:101F1000004FFFF2000000000000002EFFF800005C
:101F200000013000001DFFFD00000029FF70003E91
:101F3000FFFF300004BFFFFF407FFFFF500000EFB6
:101F4000FFFFFEEFFFFF5000000CFFFFFFFFFFFE53
:101F5000400000008FFFFFFFFFFB1000000004FFA8
:101F6000FFFFFFD500000000001FFFFFEA40000058
:101F70000000000057642000000000000000002561
:101F80004000000000000009FFFE30000004AA50DD
:101F90007FFFFFE000008FFFF5EFD37FF60008FF23
:101FA000FFB0FF800FF7008FFFFB00DFE7AFF50802
:101FB000FFFFB0005FFFFFFD9FFFFB000005EFFF8D
:101FC000FFFFFFB0000000015FFFFFFB000000000B
:101FD000000BFFFFF200000000259FFFFFFD100037
:101FE0000009FFFFFFFFFFD100007FFFFFFB6FFF36
:101FF000FD1000EFD37FF505FFFFD100FF800FF745
:10200000005FFFFD10DFE7AFF50005FFFFD15FFFC9
:10201000FFC000004FFFF405EFFB10000001662039
:10202000000100000000000000000008BBBBBB5026
:10203000900000000FFFFFFF81FB0000000FFFFF7B
:10204000FF81FFB000000FFFFFFF81FFF88CC90F79
:10205000FFFFFF800000FFFC0FFFFFFFD54443FFA1
:10206000FC0FFFFFFFFFFFFAFFFC0FFFFFFFFFFF6B
:10207000FAFFFC0FFFFFFFFFFFFAFFFC0FFFFFFF60
:10208000FFFFFAFFFC0FFFFFFFFFFFFAFFFC0FFF50
:10209000FFFFFFFFFAFFFC0FFFFFFFFFFFFAFFFC50
:1020A0000FFFFFFFFFFFFAFFFC0FFFFFFFFFFFFA2D
:1020B000FFFC0FFFFFFFFFFFFAFFFE0BFFFFFFFF1D
:1020C000FFF7FFFF91000000000000FFFFFFFFFF90
:1020D000FF800000FFFFFFFFFFFF700000588888AF
:1020E000888887100000067777777777600000BFD1
:1020F000FFFFFFFFFFFD1000FFFFFFFFFFFFFFC11E
:1021000000FF9000000001DFFC10FF8000000000D5
:10211000BFFFC0FF8000000000BFFFF3FF80000092
:102120000000BFFFF4FF8000000000BFFFF4FFD8F5
:1021300088888888EFFFF4FFFFFFFFFFFFFFFFF4B1
:10214000FFFFFFFFFFFFFFFFF4FFFFFFE402CFFFF2
:10215000FFF4FFFFFF60002FFFFFF4FFFFFF4000D1
:102160000FFFFFF4FFFFFFA0006FFFFFF4FFFFFF73
:10217000FC8AFFFFFFF4EFFFFFFFFFFFFFFFF36F9E
:10218000FFFFFFFFFFFFFFA00000000000000000B6
:1021900000000000000000000000EFFFFFFFFFFF55
:1021A000FFFFF6FFFFFFFFFFFFFFFFF8ACCCCCCC3B
:1021B000CCCCCCCCC400000000000000000000002B
:1021C000000000000000000000000000000000000F
:1021D000CDDDDDDDDDDDDDDDD5FFFFFFFFFFFFFF59
:1021E000FFF8DFFFFFFFFFFFFFFFF500000000002B
:1021F00000000000000000000000000000000000DF
:10220000000000000000ACCCCCCCCCCCCCCCC4FFCB
:10221000FFFFFFFFFFFFFFF8EFFFFFFFFFFFFFFFE5
:10222000F60000000000000000005EFFFFFFFFFF5F
:10223000FFFFFFE5EFFFFFFFFFFFFFFFFFFEFFFFD9
:10224000FFFFFFFFFFFFFFFF7FFFFFFFFFFFFFFF1E
:10225000FFF703EFFFFFFFFFFFFFFE30E31BFFFF72
:10226000FFFFFFFFB13EFF707FFFFFFFFFF707FF9C
:10227000FFFB13DFFFFFFD31BFFFFFFFE40AFFFF9E
:10228000A04EFFFFFFFFFF805DD508FFFFFFFFFFB0
:10229000FFFC2002CFFFFFFFFFFFFFFFFDDFFFFF7F
:1022A000FFFFFFFFFFFFFFFFFFFFFFFFEFFFFFFF4E
:1022B000FFFFFFFFFFFE5EFFFFFFFFFFFFFFFFE5EA
:1022C0000014444441000000BFFFFFFA000000EF8B
:1022D000FFFFF8000000FFFFFFF3000002FFFFFF19
:1022E000D0000004FFFFFF80000006FFFFFF40005A
:1022F0000008FFFFFFFFFFF50AFFFFFFFFFFF40DE0
:10230000FFFFFFFFFFB00FFFFFFFFFFF200BFFFFEF
:10231000FFFFF9000000008FFFE100000000CFFF89
:102320006000000000FFFD0000000003FFF400005B
:10233000000007FFA0000000000BFF2000000000CD
:102340000FF800000000002FE0000000000009402E
:102350000000000000067100000000001444BFFEF1
:102360004443000000EFFFF94FFFFF400000FFFF74
:10237000F83FFFFF500000FFFFFFFFFFFF5000008E
:10238000FFFFFFA88888200000FFFFF60000000084
:102390000000FFFFF0CFFFFF51E200FFFFF0EFFF73
:1023A000FF51FE20FFFFF0EFFFFF51FFE2FFFFF0C4
:1023B000EFFFFF50BBB7FFFFF0EFFFFF800000FF14
:1023C000FFF0EFFFFFFFFFFAFFFFF0EFFFFFFFFF60
:1023D000FAFFFFF0EFFFFFFFFFFAFFFFF0EFFFFF55
:1023E000FFFFFACFFFF0EFFFFFFFFFFA000000EF63
:1023F000FFFFFFFFFA000000EFFFFFFFFFFA000002
:1024000000EFFFFFFFFFFA0000007BBBBBBBBBB4CC
:1024100000000000310000000000000005FD000089
:10242000000000000009FF10000000000007EFFF9F
:10243000FB2000000000AFFFFFFFF300000008FFDB
:10244000FFFFFFFE1000001FFFFFFFFFFF800000E7
:102450005FFFFFFFFFFFD000007FFFFFFFFFFFF0E8
:1024600000008FFFFFFFFFFFF000009FFFFFFFFF57
:10247000FFF10000DFFFFFFFFFFFF50001FFFFFF9F
:10248000FFFFFFF90009FFFFFFFFFFFFFF105FFFE6
:10249000FFFFFFFFFFFFD0EFFFFFFFFFFFFFFFF694
:1024A0009FFFFFFFFFFFFFFFE300000000000000B1
:1024B0000000000000AFFFF20000000000003FFF3E
:1024C000A00000000000000275000000005EFFFF99
:1024D000FFFFFFFFFFFFFFFB0EFFFFFFFFFFFFFF01
:1024E000FFFFFFF6FFC88FA8AF88BF88FB88FF8F6C
:1024F000F800F404F005E00E500FF8FF800F404F95
:10250000006F00F600FF8FFFFFFFFFFFFFFFFFFFE1
:10251000FFF8FFFF946F648F44BB44FFFF8FFFF60B
:1025200002F205F008800EFFF8FFFF946F648F44FD
:10253000BB44FFFF8FFFFFFFFFFFFFFFFFFFFFF821
:10254000FF800F4000000000F600FF8FF800F4004D
:102550000000000E500FF8FFC88FA888888888FBFD
:1025600088FF8EFFFFFFFFFFFFFFFFFFFFF65EFF0D
:10257000FFFFFFFFFFFFFFFFFB0000000000000068
:10258000000000560000000000000000017EFFA0D7
:10259000000000000000018FFFFFF00000000000BD
:1025A00002AFFFFFFFA00000000004BFFFFFFFFF1E
:1025B0003000000005CFFFFFFFFFFB00000006DF3B
:1025C000FFFFFFFFFFF4000018EFFFFFFFFFFFFF1B
:1025D000D00005FFFFFFFFFFFFFFFF50000EFFFFD2
:1025E000FFFFFFFFFFFE00000DFFFFFFFFFFFFFFEC
:1025F000F7000002ACCCCCCDFFFFFFF000000000E4
:10260000000004FFFFFF8000000000000004FFFF47
:10261000FF1000000000000004FFFFF900000000B0
:1026200000000004FFFFF20000000000000004FFB3
:10263000FFB00000000000000004FFFF30000000B9
:102640000000000003FFFC0000000000000000008C
:10265000EFF4000000000000000000273000000040
:1026600000244444443030000FFFFFFFFC0F6000A3
:10267000FFFFFFFFC0FF600FFFFFFFFC0FFF60FFCA
:10268000FFFFFFC0FFFF6FFFFFFFFC0BBBBBFFFFA8
:10269000FFFFE100000FFFFFFFFFFFFFFFFFFFFF56
:1026A000FFFFFFFFFFFFFFFFFFFFFFFFFFFFFFFF3A
:1026B000FFFFFFFFFFFFFFFFFFFFFFFFFFFFFFFF2A
:1026C000FFFFFFFFFFFFFFFFFFFFFFFFFFFFFFFF1A
:1026D000FFFFFFFFFFFFFFFFFFFFFFFFFFFFFFFF0A
:1026E000FFFFFFFFFFFFFFFFFFFFFFFFFFFFFFFFFA
:1026F000FFFFFFFFFFFFFF8BBBBBBBBBBBBB800074
:102700000000000023432000000000000000038CB4
:10271000FFFFFFFC8300000000006DFFFFFFFFFFD5
:10272000FFFD60000003DFFFFFFFFEFFFFFFFFD3A1
:102730000008FFFFFB720000027BFFFFF80AFFFFAB
:10274000A2000000000002AFFFFABFFD3000000051
:10275000000000003DFFB0BA1000059DEFED9500B0
:10276000001AB00000006DFFFFFFFFFD60000000D9
:102770000001BFFFFFFFFFFFFFB1000000008FFF60
:10278000FA53235AFFFF8000000000CFB100000081
:1027900001BFC00000000000400000000000400039
:1027A000000000000000019D9100000000000000FA
:1027B000000000AFFFA00000000000000000000FBC
:1027C000FFFF00000000000000000000CFFFC0007D
:1027D000000000000000000003EFE3000000000024
:1027E00000000000000010000000000000178888B2
:1027F0008888888888888888600CFFFFFFFFFFFF33
:10280000FFFFFFFFFF80FFFFFFFFFFFFFFFFFFFF57
:10281000FFFC0FF8000000000000000000CFFDFFEB
:1028200084FFFFFFFFFFFFFFFF0CFFFFF84FFFFFDD
:10283000FFFFFFFFFFF05BFFFF84FFFFFFFFFFFFD6
:10284000FFFF008FFFF84FFFFFFFFFFFFFFFF008C4
:10285000FFFF84FFFFFFFFFFFFFFFF0CFFFFF800FC
:102860000000000000000000CFFFFFC888888888B3
:10287000888888888EFD4EFFFFFFFFFFFFFFFFFF68
:10288000FFFFA04EFFFFFFFFFFFFFFFFFFFFC200A4
:102890001788888888888888888888600CFFFFFF68
:1028A000FFFFFFFFFFFFFFFF80FFFFFFFFFFFFFFB7
:1028B000FFFFFFFFFC0FF800000000000000000019
:1028C000CFFDFF81FFFFFFFFFFFF60000CFFFFF860
:1028D0001FFFFFFFFFFFF600005BFFFF81FFFFFF11
:1028E000FFFFFF6000008FFFF81FFFFFFFFFFFF6F5
:1028F000000008FFFF81FFFFFFFFFFFF60000CFFEC
:10290000FFF8000000000000000000CFFFFFC888B3
:10291000888888888888888EFD4EFFFFFFFFFFFF2C
:10292000FFFFFFFFFFA04EFFFFFFFFFFFFFFFFFFC7
:10293000FFC2001788888888888888888888600C03
:10294000FFFFFFFFFFFFFFFFFFFFFF80FFFFFFFF16
:10295000FFFFFFFFFFFFFFFC0FF80000000000007B
:10296000000000CFFDFF81FFFFFFFFA00000000C73
:10297000FFFFF81FFFFFFFFA000000005BFFFF8171
:10298000FFFFFFFFA0000000008FFFF81FFFFFFF09
:10299000FA0000000008FFFF81FFFFFFFFA000001A
:1029A000000CFFFFF8000000000000000000CFFF57
:1029B000FFC888888888888888888EFD4EFFFFFF3A
:1029C000FFFFFFFFFFFFFFFFA04EFFFFFFFFFFFF27
:1029D000FFFFFFFFC200178888888888888888885A
:1029E00088600CFFFFFFFFFFFFFFFFFFFFFF80FF7F
:1029F000FFFFFFFFFFFFFFFFFFFFFC0FF8000000DE
:102A0000000000000000CFFDFF81FFFFE00000009C
:102A100000000CFFFFF81FFFFE0000000000005B3D
:102A2000FFFF81FFFFE00000000000008FFFF81FA4
:102A3000FFFE00000000000008FFFF81FFFFE00034
:102A4000000000000CFFFFF8000000000000000084
:102A500000CFFFFFC888888888888888888EFD4EC8
:102A6000FFFFFFFFFFFFFFFFFFFFFFA04EFFFFFF86
:102A7000FFFFFFFFFFFFFFC2001788888888888854
:102A800088888888600CFFFFFFFFFFFFFFFFFFFFC4
:102A9000FF80FFFFFFFFFFFFFFFFFFFFFFFC0FF8BF
:102AA000000000000000000000CFFDFF80000000DB
:102AB00000000000000CFFFFF80000000000000014
:102AC00000005BFFFF800000000000000000008F9E
:102AD000FFF800000000000000000008FFFF800079
:102AE000000000000000000CFFFFF80000000000E4
:102AF00000000000CFFFFFC8888888888888888801
:102B00008EFD4EFFFFFFFFFFFFFFFFFFFFFFA04E09
:102B1000FFFFFFFFFFFFFFFFFFFFC20000000000FD
:102B20000000001000000000000000000000000C89
:102B3000FE200000000000000000007CDFFF90008D
:102B40000000000000000009FBBFFF900000000033
:102B5000000000002F700AFC10000000000032008E
:102B6000009E00000000000000002DFF9001F60014
:102B7000000000001C3000CFFFF63CF3333333334A
:102B8000335FF910FFFFFFFFFFFFFFFFFFFFFFFFB6
:102B9000D0CFFFF63334ED333333335FFA102DFFEC
:102BA0009000005F300000001C3000003200000088
:102BB0000DA0000000000000000000000006F30A65
:102BC000FFF7000000000000000000CEAEFFF8009C
:102BD000000000000000000008BEFFF80000000038
:102BE0000000000000000AFFF700000000000000E5
:102BF000000000012220000000000000343100002D
:102C0000000003BFFFFFE70000006FFFFAFFFFB007
:102C10000004FFFFF19FFFF8000DFFFFF10AFFFF27
:102C2000103FFFFFF100BFFF607FFD8FF1660CFFDB
:102C3000A0AFF807F16F13FFD0CFFF7071531EFFE5
:102C4000F0DFFFF70001DFFFF0EFFFFF600CFFFF99
:102C5000F0EFFFFF3007FFFFF0DFFFF300108FFF03
:102C6000F0CFFF30B16709FFF09FF60BF26E02FF65
:102C7000D06FFFCFF2522EFFA01FFFFFF202EFFF37
:102C80005009FFFFF22EFFFE0000DFFFF4EFFFF51B
:102C900000001AFFFFFFFF6000000027ABB95000E3
:102CA00000000002ABBBB700000057777CFFFFFFBE
:102CB000777772FFFFFFFFFFFFFFFFF7EFFFFFFFD9
:102CC000FFFFFFFFF6000000000000000000068884
:102CD000888888888888200CFFFFFFFFFFFFFF405F
:102CE0000CFFFFFFFFFFFFFF400CFF77FF3BFE1EC7
:102CF000FF400CFF66FF2AFE0EFF400CFF66FF2A16
:102D0000FE0EFF400CFF66FF2AFE0EFF400CFF6622
:102D1000FF2AFE0EFF400CFF66FF2AFE0EFF400C4E
:102D2000FF66FF2AFE0EFF400CFF66FF2AFE0EFF25
:102D3000400CFF66FF2AFE0EFF400CFF77FF3BFEB4
:102D40001EFF400BFFFFFFFFFFFFFF3007FFFFFFEE
:102D5000FFFFFFFE00005788888888887200000007
:102D600000000000000164000000000000000002FC
:102D7000DFF80000000000000002EFFFF800000094
:102D8000000000007FFFFFF8000000000002908FAD
:102D9000FFFFF00000000002EFB08FFFFC0000001A
:102DA0000002EFFFB08FFE1000000002EFFFFFB047
:102DB0008E2000000002EFFFFFFFB01000000002B5
:102DC000EFFFFFFFFE1000000002EFFFFFFFFE20FD
:102DD00000000002EFFFFFFFFE2000000002EFFFF7
:102DE000FFFFFE2000000002EFFFFFFFFE200000BB
:102DF0000001EFFFFFFFFE20000000008FFFFFFF3C
:102E0000FE20000000000AFFFFFFFE20000000007F
:102E100000CFFFFFFE2000000000000EFFFFFE209D
:102E2000000000000000FFFFFE2000000000000086
:102E300005753100000000000000000000006EFF7A
:102E4000FFFFFFFFFFFFFB2000008FFFFFFFFFFFE3
:102E5000FFFFFFFB00008FFFFFFFFFFFFFFFFFFFF4
:102E6000F0008FFFFFFF85FFFF58FFFFFF008FFF80
:102E7000FFFFB004FF400BFFFFF08FFFFFFFFF409D
:102E8000044004FFFFFF8FFFFFFFFFFF400004FF30
:102E9000FFFFFFFFFFFFFFFFFF1000EFFFFFFF8FB0
:102EA000FFFFFFFFFF400004FFFFFFF08FFFFFFF6A
:102EB000FF40044004FFFFFF008FFFFFFFB004FF4F
:102EC000400BFFFFF0008FFFFFFF85FFFF58FFFF64
:102ED000FF00008FFFFFFFFFFFFFFFFFFFF000007D
:102EE0008FFFFFFFFFFFFFFFFFFB0000006EFFFFF4
:102EF000FFFFFFFFFFFC2000002888888873000088
:102F00002EFFFFFFFFF6001DFFFFFFFFFFE01DF696
:102F10000E50D608FF1DFF60E50D608FFCFFF60E1A
:102F200050D608FFFFFF60E50D608FFFFFFFFFFF3A
:102F3000FFFFFFFFFFFFFFFFFFFFFFFFFFFFFFFFA1
:102F4000FFFFFFFFFFFFFFFFFFFFFFFFFFFFFFFF91
:102F5000FFFFFFFFFFFFFFFFFFFFFFFFFFFFFFFF81
:102F6000FFFFFFFFFFFFFFFFFFFFFFFFFFFFFFFF71
:102F7000FFFFFFFFFFFFFFFFFFFFFFFFFFFFFFFF61
:102F8000FFFFFFFFFFE9FFFFFFFFFFFFF807ABBBFE
:102F9000BBBBBBA600000000000000000000070053
:102FA00000000000000000000AF100000100000025
:102FB00000000AFF10000AF30000000000FFF1000B
:102FC0000BFF50000000000FFF100CFFF500000089
:102FD0000000FFF11DFFFFCBBBBBBBBBBFFF1CFF56
:102FE000FFFFFFFFFFFFFFFFF19FFFFFFFFFFFFF5F
:102FF000FFFFFF009FFFF966666666666640008F0A
:10300000FF5000000000000000007FF500000000FD
:1030100000000000005C1000000000000000000044
:10302000000000000000000000006005000000003B
:1030300000006005030E01001500D0070606010818
:103040002700100E0E0E00008900700C0C1400FDFD
:103050000101E010110E00007801C00D0E0F00FFFD
:10306000E101300402060108E701C006061301FC75
:103070002002C006051300FC5002000808080007E3
:103080007002A00B0A0A0103A2029004040600FDCC
:10309000AE02B00706020105B4029004040300006A
:1030A000BA0210070914FFFE1403500D0D0E0000A4
:1030B0006F036007060E00009903800B0B0E0000E3
:1030C000E603700B0B0E00003304600D0E0E0000C3
:1030D0009504800B0B0E0000E204500C0C0E000057
:1030E0003605F00B0C0E00008A05E00C0C0E0000FB
:1030F000DE05500C0C0E000032069004040B00009C
:1031000048069004040E00FD6406A00B0A0A0102A2
:103110009606A00B0A070104B906A00B0A0A0102D1
:10312000EB06700B0B0E00003807B014141200FCF5
:10313000EC07A00E100EFF005C08200F0D0E020021
:10314000B708700E0E0E0000190980100E0E020056
:103150007B09600D0B0E0200C809B00C0A0E0200BC
:103160000E0A700F0E0E0000700A40100D0E0200C5
:10317000CB0A3006030E0200E00A400A0A0EFF00E6
:10318000260B600E0D0E0200810BE00B0A0E0200F2
:10319000C70B20130F0E0200300C40100D0E020062
:1031A0008B0CD010100E0000FB0C700E0C0E0200E9
:1031B0004F0DD010111100FDE00D900E0C0E02000D
:1031C000340E700C0C0E0000880EC00B0C0E0000AC
:1031D000DC0ED00F0D0E0100370F400E100EFF0059
:1031E000A70F8016160E00004110700D0E0E000085
:1031F000A310F00C0F0EFF000C11200D0D0E00009F
:103200006711B006051302FC971110070914FFFEA1
:10321000F111B006051300FC2112B00B0A090103DD
:103220004E12000A0A0300FE5D12000C0603020C97
:103230006612F00B0A0B01009D12A00D0C0F01008D
:10324000F712700B0B0B00003413A00D0C0F0000D5
:103250008E13400C0C0B0000D0131007080F000059
:103260000C14D00D0C0F00FC6614A00D0B0F010008
:10327000B9149005040F0100D714B0050713FEFC24
:103280001A15500C0C0F010074159005030F010066
:103290008B152015130B0100F415A00D0B0B01006D
:1032A0003116B00C0C0B00007316A00D0C0F01FCB6
:1032B000CD16A00D0C0F00FC27173008070B0100DE
:1032C0004E17000A0A0B000085174008080E000080
:1032D000BD17900D0B0B0100FA17300B0D0BFF0003
:1032E00042180012120B0000A518100B0B0B000067
:1032F000E218300B0D0FFFFC4419700A0A0B000096
:103300007B190007061301FCB4190006021302FC26
:10331000C7190007061300FC001AA00B0A040105D8
:10332000141A600808080007341A4006040401044F
:103330003C1A0014141500FD0E1B0014140F00009D
:10334000A41B0014141300FE621C0014140F0000D0
:10335000F81CC00D0E0F0000611D0014141500FDB7
:10336000331E0014141500FD051F8016171300FEF0
:10337000E01F0014141500FDB2208016170F000086
:103380005F210014141500FD3122000A0A1000000C
:103390008122000F0F1000FFF9228016171300FE84
:1033A000D4230014140F00006A24C00D0E1500FD74
:1033B000FD2480110D1302FE79258011121500FDE8
:1033C00036268011121300FEE1268011121300FE32
:1033D0008C2780110D1302FE082880111313FFFEA5
:1033E000BD28800C0B1301FE2629800C0B1301FE57
:1033F0008F298011121300FE3A2A80111205000550
:10340000672A8016170F0000142B00191A15FFFDEC
:10341000252C80161815FFFD212D0014141300FE15
:10342000DF2D8011120B0002422E8011120B0002C0
:10343000A52E00191A1000FF752F0014140F00009C
:103440000B300014141500FDDD3000141515FFFDC0
:10345000BA318011121300FE65328011121500FD81
:1034600022338011121300FECD338011121100FFA0
:1034700066340014140F0000FC34800C0E15FFFDA0
:103480008F358011121500FD4C368011121500FD8C
:1034900009378016170F0000B63700141615FFFD08
:1034A0009D38000F0F1500FD3B390019191300FE60
:1034B000293A0019190D0001CC3A0019190D000123
:1034C0006F3B0019190D0001123C0019190D000184
:1034D000B53C0019190D0001583D00191A1100FFE3
:1034E000353E8011101501FDDD3E8011121500FDE5
:1034F0009A3F00141515FFFD77400019190F0000C1
:103500003341000F0F1500FDD1412014150D0001AE
:103510000000721F51EF58EF5BEF5CEF5DEF61EF62
:1035200063EF65EF69EF6CEF71EF76EF77EF78EFB0
:103530008EEF93EF98EF9BEF9CEF9DEFA1EFA2EF43
:10354000A3EFA4EFB7EFB8EFBEEFC0EFC1EFC4EF4A
:10355000C7EFC8EFC9EFCBEFE3EFE5EF14F015F0DD
:1035600017F019F030F037F03AF043F06CF074F0E7
:10357000ABF03BF190F191F192F193F194F1D7F12D
:10358000E3F13DF254F2AAF412F7F2F72000000042
:103590005F000100000000000000000000000200C9
:1035A000B0000000F3F760001035040800000000D0
:1035B0003E000300000001020003040502060708A4
:1035C000090A090A0B0C000D0E0F101112130C142E
:1035D000140000001516171819161A1B1C1D1D1EA5
:1035E0001F201D1D1621222303241E2525262728E2
:1035F000292A2B002C002D2E2F303132332D34343C
:1036000035302D2D2E2E36373839333A3A3B3A3C69
:10361000290000093D090000000000000000000032
:10362000000000000000000000000000000000009A
:10363000000000000000000000000000000000008A
:10364000000000000000000000000000000000007A
:103650000000000001020003040502060708090A31
:10366000090A0B0C0D0E0F10110C12131415150076
:10367000000016171819171919191719191A1919F5
:10368000191917191719031B1C1D1D1E1F20212294
:103690002300240025262727270027262829262639
:1036A0002A2A272A272A2B2C2D2E2E2F2E300000B7
:1036B00023093109000000000000000000000000A4
:1036C00000000000000000000000000000000000FA
:1036D00000000000000000000000000000000000EA
:1036E00000000000000000000000000000000000DA
:1036F00000010000000000000001000003000000C5
:1037000000020000000000000000000000000000B7
:1037100000000100000000000000000000000000A8
:1037200000010E0009F900000000EEED020F070590
:10373000F30210010D030A00000000000000000069
:1037400000001303FE000000000000000000000065
:10375000000600F60000000000FA05060000FD006B
:10376000FE0300FD00FDFEFA00000000FD0000FC6D
:10377000FB0000FD00FA000000000000000000FD5A
:10378000FD00FB00F700D90000FA00060A0000FA6D
:1037900003030B06FB060000EE0000000000000023
:1037A00000000000F4000000000000000000000025
:1037B000000000F7FCF000F3FE00000000010C0028
:1037C000F6FDFF0100FB0000FEE800000000000025
:1037D0000000000000E6FD0C0000000000000000FA
:1037E00000000000F3000000000000000000000BDB
:1037F00000030000FA0000000000000000000000CC
:103800000000000000000C030100000000000000A8
:1038100000000000000000000000000000000000A8
:103820000000000000000000000000000000000098
:10383000F400000000000000000000000000000094
:10384000000000000000000206030AFD000006FD63
:10385000F5D402090601FC000C000A000A00E2008F
:10386000FC0A000BFD0603000001FD0000FB1A002E
:103870001A000A000D04050A000000F40000000010
:1038800001FE0002FAFCFA0200FD000000F3000055
:10389000000000000000000000EB0000000000003D
:1038A00000000000000000000001EE00EC0000003D
:1038B00000FE0020FCFC0303FD00FC030000EF0001
:1038C00000000000000000000000E1000300000014
:1038D000000000000000000000EC00130000F400F5
:1038E0000B00EAE1EAFA0A0000EB0004F900FB0031
:1038F0000000000000000000000000080AD90000DD
:10390000000000000000000000000F0002000000A6
:1039100000000202FCFA00FFFFFD0000FE000000B4
:10392000FA00FD00F9FA00F8F5F5FA00FA00FA00DD
:10393000000000FD0000030002FD00010000000384
:10394000FE000000FE0303FF000000FA00FF00007D
:10395000000000010004FE00FC00FB0000FE000A65
:103960000000FD0000000000FF01FEFE0000FD0061
:10397000FD000000000000000000FEFE00FDFC0055
:1039800000000000010000FE00FDFDFD0000000041
:103990000000000000FE00000000FEFC00FB00F63E
:1039A000FEF6060000FA03060900F8FFFC00FFF12E
:1039B00003FE02EF03000001EF00EFFDE4FE00F064
:1039C0000006090004000000000100FAFC00F600F7
:1039D0000000FD000000FD0000000000FEFE00FEF3
:1039E000FC00000000000000FDFD00FEFCFD0000EA
:1039F000FD0000000000000000000000FDFD00FCD4
:103A000000FE00FA030000FC0203030000000000B7
:103A100000FE0000000000020000FD00FDFEFC00B2
:103A20000000000000000300FD00000000FCFB009F
:103A3000FA000AFE01F6000009F0EFF3FA0300FDB8
:103A4000EBFA00FA00FA05FAEC00F7000002FF03B7
:103A5000FE000300F6F400F0F8F9F8F6FCF7FFFAC0
:103A6000F702000100FD000000020003000000005A
:103A700000000000000000FD00FE00FFFD00FBF95B
:103A8000F9FF00F6000000000000FD00000000014A
:103A9000FE0000000300000000000000000F000016
:103AA0000000000002000000FD0000000000000017
:103AB00000000000FA000300000000000000000009
:103AC00000000000FE000000FA00000000F0F60018
:103AD0000000FBF00000FD0300F700000000000004
:103AE00000000000FB0000FA0000000000000000E1
:103AF000000000000300FA00000000040002FAFACF
:103B000000FDFDFC000000000000F600FD00FBFDD4
:103B100000F9F8F6FD00FA00F6000000001A0000B7
:103B2000020000FC000300F20000000000E2FA0BBB
:103B30000AFDF30003FB00F0FEFC03EAFD040005B0
:103B4000F5FBF4F5F30000ED00120000FE000000AC
:103B5000FEFEFDF7F5FFE20000000000000000009F
:103B60000100000000000000000000000000000054
:103B700000FD00FEFDFB0000FA00FD00000000005B
:103B800000000000000000000000FF00FA00000636
:103B9000FF0400F903FEFFF8FD00FCFDFE00FBFB47
:103BA0000000FDFFFEFBFC0000FD0003FE00F9002D
:103BB0000000FA00FB00FBFB030000000000000017
:103BC00000FA0300FC00FEFCF6FEFEFEFFFEFCFF1A
:103BD0000000000000FDFDFD0000000004FE00FEEE
:103BE000000000FEFCFEFDFCFD00030DFF00F700E1
:103BF000FE0600FDF3FC050000F1FB03FB0200FEE6
:103C0000FDF600FB020000FB0000000303FAFA00CF
:103C1000FBFDFBFDFD00FB02FAFB0A0000000000BB
:103C20000000000003000000000000000000000091
:103C3000000000000000000000000000FB00000089
:103C40000000000000000000000000000000000074
:103C50000000000000000000000000000000000064
:103C60000000000000000000FE0000000000000056
:103C70000000000000000000000000000000000044
:103C8000000000000000FDFD00000000000000003A
:103C900000000000FB0000FC0000FDFD0000000033
:103CA000FD00000000FE0000000000FE000000001B
:103CB000FB00FA000000F50002F90601FEF1000029
:103CC000F9FD00F3F8F70000F2FDF3F4F100F8005D
:103CD0000315FC00F9FDFFFDFBF7FAF4F3F9FD0015
:103CE00000FE00010000EAFD0A07F9F40001F600F9
:103CF000F0FEFD06E3FC010000EBFCEFFDE9000037
:103D0000EA00130100FE00000000FEFEF4FE00EBDE
:103D100000000000F600FD00FFF7F10000FEFBF6DA
:103D2000FD00FE00000000F2FDF5F6FDFBF8FDFBD6
:103D300000FAFDF5FB00FCFAFDFA000200FEF500BA
:103D40000600FA00000000040002FA0D00FDFDFC70
:103D5000000000000000F600FD00FBFD00F9F8F691
:103D6000FD00FA030D000000001A0000020000FC34
:103D700000030000000000000000FF000000000041
:103D8000FEFA0000000000FE000000FDFD0000FA49
:103D9000FD0000FA0005FE00000000000002000027
:103DA0000000050603FD00F6FB000AF5F6FAFA0D21
:103DB0000603E4FE06FD00FD04FDF500FD03FCFD29
:103DC000F6FD00000A0600F700EEFC09FCF401FC19
:103DD000F5F5FD0D0300FB00F700030BF9F4F3F814
:103DE0000A0001E9FD03FBFEF900F9F4FBFBFD000D
:103DF00000F9F9FD000A07FDEE00EEFC00F5EDFF0D
:103E0000F6FBF5F7090000FC00FAFD00FDFA0005DD
:103E1000F5030000EF00FDF9FBFEF6F8F5F900F6FA
:103E2000FDF9FAF6FD0000010FFB00F6FD00FDFABA
:103E3000F9F7F7F4FCFA0600FB00F0FC0206F6F4D2
:103E4000FAF50BFD02E2FA06F9FBF400F6F3FCFDCD
:103E5000FDFDF9F6FF00000A09FEEB00EDF908F49C
:103E6000EAFAF5F3F0F50600000000FC000003FCA0
:103E70000602FA060000F6FF00FF000101FD000047
:103E800000000000FD00000000030A0100FC00002B
:103E90000000FEFEFC000000010300000000030023
:103EA000FD000C00060101FC0006000000030000FC
:103EB0000000000000000000000A000900000000EF
:103EC00000000000000000000000ED00FD05000AF9
:103ED00000002004FAFA0303FE01F000000FED00D9
:103EE00000000000000000000000EA0C2D000000AF
:103EF000000000000000000000ED000000000000D5
:103F000000000000000000000000000000000000B1
:103F100000000000FB0000FAFD00000000000000AF
:103F2000000000000000000000000000FE00F7009C
:103F3000000100000329FAFD0A09F703000003034A
:103F4000FC0000000000000000000000D609000096
:103F5000000000000000000000000000000000F76A
:103F6000000000F700000000F9FE000000F900FC6E
:103F700000F10000000000000000000000EB000065
:103F8000000001000000000000FD0000FA00FB003E
:103F9000F7000000FB03FC0000F7FDF90000F7004C
:103FA000FD00F100FC0000E6FAF3FCF40000EB0079
:103FB000F7FE0000000000000000FBFAFDFB00001F
:103FC0000000F900F904FC0600FEF9FEFBFA00FC13
:103FD000FEFE02F7FF000000E4FDFC00F900FEF128
:103FE000FD0000FEFD000000000200FEFBFE0500DB
:103FF00000000000000000000000000000000000C1
:1040000000000000000000000000000000000000B0
:10401000000000000000000000000400000000009C
:1040200000F900FE000000FA03000000F7FDFA00AE
:1040300000F700FD00F100000000E100FAF4F000DC
:1040400000EB00FEFB0000000000000000FDFBFE96
:10405000FB01000005FC000A10FDFDF60410050739
:10406000F7040D040907090000000000000000002B
:104070000000140FFAFD00FD1A0E1A0000000300E4
:10408000000C0000FB000000000000000000FE002B
:10409000000000000000000400000000E5FCFDF34B
:1040A000F00000EB00000000000000000000000035
:1040B0000000000000FB000000000000000000FE07
:1040C00000000000000000000400000000E5FCFD0E
:1040D000F3F00000F300000000000000000000000A
:1040E0000000000000000000FD000000F90300FDDA
:1040F000030603F600FFFD03000300000000F800C4
:10410000FDFEFA00FDF30014FD00F9FE00FEFB00C9
:10411000FDF7FAFC000000FB0000000000000000BA
:1041200000FE00000000000000000400000000E5A8
:10413000FCFDF3F00000EB000000000000100000A8
:104140000000000000000000FB00F6FCFD0AFDFD81
:10415000F301FE01FEF7010701030103F8F3FC0080
:10416000F4FAF7F3F400FBFAFCFCFDFEFCFE00FEA3
:10417000FF050005FE000A0000000000000000002E
:10418000000000FEFDFD0000F700FE00FB00000047
:104190000000000000000000ED0000000000000032
:1041A00000000000FDFD00FC00000000FD0000FB21
:1041B000FD0300FBFAFE00F7FEF9FEFC00FB000029
:1041C000000000000000000000EB000A0000FA0000
:1041D000000000FC00FD0000FE0000FE00F90000F1
:1041E0000DFCF5F6020404FFF70205020A020BFEBD
:1041F000F70000F30000F6F70000FA00FCFB00FBFC
:1042000000FB00FE0500FDF6FD0C0000FD00FA00BD
:104210000004F90003FD030000F500FEFF00FD04AB
:10422000FD000000F3FCF900F60000F1000CFD00B9
:10423000FA000200FD00FDF600FD0300000000FE94
:10424000000003FC010000FCFE00FC000000000078
:10425000000000000000000000000000EC0007006B
:1042600000FD000000000100FDFD00000006000749
:104270000000000000ECEE010E0A05F3020D000C38
:104280000006000000000000000000000011000017
:10429000000000000000000000000000000000001E
:1042A000F0360408B4350408523604083D310000E5
:1042B000C4ED0308203004088C350408A04204082B
:1042C000100002287002012415FA01081DF90108E6
:1042D0001600040000FF0100B042040800000000C6
:1042E00000000000007DFE8000000000DF30000ABA
:1042F000FD9CFC00000009F900004FB0008F700029
:10430000004FD00000BF30000FD00000DF300000B1
:10431000EF00000CF10009F9000000FE00000AF1B6
:10432000004FD0000000EF00000CF100EF30000063
:1043300000BF30000FD009F8000000004FB0008F20
:10434000704FD0000000000AFD9CFC00EF30058893
:104350005000007DFE8009F801CFFFFC1000000036
:10436000004FD00BF9118FB000000000EF302FC0CC
:10437000000CF300000009F8006F600006F7000071
:10438000004FD0008F400004F8000001EF30007FA4
:10439000500005F800000AF800004F800008F50002
:1043A000004FD000000EE1001EE00001EF300000E1
:1043B00004FE87EF40000AF8000000003BFFB30056
:1043C00000000044100000000000FF50000000004A
:1043D00000FF500000000000FF500000000000FF40
:1043E000500000033333FF7333312FFFFFFFFFFF14
:1043F000F62FFFFFFFFFFFF6000000FF5000000058
:104400000000FF500000000000FF5000000000000E
:10441000FF500000000000FF5000002555555506D4
:10442000FFFFFFF26FFFFFFF201AC409FFE0AFFF9D
:1044300002DE60000000000586000000000EF800AB
:104440000000003FF3000000009FD000000000EFDC
:104450007000000004FF200000000AFC00000000C3
:104460000FF7000000005FF100000000AFC0000087
:104470000000FF6000000006FF100000000BFB00C2
:104480000000001FF5000000006FF000000000CFEA
:10449000A000000002FF5000000007FE0000000026
:1044A0000DF9000000002FF4000000008FE0000074
:1044B0000000DF9000000003FF3000000009FD0055
:1044C0000000000EF8000000004FF2000000009F06
:1044D000D000000000000007CFFEB5000000004E35
:1044E000FFFFFFFB1000004FFFD98AFFFD10001EE9
:1044F000FF700001BFFA0008FF80000000DFF3003A
:10450000EFE000000004FF903FF9000000000EFE05
:1045100007FF5000000000BFF19FF30000000008FB
:10452000FF3AFF20000000007FF4AFF2000000001F
:1045300007FF49FF30000000008FF37FF500000007
:10454000000BFF13FF9000000000EFE00EFE0000E4
:1045500000004FF9008FF80000000DFF3001EFF769
:1045600000001BFFA00004FFFD98AFFFD100000476
:10457000EFFFFFFFC1000000007CFFEB500000CF09
:10458000FFFFF6CFFFFFF65777AFF600005FF600AC
:10459000005FF600005FF600005FF600005FF600C7
:1045A000005FF600005FF600005FF600005FF600B7
:1045B000005FF600005FF600005FF600005FF600A7
:1045C000005FF600005FF600005FF600005FF60097
:1045D000038CEFFC82000002BFFFFFFFFF60002E94
:1045E000FFFB98AEFFF5002DF91000008FFE0001D3
:1045F000600000000CFF20000000000008FF4000E9
:104600000000000009FF2000000000000EFE000076
:10461000000000007FF9000000000004FFE100003E
:104620000000003FFF400000000004FFF400000015
:1046300000004FFF400000000004FFF400000000F5
:10464000004FFF400000000005FFF30000000000E5
:104650005FFF300000000005FFFA77777777700F73
:10466000FFFFFFFFFFFFF20FFFFFFFFFFFFFF20F54
:10467000FFFFFFFFFFFF00FFFFFFFFFFFFF00677D9
:10468000777777DFF700000000006FFA0000000086
:10469000003FFD00000000001EFF20000000000C95
:1046A000FF400000000009FF700000000005FFF956
:1046B00061000000007FFFFFF70000000388ADFFEE
:1046C000F9000000000004FFF3000000000006FFF6
:1046D0008000000000001FFB000000000001FFA0A0
:1046E00050000000006FF83FC40000005FFF2AFF89
:1046F000FEA889DFFF7009FFFFFFFFFF7000016A5E
:10470000DFFEC720000000000004FFB00000000032
:1047100000002EFE10000000000000CFF30000009B
:1047200000000009FF700000000000005FFA0000B8
:104730000000000002FFD00000000000000DFF306C
:10474000000000000000AFF600000000000007FFBE
:10475000A0000AB70000003FFD00000FFA000001B2
:10476000EFF200000FFA00000BFF5000000FFA00FC
:10477000008FFD6666666FFC6662EFFFFFFFFFFF5E
:10478000FFFFF6FFFFFFFFFFFFFFFFF60000000047
:10479000000FFA000000000000000FFA0000000007
:1047A0000000000FFA000000000000000FFA0000F7
:1047B00000000000000FFA0000001FFFFFFFFFFFD6
:1047C00000003FFFFFFFFFFF00004FF9777777778B
:1047D00000006FF30000000000008FF100000000F7
:1047E00000009FF0000000000000BFE0000000009B
:1047F0000000CFD0000000000000EFFFFFEC9400AD
:104800000000FFFFFFFFFFC200007777779CFFFEED
:104810001000000000002CFF90000000000001FFCD
:10482000E0000000000000CFF0000000000000CF1A
:10483000F0031000000001FFD00DE60000002CFF87
:10484000705FFFFB989BFFFD0005DFFFFFFFFFB1DF
:104850000000049CEFED9400000000028CEFFDA42A
:10486000000001AFFFFFFFFF40001DFFFB8689ED49
:104870000000CFFB200000020006FFB00000000097
:10488000000DFF1000000000002FFA0000000000E3
:10489000006FF60000000000008FF305AEFED82088
:1048A00000AFF3BFFFFFFFF700AFFDFF9546AFFF7F
:1048B000609FFFD1000004FFE07FFF300000008F09
:1048C000F54FFE000000004FF71FFE000000004FF4
:1048D000F60AFF300000008FF402FFD1000004FF51
:1048E000D0007FFF9545AFFF400006FFFFFFFFE4CC
:1048F00000000017CEFEC710002FFFFFFFFFFFFFD5
:10490000FA2FFFFFFFFFFFFFF92FFB77777777CFB6
:10491000F52FF800000000FFE02FF800000006FF70
:10492000702FF80000000DFF1000000000004FF98C
:10493000000000000000CFF2000000000003FFB004
:1049400000000000000AFF4000000000001FFD0002
:1049500000000000008FF6000000000000EFE00003
:104960000000000006FF8000000000000DFF1000A6
:10497000000000004FFA000000000000BFF300003C
:1049800000000002FFC0000000000009FF5000000E
:104990000000001FFE0000000000005ADFFDA6001E
:1049A00000003DFFFFFFFFD30002EFFD7557DFFF63
:1049B000200AFF80000008FFA00EFE00000000DFBC
:1049C000F00FFB00000000AFF00FFD00000000CF73
:1049D000F00AFF50000005FFA001EFFA4225AFFEEC
:1049E00010002CFFFFFFFFC200008FFFFFFFFFF84A
:1049F000000BFFC520026DFFB05FFB00000000AFA1
:104A0000F5AFF2000000002FFABFF0000000000F29
:104A1000FC9FF4000000004FFA4FFD20000002DF71
:104A2000F50AFFFA6456AFFFB0009FFFFFFFFFF9E2
:104A30000000027CEFFEC7200000005BEFED93005A
:104A400000002CFFFFFFFF900001DFFC6458DFFA3D
:104A50000009FF8000000AFF600FFD00000000EF6A
:104A6000E02FF8000000009FF52FF8000000009FE5
:104A7000F90FFD00000000EFFC0AFF8000000AFFB4
:104A8000FD02FFFD7558DFEEFE003EFFFFFFFE3E1C
:104A9000FE00007CEFEB600FFD0000000000002F27
:104AA000FA0000000000006FF7000000000000CFD7
:104AB000F1000000000007FFA000110000008FFEC1
:104AC00010008FA867AEFFF30000FFFFFFFFFC2080
:104AD000000039CFFFD94000000017BEFFDA4000C8
:104AE00008FFFFFFFFF9000DFEA656AFFF60037041
:104AF000000002FFE000000000008FF20000000054
:104B0000006FF40028CEEFFFFFF406FFFFFFFFFF6A
:104B1000F52FFE5100006FF57FF40000006FF59F48
:104B2000F10000008FF57FF5000002FFF52FFE5029
:104B3000016EFFF505FFFFFFFF9FF50029EFFD92D6
:104B40003FF5000018DFEB40001DFFFFF90009FFF3
:104B5000A4493000EFD00000000FF900000001FF71
:104B60009000009FFFFFFFFE09FFFFFFFFE0234FC4
:104B7000FB33330001FFA00000001FFA000000011A
:104B8000FFA00000001FFA00000001FFA0000000CD
:104B90001FFA00000001FFA00000001FFA00000043
:104BA00001FFA00000001FFA00000001FFA00000AC
:104BB000001FFA0000005ED3DFFABFF706500000C6
:104BC00000007FF37FF37FF37FF37FF37FF37FF3C7
:104BD0007FF37FF37FF37FF37FF37FF37FF37FF345
:104BE0007FF218CEFD9300028DFFD920007FF5EFF4
:104BF000FFFFFF707FFFFFFFF6007FFFFC645AFF9F
:104C0000FAFFC645AFFF307FFF8000006FFFF8005E
:104C10000007FFB07FFD0000000DFFC0000000DFB7
:104C2000F07FF700000009FF700000009FF17FF4A3
:104C300000000007FF400000008FF27FF30000003B
:104C400007FF300000008FF37FF300000007FF3004
:104C50000000008FF37FF300000007FF300000002A
:104C60008FF37FF300000007FF300000008FF37F19
:104C7000F300000007FF300000008FF37FF3000017
:104C80000007FF300000008FF37FF300000007FFF4
:104C9000300000008FF37FF300000007FF300000BA
:104CA000008FF37FF207CEFEB50007FF5EFFFFFF28
:104CB000FB007FFFFD7558EFF907FFF9000002EFD9
:104CC000F27FFD00000007FF67FF700000002FF873
:104CD0007FF400000001FF97FF300000001FFA7F03
:104CE000F300000001FFA7FF300000001FFA7FF370
:104CF00000000001FFA7FF300000001FFA7FF30053
:104D0000000001FFA7FF300000001FFA7FF3000042
:104D10000001FFA000029DFFEC8300008FFFFFFF5A
:104D2000FF8005FFE86569EF200BFF20000003000E
:104D30000DFD00000000000BFF700000000003FFED
:104D4000FEB8510000004DFFFFFFD5000000369C6B
:104D5000FFFF700000000005EFF000000000008F72
:104D6000F20570000000BFF10EFFA7557CFFB01CDC
:104D7000FFFFFFFFFC100038CEFFDA5000000010EC
:104D80000000007EFFC4000AFA67DF504F80000C6D
:104D9000F09F000004F5BD000002F69F100005F42E
:104DA0003FA0001EE008FD9AFF40005CFEA200004C
:104DB000000000000000000000009007000000005C
:104DC0000000A01716140100DC0050100E0D0104A5
:104DD0003701C00A09030107450160060504010007
:104DE0004F01E0090C1BFFFDF101B012111401008D
:104DF0009B02600A08140000EB021010101400005F
:104E00008B0300100F1400002104C01212140100C3
:104E1000D504101010140000750540111014010085
:104E20001506C01010140000B50610121014010071
:104E30005507401110140000F507C0100E0F0100B7
:104E40005E08E0090B150000D208D0070415020027
:104E5000FC08A01D1A0F0200BF0910130F0F02005B
:104E6000300A000E0E0F0000990AC00B0A0A010B4F
:104E7000000005000B000D000E000F0010001100D7
:104E80001200130014001500160017001800190076
:104E90004100460049004D004E00530090000000C4
:104EA0002000000091000100704E04080000000086
:104EB00017000300E4420408B04D0408A04E0408A3
:104EC00000000000000001087802012415FA010822
:104ED0001DF901081E00050000FE0100B44E040883
:104EE00000000000000000000D10D10D10D10D10C9
:104EF000D10D10D10D70008C00CC000CC00C9304AF
:104F00008C00D48094C00D0C0B1C00D08961C00DA6
:104F100002E11C00D00301C003CDB300E302400E48
:104F20003000005D92000006D6000002E028105D0F
:104F3000007CDB20000000000000000000000002F8
:104F40000200000000000003030800000C0000093C
:104F500009080000300000070708000000002900D1
:104F60002D00330020000000340001005C4F0408D5
:104F70000000000004000300E84E0408344F040859
:104F8000644F0408000000000000010880020124B2
:104F900015FA01081DF901080F00040000FE0100C8
:104FA000784F040800000000000000000005000029
:104FB00001B000001B0006CCECC2001B000001B0D9
:104FC00000001700000000005CC7000000000000A7
:104FD0000720D40003400092000B000380008300F0
:104FE0000B0002900074000B0001A00065000A1085
:104FF0000002BD9000C40A702D003C04A001E059DD
:10500000000F04A001E02D003C00C50A6002BD9025
:105010000003AE100024E100000E100000E10000CB
:105020000E100000E100000E100000E1000DDFDBBB
:105030000007CD8003801C5000008800000960003C
:1050400001D10000A700008A00008B00006FDDEE98
:105050000007CD9001701B7000007800003C30000C
:10506000BE700000099000003E056009A008CDA1B7
:10507000000006F10001CD100086D1003C0E100B9F
:1050800040E105A00E10ADDDED30000E100000E196
:10509000000AEEE800B300000C100000D9B80005CB
:1050A00011A9000004E000002D05600A8019CD90D0
:1050B00000008DC6008800401D000003B5B9104EE9
:1050C000607B03B000E01D000E00A605B000ADB28D
:1050D000005EEEEE000007800001C00000870000C7
:1050E0000D100002D000005A000007900000880058
:1050F0000003CDA100C408900D003A007A185003B7
:10510000CDC001C0099058000E03C105D006CCB235
:105110000005CC7002D10B506A004B06A001D02EC6
:1051200021AE005BA4C000005A00401C3009DC50D6
:10513000000D4CD53CD500DA15E916D00D300E2007
:105140000F00D300E200F10D300E200F10D300E26B
:1051500000F10D300E200F1007DC702D00301E50B6
:105160000003BC400004E03301E12ACD50199564EE
:105170000A19950000000000000000000000000077
:10518000000A00000000000D00000000000D0000FB
:105190000000000D00000000000DDDDD7000000DBE
:1051A00000000000000D00000000000D00000000E5
:1051B000000D00000000000D0000005DDDDEDDDD03
:1051C000D54DDDDEDDDDD400000A30000000000A30
:1051D00030000000000AC4000000000A6CA10000BA
:1051E000000A307E4000000A30042000000A30002F
:1051F0000000000A30000000000A30000000000A31
:105200003000000000000000000000076000000007
:1052100000076000000BDDDEDDDDA00C0007600193
:10522000C00C00076001C00C00076001C00C000743
:105230006001C00CDDDEEDDDC0080007600170001C
:105240000007600000000007600000000007600029
:1052500000000A20000000003B8CCCCCA000B41B56
:1052600000039006F10B0007503ED108400C10756A
:10527000B103A02B0000B100B2A40000B1004CB0FB
:105280000000B1001E700000B102D7D40000B16D63
:10529000502D8100B4A2000084000800000000002E
:1052A0004B6DCCCCB000B4660001B005E0660001E7
:1052B000B03DD05CCECC9073D0000C000000D4CCBC
:1052C000CECCC500D000AEC00000D0068C69000076
:1052D000D06C0C0A7000D6C10C00B700C1000B00E6
:1052E0000100000000000000560075000000B2013F
:1052F000EBBBA002B00BC107800AA2882B6B004D4C
:10530000A5602BE71095A5ABA326C502A571087073
:105310000002A563A4290002A56028A13102A452BD
:105320009307B002A00048C70002900A8400000062
:105330000000000000001A000D00000077BBBEBB9B
:10534000B100D00039000007B04ACCAA402EB065A9
:1053500000066066B06B999C6001B0650006600154
:10536000B06B999C6001B06500066001B06CAAAC9E
:105370006001B06500066001B6BBBBBBB5001000A4
:105380000000005EDCECCCCCC00930B23800C009B3
:10539000CBE20B01A00930B20C05700930B209391B
:1053A0004009CBE2048C000930B200E7000954CC7C
:1053B00020D6006DB8C3099D100000B27B06C10065
:1053C00000A3A000640000640000000000B300001F
:1053D000003DDDEDDDDDD3000A50000000004B0B89
:1053E000CCCC4002D3000086003DD20009600043CF
:1053F000B2CCCEDCC500B20009300000B2000930EA
:105400000000B20009300000B206CC10000000001D
:105410000000000000930000000000C10000002C0C
:10542000CCECCCCCC100059000000000095000007D
:1054300000000D20000000003CCDDEDDA000850056
:1054400049000001D0004900000A50004900006AEC
:105450000000490000202DDDDDDDD50000000B003F
:10546000001DDDE22B00000000A26800000000A289
:10547000ADCDE50000A3E506700EDDDBAA0A300D18
:1054800000040C1D000D000007A8000D001002F222
:10549000000D5AC20AD8002EA302B90B9002000BCD
:1054A0006000940000000000000000058000000083
:1054B0007605ECCC100076058000000076058000B3
:1054C000003DDDDDEDDDD3000516700300003C0678
:1054D000702D0003D20670C4000930069C700000D5
:1054E0000018D50000036AD81000002C84000000CA
:1054F00000000000000000001C00000000009ECC26
:10550000CCCCC104B0000000003D6BBBBBBA0013A3
:10551000761A200C00008402C20C005CECBBCBBEEF
:10552000C600C059002A0000D005B03A0002EBBB0B
:10553000DBCDB00000000076000000003AC20000A1
:1055400000000000000720300A204004D4770B211F
:10555000C000220D0B29500000030B23004B307DAF
:10556000CCCDA00290760002A000007DBBBCA000C4
:1055700065760002A000C17DBBBCA004A07600023D
:10558000A00C30760002A0070065009C60000000BF
:10559000000000025A300B200029C45BBDDBB500BF
:1055A000A20000000000A208BAAB705CED983005C4
:1055B0007001E605AAAA4006EC6BBBBBB20BA47750
:1055C00000008377A247A9A98340A247A0198300BE
:1055D000A24769968300A2470005C20000000000B0
:1055E000000007500560003CCDDCCDDCC300075057
:1055F00006700000AAAAAAAA0000C000000D0000C0
:10560000DAAAAAAE0000C000000D0000ABBDCBBA04
:10561000000000075000004CCCCDDCCCC4000007DB
:1056200050000000000750000001000000000006CC
:10563000A06DCCCCE10066650720B10000659DB58A
:10564000B10000650820B16DE167AAA8B100B1659D
:105650000000B100B174CAB5B100B193A055B1005A
:10566000CAC0CAB5B102E8A05000B1012530002C73
:105670009000000000000000000000000000000397
:105680000300000000000007070800001C000004E1
:1056900004040000240000030302000027000005AA
:1056A000050C00FE45000007070900006500000723
:1056B000070900008500000707090000A500000792
:1056C00007090000C500000707090000E500000702
:1056D0000709000005010007070900002501000770
:1056E00007090000450100070709000065010007E0
:1056F000070900008501000B0B070000AC01000644
:1057000006070000C101000404090000D301000CD9
:105710000C0B00001502000C0C0B00FF5702000CD4
:105720000C0D00FFA502000C0C0C00FFED02000C9C
:105730000C0C00FF3503000C0C0D00FF8303000C64
:105740000C0E00FED703000C0C0B00FF1904000C1C
:105750000C0C00FF6104000C0C0D00FFAF04000CEA
:105760000C0D00FEFD04000C0C0C00FF4505000CA8
:105770000C0E00FE9905000C0C0C00FFE105000C5E
:105780000C0E00FE3506000C0C0C00FF7D06000C14
:105790000C0C00FF00000B000D000E000F001000AD
:1057A0001100120013001400150016001700180055
:1057B00019004D0053009000EA4DEB4D0D4EA54EE3
:1057C000BD4FCE4F1C50B653385BC65D1965456B57
:1057D000AF6B686D1F7A2983E38B00002000000007
:1057E000E48B01009457040800000000230003002C
:1057F000AC4F040874560408DC570408000000008D
:10580000000001088802012415FA01081DF90108A9
:105810001000040000FE0100F05704080000000022
:1058200000000000000000000009500000095000C6
:10583000000950006EEEEEE3000950000009500030
:105840000009500000000000000000005EEE300083
:105850000000000000000A800B900000C10001C0A1
:10586000000670000B20000C00005800009400009F
:10587000D0000490000850000D00003B00007600AE
:1058800000710000007DC50007C23E300D50089039
:105890001F1004D03E0003E04E0002F03E0003E083
:1058A0001F1004D00D50089006C24E30007DC50078
:1058B000017CB000028BB0000007B0000007B00010
:1058C0000007B0000007B0000007B0000007B000FC
:1058D0000007B0000007C0000BFFFFC004BEC400FB
:1058E0002D516E2001000D7000000B7000000E5055
:1058F00000006D000001D600000BA000009C10000D
:1059000009D211105FFFFFF003BED6000C516F40AB
:1059100000000C8000000C6000018C10007FE20091
:1059200000015D50000006D0000006D05C414D80B3
:1059300006BED7000000BE000005DE00000D6E00B0
:10594000008A3E0002E13E000B703E005D003E001A
:10595000AFFFFFF400003E0000003E0000003E00EC
:1059600007FFFF7008911100098000000A60000025
:105970000BCDD80004403D80000006D0000004E0BC
:10598000000007C05C415E5006BEC500003BEC4015
:1059900002E614700A8000000E3000001F3AD91091
:1059A0002FB21AA01F1002F00E2001F10B6003E0CD
:1059B00004D31B90005CD9004FFFFFF10111199037
:1059C00000002D100000A7000001E2000006B0005A
:1059D00000098000000D5000000F3000001F200063
:1059E000002F1000009DD80008B11C600C5006A0CC
:1059F0000980078002D82C2000BCF9000B504D70A4
:105A00003D0004E04C0002F00D7009B002ADD91069
:105A100001AEB3000C815E103E0009805C0005C041
:105A20003E0005E00D704DE003BD95C0000006B0DE
:105A300000000C6008328D0006CEA10010000000AE
:105A40006D710000028DA40000004AD200038D9108
:105A500016CC61006930000000000000000000006A
:105A6000029DD90007623D60000009A00038BDB06A
:105A700008C407B01E2007B01E615DB006DD86B009
:105A8000009EB04E3107C0007B007EFF508B0007A8
:105A9000B0007B0007B0007B0007B0007B000A80ED
:105AA000065000000A800A800A800A800A800A8064
:105AB0000A800A800A57DC41AEA100AD829DC43D38
:105AC000700A9002F3008A00A8001F2007B00A8025
:105AD00001F2007B00A8001F2007B00A8001F2003D
:105AE0007B00A8001F2007B00A57CD6000AD827E62
:105AF000100A9000E400A8000D500A8000D500A80C
:105B0000000D500A8000D500A8000D5004CEB4004E
:105B1000E704400E4000007E92000018E7000004F9
:105B2000E039218C018CEB20049602A18548057098
:105B30009BA1000000000000000000000000000029
:105B40000000000000000000000000000000000352
:105B50000300000000000008080A000028000005FB
:105B600005040000320000040402000036000005B5
:105B7000060E00FD60000008080B00008C00000805
:105B8000080B0000B8000008080B0000E400000843
:105B9000080B000010010008080B00003C01000881
:105BA000080B000068010008080B000094010008C1
:105BB000080B0000C0010008080B0000EC01000801
:105BC000080B000018020008080900003C02000849
:105BD000080800005C020005050C00007A020004C1
:105BE000040B00009002000D0D080000C402000923
:105BF00009080000E8020007070800000403000588
:105C0000050B000000000B000D000E000F0010003F
:105C100011001200130014001500160017001800E0
:105C200019001E004100460049004D004E0053007F
:105C3000900000002000000091000100045C0408B6
:105C4000000000001700030024580408445B040807
:105C5000345C0408000000000000010890020124E8
:105C600015FA01081DF901081200040000FE0100E8
:105C7000485C04080000000000000000000006204E
:105C80000000E100005B000009700000E200004C31
:105C9000000008800000D300003D000007900000D5
:105CA000C400001E000006A00000B500001E100089
:105CB00005B00000A6000000001ADC50001DB47EF4
:105CC0005006E1009D00CA0003F30E70000F60F65D
:105CD0000000E72F50000D80F60000E70E70000F67
:105CE00050CA0004F306E1009D001DC58E50001A45
:105CF000DC50000037DC00000CDEC0000000AC000F
:105D000000000AC0000000AC0000000AC000000053
:105D1000AC0000000AC0000000AC0000000AC00097
:105D20000000AC0000244CD44107FFFFFF40007B83
:105D3000EB4001CC75AF40071000CB00000009E03C
:105D4000000000AC0000000D90000006F300000110
:105D5000DA000000BD1000009E3000009E400000F0
:105D60009F8444423FFFFFFF80007BEC6000BD74D6
:105D70008F70031000BD00000008E0000000CB00A1
:105D80000035CC20000EFE500000026E9000000096
:105D90005F30000002F60600006F33EB747EB00146
:105DA0009DEC700000000BF3000006EF300001E8EE
:105DB000F30000AC3F30004E33F3000D803F30085D
:105DC000D003F303E4003F309FFFFFFFD233336F74
:105DD00063000003F30000003F30000003F3000203
:105DE000FFFFFD003F64444004F10000005F00003D
:105DF0000006E01000007ECFFB20038204DC0000E0
:105E00000005F40000001F70000002F50500008E80
:105E100023EB659F80029DEC50000005BEB6000795
:105E2000E857E302E60001008D0000000C9000003E
:105E300000E75CEB300FCA43BE10EA0001E70D80BB
:105E4000000C90AB0000C904E2002E500BD54CC0F2
:105E50000008CD91002FFFFFFF90444448F400005C
:105E600000C90000006E1000000D80000004F20068
:105E700000009C0000000D80000001F60000004FB3
:105E800030000006F20000007F10000009E0000072
:105E9000003BED80002E935D9007D0004F007C000A
:105EA00002F203F4006D0008E93D40005DDFB00040
:105EB0006D206EA00E60003F52F30000D80E60000F
:105EC0000E708E624BD1005CED9100005CEB3000F7
:105ED0006E749E300E8000AB02F40004F23F30007E
:105EE0001F40E70003F609E537CE7008DD92F600A3
:105EF00000003F30000007E0000001D900BB56CC95
:105F00001002ADD9100004F300000DA004F300004E
:105F10000DA004F300000DA004F300000DA004F395
:105F200000000DA004F755555EA004FFFFFFFFA081
:105F300004F300000DA004F300000DA004F3000022
:105F40000DA004F300000DA004F300000DA004F365
:105F500000000DA004F3004F3004F3004F3004F3B1
:105F6000004F3004F3004F3004F3004F3004F300CF
:105F70004F3004F30004F30000CC004F3000AE209B
:105F800004F3007F50004F304E800004F32EB00029
:105F9000004F4CFA000004FCE9F400004FF50CC07F
:105FA0000004F8004F50004F3000BD0004F3000320
:105FB000F7004F30000AE104F300002E9004FB00CC
:105FC0000000EF1004EE100004EF1004EC60000974
:105FD000BF1004E7B0000E7F1004F3E1004D4F1036
:105FE00004F1C600985F1004F17B00E35F1004F138
:105FF0002E14D05F1004F10C59805F1004F107AD2E
:10600000305F1004F102FD005F1004F100B8005F82
:106010001004F10000005F1000019CEB6000000420
:10602000ED86AEB00000DC10005E80007F30000026
:106030009E100BC0000004F500DA0000001F700E77
:1060400090000000F800DA0000001F700AD0000085
:1060500004F4006F400000AE1000DC10005E700021
:1060600003DD86AEA00000019CEB60000004FFFE93
:10607000D930004F7446CE2004F30001D9004F30D0
:10608000000AC004F30000BC004F30001E9004F66C
:10609000346DD1004FFFEC910004F3000000004F7D
:1060A0003000000004F3000000004F300000000446
:1060B000F3000000000019DEB60001DD969EA00688
:1060C000F300022008F000000005F9000000009F26
:1060D000D710000004CFE600000003BFA0000000BE
:1060E00008F300000003F508500007F209FB769E54
:1060F00090005ADEB6007FFFFFFFF92444CD4443F1
:106100000000AD00000000AD00000000AD00000088
:1061100000AD00000000AD00000000AD0000000078
:10612000AD00000000AD00000000AD00000000ADBB
:1061300000000000AD0000000000000000000000B2
:106140008E0000000008E0000000008E000000004B
:1061500008E000019DD88E0000DE75AEE0008F30B3
:1061600000AE000DB00008E000E800008E000F80D7
:106170000008E000EA00008E000AE1000BE0002EBB
:10618000D66CDE00003BEC65E00006D18DD8000047
:106190006ED958EB0006F50007F3006F10002F6072
:1061A00006F10000F8006F10000F7006F10003F513
:1061B000006F2000AE1006FE75AF60006F4BEC5014
:1061C0000006F1000000006F1000000006F1000062
:1061D00000006F10000000000056000000000000EA
:1061E000000D78FFFFFFFF400005E18A222222F424
:1061F0000000C908A000000F40004F308A000000D6
:10620000F4000DF208A222222F400AEF208FFFFF98
:10621000FFF406E4F200000C600000140F20000000
:10622000C600000000F2CFFFFFFFFFF3000F2222A5
:106230003DFF82220000F20009CDAE2000000F20B9
:1062400005E2C67C000000F205E50C60CB00000F03
:1062500039E600C601CC3000F2A4000C6001B300A6
:106260000A1000009500000000000002B1000000CC
:10627000000010003F20001100006D0003F2000C30
:10628000700006D0003F2000C700006D0003F20040
:106290000C700006D0003F2000C700006D3336F5BB
:1062A000333D700006FFFFFFFFFFF7000000000313
:1062B000F2000000002B20003F20002B2003F20002
:1062C00003F20002F3003F20003F20002F3003F2D2
:1062D0000003F20002F3003F20003F20002F3003B4
:1062E000F53336F53335F3003FFFFFFFFFFFFF3097
:1062F00000000000000002D20000000000000520A5
:1063000000000111111000D5000007FFFFFF100D64
:106310004000000000000000E40000000000005FFA
:10632000FFFFFF000000000134F636F01FFFFFFF03
:10633000501F203E0022D8222103F004E0001E302E
:1063400020004E005D0005D00D4007B005D000993B
:10635000008900A9006C000E3005E00D6007B00652
:10636000E8CEEE54E1008A00BEA63076BA000A807C
:10637000010000006E3001E5000000000E70BFFD5E
:1063800000000000003001330000000000000000A9
:106390000B2000000000000000F300023333310046
:1063A000000F3000CFFFFFA00000F300000000A8A6
:1063B00023333F630000000C6CFFFFFFF40030004C
:1063C000E300000F30003E604E000000F300006E5E
:1063D00058B03C000F3000007EE600D600F300000D
:1063E000009F4006D00F3000000BFC000E40F30071
:1063F0000004F5D900400F300000D905F30000F388
:106400000000AE100600000F3000AE300000034563
:10641000F3000A300000006EEA0000000000008671
:106420000000000000000007D000000000CFFFFFC8
:10643000FFFFFFFF100C8335733338433000C60075
:106440006B0001F200000C8FFFFFFFFFFFD000C6C2
:10645000007B0002F300000D5006B0001F2000007A
:10646000D5006FFFFFF200000E40000000000000AA
:1064700000F3000000000000001F2EFFFFFFFFF7E9
:106480000004E001D60000AB00006C0003D913CB80
:1064900010000A900002DEFA000001E3479CEB685E
:1064A000DEA861190496400000369A00000A100028
:1064B000003700000001F1000005C00000001F10BF
:1064C00002226D22210023F320EFFFFFFF704FFF18
:1064D000FD00005C00000001F1000005C0000000AC
:1064E0001F10CFFFFFFFFF4001F102222224F32003
:1064F000003FBC0000001F1004CFF72AFFFFFFFF82
:10650000F3383F101232224F320001F1002D1001FA
:10651000F100001F1000B9001F100001F10003E29C
:1065200001F100001F10000A301F100024F10000CC
:106530000135F1000BEA0000004EEA000000000007
:1065400000000000000000000000000920001222EE
:1065500021000000F30009FFFFA000000F300098A9
:10656000007A133333F631098007A7FFFFFFFF508E
:1065700098007A000000F300099118A011000F3074
:10658000009FFFFA0AA000F300098007A01E500F29
:10659000300098007A006D10F300098007A000C851
:1065A0000F300098007A000200F30009FFFFA000FE
:1065B000000F3000992221000000F3000650000077
:1065C00000001F3000000000004EEED1000000006F
:1065D0000000443000000005B00000000000000092
:1065E0005D000EFFFFFFB00005D000E633339B00D7
:1065F000005D000E300008B01FFFFFF4E300008BC9
:106600000033AD331E522229B0000DD000EFFFFF42
:10661000FB0003FE300E300008B0008DED20E300DB
:10662000008B000D7D7C0E300008B007A5D0B2EFC6
:10663000FFFFFB02E35D000E622229B04805D00097
:10664000E300008B00005D000E300008B00005D0B4
:1066500000EFFFFFFB00005D000E622229B0000387
:1066600080007100003400000016000048000000A7
:1066700047BED3002D6000000A9C90003DFFFFE163
:10668000000098006E8111B9000009804E67106EFD
:10669000100022A92130BD6D20003FFFFF9003DADA
:1066A00010000001EC129A82890000008DBC0100EC
:1066B0008FFFFE101D989601AB2119A00889810556
:1066C000DB1002E302E29801C63E40CB00390980AC
:1066D00000006ECC10001098000003DD10000009CF
:1066E000800029EA100000009806CFC400000000D6
:1066F0000760583000000000000008A00000000003
:10670000000002EFFFFFE300000000BA11118E103D
:106710000000007E20001E700000004EA22228E231
:106720002210005EFFFFFFFFFFFC00098C7000B825
:106730000006C00000B8111B81117C00000BFFFF98
:10674000FFFFFFC00000C7000B80006C00000C6062
:1067500000B80006C00000E7111B91117C00001F6B
:10676000FFFFFFFFFFC00005E0000B80006C000092
:10677000AA0000B80006C0005E30000B80339C0009
:1067800008800000000DED60000000000000000027
:106790000000085000000950000000D5000000B7BC
:1067A00000001FFFFFF1000B70000037D333000023
:1067B000B7000000880002FFFFFFFB000C4A702FAB
:1067C00022B727B002E0A702F00B605B008B2A82A1
:1067D0002F00B605B00CFFFFF3F00B605B00100A52
:1067E000702FFFFFFFB00000A702F22B727B0000AA
:1067F0000BBA4F00B605B01ADFFD93F00B605B01DA
:10680000B85B702F00B605B00000A702F22B727BB8
:1068100000000A702FFFFFFFB000008501D00000CC
:106820004900003A0000002A00000005B000001DE9
:10683000E200003FFFFF302DD9E300002B62205E15
:10684000D109E60000D2008FD20008FC201E3A08D1
:106850005DFFFFF78105A4C0000000001200A54CF9
:1068600000EFFF7545A01EFFFF3E1087775A0042DC
:106870006D20EEEE7775A00004C00E1087775A00E9
:10688000007EB2E1087775A02CEEE60EEEE7775AAF
:1068900000734C00E1087765A00004C00E1087006B
:1068A0005A00004C00E1097006900003900E1AE4B3
:1068B0002EE50000000000000000000000000000C5
:1068C000C20000008A0000000F30000002D909FF5A
:1068D000FFFFFFFF0003E611112F411110000740D9
:1068E0000000F300000000000DFFFFFFFF40044424
:1068F00020D300F300E402DDE70D300F300E40003E
:106900000A70DFFFFFFFF40000A70002DFE40000D1
:10691000000A7000C9F8E7000000A702CA0F32D9C8
:1069200000000A76E900F301D70002DB45000F30D2
:10693000010006E89D831031012311E50039EFFFC6
:10694000FFFFF102000000012211000000710000B1
:10695000000000000009D10FFFFFFFFF70000B9047
:1069600033333333C7000011000000000B7007C041
:106970000000000000B7007C00AFFFFFA00B700715
:10698000C00A71117A00B7007C00A60007A00B7046
:1069900007C00A70007A00B7007C00AFFFFFA00BB1
:1069A0007007C00A60007A00B7007C00A60007A04C
:1069B0000B7007C00A60007A00B7007C00AFFFFFD1
:1069C000A00B7007C00000000000B7007C000000B2
:1069D00000012D7007C0000000007ED30000000001
:1069E00000000000000000000000000000000000A7
:1069F000000000040400000000000007071100FD73
:106A00003C000009090D000077000009090D000095
:106A1000B2000009090D0000ED000009090D000099
:106A200028010009090D000063010009090D00009B
:106A30009E010009090D0000D9010009090D00009F
:106A400014020009090D00004F020009090D0000A1
:106A50008A02000C0C0D0000D8020005050D000094
:106A6000F902000B0B0D00004103000E0E0D00009B
:106A70009C03000D0D0D0000F103000B0B0D000039
:106A80003904000A0A0D00007A04000A0A0D000009
:106A9000BB04000B0B0F00000E05000B0B0E00FCDF
:106AA0005B050011111100FEEC050011111100FE33
:106AB0007D060011111100FE0E070011111100FEDC
:106AC0009F070011111100FE30080011111200FD86
:106AD000C9080011111100FE5A090011111100FE20
:106AE000EB090011111100FE7C0A0011111200FDCA
:106AF000150B0011111100FEA60B0011111200FD63
:106B00003F0C0011111100FED00C0011111200FDFC
:106B100000000F00100011001200130014001500F7
:106B20001600170018001900280029002B002D005E
:106B30002F0030003300340044005000BD4FDA51C4
:106B40008852D95B865EE162D665D876DB79B289F8
:106B5000548F738FFF8FD49520000000D5950100CE
:106B6000106B040800000000240003007C5C040893
:106B7000E8690408586B04080000000000000108E0
:106B80009802012415FA01081DF9010815000400F6
:106B900000FE01006C6B0408000000000000000013
:106BA000000000079300000000000000BF6000002C
:106BB000000000000BF600000000000000BF6000B5
:106BC00000000000000BF600000000000000BF60A5
:106BD0000000000000000BF600000000DFFFFFFFD8
:106BE000FFFFFF700DFFFFFFFFFFFFF7000000003A
:106BF000BF600000000000000BF600000000000075
:106C000000BF600000000000000BF6000000000064
:106C10000000BF600000000000000BF60000000054
:106C200000000068300000000000000000000000CC
:106C30000000000000000000000000000000000054
:106C40000000001111111009FFFFFFF009FFFFFF05
:106C5000F000000000000000000000000000000044
:106C60000000000000000000000000000000000024
:106C70000000000000001000004EF70000BFFE0002
:106C800000AFFE00002CD600000000000CF2000057
:106C900000002FC0000000006F7000000000BF3037
:106CA00000000001ED0000000005F9000000000AEE
:106CB000F4000000000EE0000000004FA000000003
:106CC000009F5000000000DE1000000003FB0000E9
:106CD000000007F6000000000CF2000000002FC0CA
:106CE000000000006F8000000000BF3000000001C5
:106CF000ED0000000005F9000000000AF4000000AB
:106D0000000EE0000000004FA0000000009F5000B7
:106D1000000000DE1000000003FB0000000008F689
:106D2000000000000CF2000000002FC00000000076
:106D30006F8000000000131000000000000004AD90
:106D4000EC810000000008FFFFFFE400000007FFE7
:106D5000B436DFE2000001EFB00002EFA000007FD8
:106D6000F2000008FF20000CFC0000002FF70001DB
:106D7000FF80000000DFB0003FF50000000AFD00CA
:106D800005FF300000008FF0006FF200000007FFE9
:106D90001007FF200000007FF2007FF200000007D4
:106DA000FF2006FF200000007FF1005FF3000000DD
:106DB00009FF0003FF50000000AFD0001FF80000E3
:106DC000000DFA0000CFC0000002FF600007FF3096
:106DD00000008FE200001EFC00003EFA0000006F81
:106DE000FC537EFE200000008FFFFFFE30000000FD
:106DF000004ADEC81000000000003AEF400000002A
:106E00000029DFFFF40000000005FFFFFF40000045
:106E1000000014449FF400000000000006FF400042
:106E200000000000006FF400000000000006FF40BA
:106E30000000000000006FF400000000000006FFEA
:106E4000400000000000006FF40000000000000699
:106E5000FF400000000000006FF400000000000090
:106E600006FF400000000000006FF400000000007A
:106E70000006FF400000000000006FF4000000006A
:106E8000000006FF400000000000006FF40000005A
:106E900000000006FF400000000133339FF733324B
:106EA00000005FFFFFFFFFFFA00005FFFFFFFFFFE8
:106EB000FA0000004ACECA6000000001BFFFFFFFD9
:106EC000B2000002DFE9546CFFC000006FE3000075
:106ED00009FF600000620000001EFB0000000000CF
:106EE0000000BFE000000000000009FF00000000FB
:106EF000000000AFE00000000000000DFB000000FB
:106F000000000004FF70000000000000BFE100006E
:106F1000000000005FF80000000000001DFD000000
:106F2000000000000BFE40000000000008FF6000B1
:106F30000000000007FF90000000000007FFB00005
:106F40000000000007FFB0000000000008FFB000D4
:106F50000000000009FFC3445555550009FFFFFF1D
:106F6000FFFFFFF200AFFFFFFFFFFFFF2000003930
:106F7000CEDB81000000009FFFFFFFE5000001DF86
:106F8000FB6459EFE3000008E5000005FFB00000D6
:106F9000010000000CFE000000000000009FF20055
:106FA00000000000000AFF00000000000001EFC028
:106FB000000000000001BFF4000000001248EFE6EE
:106FC000000000000AFFFFB20000000000AFFFFE5B
:106FD0009200000000000248EFE500000000000001
:106FE00001DFE200000000000003FF90000000004D
:106FF00000000EFC00000000000000DFD0000400D4
:107000000000002FFB0009FA1000001CFF50009F39
:10701000FE95458EFF9000006EFFFFFFFE90000082
:107020000005ACEDB82000000000000008FFB00033
:107030000000000003EFFB000000000000CFFFB0E5
:1070400000000000007FDAFB00000000002EF6BF09
:10705000B0000000000BFC0BFB0000000006FF402E
:10706000CFB000000002EF900CFB00000000BFD189
:1070700000CFB00000005FF4000CFB0000001EF920
:107080000000CFB000000AFD10000CFB000004FF60
:10709000400000CFB00000DFB222222CFC22205F93
:1070A000FFFFFFFFFFFFFA06FFFFFFFFFFFFFFA04D
:1070B0000000000000CFB00000000000000CFB004A
:1070C000000000000000CFB00000000000000CFB3A
:1070D00000000000000000CFB00000000000000C25
:1070E000FB0000000BFFFFFFFFFE000000CFFFFFD3
:1070F000FFFFE000000DFB55555555000000EF80E7
:107100000000000000000FF700000000000001FF79
:10711000600000000000002FF400000000000003E9
:10712000FF300000000000004FF7BEFDA50000008A
:1071300005FFFFFFFFFB1000002DE73025DFFA0001
:10714000000000000000CFF500000000000003FF79
:10715000B00000000000000EFE0000000000000073
:10716000BFF00000000000000CFE00000000000066
:1071700000EFC00004000000007FF7000AF90000E3
:10718000005EFD0000AFFD8546AFFE3000006EFFE3
:10719000FFFFFD4000000016ACEDA700000000005E
:1071A0000039DEDB60000000009FFFFFFFC200002F
:1071B00000AFFC7558EF9000007FF80000027000EF
:1071C000001EFA00000000000006FF200000000082
:1071D0000000BFC00000000000000EF8000000002A
:1071E000000002FF6039DEB91000003FF58EFFFF9E
:1071F000FE500004FFCFB4126EFE20004FFF70005F
:10720000003EFA0003FF90000000AFE0002FF60000
:10721000000006FF2000EF800000004FF4000CFB90
:1072200000000005FF40008FE10000007FF2000336
:10723000FF7000000CFD00000AFE300006FF600039
:10724000001DFE8448FFB00000002DFFFFFFA100DD
:1072500000000007CEEB60000007FFFFFFFFFFFF0D
:10726000F3007FFFFFFFFFFFFF20025555555556E6
:10727000EF900000000000008FC000000000000040
:107280003EF30000000000000BF9000000000000C9
:1072900006FE10000000000000DF8000000000007B
:1072A000004FE20000000000000AFB0000000000A8
:1072B0000001EF600000000000007FF1000000000E
:1072C00000000AFD00000000000000DFA000000038
:1072D0000000002FF700000000000005FF50000034
:1072E000000000008FF20000000000000AFF100004
:1072F0000000000000CFE00000000000000DFD00D5
:10730000000000000000EFC00000000000000FFCC3
:1073100000000000000004ACEC93000000000AFF35
:10732000FFFFF900000008FE9313AFF7000002FF13
:107330008000009FE100005FF1000001FF400008B5
:10734000FE0000000DF600006FF2000000EF50009C
:1073500001EFA000003FE1000007FF91000BF800E3
:10736000000007FFD718FC000000001CFFFEFC1007
:107370000000003DE88EFFE70000003EF50006DF5C
:10738000F900000CF8000001BFF60004FE10000038
:1073900000DFD0007FD000000008FF1008FD0000D3
:1073A00000006FF3006FF200000008FE0001EFB074
:1073B000000002EFB00005FFD62127EFE200000633
:1073C000EFFFFFFFC3000000007ADECA500000009C
:1073D0000018DEDA50000000004DFFFFFFA00000A3
:1073E000002EFD6359FFB000000BFD200007FF6079
:1073F0000003FF6000000BFD00006FF10000004F74
:10740000F40008FE00000000EF80009FE000000094
:107410000CFB0007FF00000000AFD0005FF400008D
:10742000001DFE0001EFC000001CFFE00006FFC4CD
:10743000116DECFE000009FFFFFFD49FD000000497
:10744000ACEC710BFB00000000000000EF800000BE
:10745000000000002FF500000000000008FE1000F2
:107460000000000001EF90000028000001CFE100C3
:10747000000DFD8558EFE50000004DFFFFFFE50022
:1074800000000018CEEC81000000000005ACEDA665
:10749000000000007DFFFFFFFA0000004FFD854760
:1074A000DFF700000096000001DFE00000000000B0
:1074B0000007FF300000000000004FF50000000052
:1074C00001479CFF700000017CFFEDCFF700000634
:1074D000EFC73003FF700006FF7000003FF70000A9
:1074E000DFA0000003FF70002FF60000004FF70040
:1074F00001FFA000005DFF70000CFF9447BFDFF7A5
:1075000000003EFFFFFE80DF70000019CED9300C76
:10751000F700000005BDEC500008FFFFF50002EF8A
:10752000D54710008FF40000000AFF00000000BFE4
:10753000E00000000BFE00000000BFE000000DEFC7
:10754000FFFFF500FFFFFFFF50033CFE333100005B
:10755000BFE00000000BFE00000000BFE0000000E4
:107560000BFE00000000BFE00000000BFE0000006A
:1075700000BFE00000000BFE00000000BFE00000C4
:10758000000BFE00000000BFE00000000BFE00004A
:107590000000BFE00000002BC500008FFD00006F61
:1075A000FB0000056100000000000000000000007A
:1075B0000000003FF700003FF700003FF700003FEA
:1075C000F700003FF700003FF700003FF700003FE3
:1075D000F700003FF700003FF700003FF700003FD3
:1075E000F700003FF700003FF700003FF700003FC3
:1075F000F700003FF0018CEC8100028DEB70000081
:10760000003FF23DFFFFFD105EFFFFFB0000003F6B
:10761000F8EE968EFF97FE869EFF6000003FFFB259
:107620000002EFEFA10003FFC000003FFB000000DD
:107630009FF9000000BFE000003FF70000007FF569
:107640000000009FF200003FF70000005FF500001F
:10765000007FF300003FF70000005FF50000007FAF
:10766000F300003FF70000005FF50000007FF3002B
:10767000003FF70000005FF50000007FF300003FCF
:10768000F70000005FF50000007FF300003FF70007
:1076900000005FF50000007FF300003FF7000000EE
:1076A0005FF50000007FF300003FF70000005FF58A
:1076B0000000007FF300003FF70000005FF50000CE
:1076C000007FF300003FF70000005FF50000007F3F
:1076D000F300003FF0017CEDA30000003FF22DFF1E
:1076E000FFFE5000003FF8EEA77BFFD000003FFFF9
:1076F000C20000AFF600003FFB0000003FF80000B2
:107700003FF70000000FFA00003FF70000000EFBFB
:1077100000003FF70000000EFB00003FF7000000F4
:107720000EFB00003FF70000000EFB00003FF700DB
:1077300000000EFB00003FF70000000EFB00003FC2
:10774000F70000000EFB00003FF70000000EFB00FA
:10775000003FF70000000EFB00003FF70000000EA6
:10776000FB0000004ACEDA4000000BFFFFFFFA10DA
:10777000008FF94258ED1000EFA00000120001FF49
:10778000800000000000DFD300000000004EFEA4D7
:107790000000000004CFFFD81000000004AEFFE698
:1077A00000000000017EFE400000000002EFA0008B
:1077B00000000000BFC001A2000000DFA00BFE9689
:1077C000325CFE4001AFFFFFFFE60000039CEDB816
:1077D00020000005BEC7000009FB8BFA0003F9007A
:1077E00007F4007F20000E8009F00000EA006F40DF
:1077F000003F7001DD403CE10003DFFFD4000000EA
:1078000047510000000000000000000000000000E0
:107810000000000000000000000000000000000068
:107820000000000000000000000000000000000058
:107830000000000000000000000000000000000048
:107840000000000000000000000000000000000038
:107850000000000000000000000000000000000721
:10786000070000000000001111130000A200000A30
:107870000A0A0000D400000808050000E800000C17
:107880000C1E00FA9C010011111600005702001195
:10789000111600001203001111160000CD03001193
:1078A0001116000088040011111600004305001194
:1078B00011160000FE05001111160000B906001196
:1078C0001116000074070011111600002F08001196
:1078D00011160000EA080011111000007209000AD8
:1078E0000B180000F609000808170000520A001CD7
:1078F0001C100000320B001212100000C20B000E10
:107900000E100000320C000B0B17000000000B00E3
:107910000D000E000F0010001100120013001400E3
:107920001500160017001800190041004600490014
:107930004D004E0053009000200000009100010017
:107940000C7904080000000016000300A06B040876
:107950005478040838790408000000000000010889
:10796000A002012415FA01081DF9010822000400F3
:1079700000FE01004C790408000000000000000037
:10798000F206E8EC993661D63A9624BE055E05FA11
:1079900004B14D6A8E09CEE7FF47FE00FCC0FAA491
:1079A0007AA963F19CF3EA8AE38EECD3FE7AFF5D59
:1079B000EA0FF312F476FDDAFF3DAA37BB59CC9BF0
:1079C000E5FCF73E7AB893B9B4FBD63DEF3E5B5881
:1079D0007C399D5BC65DEF5E453E65BE965FBEFF32
:1079E000E79F2DBE4E1E86BFB73FE7BF263B4E9C8E
:1079F00086FDB75EE7BF25334DB58658B6FBE79EDB
:107A000065CD8630A6B4CF39EFBD9E6CAEB0C7143D
:107A1000DF79F7DDD70ADF2EE773F7B8FFDCFF6BFE
:107A2000FF8EFFB3FFD8FFFCFE45FEA9FF10FF76D7
:107A3000FFDCFD24FDA9FE70FF16FF9CFB88FC4CBB
:107A4000FD52FE77FF5C8B6CA44FBD54D679EF5D81
:107A50007C939535B5F8CEDBEF7EBDF7E71CEF7D67
:107A6000F7BEFFDFE1C6D165C145B0E3D8CCC0CBDE
:107A7000A8AA8869893578F468D348B159B6517590
:107A8000413430D23A5531F329B2190F1C5C1BBA7C
:107A900013380A3404DC045A03B702B3057804B47B
:107AA0000411030C044F03CD034B026845083C67E7
:107AB0002BE61AE47D886CE754453343C646ADA5F2
:107AC0009CE483A2FEC6FE05FD44F3E2FD80FD00BA
:107AD000FC60FB60FC60F3E0EB60E280F283E24379
:107AE000DA02B9A16A685A0649A53924536F42CC13
:107AF0003229218773AE630C4208210400003C0246
:107B00007804B306EE08280B610D990FD011061406
:107B10003A166C189D1ACB1CF71E212148236C25A0
:107B20008E27AC29C72BDF2DF32F033210341836E4
:107B30001C381C3A173C0E3EFF3FEC41D443B6457F
:107B400093476A493C4B084DCD4E8D504652F953F0
:107B5000A5554B57EA58825A135C9C5D1F5F9A608B
:107B60000D627963DD6439668D67D9681D6A596B6A
:107B70008C6CB76DD96EF36F04710C720B7301745A
:107B8000EE74D275AD767F7747780679BB79677AE0
:107B90000A7BA27B327CB77C337DA57D0D7E6C7E1B
:107BA000C07E0B7F4B7F827FAF7FD27FEB7FFA7FE0
:107BB000FF7F00000000000000040404040404042B
:107BC0000404040000000000060606060606050080
:107BD00000000000000000000000000000000000A5
:107BE000020000000000000000000400000200028B
:107BF0000200000000000000020202020002000079
:107C00000002000000000000020000000001010569
:107C10000505010500000000001001010000000042
:107C20001002020C0C1212000000000074AE0308D7
:107C3000850C0208E90C0208000000002D0D020866
:107C4000D127D12780030000303132333435363725
:107C50003839414243444546403058003031323390
:107C60003435363738396162636465664030780090
:107C700004000008000000000000000200010000F5
:107C8000100000000000000000000000303132331E
:107C90003435363738396162636465667870003030
:107CA000313233343536373839414243444546580A
:107CB0005000000002400000000000A00000000092
:107CC00005400000000000C8000000000C4000005B
:107CD0000000409C00000000194000000020BCBED5
:107CE0000000000034400000BFC91B8E00000004EB
:107CF000B5400000504BCFD06607E2CF0100000036
:107D00006C4100003E8251AADFEEA7340100000062
:107D1000D9420000DCB5A0E23A301F97FFFFFFFF19
:107D2000B4450000FD25A0C8E9A3C14FFFFFFFFF38
:107D3000FF3F00000000008000000000FF3F000047
:107D400000000080000000004465627567556954BA
:107D500061736B0050726F746F636F6C5461736BFF
:107D60000000000041726D436F6E74726F6C54615D
:107D7000736B0000446961676E6F73746963735459
:107D800061736B0043616E52785461736B00000045
:107D900055736254785461736B00000054656C65D0
:107DA0006D657472795461736B0000006F6B2025F0
:107DB0006C752068656C702073747265616D2063EA
:107DC0006F6D6D616E64733D6A6F696E74732C6D57
:107DD0006F746F72732C6F66662072617465733D89
:107DE0006A6F696E74735F315F35302C6D6F746FBD
:107DF00072735F315F3130006F6B20256C752073BB
:107E0000686F77206D6F746F72206A6F696E743D52
:107E1000256C75206573633D25303278206D617364
:107E20007465723D253032782073746174653D2528
:107E30007320706F735F6465673D000054454C208C
:107E4000256C75204D4F544F525F5354415445207B
:107E5000745F75733D256C752076616C69645F6D28
:107E600061736B3D2575206661756C745F6D617320
:107E70006B3D2575206472697665723D00000000D7
:107E80003D0000006F6B20256C752073686F7720B4
:107E900064696167207573622072785F6C696E65D2
:107EA000733D3F206261645F6C696E65733D256C54
:107EB000752072785F6F766572666C6F773D256CA2
:107EC000752074785F64726F705F646174613D25C2
:107ED0006C7520627573795F6D61785F6D733D3F7E
:107EE000000000006F6B20256C752073686F772091
:107EF00064696167206D6F74696F6E206163746976
:107F000076653D256C75207072656469637465647F
:107F10005F6D733D256C7520656C61707365645F82
:107F20006D733D256C75206D61785F6572726F723F
:107F30005F6465673D252E33660000006F6B20256A
:107F40006C752068656C702073686F7720636F6D47
:107F50006D616E64733D696E666F2C7374617465D8
:107F60002C6A6F696E74732C6D6F746F72732C6DE5
:107F70006F746F722C636F6E6669672C64696167DA
:107F8000000000006F6B20256C752068656C702008
:107F900062656E636820636F6D6D616E64733D69C9
:107FA0006E69742C6D6F64652C6D69742C656E61DF
:107FB000626C652C6A6F672C6D6F76652C73746FBD
:107FC000702C64697361626C652C636C656172000E
:107FD0006F6B20256C752073686F7720696E666FF4
:107FE000206D63753D2573207472616E73706F72BE
:107FF000743D7573625F6364632063616E3D636C9F
:1080000061737369635F316D206D6F746F723D735F
:1080100033353139206472697665723D646D33356C
:108020003230206275696C643D2573006F6B2025CA
:108030006C752073686F7720737461746520737436
:108040006174653D257320616C69676E65643D25CB
:108050007520656E61626C65643D25303278206DF7
:108060006F76696E673D2575206163746976653D3D
:10807000256C75206661756C743D257300000000E9
:108080006F6B20256C752073686F7720646961675A
:10809000206C6F6F705F6D61785F75733D256C75D7
:1080A00020646561646C696E655F6D6973733D25FD
:1080B0006C752063616E5F6572726F723D256C75C1
:1080C000207573625F64726F703D256C7520666108
:1080D000756C743D257300006F6B20256C752073E3
:1080E000686F7720646961672072746F7320636FB3
:1080F0006E74726F6C5F737461636B3D2573206384
:10810000616E5F737461636B3D25732070726F7471
:108110006F636F6C5F737461636B3D257320757360
:10812000625F737461636B3D257320686561705F86
:108130006D696E3D256C752074656C656D65747236
:10814000795F737461636B3D257320646961675F58
:10815000737461636B3D25732075695F737461632C
:108160006B3D257320737461636B5F756E69743D3D
:10817000776F7264730000006F6B20256C75206848
:10818000656C7020746F706963733D73686F772CD2
:1081900073747265616D2C61726D2C62656E6368BB
:1081A000206578616D706C65733D73686F775F7380
:1081B000746174652C61726D5F6D6F76652C62659C
:1081C0006E63685F6D6974006F6B20256C7520733A
:1081D000686F7720636F6E666967206D61703D25FB
:1081E00030386C782072657175697265643D253030
:1081F000326C782076657269666965643D25303237
:108200007820656E61626C655F72656164793D2599
:10821000750000006F6B20256C752073686F7720E8
:10822000646961672063616E2072783D256C7520FA
:1082300074783D256C752064726F703D256C7520D7
:108240006572726F723D256C75206275736F66661C
:108250003D256C752071756575655F68776D3D2589
:108260006C7500006F6B20256C752068656C6C6FF9
:108270002070726F746F636F6C3D616574686F72AC
:108280002D746578742D76312066773D25732070C6
:10829000726F66696C653D257320646F663D257558
:1082A00020626F6F743D256C75207761746368641C
:1082B0006F675F6D733D256C75000000646F6E65C0
:1082C00020256C752062656E636820696E69742074
:1082D000726573756C743D2573206964656E74698D
:1082E00074793D25303278206D6F64653D253032DC
:1082F000782072616E6765733D253032782076652F
:108300007273696F6E3D25303278000025732070DE
:10831000726573656E743D2530327820656E6162DA
:108320006C65643D25303278206D6F76696E673DEF
:108330002530327820686F6C64696E673D25303275
:1083400078207374616C653D3030206661756C74A3
:108350003D25303278000000646174612035303290
:10836000206D6F746F72732070726573656E743DEB
:108370002530327820656E61626C65643D2530324F
:1083800078206D6F76696E673D2530327820737482
:10839000616C653D3030206661756C743D2530320E
:1083A00078000000E9878DE5A48DE8AFB7E6B182DB
:1083B00000000000E7BB93E69E9CE5BE85E5A48433
:1083C000E7908600E58F82E695B0E697A0E695886F
:1083D00000000000E9809FE5BAA6E8B685E999901B
:1083E00000000000E6B8A9E5BAA6E8B685E99990CC
:1083F00000000000E8BDACE79FA9E8B685E99990C8
:1084000000000000E58F82E88083E5B7B2E58F9831
:10841000E58C9600E5819CE6ADA2E5B7B2E99481D2
:10842000E5AD9800E58AA8E4BD9CE5BF9900000091
:10843000E58F82E695B0E69CAAE6A087E5AE9A00B5
:10844000E8AFB7E6B182E8BF87E69C9F0000000076
:10845000E58F8DE9A688E8BF87E69C9F00000000B5
:10846000E5B09AE69CAAE5B0B1E7BBAA000000001F
:10847000E5B0B1E7BBAA0000E58FAAE8AFBBE9858C
:108480008DE7BDAE00000000E8B685E587BAE88C50
:1084900083E59BB400000000E69CAAE88EB7E69C4A
:1084A000ACE59CB0E68EA7E588B60000E58F8DE9C7
:1084B000A688E5BC82E5B8B800000000E8BE93E5F8
:1084C00085A5E68896E698BEE7A4BAE5BC82E5B83D
:1084D000B8000000E5B09AE69CAAE5A4B1E883BD27
:1084E00000000000E6AF8FE6ADA520302E31300051
:1084F000E6AF8FE6ADA520302E303100E58887E667
:108500008DA2504F53000000E58887E68DA24D49AB
:10851000540000004B6400004B700000E6AF8FE693
:10852000ADA520312E30C2B02F730000E6AF8FE62C
:10853000ADA520313030206D730000004D4954E46A
:10854000BF9DE68C810000004D495420E69C89E9DE
:108550009990E4BF9DE68C8100000000E78AB6E6B2
:108560008081E8AFA6E6838500000000E5A4B1E8BD
:1085700083BDE6B885E7908600000000E5B7A5E476
:10858000BD9CE6A8A1E5BC8F00000000E58887E659
:108590008DA2E6A8A1E5BC8F00000000E7B3BBE711
:1085A000BB9FE8B584E6BA9000000000E6B885E914
:1085B00099A4E69585E99A9C00000000E8B083E55F
:1085C000BAA6E4B88EE9809AE4BFA10053544F5094
:1085D00020E5819CE6ADA200E68EA7E588B6E6A37D
:1085E00080E69FA500000000E79BB8E5AFB9E8A7CB
:1085F00092E5BAA600000000E7AD89E5BE85E8BFB8
:108600009BE5BAA600000000E9809FE5BAA600003D
:10861000E6ADA3E59CA8E8BF90E58AA800000000AD
:10862000504F53E7A7BBE58AA80000004D4954E727
:10863000A7BBE58AA8000000504F5320E79BB8E590
:10864000AFB9E7A7BBE58AA8000000004D49542058
:10865000E79BB8E5AFB9E7A7BBE58AA80000000033
:10866000E4BD8DE7BDAEE5AF84E5AD98E599A80022
:10867000E6A0A1E9AA8CE58F82E695B00000000093
:10868000E6AF8FE6ADA520312E30C2B0000000006D
:10869000E4BF9DE68C81E697B6E997B40000000040
:1086A000E794B3E8AFB7E69CACE59CB0E68EA7E5EF
:1086B00088B60000E9878AE694BEE69CACE59CB0EB
:1086C000E68EA7E588B60000E58F91E78EB0E794C7
:1086D000B5E69CBA00000000E68C89E994AEE4B8E7
:1086E0008EE698BEE7A4BA00E4BD8DE7BDAEE8AF64
:1086F000BBE580BC00000000E8AFB7E6B182E5A4AE
:10870000B1E883BD00000000E681A2E5A48DE4B8D5
:108710008EE5A4B1E883BD00E6ADA3E59CA8E4BD69
:10872000BFE883BD000000009C880408000001240D
:1087300034030000080300089C880408000000249B
:1087400000690000640300089C880408008000247D
:1087500000800000640300089089040834030124A9
:108760004CBD010064030008000000000000F07F21
:108770001C00000043000000F8FFFFFF0C00000099
:108780000E0000000F0000002E000000100100008D
:1087900043000000F8FFFFFF0040404040404040E1
:1087A00040404141414141404040404040404040C4
:1087B0004040404040404040400502020202020268
:1087C00002020202020202020220202020202020B7
:1087D00020202002020202020202909090909090CB
:1087E0001010101010101010101010101010101089
:1087F00010101010020202020202888888888888FD
:1088000008080808080808080808080808080808E8
:1088100008080808020202024000000000000000F0
:108820000000000000000000000000000000000048
:108830000000000000000000000000000000000038
:108840000000000000000000000000000000000028
:108850000000000000000000000000000000000018
:108860000000000000000000000000000000000008
:1088700000000000000000000000000000000000F8
:1088800000000000000000000000000000000000E8
:108890000000000000000000000000000130135D37
:1088A000B01B088D041A99041AC1041AED041A3D6C
:1088B000041A690441170403090412011402020294
:1088C00016408304405726020102030114050F0CD1
:1088D0001C0107101721031A1A0313A1311B089B4F
:1088E000041A97041AC5041AED04193F1182103CAA
:1088F00090D0030401831AAA018114810182130A12
:108900000629DF2A40B01C090243FB1125C03209A9
:10891000041B01020B130524161001052401100984
:108920000104240202052406170107058203081525
:108930001009040133020A2E0705010240072A81AB
:1089400007111309AB140875A91408ABAC4208133E
:1089500005AA1408C1A81B083714C11A89181A4996
:10896000041AC9041A3D04015802272D027A010293
:108970002080C5D4C3B2A1021B70180A915F0208FF
:10898000B15E020829041A490C1A61081A89040008
:04000005080002CD20
:00000001FF
