:020000040800F2
:1000000050BE022419050008B39B0008CB960008D7
:10001000B19B00089531000819C4000800000000D9
:10002000000000000000000000000000590400086B
:100030006136000800000000B504000849A6000869
:1000400033050008330500083305000833050008B0
:1000500033050008330500083305000833050008A0
:100060003305000833050008330500082532000871
:100070003305000833050008330500083305000880
:100080003305000833050008E9300008853600080C
:100090009D36000891360008A9360008330500088F
:1000A0003305000833050008330500083305000850
:1000B0003305000833050008330500083305000840
:1000C0003305000833050008330500088DA000083B
:1000D0003305000833050008330500083305000820
:1000E0003305000833050008000000003305000850
:1000F0003305000833050008330500083305000800
:1001000033050008330500083305000833050008EF
:1001100033050008330500083305000833050008DF
:1001200033050008330500083305000833050008CF
:1001300033050008330500083305000833050008BF
:1001400000000000000000000000000000000000AF
:10015000330500083305000833050008330500089F
:10016000330500083305000833050008330500088F
:1001700033050008519C000833050008000000000A
:10018000330500083305000833050008330500086F
:10019000330500083305000833050008330500085F
:1001A000330500083305000833050008000000008F
:1001B000330500083305000833050008330500083F
:1001C00033050008330500080000000000000000AF
:1001D00000000000000000003305000800000000DF
:1001E000000000000000000000000000000000000F
:1001F000000000000000000033050008330500087F
:10020000330500083305000800000000330500082E
:1002100033050008330500083305000833050008DE
:10022000330500080000000033050008000000004E
:1002300033050008330500080000000033050008FE
:1002400033050008330500083305000833050008AE
:10025000330500083305000833050008330500089E
:10026000330500083305000833050008330500088E
:1002700033050008330500083305000800000000BE
:10028000330500083305000833050008330500086E
:1002900000000000330500083305000800000000DE
:1002A000000000003305000833050008330500088E
:1002B000330500083305000833050008B53600088B
:1002C000C1360008D1A700083305000800F002F885
:1002D00000F0B2F80AA090E8000C82448344AAF12E
:1002E0000107DA4501D100F0A7F8AFF2090EBAE82C
:1002F0000F0013F0010F18BFFB1A43F0010318475A
:10030000D8C0040018C104000A444FF0000C10F8D3
:10031000013B13F0070408BF10F8014B1D1108BF83
:1003200010F8015B641E05D010F8016B641E01F823
:10033000016BF9D113F0080F1EBF10F8014BAD1C73
:100340000C1B09D16D1E58BF01F801CBFAD505E091
:1003500014F8016B01F8016B6D1EF9D59142D6D3EB
:10036000704700000023002400250026103A28BF13
:1003700078C1FBD8520728BF30C148BF0B60704717
:100380006E2900F0BF85702900F0638266292EF087
:100390006B8465292EF0688467292EF065846129B5
:1003A0002EF0648403681B0A28BF41F0800169298C
:1003B00000F0D481642900F0D181752900F0CE814C
:1003C0006F2901F0BA80782900F02F82E92901F025
:1003D0005580E42901F05280F52901F04F80EF2982
:1003E00001F0B780F82900F02E820368DB0928BFEE
:1003F00041F08001632900F0D687732900F0DB8784
:10040000E32901F02583F32901F02A8300207047B6
:100410001FB52EF0BAFB01F001F904000020002105
:100420002EF09CFA401C6060002000212EF080FA23
:10043000E0601FBD10B510BD01F0E2FB1146FFF7F3
:10044000E7FF24F0A9FA01F05BFE03B4FFF7F2FF27
:1004500003BC00F0D7FC00002C4B19680868B0E81A
:10046000F04F80F30988BFF36F8F4FF0000080F3E7
:10047000118870470000000008480068006880F399
:1004800008884FF0000080F3148862B661B6BFF3AD
:100490004F8FBFF36F8F00DF00BF00BF08ED00E09C
:1004A000DFF80C00016841F470010160704700BF83
:1004B00088ED00E0EFF30980BFF36F8F134B1A68EC
:1004C0001EF0100F08BF20ED108A20E9F04F1060D9
:1004D00009B44FF0500080F31188BFF34F8FBFF382
:1004E0006F8F2DF017FF4FF0000080F3118809BCCB
:1004F00019680868B0E8F04F1EF0100F08BFB0ECA4
:10050000108A80F30988BFF36F8F7047DC000124E5
:10051000EFF305807047000009488047094800470D
:10052000FEE7FEE7FEE7FEE7FEE7FEE7FEE7FEE7A3
:10053000FEE7FEE704480549054A064B7047000000
:1005400011A70008CD02000850B8022450BE0224B2
:1005500050BA022450BA022400487047F0B702246F
:1005600053EA020C00F069802DE9F04B4FF00006D1
:10057000002B1FBFB3FA83F503FA05F424FA05F63E
:100580005E4012BF1643B2FA82F502FA05F4C5F1D5
:1005900020051EBF22FA05FC44EA0C04203556EA69
:1005A000044C4FEA144418BF641C4FF000084FF08D
:1005B0000009904271EB030C39D3002919BFB1FA3D
:1005C00081F701FA07F6B0FA80F700FA07F6C7F1EB
:1005D00020071EBF20FA07FC46EA0C062037B6FBB0
:1005E000F4FCA7EB0507103F07F01F0BCBF120062B
:1005F0000CFA0BFB2CFA06F644BFB3460026202F5C
:10060000A4BF5E464FF0000B5BEA060C08BF4FF03C
:10061000010B19EB0B09ABFB027C48EB0608C01B76
:1006200006FB02CC0BFB03CC71EB0C01C1E70B46C4
:10063000024641464846BDE8F08B13B54FF0000036
:100640004FF00001AFF30080BDE81C407047000090
:100650007CB51D4616460C00009001D02044401E7B
:10066000074B7B442A4669460190304600F071FEF4
:1006700005461CB10020694600F07EFE28467CBD80
:100680001D0D00000FB47CB50C0009AA009001D02C
:100690002044401E084B7B4469460190089800F0B6
:1006A00058FE05461CB10020694600F065FE28464C
:1006B0007CBC5DF814FB0000E90C000070B504463A
:1006C00085690068C10601D5302600E02026C007F4
:1006D00007D070BDD4E9012130469047206A401C04
:1006E00020626D1EF6D570BD70B504468569007830
:1006F000C00707D170BDD4E9012120209047206AAE
:10070000401C20626D1EF6D570BD70B50C460546C6
:10071000012A05D02878800600D5EA69002302E086
:10072000012305E05B1C934202D2E05C0028F9D172
:10073000A869E618C01AA861286A184428622846E1
:10074000FFF7BCFF04E0D5E9012114F8010B904745
:10075000B442F8D32846FFF7C7FF70BD2DE9F0413A
:100760000646002410687529314616A510D000F001
:100770005EFB002802DA404213A507E031688A07D1
:1007800001D512A502E0490704D511A5012401E015
:1007900000F056FB00210A2206F1240709E0B0FB15
:1007A000F2FCB0FBF2F302FB1C0030307854184628
:1007B000491C0028F3D123462A463046BDE8F041C3
:1007C00000F047BB000000002D0000002B000000DF
:1007D00020000000F0B40D460188090502D5214C27
:1007E0007C4402E01F4C7C440E34002100F12406BE
:1007F00008E002F00F071209E75D42EA03721B09E5
:100800007754491C52EA0307F3D1027800231207F8
:1008100004D5702D06D009B1022311342246F0BC54
:1008200000F017BB01231034F8E770B504460D46FD
:100830002146106800F004FB024629462046BDE828
:1008400070400023C6E7D21D22F00703D3E900233E
:10085000C0E70368126843F0200303600823C36104
:100860000023B7E7BCB104002DE9F05F89460446D8
:100870004FF0000ADFF874B1FB44C0F820A0204616
:10088000E1688847002874D0252806D0D4E90121E2
:100890009047206A401C2062F1E700265F46204610
:1008A000E16888472028054607DB312D05D27819F5
:1008B00010F8200C08B10643F1E7B00701D526F087
:1008C0000406C4F81CA00027C4F818A02A2D09D0DB
:1008D00028460BF0D9FF38B304EB8708303DC8F841
:1008E000185019E059F8041B204604EB8702916167
:1008F000E1688847012F054618D1E069002820DA11
:1009000026F020061DE0D8F8180000EB800005EB6B
:1009100040003038C8F818002046E168884705468E
:100920000BF0B2FF0028EED1012F0AD02E2D08D1F6
:100930002046E16888477F1C0546022F46F02006C6
:10094000C4DBA069002803DA404246F00106A0613A
:10095000F00701D026F010066C2D0BD0682D09D0C1
:100960004C2D39D06A2D35D0742D35D07A2D33D019
:1009700016E038E0E1682F4620468847B842054631
:1009800009D16C2F26D04FF48060E16806432046E1
:100990008847054604E06C2F1AD04FF48070064358
:1009A0000DB3A5F14100192802D8203546F40066A0
:1009B0004A462946204626604E46FFF7E1FC80B1B4
:1009C00001280BD0F61D26F0070000F1080956E7B4
:1009D0004020E4E78020D8E70020D6E706F10409AC
:1009E0004DE7284652E7206ABDE8F09F4CB104006D
:1009F00010B5002000F00AFEFFF71CFDBDE8104016
:100A0000012000F0FFB9401ECAB210F8011F8A424F
:100A100002D00029F9D10020704740EA010310B547
:100A20009B070FD1042A0DD310C808C9121F9C427E
:100A3000F8D020BA19BA884201D9012010BD4FF070
:100A4000FF3010BD1AB1D30703D0521C07E00020BD
:100A500010BD10F8013B11F8014B1B1B07D110F81A
:100A6000013B11F8014B1B1B01D1921EF1D118461D
:100A700010BD40EA0103024630B59B0710D14FF08C
:100A8000013400E008C208C91D1B9D4315EAC41FBC
:100A9000F8D013F0FF0102F8011B0DD01B0AF8E794
:100AA00011F8013B002B02F8013B05D011F8013B86
:100AB000002B02F8013BF3D130BD10B5431C02E01E
:100AC00010F8011B71B18107FAD14FF0013202C851
:100AD0008C1A8C4314EAC211F9D0C01A0A0603D04A
:100AE000C01E10BDC01A10BD0A0401D0801E10BD6A
:100AF0000902FCD0401E10BDCBB22AB101788B4256
:100B000003D0401C521EF9D10020704740EA010377
:100B100070B59B072ED14FF00136042A2AD308C89E
:100B200010C99D1B9D43121F15EAC61517D0D8B2D8
:100B3000E1B2401A50EA056110D198B2A1B2401A50
:100B400050EA05410AD123F07F4024F07F41401A4A
:100B500050EA052102D1180EA0EB146070BDA3422B
:100B6000DBD018BA21BA884201D9012070BD4FF0FC
:100B7000FF3070BD0AB9002070BD10F8013B11F8BC
:100B8000014B63B1A3420AD1521E08D010F8013BB9
:100B900011F8014B1BB1A34201D1521EEDD1181B1C
:100BA00070BD032A40F2308010F0030C00F0158075
:100BB00011F8013BBCF1020F624498BF11F801CB60
:100BC00000F8013B38BF11F8013BA2F1040298BFC5
:100BD00000F801CB38BF00F8013B11F0030300F02F
:100BE0002580083AC0F0088051F8043B083A51F8D3
:100BF00004CBA0E80810F5E7121D5CBF51F8043BD8
:100C000040F8043BAFF30080D20724BF11F8013B4A
:100C100011F801CB48BF11F8012B24BF00F8013BAC
:100C200000F801CB48BF00F8012B704710B5203AFF
:100C3000C0F00B80B1E81850203AA0E81850B1E895
:100C40001850A0E81850BFF4F5AF5FEA027C24BF4B
:100C5000B1E81850A0E8185044BF18C918C0BDE842
:100C600010405FEA827C24BF51F8043B40F8043B0B
:100C700008BF7047D20728BF31F8023B48BF11F8C0
:100C8000012B28BF20F8023B48BF00F8012B70471A
:100C900002F0FF0343EA032242EA024200F002B8F4
:100CA0004FF000020429C0F0128010F0030C00F095
:100CB0001B80CCF1040CBCF1020F18BF00F8012B13
:100CC000A8BF20F8022BA1EB0C0100F00DB85FEAE1
:100CD000C17C24BF00F8012B00F8012B48BF00F8AD
:100CE000012B70474FF0000200B51346944696461C
:100CF000203922BFA0E80C50A0E80C50B1F120012F
:100D0000BFF4F7AF090728BFA0E80C5048BF0CC0DC
:100D10005DF804EB890028BF40F8042B08BF70473A
:100D200048BF20F8022B11F0804F18BF00F8012BAC
:100D3000704700004FF0013C50F8042B51F8043B81
:100D40009A4215D1A2EB0C03934313EACC130BD1B7
:100D500050F8042B51F8043B9A4209D1A2EB0C0342
:100D6000934313EACC13E7D04FF00000704700BF65
:100D7000D01A01BAB1FA81F101F0180122FA01F09A
:100D8000CB40C1F12001DBB2C0B2C01A2CFA01F392
:100D9000D11A914311EAC311E6D1704770477047E9
:100DA0007047A0E8004FF0C040F804DB01B5AFF396
:100DB0000080BDE8024001C10020A1EC068BA1EC3F
:100DC00002BBA1EC06CBA1EC02FB704700F12C08A2
:100DD0000C46B8EC068BB8EC02BBB8EC06CBB8EC12
:100DE00002FB00F12C0858F8040DAFF3008058F80E
:100DF000040D8546200008BF012038E9F00018E9FD
:100E0000004F704701491820ABBEFEE726000200E4
:100E100000487047F0B7022410B5FFF79DFB00684B
:100E200010BD10B50446FFF797FB046010BD0968BC
:100E30004A0501D540B27047C905FCD500B27047DC
:100E400009684A0501D5C0B27047C905FCD580B212
:100E500070472DE9F0470D4699469246044600F149
:100E600024080168880604D5E06921F0100121609A
:100E700000E00120A84201DD471B00E00027A16936
:100E80007A1902EB0900081AA0612078C00602D482
:100E90002046FFF713FC002608E0D4E901211AF8E8
:100EA00006009047206A401C761C20624E45F4DB09
:100EB0002078C0060AD52046FFF700FC06E0D4E9FA
:100EC000012130209047206A401C2062381EA7F183
:100ED0000107F4DC07E0D4E9012118F80500904788
:100EE000206A401C2062281EA5F10105F3DC204683
:100EF000FFF7FAFB2078000602D50220BDE8F08754
:100F00000120FBE711680268006A530501D50870EB
:100F10000AE0D30501D5088006E0130603D5C21701
:100F2000C1E9000200E008600120704770472DE928
:100F3000FF4F0C461E464FF0FF378BB0D2E9000141
:100F4000DDF860800A908A46C1F30A5505B93D462E
:100F5000002108464FF00000BAF1000F00F44000F5
:100F600005DA00EB80004FF4400101EA50004FEA3F
:100F70009059B9F1010F00DDB9460A9850EA4A00CC
:100F80000ED044F61050A5F2FF3545432F14B8F1AA
:100F9000000F1ED07542291E1EDDC9F100021CE0A3
:100FA000B8F1010F4FF0000001D0302103E0F2430F
:100FB00005E02154401CB042FBDB304600220021FA
:100FC00021540B99C1F80880C1E900200FB0BDE899
:100FD000F08FBD1B6D1CDEE74A4600DA694206A8A9
:100FE00000F062FD06AB93E8070003AB83E807005F
:100FF00050460A9901F0F9FA8DE80700A0F5005073
:101000001F3800900398002D09DD42F21F014A4667
:10101000084403A90390684601F083FD08E0A0F5A9
:1010200000504A461F3803A90390684601F0A1FD0D
:101030008DE807000004000C03D04FF0FF3041089A
:1010400000E01046B8F1000F03D0002200921546D0
:101050001EE0751E05D400F0E5FA303262556D1EB3
:10106000F9D5B3460122084302D000227F1C04E0D8
:101070002078302801D100227F1E002A099786D0CF
:101080001DE0112D07DA00F0CDFA303262556D1CEB
:1010900050EA0102F5D1084302D00098C8B10EE031
:1010A0000021681E05E0235C625C63542254401EEC
:1010B000491C8142F7DBAB46A81B401E099000206B
:1010C00004F80B000B98099AC0F80880C0E9002BBF
:1010D0007CE711264FF0000859E72DE9F04F8846CC
:1010E0000446D21D22F0070191B0D1E90001CDE9FB
:1010F0000A010BF092F902460B98C00F01D02D2087
:1011000007E02068810701D52B2002E0202101EAB9
:10111000C000032A099001D0072A05DB0346414697
:10112000204600F04BFC0BE12078800601D5E069F9
:1011300000E00620B8F1650F814606D0B8F1660FD1
:1011400018D0B8F1670F70D131E00020B9F1110F5C
:10115000009001DB112301E009F101030AAA01A9B2
:101160000CA8FFF7E4FEDDE90C70002609F101058B
:10117000834647E001204B4600904FF000470AAA03
:1011800001A90CA8FFF7D3FEDDE90DB00C995D466F
:10119000002610B909F101000D18B9EB050003D4C0
:1011A000C0F1FF3609F10105A5EB09002BE0B9F10B
:1011B000010F01DA4FF001090020B9F1110F009081
:1011C000484601DD112300E003460AAA01A90CA844
:1011D000FFF7ADFEDDE90C704D4600268346207812
:1011E00000070AD4AB4500DA5D4601A8012D04DDF5
:1011F000411911F8011C302907D04F4502DA17F1C7
:10120000040F04DA012082460FE06D1EEEE7002F86
:1012100002DCED1B3E4403E0781CA84200DD7D1C8F
:10122000B81B00F1010A4FF000472078000703D4F3
:10123000AA4501DB4FF0FF3A0021B7F1004F0DF155
:1012400043088DF8431024D002202B23002F01DA0D
:101250007F422D230A21021EA0F1010000DC5FB1B4
:1012600097FBF1FC97FBF1F201FB1C7C17460CF19C
:10127000300C08F801CDEEE7A8F1010003702188D9
:10128000090501D5452100E06521A0F1010800F81C
:10129000011C09980FA9A1EB0807FF1D00B101204F
:1012A000411901EBEA70A1693844081A401EA06197
:1012B0002078C00602D42046FFF700FA099828B12A
:1012C000D4E901219047206A401C20622078C006A2
:1012D00022D52046FFF7F2F91EE0002E04DBB345CD
:1012E00002DD01A8805D00E03020D4E901219047B3
:1012F000206A401C2062761CAAF101005FEA000A05
:101300000AD100F08BF9C0680168405CD4E9012182
:101310009047206A401C2062281EA5F10105DCDCF4
:1013200007E0D4E9012118F8010B9047206A401C1E
:101330002062381EA7F10107F3DC2046FFF7D4F93D
:10134000032011B043E6000001694A1C02610878DD
:10135000704700B58FB0CDE90131002105910549F5
:101360007944CDE9031011466846FFF77DFA0FB0C6
:1013700000BD0000E5FFFFFF0A6802F8010B0A60EC
:101380007047D1E900239A4202D2531C0B601070BF
:10139000704710B5436913B1AFF3008001E0FFF768
:1013A000B4F9012010BD127800F124010A70002266
:1013B0004A700122EDE711684FF0FF32E9E70000C3
:1013C0002DE9FF5F15468A460446DFF8AC80F844F5
:1013D0000027D8E900103E46CDE9001010E03AF8A9
:1013E00016106A4602A800F0CDFB411C07D02178F8
:1013F000890603D5E269391891420DD80744761C55
:101400002078800602D5E069B84205DDAE42E6DB11
:101410003AF816000028E2D1A069C01BA06120465E
:10142000FFF74CF9D8E90010CDE90010002017E0D3
:101430003AF818106A4602A800F0A4FBB0F1FF3F8A
:1014400081460BD000250DF1080B05E0D4E9012100
:101450001BF8050090476D1C4D45F7D308F10100BE
:10146000B0428046E4DB206A384420622046FFF721
:101470003BF9BDE8FF9F00000AA604002DE9F041FA
:101480008046D21D22F007020025D2E90002F5298C
:1014900015A614D0011E72F1000106DA0023D0EB6C
:1014A000030063EB020211A608E0D8F800108B07D6
:1014B00001D50FA602E0490701D50EA60125114668
:1014C000002408F1240704E000F0ACF830323A556B
:1014D000641C50EA0102F7D12B46324621464046B1
:1014E000BDE8F041FFF7B5BC000000002D00000092
:1014F0002B0000002000000030B4002100F1240483
:1015000008E002F00705D208303542EA4372DB08F2
:101510006554491C52EA0305F3D10468002310A264
:10152000250707D5A40600D421B1C46901230DA263
:10153000641EC46130BCFFF78CBC10B50446214664
:101540001068FFF77DFC02462046BDE810400023EE
:10155000D2E7D21D22F00701D1E90023CCE7000039
:1015600000000000300000000FB4002300B589B077
:101570000CA900910B99CB60214B7B440693214B26
:101580007B44079304236FF00042CDE901321E4AE9
:101590007A446B460892024600202DF0C9FB09B040
:1015A0005DF814FB70B506464FF0FF3015460C464B
:1015B000324686B00091CDE90101694600200490D1
:1015C00004A8FFF7D1FF02460498211825B108B1FD
:1015D000084600E020462860049800280DD0002A24
:1015E00002DD0098884208D03246081B6946009404
:1015F000CDE9010404A8FFF7B7FF06B070BD0000F5
:10160000EB040000030500001B01000010B500F012
:10161000DFFABDE8104000F0D5BA704700487047C7
:1016200010B8022430B5B0F10A024FEA900E71F101
:1016300000034EEA817EB0EB0E0061EB91014FEAB0
:10164000101E4EEA017E10EB0E0041EB11114FEA25
:10165000102E4EEA016E10EB0E0041EB11214FEA05
:10166000104E4EEA014E10EB0E0041EB11414018B6
:1016700041F100014FEAD00040EA41704FEAD10148
:1016800010EB80054FEA810444EA907444EB0104B6
:101690006D1944EB0404521BA3414FF0000348BFF3
:1016A0000A3200D530BD401C41F1000130BD10B5FB
:1016B000044600F0CBFA0068005D00F0010010BDA8
:1016C0002DE9F04F04460D46D21D22F0070089B0E7
:1016D000D0E90097484639460AF09FFE0246F80FC7
:1016E00001D02D2307E02068810701D52B2302E0DC
:1016F000202101EAC0038DF820300BB1012000E069
:101700000020032A824601D0072A04DB294620460E
:1017100000F054F93FE12078800601D40D2500E067
:10172000E569C7F30A560D2D49DA00214FEA175B28
:1017300008464FF00000002F00F4400007DA00EBED
:1017400080004FF4400100EBD07001EA6000811589
:10175000012901DD4FF0FF3100224FEA850CBCF179
:10176000180F06D31346ACF118004FF08052C24058
:1017700003E04FF4801323FA0CF30CF10C0CBCF1D2
:10178000200F04D3ACF1200C09FA0CF001E007FAA9
:101790000CF000294FF0004801DD18B90FE00ED120
:1017A00040450CD319EB02095F4121B9404502D1F4
:1017B0009F4329EA0209BBEB175F00D0761C208803
:1017C000000502D57B48784402E07A48784419380D
:1017D00008AA302302F80A30037C0AF10101002E26
:1017E0000AF1020A53546A4602DC4FF0300101E06C
:1017F0004FF031014FF001088DF8001002D0A6F231
:10180000FF3603E059EA470100D06B4E002D02DCA1
:101810002178090704D54FF002082E218DF8011018
:10182000C44600210BE0C7F303433F01C35C491CDE
:101830006D1E02F80830052908F1010801DA002DB3
:10184000F1DC00210CE000EB1973491C1B786D1EC4
:10185000082902F808304FEA091908F1010801DAED
:10186000002DF0DC21688B0602D516E0A8F10108F6
:10187000E04505DD02EB080313F8013C302BF5D001
:10188000B8F1000F09DD02EB080313F8013C2E2B21
:1018900003D1090701D4A8F10108002D05DD3E217F
:1018A00002F808106D1E08F10108407C002E02F8B5
:1018B000080008F1010804DA2D20764202F8080039
:1018C00002E02B2002F808000A214FF47A708642C9
:1018D00008F101080BDB96FBF0F3303302F8083017
:1018E00096FBF0F308F1010800FB136601E0642E9B
:1018F0000CDB642096FBF0F3303302F8083096FBE3
:10190000F0F308F1010800FB136601E00A2E06DB84
:1019100096FBF1F0303002F8080008F1010896FB60
:10192000F1F001FB1060303002F80800A16908F105
:10193000010808EB050202EB0A00081AA0612078F2
:10194000C00602D42046FEF7B9FE216A08AE01EBBC
:101950000A00206204E0D4E9012116F8010B904747
:10196000BAF1010AF7D22078C00602D52046FEF768
:10197000A5FE6E4609E016F8010B3E280FD0D4E90B
:1019800001219047206A401C2062B8F10108F2D280
:101990002046FEF7A9FE09B00320BDE8F08F206ABB
:1019A0002844206203E0D4E90121302090476D1ED5
:1019B000EBD3F8E72DA2040002FCFFFF2DE9F04174
:1019C0001F46044603260168072A01F4006004DB71
:1019D00008B116A505E016A503E008B115A500E0BD
:1019E00015A521F010002060A069C01EA0610FB1F4
:1019F000401EA0612046FEF761FE4FB1D4E90121EF
:101A000038469047206A401C2062C01C206206E0D5
:101A1000206AFAE7D4E9012115F8010B9047761EF8
:101A2000F8D22046FEF760FEBDE8F0814E414E0040
:101A30006E616E00494E4600696E660010B54369DE
:101A400013B1AFF3008001E0FFF7BAFC012010BD35
:101A5000128800F1240182840022C2840122EDE771
:101A600011684FF0FF32E9E7426842B1016811F8AE
:101A7000013B23B1521EC0E90012184670470121F4
:101A8000C160881E704742685AB1C368016843B993
:101A900083688B4205D0491E521CC0E90012002009
:101AA00070474FF0FF3070472DE9F04781461646EA
:101AB0008AB0334878440DC88DE80D00304878442A
:101AC000801C03AC0DC884E80D0041F69B3008442F
:101AD000372190FBF1F290FBF1F5A5F1800501FBB8
:101AE00012041B3C02D56442012000E00020DFF814
:101AF00090A080460027FA44AAF1BE0A0DE0E00754
:101B000009D03246684607EB47010AEB810101F034
:101B100030F88DE8070064107F1C002CEFD1184FBF
:101B20007F44AC3F18E0E80714D007EB04100DF138
:101B3000180A90E80E008AE80E00C068F04201D151
:101B400098190890324606A903A801F012F803ABD1
:101B500083E807006D10641C002DE4D1324669460D
:101B6000B8F1000F03A802D000F0DBFF01E001F0A4
:101B700000F8C9E90001C9F808200AB0BDE8F087FB
:101B8000D09F040070B516460C46054600F05EF87E
:101B9000036893F80101012806D0FF2C0FD8185DC7
:101BA00068B101202C7070BDD3F807013246214680
:101BB00003F2071303442846BDE8704018474FF06E
:101BC000FF3070BD002801D0FFF71CB9704700003E
:101BD00010B5002102A000F09CFA012010BD000009
:101BE000534947414252543A2041626E6F726D61CF
:101BF0006C207465726D696E6174696F6E000000AF
:101C00007546FFF705F9AE4605006946534620F0D4
:101C10000700854618B020B5FEF78CFCBDE82040D3
:101C20004FF000064FF000074FF000084FF0000B98
:101C300021F00701AC46ACE8C009ACE8C009ACE84B
:101C4000C009ACE8C0098D467047000010B5FFF729
:101C5000E5FC001D10BD00BF05CD02002DE9FF4FC2
:101C6000064689B00878FF2806D0491C2D2805D0E3
:101C700000244FF0000908E000200CE00124F8E700
:101C800009EB8903491C00EB43090878FF28F7D1C9
:101C900014B1C9F100008146107800252C46AA46EF
:101CA00029462D2801D02B2804D1521C2D2813D0D1
:101CB000002082468B461078FF280FD04FF0000C92
:101CC0000A21521CA5FB017804FB018105FB0C11C4
:101CD000C5194BEB0104EEE70120EAE700210846B5
:101CE0004FF00000BAF1000F02D000EB8000400876
:101CF000C0F38158B8F1010F01DD4FF0FF380C98A7
:101D000009EB000755EA040009D04FF0020917F566
:101D1000FA7F0BDA4FEACA70C6E900B012E04FEA68
:101D2000CA70C6E900B00DB0BDE8F08FB7F5FA7F14
:101D30000DDDF0487844D0E90010C6E9001040EA13
:101D4000CA707060FEF708FCC0F80090EBE7391E1F
:101D500002DAC8F1000200E0424600DA794206A841
:101D6000FFF7A2FE06AB93E8070003AB83E807008A
:101D700044F23E005BEA04010090584604D144F26C
:101D80001E012C465D460091210C0904014306D139
:101D90000099240444EA15442D041039009104F0FC
:101DA0007F41014306D10099240244EA15642D02C3
:101DB0000839009104F07041014306D100992401D3
:101DC00044EA15742D01091F009104F040410143BC
:101DD00006D10099A40044EA9574AD00891E0091D3
:101DE00004F00041084304D100986D196441401E7D
:101DF000009042466846002FCDE9014503A902DD67
:101E000000F0CBFE01E000F0A0FEBAF1000F0446A6
:101E10000D4601D084F0004440F2FF7724F00040EA
:101E2000284303D0C4F30A50B84212D1FEF794FB02
:101E3000C0F80090C4F30A50B8420AD1AE487844C2
:101E4000D0E90010C6E9001004F0004108437060BA
:101E500069E7C6E9005466E72DE9FF4F1F464FF0DA
:101E6000000A4FF0FF38454691B0D7E90146CDF85A
:101E70003CA0FFF7D3FBC0680168405C1090B969D3
:101E800012986D1C8847396A814688470028F6D128
:101E9000B9F1FF3F0AD0002E24F4D06411DDB9F16E
:101EA0002B0F08D0B9F12D0F0BD102E0404615B031
:101EB0003AE744F48064B96912986D1C8847761E2D
:101EC0008146600504A901D52D2000E02B20002EBD
:101ED00001F1010B0DF130088DF810003FDDB9F173
:101EE000690F08D0B9F1490F05D0B9F16E0F02D0D2
:101EF000B9F14E0F1CD13B4601A8009580E8500275
:101F0000DDE912126FF002002CF016FFC11CCED1D9
:101F10000EE0B96912986D1C884781461398761EA9
:101F200044F4007405600F98401C002E0F9016DDDD
:101F3000B9F1300FEDD0B9F1780F02D0B9F1580FE7
:101F40000DD10F9801280AD13B46CDE90054DDE9B7
:101F50001212001F02962CF0EDFEC11CA7D11099A1
:101F600089453ED144F0800406E01399681CAAF12B
:101F7000010A44F400740860B9696D1C1298761E59
:101F8000884730288146F0D02BE01099894505D14B
:101F9000200603D4761E44F0800418E048460AF078
:101FA00073FC08B3761E0DF123018B4544F40074D5
:101FB00008D2A9F130000BF8010B200607D5AAF1D1
:101FC000010003E0200602D40AF101008246A005C8
:101FD00002D51399681C0860B96912986D1C88476E
:101FE0008146002ED1DC53E0002E51DDB9F1650FA2
:101FF00002D0B9F1450F4BD1A00549D5B9696D1C87
:102000001298761E24F440748847002E81460CDD19
:102010002B2804D0B9F12D0F07D144F48074B9698D
:1020200012986D1C8847761E8146E00501D52D214A
:1020300000E02B2108F8011BCDF8008021E0761E7E
:102040000DF13901884544F400740CD2A9F1300037
:1020500010F0FF0088F8000002D10099884509D9E6
:1020600008F1010806E0E00501D5244801E042F24C
:102070000F708246B96912986D1C88478146139883
:102080000560002E04DD48460AF0FEFB0028D6D18C
:10209000F96912988847FF2053468BF8000088F8AA
:1020A000000000200A900B9004AA0CA90AA8FFF7D0
:1020B000D5FDA00502D46FF00100F8E614F0240F5E
:1020C0000AD0E00714D13868DDE90A12031D3B602D
:1020D0000068C0E900120BE00AA968460AF024FB78
:1020E000E00705D13868009A011D39600068026078
:1020F0002846DCE6E0A60400D6A50400F1D8FFFFE0
:1021000010B50446AFF300802046BDE81040FEF74E
:102110009CB970B505460C460A2000E06D1C00F025
:1021200011F835B128780028F8D102E0641C00F0DD
:1021300009F814B120780028F8D1BDE870400A20D1
:10214000AFF3008008B569468DF800000320ABBEF0
:1021500008BD00002DE9FF4F1F464FF03C0987B036
:102160004FF00042DDE9141001F10108DDF858A03C
:1021700002EA40500390002005908346054604463D
:102180000490B969461E08988847AAF1010A02908E
:10219000BAF1000F3BDD02982E2815D0102100F077
:1021A00016FA00282EDB4FF0010B0599014317D0DA
:1021B000B9F1000F0BDB4A46C11700F0F5F90543F2
:1021C0000C43A9F1040905E0012004900BE008B1DB
:1021D00045F0010501200590049820B9361D02E064
:1021E000049800B1361FB969089808F101088847BA
:1021F000BBF1000FAAF1010A0290C9D00999C1F8F8
:102200000080C5E70298702808D0502806D0F969E8
:1022100008988847BBF1000F14D04FE000200290CF
:102220000120BBF1000F049009D0B969089808F1AA
:1022300001088847AAF10109B9F1000F07DCF96923
:10224000089888476FF001000BB0BDE8F08F2B288D
:1022500004D02D280CD14FF0FF300490B9690898B4
:1022600008F101088847A9F10109B9F1000FE6DD7D
:10227000411CE4D00A2100F0AAF90028DFDB029912
:1022800008F1010801EB810100EB41000290B969FE
:10229000089888470A2100F09AF9099AA9F10109DA
:1022A000B9F1000FC2F8008001DD0028E7DAF96912
:1022B000089888470499029800FB016655EA0400D3
:1022C00004D004F04041090002D006E0039898E0F1
:1022D000A40044EA9574AD00B61E04F00041080065
:1022E00002D16D196441761E159810F0240F03D0A9
:1022F0004FF00B095C4803E04FF028096FF07D00B8
:102300008246564507DAAAEB06018944B9F1410F26
:1023100001DD4FF0410901200021A9F1010200F087
:1023200043F9024628400B462140084301D00121D1
:1023300000E00021501E029143F1FF31284021406E
:10234000084301D0012000E000200299834651EAB1
:102350000B014FD0002108464FF00000039900F414
:10236000400039B100EB80004FF4400100EBD07029
:1023700001EA60008015012802DD4FF0FF3000E027
:1023800013D0401C36D0029860B3BBF1000F0CD1C3
:102390004A460120002100F007F928402140084367
:1023A00001D0012000E00020E0B101204A460021D8
:1023B00000F0FAF8034640190A4661412D1A8C4193
:1023C00011D3B9F1400F09DD159810F0240F02D098
:1023D000AAF1340603E0AAF1170600E0761C0025F6
:1023E0004FF0004406E05B1E42F1FF3220EA030595
:1023F00021EA0204CAF10100B04206DA1B4903983F
:1024000008430190002000900EE0039AC4F3D3210A
:10241000E80A0A43164940EA44500A433146CDE9E6
:10242000000268460AF0D4F9159810F0240F0BD07A
:102430001598C00715D13868DDE90012031D3B600F
:102440000068C0E900120CE002A869460AF06CF9C5
:102450001598C00705D13868029A011D39600068D7
:1024600002604046F0E6000002FCFFFF0000F07F43
:102470000000F03F2DE9FF4F92461D4685B04FF01A
:102480000041DDE9124BDDE914727F1E01EA4B5079
:10249000414940F0FF4940EA0108002122F02000B4
:1024A0004928049102D04E2828D04CE03BA00126B8
:1024B00007C88DE80700A9690698641C88477F1E35
:1024C000014606D41DF8060018B121F02001814212
:1024D0000BD0E96906988847032E34D0082E32D0F5
:1024E0006FF0010009B0BDE8F08F761C032E01D01B
:1024F000082EE0D1601CCAF80000DCE7A969069844
:10250000641C88477F1E2AD420F02000412826D151
:10251000A9690698641C88477F1E20D420F02000FB
:102520004E281CD1A9690698641C88477F1E48F470
:10253000002849F48009CAF8004001D4282806D0B0
:10254000E969069888475FEACB7012D022E0A96952
:102550000698641C88477F1E01D4002803DAE969C5
:1025600006988847BCE72928F1D1641CCAF80040C6
:10257000E9E71BF0240F07D028680499031D2B609E
:102580000068C0E9001805E02868021D2A6000689C
:10259000C0F800902046A5E70000F07F494E46496C
:1025A0004E49545900000000B2F120030AD5C2F18F
:1025B000200301FA02F120FA03F300FA02F041EAE3
:1025C0000301704700FA03F14FF0000070473A280A
:1025D00000D2303820F02002412A01D3A2F1370086
:1025E000884201D34FF0FF3070475FEA400C08BFCC
:1025F00091F0000F4FEA8C234FEAC12243EA515178
:102600004FEA1C5018BF00F5F0404FEA300018BFE9
:1026100041F000415FEA6C5C00F02980BCF1FF3FB3
:1026200008BF40F080407047130C06BF12044FF003
:10263000100C4FF0000C130E04BF12020CF1080C2A
:10264000130F04BF12010CF1040C930F04BF92008E
:102650000CF1020CD30F04BF52000CF1010C114617
:102660004FF00002A0F11F00A0EB0C00704711F02A
:10267000004F08BF704731F000413FF4D5AF0B0C5D
:1026800006BF09044FF0100C4FF0000C0B0E04BFF6
:1026900009020CF1080C0B0F04BF09010CF1040C2A
:1026A0008B0F04BF89000CF1020CCB0F04BF490053
:1026B0000CF1010CCCF12003A0EB0C0022FA03F387
:1026C00002FA0CF241EA030100F10100704720F028
:1026D0007F4C80EA030023F07F47ACEB070303F550
:1026E0007C5300F0004003F1FF032DE980494FEADD
:1026F000154B09B44FEA144325EA0B4E24EA03486C
:102700000FF2042606EB132749083E785FEA3202EF
:1027100003FB0667C7F5000707FB06F64FEA5437C9
:102720004FEAD64606F1020607FB066CCCF1005CC8
:102730004FEA1C472CEA074C07FB06F40CFB06F596
:1027400004EB15464FEA961634BF00204FF00040C8
:102750004FEAD13706FB07FC4FEA1C4C0CFB0BF78A
:10276000D21B03FB0CF761EB07010CFB0EF7B0EB80
:10277000074072EB17420CFB08F734BFA2EB07428D
:10278000B2EB074261EB17414FEA0C444FEA910765
:1027900006FB07FC4FEA1C4C0CFB0BF7B0EBC740E9
:1027A00072EB573203FB0CF734BFA2EBC742B2EB1C
:1027B000C74261EB57310CFB0EF7B0EBC70072EB71
:1027C00057720CFB08F734BFA2EBC702B2EBC7028B
:1027D00061EB5771039F4FEA816141EA921104EB6B
:1027E000CC044FEAD1374FEA826206FB07FC42EA8B
:1027F00090124FEA80604FEA1C4C0CFB0BF7D21B87
:1028000003FB0CF761EB07010CFB0EF7B0EB074085
:1028100072EB17420CFB08F734BFA2EB0742B2EB96
:10282000074261EB17414FEA8C554FEA910704EBE1
:102830009C2406FB07FC4FEA1C4C0CFB0BF7B0EB8F
:10284000C74072EB573203FB0CF734BFA2EBC74211
:10285000B2EBC74261EB57310CFB0EF7B0EBC70090
:1028600072EB57720CFB08F734BFA2EBC702B2EB56
:10287000C70261EB577115EB4C254FEA816141EAC4
:1028800092114FEA82624FEAD13742EA901206FB78
:1028900007FC44F100044FEA80604FEA1C4C0CFB3B
:1028A0000BF7D21B03FB0CF761EB07010CFB0EF7D8
:1028B000B0EB074072EB17420CFB08F734BFA2EBFA
:1028C0000742B2EB074261EB174115EB1C154FEACB
:1028D000813141EA92414FEA823242EA90424FEA24
:1028E00080304FEA0C7644F1000448EA03434EEA94
:1028F0000B484FF0000EB2EB080C71EB030724BF3E
:10290000624639464EEB0E0E4FF0000B0018524156
:1029100049414BEB0B0BB2EB080C71EB03077BF15E
:10292000000B24BF624639464EEB0E0E4FF0000BF3
:102930000018524149414BEB0B0BB2EB080C71EB09
:1029400003077BF1000B24BF624639464EEB0E0EA7
:1029500051EA020718BF46F0010616EB0E7655F154
:10296000000254F1000103D5BDE88901BDE80088EB
:10297000BDE88901BDE80048B619524141EB0101AB
:10298000A3F10103704780807F7E7D7C7B7A79781C
:10299000777676757473727171706F6E6E6D6C6C24
:1029A0006B6A6A69686867666665646463636261C6
:1029B0006160605F5F5E5E5D5D5C5C5B5B5A5A5947
:1029C00059585857575656555555545453535252B3
:1029D0005251515050504F4F4F4E4E4D4D4D4C4C0B
:1029E0004C4B4B4B4A4A4A49494948484847474754
:1029F0004746464645454544444444434343434291
:102A0000424242414141000046EA0646A3F5705366
:102A10004FEA164646EA42564FEAD22242EA41526D
:102A200010B54FEAD121A3F1010300F017F820F00F
:102A3000004000F1010C00F0004701EB005011468E
:102A4000BCF5006F40EA070000D210BD02484FF00D
:102A5000000140EA070010BD0000F07F002B26D4E3
:102A6000770021D01CB54FEA370703B44FF01000B0
:102A70004FF010014FF000000FBCBDE810400BF10B
:102A8000010BBBF1010F08BF5FEA170722BF12F16C
:102A9000010211F101014FF0004143F1000300F088
:102AA000004043EA00007047F9D35708DAE746EAE6
:102AB000064613F1400F4FEA16461FDD13F1200FB3
:102AC000DFBF16430A46002120335B42C8D0C3F162
:102AD000200746EA064602FA07F74FEA164646EA94
:102AE0000706C3F1200722FA03F201FA07F721FAD9
:102AF00003F14FF0000342EA0702B1E746EA02069B
:102B000046EA06464FEA164646EA0106BCBF46EAD2
:102B10000646360C4FF000034FF000024FF0000164
:102B20009EE72DE9C048934630B491E8380007C8C5
:102B300031EA400C48BF34EA430C03D5FFF7C7FD28
:102B4000FFF78CFFF0BCBDE800882DE9C048934634
:102B500030B491E8380007C831EA400C48BF34EA85
:102B6000430C03D5FFF7B3FDFFF74EFFF0BCBDE804
:102B700000882DE9C048934630B491E8380007C872
:102B800010F0804F08BF13F0804F03D100F019F808
:102B9000FFF764FFF0BCBDE800882DE9C04893460C
:102BA00030B491E8380007C810F0804F08BF13F028
:102BB000804F03D100F005F8FFF726FFF0BCBDE819
:102BC000008820F07F4780EA030023F07F4C07EB6A
:102BD0000C03A3F57C5300F00040A3F1FE0392F038
:102BE000000F00F0B38095F0000F00F077802DE922
:102BF00001494FEA11404FEA144621EA004800FB20
:102C000006FC24EA064708FB06F607FB08F800FB6B
:102C100007F718EB06484CEB164C4FEA124B18EB33
:102C200007484FEA15464CEB174022EA0B4E0BFBC8
:102C300006FC25EA06470EFB06F607FB0EFE0BFB1D
:102C400007F71EEB064E4CEB164C4FF000061EEB42
:102C5000074E4CEB174B18EB0B0840F1000018EB3C
:102C60000E0B58EB000840F100008F1A4FF00001E6
:102C70003CBFC943661B14BFB5EB040C00213CBF2D
:102C8000C943F61B4FEA17444EEA8E0E27EA044565
:102C90004FEA1C4704FB07622CEA074C05FB07F7C9
:102CA0000CFB05F604FB0CFC16EB074642EB174247
:102CB00016EB0C4642EB1C421BEB060658EB0202DD
:102CC000414146EA9E0601D5BDE80189B619524147
:102CD00041EB0101A3F10103BDE801894FEA14456D
:102CE0004FEA114724EA054621EA074C05FB07F4A1
:102CF00006FB07F70CFB06F105FB0CFC11EB07418B
:102D000044EB17444FEA124711EB0C4144EB1C44CF
:102D100022EA074C05FB07F206FB07F70CFB06F659
:102D200005FB0CFC16EB074642EB174216EB0C4674
:102D300042EB1C456A1854F1000148BF7047B619B0
:102D4000524141EB0101A3F10103704795F0000FDF
:102D500037D04FEA11424FEA144721EA024624EAEB
:102D6000074C02FB07F106FB07F70CFB06F402FB1E
:102D70000CFC14EB074441EB17414FEA154714EBE9
:102D80000C4441EB1C4125EA074C02FB07F506FB0E
:102D900007F70CFB06F602FB0CFC16EB074645EBAF
:102DA000174516EB0C4645EB1C42121951F1000178
:102DB00048BF7047B619524141EB0101A3F101032D
:102DC00070474FEA14454FEA114724EA054621EAC5
:102DD000074C05FB07F106FB07F70CFB06F24FF06B
:102DE000000605FB0CFC12EB074241EB174112EB0E
:102DF0000C4251EB1C4148BF7047921841EB010156
:102E0000A3F101037047000010B532490446006881
:102E1000884202D0304A904202D1D1F8080302E041
:102E20002E48D0F8080310F4403F10D005F0B0FB56
:102E30006168B1F5803F06D0B1F5003F03D0B1F530
:102E4000403F26D101E0090C17E0800821E0002175
:102E50004FF4002004F054FC61688A03920B18D1EF
:102E60008A140C2A15D2DFE802F0140606060606BC
:102E7000060B0D0F1113890C4900B0FBF1F008E0AF
:102E8000000906E0400904E0800902E0C00900E012
:102E9000000A13494008884204D82068816821F458
:102EA000407108E00F49884207D82068816821F402
:102EB000407141F48071816010BD0B4988422068E7
:102EC000816804D821F4407141F40071F3E741F4C2
:102ED0004071F0E7002002400021024000600258EB
:102EE000105E5F0020BCBE0040787D012DE9F041FE
:102EF0000027044600680D4606F00EFC06462068D2
:102F000006F006FC30435DD020682F4EC168890171
:102F100005D5617E012902D1217E01290BD0022D28
:102F20001DD0206806F0F8FBB8B120688168C1F3B5
:102F3000400169B111E02549012502E08F4232D2FA
:102F40007F1C0268D2435206F8D440210160E8E7B2
:102F50008168314041F010018160012D11D020685D
:102F600006F0D6FB48B120688168C1F3400121B961
:102F70008168314041F020018160022D08D0032D8D
:102F800004D0042503F056FB064617E00C25F9E7AC
:102F90000825F7E703F04EFB801B05280ED92068B3
:102FA000806828420AD0206E40F010002066606ED3
:102FB00040F0010060660120BDE8F0812068806873
:102FC0002842E7D10020F7E7C0FFFF7F00DC0C00BC
:102FD00070B50446006881688268C1F3400112F050
:102FE000010F28D039BB816801F00D01012914D1EE
:102FF0008168124A1140891C8160216803200860A1
:1030000003F018FB054612E003F014FB401B0228F6
:103010000DD920688068C00709D0206E40F01000EC
:103020002066606E40F001006066012070BD20687F
:103030008068C007E8D1002070BD0000C0FFFF7F9E
:1030400070B504460068816811F0010F40D18168B5
:10305000204A11422DD18168D5432940491C816005
:1030600003F0E8FA1C49064620681C4B884201D050
:10307000984201D11A4A00E01A4A9268984202F036
:103080001F0200D0014681421DD0E2B120E08168DC
:1030900011F0010F03D181682940491C816003F0C0
:1030A000C9FA801B02280ED920680068C043C007F7
:1030B00009D0206E40F010002066606E40F00100E4
:1030C0006066012070BD20680168C943C907DED170
:1030D000002070BD3F00008000200240002102401F
:1030E000002302400063025819F02EB870B50C4658
:1030F00005462AF069FF05480DB1816829600CB1C9
:10310000C0682060BDE870402AF07EBF0000012446
:103110002DE9F0412AF058FF164C03F08BFA217C80
:103120000022B9B125684FF47A73D4E90271461BC5
:103130002060B81951410025C4E90201A0FB0342F7
:1031400001FB032100FB05152AF05EFF20462946FE
:10315000BDE8F08120600021C4E902024FF47A73D7
:1031600001252574A0FB034502FB035200FB01254A
:10317000EAE70000100301240448C069002804D0D5
:103180000023022219462BF093BA70470000012455
:10319000FFF7BEBFFEE70020704700207047000029
:1031A00005490022054810B507F070FD04490348A1
:1031B00007F05FFD002010BDD0800124F4730124CE
:1031C000D078012410B518B111B1096829F014FEA6
:1031D0000449054807F04DFD034807F023FD002092
:1031E00010BD0000D0780124F473012410B529F03B
:1031F00027FE002010BD00000A46094910B5D1F88D
:10320000BC1211B1D1F8141209B1012010BD014650
:10321000034807F03BFDBDE81040014807F0ACBD96
:10322000F473012419F06CB8294A016891423AD02C
:10323000274A1832914236D0254A3032914232D054
:10324000234A483291422ED0214A603291422AD0FC
:103250001F4A7832914226D01D4A9032914222D0A4
:103260001B4AA83291421ED01A4A91421BD0194AD9
:103270001832914217D0174A3032914213D0154A72
:10328000483291420FD0134A603291420BD0114A1A
:103290007832914207D00F4A9032914203D00D4AC2
:1032A000A832914211D1CAB21823103AB2FBF3F2FC
:1032B0006FF30901032A02F00703074AD25CC265D3
:1032C00000D9091D81650846704721F0FF01F9E723
:1032D00010000240100402404CEE020830B5224AB1
:1032E000012301689142CAB21BD01F4C1434A14281
:1032F00017D01D4C2834A14213D01B4C3C34A142A2
:103300000FD0194C5034A1420BD0174C6434A14259
:1033100007D0154C7834A14203D0134C8C34A14211
:103320000CD11421114C083AB2FBF1F10F4A803252
:1033300001F01F0504EB8101AB4010E00C4D182497
:10334000103A0D44B2FBF4F1A82D00D80831094A17
:1033500001F01F0402EB8101064AA3408032603075
:1033600080E80E0030BD0000085402580058025892
:10337000F0FBFDBF0008024010B50279531E072B79
:103380002DD8174C0168A1421BD0154C1434A14212
:1033900017D0134C2834A14213D0114C3C34A14215
:1033A0000FD00F4C5034A1420BD00D4C6434A142CD
:1033B00007D00B4C7834A14203D0094C8C34A14285
:1033C00003D10849074C443102E00749064C443117
:1033D00004EB8202C0E91B2101219940416710BD25
:1033E00008540258FC580258FC08024010B5836982
:1033F0004FF0C074826A0146002053B1B3F5005FFC
:1034000015D072B1012A0CD0022A0AD0032A09D1A0
:1034100004E01AB1012A06D0022A03D1C96AC901FF
:1034200000D5012010BDC96AA142FAD010BD002A02
:10343000F7D0012AF2D0022AF3D0032AF3D010BD2C
:103440002DE9F04F804E804FDFF8FC911836DFF801
:10345000F8A148370468856D0AF1300ADFF8ECB14D
:103460004C45DFF8ECC1DFF8ECE16DD0B4426BD035
:10347000544569D0BC4267D0DFF8D081A8F1180864
:10348000444561D05C455FD064455DD074455BD0F8
:10349000DFF8C481444557D0DFF8BC8108F1180833
:1034A000444551D0DFF8B08108F1300844454BD095
:1034B000DFF8A48108F14808444545D0DFF8988139
:1034C00008F1600844453FD0DFF88C8108F17808A6
:1034D000444539D0DFF8808108F19008444533D065
:1034E000DFF8748108F1A80844452DD0DFF86C811D
:1034F000444529D0DFF8648108F11408444523D0FD
:10350000DFF8588108F1280844451DD0DFF84C81C8
:1035100008F13C08444517D0DFF8408108F1500815
:10352000444511D0DFF8348108F1640844450BD0DC
:10353000DFF8288108F17808444505D0DFF81C81C0
:1035400008F18C08444509D1D0E91948C4F8048031
:10355000C46E1CB1D0E91C48C4F8048004684C4512
:103560002ED0B4422CD054452AD0BC4228D0374E5D
:10357000183EB44224D05C4522D0644520D0744526
:103580001ED0354EB4421BD0334E1836B44217D03D
:10359000314E3036B44213D02F4E4836B4420FD09D
:1035A0002D4E6036B4420BD02B4E7836B44207D045
:1035B000294E9036B44203D0274EA836B44215D1D6
:1035C00090F85C603F2406F01F06B440AC600468CD
:1035D000256825F4802525602EE09A600068C1608A
:1035E000BDE8F08F99600068C260F9E71B4EB442F5
:1035F0001BD01A4E1436B44217D0184E2836B44297
:1036000013D0164E3C36B4420FD0144E5036B4424E
:103610000BD0124E6436B44207D0104E7836B44206
:1036200003D00E4E8C36B442DAD190F85C6001249F
:1036300006F01F06B4406C60046863608368402B2A
:103640000368CFD1C9E700001000024088000240A3
:10365000A0000240B8000240100402400854025882
:10366000704702F0E7BF10B528F036FFBDE8104004
:10367000012023F01ABA2AF0A7BC72B6FEE72AF09E
:10368000C3BC0000014802F049BA0000C87101241F
:10369000014802F043BA0000C8710124014802F059
:1036A0003DBA000068720124014802F037BA0000F8
:1036B00068720124014802F031BA00000873012445
:1036C000014802F02BBA000008730124F0B503682A
:1036D0004FF6FC716D4C426BD3F884508D4345EA34
:1036E0008205C3F88450036853F8845F068F25F47D
:1036F0007F0545EA06451D60836B654D9F1802688E
:10370000D2F888308B4343EA8703C2F888300268D6
:1037100052F8883F868F23F4FE0343EA0643136082
:10372000066856F8A03FC26B8B4307EB420243EAA0
:1037300082033360076857F8A03FB0F8406023F475
:10374000FE0343EA06433B60D0E9103603FB062242
:103750000368D3F8B0608E4346EA8206C3F8B060CF
:103760000368B0F84860D3F8B07027F4FE0747EA62
:103770000646C3F8B060D0E91267036806FB07226B
:10378000D3F8AC608E4346EA8206C3F8AC60D0E959
:103790001467036806FB0722D3F8F0608E4346EAFD
:1037A0008206C3F8F0600368B0F85860D3F8F07090
:1037B00027F47C1747EA0646C3F8F0600368876D74
:1037C00053F8C06F02EB47028E4346EA820119604C
:1037D0000168B0F85C20D1F8C03023F47C1343EAD0
:1037E0000242C1F8C020016890F86020D1F8C030D2
:1037F00023F07C5343EA0262C1F8C020416B04EB22
:103800008101C166826B01EB82020267C36B02EB2E
:10381000C3024267D0E91034634302EB830282673C
:10382000D0E91234634302EB8302C267D0E9143457
:10383000634302EB8302C0F88020836D02EBC30375
:10384000C0F88430C46D826E544303EB8403C0F827
:103850008830046E544303EB8402C0F89020AA42DF
:103860000AD9D0F89C20032142F02002C0F89C2005
:1038700080F898100120F0BD002200E004C1D0F8CB
:1038800090308B42FAD80020F0BD000000AC004020
:10389000FCD30040F0B58E680C69D1E9005744EACA
:1038A0000604DFB145F080452C43866ED1E906C59C
:1038B0004F695E4391F8203045EA0C05B1F80CC021
:1038C000D0F884E0002047EA03630C4F1D430EEB61
:1038D000860345EA0C45E3E802450AE044EA8544EC
:1038E000E3E71418155C001DD4F8014045EA0424F0
:1038F00010C3CC683C5D8442F3D8F0BD54EE02089E
:103900007047704770477047704700002DE9F047D7
:103910000F4690F85C109CB0044601294FF0000956
:1039200015D00026DFF8F880012084F85C00189696
:103930001996216841450ED13A4D0095284605F06B
:10394000EFFE8246206805F0EBFE60B10EE002203B
:103950001CB0BDE8F087206E84F85C6040F0200069
:1039600020660120F4E7BAF1000F09D0216E4FF074
:10397000010941F020002066484684F85C60E7E7D2
:1039800020684146884201D0A84201D1264800E083
:10399000264840F61F72D7F800C0254BBCF1000F37
:1039A00023D0D0F808C0D7F804802CF4404C4CEA5F
:1039B000080CC0F808C0D4F800C08C4501D0AC4554
:1039C00007D18968AB6801F0010103F001031943D5
:1039D00002E0996801F001010029CDD1BD68396884
:1039E000836829439343194317E0876827F44047C6
:1039F000876027688F4201D0AF4207D18968AB68E2
:103A000001F0010103F00103194302E0996801F09C
:103A100001010029B0D1816891438160ACE70000C9
:103A200000200240002102400023024000630258AF
:103A3000006002582DE9F84F4FF0000B0446FE4E8F
:103A40000D46CDF800B0DA4690F85C00FB4F012837
:103A500008D04FF0010984F85C90206805F05CFE06
:103A600018B154E20220BDE8F88F286800280FDB67
:103A70002168B1420CD0CA69030327D090FAA0F0A4
:103A8000B0FA80F000F01F0309FA03F00243CA61A4
:103A9000D5E900124FF00C0C20681F23C1F384619C
:103AA0000CEA921C02F01F02604493409140026BAA
:103AB0009A430A430263206805F02EFE8046206880
:103AC00005F026FE58EA000003D048E1C0F3846008
:103AD000D8E7AA682968206805F02EFE2068B04261
:103AE00004D1C2686969C2F3C1020BE0D44A12680A
:103AF000B9EB127F02D0C168C90605D4C2686969F2
:103B0000C2F38202520004E0C268696902F0100246
:103B1000520891402A69042A5AD02B6800EB82028D
:103B2000B04202F1600207D103F0F8401368084385
:103B300040F00040106008E0D2F800C003F0F84008
:103B400008430CF00041014311602068B0421CD1D1
:103B50002A69E96900EB8200026E22F080720A4352
:103B6000026695F8201020682A6901290AD00021F0
:103B7000B042AAD100EB8200026E22F000720A432A
:103B80000266ECE04FF00071F2E795F82120296918
:103B9000012A17D05FF0000200EB8100016E21F0D6
:103BA000004111430166297E20682A6901290CD051
:103BB0000021036902F01F02914023F4F0420A43FE
:103BC0000261CCE04FF00042E6E74FF40061F0E71D
:103BD000B04273D1002105F095FD000320684FF03D
:103BE00000016DD005F08EFD90FAA0F0B0FA80F1E2
:103BF0002868020369D090FAA0F0B0FA80F0814200
:103C000004D100222068114605F0A6FD206801219C
:103C100005F078FD000320684FF0010158D005F051
:103C200071FD90FAA0F0B0FA80F12868020354D038
:103C300090FAA0F0B0FA80F0814204D1206800220E
:103C4000012105F089FD2068022105F05BFD0003DC
:103C500020684FF0020143D005F054FD90FAA0F027
:103C6000B0FA80F1286802033FD090FAA0F0B0FAD1
:103C700080F0814204D120680022022105F06CFD11
:103C80002068032105F03EFD000320684FF003018A
:103C90002ED005F037FD90FAA0F0B0FA80F1286838
:103CA00002032AD090FAA0F0B0FA80F0814256D1F7
:103CB00020680022032105F04FFD50E020E0FFE7DF
:103CC00005F020FDC0F3846192E7C0F3846096E7BD
:103CD00005F018FDC0F38461A7E7C0F38460ABE78B
:103CE00005F010FDC0F38461BCE7C0F38460C0E759
:103CF00005F008FDC0F38461D1E7C0F38460D5E727
:103D0000016E2A7801F0F841B1EB826F03D1016EA8
:103D100021F00041016620682978426E02F0F842E5
:103D2000B2EB816F03D1416E21F000414166206802
:103D30002978826E02F0F842B2EB816F03D1816E76
:103D400021F00041816620682978C26E02F0F842B5
:103D5000B2EB816F03D1C16E21F00041C1662068D2
:103D6000816811F0010F71D1364AB042EB682968C1
:103D70000FD1D0F8B0C003F01808C1F3130322FA32
:103D800008F20A402CEA030C4CEA020CC0F8B0C05E
:103D90000EE0D0F8C0C003F01808C1F3130322FAF4
:103DA00008F20A402CEA030C4CEA020CC0F8C0C02E
:103DB0002548E96881427DD1286801031BD090FA2B
:103DC000A0F1B1FA81F1491C01F01F0109294FEA64
:103DD00000313CD8002911D090FAA0F1B1FA81F15C
:103DE00001F1010101F01F0109FA01F209D100BF3F
:103DF000C0F3846109E0C0F38461E4E7C0F3846147
:103E0000EEE790FAA0F1B1FA81F101F1010101F0C0
:103E10001F0142EA816102D1C0F3846003E090FA9D
:103E2000A0F0B0FA80F000F1010000F01F0000EBFC
:103E3000400041EA005140E0006002580021024089
:103E40000010005CFFFF0F000000FF4765E0002945
:103E50000FD000BF90FAA0F1B1FA81F101F1010198
:103E600001F01F0109FA01F206D100BFC0F384611D
:103E700006E0C0F38461F1E790FAA0F1B1FA81F1B4
:103E800001F1010101F01F0142EA816102D1C0F399
:103E9000846003E090FAA0F0B0FA80F0434A00F1A9
:103EA000010000F01F0000EB400002EB005041EA6F
:103EB000000100E005E041F00071AA68206805F00B
:103EC0003BFCD5F800C0BCF1000F26DA384B206867
:103ED0003849DFF8E490984201D0B84201D10A464F
:103EE00000E04A469268984202F0E07201D0B8427F
:103EF00009D19D68D7F8088005F0010508F0010890
:103F000045EA080502E0B56805F001054DB1216EEE
:103F10004FF0010A41F020002066504684F85CB062
:103F2000A1E5264DAC451CD115021AD4B042F4D1FE
:103F3000984202D0B84200D049468B6842F4000053
:103F400023F0E07202438A601E491D480968B1FBF4
:103F5000F0F04000801C00E0401E00900028FBD1E3
:103F6000DBE7194DAC450CD1D5010AD4B042D4D110
:103F7000984202D0B84200D049468B6842F0807027
:103F80000EE0124DAC45C8D15502C6D4B042C4D1E2
:103F9000984202D0B84200D049468B6842F4800073
:103FA00023F0E07202438A60B7E70000000020FEC1
:103FB000002002400023024000630258000052C764
:103FC000400D0300B0000124000021C3000084CB99
:103FD000114970B588421AD110490F4D80354A7881
:103FE000B2B16A7DA2B100264E7000F027F8A5F1AB
:103FF0001004C0F30B00208002F01CFBA060012124
:104000006068401C60602173BFF35F8F6E7570BD88
:104010002869401C286170BD449E0224EC010124E3
:104020000549884206D101F18000C168491CC16080
:1040300016F0F0BB70470000449E02240068006C3C
:10404000704700002DE9F05F044600680668456887
:10405000DFF87082DFF870B2DFF87092404501D06F
:10406000484501D1584600E09948806800F01F0794
:10407000B0070ED5A8070CD5206EC00603D4206E5D
:1040800040F4006020662046FFF73AFC21680220D9
:104090000860700701D5680703D4300737D52807B3
:1040A00035D5206EC00603D4206E40F40070206623
:1040B000206805F039FB20B32068484501D142460D
:1040C00000E00246824208D03FB1052F05D0092FFB
:1040D00003D0484503D1414602E0C16801E00146F2
:1040E000C96889040DD4016809070AD505F014FBD5
:1040F00058B3206E40F010002066606E40F0010062
:1041000060662046FFF764FF21680C200860B00657
:1041100001D5A80603D4700658D5680656D5206E7A
:10412000C00603D4206E40F4005020662068C16CA5
:1041300011F4C07F1AD000218A4605F0F5FA024634
:104140002068484514D1434613E02068416821F0B7
:104150000C014160206E20F480702066206EC00447
:10416000CFD4206E40F001002066CAE70121E3E7CA
:104170000346834208D03FB1062F05D0072F03D056
:10418000484503D1414602E0C16801E00146C968E3
:10419000BAF1000F14D08B0102D58AB18A040FD472
:1041A000026852060CD589020AD405F0B1FAE8B3C8
:1041B000206E40F010002066606E40F001006066E6
:1041C0002046FFF79EFB21686020086030060BD573
:1041D000280609D5206E40F480302066204600F085
:1041E000CDF9216880200860F0050CD5E8050AD5D6
:1041F000206E40F4003020662046FFF784FB2168E3
:104200004FF480700860B0050CD5A8050AD5206E63
:1042100040F4802020662046FFF776FB21684FF4AB
:1042200000700860F00631D5E80600E00AE02DD500
:10423000E06BE8B12068EFB3404501D0484512D1AA
:10424000584611E02068416821F060014160206E0D
:1042500020F480502066206EC005B1D4206E40F05E
:1042600001002066ACE71A48806800F4404050B175
:10427000206E40F480602066606E40F00200606650
:104280002046FFF7CDFE216810200860700517D585
:10429000680515D5216E4FF4806041F48041216698
:1042A000616E41F008016166216808602046BDE842
:1042B000F05F00E001E0FFF725BBC0688007D6E7AC
:1042C000BDE8F09F00200240002302400021024090
:1042D000006302582DE9F8434FF0000504002E4614
:1042E000009502D0206E18B108E00120BDE8F883E7
:1042F000204600F044F9656684F85C5020688168C7
:10430000C1F3407119B181688E4A11408160206803
:104310008168C1F3007181B981688B4A114041F015
:10432000805181608A4989480968B1FBF0F0401CDE
:1043300000E0401E00900028FBD120688168C1F396
:10434000007141B9216E012641F010012166616EB4
:1043500041F00101616605F0DFF9216EC90600D464
:1043600020B1206E012640F01000E0E0206E20F425
:10437000807040F00200206620688168754D11F061
:10438000010F1ED1744B754A984201D0904207D15B
:104390009968976801F0010107F00107394302E0CD
:1043A000A96801F0010161B9984201D0904201D1A0
:1043B0006B4800E06B488268616822F47C120A4313
:1043C00082602168A9421FD1637ED4E90207E26BB3
:1043D0005B033A43082805D00C280FD01C280FD0C7
:1043E00018280FD05FF0000000F00C0794F82000B0
:1043F00043EA47031A4342EA00400FE00420F3E790
:104400000820F1E71C20EFE7627E94F82030A768CF
:10441000E06B520342EA03423843104394F82020F1
:10442000012A04D1A28C504B03EB42421043A26AF2
:104430002AB1E36A02F47872024343EA0200CA68CE
:10444000A9420BD1494B1A400243CA602068626BF3
:10445000016921F040611143016103E0444B1A40BE
:104460000243CA60206805F057F90746206805F046
:104470004FF907434ED12068A946484506D1217E11
:1044800094F83820890341EA420103E0227E216B3F
:1044900041EA8231C26844F203039A430A43C2608C
:1044A00094F844000128206803D0016921F001013B
:1044B00022E048450ED1D4E9121CD4E91435026932
:1044C0002C4F41EA0C012B433A401943114341F070
:1044D000010111E0D4E91317B4F848C0DFF898805F
:1044E000636D026908EB0C4C224D394343EA0C031F
:1044F0006D1E2A401943114301612068236C026933
:1045000022F070421A4302612068484502D02046DA
:10451000FEF77AFC2069012820680BD0016B21F09E
:104520000F010163206E20F0020040F001002066C0
:104530003046DBE6E269016B521E21F00F011143A8
:10454000EFE70000C0FFFF5FC0FFFF7F400D0300EB
:10455000B000012400600258002002400021024007
:1045600000230240006302580000FEFF0740F0FFF6
:1045700003C0F0FF1FF800FC0100FFFF7047704709
:104580002DE9F0415B4D044600685B4FA84201D025
:10459000B84201D1594900E05949896801F01F0624
:1045A00005F0BAF818B102221046BDE8F08194F87F
:1045B0005C0001280CD0012084F85C002046FEF746
:1045C0003FFD02004FF0000104D084F85C10EBE7DF
:1045D0000220EAE7236E40F6016C206823EA0C0310
:1045E000B84243F48073236601D12B4600E00346B2
:1045F000834200D01EB9236E23F480132366236EFA
:10460000DB0404D5636E23F00603636600E0616695
:104610001C23036084F85C102068416821F01C01B1
:104620004160606908282068416802D041F00401B7
:1046300001E041F008014160E06B20B92068416869
:1046400041F0100141602068B84201D1294600E0E4
:104650000146814220D0FEB1052E1DD0092E1BD06F
:10466000216EB84241F48011216600D00546E96808
:10467000890199D5216E636921F40051082B41F419
:104680008051216641682BD021F0400141602068B3
:10469000416841F020012AE0C168890119D5236EE3
:1046A000616923F40053082943F480532366416869
:1046B00007D021F0400141602068416841F02001AD
:1046C00006E021F0200141602068416841F040018E
:1046D000416020680B4B81681940091D816063E7C8
:1046E00021F0200141602068416841F040014160B3
:1046F0005AE700000020024000210240002302404F
:1047000000630258C0FFFF7F10B5044690F85C00BC
:10471000012808D0012084F85C0003212046FEF720
:10472000E5FB10B110E0022010BD2068416821F0C7
:104730001C0141602046FEF74BFC28B9216E21F494
:10474000885141F001012166002184F85C1010BD00
:104750002DE9F05F28B190F83510022904D08021AE
:1047600041650120BDE8F09F904C904B0168183CDA
:1047700018338E4ADFF83C92A1428D4CDFF838E2C4
:104780008E4FDFF83CB2DFF83CA28F4D8F4E31D018
:1047900091422FD099422DD0A1422BD0494529D00A
:1047A000714527D0B94225D0DFF810C20CF1180CA2
:1047B00061451FD0DFF808C2ACF1600C614519D02B
:1047C000DFF8FCC1ACF1480C614513D0DFF8F0C153
:1047D000ACF1300C61450DD0DFF8E4C1ACF1180C40
:1047E000614507D0594505D0514503D0A94201D0B4
:1047F000B1422CD1DFF8B4C14FF0040880F8358005
:10480000ACF1180C61451DD091421BD0994219D0D2
:10481000A14217D0494515D0714513D0B94211D0E6
:104820006648183081420DD065486038814209D011
:1048300063484838814205D061483038814201D010
:104840005F481838086820F001000860ABE0D1F834
:1048500000C02CF00E08DFF854C1C1F80080ACF1A4
:10486000180C0168614527D0914225D0994223D088
:10487000A14221D049451FD071451DD0B9421BD05E
:10488000DFF838C10CF1180C614515D0DFF830C1E4
:10489000ACF1600C61450FD0DFF824C1ACF1480CDD
:1048A000614509D0DFF818C1ACF1300C614503D087
:1048B000DFF80CC1ACF1180CD1F800C02CF0010CE1
:1048C000C1F800C0DFF8E4804FF0010C0168A8F1E6
:1048D0001808414546D0914244D0994242D0A14265
:1048E00040D049453ED071453CD0B9423AD0334AD8
:1048F0001832914236D0324A603A914232D0304A30
:10490000483A91422ED02E4A303A91422AD02C4A2F
:10491000183A914226D0594524D0514522D0A94277
:1049200020D0B1421ED02A4A91421BD0284A1432CC
:10493000914217D0264A2832914213D0244A3C3261
:1049400091420FD0224A503291420BD0204A643219
:10495000914207D01E4A7832914203D01C4A8C32D1
:10496000914218D1016E0A6822F480720A6090F8B0
:104970005C20816D02F01F020CFA02F24A60D0E95D
:1049800019124A60C16E31B10A6822F480720A605D
:10499000D0E91C124A600022016D80F835C080F811
:1049A000342001B188470020DCE6000028000240E6
:1049B000580002407000024088000240A0000240FF
:1049C0007004024088040240A0040240B80402407F
:1049D00008540258406D70472DE9FC5F0446F74EBD
:1049E0000020DFF8D88300904FF41652F44808F105
:1049F0001808A56DDFF8C493DFF8C0A3016809F1BA
:104A0000300920680AF1480AB1FBF2F1B042019185
:104A10002F68D5F800C0DFF8ACB335D041468842E6
:104A200032D0484530D050452ED058452CD0E5499D
:104A30001831884228D0E3493031884224D0E149F6
:104A40004831884220D0E04988421DD0DE491831E3
:104A5000884219D0DC493031884215D0DA494831D2
:104A6000884211D0DFF860E30EF1600E70450BD084
:104A7000D54A7832904207D0D34B9033984203D036
:104A8000D149A83188427DD194F85C20082102F0F8
:104A90001F0201FA02F23A424AD0B04232D04045F7
:104AA00030D048452ED050452CD058452AD0C54A44
:104AB0001832904226D0C34A3032904222D0C14AA6
:104AC000483290421ED0C04A90421BD0BE4A183293
:104AD000904217D0BC4A3032904213D0BA4A483282
:104AE00090420FD0B84A603290420BD0B64A78322A
:104AF000904207D0B44A9032904203D0B24AA832D2
:104B0000904203D1026802F0040202E0026802F05F
:104B100008026AB1026822F00402026094F85C00A4
:104B200000F01F008140A960606D40F001006065E9
:104B300094F85C00012100F01F008140394240D010
:104B40002068B04234D0404532D0484530D050453E
:104B50002ED058452CD09B4A1832904228D0994AE2
:104B60003032904224D0974A4832904220D0964A20
:104B700090421DD0944A1832904219D0924A303255
:104B8000904200E0AFE113D08F4A483290420FD0FC
:104B90008D4A603290420BD08B4A7832904207D0D7
:104BA000894A9032904203D0874AA83290427DD100
:104BB000406910F0800F04D0A960606D40F00200E1
:104BC000606594F85C00042100F01F0081403942C8
:104BD0003ED02068B04232D0404530D048452ED03B
:104BE00050452CD058452AD0764A1832904226D0CB
:104BF000744A3032904222D0724A483290421ED0DB
:104C0000714A90421BD0704A1832904217D06E4AB7
:104C10003032904213D06C4A483290420FD06A4AE8
:104C2000603290420BD0684A7832904207D0664A90
:104C30009032904203D0644AA83290424ED100682C
:104C400010F0020F04D0A960606D40F004006065B0
:104C500094F85C00102100F01F008140394258D0C8
:104C60002068B04234D0404532D0484530D050451D
:104C70002ED058452CD0534A1832904228D0514A51
:104C80003032904224D04F4A4832904220D04E4A8F
:104C900090421DD04C4A1832904219D04A4A3032C4
:104CA000904215D0484A4832904200E014E00FD0BC
:104CB000454A603290420BD0434A7832904207D046
:104CC000414A9032904203D03F4AA832904207D1E5
:104CD000006800F0080006E0006872E70068B7E7C7
:104CE000006800F00400A0B1A960206801684903D1
:104CF00004D50068000308D5A16C07E00168C90568
:104D000003D4016821F008010160216C09B120463B
:104D1000884794F85C00202100F01F008140394250
:104D200079D02068B04232D0404530D048452ED0AE
:104D300050452CD058452AD0224A1832904226D0CD
:104D4000204A3032904222D01E4A483290421ED031
:104D50001D4A90421BD01C4A1832904217D01A4A62
:104D60003032904213D0184A483290420FD0164A3F
:104D7000603290420BD0144A7832904207D0124AE7
:104D80009032904203D0104AA832904203D100687A
:104D900000F0100002E0006800F00200B0B3A9606B
:104DA00094F835000428206801680FD049037ED5A7
:104DB000006800032BD4616C2AE000001000024060
:104DC000B0000124700002401004024021F01601DE
:104DD00001602068416921F080014161206C08B9BF
:104DE000A06C20B12068016821F00801016094F8EE
:104DF0005C303F21012003F01F0300229940A9608D
:104E000084F8350084F83420216D65E003E0E16B1F
:104E100009B120468847606D00287DD0606DC007CD
:104E200059D02068042184F83510B0422BD0404579
:104E300029D0484527D0504525D0584523D09D49F5
:104E4000884220D09B49183188421CD09949303182
:104E5000884218D09849884215D09749183188421D
:104E600011D09549303188420DD09349483188425C
:104E700009D091496031884205D08F497831884204
:104E800001D08D499031016821F001010160206855
:104E90000099019A491C0091914202D80168C90702
:104EA000F6D10068C00710D003200FE0FFE70168CB
:104EB000C905ACD403680121002223F0100303606C
:104EC00084F8351084F83420A1E7012084F83500F7
:104ED000002084F83400E16C00291DD002B0204687
:104EE000BDE8F05F0847754988421DD07349143109
:104EF000884219D071492831884215D06F493C3118
:104F0000884211D06D49503188420DD06B496431CF
:104F1000884209D0694900E084E07831884203D0B2
:104F200066498C3188427DD194F85C800427016801
:104F300008F01F0807FA08F717EA0C0F009746D089
:104F40004F0744D500980F04686003D5C8033CD4CC
:104F5000A16CC1E7880638D42068B0422DD05549ED
:104F60006039884229D0484527D0504525D058453A
:104F700023D05049884220D04E49183188421CD055
:104F80004C493031884218D04B49884215D04A49A3
:104F90001831884211D04849303188420DD04649F5
:104FA0004831884209D0704507D0904205D09842D8
:104FB00003D04149A831884203D1016821F008019A
:104FC00002E0016821F004010160216C84E70227FE
:104FD00007FA08F717EA0C0F00974ED08F074CD549
:104FE00000980F04686003D5C80344D4616C73E76C
:104FF000880640D42068B0422FD02E4960398842BC
:105000002BD0484529D0504527D0584525D029498F
:10501000884222D02749183188421ED02549303194
:10502000884200E044E018D02349884215D0224944
:105030001831884211D02049303188420DD01E49A4
:105040004831884209D0704507D0904205D0984237
:1050500003D01949A831884203D1016821F0140115
:1050600002E0016821F00A010160012184F8351095
:10507000002084F83400E16B2EE7082202FA08F2DF
:1050800012EA0C0F14D0090712D5016821F00E01A5
:10509000016094F85C100120002201F01F0100FA69
:1050A00001F16960606584F8350084F8342012E706
:1050B000BDE8FC9F880002401004024008540258DA
:1050C0002DE9F05F044601F0B5FA002C07467DD0CB
:1050D000E24E022120684FF00308DFF884934FF07E
:1050E0000005DFF880A3B042DFF87CB334D0DB4AA0
:1050F0001832904230D048452ED050452CD05845DB
:105100002AD0D94A1832904226D0D74A303290421B
:1051100022D0D54A483290421ED0D44A90421BD069
:10512000D24A1832904217D0D04A3032904213D02F
:10513000CE4A483290420FD0CC4A603290420BD0D7
:10514000CA4A7832904207D0C84A9032904203D07F
:10515000C64AA83290427DD184F83510B04284F816
:1051600034502ED0BD49183188422AD0484528D025
:10517000504526D0584524D0BB491831884220D00C
:10518000B949303188421CD0B7494831884218D0DB
:10519000B649884215D0B5491831884211D0B34973
:1051A000303188420DD0B1494831884209D0AF49E9
:1051B0006031884205D0AD497831884201D0AB4991
:1051C0009031016821F00101016008E025E100BF94
:1051D00001F030FAC01B052801D920211AE120680E
:1051E0000068C007F4D1D4E90203216810341843E1
:1051F0008E4694E88410D4E9033809683A43104392
:105200009B4A40EA0C00676918431140103C40EA91
:105210000800042F40EA010003D1D4E90B12114326
:1052200008436168A1F12902052A0BD9163A032A1D
:1052300008D9083A012A05D9083A032A02D974394B
:10524000032901D840F48010CEF800002068676A76
:10525000406900E020E0042F20F0070047EA000743
:105260000DD1D4E90A01074349B12046FEF7BEF843
:1052700028B140206065012184F83510CDE0206818
:1052800047612046FDF7D0FF94F85C203F2102F0F3
:105290001F029140816055E0764A90421BD0754BC9
:1052A0001433984217D0734B2833984213D0714B64
:1052B0003C3398420FD06F4B503398420BD06D4B1C
:1052C0006433984207D06B4B7833984203D0694BD4
:1052D0008C3398427ED184F8351084F83450664B74
:1052E0000168A26801EA030E402A74D0802A73D0B4
:1052F0005FF00002D4E90378D4E9053142EAD7022D
:1053000042EAD8085B4AD4E9077C48EAD30848EA6D
:10531000D10141EAD701524241EA1C11142341EA6A
:105320000E01016020681044B0FBF3F08000E065DE
:105330002046FDF779FF94F85C20012102F01F025E
:10534000914041602068B04257D0444918318842AA
:1053500053D0484551D050454FD058454DD0424983
:105360001831884249D040493031884245D03E49C1
:105370004831884241D03D4988423ED03B491831AE
:1053800088423AD039493031884236D0374948319D
:10539000884232D03549603188422ED03349783145
:1053A00088422AD031499031884226D02F49A831ED
:1053B000884222D02F4988421FD02E49143188427A
:1053C0001BD02C492831884217D02A493C318842C9
:1053D00013D002E01DE017E018E026495031884262
:1053E0000BD024496431884207D022497831884261
:1053F00003D020498C31884229D12046FDF76EFF29
:10540000A06880280CD00CE0102273E74FF4804293
:1054100070E74021616584F835800120BDE8F09F88
:105420006560216E20790860D4E9190141606068E7
:10543000401E072808D82046FDF79EFFE06E056055
:10544000D4E91C01416002E0E5662567656701203B
:10545000656584F835000020E0E700001000024098
:105460004000024058000240700002401004024018
:105470003F8010FE085402580F00FEFF2DE9F84F40
:1054800004008C464FF00000009014D094F83400D3
:10549000012812D094F835500120002184F83400FE
:1054A000012D0CD0C00260650120009084F83410FA
:1054B0000098BDE8F88F0120FBE70220F9E78C4D4A
:1054C0000226206884F83560A8428A4D61658A4EBC
:1054D0008A4FDFF82C82DFF82C92DFF82CA2DFF85D
:1054E0002CB226D0A84224D0B04222D0B84220D03C
:1054F00040451ED048451CD050451AD0584518D0BC
:105500008349884215D082491831884211D0804998
:10551000303188420DD07E494831884209D07C49DB
:105520006031884205D07A497831884201D0784983
:105530009031016821F00101016061462046FDF7CC
:105540007FFF6B49206888422CD0A8422AD0B04205
:1055500028D0B84226D0404524D0484522D05045D6
:1055600020D058451ED06A4A90421BD0684A183253
:10557000904217D0664A3032904213D0644A483283
:1055800090420FD0624A603290420BD0604A78322B
:10559000904207D05E4A9032904203D05C4AA832D3
:1055A00090420CD1026822F01E0242F01602026004
:1055B000206C88B12068026842F008020BE00268A3
:1055C00022F00E0242F00A020260206C20B1206834
:1055D000026842F004020260206888424BD0A84270
:1055E00049D0B04247D0B84245D0404543D0484565
:1055F00041D050453FD058453DD0454A90423AD0E1
:10560000434A1832904236D0414A3032904232D02A
:105610003F4A483290422ED03D4A603290422AD0D2
:105620003B4A7832904226D0394A9032904222D07A
:10563000374AA83290421ED0364A90421BD0354A93
:105640001432904217D0334A2832904213D0314A54
:105650003C3290420FD02F4A503290420BD02D4A0C
:105660006432904207D02B4A7832904203D0294AC4
:105670008C3290420DD1206E0268D20303D50268AD
:1056800042F480720260E06E18B1026842F48072E7
:1056900002602068884226D0A84224D0B04222D09E
:1056A000B84220D040451ED048451CD050451AD0A5
:1056B000584518D01649884215D0154918318842E6
:1056C00011D01349303188420DD0114948318842F8
:1056D00009D00F496031884205D00D4978318842A0
:1056E00001D00B499031016841F001010160DFE612
:1056F00010000240280002404000024058000240D2
:105700007000024088000240A0000240B800024041
:10571000100402400854025870B5044600F08AFF95
:105720000546601C02D004480078044400F082FF63
:10573000401BA042FAD370BDA400012410B590F81C
:105740009830012B09D0022B07D0D0F89C1041F0E3
:105750000201C0F89C10012010BD03689C6D0C4232
:1057600003D1DC6D44F0010404E09C6D31EA0404D3
:105770001FD00324DC658B0505D50368D3F8E04012
:105780001443C3F8E0404B0505D50368D3F8E44063
:105790001443C3F8E4400068084A01EA0203446D78
:1057A000074A1C434465106840EA9170106000206D
:1057B00010BDDC6D44F00204DCE70000FFFFCF3FCA
:1057C00014A8004070B5044690F89800022804D050
:1057D000D4F89C0040F008000DE02068D0F8C030FC
:1057E00013F07C5F0BD0D0F8C4309B020CD5D4F8FA
:1057F0009C0040F40070C4F89C00012070BDD4F8F7
:105800009C0040F02000F6E7D0F8C400C0F3044547
:1058100020462B46FEF73EF821680120A840C1F83B
:10582000D000C4F89400002070BD704790F8983004
:10583000012B07D0D0F89C1041F00401C0F89C1057
:105840000120704761B10068012913D0D0F8B01071
:1058500021F0FE4141EA0261C0F8B010002070471B
:105860000068D0F8F01021F07C5141EA0261C0F8E4
:10587000F010F3E7D0F8A01021F0FE4141EA0261F8
:10588000C0F8A010EAE770B590F89820012A09D076
:10589000022A07D0D0F89C1041F00201C0F89C10F9
:1058A000012070BD0B68CA6883B10B69072A43EAFF
:1058B000427325D00C7A4A6942EA84724968006FC3
:1058C00000EBC100C0E90032002070BD072A0DD0F6
:1058D0000C7AD6060D8A4B6943EA847246EA054380
:1058E000C06E49681A4340F82120EDE70B8A4FF05B
:1058F0006055D1E9062442EA034245EA0423EFE772
:105900008A69DBE730B590F89850039C012D07D0E9
:10591000D0F89C1041F00401C0F89C10012030BD6B
:105920000D01016845EA820040EA43002043C1F8C6
:105930008000002030BD7047084A10B590420BD15E
:10594000880109D506480DF03AFF0648002180F885
:105950004C104169491C416110BD0000C87101240F
:1059600098090224785F02240068402905D0D0F805
:10597000B40000BF00F07F007047D0F8A400F9E742
:10598000F0B590F898500024022D04D0D0F89C1067
:1059900041F0080129E0402905D0412929D0056DB1
:1059A0008D4219D942E00568D5F8A06016F4FE0FC3
:1059B00012D0D5F8A460760613D0D5F8A460F6010D
:1059C00005D5D5F8A06016F0004F00D50124D5F814
:1059D000A470466F456C24E0D0F89C1041F0200183
:1059E00003E0D0F89C1041F48071C0F89C100120B5
:1059F000F0BD0568D5F8B06016F4FE0FECD0D5F810
:105A0000B4607606EDD0D5F8B460F60105D5D5F8CA
:105A1000B06016F0004F00D50124D5F8B470866F41
:105A2000C56CC7F305273C44654302E0456DC66F6E
:105A30004D4306EB85052E6816F0804656602E68AD
:105A400036D026F060461660D5F800C000262E4FEE
:105A50000CF0005CC2F808C0D5F800C00CF0004C97
:105A6000C2F810C0B5F804C01FFA8CFCC2F81CC004
:105A7000D5F804C0CCF3034CC2F80CC0D5F804C070
:105A80000CF4801CC2F814C0D5F804C00CF4001C3F
:105A9000C2F818C0D5F804C0CCF3066CC2F820C018
:105AA000D5F804C008354FEADC7CC2F824C008E011
:105AB000C6F38A46C7E700BF15F806C003F806C05C
:105AC000761CD2F80CC017F80CC0B445F4D84029A5
:105AD0000AD041290CD020294FF001020CD20068D5
:105AE0008A40C0F898200DE00068C0F8A84009E09E
:105AF0000068C0F8B84005E0006801F01F018A4066
:105B0000C0F89C200020F0BD54EE02080068D0F8D8
:105B1000C40000F03F007047704700002DE9FF5FB0
:105B2000DFF80CB304460BF10401DBF80000256834
:105B30000F68AA468007D5F85090696DD5F8508057
:105B40006E6D2A6DD5F854C02B6D00EA87700090F9
:105B500009F470496F6D286D01EA09010191DAF8C5
:105B60005410DAF85490DAF8505008F00F0806EAAA
:105B70000806029602F0F00203F071536FEA09067C
:105B80001F4000F060700CEA020CCDF80CC0F2056A
:105B900001EA00090CD4E843C00509D400214FF400
:105BA0008073CAF85030CBF800102046FFF7B4FFDE
:105BB000700512D4E84340050FD4206800234FF449
:105BC0008068D0F8DC20D0F8E410C0F85080CBF822
:105BD00000301140204600F014FCDFF858A2009875
:105BE00050B12268830F00EA0A001065CBF800303C
:105BF00020460099FFF719FE019850B12268830FE3
:105C000000EA0A001065CBF800302046019900F048
:105C1000FAFB029850B12268830F00EA0A0010656F
:105C2000CBF800302046029900F012FB039850B1E7
:105C30002268830F00EA0A001065CBF80030204686
:105C4000039900F07FFB30050CD4E843000509D42C
:105C5000236800204FF400621A65CBF8000020464C
:105C600000F0D2FBB00512D4E84380050FD42068C1
:105C700000234FF40078D0F8D820D0F8E010C0F816
:105C80005080CBF800301140204600F0BBFB3003C1
:105C90000CD4E843000309D4236800204FF4002209
:105CA0001A65CBF80000204600F0D0FAF0030CD4BF
:105CB000E843C00309D4236800204FF480321A65FA
:105CC000CBF80000204600F09BFB70030CD4E843A7
:105CD000400309D4226800204FF480231365CBF8D9
:105CE0000000204600F08BFBB0030FD4E843800394
:105CF0000CD4236800204FF400321A65CBF8000062
:105D0000D4F89C0040F08000C4F89C00B9F1000F6A
:105D10000BD022684FEA997309EA0A001065CBF8A4
:105D2000003049462046FFF707FE5FB12268BB0FEF
:105D300007EA0A001065CBF80030D4F89C0038431D
:105D4000C4F89C003C492068884268D1606881465C
:105D50008068800763D0D9F82060D9F82410D9F87A
:105D60002080D9F82400D9F820C0D9F82470D9F8B7
:105D70002030D9F82450D9F8202003F4FC4306F051
:105D80000F0AD9F824601D40D9F824B008F0300873
:105D90000CF4C07C02F4F02211EA0A0100EA0808BF
:105DA00007EA0C0706EA0206D9F820A004D0C9F8D1
:105DB0002010204600F020FBB8F1000005D06168FB
:105DC00008624146204600F019FB6FEA0B004006CE
:105DD0000ED46FEA0A0040060AD460684021C36B03
:105DE000C26B01622046190C02F03F0200F005FB75
:105DF0002FB1606807623946204600F0FCFA35B1E1
:105E000060680562D4F89C002843C4F89C0036B151
:105E100060680662D4F89C003043C4F89C00D4F853
:105E20009C00002802D02046FFF785FDBDE8FF9FBB
:105E300010A80040FFFFCF3F00A000402DE9F04137
:105E400094B08D494C2204466846FAF7EFFE64B1DF
:105E50008A4D2068A84202D100F58070606094F8F5
:105E600098004FF0000820B108E0012014B0BDE810
:105E7000F081204684F8998000F002F92068816959
:105E800021F01001816100F0D5FB0327064604E0F4
:105E900000F0D0FB801B0A2811D820688069000719
:105EA000F6D42068816941F00101816100F0C2FBF4
:105EB00006460DE000F0BEFB801B0A2808D9D4F886
:105EC0009C0040F00100C4F89C0084F89870CCE776
:105ED00020688069C007EDD02068816941F0020127
:105EE0008161207C01282068816937D041F0400120
:105EF0008161607C01282068816932D021F4804171
:105F00008161A07C0128206881692DD041F48051F5
:105F100081612068A268816921F440711143816127
:105F20002068816921F0A40181612068016921F064
:105F300010010161E068012819D010B302281BD0BC
:105F40002068816941F0800181612068016941F028
:105F500010010161E06803280ED012E021F0400139
:105F6000C6E741F48041CBE721F48051D0E72068B7
:105F7000816941F0040103E02068816941F020015A
:105F80008161207E6FF0FF02D4E90773A68A1102B7
:105F9000400602EB0727A0F10070384327685B1E1C
:105FA000184301EB06463043F861A068B0F5407F26
:105FB00011D104F12800A68C6FF00F0C89C801EBF9
:105FC0000641401E02EB0322104322680CEB07132C
:105FD00018430843D060206E30B12068626ED0F85C
:105FE000C0101143C0F8C010D4E917126846D1425E
:105FF00009D02168A36E51F8C82F50F8233022F041
:1060000007021A430A60216C49B12168626C51F899
:10601000BC3F50F8226023F0070232430A60A16CB3
:1060200051B12168E36C51F8BC2F50F8233022F0B5
:10603000700242EA03120A60216D51B12168626D5B
:1060400051F8BC3F50F8220023F4E06242EA0020FD
:1060500008602068A84204D16068816821F00301CB
:106060008160C4F894800121C4F89C8084F8981061
:106070002046FDF72BFBF9E664EE020800A0004085
:106080002DE9F047B4B0814614212EA8FAF72AFE74
:10609000B8216846FAF726FE664C0026D9F80000BB
:1060A0004FF08051644A0C3C614F4FF00208614D43
:1060B0009042DFF888A14FF0090938D100201B91E8
:1060C0004A13CDE90020684601F068FC08B1FDF7ED
:1060D000D4FA3868401C3860012807D1286840F499
:1060E00080702860286800F480703390206840F049
:1060F00008002060206803222E922EA900F00800DC
:10610000CDE92F863196CDE93290504600F07EF9E8
:1061100000220521132000F05BFB132000F04AFB56
:1061200000220521152000F053FB15203BE0444AD6
:1061300090423DD100201B914FF40042CDE9002058
:10614000684601F02BFC08B1FDF797FA3868401C4F
:106150003860012807D1286840F4807028602868DA
:1061600000F480703390206840F0020020602068C6
:1061700060222E922EA900F00200CDE92F863196E2
:10618000CDE932902F4800F041F90022052114207A
:1061900000F01EFB142000F00DFB0022052116204C
:1061A00000F016FB162000F005FB34B0BDE8F087C8
:1061B000254A9042F9D100201B914FF40042CDE9CD
:1061C0000020684601F0EAFB08B1FDF756FA38688E
:1061D000401C3860012807D1286840F4807028608E
:1061E000286800F480703390206840F00800206038
:1061F00020684FF440512E91052200F00800CDE9AF
:106200002F862EA93196CDE93220504600F0FEF8B7
:10621000002205219F2000F0DBFA9F2000F0CAFA3F
:1062200000220521A02000F0D3FAA020BBE7000047
:106230002C000124EC44025800A00040000C02583D
:1062400000A400400004025800D400407047000041
:106250002DE9F04F374A97B082464FF00007904241
:1062600064D1C80762D00026334DB1464EE02821E4
:1062700004A8FAF737FD402150460EABCDF8389010
:1062800004AACDF83C90FFF77BFB18B16868401C6E
:10629000686041E0059830BB069820BB0A9810BBA7
:1062A000099800BB0498B0F5006F1CD2DDF81C8083
:1062B00000240DF1480B204601A926F069FD70B1BC
:1062C000019941450BD18BF800400EAA04989DF826
:1062D000483081B213A80DF048FA20B907E0641CD9
:1062E000E4B2082CE7D96868401C68600AE01348EB
:1062F00013A90DF097FA18B1A868401CA86001E036
:106300007F1CFFB2761CF6B2202E05D240215046EB
:10631000FFF72AFB0028AAD1002F07D00848006801
:10632000002803D017B0BDE8F04F004717B0BDE814
:10633000F08F0000C8710124785F022498090224BC
:10634000D0000124704790F89810012907D0D0F8A8
:106350009C1041F00401C0F89C10012070470221FC
:1063600080F89810002201688B6923F001038B618B
:10637000C0F89C201046704710B590F89810002285
:10638000022906D0D0F89C1041F00801C0F89C10FA
:1063900012E0016803238C6944F001048C610168F8
:1063A0000DE0322A0AD900BFD0F89C1041F001015B
:1063B000C0F89C1080F89830012010BD521C8C69E8
:1063C000E407EED08C69002224F010048C6101688F
:1063D00002E0322AE8D8521C8C692407F9D48C696F
:1063E0000023012244F002048C61C0F8943080F84C
:1063F0009820184610BD7047704770477047704727
:106400007047704770477047704700002DE9F84F9C
:1064100003247A4D00234FF001094FF0B04B4FF0A9
:106420000F0AE4E009FA03F6324078D00F7907F05A
:106430000307012F01D0022F1AD187684FEA430EBC
:10644000D1F80CC004FA0EF827EA08070CFA0EFC83
:106450004CEA070CC0F808C0476891F804C0B7437D
:10646000CCF3001C0CFA03FC4CEA070CC0F804C087
:106470000E79F643B6070BD0C6684FEA43088F681B
:1064800004FA08FC26EA0C0607FA08F73743C76047
:106490000E7906F00306022E12D1DE080F694FEACC
:1064A000437C00EB8606B646366A4FEADC6C0AFA95
:1064B0000CF807FA0CF726EA08063743CEF82070E6
:1064C0000F7906684FEA430807F0030704FA08FC4F
:1064D00007FA08F726EA0C06374307604E6816F4F9
:1064E000403F1CD0464E376847F002073760366899
:1064F0009F0706F00206009623F0030606F1B04659
:10650000B6463F0FD6F80864DFF8F8800AFA07FCB1
:10651000404526EA0C0603D14FF0000C3AE065E056
:10652000DFF8E4C0604502D14FF0010C32E0DFF843
:10653000DCC0604502D14FF0020C2BE0DFF8D0C088
:10654000604502D14FF0030C24E0DFF8C8C060457D
:1065500002D14FF0040C1DE0DFF8BCC0604502D151
:106560004FF0050C16E0DFF8B4C0604502D14FF0E3
:10657000060C0FE0DFF8A8C0604502D14FF0070C11
:1065800008E0DFF8A0C0604502D14FF0090C01E03F
:106590004FF00A0C0CFA07FC4CEA060CCEF808C4C3
:1065A0004F68DBF80060FF0226EA020600D51643BA
:1065B0005F46CBF80060D1F804C0DBF804605FEA06
:1065C0008C2C26EA020600D516437E606E684F6862
:1065D00026EA0206BF0300D516436E602E684F6898
:1065E00026EA0206FF0300D516432E605B1C0A68EC
:1065F00032FA03F67FF416AFBDE8F88F800000583A
:10660000F4440258000002580004025800080258DE
:10661000000C0258001002580014025800180258CA
:10662000001C0258002402580AB181617047090415
:10663000FBE700000148806870470000A4000124C7
:10664000014800687047000000E8F11F0148006839
:106650007047000004E8F11F01480068704700001F
:1066600008E8F11F02488168027811448160704790
:10667000A4000124032010B500F0CAF801F0CEFFF9
:106680000F4A104914681368C4F3032203F00F0380
:106690008A5CC95C02F01F0201F01F01D0400A4A67
:1066A00020FA01F11160094908600F2000F010F88C
:1066B00008B1012010BD00F04DF8002010BD000011
:1066C00018440258B0EE0208B4000124B0000124BE
:1066D00010B5102804468AB02AD200220146A12013
:1066E00000F076F8A12000F065F815480460154820
:1066F000016841F080710160006808A900F08070B5
:106700000990684601F016FF01F076FF0E4940003F
:1067100000220E4CB0FBF1F10D4840F2E73304606B
:10672000C0E90332491EC0E9011202F098FE10B11F
:1067300001200AB010BD064802F0C4FEF9E70000CF
:10674000A8000124EC44025840420F0000E0004041
:10675000A8730124074882B0016841F0020101607A
:10676000006800220F2100F002000090901E02B08D
:1067700000F02EB8F4440258002809DB410900F06B
:106780001F028900012001F1E0219040C1F8800240
:10679000704700280DDB410900F01F02890001202D
:1067A00001F1E0219040C1F88001BFF34F8FBFF3AA
:1067B0006F8F7047002809DB410900F01F02890034
:1067C000012001F1E0219040C1F800017047000074
:1067D0000E4BF0B41B680D46C3F30223C3F107064A
:1067E000042E00D90426191D072901D2002300E038
:1067F000DB1E012404FA06F19C40491E2940641E58
:10680000994014402143F0BC05F06ABE0CED00E055
:10681000064900F0070210B54FF6FF040868044B64
:10682000204040EA02201843086010BD0CED00E053
:106830000000FA0501680123C0F8D834002280F86E
:10684000CC248869044A40F000608861486D104398
:106850004865002070470000030000107047006882
:10686000416200207047F0B503685D6A39B19F6AE4
:106870004C1E00204FF4827605EB17450BE045EAED
:106880000240986210E0471C06EB800053F800C0FD
:10689000F8B205EB1C45A042F5D34FF4807000EB35
:1068A000810045EA02421A500020F0BDD0F8E00411
:1068B00004F003BD01EBC10200EB8202D0F8E0045A
:1068C000126A04F056BC01EBC10200EB8202D0F860
:1068D000E004D2F8602204F0A8BCD0F8E00404F090
:1068E000EEBC0A0601F00F0101EBC10100EB8101D2
:1068F00001D5143101E001F51571006805F0D8BB30
:1069000001F00F020B0670B502EBC20104464FF016
:1069100001004FF0000504EB810102D548751431E8
:1069200003E081F8555201F515710A7094F894242A
:10693000012A08D084F89404206805F0DBF80020D0
:1069400084F8945470BD022070BD70B5027904467D
:1069500001F00F00904201D9012070BD01F00F023B
:106960004FF000050B0602EBC2014FF0010204EBF1
:10697000810102D54A75143103E081F8555201F5C1
:1069800015718D70087094F89404012808D084F86B
:106990009424206805F018FA002084F8945470BDFF
:1069A000022070BD01F00F0101EBC10100EB81007D
:1069B000D0F8680270472DE9F04101F00F06044657
:1069C0000D064FF0010006EBC6014FF0000504EB89
:1069D000810102D54875143103E081F8555201F563
:1069E00015714F788A600B710E7007B14E83022BC0
:1069F00000D14D7194F89424012A09D084F89404AC
:106A0000206804F0BFFF284684F89454BDE8F08164
:106A10000220FBE770B501F00F05002405EBC5016E
:106A200000EB810101F5187181E81C0001F80B4CA5
:106A300001F80C5D8379012B00D1CA61827900686D
:106A400005F01AFA002070BD70B50D4601790446B4
:106A500005F00F00884201D9012070BD29064FF0D2
:106A600000064FF0010206D500EBC00104EB8101E6
:106A70004A75143107E005EBC50104EB810181F88B
:106A8000556201F515718A70087094F89404012814
:106A900007D084F89424206805F0C2F9280702D0B2
:106AA00007E0022070BDA17904F29C42206805F045
:106AB0005FF9002084F8946470BD70B501F00F0494
:106AC000002504EBC401012600EB8101203181E89F
:106AD0002C0001F80B6C01F80C4D8379012B00D1CF
:106AE000CA618279006805F0C7F9002070BD000016
:106AF0002DE9FC5F05680446284605F075FB002873
:106B00007ED1206805F09CFB002879D0D5F80808D4
:106B1000C0F30D20C4F8D404206805F091FB800771
:106B200004D52068416901F002014161206805F047
:106B300087FBC10604F29C40009035D5206881692E
:106B400021F0100181612F6A07F00F01C7F3434064
:106B500001EBC101022804EB810606F5157602D08F
:106B6000062812D01BE047F6F070074217D0C7F393
:106B70000A12F1681746284605F066FB7169F0684D
:106B8000394471613844F06009E0009908222846D0
:106B900005F05AFB7069C7F30A1108447061206858
:106BA000816941F010018161206805F049FB000313
:106BB0004FF0080B4FF0000A4FF001097CD5206818
:106BC000002605F01CFB074674E0F80770D020682B
:106BD000F1B205F02DFB8046C00707D005EB46114A
:106BE000C1F8089B3146204603F038F85FEA087088
:106BF00024D505EB4611C1F808BBFA49206800E02E
:106C00003EE2026C00EB461001928A42D0F8081B6B
:106C100005D9090403D54FF40041C0F8081B2046EC
:106C200000F001FBEF490198884207D9A0790128BB
:106C300004D120680121009A05F09AF85FEAC86043
:106C400004D505EB46111020C1F8080B5FEA8870E7
:106C50001DD56869000605D5D5F8040840F48061A3
:106C6000C5F8041806EBC60004EB800090F8571234
:106C700000F51570012905D180F803A02046F1B276
:106C800000F004FA05EB46110220C1F8080B5FEA98
:106C9000886004D505EB46112020C1F8080B5FEA97
:106CA000884005D505EB46114FF40050C1F8080B9C
:106CB0007F08761C002F88D1206805F0C1FA4003B8
:106CC0006ED5206805F094FA0026074666E0F807BE
:106CD00062D02068F1B205F099FA8046C00723D04F
:106CE000D5F8342806F00F0105EB461309FA01F137
:106CF0008A43C5F83428C3F80899A07901280FD130
:106D000006EBC60004EB8000D0E9072111440162C4
:106D100036B9606A20B920680121009A05F028F888
:106D20002046F1B2FFF7C6FD5FEA087003D505EB18
:106D30004611C1F808B95FEAC86004D505EB4611F1
:106D40001020C1F808095FEA486004D505EB461138
:106D50004020C1F808095FEA887016D531462846F8
:106D600005F017FA06EBC60004EB8000C17D143075
:106D7000012905D180F803A02046F1B200F082F984
:106D800005EB46110220C1F808095FEA086003D547
:106D90003146204602F0C8FF7F08761C002F96D1AE
:106DA000206805F04DFA002811DAD5F8040820F023
:106DB0000101C5F8041894F8CC0401283BD0204602
:106DC00000F016FA2068416901F000414161206835
:106DD00005F036FA00050BD5D5F80808C00702D033
:106DE000204600F049FA2068416901F400614161E0
:106DF000206805F025FA00010AD52068416901F0F4
:106E00000061416194F8CC04E0B1204600F034FA0E
:106E1000206805F015FAC00472D5D5F8040820F0F2
:106E20000101C5F804182068102105F0B2F900210D
:106E30004FF67F322DE00021204684F8CCA4FFF7E6
:106E40000DFDBFE784F8CC942068406D0121C0F3AC
:106E50008300C4F8D0042046FFF700FDD8E700BF48
:106E600005EB4110C0F80829D0F8003923F40013CD
:106E7000C0F80039C0F8082BD0F8003B23F4001309
:106E8000C0F8003BD0F8003B43F00063C0F8003B83
:106E9000491C20798842E3D8D5F81C0840F001113C
:106EA000C5F81C18E07B68B1D5F8840840F00B01E8
:106EB000C5F88418D5F8440840F00B012846C5F8F9
:106EC00044180DE0D5F8140842F22B010843C5F828
:106ED0001408D5F8100840F00B012846C5F8101822
:106EE000D0F8000820F4FE61C5F80018A1792068E8
:106EF000009A04F03DFF2068416901F4805141612E
:106F0000206805F09DF9800415D5206804F07AFD0D
:106F1000206805F05CF9E07101F03AFBE279014686
:106F2000206805F0F1F9204600F04CF9206841692D
:106F300001F400514161206805F082F9000707D58E
:106F4000204600F059F92068416901F008014161CB
:106F5000206805F075F9000616D5A869012620F00D
:106F60008001A9610DE000BF06EBC60004EB8000C4
:106F700090F85702012803D12046F1B2FFF7B1FC87
:106F8000761C2079B042EFD8206805F059F9C0028C
:106F90001FD501264F4614E006EBC60105EB46104F
:106FA00004EB8101D0F800090A7E012A08D10028EB
:106FB00006DAF0B2CF7540F080012046FFF791FC71
:106FC000761C2079B042E7D82068416901F480112D
:106FD0004161206805F034F9800234D501204B4628
:106FE00029E000000A30544F00EBC00205EB4011CD
:106FF00004EB8202D1F8001B92F85862012E19D1DD
:10700000002917DA94F8D46401F4803106F00106FF
:10701000B1420FD182F85732A96941F08002AA61CA
:107020006969090606D4D5F8040840F40070C5F86B
:10703000040803E0401C21798142D5D820684169C9
:1070400001F400114161206805F0FAF8400007D50D
:107050002046FFF72BFC2068416901F08041416127
:10706000206805F0EDF840070AD5206845686807F4
:1070700002D52046FFF731FC206841682943416072
:10708000BDE8FC9FD0F8E00404F071B9D0F8E0044A
:1070900004F081B9F8B5040004D094F895040025F3
:1070A00010B106E00120F8BD204684F8945400F0A9
:1070B00057F8032084F89504206804F053FE207CE0
:1070C0008DF8000094E80F0004F0AAFC0226B0BB83
:1070D0002068002105F0D8F888BB002001270CE0CB
:1070E00000EBC001421C04EB81014F750D76CD61B0
:1070F0000D624D620875C885D0B221798142EFD802
:10710000002011E000EBC001421C04EB810181F87A
:10711000555281F85852C1F85C52C1F86052C1F81A
:10712000645281F85402D0B221798142EAD8207C9D
:107130008DF8000094E80F0004F05EFD10B184F8B3
:107140009564AFE7207B657484F89574012802D1BB
:107150002046FFF76FFB206804F040FD0020F8BDDB
:1071600010B5B0B00446B8216846F9F7BBFD134925
:107170002068884220D100204FF480214FF4401233
:107180002192CDE90010684600F008FC08B1FCF738
:1071900074FA00F0B3F80A48016841F00071016028
:1071A00000680022052100F000702E904D20FFF7AE
:1071B0000FFB4D20FFF7FEFA30B010BD0000044079
:1071C000D844025870B50446C079012570B1022830
:1071D00001D0FCF752FAD4F8E004294604F04AF949
:1071E000D4F8E004BDE8704004F0FEB80025F2E7F2
:1071F000D0F8E00404F027B9D0F8E00404F02DB989
:1072000010B5044690F8940401280AD00120617456
:1072100084F89404206805F066F8002084F894044B
:1072200010BD022010BDD0F8E02400F29C411046B1
:1072300004F02CB910B590F89414044600680129A4
:1072400009D0012184F89414C168490609D5617BED
:10725000012902D005E0022010BD816B41F480318C
:107260008163206804F073FF206804F0A9FC00200B
:1072700084F8940410BD000010B50446D0F8E00472
:1072800004F046F92068D0F8001E41F00101C0F872
:10729000001EE07A002804D00248016841F006018F
:1072A000016010BD10ED00E0134970B50A68D243CB
:1072B000520705D5096801F00701814213D118E092
:1072C0000A6822F0070202430A60FFF7B3F90A4D89
:1072D0004FF47A760446083D07E000BFFFF7AAF9AD
:1072E000001BB04201D9012070BD2868C043800452
:1072F000F4D4002070BD00000C4802580248016818
:1073000041F08071016070470C48025810B501F0DF
:107310003FF905490968054AC1F30211515C01F0C2
:107320001F01C84010BD000020440258B0EE020802
:107330004A4930B5494C0B1D0A680C3409681D6870
:10734000246802F0030305F00102C1F30511C4F340
:10735000CC04002914FB02F200EE102AF8EE400AD9
:1073600076D0414A9FED3E1ADFED3E1AB7EE000A95
:1073700023B1012B5AD0022B18D15CE0374C283CAA
:1073800023689B0612D5394B246801EE901A1168C8
:10739000C4F3C104F8EE612AE34001EE903AC1F370
:1073A0000801F8EE611A81EEA22A07E002EE101A37
:1073B0001168F8EE422A81EEA22A45E001EE901A09
:1073C0001168F8EE611A40EE811A71EE800A62EEE1
:1073D000200AC1F3462101EE101AB8EE411A31EE2F
:1073E000001AC0EE811ABCEEE11A80ED001A116895
:1073F000C1F3064101EE101AB8EE411A31EE001A3F
:10740000C0EE811ABCEEE11A80ED011A1168C1F3D9
:10741000066101EE101AB8EE411A31EE000A80EE54
:10742000801ABCEEC10A80ED020A30BD01EE901A4E
:10743000DFED0F2A03E001EE901ADFED0E2A11684E
:10744000F8EE611A82EEA12AC1F30801B6E7FFE760
:10745000002101604160816030BD00002844025875
:10746000000000390024744C304402580090D003CE
:107470000024744A001BB74B494930B5484C0B1DDA
:107480000A68143409681D68246802F00303C5F310
:107490000012C1F30531C4F3CC04002914FB02F23D
:1074A00000EE102AF8EE400A75D03F4A9FED3D1AD3
:1074B000B7EE000A6BB1DFED3D1A012B01D0022BB4
:1074C00064D002EE101A1168F8EE422A81EEA22A68
:1074D00021E0334C283C23689B0612D5344B2468AA
:1074E00001EE901A1168C4F3C104F8EE612AE3407A
:1074F00001EE903AC1F30801F8EE611A81EEA22A7A
:107500000BE001EE901ADFED2B2A00BFF8EE611AB6
:10751000116882EEA12AC1F3080101EE901A1168E8
:10752000F8EE611A40EE811A71EE800A62EE200ACE
:10753000C1F3462101EE101AB8EE411A31EE001ADD
:10754000C0EE811ABCEEE11A80ED001A1168C1F399
:10755000064101EE101AB8EE411A31EE001AC0EEE3
:10756000811ABCEEE11A80ED011A1168C1F30661BF
:1075700001EE101AB8EE411A31EE000A80EE801AC0
:10758000BCEEC10A80ED020A30BD04E001EE901AA3
:10759000DFED092ABAE70021016041608160F3E76D
:1075A0002844025800000039384402580024744A24
:1075B0000090D0030024744C001BB74B494930B5F0
:1075C000484C0B1D0A681C3409681D68246802F0C9
:1075D0000303C5F30022C1F30551C4F3CC04002911
:1075E00014FB02F200EE102AF8EE400A75D03F4A72
:1075F0009FED3D1AB7EE000A6BB1DFED3D1A012B8E
:1076000001D0022B64D002EE101A1168F8EE422A63
:1076100081EEA22A21E0334C283C23689B0612D538
:10762000344B246801EE901A1168C4F3C104F8EEDB
:10763000612AE34001EE903AC1F30801F8EE611AC5
:1076400081EEA22A0BE001EE901ADFED2B2A00BF9B
:10765000F8EE611A116882EEA12AC1F3080101EE69
:10766000901A1168F8EE611A40EE811A71EE800AE4
:1076700062EE200AC1F3462101EE101AB8EE411A5B
:1076800031EE001AC0EE811ABCEEE11A80ED001A4C
:107690001168C1F3064101EE101AB8EE411A31EE3D
:1076A000001AC0EE811ABCEEE11A80ED011A1168D1
:1076B000C1F3066101EE101AB8EE411A31EE000A6C
:1076C00080EE801ABCEEC10A80ED020A30BD04E0F3
:1076D00001EE901ADFED092ABAE70021016041604E
:1076E0008160F3E728440258000000394044025802
:1076F0000024744A0090D0030024744C001BB74B44
:107700002DE9F04FA14A0546DFF87CA280F4807095
:10771000DFF8809289B013119F4C08439C48AAF16E
:1077200004064FF0805C4FF0005828D0DFF858B2C4
:1077300085F480670F430BF1080B4FD085F4006789
:107740000F4360D085F480570F4372D085F4005703
:107750000F434FF480394FF4003E69D085F4002781
:107760000F4373D085F480370F4370D085F4804683
:107770000E436DD085F400420A436AD02AE0DAF85D
:10778000001001F00701052924D2DFE801F0F9AA71
:107790006A259F0006A8FFF7CBFD079809B0BDE852
:1077A000F08F6846FFF768FE0098F7E703A8FFF739
:1077B00005FF0398F2E72068C0F3C10022FA00F049
:1077C000ECE72268D2056ED561456CD11846E5E735
:1077D0004145E3D00020E1E74846DFE7DBF8001051
:1077E00001F46001B1F5800F3BD005DC00294AD0DF
:1077F000B1F5001FEED174E0B1F5C00FECD0B1F5DA
:10780000000FE7D162E0DBF8001001F0E061B1F1B8
:10781000007F26D004DCB1B3B1F1807FDAD160E023
:10782000B1F1407FD8D0B1F1806FD3D14EE000E00C
:107830001BE0DAF8001001F4E041B1F5005F10D070
:1078400008DC01B3B1F5805FC4D14AE035E058E00F
:1078500065E088E0B1F5405FBED0B1F5804FB9D1A9
:1078600034E020688000B5D5A0E7DAF8001001F414
:10787000E021B1F5403F6DD006DC61B149457BD0D8
:107880007145A7D158E07BE0B1F5802F66D0B1F506
:10789000A02F9FD10DE000F09DFE7FE76846FFF727
:1078A000EBFD01987AE728E003A8FFF787FE04982C
:1078B00074E7216889038AD48CE7DBF8001011F49F
:1078C00040310ED0494510D0714583D131682568CB
:1078D00001F040516D077FF574AF00297FF471AF5F
:1078E00069E720680001E7D55BE720688000E3D501
:1078F00003A8FFF763FE059850E722689203DBD5E3
:1079000066E7306810F480303AD04845D4D120681A
:107910000001D1D56846FFF7AFFD02983EE7DBF8DE
:10792000001001F0E041B1F1405F13D008DC71B10B
:10793000614521D04145BFD120688000B4D449E7DA
:10794000B1F1804F0AD0B1F1A04FB2D042E7FFF7BA
:10795000DDFC23E720684007AED52CE72068C00592
:10796000AAD533E708E0DAF8001011F04051A0D0B2
:10797000614505D041459FD1206800018ED429E79B
:107980002068800198D505E7504402580090D00344
:1079900000366E010080BB00004402582DE9FE4F06
:1079A0000546DFF800A450F8081B0024FD4FC9432A
:1079B000019005F1280026460AF1240A00900801EA
:1079C0001DD4686E50B1B0F5801F0CD0B0F5001F0B
:1079D0000ED0B0F5401F1ED001240FE0386840F4EF
:1079E0000030386017E00198022102F02FFA03E01E
:1079F0000098022102F0BAFA04000CD0264628882A
:107A0000C043C00523D4A86D05281ED2DFE800F0CE
:107A10000C11161B1B006A6EDAF8001021F44011DD
:107A20001143CAF80010EAE7386840F400303860C3
:107A300009E00198002102F009FA03E00098002112
:107A400002F094FA0446C4B100E0012426462888D6
:107A5000DFF85083C04308F12C0840052FD4D5F837
:107A6000A400B0F5C00F28D010DCB8B1B0F5001FED
:107A700019D0B0F5800F0FD11AE0AA6DDAF8001016
:107A800021F007011143CAF80010E0E7B0F5000F3C
:107A900013D0B0F5200F10D001240FE0386840F467
:107AA0000030386009E00198002102F0CFF903E0CE
:107AB0000098002102F05AFA044694B1264628881C
:107AC000C043000530D4D5F8A800B0F1407F29D0DC
:107AD00011DCC0B1B0F1807F1AD0B0F1007F10D1BD
:107AE0001BE0D5F8A420D8F8001021F46001114360
:107AF000C8F80010E3E7B0F1806F13D0B0F1A06FC9
:107B000010D001240FE0386840F40030386009E0FC
:107B10000198002102F09AF903E00098002102F098
:107B200025FA044694B126462868DFF878B2C043A7
:107B30000BF1200B80011FD4E86CD8B110280FD0B6
:107B4000202812D0302815D0012414E0D5F8A82020
:107B5000D8F8001021F0E0611143C8F80010E3E705
:107B6000386840F40030386004E00198022102F0E7
:107B70006DF9044674B126462888C043C0042BD44E
:107B8000E86DB0F5005F20D00DDCA0B1B0F5805FEE
:107B90000FD115E0EA6CDBF8001021F03001114341
:107BA000CBF80010E8E7B0F5405F13D0B0F5804F98
:107BB00010D001240FE0386840F40030386009E04C
:107BC0000198002102F042F903E00098002102F040
:107BD000CDF904468CB126462888C043800429D4B8
:107BE000286EB0F5403F23D010DC08B3B0F5803FDD
:107BF00014D0B0F5003F0FD115E0EA6DDAF80010AF
:107C000021F4E0411143CAF80010E5E7B0F5802FF8
:107C10000ED0B0F5A02F0BD001240AE0019801216D
:107C200002F014F903E00098012102F09FF90446E4
:107C300094B126462888C04340042AD4D5F8AC0025
:107C4000B0F1405F23D010DC08B3B0F1805F14D0F6
:107C5000B0F1005F0FD115E02A6EDAF8001021F4C0
:107C6000E0211143CAF80010E4E7B0F1804F0ED0D4
:107C7000B0F1A04F0BD001240AE00198012102F0DD
:107C8000E5F803E00098012102F070F9044674B1B0
:107C900026462888C04300041FD4E86ED8B1B0F14E
:107CA000805F0ED0B0F1005F10D0012414E0D5F851
:107CB000AC20D8F8001021F0E0411143C8F80010C2
:107CC000E7E7386840F40030386004E001980121AB
:107CD00002F0BCF8044674B126462868C043C001CF
:107CE0001ED4A86CD0B101280ED0022811D00328D0
:107CF00014D0012413E0EA6EDAF8001021F04051AC
:107D00001143CAF80010E8E7386840F400303860E2
:107D100004E00198022102F099F804466CB126466D
:107D20002868C043400255D41F48016841F480715F
:107D30000160FEF77FFC81460EE0AA6CDBF80010C4
:107D400021F003011143CBF80010E9E7FEF772FCC4
:107D5000A0EB090064283BD813480068C005F5D59E
:107D6000BCBBDFF84090B5F8B01009F14409D9F870
:107D7000000001F4407100F44070884211D0D9F83D
:107D80000010D9F8002021F4407142F48032C9F883
:107D90000020D9F8002022F48032C9F80020C9F868
:107DA000001003E02C44025800480258D5F8B000F7
:107DB000B0F5807F19D1FEF73DFC029011E000BFC5
:107DC000FEF738FC0299411A41F28830814208D905
:107DD000032426462878DFF81494C043C00721D036
:107DE0003CE0D9F800008007EAD5D5F8B010C1F31F
:107DF00001200328FE480DD0016821F47C51016068
:107E0000B5F8B020D9F80010C2F30B021143C9F83D
:107E10000010DFE7F74A036802EA111223F47C51ED
:107E20001143ECE7A86F182816D005DCA0B108288C
:107E300008D0102804D10AE020280DD028280BD023
:107E400001240AE00198012102F000F803E0009803
:107E5000012102F08BF8044664B126462878C0431D
:107E600080071ED4686F062819D2DFE800F0160CD0
:107E700011161616AA6FD9F8001021F03801114317
:107E8000C9F80010EAE70198012101F0DFFF03E0E3
:107E90000098012102F06AF804467CB100E0012458
:107EA00026462878C04340071FD4D5F890000628FE
:107EB00019D2DFE800F0160C111616166A6FD9F801
:107EC000001021F007011143C9F80010E9E70198FB
:107ED000012101F0BBFF03E00098012102F046F808
:107EE0000446A4B100E0012426462878C043800659
:107EF0002BD4D5F88C00B0F1405F24D011DC10B346
:107F0000B0F1805F15D0B0F1005F10D116E0D5F868
:107F10009020D8F8001021F007011143C8F8001094
:107F2000E3E7B0F1804F0ED0B0F1A04F0BD00124A9
:107F30000AE00198002101F089FF03E00098022186
:107F400002F014F8044694B126462878C04340064F
:107F50002BD4D5F89800B0F5406F24D011DC10B3C5
:107F6000B0F5806F15D0B0F5006F10D116E0D5F8E0
:107F70008C20D9F8001021F0E0411143C9F800101D
:107F8000E3E7B0F5805F0ED0B0F5A05F0BD0012421
:107F90000AE00198002101F059FF03E00098022156
:107FA00001F0E4FF044694B126462878C043000659
:107FB0002BD4D5F89C00B0F5C04F24D011DC10B301
:107FC000B0F5005F15D0B0F5804F10D116E0D5F8B0
:107FD0009820D8F8001021F4E0511143C8F800109F
:107FE000E3E7B0F5004F0ED0B0F5204F0BD00124E1
:107FF0000AE00198002101F029FF03E00098022126
:1080000001F0B4FF044654B126462878C043000767
:108010001ED4D5F88000B0F5805F0AD00FE0D5F807
:108020009C20D8F8001021F460411143C8F80010DA
:10803000EBE70098022101F099FF00B10126D5F885
:108040008020D9F8001021F440511143C9F80010E4
:108050002878C043C00613D4D5F89400B0F5807FCB
:1080600005D10098022101F081FF00B10126D5F869
:108070009420D8F8001021F440711143C8F8001082
:108080002868C043000316D4D5F8A00038B1B0F575
:10809000803F09D0B0F5003F0BD001240AE00198E1
:1080A000002101F0D3FE03E00098022101F05EFF01
:1080B00004468CB126462868C043400322D4D5F834
:1080C0008400B0F5801F11D0B0F5001F13D0B0F5BB
:1080D000401F15D0012414E0D5F8A020D8F80010D6
:1080E00021F440311143C8F80010E4E7386840F447
:1080F0000030386004E00098012101F037FF0446A9
:108100005CB126462868C043C0031CD4286D70B1FA
:10811000B0F5803F10D0012414E0D5F88420D9F8C0
:10812000001021F440111143C9F80010EAE7386843
:1081300040F40030386004E00198022101F086FE2E
:108140000446DCB126462868C043800005D4009868
:10815000022101F00BFF00B101262868C043800313
:108160001BD4E86FB8B1B0F5807F10D0B0F5007FB8
:1081700011D0B0F5407F0ED001240DE02A6DDBF860
:10818000001021F480311143CBF80010DBE7386890
:1081900040F4003038607CB326462868C043C002F3
:1081A00007D42A6FDAF8001021F000411143CAF811
:1081B00000102868C043800207D4AA6EDAF80010C5
:1081C00021F080711143CAF800102868C0434000B4
:1081D00009D40748016821F4004101600168D5F81D
:1081E000B420114301602868C04306E0544402589B
:1081F00010440258CFFFFF001DE007D46A6DDBF882
:10820000001021F040511143CBF800102868C04302
:10821000000208D4D5F88820D9F8001021F44001D4
:108220001143C9F8001028790024C04300F0010070
:10823000204309D00EE0EA6FD9F8001021F4407114
:108240001143C9F80010A8E70198002101F0FEFDD4
:1082500000B106462879C04300F00200204305D152
:108260000198012101F0F2FD00B106462879C043D2
:1082700000F00400204305D10198022101F0E6FD41
:1082800000B106462879C04300F00800204305D11C
:108290000098002101F06AFE00B106462879C0432B
:1082A00000F01000204305D10098012101F05EFE8E
:1082B00000B106462879C04300F02000044304D1F1
:1082C0000098022101F052FE00B916B10120BDE86C
:1082D000FE8F0020FBE700002DE9F05F04000F4651
:1082E0007ED0DFF83882D8F8000000F00F00B842E6
:1082F0000CD2D8F8001021F00F013943C8F8001053
:10830000D8F8000000F00F00B84269D12078844D01
:1083100040070AD52069296801F07001884204D914
:10832000296821F070010143296020787C4E361DB8
:1083300000070AD56069316801F07001884204D9EC
:10834000316821F07001014331602078C0060AD500
:10835000A069316801F4E061884204D9316821F4F0
:10836000E061014331602078DFF8B4B180060BF1A1
:10837000080B0CD5E1695846DBF8002002F07002CA
:10838000914204D9026822F070020A430260207808
:1083900080070AD5E068296801F00F01884204D9F6
:1083A000296821F00F01014329602078C0073ED0E1
:1083B0005B49A2682868183920F47060104328606F
:1083C0006068022818D0032819D00968012819D03C
:1083D000490700294ADADFF848A1AAF1080A00E0B3
:1083E00044E0DAF8002022F007020243CAF8002035
:1083F000FEF720F9814612E009688903E9E7096878
:108400008901E6E7C905E4E7FEF714F9A0EB0901E5
:1084100041F28830814202D90320BDE8F09F6168B3
:10842000DAF8000000F03800B0EBC10FECD1207892
:1084300080070AD5E068296801F00F01884204D25C
:10844000296821F00F0101432960D8F80010404647
:1084500001F00F01B9420BD9016821F00F01394336
:108460000160006800F00F00B84201D00120D4E79D
:10847000207840070AD52069296801F070018842F8
:1084800004D2296821F07001014329602078000797
:108490000AD56069316801F07001884204D2316800
:1084A00021F07001014331602078C0060AD5A0692F
:1084B000316801F4E061884204D2316821F4E0615E
:1084C00001433160207880060CD5E1695846DBF81D
:1084D000002002F07002914204D2026822F0700281
:1084E0000A43026000F09AF80E492A682B68C2F32A
:1084F000032203F00F038A5CC95C02F01F0201F043
:108500001F01D040084A20FA01F1116007490860B4
:1085100007480068BDE8F05FFEF7DAB800200052B7
:1085200018440258B0EE0208B4000124B00001243F
:10853000A800012470B5144C3F220260124A24683E
:108540000832131D114D04F00704446016681C1D09
:1085500006F470668660166806F00F06C66012683C
:1085600002F0700202611A6802F0700242611A6839
:1085700002F4E0628261226802F07002C26128683F
:1085800000F00F00086070BD104402580020005237
:1085900030B500F043F80B4A0B490C4B15681468D2
:1085A000C5F3032204F00F048A5C095D02F01F0288
:1085B00001F01F01D040064A20FA01F11960106055
:1085C000084630BD18440258B0EE0208B400012439
:1085D000B000012400B5FFF7DBFF05490968054A33
:1085E000C1F30211515C01F01F01C84000BD000041
:1085F0001C440258B0EE020800B5FFF7C9FF054958
:108600000968054AC1F30221515C01F01F01C8400D
:1086100000BD00001C440258B0EE0208454970B588
:1086200045480968434B103B11F0380208D001114E
:10863000082A03D0102A0BD0182A0BD0084670BD88
:1086400019688906FBD51968C1F3C101C84070BD1E
:108650003A4870BD3749374D18310C1D24350A682A
:10866000096826682D6802F0030406F00102C1F3D0
:108670000511C5F3CC0515FB02F200EE102AB8EE89
:10868000400AE9B32F4ADFED2E0AB7EE001A6CB1AB
:10869000DFED2D1A012C01D0022C43D002EE101A6E
:1086A0001068F8EE422A81EEA22A1EE01C68A40699
:1086B00011D51B6801EE901A1168C3F3C103F8EEDF
:1086C000612AD84001EE900AC1F30800F8EE611A61
:1086D00081EEA22A0BE001EE901ADFED1C2A00BF0A
:1086E000F8EE611A106882EEA12AC0F3080001EECC
:1086F000900AF8EE611A40EE201A31EE810A00E08D
:1087000015E022EE000A1068C0F34620401C00EE7F
:10871000900AF8EE600A80EE201ABCEEC10A10EE54
:10872000100A70BD01EE901ADFED092AD8E700208B
:1087300070BD0000104402580090D00300366E0156
:1087400000000039304402580024744A0024744C5C
:10875000001BB74B2DE9F05F04007DD0FF4F207860
:10876000FE4D1837DFF8F483103DC00748D0D8F825
:108770000000396800F03800102815D0182803D1FF
:1087800001F0030002280FD06068B0F5803F12D0DE
:1087900010B1B0F5A02F18D0286820F480302860E0
:1087A000286820F4802009E02868800328D56068C4
:1087B0000028D2D024E0286840F480302860606827
:1087C00088B1FDF737FF064609E0286840F48020AD
:1087D0002860F0E7FDF72EFF801B64287ED828680C
:1087E0008003F7D50CE0FDF725FF064605E000BF46
:1087F000FDF720FF801B6428F0D828688003F7D499
:108800002078800756D5D8F80000DFF850933968F3
:1088100010F03800A9F10C090ED0182801D18807F2
:108820000AD0E068A8B3296821F019010143296042
:10883000FDF700FF064628E02868400702D5E068FB
:1088400000288AD0E168286820F0190008432860D1
:10885000FDF7F0FE064606E0D2E000BFFDF7EAFEB7
:10886000801B0228BAD828684007F7D5217CD9F8A0
:10887000002022F0FE4242EA0161C9F8001019E02E
:10888000FDF7D8FE801B0228A8D828684007F7D536
:10889000ECE7FFE7286820F001002860FDF7CAFE3A
:1088A000064604E0FDF7C6FE801B022896D828681D
:1088B0004007F7D42078C00646D5D8F80000DFF886
:1088C0009C92396800F03800A9F10409082812D0F8
:1088D000182805D101F00300012800E0CEE00AD0FD
:1088E000E0690028286820D040F080002860FDF76B
:1088F000A1FE064615E02868C00502D5E06980287B
:108900007ED194F82010D9F8002022F07C5242EA5F
:108910000161C9F8001017E0FDF78CFE801B0228EA
:10892000A0D82868C005F7D5EBE720F080002860C4
:10893000FDF780FE064604E0FDF77CFE801B022862
:1089400090D82868C005F7D42078000729D5834837
:108950006169643000298146016811D041F001014C
:108960000160FDF767FE064605E000BFFDF762FE09
:10897000801B022888D8D9F800008007F6D510E0BF
:1089800021F001010160FDF755FE064605E000BF3C
:10899000FDF750FE801B022870D8D9F80000800730
:1089A000F6D42078800623D5A0690028286810D046
:1089B00040F480502860FDF73DFE064605E000BF0C
:1089C000FDF738FE801B022858D828688004F7D5A8
:1089D0000EE020F480502860FDF72CFE064604E0EF
:1089E000FDF728FE801B022848D828688004F7D4A9
:1089F0002078400751D5DFF86891D9F8001000E0E1
:108A000015E141F48071C9F80010FDF713FE064628
:108A100005E000BFFDF70EFE801B64282ED8D9F8B4
:108A20000000C005F6D54D4EA068603601280AD07A
:108A300008B1052813D0306820F00100306030689C
:108A400020F0040002E0306840F001003060A068CF
:108A500041F2883A98B1FDF7EDFD81460AE03068B1
:108A600040F004003060EEE7FDF7E4FDA0EB090103
:108A7000514503D830688007F6D50EE072E0FDF767
:108A8000D9FD814606E000BFFDF7D4FDA0EB09014A
:108A9000514567D830688007F6D4606A00287CD0DA
:108AA000DFF8B8A0D8F800100AF1200A4FF6F87BDA
:108AB0000AF10408C1F3C2010329AAF104096DD027
:108AC0000228286820F08070286003D0FDF7B2FDEE
:108AD000044681E0FDF7AEFD064604E0FDF7AAFD81
:108AE000801B022875D828688001F7D4E26A40F21A
:108AF000F331386854F8283F884340EA021018439D
:108B00003860217B4FF4FE0C22894FF0FE47208A0B
:108B10004902267D521E401EA1F5007189B2C2F3A2
:108B200008021143761E0CEA00400143484607EA5A
:108B300006621143CAF80010D9F8001021F00101B3
:108B4000C9F80010D8F80030266A23EA0B0343EA7C
:108B5000C601C8F80010D9F8001004E0104402580B
:108B60000048025835E0A26921F00C011143C9F810
:108B700000100168E26921F00201114301600168FF
:108B800041F480310160016841F400310160016805
:108B900041F480210160016801E06CE020E041F0D7
:108BA00001010160286840F080702860FDF742FDF7
:108BB000044604E0FDF73EFD001B022809D82868A2
:108BC0008001F7D557E000BFFDF734FD001B0228F8
:108BD00002D90320BDE8F09F28688001F4D44AE060
:108BE00039680128DAF8000021D0A26A01F00303F5
:108BF00093421CD1E26AC1F305118A4217D1216B5D
:108C0000C0F30802491E8A4211D1616BC0F34622AB
:108C1000491E91420BD1A16BC0F30642491E9142FD
:108C200005D1E16BC0F30660491E814201D00120ED
:108C3000D0E7A16C4646D8F80000C0F3CC008142D2
:108C400019D0D9F800004D4620F00100C9F8000005
:108C5000FDF7F0FC4FEA0007FDF7ECFCB842FBD053
:108C6000A26C306820EA0B0040EAC200306028683D
:108C700040F0010028600020ACE700000F4910B56B
:108C800088421AD10E4C617991B10E49002262716D
:108C9000CA6A521CCA62D0F884000863FDF7CAFC95
:108CA000024608486169BDE81040503813F0C0BC66
:108CB00004485038416B491C416310BDB89C0224E4
:108CC000D4010124089E02242DE9F04104460068E5
:108CD000002102694369876894F8816002EA03050C
:108CE0005FEA035C0AD5120708D5816941F4006187
:108CF0008161204600F0B6F9BDE8F08115F0600F03
:108D000008D1680706D5616F20468847216F204645
:108D10008847012105F04100012805D1680703D4E7
:108D2000216F20468847012105F02200022806D144
:108D3000680704D4616F2046BDE8F0410847002968
:108D4000DAD128074FF0010859D52068816941F030
:108D5000080181612068816941F01001816120680A
:108D6000816941F4006181612068016921F0080195
:108D700001612068806810F4404F1ED021E0E06857
:108D80000F2806D92068616E006B0860606E001DB8
:108D90000DE0616E0728206804D9008E0880606E9F
:108DA000801C04E090F830000870606E401C606623
:108DB000B4F86A00401EA4F86A00B4F86A000028FB
:108DC000DDD1204601F064F984F88180D4F8840074
:108DD00018B12046FFF752FF8EE7052E07D0042E6C
:108DE00009D0032E88D1204600F016FB84E72046E8
:108DF00000F031FB80E7204600F033F97CE715F402
:108E0000587FE9D068060AD5D4F8840040F0040001
:108E1000C4F884002068816941F040018161A8059F
:108E20000AD5D4F8840040F00100C4F8840020681A
:108E3000816941F400718161E8050AD5D4F88400A4
:108E400040F00800C4F884002068816941F4807112
:108E50008161A8060AD5D4F8840040F08000C4F8E7
:108E600084002068816941F020018161D4F8840088
:108E70000028B1D0206840F26B32C7F3813103681B
:108E8000032923F0010101602068016921EA020140
:108E9000016102D084F881809BE72068104D8168D1
:108EA00021F440418160E06F50B10565E06FFBF750
:108EB0004FFC28B1D4F8840040F04000C4F884008E
:108EC000A06F002888D00565A06FFBF741FC002843
:108ED0008CD0D4F8840040F04000C4F884000BE744
:108EE0004DA100082DE9F047040029D0594A4FF060
:108EF00000092068584B594D9042C4F8289006D07C
:108F0000984204D0A84202D0E1680F2918D8E1683D
:108F10004FF0010AE76B0831C9080AEB5716714395
:108F2000904205D0984203D0A84201D0082907D822
:108F3000904203D0984201D0A84204D1102902D90E
:108F40000120BDE8F08794F8810020B9204684F81C
:108F5000809000F085F8022084F881002068016884
:108F600021F0010101602068A1698268B1F1806F80
:108F700002F4F81110D16268B2F5800F01D01AB175
:108F80000AE0A26B22B107E0A26BB2F1805F03D1CD
:108F9000026842F4805202606068400209D5E068CD
:108FA000072806D32068236D026822F480721A43D2
:108FB00003E02068026822F480720260A66AE06919
:108FC000E26B25683043E3680A4310431843A86006
:108FD000D4E90D02D4E90581636A25691843D4F800
:108FE00020C00A43266810432843A56DD4E90172C6
:108FF000D4E9123140EA080040EA0C003843084343
:10900000104318432843F060606868B9206881689D
:1090100021F4C05141F4006181602068816821F42D
:10902000C06141F4806181602068016D21F001011F
:1090300001656068400206D52068626DC16821F054
:1090400000411143C160C4F8849084F881A00020DD
:1090500077E700000030014000380040003C00404D
:109060007047704770472DE9F84F994617468A4672
:109070000446FDF7DFFA064694F88100012839D14D
:10908000BAF1000F7CD0002FFCD094F880000128AA
:1090900030D0A26800254FF0010884F880800321B9
:1090A00084F88110C4F88450C4F85CA06566A4F804
:1090B0006850656725672C34B2F5C02FA786E78610
:1090C000E58754F82C0D18D0C16821F4C02141F473
:1090D0000031C160206841686FF30F01394341607E
:1090E0002068016841F0010101606068B0F5800FFF
:1090F00008D00CE00220BDE8F88F016841F400615F
:109100000160E7E72068016841F400710160E068F0
:109110000F281CD820E02068416989070BD5E16D34
:1091200009680162E06D001DE065B4F86200401E50
:10913000A4F862000BE0FDF77DFA811B494503D3DB
:10914000B9F1FF3F03D09BE0B9F1000F31D0B4F883
:1091500062000028DFD177E007282ED870E0206871
:10916000416989071DD5B4F8621001290DD9E16B59
:1091700059B1E16D09680162E06D001DE06500E034
:109180007CE0B4F86200801E08E0E16D098801848B
:10919000E06D801CE065B4F86200401EA4F8620037
:1091A0000BE0FDF747FA811B494503D3B9F1FF3FB7
:1091B00003D065E0B9F1000F62D0B4F86200002876
:1091C000CDD141E02068416989072DD5B4F86210FE
:1091D00003290CD9E16B402909D9E16D09680162C5
:1091E000E06D001DE065B4F86200001F19E0B4F8FE
:1091F000621001290BD9E16B49B1E16D0988018445
:10920000E06D801CE065B4F86200801E09E0E16D4D
:10921000097880F82010E06D401CE065B4F8620029
:10922000401EA4F862000BE0FDF704FA811B4945DB
:1092300003D3B9F1FF3F03D022E0B9F1000F1FD0F3
:10924000B4F862000028BDD100224B460821204618
:10925000009600F0B7FF28B1D4F8840040F0200059
:10926000C4F88400204600F013FF84F88180D4F80D
:10927000840084F8805000283FF43DAF01203AE795
:10928000204600F005FFD4F8841084F8805041F4A3
:109290008071C4F8841084F8818003202BE70000DB
:1092A0002DE9F041044690F88100164601283DD191
:1092B00000293AD0002E7FD094F88000012835D0C4
:1092C000A2680025012784F88070032084F88100BB
:1092D000C4F88450656665672567E165A4F8685041
:1092E0002C34B2F5C02FA686E686E58754F82C0DFF
:1092F0001FD0C16821F4C02141F40031C0F80C1026
:10930000E1684FF480420F2903D9A06F8069904231
:1093100009D1A06F07294FF400530FD980699842F3
:109320001DD090421BD084F8805045E00220BDE85B
:10933000F081016841F400610160E1E781699942CF
:1093400005D1B4F86210491C4908A4F8621080697C
:1093500090420ED1B4F86200C01C800807E00F29CB
:1093600007D8904205D1B4F86200401C4008A4F828
:109370006200A06F25490164A16F2548C863A16FF1
:109380002448C864A06F05652068816821F4004105
:109390008160B4F862302268E16DA06F2032FCF782
:1093A0006DF858B1D4F8840084F8805040F0100073
:1093B000C4F8840084F881700120B8E7A06FC06908
:1093C000B0F5807F206841686FF30F0100D0314312
:1093D00041602068816841F4004181602068016932
:1093E00041F4487101612068016841F001010160A8
:1093F0006068B0F5800F04D12068016841F4007105
:109400000160002084F8805091E7000093A10008DB
:109410009DA1000867A100080B4910B5884211D131
:109420000A4C207950B100202071FDF703F96169E1
:109430000246BDE81040064813F0E5B80448416B09
:10944000491C416310BD0000B89C0224D4010124D2
:10945000B89D02247047704770477047704710B539
:10946000040003D094F83D0010B107E0012010BDC6
:10947000002084F83C00204600F022F8022084F806
:109480003D002068211D01F0A9F9012084F8480061
:1094900084F83E0084F83F0084F8400084F84100DE
:1094A00084F8420084F8430084F8440084F84500BE
:1094B00084F8460084F8470084F83D00002010BD81
:1094C0007047000090F83D10012901D0012070473D
:1094D0001A4A022180F83D100168CB6843F001036D
:1094E000CB60006890421AD0B0F1804F17D0144979
:1094F000884214D01349884211D0134988420ED0B3
:10950000124988420BD01249884208D0114988423A
:1095100005D01149884202D01049884207D181689C
:109520000F4A1140062906D0B1F5803F03D00168EB
:1095300041F001010160002070470000000001407F
:109540000004004000080040000C004000040140FE
:10955000001800400040014000E0004000E40040EE
:109560000700010070472DE9F0410446006800271C
:10957000C6680569A90713D5B10711D5FA1E02619E
:1095800001212177206880698007204602D0FFF7FB
:10959000E9FF04E000F08BF8204600F089F8277717
:1095A000680716D5700714D5226802206FF00401F1
:1095B000116120772068806910F4407F204602D036
:1095C000FFF7D0FF04E000F072F8204600F070F8DA
:1095D0002777280715D5300713D5226804206FF0A8
:1095E0000801116120772068C0698007204602D0F9
:1095F000FFF7B8FF04E000F05AF8204600F058F8F2
:109600002777E80616D5F00614D5226808206FF0F3
:109610001001116120772068C06910F4407F204656
:1096200002D0FFF79FFF04E000F041F8204600F071
:109630003FF82777E80708D0F00706D021686FF0D9
:1096400001000861204600F035F8280601D4A8047E
:1096500008D5300606D521686FF40250086120460F
:10966000FFF7FBFEE80508D5300606D521686FF444
:10967000807008612046FFF7EFFE680608D5700687
:1096800006D521686FF040000861204600F01CF804
:10969000A8060AD5B00608D521686FF02000086139
:1096A0002046BDE8F041FFF7D9BEBDE8F081704724
:1096B0007047000000680349884201D1FCF7D2BF1F
:1096C0007047000000E000407047FEE7F0B500235F
:1096D0000A251C463026372711E000BFB5EB107F66
:1096E00002D906EB107C01E007EB107C01F813C0F7
:1096F00001EB430C00015B1C8CF80140DBB2934290
:10970000ECD3F0BD00EB8100006E00F0F840704734
:109710008068C0F3C00070478068C0F38000704765
:109720008068C0F380007047C06810F4406F01D0BB
:10973000002070470120704710B5042404EAD1547A
:109740000723C1F3045120448B408A404169994367
:109750001143416110BD000000EB8101034B51F842
:10976000600F20F00040104308607047006002580E
:109770002DE9F0411A480021184F012400F1140886
:109780004FF03B0C14268160022507600D27C16055
:109790000823047404224174847488E85010C0E9DA
:1097A0000864C0E90A5707248463C0E90F23C0E9AD
:1097B0001123C0E90C51C0E91325C0E91523C36585
:1097C0000366C0E91912FCF739FB002803D0BDE895
:1097D000F041F9F752BFBDE8F081000000A0004061
:1097E000C87101241C4801232DE9F041194D0024C2
:1097F00084604FF0140C05603B25C46000F1240820
:109800000374022644740D278374042143610822E3
:10981000C0E906C5C0F820C040F2064588E8C80087
:109820008163C0E90C350323C0E90F12C0E91112AE
:10983000C0E91313C0E91512C2650266C0E91941F7
:10984000FCF7FCFA002803D0BDE8F041F9F715BF9A
:10985000BDE8F08100A40040687201241B4800228A
:109860002DE9F041184F00F11408826001250760CE
:109870001426C2603B2702740224427404218274BD
:10988000082388E8E000066240F61206C0E90954A1
:10989000C0E90D61C0E90F13C0E911134FF00D0CC1
:1098A000C0E90BC4C0E91314C0E91513C36503660E
:1098B000C0E91921FCF7C2FA002803D0BDE8F04145
:1098C000F9F7DBBEBDE8F08100D400400873012445
:1098D00010B55649B2B0564807F022FE55495648D1
:1098E0000B68002243F080730B604260016841F016
:1098F0000101016051491C226846F7F797F90021E0
:1099000068461DF0DEF84E4C1C224C491C3160614B
:1099100007A8F7F78BF9002107A81DF0D2F84749EF
:109920001C22A0610EA83831F7F780F900210EA89B
:109930001DF0C7F841491C22E06115A85431F7F722
:1099400075F9002115A81DF0BCF83C491C222062C5
:109950001CA87031F7F76AF900211CA81DF0B1F8B6
:1099600036491C22606223A88C31F7F75FF9002189
:1099700023A81DF0A6F831491C22A0622AA8A8310C
:10998000F7F754F900212AA81DF09BF8606090B108
:109990006069C0B1A069F0B1E06920B3206A50B33A
:1099A000606A80B3A06A78B3264A2749274823F023
:1099B000FDF932B010BD502080F31188BFF34F8FF6
:1099C000BFF36F8FFEE7502080F31188BFF34F8FF6
:1099D000BFF36F8FFEE7502080F31188BFF34F8FE6
:1099E000BFF36F8FFEE7502080F31188BFF34F8FD6
:1099F000BFF36F8FFEE7502080F31188BFF34F8FC6
:109A0000BFF36F8FFEE700E007E0502080F311887E
:109A1000BFF34F8FBFF36F8FFEE7502080F31188A5
:109A2000BFF34F8FBFF36F8FFEE700007F36000854
:109A300077360008FCED00E0001000E06CED020855
:109A4000000001241D9C0008E99B0008B59B00084C
:109A50002DE9F04786B014216846F7F743F93A48F4
:109A6000016841F080010160016801F08001059109
:109A7000016841F008010160016801F008010591E9
:109A8000016841F001010160016801F001010591E7
:109A9000016841F002010160016801F002010591D5
:109AA000016841F01001016000680122DFF89C802C
:109AB000D50300F01000294605904046FCF7B4FDA0
:109AC000DFF88C904FF44066002231464846FCF7A0
:109AD000ABFDDFF880A06F11002239465046FCF73D
:109AE000A3FD002469460120CDE90104404600950C
:109AF0000394FCF78BFC694648460096FCF786FC0D
:109B0000694650460097FCF781FC0321124E202045
:109B1000CDE9000169463046FCF778FC082069462B
:109B200000904846FCF772FC802069460090504641
:109B3000FCF76CFCCDE90054694630460294FCF712
:109B400065FC06B0BDE8F087E044025800100258FA
:109B500000040258000C025800000258104901226B
:109B6000104810B501F0E0FA08B1F9F786FD0E498A
:109B70000C4801F0F8FC08B1F9F77FFD0B490948E2
:109B800001F06CF808B1F9F778FD064801F070FDB6
:109B900008B1F9F772FDBDE81040FDF7AFBB00005A
:109BA00030000124F47301249C010124900001245D
:109BB000FEE7FEE70A48002108B500918069002809
:109BC0000DD0694624F00EFB0098002807D0054907
:109BD0004FF080500860BFF34F8FBFF36F8F08BD09
:109BE0000000012404ED00E00A48002108B50091BE
:109BF000C06900280DD0694624F0F4FA00980028C6
:109C000007D005494FF080500860BFF34F8FBFF376
:109C10006F8F08BD0000012404ED00E00A48002118
:109C200008B50091006A00280DD0694624F0DAFAE0
:109C30000098002807D005494FF080500860BFF316
:109C40004F8FBFF36F8F08BD0000012404ED00E0CB
:109C50000148FCF74DBF0000F08A01242DE9F041D6
:109C6000044680790D462027236801284FF40046DA
:109C700004F29C4203EB4511D3F840C0D1F8080B25
:109C800009D0DFF89CE0F4453AD1020433D500BF97
:109C9000C1F8086B40E0234B5FEA007E04D59C4589
:109CA0003AD90004F4D437E05FEA806E02D5C1F8F7
:109CB000087B31E010F0280F2ED19C4501D900041B
:109CC000E6D4D1F8101B05EBC50004EB8000C1F30E
:109CD0001201D0F87432A3EB0101C0F8681200F54C
:109CE0001570ADB903691BB1C2681144C1600FE0C2
:109CF000206801210AE080060AD5C1F8087B07E048
:109D000035B9D4F8640218B90021184602F030F8C9
:109D10002046E9B2FCF7D7FD0020BDE8F081000045
:109D20000A31544F0A30544F2DE9F84F0E4605685A
:109D3000814601EBC60100EB8104D4E9092014340B
:109D4000904202D90120BDE8F88FA168101A814223
:109D500000D20846C01C05EB461887081BE000BF70
:109D6000A268A0EB010A524500D2924699F806106B
:109D70000AF1030000911FFA8AF3E1688708284678
:109D8000F2B202F035FBE16801EB0A00E0606169C4
:109D900001EB0A006061D8F8180980B2B84205D317
:109DA000D4E90401814201D20028D9D1D4E90401C7
:109DB000884208D8D5F83418012006F00F029040E8
:109DC0008143C5F834180020BDE7000070B50600D7
:109DD00001D000241EE0502080F31188BFF34F8F84
:109DE000BFF36F8FFEE700BF04EB440000EBC4102D
:109DF00006EB800524F0E8F895F80A02C8B1B5F83A
:109E00000812012828461AD022F0EEFF24F0FCF8B0
:109E1000641CE4B296F81804A042E5D80A48006A27
:109E200000280FD00023BDE870400222194624F01C
:109E30003FBCB5F80812284622F0C6FFE6E722F03C
:109E4000CBFFE3E770BD0000000001242DE9F047DF
:109E5000454D044689464FF0000A2868C0438007F4
:109E60000AD0414E283E306820F080603060FCF718
:109E7000E1FB0746B04608E00120BDE8F08700BFDF
:109E8000FCF7D8FBC01B022867D8D8F800000001F7
:109E9000F6D4206829684FF4FE0721F47C313E0295
:109EA00041EA00302860207AA389B4F804C0400257
:109EB0002D4D2D495B1E227CACF1010C1035091D86
:109EC000A0F5007080B2521ECCF3080C07EA0343E1
:109ED00040EA0C00184306EA026210432860086852
:109EE000626920F0C000104308600A68A06922F08F
:109EF000200202430A60281D0A6822F010020A604C
:109F000002684FF6F873E4699A4342EAC4020260B9
:109F10000868B9F1000F40F010020A6011D008681B
:109F2000B9F1010F11D040F400100860D8F800001A
:109F3000444640F08060C8F80000FCF77BFB054613
:109F40000DE0086840F40020EFE740F48010ECE7F3
:109F5000FCF770FB401B022801D903208DE7206825
:109F60000001F5D5504688E7284402582DE9F0470E
:109F7000454D044689464FF0000A2868C0438007D3
:109F80000AD0414E283E306820F080503060FCF707
:109F900051FB0746B04608E00120BDE8F08700BF4E
:109FA000FCF748FBC01B022867D8D8F800008000E7
:109FB000F6D4208829684FF4FE0721F07C713E0218
:109FC00041EA00502860207AA389B4F804C0400216
:109FD0002D4D2D495B1E227CACF1010C1835091D5D
:109FE000A0F5007080B2521ECCF3080C07EA0343C0
:109FF00040EA0C00184306EA026210432860086831
:10A00000626920F44060104308600A68A06922F485
:10A01000007202430A60281D0A6822F480720A60F6
:10A0200002684FF6F873E4699A4342EAC402026098
:10A030000868B9F1000F40F480720A6011D0086816
:10A04000B9F1010F11D040F080700860D8F800001D
:10A05000444640F08050C8F80000FCF7EBFA054693
:10A060000DE0086840F48000EFE740F40000ECE702
:10A07000FCF7E0FA401B022801D903208DE7206895
:10A080008000F5D5504688E72844025812F00EBAF1
:10A0900010B5026840F26F335169946944F00804C6
:10A0A00094610268946944F0100494610268146831
:10A0B00024F001041460026814699C43146102686E
:10A0C000936823F44043936090F88120042A0CD0D5
:10A0D0008A060AD5D0F8842042F08002C0F8842095
:10A0E0000268936943F02003936190F88120032A6A
:10A0F0000CD04A060AD5D0F8842042F00402C0F8F9
:10A1000084200268936943F0400393618A050AD56D
:10A11000D0F8842042F00102C0F8842002689369DC
:10A1200043F400739361C9050AD5D0F8841041F057
:10A130000801C0F8841001688A6942F480728A615B
:10A140000021A0F86210A0F86A1010BD10B5806B55
:10A1500000210122A0F86A10A0F8621080F8812086
:10A16000FEF78CFD10BD10B5846BFAF733FC0228A6
:10A170000ED02046FFF78CFFD4F88410012041F068
:10A180001001C4F8841084F881002046FEF776FDA3
:10A1900010BD10B5806BFFF75DF910BD10B5806B79
:10A1A00090F88110072909D0816FC969B1F5807FC6
:10A1B00005D00068016941F00801016110BDFFF799
:10A1C0002BF910BD2DE9F0411C4616460D460746F9
:10A1D000DDF818800AE000BFFCF72CFAA0EB0800BD
:10A1E000A04202D3601C01D00BE054B13868406932
:10A1F00035EA000007D00020B042EDD00020BDE8D5
:10A20000F0810320FBE70120F6E70178407841EA7E
:10A21000002070479AB024F0BDFADFF8D890DFF83C
:10A22000D8A0DFF8D880DFF8D8B01890D9F800208F
:10A23000D8F80470B2FBFAF6F8F76AFF04460D4648
:10A2400006F0B6FC60B1DBF81C0048B10023022226
:10A25000194624F02DFA03E0002015A922F0D4FCC1
:10A2600015A806F0ABFA0028F6D1684606F086FA83
:10A2700088B10721684622F0CFFC60B122462B4608
:10A2800006F0D0FB38B1DBF81C0020B1002302221D
:10A29000194624F00DFA19AB204615AA294606F0F6
:10A2A0004BF9012804D19DF8640015A922F0ACFCFB
:10A2B000072022F05BFCC6B1D8F804105846DBF842
:10A2C0000820C91BB1FBF6F1914200D981600178E9
:10A2D00039B1D0E90321791AB1FBF6F1914200D9E5
:10A2E000C160012107618BF80010042118A823F038
:10A2F00033FF9BE7B000012440420F00001000E054
:10A3000000000124DFF858804FF080560EB54FF062
:10A31000FF39002411E000BFF8F7FAFE05460F46AA
:10A3200023F052FE2A463B46684606F05DFB23F0CA
:10A330006BFE641CE4B2202C0BD2684622F010FCA9
:10A340000028E9D0202C04D20120494623F0DEFA6F
:10A35000DFE7C8F80060BFF34F8FBFF36F8FD8E718
:10A3600004ED00E028480AF077FC274C0621022083
:10A3700084F82C1684F82D0609F05AF82349203069
:10A380000863FCF757F9014604F5C86009F0C2FDFF
:10A3900011F00CFE1E48002109F0D2FC1D4D687022
:10A3A000FCF748F9C5F81000FCF744F919F022FA57
:10A3B00022F092F894F8C104B0B994F8C20498B9A4
:10A3C00094F8C30480B994F83A0668B994F83D0645
:10A3D00050B994F80A06012806D0FCF72BF919F0B9
:10A3E0000DFA08B10120A870287848B1687838B112
:10A3F00019F0AAF920B10848002109F0A1FC687001
:10A4000005201CF052FBCFE7809F022450B00224AD
:10A41000B5940108F8010124ED940108BAB024F0C4
:10A42000B9F94FF000094FF0FF3A0DF1B00BC846F3
:10A430004F46379022F036FC40491C2204465546D0
:10A4400024A8F6F7F3FB88216846F6F74BFC3C4856
:10A45000002641692C9181692D91C1692E91016A73
:10A460002F91416A3091816A31914068CDF8C800DE
:10A470005BF8260060B123F059FD694601EBC60187
:10A4800024AAA842086552F826204A6500D205464B
:10A49000761CF6B2072EEBD3A1690091E168019119
:10A4A000A16802912169039161690491E1690591B3
:10A4B000216A0691616A0791A16A0891E16A09918E
:10A4C000216B0A91616B0B91A16B0C91E16B0D916A
:10A4D000216C0E91616C0F91A16CCDE9101A12954F
:10A4E00024F00EF81390684608F06AF8A168002579
:10A4F000494500D901256069404501D945F002056B
:10A50000226CBA4201D945F00405894680461746B7
:10A510007DB1F8F7FDFD02460B46284606F0A2FA8B
:10A5200038B10748406920B100230222194624F0BF
:10A53000BFF8642137A823F00FFE7BE730EE020856
:10A5400000000124ADF5C56DFFF708FB4FF0FF36A5
:10A5500000243146012023F0D9F902E001A8FFF7D9
:10A5600035FC01A806F064F90028F7D1F8F7D0FD12
:10A5700005F00AF8002540F2012800BF0DF2246220
:10A5800041460DF58460ADF8245622F015FC070015
:10A5900002D0052F12D018E0F8F7BAFD01AF02463D
:10A5A0000DF584600B46BDF82416009706F0FEF901
:10A5B00001A8FFF70BFC641CE4B20AE001A805F057
:10A5C000F3FD10B901A8FFF701FC641C052FE4B2EC
:10A5D00001D1042CD2D3F8F79BFD01AA05F0E6FDCA
:10A5E00010B101A8FFF7F2FBF8F792FD04F0CCFFE1
:10A5F000042CADD30548002302221946C06924F07B
:10A6000057F8012023F082FDA2E70000000001249A
:10A6100008B524F0BFF8074C0090E06920B1002392
:10A620000222194624F044F80A21684623F094FDDA
:10A63000F3E70000000001240121084623F066F939
:10A6400022F0ECFBF8E70000502010B580F31188F1
:10A65000BFF34F8FBFF36F8F24F0A2F818B10449F6
:10A660004FF080500860002080F3118810BD00007A
:10A6700004ED00E030B59DB04C216846F6F732FBA2
:10A68000202113A8F6F72EFB0220FCF70DFE1F4831
:10A69000016821F4404101600168002401F4404157
:10A6A0001B9101688904FCD50220099028252122EC
:10A6B0000092C3030193012106910A900C23CDE976
:10A6C0000B050FAD062285E8190012946846CDE906
:10A6D0000D12FEF73FF808B172B6FEE740201A905F
:10A6E00008230501CDE9163013ABCDE918053F214C
:10A6F000032283E8160013A81146FDF7EDFD00289C
:10A7000001D072B6FEE71DB030BD000018480258F7
:10A710002748F0B5274A016841F4700101601068CC
:10A7200000F00F00072804D2106820F00F00C01DB1
:10A73000106021490020204C10340B681F4D43F05D
:10A7400001030B6020600B682B400B60136803F063
:10A750000F03072B04D9136823F00F03DB1D1360CD
:10A76000154C174A1834174B261D371D2060124C04
:10A77000154D28343060261D3860371D23603B1D81
:10A7800035601C1D3A60251D2E1D1860331D22608A
:10A790002860326018600A6843F2D204064B0B4D01
:10A7A00022F4802260330A6018602C60F0BD000043
:10A7B00088ED00E000200052004402587FEDF6EAE8
:10A7C00080020101000202020000FF01004000526D
:10A7D0000148FEF7C8BE0000A87301242DE9F04728
:10A7E0002D4B4FF0804A2D4D026898422C4E2D4F34
:10A7F0002D4C09D0504507D0A84205D0B04203D017
:10A80000B84201D0A04205D1D1F804C022F07002B4
:10A810004CEA0202DFF894C0DFF894809842DFF837
:10A82000949015D0504513D0A84211D0B0420FD00B
:10A83000B8420DD0A0420BD0604509D0404507D0AA
:10A84000484505D01C4DA84202D01C4DA84203D15A
:10A85000CD6822F440722A434D6922F080022A43D7
:10A86000026098428A68C2620A68826207D0A04287
:10A8700005D0604503D0404501D0484501D1096964
:10A880000163012141610169C90703D0016921F018
:10A8900001010161BDE8F0870000014000040040B3
:10A8A00000080040000C004000040140004001404E
:10A8B000004401400048014000E0004000E4004046
:10A8C0002DE9F0410C46D0F8D412D0F8C83200EB94
:10A8D0008101D1F8C01229B304F00F02002702EB66
:10A8E000820500EB8506B5694DB102EBC20203EBB0
:10A8F0008202D269B5FBF2F302FB1352A2B1C1F896
:10A900001472D0F8D42200EB8200D0F8C40203699C
:10A910002BB1D1F8080201F50471224698470020B6
:10A92000BDE8F0810320FBE7002321461A46B7610A
:10A9300000F0FBFDF3E770B50546D0F8D40205EB57
:10A940008000D0F8C04294B1284600F0C8FCC4F89A
:10A950000C02D5F8D40205EB8000D0F8C412D4F86C
:10A960000402CA6804F503719047002070BD0320FB
:10A9700070BD000070B5224D0446297800F0F0FB50
:10A980002878002600F00F0000EB800004EB800028
:10A9900086842046697800F0E3FB687800F00F00B9
:10A9A00000EB800004EB8000A0F864612046A978E9
:10A9B00000F0D6FBA87800F00F0000EB800004EB5D
:10A9C00080008684C684D4F8D40204EB8000D0F8DA
:10A9D000C01299B1D0F8C40240688047D4F8D402BC
:10A9E00004EB8000D0F8C00200F0C7FFD4F8D40216
:10A9F00004EB8000C0F8C062C4F8BC62002070BDE7
:10AA00004801012410B5D0F8D41200EB8100D0F831
:10AA1000C04284B1D0F8C41259B194F80002FF28A2
:10AA200007D08B68214694F801229847FF2084F8CC
:10AA30000002002010BD032010BD00000A2101808B
:10AA4000004870474C01012470B5822106460D482C
:10AA500000F092FA012105460A4800F08DFA8121A2
:10AA60000446084800F088FA0DB11021A9714FF092
:10AA7000400104B1A18000B18180432030800148B1
:10AA800070BD00005801012470B5822106460D48B2
:10AA900000F072FA012105460A4800F06DFA8121A2
:10AAA0000446084800F068FA0DB11021A9714FF46E
:10AAB000007104B1A18000B1818043203080014841
:10AAC00070BD00005801012470B5822106460D4872
:10AAD00000F052FA012105460A4800F04DFA8121A2
:10AAE0000446084800F048FA0DB11021A9714FF052
:10AAF000400104B1A18000B1818043203080014831
:10AB000070BD0000580101242DE9F0474FF407758E
:10AB10000446284600F032FF06004FF0000965D0D9
:10AB20002946F6F7DFF8D4F8D40201273C4D4FF45C
:10AB3000007A4FF0100804EB8000C0F8C062C4F83F
:10AB4000BC62207CF0B3297840230222204600F02A
:10AB500036FC2878402300F00F0000EB800004EB67
:10AB60008000878402226978204600F028FC6978FA
:10AB700008230322204601F00F0101EB810104EBC1
:10AB80008101A1F86471A97801F00F0101EB810145
:10AB900004EB8101A1F82680A97800F010FCA978C7
:10ABA000C84601F00F0101EB810104EB81018F84A4
:10ABB000C6F80492D4F8D40204EB8000D0F8C402A2
:10ABC000006800E01AE006F501768047C6F81080BC
:10ABD000C6F8148032687AB1207CF8B140236978D5
:10ABE000204600F0F8FB0020BDE8F087D4F8D4122E
:10ABF00004EB8101C1F8C0920220F5E72978022216
:10AC00005346204600F0DBFB2878534600F00F0047
:10AC100000EB800004EB80008784A3E75346DEE767
:10AC20004801012410B5D0F8D41200EB8101D1F80D
:10AC3000C01259B1027C084C002AD1F8042207D076
:10AC40004023617800F0C7FB002010BD032010BD39
:10AC50004FF40073F5E700004801012439B1D0F842
:10AC6000D42200EB8200C0F8C412002070470320F9
:10AC70007047D0F8D42200EB8200D0F8C00218B19F
:10AC8000C0F804120020704703207047D0F8D43277
:10AC900000EB8300D0F8C00228B1C0F81022C0F841
:10ACA000081200207047032070472DE9FC4106463A
:10ACB000D0F8D4020C46002106EB80000D46D0F8F7
:10ACC000C0728DF80010ADF8041037B1217811F082
:10ACD00060022CD0202A48D102E00320BDE8FC818C
:10ACE000E288E2B109060BD5D0F8C4023946836880
:10ACF00060789847E288072A00D9072239462CE075
:10AD0000607887F80002E088402800D34020394668
:10AD1000C2B2304687F8012200F07FF82AE0D0F86E
:10AD2000C4020022214683686078984722E0607858
:10AD300030B101281ED00A2809D00B2815D110E007
:10AD400096F89C02032810D1022201A905E096F88A
:10AD50009C02032809D101226946304600F077F8A9
:10AD600008E096F89C02032804D02146304600F003
:10AD700049F803252846B1E710B5D0F8D41200EB06
:10AD800081020121D2F8C0221AB1D2F8143213B1D3
:10AD900016E0032010BD0B490123C2F81432D2F88B
:10ADA0001032097801F00F0404EB840400EB8404F2
:10ADB000A361D2F81032D2F8082200F0B6FB0021CD
:10ADC000084610BD4801012410B5D0F8B82200246F
:10ADD0005268904700B10324204610BD0020704700
:10ADE0000020704713460A46002110B500F0F3FA20
:10ADF000002010BD13460A46002110B500F095FB57
:10AE0000002010BD10B58021044600F06FFB2046E5
:10AE1000BDE81040002100F069BB10B5C0F8582112
:10AE20000323C0F89432C0F85C2113460A4600217F
:10AE300000F0D1FA002010BD10B50521C0F8941221
:10AE400000231A46194600F0C6FA002010BD10B5BE
:10AE500082610223C0F89432C26113460A4600217F
:10AE600000F063FB002010BD10B50421C0F894125F
:10AE700000231A46194600F058FB002010BDF8B513
:10AE800004460D460020ADF800004888010A062956
:10AE900047D006DC01290FD0022912D0032962D144
:10AEA0001DE0072946D00F295DD1D4F8B402C2694C
:10AEB00020E0694690473BE0D4F8B412207C0A6851
:10AEC000F7E7207C02260028D4F8B80205D0C16A32
:10AED000684688470146467036E0816AF8E7C0B2A6
:10AEE000062840D2DFE800F003090D111519D4F847
:10AEF000B4024268B2B3207CDBE7D4F8B4028268C3
:10AF0000F8E7D4F8B402C268F4E7D4F8B4020269EE
:10AF1000F0E7D4F8B4024269ECE7D4F8B4028269ED
:10AF2000E8E7207CF0B9D4F8B802416B684688475E
:10AF3000014609E0207CA8B9D4F8B802016B684644
:10AF40008847014607204870EA888AB1BDF80000AA
:10AF500040B1824200D902462046ADF80020FFF7FA
:10AF600076FFF8BDFFE729462046FFF74BFFF8E7DD
:10AF70002046FFF779FFF4E778B542880D4601785F
:10AF8000002604468A4212D9ADF800100AE069464C
:10AF900000F019F84178052904D181780646A942C4
:10AFA00005D000266188BDF800209142EFD83046D8
:10AFB00078BD002102E0491C401CC9B20278002A79
:10AFC000F9D1084670470A8803781A440A80017844
:10AFD0000844704770B5002816460D4620D0044638
:10AFE000FFF7E7FF02220146100202EB4101814216
:10AFF00004D82046FFF7DDFF4000801C3080337806
:10B00000032102202B700022697006E0431C2954A2
:10B01000D8B2411C641C2A54C8B221780029F5D149
:10B0200070BD01004FF0000004D0012901D00229B9
:10B0300001D00320704701207047000004A00A4699
:10B04000024910B5FFF7C6FF004810BDD0760124B5
:10B0500043444320436F6E666967000012200880F6
:10B06000004870475400012404A00A46024910B564
:10B07000FFF7B0FF004810BDD076012443444320C1
:10B08000496E746572666163650000000420088083
:10B09000004870475000012404A00A46024910B538
:10B0A000FFF798FF004810BDD076012453544D6936
:10B0B00063726F656C656374726F6E6963730000B1
:10B0C00004A00A46024910B5FFF784FF004810BDEE
:10B0D000D076012453544D33322056697274756111
:10B0E0006C20436F6D506F727400000010B51A2011
:10B0F00008800B480A490830021F09680068146874
:10B10000081809D007490822FEF7E0FA0549042289
:10B1100020461031FEF7DAFA0248801E10BD00000A
:10B1200000E8F11F7600012478B10023C0F8B8329E
:10B13000C0F8C432C0F8D03209B1C0F8B41201214D
:10B14000027080F89C1200F0CFB80320704710B551
:10B15000D0F8C802FBF7F9FBBDE81040FFF761BF6C
:10B1600010B5D0F8C802FBF7CBFBBDE81040FFF7E5
:10B1700058BF2DE9F041174604464FF0000521B1B4
:10B1800094F89C02032842D04CE0D4F8941204F1C5
:10B190001400022935D1D0E902639E4206D9F21A81
:10B1A000394682602046FFF725FE0FE0B34214D1F6
:10B1B0004068984211D3D4F8981288420DD20022E8
:10B1C00020461146FFF716FEC4F8985200231A468F
:10B1D0001946204600F0FFF813E094F89C0203287B
:10B1E00008D1D4F8B802C16821B1C4F8D452C168FA
:10B1F000204688478021204600F078F92046FFF756
:10B200001BFE94F8A00268B184F8A0520AE0D4F8BA
:10B21000B802426932B1C4F8D4524269204690471C
:10B22000002800D10020BDE8F08170B51346044627
:10B230004FF0000221B194F89C02032830D03AE08C
:10B24000D4F8941204F5AA70032934D1D0E902513C
:10B250008D420AD96A1A82600846824200D30246A9
:10B2600019462046FFF7BEFD25E094F8AA0210F02B
:10B270001F0003D0012802D0022800D0002294F839
:10B280009C02032808D1D4F8B802016921B1C4F89E
:10B29000D4220169204688472046FFF7E5FD0AE0F1
:10B2A000D4F8B802836933B1C4F8D4228269204645
:10B2B0009047002800D1002070BD0020704710B5D5
:10B2C000D0F8B812012280F89C22002429B1037919
:10B2D0004A68D9B2904700B10324204610BDD0F887
:10B2E000C802FBF75FBB000070B50178012929D1C6
:10B2F00015490925154C02230022C1F8E004C0F8C5
:10B30000C81208460C600D71CB718A714B728A723B
:10B31000CA720A738A73CA730A74FBF7BBFE08B158
:10B32000F8F7ABF908484FF40071FBF798FA0648B4
:10B3300080220021FBF797FA034801214FF4BA72EB
:10B34000FBF791FA002070BDF08A01240000044050
:10B35000D0F8C82201F07F000B0600EBC00002EB22
:10B36000800001D5807D704790F85602704710B577
:10B37000D0F8D42200EB8202D2F8B82222B190F8A1
:10B380009C32032B02D004E0032010BD126A02B1EC
:10B390009047002010BD10B5D0F8D42200EB8202F7
:10B3A000D2F8B82222B190F89C32032B02D004E0EC
:10B3B000032010BD526A02B19047002010BD10B5A5
:10B3C0001C46D0F8C80213462246FBF7F4FABDE843
:10B3D0001040FFF726BE10B5D0F8C802FBF71AFBE5
:10B3E000BDE81040FFF71DBE2DE9F04104460125E0
:10B3F0000020D4F8B812064684F89C52C4F894028F
:10B400006060C4F8A40284F8A00231B14A6822B195
:10B4100000212046904700B1032620460022402309
:10B420001146FFF7CCFF4027A4F8645100223B46A9
:10B4300080212046C4F86071FFF7C1FFA584304623
:10B440002762BDE8F08190F89C12042903D190F89E
:10B450009D1280F89C120020704710B590F89C1245
:10B46000032905D1D0F8B81211B1C96901B18847D3
:10B47000002010BD01740020704710B5D0F8C8023C
:10B48000FBF7BEFEBDE81040FFF7CBBD70B504462C
:10B4900000F2AA20054600F051F894F8AA02012310
:10B4A000B4F8B01210F01F02C4F89432C4F8981225
:10B4B0000AD0012A0ED0022A12D000F080012046C4
:10B4C000BDE8704000F012B829462046BDE8704043
:10B4D00000F0D0B829462046BDE8704000F013BA0D
:10B4E00029462046BDE8704000F05BB910B5D0F8A1
:10B4F000C802FBF7A9FABDE81040FFF792BD10B5EE
:10B50000D0F8C802FBF796FEBDE81040FFF789BDF2
:10B5100090F89C12042903D090F89C1280F89D1298
:10B52000042180F89C120020704710B5D0F8C802A2
:10B53000FBF7C3FABDE81040FFF773BD70B50546D1
:10B5400008788C1C2870487868702046FEF75DFEED
:10B55000A41C68802046FEF758FEA880A01CFEF7B9
:10B5600054FEE88070BD38B504460020ADF80000F8
:10B57000A1B1C4F8B812D4F8D40204EB8000D0F81A
:10B58000B802C16A19B168468847C4F8D002D4F835
:10B59000D802401CC4F8D802002038BD032038BDB2
:10B5A000D0F8B83202460020002B02D01B681046AB
:10B5B000184770472DE9F0412C4E04468878002545
:10B5C0008846C1B20129317006D941462046FFF7AD
:10B5D00019FC0320BDE8F08194F89C0202270228A0
:10B5E0000CD003281DD041462046FFF70BFC3178D4
:10B5F0002046FFF7E9FB03252846EBE789B3204601
:10B600006160FFF7CDFF050004D041462046FFF7FB
:10B61000F9FB1DE02046FFF727FC032084F89C027D
:10B62000EAE7C1B1606888421BD0C1B22046FFF78B
:10B63000CBFB317820466160FFF7B2FF050010D0E8
:10B6400041462046FFF7DEFB21792046FFF7BCFB91
:10B6500084F89C72D0E7616084F89C722046FFF702
:10B66000B3FB2046FFF700FCC6E7000044010124BD
:10B67000FFF745BF2DE9F0410A784FF0000512F0C1
:10B6800060020CD0202A01D0402A7DD1D0F8D422EB
:10B6900000EB8202D2F8B8229268904731E04B78F2
:10B6A000002201260A2B6FD2DFE803F041666E58B4
:10B6B0006E08056E2D29FFF7E2FB67E004468888D7
:10B6C000D8B9C888C8B94888802816D294F89C226E
:10B6D00000F07F07032A10D03946204684F89E7276
:10B6E000FFF7CBFE2046FFF7BFFB1FB1022084F817
:10B6F0009C024BE084F89C6248E0204644E0FFF75F
:10B7000059FF054642E0CB88012B3DD190F89C3291
:10B71000012B04D0022B02D0032B35D104E000F121
:10B7200008018260012216E00122011D13E090F859
:10B730009C22012A03D0022A01D0032A24D1CA88DC
:10B74000022A21D1D0F8A412C66009B10321C16038
:10B75000022200F10C01FFF77AFB17E04A88012A68
:10B7600002D0022A03D00FE0C0F8A46216E0898854
:10B77000090A80F8A01211E090F89C32012B08D041
:10B78000022B06D0032B04D0FFF73CFB2846BDE874
:10B79000F08149880129F9D1C0F8A422FFF764FBA0
:10B7A000F4E72DE9F0410A780E460979054612F0D2
:10B7B00060004FF00008CCB20BD0202801D0402808
:10B7C0006AD121462846FFF709FBFF2800D0D8B3ED
:10B7D00096E07078C8B3012824D003285CD195F88E
:10B7E0009C02022802D0032856D10CE0002C53D032
:10B7F000802C51D021462846FFF778FE802128462C
:10B80000FFF774FE7CE0708840B93CB1802C05D015
:10B81000F08818B921462846FFF768FE2846FFF74A
:10B8200023FB6DE095F89C020228DFD0032863D14A
:10B83000708880BB600603D021462846FFF787FC4E
:10B840002846FFF711FBBCE700E00AE0C5F8D40288
:10B85000D5F8B8028268F2B1314628469047804652
:10B860004EE095F89C020027022802D0032843D11D
:10B8700013E00CB1802C3FD1200604F07F0000EBD8
:10B88000800005EB800101D5143101E001F5AA71BA
:10B8900002220F602CE033E02EE0200604F00F00BF
:10B8A00000EB800005EB800009D5808C20B304F00C
:10B8B0007F0000EB800005EB800614360AE0B0F84C
:10B8C0006401C8B104F07F0000EB800005EB800646
:10B8D00006F5AA764CB1802C07D021462846FFF702
:10B8E00037FD10B10120306000E0376002223146A0
:10B8F0002846FFF7ACFA03E031462846FFF782FA04
:10B900004046BDE8F08170B5054608780E464FF018
:10B91000000410F0600003D0202801D0402827D177
:10B9200095F89C02012803D0022801D003281FD1DA
:10B93000B088C1B201291AD8C1B22846FFF750FA1F
:10B94000FF280CD058B9D5F8B8128A683AB1C5F8B2
:10B95000D40228468A6831469047044600E0032412
:10B96000F088204307D12846FFF77EFA03E03146EE
:10B970002846FFF747FA204670BD704700487047D9
:10B98000D088012470B54D7801230A78012D1C4C14
:10B9900002F00F0503FA05F3D0F81C5817D000EB9E
:10B9A000421245EA0343C0F81C38D2F8000B0004E9
:10B9B0000BD40B890979D2F8000BC3F30A0318439F
:10B9C00044EA81410843C2F8000B002070BD9EB2DA
:10B9D0003543C0F81C5800EB4213D3F800090004AB
:10B9E000F3D40D890979D3F80009C5F30A05890450
:10B9F000284341EA825108432043C3F80009E4E7A1
:10BA000000800010D0F800196FF30A01C0F8001987
:10BA1000D0F8041841F48071C0F804180020704771
:10BA200070B50D460446C2F307211E46049801294D
:10BA300022D0E06840F04000E060204600F03CF892
:10BA4000C6F307210029A16B2ED021F48031A16318
:10BA5000C5F3074101290ED1E16D154A89B2E165AF
:10BA6000E16D1143E165A16841F00601A160A168A3
:10BA700041F02001A16070BDA26BC3B20D49012B42
:10BA800022F48030A063E06800EA0100E060E06832
:10BA900020F44010E06003D1E06840F48010E060E2
:10BAA000204600F009F8D3E741F48031CFE70000E9
:10BAB0000000EE03BFFFBDFF08B500214FF070622C
:10BAC0000091009B5B1C009393420CD80369002BF0
:10BAD000F7DA0091016941F0010101610099491C07
:10BAE0000091914201D9032008BD0169C907F5D130
:10BAF000002008BD70B50A7801234C78012C00EBBA
:10BB000042122CD0D2F8004B002C0BDAD2F8004BAA
:10BB100044F00064C2F8004BD2F8004B44F080447B
:10BB2000C2F8004B0C78D0F83C5804F00F0403FA2C
:10BB300004F425EA0444C0F83C480978D0F81C48CD
:10BB400001F00F018B401C4924EA0343C0F81C3864
:10BB5000D2F8000B0840C2F8000B002070BDD2F8EC
:10BB60000049002C0BDAD2F8004944F00064C2F816
:10BB70000049D2F8004944F08044C2F800490D78E9
:10BB8000D0F83C4805F00F050C4E03FA05F5ADB2B0
:10BB9000AC43C0F83C48D0F81C48097801F00F01CC
:10BBA0008B4099B28C43C0F81C48D2F80009304051
:10BBB000C2F80009D1E700000078F3EF007833EC19
:10BBC000D0F8001E21F00301C0F8001ED0F80418C0
:10BBD00021F00201C0F8041800207047D0F8001EC0
:10BBE00021F00301C0F8001ED0F8041841F0020152
:10BBF000C0F80418002070472DE9F04F00250F46CB
:10BC0000904604462E46284604EB8001C1F80451B4
:10BC1000401C0F28F8D3C3F307405FEA0009204611
:10BC200010D0806B40F40011C4F83810C8F307201E
:10BC3000C4F8005E0128204617D0D0F8001841F063
:10BC4000030119E0D0F8040840F00201C4F8041818
:10BC5000A06B20F40011A163206840F04001216036
:10BC6000206840F080012160E0E7D4F80018380E29
:10BC7000204601D041F00101C0F80018102100F069
:10BC800088FA00B10126204600F067FA00B10126CB
:10BC90004FF67F3A4FF0006CC4F810584FF0904BBD
:10BCA000C4F81458C4F81C580020FAB214E000BFBD
:10BCB00004EB4011D1F80039002B06DA10B1C1F8BD
:10BCC00000B904E0C4F800C901E0C1F80059C1F8A6
:10BCD0001059C1F808A9401C8242E9D8002013E09D
:10BCE00004EB4011D1F8003B002B06DA10B1C1F88B
:10BCF00000BB04E0C4F800CB01E0C1F8005BC1F870
:10BD0000105BC1F808AB401C8242E9D8D4F8100897
:10BD1000C7F30742002A6FF0804120F48072C4F814
:10BD20001028A561616103D1A06940F01000A061F5
:10BD3000A069C8F30741094A1043A06119B1A0697D
:10BD400040F00800A061B9F1010F03D1A0690449D6
:10BD50000843A0613046BDE8F08F000000383C8009
:10BD600004000040816821F00101816000207047DB
:10BD700010B5144C036CA34203D9D0F8003B002B40
:10BD80001EDB0023C0F8103B0129D0F8101B41F442
:10BD90000021C0F8101BD0F8101B41F01801C0F8AA
:10BDA000101BD0F8101B41F0C041C0F8101B07D188
:10BDB000C0F8142BD0F8001B41F08021C0F8001B04
:10BDC000002010BD0A30544F0B784A78012A00EB4E
:10BDD00043100BD0D0F8002B22F40012C0F8002B37
:10BDE0000979032914D0022912D017E0D0F80029CC
:10BDF00022F40012C0F800290979032901D0022990
:10BE00000CD1D0F8001941F08051C0F8001905E0BC
:10BE1000D0F8001B41F08051C0F8001B0020704793
:10BE20000A784B78D1B2012B00EB421012D0D0F837
:10BE3000002B002A06DB29B1D0F8001B21F080413D
:10BE4000C0F8001BD0F8001B41F40011C0F8001B23
:10BE500000207047D0F80029002A06DB29B1D0F86D
:10BE6000001921F08041C0F80019D0F8001941F400
:10BE70000011C0F80019EBE7F8B50B786FF06046D9
:10BE80004F788A4DDCB2012F00EB43132BD0D3F84F
:10BE9000107B002C07EAC544C3F8104BD3F8104BB5
:10BEA00004EA0504C3F8104B7ED00D69002D7CD048
:10BEB0008C6825446D1EB5FBF4F5ADB26C430C6285
:10BEC00006EAC545D3F8104B2C43C3F8104BD3F802
:10BED000104B0D6AC5F3120554EA0504C3F8104B64
:10BEE000012A6ED0C9E00F6937B3D3F810796FF328
:10BEF0001207C3F81079D3F8107907EA0507C3F8D9
:10BF000010794CB30F698D68D3F810C92F447F1E88
:10BF1000B7FBF5F506EAC54545EA0C05C3F8105927
:10BF20000E69D3F81059C6F312063543C3F81059F9
:10BF30000D79012D1CD027E0D3F810692E40C3F8ED
:10BF40001069D3F8105945F40025C3F81059D3F8F7
:10BF500010596FF3120515E00E698D68AE4200D9D5
:10BF60000D61D0F8106946F40026C0F81069D7E7D3
:10BF7000D3F8105925F0C045C3F81059D3F810591B
:10BF800045F00055C3F81059012A1BD000EB4413AB
:10BF9000D3F8004944F00444C3F800490C79012C5B
:10BFA00031D00A6972B301E042E055E00B78D0F875
:10BFB0003418012203F00F039A401143C0F83418DB
:10BFC00071E056E0CA691AB100EB4413C3F81429B2
:10BFD000097901290ED1D0F80818C90500EB4411E0
:10BFE000D1F8002902D442F0005201E042F0805220
:10BFF000C1F8002900EB4410D0F8001941F00441C9
:10C00000C0F800194FE0D0F80848E405D3F800491B
:10C0100002D444F0005401E044F08054C3F80049D5
:10C0200000920B8A0A78C9689BB200F0E1F93AE005
:10C030000C690CB18C680C618C680C62C4F312053D
:10C04000D0F8104B2C43C0F8104BD0F8104B44F4F0
:10C050000024C0F8104B43E78D68D3F8104BC5F3AC
:10C0600012052C43C3F8104BD3F8104B44F40024B2
:10C0700034E7CA680AB1C3F8142B097901290CD135
:10C08000D0F80808C005D3F8000B02D440F00050E7
:10C0900001E040F08050C3F8000BD3F8000B40F0F3
:10C0A0000440C3F8000B0020F8BD0000FFFF07E0CC
:10C0B00038B5002242F21074002300920A784D78BD
:10C0C000012D00EB421219D0D2F8005B002D3CDAB2
:10C0D000D2F8005B45F00065C2F8005B0A7800EB1F
:10C0E0004212D2F8005B45F08045C2F8005B009A2E
:10C0F000521C0092A24221D9012326E0D2F8005915
:10C10000002D22DAD2F8005945F00065C2F8005936
:10C110000A7800EB4212D2F8005945F08045C2F887
:10C120000059009A521C0092A242E5D80A7800EB0E
:10C130004212D2F80029002AF3DB06E00A7800EB6D
:10C140004212D2F8002B002AD1DB184638BD816894
:10C1500041F0010181600020704708B500214FF0D7
:10C1600070620091009B5B1C009393420AD80369A4
:10C17000002BF7DA0091102303610099491C00910C
:10C18000914201D9032008BD0169C906F5D40020F8
:10C1900008BD18B500224FF070630092009C641C2B
:10C1A00000949C420CD80469002CF7DA20240092F9
:10C1B00044EA811101610099491C0091994201D919
:10C1C000032018BD01698906F5D4002018BDD0F8F8
:10C1D000080810F0060004D0022803D0062801D079
:10C1E0000F20704702207047406900F0010070473F
:10C1F000D0F81818D0F81C08084080B27047D0F862
:10C200001818D0F81C080840000C704710B5D0F87A
:10C21000102801F00F0300EB4114D0F83418D4F8C3
:10C220000809D94001F0010142EAC111084010BDDE
:10C2300000EB4111D1F8081BD0F8140808407047F2
:10C2400041698069084070470346084630B5940844
:10C2500002F00301002203F5805303E01D68521C25
:10C2600040F8045BA242F9D300290CD01C680023DB
:10C27000491EDD00090403F10103090C24FA05F24B
:10C2800000F8012BF4D130BD70B50446C068012917
:10C290004FF0000520F0C040E06001D079B120E00F
:10C2A000E06840F00050E0600A20F9F735FA606974
:10C2B0000A3510F0010F10D1C82DF5D30DE0E0685C
:10C2C00040F08040E0600A20F9F726FA60690A35FC
:10C2D00010F0010F01D0C82DF5D3C82D01D00020DA
:10C2E00070BD012070BDD0F800284FF4FE6303EA52
:10C2F000011322F4FE62C0F80028D0F80018194398
:10C30000C0F8001800207047022A3ED1264A274B69
:10C310000A449A4201D20F2138E0254A254B0A44AB
:10C320009A4201D20E2131E0234A244B0A449A4218
:10C3300001D20D212AE0224A224B0A449A4201D21C
:10C340000C2123E0204B214A0B44934201D20B21C4
:10C350001CE01F4B1F4A0B44934201D20A2115E0F7
:10C360001D4B1E4A0B4493420FD31D4B1D4A0B44D9
:10C37000934201D2082109E01B4B1C4A1944914207
:10C3800001D2072102E0062100E00921C2684FF432
:10C39000705322F47052C26003EA8123C1681943CA
:10C3A000C160002070470000405327FF00350C009B
:10C3B000401E1BFF40420F0000DC0BFF804F1200AD
:10C3C000808CF9FE20D6130060B6E5FE60E316000F
:10C3D00000D3CEFE40771B00C05BB3FEC0912100AE
:10C3E00000CA91FE20753800E05459FEE09C4100DF
:10C3F00010B5029C74B900EB0232DB1C00209B08D4
:10C4000002F5805204E000BF51F8044B1460401C58
:10C410009842F9D3002010BDFEE703B40198410013
:10C42000009850EAC12018BF04204A0D18BF40F000
:10C43000010040F2FF72B2EB515F08BF40F0020012
:10C44000012808BF052002B07047000013B5054859
:10C450000199090DB0EB415F01D001201CBD002006
:10C460001CBD00000000E0FF6FEAD05010F0FF009C
:10C4700000D0012070476FEAD05010F0FF0000D0CC
:10C48000012070476FEAD05010F0FF0000D001206B
:10C4900070476FEAD05010F0FF0000D001207047C5
:10C4A0006FEAD05010F0FF0000D0012070476FEA13
:10C4B000D05010F0FF0000D00120704700280DDBA5
:10C4C000410900F01F02890001F1E0210120D1F8AB
:10C4D00000119040014201D00120704700207047B8
:10C4E000090700284FEA116104DB00F1E02080F821
:10C4F0000014704700F00F0000F1E02080F8141DD8
:10C5000070470000000000002DED020B9FED340B82
:10C51000DDE90010C0F30A529FED331BA2F2FF3297
:10C52000142A2DDA9DED002B9FED2D0B002A32EE03
:10C53000000B10DAB4EEC01BF1EE10FA49D200285D
:10C54000BCBF4FF00040002143DB50EA010218BF9E
:10C55000274813D13DE0274BD34000EA030C5CEAA7
:10C56000010C17D0B4EEC10BF1EE10FA31DD00284A
:10C5700003DD4FF48011D14008449843002128E0A6
:10C58000332A07DCA2F114034FF0FF3C2CFA03F32B
:10C59000194203D19DED000B02B070479DED002BB9
:10C5A00030EE420BB4EEC10BF1EE10FA11DD0028B3
:10C5B0000EDD142A08BF401C0AD0C2F134024FF02D
:10C5C000010C0CFA02F20A448A4238BF401C1146A0
:10C5D0009943CDE900109DED000B02B070470000BB
:10C5E0009C7500883CE4377E0000000000000000DD
:10C5F0000000F03FFFFF0F0010B52DED028BB0EEF5
:10C60000608AF0EE408A18EE101A18EE900A22F0B6
:10C610001DFA00F07040B0F1005F0CD018EE100A67
:10C6200020F00040C0F1FF40C00F02BFB0EE480A4A
:10C63000BDEC028B10BDB0EE680ABDEC028B10BDE4
:10C6400010B52DED028BB0EE608AF0EE408A18EE48
:10C65000101A18EE900A22F0F9F900F07040B0F1CB
:10C66000004F0CD018EE100A20F00040C0F1FF403F
:10C67000C00F02BFB0EE480ABDEC028B10BDB0EE99
:10C68000680ABDEC028B10BD10B52DED028BB1EE2A
:10C69000C08A18EE100A20F00040C0F1FF40C00F21
:10C6A0000AD010EE100A20F00040C0F1FF40C00F89
:10C6B00004BF0120F4F7B5FBB0EE480ABDEC028BD5
:10C6C00010BD00000000000000B583B09FED080B16
:10C6D0000A4601468DED000B6846F4F763FF9DEDB9
:10C6E000000B03B0B7EEC00B00BD0000000000005F
:10C6F00000000000000000009FED030B20EE000B87
:10C700007047000000000000000000000000007002
:10C710009FED030B20EE000B7047000000000000AF
:10C72000000000000000001010B504462DED048B41
:10C7300082B06A4691ED008B51EC180B0CF004FCB2
:10C7400000989FED1D9B7E300090002822DCB4EE07
:10C75000498BF1EE10FA1DD0002140F608004FF091
:10C760000000B7EEC88B40F60801014040F6080013
:10C770004FF000009FED120AB4EE408AF1EE10FA7D
:10C7800004BF0220F4F74DFB84ED008A02B0BDEC3B
:10C79000048B10BDFF28B8BFB7EEC88BF4DB0220B6
:10C7A000F4F73FFBB4EEC98BF1EE10FAACBF9FED8E
:10C7B000058A9FED058AE7E7000000000000000001
:10C7C000000000000000807F000080FF00000000EB
:10C7D00030B504462DED048B85B040F2FF7590ED29
:10C7E000008B0A4618EE900A8DED008B35EA10504A
:10C7F0001EBF9FED239BB4EE498BF1EE10FA23D0C0
:10C8000051EC180B22F066FA41EC180B18EE900A66
:10C810008DED008B35EA10501CD0B4EE498BF1EE53
:10C8200010FA11D10220F4F7FCFAFFF771FF10EEB5
:10C83000901A18EE900A8DED000B8DED028B61F3CE
:10C840001E0001909DED008B84ED008B05B0BDECCA
:10C85000048B30BD0220F4F7E4FAFFF74DFF10EE31
:10C86000901A18EE900A8DED000B8DED028B61F39E
:10C870001E0001909DED008BE6E700000000000027
:10C88000000000000000000030380A2801D201201A
:10C8900070470020704700000848442110B500F0A0
:10C8A00089FD07480022322117F050FC054CA0609A
:10C8B00005F0B8FF0020207010BD000014B702245E
:10C8C000DD280108980201242DE9F84F0E46814623
:10C8D00017461146304600F023F940B10022394690
:10C8E000304600F0C9F828B10020BDE8F88F4FF0BD
:10C8F000FF30FAE7B6F906C00020B6F90210421E72
:10C90000B6F904E0B6F900B0ACEB010CB7F8028060
:10C910000CF1010CAEEB0B038A465B1C02FA83F3AD
:10C9200002FA8CFCA8EB0A0109B21AB200920FFAC3
:10C930008CF200290EDD6BF30F040AEB01036EF39A
:10C940000F056AF31F44C9F8004063F31F45C9F897
:10C9500004500120B7F906107388CB1AD21A12B20C
:10C96000002A15DDB6F90630994211DAB6F80080D2
:10C9700009EBC003B6F804C00A44401C68F30F0476
:10C980006CF30F0561F31F441C6062F31F455D608B
:10C99000B7F90220B6F902108A4200DD1146B7F954
:10C9A0000630B6F90620934200DA1A46B7F800C0FE
:10C9B000B6F90030521A0FFA82F8ACEB030C0FFAFA
:10C9C0008CF2002A13DDB8F1000F10DD63F30F04C1
:10C9D000134401EB080C63F30F0509EBC00361F38B
:10C9E0001F44421C1C606CF31F4510465D60B7F984
:10C9F00004203388D61A009B9B1B1BB2002B7FF7A9
:10CA000078AF62F30F0401EB080661F31F4413448F
:10CA100009EBC00163F30F05421C0C6066F31F4570
:10CA200010464D6061E770B5B1F90040B2F90030D1
:10CA30009C4200DD23460380B1F90250B2F9024066
:10CA4000A54200DD2C464480B1F90460B2F90450DF
:10CA5000AE4200DA35468580B1F90610B2F90620FB
:10CA6000914200DB1146C180AB424FF0010001DC76
:10CA70008C4200DD002070BDF8B50D46B1F9001004
:10CA80000446B0F900001646884247DBB4F90210AC
:10CA9000B5F90220914241DBB4F90410B5F9042044
:10CAA00091423BDCB4F90610B5F90620914235DC21
:10CAB00096B3ADF80000324660886946ADF80200D2
:10CAC000284600F049F8002827D0A0883246ADF863
:10CAD000000069466088ADF80200284600F03CF886
:10CAE00000281AD020883246ADF800006946E08858
:10CAF000ADF80200284600F02FF800280DD0A088DD
:10CB00003246ADF800006946E088ADF802002846DC
:10CB100000F022F8002800D00120F8BD0020F8BD68
:10CB2000B0F90020B1F904309A4213DCB0F90420C6
:10CB3000B1F900309A420DDBB0F90220B1F90630AC
:10CB40009A4207DCB0F90600B1F90210884201DB15
:10CB500001207047002070472DE9FC410546B1F9DE
:10CB600000000E461446B5F9001088423ADBB5F9CC
:10CB70000470B84236DCB6F90200B5F902309842CA
:10CB800030DBB5F9062090422CDC002C75DD781ADC
:10CB9000D21A401C521C00B212B200EBD07002EB51
:10CBA000D27240105210904200DB1046844200DDE9
:10CBB0000446ADF800102888002231462044ADF824
:10CBC00004006888ADF8020068882044ADF80600CB
:10CBD0006846FFF7C1FF40B1BDF804002044ADF83E
:10CBE00004003FE00020BDE8FC81E88800223146D7
:10CBF000001BADF80200E888ADF806006846FFF7B4
:10CC0000ABFF28B1BDF804002044ADF8040011E0EA
:10CC1000A88800223146001BADF80000A888ADF8B6
:10CC200004006846FFF798FF50B1BDF80000001BF4
:10CC3000ADF80000BDF80200001BADF8020016E0E0
:10CC400068880022ADF80200314668882044ADF8BB
:10CC500006006846FFF780FF70B1BDF80000001BBA
:10CC6000ADF80000BDF806002044ADF806003146DE
:10CC7000684616F04DFDB6E7FFE70120B3E710B5B3
:10CC8000B1F90040B2F900309C4200DA234603803B
:10CC9000B1F90240B2F902309C4200DA23464380E7
:10CCA000B1F90440B2F904309C4200DD2346838090
:10CCB000B1F90610B2F90620914200DC1146C1809C
:10CCC00010BD0000F8B5054617F02CFA364C0026CA
:10CCD0000746009635B1E8686060284617F008FB03
:10CCE000606802E010F0FEF86060006916F04CFC2D
:10CCF0006068406908B116F047FC6068C06916F0CA
:10CD000043FC6068006A16F03FFC6068016991B1FD
:10CD100016F036FE1EF064FD1EF0B4FB6068B0F83D
:10CD20005011D9B30068017CC9071DD0C0684068A4
:10CD3000D0B1002513E0A0F85061F8BD411991F879
:10CD4000301151B900F5AC7000F08BFB616801EB5C
:10CD5000C5010A6B0260496B41606D1CADB2606831
:10CD6000B0F85011A942E9D860684FF480713030B2
:10CD700013F048FB6068202100F5987013F042FB27
:10CD80006068A0F85061384617F0C5F900906068F7
:10CD90000068436A13B122680099984713F0F2F9CA
:10CDA000BDE8F84000F016B8580201240849496867
:10CDB0000AE04A68824202D00A68824203D10A7EAF
:10CDC00042F001020A7649690029F2D17047000059
:10CDD0002C020124704700000148042100F0EABA47
:10CDE00008B702240148202100F0E4BA20B7022449
:10CDF0000023491E8180521EC280038043807047F9
:10CE00002DE9F041124C15460E46074617F08AF9F7
:10CE100080462B4632463946204612F06DFA20B144
:10CE2000E1690020A06251B110E02C21204613F0EE
:10CE3000E9FA4FF00040A0620020BDE8F0814046D2
:10CE400017F069F9E06108B90120E0612046F4E7D4
:10CE500044B702240A48142110B500F0ABFA12F0CE
:10CE60000DFA40B1074901600749416007498160F7
:10CE70000749C16010BDBDE8104007F06BB8000065
:10CE80002CB702242DEC0108ADEF010899F101083F
:10CE9000F9EB010870B50D4604461021284613F041
:10CEA000B1FA20680078012804D0022807D00428AD
:10CEB00007D008E0A08A2880E08A688003E0E06864
:10CEC00000E00A20686020684268002A03D02946F2
:10CED000BDE87040104770BD2DE9FE430446808ACE
:10CEE00010B9E08A002874D0D4F82C805FEA0800DA
:10CEF00010D120460BF06CFD5FEA000869D0204697
:10CF00000DF0E4F900224046092111F01FFA607883
:10CF100080075ED44FF48079454600274E460021B5
:10CF2000284614F0A2FF384407B22846002114F026
:10CF3000AEFFC11700EB1160001210FB06F006B245
:10CF4000284614F0BBF90500E9D10FB94E450CD0C5
:10CF50004FF480306B4690FBF6F07942009509B2B1
:10CF600002B204F1140016F039FBADF80450ADF82C
:10CF7000085094F8400000F00F000328404616D0F7
:10CF800014F0CEFA0646404614F0A4F903463246A1
:10CF90000C200090B4F9161040460BF091F9ADF852
:10CFA0000800404614F0E8F9C10713D018E014F067
:10CFB0004BFA0646404614F0E7F902463346032092
:10CFC0000090B4F9141040460BF07AF9ADF8040063
:10CFD000E7E736E0BDF90410002901DDADF80450A3
:10CFE000810705D4BDF90410002901DAADF8045019
:10CFF000410705D4BDF90810002901DDADF808503E
:10D00000000705D4BDF90800002801DAADF8085082
:10D0100002AA01A920461FF097F9BDF90820404651
:10D02000BDF9041000F093FA6078800709D4208BD2
:10D03000BDF80420618B10442083BDF8080008442B
:10D040006083BDE8FE832DE9FC5F0446C06A5FEAA9
:10D05000000B71D094F8400000076DD012F010FA68
:10D06000019040210068457E584614F0E7FF4FF0DC
:10D07000000818B9A4F81E80A4F81C80584614F0C3
:10D0800041FA8246584614F044FA064694F84000A5
:10D090004FF0640900F00F000C2802D003284CD098
:10D0A0009AE0A4F81C8056B1B4F91E50002712F083
:10D0B000E7F901684846497EC1F1640122E0E18B4D
:10D0C000C5F1640211FB02F191FBF9F0E0835846CF
:10D0D00014F000F90546584614F022FA02462B4691
:10D0E0000C200090B4F91E1058460BF0E9F800230C
:10D0F0000246E0831EE011FB05F27B1992FBF0F281
:10D100001FB215B2002DF6D1ADF8007000216A46AD
:10D110002046A4F81E801FF017F941F6FF72BDF9F2
:10D120000030514258460BF0EBFDBDF800100123D2
:10D13000084402B200214CE09BE0BAF1000FA4F8D1
:10D140001E800AD0B4F91C50002712F099F900682B
:10D150004946407EC0F1640022E0A18BC5F1640223
:10D1600011FB02F191FBF9F0A083584614F00CF981
:10D170000546584614F068F903462A4603200090F5
:10D18000B4F91C1058460BF09BF800230146A0830D
:10D190001EE010FB05F27B1992FBF1F21FB215B2F3
:10D1A000002DF6D1ADF80070002269462046A4F8A3
:10D1B0001C801FF0C9F841F6FF72BDF900305142E2
:10D1C00058460BF015FDBDF800100123084401B2CC
:10D1D0000022584615F066FEA08B002849D1E08B4E
:10D1E000002846D1C6B9584614F09AF90546584663
:10D1F00014F070F8002D06DC00280DDD002D02DA99
:10D2000001232A4604E0002806DA0123404202B244
:10D210005846002115F046FEBAF1000F19D15846C4
:10D2200014F0B2F80546584614F00EF9002D07DC4C
:10D2300000280EDD002D03DA01232946002205E037
:10D24000002806DA01230022404201B2584615F0B8
:10D2500029FE019A0A21584611F078F86078800773
:10D2600007D494F84010C4F82C8021F00F0184F802
:10D270004010BDE8FC9F00007FB504000E4603D1BE
:10D280000FF030FE04002ED00FF096FE00282AD0BA
:10D2900094F82800400726D44FF0000526B3ADF8D7
:10D2A00000502046ADF802500FF034FE401EADF89D
:10D2B000040020460FF06AFE401E6A463146ADF873
:10D2C000060002A8FFF7AFFB00280CD02068017C05
:10D2D00089070CD5DDE9001260680123A4F85031FC
:10D2E000C4E90C1280BB7FBDA4F850517FBD826998
:10D2F0000AB102A9904700260BE000BF04EBC6016B
:10D300000022303102A8FFF7B7FB0028EED1761CCF
:10D31000B6B2B4F85001B042F0D880B2202804D29E
:10D3200004EBC000303002A904E004F1300069468B
:10D33000A4F850510FF0FCFAB4F850116068491C81
:10D34000A4F850110028D1D016F0DEFF7FBD70B5D3
:10D35000054600F012F804460CE02146284600F08D
:10D360001EF806462146284600F0A2F8204612F094
:10D370007FFF3446002CF0D170BD002800D04068FB
:10D3800070470022034600B5FFF7F7FF03E0521C89
:10D39000184600F004F80100F9D1104600BD0068FD
:10D3A000091D40587047006840587047002800D059
:10D3B0008068704700224260C91C826021F003012E
:10D3C0000160704770B504460068083012F0BEFE78
:10D3D000050013D000220146204619F0C9FA626800
:10D3E0002946204619F0BEFA616819B12A4620463E
:10D3F00019F0BEFAA068656000B9A560284670BD46
:10D400002DE9F04106000C460AD04CB1FFF7B5FFFC
:10D41000A04208D13046FFF7D5FF051E01D01EE01F
:10D420000020BDE8F0813068083012F08FFE051E44
:10D43000F7D030682A4607593046394619F092FA33
:10D440003A462946304619F093FA2A462146304694
:10D4500019F08EFA22462946304619F083FA2846FA
:10D46000DFE770B504460068083012F06FFE050073
:10D4700013D000220146204619F074FAA26829460A
:10D48000204619F075FAA16819B12A46204619F00C
:10D4900069FA6068A56000B96560284670BD28B16A
:10D4A000416809B9806808B10020704701207047C1
:10D4B00070B504000ED0FFF760FF88424FF0000205
:10D4C000204608D1FFF76BFF011E606001D00022EB
:10D4D0001EE0A26070BDFFF769FF88422068084423
:10D4E0000AD10168A16029B12046BDE87040002240
:10D4F00019F038BA626070BD05682046FFF74FFF2B
:10D50000064602462946204619F02CFA2A4631469C
:10D510002046BDE8704019F02BBA10B504460068EB
:10D5200082680AB12146904720680068002801D02F
:10D530002060F5E710BD8068002801D0B0F9160022
:10D5400070478068002801D0807E8009704770B5E0
:10D5500016460C46054651EA06001AD0284612F037
:10D56000F1FFA86801233246018A21440182A8689C
:10D57000418A314441822146284614F04DFF002261
:10D5800028460B2110F0E2FE012803D1284614F0B2
:10D59000BFFE012070BD77B505000E4681B017D0E3
:10D5A000622214F0F9FB040012D0206880B16322DB
:10D5B0002846314614F0F0FB10F0FF0208D0236833
:10D5C0002046039998470090BDF80000ADF80C0084
:10D5D000039804B070BD00002DE9F04792B00746F3
:10D5E000408C994690468A461A9E40F008007884FE
:10D5F00038463A84328914F0CFFBA7F820900546CC
:10D6000032895146384614F0C7FB0446788CA5424F
:10D6100020F00800788403D12904B1EB044F68D0CE
:10D62000A7F8208051463289384614F0B5FB0546EC
:10D63000804651463846A7F820900BF0E5FE00687A
:10D640002A46318916F0C4FC30890B2823D147F6CD
:10D65000FF794D4501D04C451DD1384614F0E8FC0A
:10D6600000EBD0704510384613F0E7FD00EBD070AA
:10D670004010C84506D1691C431C994200DA00E0FD
:10D68000194688464C4506D1691C421C914201DA74
:10D690006C1C00E014461A48FFF794FE05002BD0DE
:10D6A0002F60C5E903843089A8806846C5F808A0C2
:10D6B0000FF096F81348FF21CDE900501248029070
:10D6C0001248039000200890CDE9090130880B90A2
:10D6D00070889DF8421040420C90F068079000203E
:10D6E00060F300018DF842103069069068460FF033
:10D6F000CBF812B0BDE8F08706F02CFCF9E700008B
:10D7000038B7022495D4020899D60208F5D5020844
:10D7100001481421FFF74EBE38B702242DE9F84F17
:10D72000042790460025894606462C46E5E000BFC2
:10D73000F16807EBC400085882017AD480B230EA5D
:10D74000090211D05FF0000230EA08000ED000207C
:10D7500082426ED051F834A010216A46504616F02D
:10D76000A1FA002871D103E00122EDE70120EFE7E3
:10D7700011216A46504616F095FA002865D112210B
:10D780006A46504616F08EFA00285ED113216A468A
:10D79000504616F087FA002857D115216A465046A0
:10D7A00016F080FA002850D114216A46504616F02F
:10D7B00079FAE8BB0A216A46504616F073FAB8BBFC
:10D7C0006B216A46504616F06DFA88BB6C216A469A
:10D7D000504616F067FA58BB01216A46504616F0CB
:10D7E00061FA28BB04216A46504616F05BFAF8B984
:10D7F00002216A46504616F055FAC8B903216A4616
:10D80000504616F04FFA98B905216A46504616F070
:10D8100049FA68B906216A46504616F043FA38B903
:10D8200032216A46504616F03DFA08B96A4601E0D0
:10D830000BE061E06E21504616F034FA28B96D21F4
:10D840006A46504616F02EFA10B10320BDE8F88F54
:10D8500069216A46504616F025FAE8BB6A216A46F5
:10D86000504616F01FFAB8BB6E216A46504616F0B5
:10D8700019FA88BB6D216A46504616F013FA58BB58
:10D8800037216A46504616F00DFA28BB38216A4601
:10D89000504616F007FAF8B935216A46504616F098
:10D8A00001FAC8B940216A46504616F0FBF998B90A
:10D8B00045216A46504616F0F5F968B941216A4695
:10D8C000504616F0EFF938B942216A46504616F034
:10D8D000E9F908B96A4600E00AE04321504616F02B
:10D8E000E1F928B949216A46504616F0DBF908B13A
:10D8F000022501E005B90125641C708CC0F30510F8
:10D90000A0423FF615AF2846A0E700000148406856
:10D9100070470000580201247047C0F30410072824
:10D9200000D9072070470000A0F57F41FF3905D0DE
:10D93000002804D0712803D208490AE01F2070474C
:10D940000749713880B2096829B1064A5268904285
:10D9500001D2085C704700207047000010B904082D
:10D96000C4020124D80201240448182110B5FFF78D
:10D9700021FD03490120087010BD0000E4B6022417
:10D98000E00201242DE9F041094D90460E461C4667
:10D99000074619466A689047306020B12068002128
:10D9A0006A6838449047C8F80000BDE8F08100007C
:10D9B000F40201242DE9F04F87B01F4693468A46B2
:10D9C00004464FF00001DDE9105805B1298064B12B
:10D9D000207800280AD0BAF1000F06D018F0060F00
:10D9E0004FF0000615D0002004E0002007B0BDE88D
:10D9F000F08F401C215C0A2904D00D2902D0002997
:10DA0000F7D100E0401C002DF0D04FF0FF3129800D
:10DA1000ECE75FEA887001D541F6FF778946084652
:10DA20008DF81410049126E00498CDF8189060B396
:10DA3000002351460DF1180C05AACDE90223CDE9CA
:10DA4000008C20443B465A4616F09EFD0699A7EBF3
:10DA50000102314417B20EB288B104990144049115
:10DA600020780A280BD00D2809D0605C0A280ED037
:10DA70000D280CD00846205C08B1002FD4DC049897
:10DA800040B105B12E800498B0E70123D1E7481CCE
:10DA90000490F4E7064A04A9204652689047002DF6
:10DAA0000146F0D00022504610F04EFD06B2E9E7E4
:10DAB000F4020124027823294FF0000302D0012A46
:10DAC0000ED012E032B1012A4FF0000104D0022A38
:10DAD00004D00AE0012106E0017006E00123FBE723
:10DAE000202901D10221017001231846704700004E
:10DAF0002DE9F0471E4614460D468246DDF820907B
:10DB000015E000BF4FEA54084A46504608FB065746
:10DB100039469047002808DD44F30000C0EB540468
:10DB200007EB0605A4F1010401E005DA4446002CE8
:10DB3000E8D12046BDE8F0873846FBE72DE9F04103
:10DB40004FF0000480B14F1E0D463942064601D009
:10DB500006F000FA7019401EB843B0F5004F03D22A
:10DB60000C2800D80C2004462046BDE8F0810000B7
:10DB70000F4991F86400092806D00A2804D001282A
:10DB800014D191F8690088B191F8100314280DD2CE
:10DB9000DFE800F00C0C0C0C0C0C0C0C0C0C0A0A42
:10DBA0000A0A0A0A0A0A0A0A012070470020704776
:10DBB000B0FE01242DE9FF5FDFF8488484B0DFF870
:10DBC00048B415461C4698F8101398F866A00A2920
:10DBD00005D00B2908F52A70009018D02EE09BF88C
:10DBE0008013022902D003290BD0B4E19BF89013D3
:10DBF0003AEA0100F9D1049808B0BDE8F05F02F0FC
:10DC0000A1BECDE90023002208210220E1E198F81D
:10DC1000150398F828118842E7D3009A51460498D2
:10DC200002F040FF50B104980022514602F0A4FFD8
:10DC300090B90498514602F05BFF68B1F14E4FF085
:10DC4000000998F8100306F180070C2806F53876CD
:10DC50000AD00D2848D07FE0049808B02A46234611
:10DC6000BDE8F05F04F0C4BC9BF8A803042802D010
:10DC7000052836D06FE198F8640001280BD198F898
:10DC8000690040B12846214604F00CFC00212A46D8
:10DC900023460846A6E102F065FDFB220146DA486C
:10DCA0005346009718F070F920B102F02BFC0022C7
:10DCB000014614E00D2288F8102388F8149388F8A0
:10DCC0001593049800F0B2FCD04A00232846214660
:10DCD000009600F02DFC00287ED1002208210420AF
:10DCE00075E1002208215FE198F8151398F82801E2
:10DCF0008142BFD3009A5146049802F0D3FE58B334
:10DD00000498514602F0F4FE30B302F02BFDFC22E1
:10DD10000146BD485346009718F036F920B102F08D
:10DD2000F1FB0022014615E00E2388F81033012292
:10DD300088F8142388F81593049800F077FCB34A08
:10DD4000002328462146009600F0F2FB0028C3D1AC
:10DD50000022082105203AE198F8100347460E28D2
:10DD60001BD197F8150397F8281188427ED3009AA3
:10DD70005146049802F096FE78B10498012251466B
:10DD800002F0FAFE48B187F818A32A46049808B0B2
:10DD90002346BDE8F05F04F083B897F810030F281E
:10DDA00006D0102878D0122874D0112873D0B1E092
:10DDB00002F0C4FC060002D102F0A8FCB8B197F84A
:10DDC0006400092813D1D7E9BA106A1A74EB00026B
:10DDD0000AD34CF2503300E0DBE0691A64EB000038
:10DDE0000022591A824102D20022062147E002F0A5
:10DDF0008DFCA8B1049802A92A4623468DF8089004
:10DE0000009102F0B7FA30B12846214603F0F4FF42
:10DE100008B0BDE8F09F9DF808000028E4D115E0A7
:10DE2000049802F031FC88B14EB1D7E9622CD7E9F1
:10DE30006413AA1A64EB0C00511A984106D308B077
:10DE400028462146BDE8F05F03F0D6BFD7E9B810F9
:10DE500051EA000203D0691A74EB0000C4D297F8AB
:10DE6000150397F82811884275D300E073E046B196
:10DE70002846214600F010FB18B100220821062098
:10DE8000A5E002F043FC08B1C7E9BA5487F815933E
:10DE900061E001E023E029E097F86700022806D05E
:10DEA00097F8150397F82811884209D253E0D7E96B
:10DEB000B80150EA01020BD0281A74EB010007D315
:10DEC000049808B02A462346BDE8F05F03F054BF2B
:10DED00097F8150397F828118842D7D23BE097F8B6
:10DEE000150397F82811884276D234E097F8150385
:10DEF00097F8281188422ED3009A5146049802F0D0
:10DF0000D1FD38B104980022514602F035FE0028B8
:10DF10007FF4B8AE97F8100313281CD197F81503B7
:10DF200097F82811884216D397F81913009A049885
:10DF300002F0B8FD78B197F819130022049802F0A6
:10DF40001BFE40B12846214604F0ACFA97F81213A4
:10DF50002A46234645E04146D1E9B80250EA020389
:10DF60004DD0281A74EB020049D391F810030A2807
:10DF700010D00B2812D00C2814D00D2816D00E2843
:10DF800017D0102818D011281ED0132825D01228F9
:10DF90002DD034E000220621022018E000220721C3
:10DFA000012014E000220621032010E000220721B6
:10DFB00095E600220721CDE698F8670002281ED0DA
:10DFC00000220621072002E0002207210820CDE9D7
:10DFD000005400F067F81BE709E098F812132A468E
:10DFE0002346022008B0BDE8F05F00F049BC049869
:10DFF00008B02A462346BDE8F05F03F083BE002048
:10E0000006E70000B0FE012460A9012420A107005A
:10E010002DE9FC41002614461D46804604F0DAFB3B
:10E020001C4F97F81003B8B11B4822462B4617F037
:10E030004BFA97F86400092801D00A2805D100F0AE
:10E04000FFFC0022082102F0DDFC0521224602200F
:10E050002B4600F015FC0646224605202B4602F012
:10E0600087F840EA06070C4805214246C038CDE94A
:10E07000004504F050FF094819F0F6F9084900205E
:10E08000087004490448B03917F06EFE3846BDE800
:10E09000FC810000B0FE012460A90124A0AE01248F
:10E0A000B80001242DE9F04FDFB014460F4680463A
:10E0B0001C21DDE9685650A8F2F714FE1C2157A870
:10E0C000F2F710FE22463946404602F09BFC4FF420
:10E0D000987104A8F2F706FE00216B480DF1100BB1
:10E0E0002A463346CDF808B0CDE90001674818F05C
:10E0F000BBF8804602F02CF8654C94F86A000128C1
:10E1000006D104F59C6090F8910408B1012700E065
:10E11000002702F025F894F81103012800D1BFB1BF
:10E1200094F8661084F81913A1B1594F02284FF0E2
:10E1300000094FF0130A07F1800711D003280FD010
:10E1400094F8182321EA020050EA08001ED07FE06C
:10E150000021E7E74D482A46334617F0B5F98BE032
:10E160004A483A4617F004FE074648482A463346CE
:10E1700017F0AAF9002F7FD184F810A304A884F81F
:10E18000149384F8159300F051FA68E09DF83C016F
:10E1900031EA00005CD104A802F0AAFCC0B394F8F4
:10E1A0001913012204A802F0E7FC88B30020D84626
:10E1B0000DF5A07200EB800302EB800C08EBC303AB
:10E1C000411C93ED000AC8B207288CED000AF1D378
:10E1D00094F86700009702280FD094F8191357ABF2
:10E1E0002A4817F013FF2A4633468046274817F07F
:10E1F0006BF9B8F1000F0CD014E004F1500094F862
:10E20000191357AB90EC030A204817F013FEEAE706
:10E210001EE0122184F81013012284F8142384F8DC
:10E2200015931CE002F09EFA0097FD2294F8193332
:10E230000146164817F0A8FE84F810A3074684F894
:10E24000149304A884F8159300F0F0F937B906E0A8
:10E250000E482A46334617F037F9E3E70CE00D483D
:10E2600000230D4A31460090284600F061F918B1AC
:10E2700000205FB0BDE8F08F94F8121302202A4608
:10E28000334600F0FDFAF4E7A086010060A90124FE
:10E29000B0FE01249001022420A107002DE9FC41D9
:10E2A0002C4E14461D4680462B4806F1800296F8F7
:10E2B000661017F05DFD5FF000020346B8F1000F35
:10E2C00006D002EB820108EBC101D1E9060101E0B1
:10E2D0000020014606EBC207C7E9AA0196F86AC00A
:10E2E000BCF1010F0FD196F864C0BCF1090F05D045
:10E2F000BCF10A0F02D0BCF1010F04D1001BA941EF
:10E3000001D2C7E9AA45521CD2B2072AD6D32BB1F3
:10E31000184602F0F7F80022014615E00B2286F8B5
:10E320001023002086F8140386F8150303460B49D2
:10E3300020460B4A0091294600F0FAF810B100205F
:10E34000BDE8FC81002208210120CDE90045FFF74E
:10E35000A9FEF5E7B0FE012460A901249001022482
:10E3600020A107002DE9F0410E4601EB86012DEDBD
:10E37000048B00EBC100B0B090ED008AD0E90654E8
:10E3800018EE100A6FEAD05010F0FF0F73D0501B38
:10E39000A34170D302F0BAF93B4F50B307EB8600AC
:10E3A000D0ED4C9A90ED9B9A304601F0CFFFDFED17
:10E3B000370A60EE208AF0EE490AB0EE690AFEF7ED
:10E3C0003FF930EE680AB4EEC80AF1EE10FA0CDC40
:10E3D000F0EE490AB0EE690AFEF70EF930EE280AAF
:10E3E000B4EEC80AF1EE10FA22D20B2087F813031C
:10E3F00041E0D7E9BA104A1B70EB040201D20D4686
:10E40000044623480DF108082A462346CDF800802B
:10E410000CF0FCFB78BB08EB86001E4990ED000A6F
:10E4200038EE400AB0EEC00A10EE100A884222DC34
:10E4300097F86A00012824D1761C1DA9F0B200F0DB
:10E4400035FDC0B19DF87400A8B11E98FEF713F811
:10E4500088B11F98FEF70FF868B19DED1E0AB4EE63
:10E46000C80AF1EE10FA06DC9DED1F0AB4EEC80AE8
:10E47000F1EE10FA05D2002030B0BDEC048BBDE8FF
:10E48000F0810120F8E70000B0FE012435FA0E3CCF
:10E49000E0FF012435FA0E3C2DE9F0419CB0054621
:10E4A00020480DF108080F462A460B46CDF800809B
:10E4B0000CF0ACFB18B10C201CB0BDE8F0811A4C7C
:10E4C00004F1800694F864000A280DD0009604F543
:10E4D000227394F8661002AA144817F097FD0028DA
:10E4E000EAD1C4E9BA57E7E700254746284601F0D4
:10E4F0002DFF07EB8500691CD0ED070ACDB2072D73
:10E5000080EE801A80ED071AF0D3009604F15000D7
:10E5100094F8661009AB02AA90EC030A034817F0BE
:10E5200089FCC9E7E0FF0124B0FE012460A90124B1
:10E5300070B5049C2CB1C643CD43961B73EB050507
:10E5400001D3002070BD80185941C4E900010120A9
:10E5500070BD000010B504002DED048BB0EE418AB3
:10E56000F0EE608AB0EE409A37D019EE100AFDF74F
:10E5700082FF90B318EE900AFDF77DFF68B318EEA6
:10E58000100AFDF778FF40B3B5EEC08AF1EE10FA3D
:10E5900023D9B7EEE80A9FED195B9FED1A2B9FED8B
:10E5A0001B1BB7EEC94AB7EEC83A30EE440BB0EECB
:10E5B000C00B80EE034B24EE050B30EE020B30EE69
:10E5C000018B51EC180BFDF741FF30B19FED110BA2
:10E5D000B4EEC08BF1EE10FA03DB0020BDEC048B2F
:10E5E00010BDB0EE480BFDF78FFF51EC100B20F083
:10E5F000D1FAC4E900010120F0E7000000000000AA
:10E6000080842E4100000000006A084100000000E4
:10E6100080843E41000000000000F0431CB503214F
:10E62000CDE90023002203F097FE1CBD30B50A4C53
:10E63000002330B103EB830100EBC102D2E90612E3
:10E6400001E000210A4604EBC3055B1CDBB2072B8B
:10E65000C5E9AA12EDD330BDB0FE01242DE9FF5F5C
:10E66000904699462DED028B82B0129E002E7DD0F1
:10E670007C480021317090F81013122976D2DFE81F
:10E6800001F0DFDFDFDFDFDFDFDFDFDFDFDFDFDF67
:10E690000B090D0F062704E0052702E0072700E01D
:10E6A00008274FF0010A002483465D460AFA04F069
:10E6B0009BF86610C0B2014279D0049919B191F863
:10E6C0002C11014205D1641C86F800A00521E2B29C
:10E6D0000BE0049804EB840100EBC100416931B107
:10E6E000641C86F800A00421E2B23846B5E095F833
:10E6F0006A10012970D195F864100A296CD195F837
:10E700001013112953D004EB8402B0EE001A04EB6D
:10E71000041102EBC4029FED540A0090534800EB31
:10E7200082025348D2ED860A00EB810000F510709A
:10E73000019060EE810A009880EE808A8068FDF783
:10E740009AFE08B300984068FDF795FEE0B1009886
:10E750000068FDF790FEB8B10098C068FDF78BFE29
:10E7600090B100980069FDF786FE00E068E058B1BE
:10E770000098404990ED020AB0EEC00A10EE100A6F
:10E78000884203DD102532E0132530E0009890ED3B
:10E79000010A0198B0EEC00AD0ED080A70EE880AAE
:10E7A000B4EEE00AF1EE10FA02DD11251FE042E0BE
:10E7B000009890ED000A0198D0ED050AB4EEE00A49
:10E7C000F1EE10FA06D3D0ED060AB4EEE00AF1EE4F
:10E7D00010FA02DD0B250AE01BE000992648C96803
:10E7E000814203DC00990969814212DD12258BF810
:10E7F0001353224828220099F2F718FA1C48641C87
:10E80000E2B2082180F8485580F8492586F800A032
:10E810006BE795F810030F280DD195F864000928CF
:10E8200009D195F8690030B1049842464B4621461B
:10E83000FFF798FD58B1641CE4B2072CFFF435AF24
:10E84000002002B0BDEC028B04B0BDE8F09F641C58
:10E8500086F800A008210620E2B2CDE90089FFF782
:10E8600021FCEEE7B0FE012400F07F4560A9012401
:10E87000900302240000604000005C42B0080224C3
:10E880002DE9F0479AB016461F468846682105468E
:10E890006846F2F727FA664C32463B462146E06D61
:10E8A0001290206E1390684600F0FAFF9DF85C000D
:10E8B00048B9022D07D194F86A00012803D194F8D1
:10E8C00013038DF85C000EAB94F86420022D8DF8D4
:10E8D00050208DF85150ADF85480D4E90E0183E8F2
:10E8E000C30094F866008DF8560094F869108DF80E
:10E8F000571094F811338DF8523094F812138DF8A4
:10E90000531011D194F86A10012902D094F87E10A6
:10E9100051B14BB994F8101306290CD006218DF88B
:10E92000521007238DF8533094F81713072A8DF8E7
:10E93000581002D045E00821F1E7EDBBDFF8F4A064
:10E940005FF000014FF0010901EB810C0CEBC10CF1
:10E9500009FA01F30AEB8C0CDBB21842BCF844C292
:10E9600029D06FEA0C085FEA887805D19DF85D80B0
:10E9700048EA03088DF85D805FEA4C7805D59DF87C
:10E980005E8048EA03088DF85E80CCF3C508B8F1D4
:10E990003F0F05D19DF85F8048EA03088DF85F803E
:10E9A000CCF3422CBCF1070F05D19DF860C04CEAB6
:10E9B000030C8DF860C000E009E0491CC9B20729CA
:10E9C000C2D3062A03D194EDC30A8DED070A684627
:10E9D00003F094FC002827D0022D1BD194F86A0084
:10E9E000012802D094F87E00A0B101F0B1FB9DF89F
:10E9F0005B0028B99DF8560032463B4600F08AFD80
:10EA00000D4890F84404032802D0032000F086FF4C
:10EA100001F0A6FB06484FF44871F2F763F9074A84
:10EA20000020C2E9040001201AB0BDE8F087000010
:10EA3000B0FE012460A9012490030224B80001243F
:10EA4000134890F8101314291FD2DFE801F01E1E9E
:10EA50001E1E1E1E1E1E1E1E0A0C0E101214161C3A
:10EA600018180220704701207047032070470420C7
:10EA7000704705207047062070470720704790F8C0
:10EA800011030028FAD108207047002070470000C9
:10EA9000B0FE01242DE9F04F0446007FD1B0DFF82D
:10EAA00034A2401E164600F0FF091D46DDF868B18D
:10EAB000204609EB0912CDF800B00AEB8207324676
:10EAC00007F5107700F014F9207B082821D0206A80
:10EAD000FDF7D1FC00287DD0606AFDF7CCFC002852
:10EAE000F9D0A06AFDF7C7FC0028F4D0E06AFDF772
:10EAF000C2FC0028EFD0206BFDF7BDFC0028EAD057
:10EB00006168DAF85004814208D0062051B0BDE8AF
:10EB1000F08F714859461BF0D7FDF7E7D4E9041090
:10EB2000721A75EB000207D36C4B711A65EB00008B
:10EB30000022591A824101D20520E7E7387808B946
:10EB4000787850B1634832462B4605F075FA30B1FB
:10EB500000F080F928B10120D8E70420D6E70A2088
:10EB6000D4E74FF4987104A8F2F7BCF800215C4890
:10EB700004AA2B4602923246CDE90001594817F00B
:10EB800073FB207B38B1012805D09AF8441457460E
:10EB900001297BD175E009EB8901524801EBC902DB
:10EBA0009AF8E01400EB820000F5057859B938783E
:10EBB00018B1D8F82000022811D0787818B1D8F808
:10EBC000200001280BD0002704A800F085FD0028B4
:10EBD0009CD100E063E0207B012802D00AE00127FD
:10EBE000F2E79AF8441429B19AF8900410B1217F01
:10EBF00081424BD13FB1B8F830003B49B1EBC05F27
:10EC000009D00E2082E79BF866009DF83C118843EE
:10EC100001D008207AE709EB890104A800EBC107BD
:10EC200097F8200070B97868FDF725FC50B197ED92
:10EC3000010A2E49B0EEC00A10EE100A884201DC2B
:10EC4000786908B1092061E7224805F079FA0128BE
:10EC500001D00C205AE7207B88B1002000F05EFE36
:10EC6000227F00218AF890240846CAF84864CAF82E
:10EC70004C548AF891148AF8E01447E706E0012022
:10EC8000ECE7217F97F89024914201D007203DE7DF
:10EC9000052806D1607F012803D0022801D0032077
:10ECA00034E70020324604A92B460090584601F074
:10ECB00079F80028A6D1084859461BF005FD002820
:10ECC000A0D1022187F8441407F24447C7E901653F
:10ECD0001CE7000090030224A0AE012490D00300A2
:10ECE000A086010060A90124000080FFCDCC4C3D2E
:10ECF0002DE9F0410546007F80211646069C401E06
:10ED0000C7B298462046F1F7EDFF287884F86A00EC
:10ED100068682066A868E065D5E90402A663012654
:10ED2000C4F83C80C4E91C02A969A167297B06FAE2
:10ED300007F084F86B1084F86600384684F8696040
:10ED400084F87C6084F87D6001F0F6FAD5ED080A5D
:10ED500004EB870020EE200A80ED000A95ED090AF9
:10ED600080ED070A384601F0E7FAD5ED0A0A4FF4BC
:10ED70007A70364B022280EE801A84ED141A95EDDB
:10ED80000B0A84ED150A95ED0C0A84ED160A696BE1
:10ED9000A1FB0001C4E9120184F86760287B811E91
:10EDA000072908D2DFE801F00409091721213300FF
:10EDB000092084F86400BDE8F0810A2084F864002A
:10EDC00084F86720287B032803D0022084F865009C
:10EDD000F1E70120FAE784F86460687F12E002201E
:10EDE00000E0012084F86700E5E707280DD0052042
:10EDF00084F8640007EB870101EBC70003EB800098
:10EE0000D0F834020128ECD1E9E70420F0E707EB61
:10EE1000870101EBC701032084F8640003EB810044
:10EE200084F87E60D0F834020128C4D1084807EB8A
:10EE3000071184F8672000EB810090ED9D0A84EDB6
:10EE4000140A90ED9E0A84ED150AB4E760A9012426
:10EE500090030224124810B590F81003E8B9114845
:10EE600090F84A15C9B990F83C02B0B90E4890F82C
:10EE70004D1F90F84E2F91420FD190F84F1F90F8F0
:10EE8000502F914209D1D0F81C1F31B9D0F8200F72
:10EE900018B901F047F9002800D0012010BD00008A
:10EEA000B0FE012490030224A0EE012470B50446B4
:10EEB0000D480D46407918B115B10CB1072C01D998
:10EEC000002070BD01F044F9084904EB041044220D
:10EED00001EB8001284601F5FE71F1F7A7FE01F074
:10EEE0003FF9012070BD0000B80001249003022406
:10EEF0002DE9F04FD7B0154682468946FE48407945
:10EF000000287CD0002D7FD001F022F94FF49A61C7
:10EF10002846F1F7E7FE4FF4987104A8F1F7E2FEF6
:10EF2000182150A8F1F7DEFE0021524604A80290F5
:10EF3000F2484B46CDE90001F14817F095F9F04849
:10EF400050A9C03803F0AEFF5046494600F07EFCA1
:10EF5000DFF8B0B33822C5E900A9EB4C0BF500711E
:10EF60000BF24446DBF85404401CCBF85404A86070
:10EF7000D4F8080FE860DBF8500428619BF84404DB
:10EF8000287505F13800F1F751FE28220BF21C41DB
:10EF900005F17000F1F74AFEDC484FF001084169C5
:10EFA0002967416A6967C16BA967816AC5F88810DA
:10EFB000016DC5F88C100168C5F890104068C5F85F
:10EFC000940085F8C78485F8C88485F8C98496F8C4
:10EFD0004C0085F8C40496F89C0085F8C60405F238
:10EFE000C245584605F0ACF800212872584604F096
:10EFF000D1FF28700121A5F2C245584600E003E088
:10F0000004F0C8FF38B903E0002057B0BDE8F08F26
:10F010009BF84A0500B1012085F8C30494F8570F06
:10F02000B8B1BB4944F6E060405801F58041BAEB05
:10F030000003D1F8E41E79EB01020AD3B54FBAEB15
:10F04000000069EB01020023381A934101D301202B
:10F0500000E0002085F8C5049DF8400185F8CB0448
:10F060009DF8410185F8CC04FFF7F4FE85F8C10452
:10F07000082794F8280F2876D4F82C0FE861D4F8E4
:10F080001C0F286294F8290F85F82400A24ED4F8AA
:10F09000300FA862D4F8200FE86296F8100380B30E
:10F0A00096F86A002876306EE861F06D286296F86E
:10F0B00066005C3685F8C004FFF7C2FC85F83000B6
:10F0C00096F8B402142818D2DFE800F0840A0C0A7B
:10F0D0000E12181012128484848484848484141878
:10F0E000032008E0022006E0052004E0042002E0FE
:10F0F000062000E0072085F830006BE085F83070CE
:10F1000068E0FFE794F8500F94F84F1F884205D14C
:10F1100094F84E0F94F84D1F884228D094F8500F61
:10F1200094F84F1F884201D07C4809E094F84E0FB4
:10F1300044F2084200F00701754800EBC11010448A
:10F1400090F8661085F8C01490F86420032A04D162
:10F150009BF8E024114385F8C01490F86A202A76C1
:10F16000026EEA61C06D286285F8308032E00020CE
:10F170005B46024603EBC21191F8784054B191F816
:10F180007C403CB910B10C7B082C03D10C7B0846A9
:10F19000082C03D0521CD2B2042AEBD3D0B190E891
:10F1A000160005F1180383E81600027F521E08FAC4
:10F1B00002F2D2B285F8C02485F83080017B08299C
:10F1C00008D113C80C3383E813009BF8E004024312
:10F1D00085F8C0249BF83C120022584669B190F88B
:10F1E000E06495F8C0443143214385F8C01485F8A4
:10F1F0001880D0F85014C5E9071290F84A1561B18B
:10F2000095F8C0340B4385F8C03485F8307085F824
:10F210001880DBF85014C5E9071295F8C0246AB1CC
:10F220000021434603FA01F4224201F1010102D018
:10F2300085F8C41402E0C9B20729F3D35FF00006D1
:10F24000DFF8BCE004A806EB860106EB460400EB01
:10F25000C10104EB0614884606EB8607D1E90601D6
:10F2600007EBC60705EBC4049834BAEB00030EEBBA
:10F27000870779EB010207F5057704D3BAEB0000A5
:10F2800069EB010102E04FF0FF3001461C4B06EB39
:10F29000C60C06F1010B84F800B003EBCC0301228D
:10F2A00093F84530A3709DF83C31B240134201D031
:10F2B000012200E00022627000234FF47A72F1F71D
:10F2C0004FF94FF0FF3C02460023BCEB00008B419E
:10F2D00001D2604600E01046206198F82000012825
:10F2E00000D00020E07098F820002071304601F036
:10F2F00023F8D8ED000A13E0B8000124A08601002D
:10F3000060A9012490030224A0EE0124F4A70124A3
:10F31000A0AE012440420F00B0FE0124A8F6012453
:10F3200080EE801A84ED061A98ED010A84ED070A32
:10F3300098ED020A84ED080A98ED030A84ED090AA3
:10F3400098ED040A84ED0A0AD8F81400606197F871
:10F350003000C043800715D00020607197F830005E
:10F36000C0F38000A071388EC0F3C5003F280BD0D9
:10F370000020A179E07151B1386A012806D0022835
:10F3800004D004E00120E8E70120F2E72072DFF872
:10F39000788108EB8600D0F85804E060304600F031
:10F3A000CBFFD7ED000A06EB0611442280EE801A4F
:10F3B00008EB810104F13C0001F5107184ED0B1A9A
:10F3C00097ED010A84ED0C0A97ED020A84ED0D0A0F
:10F3D00097ED050A84ED0E0AF1F728FC304600F09F
:10F3E000ABFFD4ED100A304680EE801A84ED101A7F
:10F3F00000F0A2FFD4ED110A304680EE801A84EDB1
:10F40000111A00F099FFD4ED120A304680EE801AEE
:10F4100084ED121A00F090FFD4ED140A304680EE0D
:10F42000801A84ED141A00F087FFD4ED150A3046D7
:10F4300080EE801A84ED151A00F07EFFD4ED160AD6
:10F44000304680EE801A84ED161A00F075FFD4ED78
:10F45000180A304620EE200A84ED180A00F06CFFEE
:10F46000D4ED190A304620EE200A84ED190A00F086
:10F4700063FFD4ED1C0A254820EE200A84ED1C0A07
:10F4800090F83405B04235D1DFF88480002698F832
:10F49000380084F89400D8F82800C4F8900000BF21
:10F4A00008EBC602D2E90202BAEB000379EB0201D3
:10F4B00009D3BAEB000069EB020100234FF47A7222
:10F4C000F1F74EF802E04FF0FF30014608EB860CF2
:10F4D00004EB86079CED000A0022D0F1FF338A413D
:10F4E00087ED200A01D24FF0FF30C7F88800761C64
:10F4F000022ED5D30BF0FF06072EFFF4A1AE00F0CD
:10F500002FFE012081E500009003022460A9012460
:10F5100060AE012470B50B4C0125002194F8E06425
:10F52000064384F8E06400BF05FA01F6064204D001
:10F5300004EBC10606F59D660CC6491CC9B2072935
:10F54000F2D370BD9003022410B5044600F000FE13
:10F550000448214604F0A9FD044600F001FE2046BF
:10F5600010BD00009003022410B5044600F0F0FD29
:10F570000448214604F0BEFD044600F0F1FD20469B
:10F5800010BD0000900302242DE9F04704464F48C7
:10F59000C0B00D464079002878D000F0D7F900F0CF
:10F5A000D7FD2046294600F051F9494822462B460E
:10F5B00004F0E8FDDFF818914FF0010A99F84404CF
:10F5C000022808D1FFF746FC28B9484604F0B8FDE8
:10F5D00008B989F844A400263E4F02E00EB100218C
:10F5E00006E097F84F0F97F8501F884262D101212B
:10F5F000374802AA04F069FE60B3202118A8F1F789
:10F6000071FB02A80DF1600890E80E0020A888E8C0
:10F610000E009DF814102246CDE91C452B468DF8AE
:10F620006C10009002A8FFF735FA8DF86D0090B1CC
:10F630005FF000008DF87800254818A904F092FCCE
:10F640009DF87800B0F1000807D09DF8140020B1B3
:10F65000012802D02EE00120ECE7202110A8F1F7CC
:10F6600041FB02AB93E8070010AB83E807009DF86D
:10F6700014008DF84C009DF86D00CDE914458DF80F
:10F680004F009DF8780010B1002101E01BE002213D
:10F690008DF84D100E4810A98DF84EA08DF85D80A4
:10F6A00004F098FC9DF8780020B9D9F82814491C7A
:10F6B000C9F82814761CF6B2022E8FD340B0BDE8EC
:10F6C000F04700F04DBD40B0BDE8F087B800012420
:10F6D00090030224A0EE01242DE9F04707461F48BD
:10F6E00097F82C1190F8E06436EA010119D1DFF89F
:10F6F00070A000244FF00108814600BF04EB840194
:10F7000008FA04F0304207EBC10520D009EBC40031
:10F71000D5E90613D0F8E824D0F8EC04521A984141
:10F7200002D30820BDE8F08795F8200068B9686921
:10F7300058B96868FCF79FFE38B195ED010AB0EE44
:10F74000C00A10EE100A504501DD0920EAE7641CEA
:10F75000E4B2072CD2D30020E4E700009003022497
:10F76000CDCC4C3D10B5344C44212DED028B96B0E0
:10F770006846F1F7B7FA3148062111AA16F018FDCC
:10F78000F0BB9DED110AB0EE008A20EE080A10EEE3
:10F79000100AFCF770FE98B301208DF800009DED73
:10F7A000110AB1EE401A60EE081A8DED011A8DEDC6
:10F7B000020ACDED031ADDED140ACDED040A8DF831
:10F7C000010006208DED051A8DED060ACDED071A14
:10F7D000CDED080A00F0B0FDDFED191A9FED191A02
:10F7E0006420C1EE800A4FF47A71CDED0D0ACDEDA3
:10F7F0000A0ACDED090A8DED0E1A8DED0C1A00E006
:10F8000003E08DED0B1ACDE90F0144226946204635
:10F81000F1F703F900280AD0442269462046F1F79F
:10F8200005FA0948D0F87014491CC0F8701416B0D5
:10F83000BDEC028B10BD00006807022460A9012402
:10F840000000A042CDCC4C3E9003022470B5FFF7DF
:10F8500089FF114D0020114C00EB800101EBC0022B
:10F8600004EB800105EB8202D1F85834D2F83462FF
:10F87000B2F8442246EA02221BB1D1F874649642DF
:10F8800004D05B1CC1F85834C1F87424401CC0B2C9
:10F890000728E1D370BD000060A901249003022471
:10F8A000F0B5054691F86A00D1B0164601F16A0438
:10F8B0001F4685F8590091F86B0085F85A0000F052
:10F8C00047FC14F86A09012806D1114890F8910400
:10F8D00010B10A2085F85C0000F042FC4FF49871EA
:10F8E00004A8F1F7FFF900210A4804AA3B46029256
:10F8F0003246CDE90001084816F0B6FC94F86610CF
:10F90000002204A801F038F985F85B0051B0F0BD81
:10F9100090030224A086010060A901240949D1F8BE
:10F920005024521CC1F8502402D10122C1F85024A5
:10F9300081F8440408B1012100E00021024880F868
:10F94000381F704790030224A0EE012430B5A3B005
:10F9500000F0FEFB304D0024304808A91AF08AF967
:10F96000F0B39DF87900012852D120216846F1F7C3
:10F97000B9F99DF879008DF800001B9801901A984C
:10F9800002909DF87A008DF80C009DF871008DF8BA
:10F990000D009DF872008DF80E009DF87C008DF82A
:10F9A0000F00DDE91801CDE90401BDF874006946D6
:10F9B000ADF818009DF873008DF81A009DF87600D8
:10F9C0008DF81B009DF878008DF81C009DF87B00D9
:10F9D0008DF81D00104804F0FDFA08B108A900E0F8
:10F9E00016E00E481AF0B4F9DDE9180105F5896250
:10F9F00003C29DF87100022806D195F8440403283B
:10FA000002D00320FFF78AFF641CE4B2082CA3D3C2
:10FA100000F0A6FB23B030BD90030224A0AE012469
:10FA2000F0B5D1B005460E4600F092FB324C94F88A
:10FA3000E004C8B1FFF70EFAB0B94FF4987104A80A
:10FA4000F1F750F900212D4804AA334602922A46C4
:10FA5000CDE900012A4816F007FC04A8FFF73CFE98
:10FA600010B9002084F8E00494F8440438B1032865
:10FA700005D021482A46334604F0DEFA10B100F0E2
:10FA80006FFB36E01F49382201F52670F1F7CEF8FA
:10FA900004F59A601C4F60C094F8440484F8D804BC
:10FAA00097F81003C4F8DC040320FFF737FF0120A8
:10FAB00084F89104D4F82C04401CC4F82C0400F001
:10FAC0004FFB97F81003A0B197F86A00012810D1F6
:10FAD00097F8640003280CD0FEF7B2FF00B90420A9
:10FAE000CDE9005694F890240621FEF7DBFA51B0D8
:10FAF000F0BD0020FBE7000090030224A086010077
:10FB000060A9012490050224B0FE01242DE9F04FE4
:10FB1000F1B0924607460E464FF0000800F018FB81
:10FB2000814804F0F7FB814D044695F8500F95F895
:10FB30004F1F884201D095F86E8800207A4A012331
:10FB400002EBC01191F878C0BCF1000F10D091F811
:10FB50007CC0BCF1000F0BD191F80CC0BCF1080FB8
:10FB600006D1097F491E03FA01F1C9B241EA08082A
:10FB7000401CC0B20428E3D392F84A05914638B934
:10FB800000F0D8FA08B944EA080499F84A0520B107
:10FB900099F84A1528EA01000443DFF894B1ECB360
:10FBA00099F8E02444EA08049BF8103322431446F1
:10FBB0001BB19BF8660040EA020495F84E0F5D4BBE
:10FBC0000BE000BF00F00702401C03EBC21202F57D
:10FBD0008042C0B292F86E24144395F84D2F8242B1
:10FBE000F0D195F8500F95F84F2F904202D095F82C
:10FBF0006E08044399F84A05C8463A4620433346FE
:10FC000089F84A05FFF786FC98F84404032802D0D7
:10FC10000320FFF783FE4848381800E005E046F16E
:10FC20000001C8F85415C8F8500500F099FA99F881
:10FC30004A05002875D04FF0000894B13F483A4675
:10FC4000334615F041FC8BF81683444689F84B8502
:10FC500099F84A153A4A394816F08AF808B189F8ED
:10FC600000469BF8100368B100F064FA50B100211F
:10FC70003A4603203346FEF703FE9AF80010084385
:10FC80008AF800005FF0000400F054FA90B12948AF
:10FC900050A91AF011F868B150A83A463346FEF759
:10FCA000BDFC9AF80010641CE4B208438AF8000016
:10FCB000092CE9D34FF4987104A8F1F713F8002147
:10FCC000204804AA334602923A46CDE900011B4877
:10FCD00016F0CAFA00F03CFA9BF81003F0B995F858
:10FCE0004E0F95F84D1F884218D195F8500F95F892
:10FCF0004F1F884212D199F84B054C4699F80016CF
:10FD000088420BD304A8FFF7E7FC28B104F5AA60EA
:10FD100003C8381A8E4101D384F84A8500F020FACE
:10FD2000012071B0BDE8F08F90030224A0EE012401
:10FD3000B0FE0124A0AE012420A1070060A9012487
:10FD4000E8080224A086010010B504460C4840795A
:10FD500048B100F0FDF90B48214604F03FFA0C28A9
:10FD6000044602D007E00E2010BD0648D0F830143B
:10FD7000491CC0F8301400F0F3F9204610BD000013
:10FD8000B80001249003022410B5044600F0E0F905
:10FD90000348214604F0C7FABDE8104000F0E0B97E
:10FDA000900302242DE9FF5F002517461E460446F6
:10FDB0002DED028BC0B000F0CBF938463146FFF78D
:10FDC00045FDDFF84C83216ED8F85004814201D004
:10FDD000062593E1D4E91C107A1A76EB000209D3C8
:10FDE000509A4AB9CB4B791A66EB00000022591A97
:10FDF000824101D2052581E1C5483A46334604F0E7
:10FE00001BF938B198F84414012905D0022903D010
:10FE1000072573E10A2571E10026C346BE4906EBBA
:10FE2000860000EBC60294F8640006EB860301EB43
:10FE30008201439A0A2802EBC30901F5057A0CD026
:10FE4000012803D194F86710022906D0002109285F
:10FE500088460DD00A2802D005E00121F7E794F882
:10FE60006510022904D00021509A3D9112B10DE095
:10FE70000121F9E7092803D00A2801D0012805D17A
:10FE8000DAF82000012805D0022803D000223B9296
:10FE9000012008E0439890F82C1101203B90B040DD
:10FEA0000142F5D1002004EB86013A9106EB0612DF
:10FEB000D9ED000A91ED000A0BEB8207399024A9D5
:10FEC000009107F510774422394630EE208A01A8C8
:10FED000F0F7ACFEB8F1000F0FD097ED050A8DEDED
:10FEE000020A97ED060A8DED030A97ED070A8DEDDC
:10FEF000040A97ED080A8DED050A0098442201A92D
:10FF0000F0F794FE442224A913A8F0F78FFE0120F5
:10FF100094F86610B040014247D094F86410042968
:10FF200008D0052906D0B8F1000F11D09DF84D205A
:10FF30008AB102E09DF84D2052B10BEB8603A26F0F
:10FF4000D3F858349A427FF443AF3B9A2AB10BE07E
:10FF50009DF84C20ECE70425D0E0439A92F82C2140
:10FF6000024201D10825C9E0BAF830006B4AB2EB71
:10FF7000C05F01D00E25C1E0042917D0052915D096
:10FF800099F8200080B9D9F80400FCF774FA58B148
:10FF900099ED010A6249B0EEC00A10EE100A8842DB
:10FFA00002DCD9F8140008B109259DE03D98E8B3BA
:10FFB0003A989DED160AD0ED000AF0EEE00AF4EE54
:10FFC000C00AF1EE10FA39DC90ED070ADDED170AF0
:10FFD000B4EEE00AF1EE10FA30DC3998D8B118EE40
:10FFE000100AFCF748FA48B39DED140AB4EEC80AAB
:10FFF000F1EE10FA22DC9DED150AB4EEC80AF1EE1E
:020000040801F1
:1000000010FA1BD39AED000AF0EEC80AF4EEC00A0B
:10001000F1EE10FA12DC3A98DAED050A90ED070AD3
:10002000B4EEE00AF1EE10FA08DC00E008E0DAEDE8
:10003000010AB4EEE00AF1EE10FA01DD0B2553E0FF
:1000400094F864000A284FD194ED140ADDED1C0ADF
:10005000B4EEE00AF1EE10FAF0D3DDED1D0AB4EED5
:10006000E00AF1EE10FAE9DC94ED150ADDED1E0A66
:10007000B4EEE00AF1EE10FAE0D3DDED1F0AB4EEC3
:10008000E00AF1EE10FAD9DC94ED160AB5EEC00ADA
:10009000F1EE10FAD2D1229B4FF47A72D4E9120118
:1000A000A3FB0237C31A71EB0703C7D3239BA3FB40
:1000B0000232181A8A41C1D33998A8B1D9F8000080
:1000C000FCF7D9F90028B9D099ED000ADDED140A42
:1000D000B4EEE00AF1EE10FAB0D3DDED150AB4EE9D
:1000E000E00AF1EE10FAA9DC761CF6B235B9072E5B
:1000F000FFF494AE20461AF025FD054600F030F8D6
:1001000040B02846BDEC028B04B0BDE8F09F000073
:100110009003022490D0030060A90124000080FF16
:10012000CDCC4C3D024881784078081AC0B2704767
:10013000B8000124054881784078081AC0B2042824
:1001400001D201207047002070470000B800012450
:1001500002488068002800D000477047B80001249A
:100160000248C068002800D000477047B80001244A
:1001700070B5C2B0144602A91D46064609481AF0D9
:10018000DEFA00280CD09DF86E1022AA05481AF05D
:10019000B1FD02213246CDE9004502A802F0DCF8AB
:1001A00042B070BDA0AE012417F0B8BAF8B504464D
:1001B000084816460D46407950B14EB1204602F02F
:1001C00071F9054822462B46009617F0B3FDF8BD9D
:1001D0000020F8BDB8000124A0AE01242DE9FC41A7
:1001E0002D4D0024904606462C480F464FF4C16121
:1001F000AC60EC60F0F776FD28490120C1F85004AE
:10020000084603F04BFF0020C5E90400244806F02F
:1002100074FE02F0EDFB224A01462248CDE9006758
:1002200002F05EFE02F0E4FB01461E4820300AF0B8
:10023000CCFF02F0DDFB01461A48C03016F028F86A
:10024000060005D117484021C03015F0CBFC06460A
:100250001548414619F07EFA1448AA21F0F720FD0E
:1002600012484FF448712C70B030F0F73BFD104845
:100270004FF4D071F0F736FD084820216C7020381B
:10028000AC70F0F72FFDEC702C711EB1002068717E
:10029000BDE8FC810120FAE7B800012490030224A4
:1002A000D88F0124A0A80124A0AE012400FE0124BF
:1002B000D0010224F0B540B139B132B190F86930C3
:1002C0001BB190F868307F2B01D00020F0BD9FED6E
:1002D0000D0A00235D1C00EB830401EB8306D4EDC3
:1002E000000A02EB8307EBB260EE800A072BC6ED33
:1002F000000AD4ED070A60EE800AC7ED000AE9D3D0
:100300000120F0BD35FA8E3C1CB50421CDE9002357
:100310000246064802F0FFFD054900200870034828
:10032000BDE81C400349C03015F01EBDA0A8012443
:10033000B800012400FE01249FED030A0628F7EE11
:10034000000A00FE200A704727A09941074991F84A
:100350006A20012A04D191F8691009B1062802D057
:10036000B7EE000A70479FED020A7047B0FE012405
:1003700027A099412DE9F05F17461E4601004FF076
:1003800000022DED028BDDF830B08BF8002014D088
:10039000DFF858910020012399F8662000EB8004D3
:1003A00003FA00F801EBC40C12EA080FDCE906546A
:1003B00004D1401CC0B20728F0D371E091F82C2181
:1003C000012181400A4217D0DCF800106FEAD151B8
:1003D00011F0FF0F10D0DCF8141069B9791B76EB1F
:1003E000040109D3DFF808817B1B66EB04020021BE
:1003F000B8EB0303914105D20020C9F8F802C9F80F
:10040000FC024DE0D9F80083CE46D9F80413B8EBCE
:10041000050271EB040243D2DFF8D4A0B5EB080368
:1004200064EB01014FF00009BAEB030279EB01091B
:1004300004D20021CEF8F812CEF8FC120EEB8002A6
:10044000CEF80053F046CEF804439CED000AD2EDFE
:100450009B0A30EE600AB0EEC08AFFF777FFC8EE65
:10046000000A244910EE900A88421BDC4046C0E98D
:10047000BC76D0E9BE12114301D1C0E9BE54D0F818
:10048000F812D8F8FC021C4A691A64EB0004881AB6
:1004900074F1000004D30120BDEC028BBDE8F09F95
:1004A0000020F9E700214046144BC0E9BE1198ED49
:1004B000C20A30EE600A10EE101A994206DBC0ED57
:1004C000C20AC0F8F072C8F8F462E9E7D0F8F01296
:1004D000D8F8F4020A4A791A66EB0006881A76F10F
:1004E0000000DDD301208BF80000D9E7B0FE012425
:1004F000A086010035FA0E3C400D030088C3E43AA3
:1005000080841E00102815D2DFE800F012141414A5
:100510001408081408141014140A0C0E0120704753
:100520000220704703207047042070470520704761
:1005300000207047082070472DE9F84304464C48D6
:100540001E460D46407930B142B13EB1494890F85F
:100550004A0558BB04E00520BDE8F8830420FBE70A
:10056000DFF81481404698F810130B2924D1034674
:1005700090F86A0001281FD193F86400092803D07D
:100580000A2801D0012817D198F866C000204FF042
:10059000010900BF09FA00F71CEA070F08D008EBB1
:1005A000C003D3E9AA733F1BAB4101D30220D3E7B9
:1005B000401CC0B20728EDD398F81503474698F8B9
:1005C000283198423BD200EB400007EB8000D0F886
:1005D00080101160D0F884105160D0F888009060CD
:1005E00097F81503401CC0B287F8150397F8281137
:1005F00088421FD197F810030B2810D00D280ED079
:100600000E280CD0102806D0112808D0122806D0A9
:10061000132804D00EE097F8670002280AD0174884
:100620000023174A294600902046FDF781FF08B9AC
:10063000C7E9B84597F81403307001208CE7012909
:100640004FF003070DD003290BD00C2909D00D481A
:100650002B460092224615F081FF0128A7D1377062
:100660007AE708482B460092224615F0C9FEF4E7C7
:10067000B800012490030224B0FE0124900102245A
:1006800020A1070060A901242DE9F04706001D48BC
:100690002DED028B90F8665029D096F82C1135EA92
:1006A000010124D1DFF860A000240127814600BFAA
:1006B00007FA04F0C0B205421ED004EB84012046C4
:1006C00009EB840206EBC108D2ED9B0A98ED000A03
:1006D00030EE600AB0EEC08AFFF738FEC8EE000ABE
:1006E00010EE900A504502DCD8F8140020B100202A
:1006F000BDEC028BBDE8F087641CE4B2072CD7D3B5
:100700000120F5E7B0FE012435FA0E3C0A4991F8C4
:100710006A2091F86600012A0CD191F86420092A18
:1007200008D191F8691029B120B1411E084201D1C8
:100730000120704700207047B0FE0124084910B521
:1007400091F864000A2809D0092805D191F86900B8
:1007500010B1FFF7DBFF08B1002010BD012010BD74
:10076000B0FE0124044890F86700022802D04FF43C
:100770008070704700207047B0FE01240C4910B50E
:10078000497991B188B10B4991F84A1569B90A4C78
:1007900094F8161349B1542204F50671F0F701FAE2
:1007A000002084F81603012010BD002010BD0000B9
:1007B000B800012490030224B0FE01241A4A10B5A7
:1007C000517971B168B1194B117893F8A8408C42F6
:1007D0001DD803F5B26191F84B2591F800369A4285
:1007E00001D3002010BD02EB420201EB8202D2F8DD
:1007F00058350360D2F85C354360D2F860258260DA
:1008000091F84B05401C81F84B05012010BD01EB10
:100810004104491C03EB84031C6804605C68446069
:100820009B6883601170F0E7B800012400FE01248A
:1008300010B504460648407940B13CB1FFF786F850
:1008400021460448BDE8104019F098BA002010BDB8
:10085000B8000124A0AE0124F0B5B9B005461CA82B
:100860000E467021F0F73EFA1F4C94F867000228FC
:100870000ED000208DF8DC0002AF58B11B482A468C
:10088000334600970AF07EFAD8B1012039B0F0BDA6
:100890000120EFE768213846F0F724FA0020CDE97F
:1008A000185604EB800207EB800192ED760A431C98
:1008B00081ED000A92ED6F0AD8B2072881ED070A90
:1008C000EFD30A4802A90A4B78300090A3F1A002A6
:1008D0001CA809F0C1FF08B10320D7E7012084F864
:1008E00016030020D2E70000B0FE012450000224CD
:1008F00060A9012410B59CB002460F4802AC0B461B
:10090000009404460AF082F910B101201CB010BD19
:10091000094802A9094BE8300090A3F1A002204643
:1009200009F09AFF08B10320F0E70549012081F89A
:1009300016030020EAE70000E0FF012460A901247B
:10094000B0FE01242DE9F0410746174815461E4622
:1009500090F86A2090F8661090F86440012A05D15A
:10096000092C0AD00A2C08D0012C06D0A7B197F880
:100970002C0131EA000002D00EE02A460EE0092CDC
:1009800003D0384600F0CEF830B12A463346384618
:10099000BDE8F04101F02CBE2A4633463846BDE89A
:1009A000F041FDF77BBC0000B0FE01242DE9FE43C1
:1009B00007460B4814461D46DDF828800E46407950
:1009C00060B11046194601F06DFD8DE83001054813
:1009D0003246394619F05AFBBDE8FE830620FBE794
:1009E000B8000124A0AE01240449497919B1014697
:1009F000034814F050BE052070470000B8000124E1
:100A000060A90124064B10B593F81143002C05D1C1
:100A100083F8110383F8121383F8172310BD000025
:100A2000B0FE012470B506460C4814461D464079B8
:100A300030B10B4890F81003082803D0092801D0E2
:100A4000002070BD3046FFF75FFC22462B46314642
:100A5000BDE870400220FDF713BF0000B80001247C
:100A6000B0FE01240D4930B54C79A4B198B10C7990
:100A7000CD78641BE4B2022C0BD2094D0C7904F042
:100A8000010405EB04142260C4E901300879401C1C
:100A90000871012030BD002030BD0000B8000124E5
:100AA00070030224F0B5D0B1CAB190F82C3131EA0C
:100AB000030314D15FF0010505FA03F4E4B2214207
:100AC0000FD003EB830602EBC30400EBC606D4E9A8
:100AD0000074D6E906C6B7EB0C07B44101D3002079
:100AE000F0BD5B1CDBB2072BE6D30120F0BD00009C
:100AF00010B590F82C2131EA02020BD15FF001040D
:100B000004FA02F30B4207D002EB820300EBC303AB
:100B10005B690BB1002010BD521CD2B2072AEFD383
:100B2000012010BD70B5E8B190F82C2131EA020225
:100B300018D1104D012400BF04FA02F3DBB21942B0
:100B400012D002EB820300EBC30393F820604EB98E
:100B50005E693EB993ED010AB0EEC00A10EE103A9C
:100B6000AB4201DD002070BD521CD2B2072AE3D394
:100B7000012070BDCDCC4C3D30B590F82C3131EA20
:100B800003030DD15FF0010505FA03F40C4209D00F
:100B900003EB830400EBC40494F82040944201D09A
:100BA000002030BD5B1CDBB2072BEDD3012030BD34
:100BB0002DE9F04FFA4FADF55D7D4FF00009054688
:100BC0000C464E468DF80C90787998B3DFF8D483B4
:100BD00000260FE000F0030000EB800101EBC001F4
:100BE000F14808EBC10119F0FDFC48B17878012605
:100BF000401C7870B9787878091A11F0FF0FE9D1A4
:100C000028462146FEF70CFF9DF80C1008438DF88E
:100C10000C00D8A9DBA801F0D9FB28B1DDE9D82365
:100C2000DB98FDF7F5F9D2E003AA28462146FEF746
:100C30006DFF10B19DF80C00C9E0D7E9041251EA2C
:100C4000020010D0681A74EB02000CD3691A64EB2E
:100C500002000022D1F1FF33824101D24FF0FF3177
:100C6000D24806F0B8F9C7E904544FF49871BB466E
:100C700004A8F0F737F80021CD4804AA23460292D1
:100C80002A46CDE90001CB4815F0EEFA070006D15F
:100C9000C84804A92A462346A0380AF04BFBC54899
:100CA0002A462346C03802F06BF9182192A8F0F7C3
:100CB00019F8C04892A9C03802F0F4F89DF85E0215
:100CC000DFF8F4A230B99DF85F0218B9FCF750FFC5
:100CD000002870D0002104A801EB810200EBC202C1
:100CE000526942B101EB8102491C00EBC20040692C
:100CF00061F31F6004E0491CC9B20729ECD34846E0
:100D00009DF85E1211B99DF85F227AB108B10727EC
:100D100012E011B99DF85F0240B11FB99DF83C0186
:100D20007F2803D09DF83C01082705E0A348D0F8B0
:100D3000340803283FD30627804601F04BFD9D4829
:100D40002A46234614F0C0FB9AF81013A9B1062FC7
:100D50000BD19AF86400092801D00A2805D1FDF7C3
:100D60006FFE00220821FFF74DFE02202A4623468F
:100D70003946FDF785FD8DF80C002A462346384696
:100D8000FFF7F6F99DF80C104246CDE900540843F0
:100D90008DF80C0087483946C03802F0BCF8864907
:100DA0008448B0398BF8009014F0DEFF7E4816F0CE
:100DB0005BFB3FE7FFE7DAA82A462346009004A83A
:100DC000FDF74CFC8DF80C009DF8681321B10DF572
:100DD0005D7D3043BDE8F08FFFF7BAF9784890F8B1
:100DE000440460B97648012103F0D4F838B99AF880
:100DF0006A10012903D09AF87E00D04610B1FFF79F
:100E0000AFF94DE0FFF7ACF9FCF7B2FEF0BB664876
:100E10002A46234619F022FFC0B301F0DBFC6548E7
:100E20002A46234614F050FB98F8100328B10021FD
:100E30002A4603202346FDF723FD03202A462346A6
:100E4000FFF796F99DF80C102A46234608438DF8C3
:100E50000C005848C03802F013F8534816F004FB51
:100E600055495448B0398BF8009014F07DFF682143
:100E700070A8EFF737FF53480B210122D0F80C0F71
:100E80008DF8101283908DF8112200E008E0CDE972
:100E9000805470A801F032FA9DF80C10084399E0D4
:100EA0009AF81003D046E8B3FFF744F9D8B33E48A8
:100EB00070A919F0CFF8B0B3414A40469DF8261208
:100EC00098F866C09DF83E3292F8E02411438DF800
:100ED00026120AB1012200E0002213438DF83E32AF
:100EE00090F86A20012A02D090F87E2002B10122F7
:100EF0001A438DF83E2241EA0C018DF8261290F833
:100F0000671023468DF827122A4690ED140A8DEDBE
:100F1000840A90ED150A8DED850A98ED160A8DED7F
:100F2000860A01E059E015E0224814F0CDFA0021CC
:100F30002A4603202346FDF7A3FCCDE9005404A96B
:100F4000804670A83A4600F0F7FA48EA00018DF8AA
:100F50000C106FE698F86400032836D1FFF7EAF822
:100F600090BB98F86610B8AA0F4819F0C3FE58B3A2
:100F70009DF8461398F86600814226D00E498022DB
:100F800098A8EFF753FE9DF846032A468DF8C6024F
:100F90002346084814F098FA04A93A4698A87CE039
:100FA000B8000124D0010224A0AE0124D88F01246E
:100FB000A086010060A90124B0FE0124D89F01246D
:100FC00090030224A0EE0124FFE704A82A4623464A
:100FD00000F06CF88DF80C002CE6FFF7ABF8E0B3EE
:100FE000304898A919F036F8B8B32F484FF00008E8
:100FF0009DF8C61290F8E0249DF8DE0211438DF8AA
:10100000C6120AB1012100E0002108438DF8DE027A
:10101000244870A919F093FB40B39DF82A129DF85B
:10102000DE02012900D000212A4608438DF8DE02A5
:101030009DF8C60223469DF8261208438DF8C60285
:101040009DF827028DF8C7029DED840A8DEDAC0A4C
:101050009DED850A8DEDAD0A00E011E09DED860A5B
:1010600070A88DEDAE0AFDF7D9FA80463A46CDE973
:10107000005404A998A800F05FFA40EA0800A9E724
:10108000FFF750F80028A7D1064850A918F014FE21
:101090000028A1D004A93A4650A8CDE9005400F098
:1010A0004BFA97E7A0AE0124900302242DE9F04FFC
:1010B000B3B015461C468246FE4A92F8100300283B
:1010C00078D0A0F10A01092906D833B02A46504643
:1010D000BDE8F04FFCF76EBDF7490128934691F843
:1010E000A83315D01646F34AF44F15EB070892F8CB
:1010F000662044F1000902281FD003283DD096F84D
:10110000151396F82831994255D304283AD052E065
:10111000042B02D0052B22D0C6E1E7482A469BF8D3
:1011200067102346C03801F067FE10BB00212A4635
:101130002346084669E1022067E191F8800302280E
:1011400002D0032815D0AFE191F8900332EA0000F5
:10115000E2D1D9484FF4807114F0D4FC18B10221C7
:101160002A462346E7E7032186F81013C6E9B88923
:10117000CDE101212A462346DDE7042BD6D0052BFD
:101180007ED091E196F8690008B1114600E07F2118
:1011900050460122FFF7F0FC68B196F8690000287C
:1011A000C4D1C5482A462346C03801F054FE002861
:1011B000BCD079E1CCE0BF48374696F8101300F573
:1011C0000276082900F5987001900ED0092966D0A2
:1011D00097F8150397F82821904201D305297CD070
:1011E000904201D3062979D040E1702108A8EFF799
:1011F00079FDB14808A9A03809F0C2FF30BB2BAA7D
:1012000024A908A8FFF756F800B324A82A462346C5
:1012100001F00CF901F0ECFB04AB0146A8480022F8
:1012200083E845009DF888002BAB009024AA019824
:10123000CDE9025409F056FE97F8150230B19E48E8
:101240002A462346C03801F0BDFD20B197F8161399
:10125000384629B128E100212A462346084675E090
:1012600090F89C11012909D0D0F88811D7F88C2169
:1012700085EA010084EA020108439AD1284600E089
:1012800041E12146FFF736FB002892D002202A4692
:101290002346FFF739F802212A46234655E0D7E9CD
:1012A0007E10D7E9802311EB020940EB030870217F
:1012B00008A8EFF717FDB5EB090174EB08002AD376
:1012C0007D4808A9A03809F05BFF20BB2BAA24A900
:1012D00008A8FEF7EFFFF0B101E03CE09EE001F06E
:1012E00087FB0146764A00200696CDE902542BABD7
:1012F000CDE904209DF8880024AA0090019809F007
:10130000F1FD97F8150230B16B482A462346C038E4
:1013100001F058FD18B197F8160328B1C4E0002178
:101320002A460120234611E097F86700022843D19E
:1013300028462146FFF790FAF0B304202A462346B8
:10134000FEF7E2FF04212A4623460220FDF798FA21
:1013500033B0BDE8F08F9AF82C01012297F866109F
:1013600031EA000000D000224FF0010E0020BB4601
:101370000EFA00F3DBB219421AD000EB80070BEB38
:10138000800C0AEBC706DCED530A96ED000A30EE3E
:10139000600AB5EEC00AF1EE10FA01D2B1EE400AD1
:1013A00010EE103A474FBB4201DC736903B10022D3
:1013B000401CC0B2072800E076E0D9D39BF8640057
:1013C0005E4603281AD196F87E30BBB1394A3A48B6
:1013D000803214F0CDFC010002D02A462346AAE652
:1013E000062286F81023002086F8140386F81503D9
:1013F0005046C6E9B889FDF719F988E052B10328CB
:1014000032D000202A460021234633B0BDE8F04FF9
:10141000FDF736BA00208BF8150345E097F87E00FB
:1014200018B997F86A00012806D197F86610504657
:10143000254AFFF737FBC8B197F8690010B197F854
:10144000661000E07F2150460022FFF795FB68B14F
:1014500097F8690028B918482A462346C03801F091
:10146000E3FC97F86400CAE70120CBE797F815037F
:1014700097F82811884217D397F81003072813D13B
:1014800097F866105046FFF733FB68B10A482A46C2
:101490002346C03801F074FC00283FF447AE97F8AB
:1014A000690000287FF442AEDBE9B812691A74EBD8
:1014B00002010BE0B0FE012460A9012420A1070075
:1014C000400D030035FA0E3C580102241FD39BF84F
:1014D0001003042804D0082810D009280ED012E0E8
:1014E0000C482A46234601F0CBFC0B49002008702B
:1014F00008480A49C03014F037FC04E003202A46AB
:101500002346FEF701FF03212A46234613E6002067
:101510001EE70000A0A80124B800012400FE012459
:10152000044A18B111B1C2E902017047002090606D
:10153000D0607047B80001242DE9FF4F0026044613
:1015400068212DED028BF5B004A8DDE98457EFF793
:10155000C9FBE06D2A4616903B46206E2146179047
:1015600004A8FEF79DF994F864004FF002098DF885
:10157000600012AA8DF86190D4E90E0182E8A30000
:1015800094F8660060A98DF8660094F869008DF8FB
:101590006700FE4801F086FC9DF88201022809D010
:1015A0004FF4807094F86A104FF0010802900129FE
:1015B00002D015E00020F5E794F8640003280FD06E
:1015C0000020009078992A463B462046FEF7EAFB29
:1015D0008DF86C0020B18DF862808DF8638066E034
:1015E00094F87E0018B194F86400032807D094F8AA
:1015F0006A00012806D194F86400042802D1789882
:10160000FDF714F894F8640058B3072858D0E0495F
:1016100015EB010947F1000A012872D0DFF874B315
:1016200002286DD0ABF18001DB4B01F5A6722D9243
:10163000EA1801F502715F9147F100010328CDE935
:101640005D1275D0042874D0052873D009285BD0AA
:101650000A2859D008289FEDD18A6CD006286BD073
:1016600010E3799818B10320ADF864001FE0C74873
:101670002246CDE900577899203009F0ABFCADF84F
:101680006400A0B9C1482A463B4601F05CFC70B931
:10169000002021461C228DF86100ADF8640004A8EA
:1016A000EFF7C4FAB9480BA9203009F047FD04A8A8
:1016B00000F024FE75B0BDEC028B04B0BDE8F08FE5
:1016C000B24894F86610C03014F08CFA0600C7D106
:1016D000B0484FF448718038EFF704FBAD488022E2
:1016E00021468038EFF7A2FAAA48AD4A8038AA18F6
:1016F00047F1000180F81093C0E9B82181E200E0D1
:101700002EE094F8690030B178992A463B4620468D
:1017100000F058FDCEE794F8670002280DD04FF492
:1017200080719A48C03014F0EAF9060007D0A9E2A7
:1017300064E064E180E1B2E165E20021F1E795480F
:101740004FF448718038EFF7CDFA92488022214655
:101750008038EFF76BFA8F48803880F8108327E0E5
:1017600094F8690038B3894894F86630C03090F82E
:10177000900333EA000001D0062683E28348FC226E
:10178000111DCDF800B0C03014F0FEFB0600CED124
:101790008048802221468038EFF748FA7D480423AC
:1017A0008038002580F8103380F8148380F81553B2
:1017B000C0E9B89A25E275487F230299FC22C0301F
:1017C000CDF800B014F0E0FB0600B0D16F482A4617
:1017D0003B4601F09CFA0028A9D16E4880222146A0
:1017E0008038EFF723FA6B4804258038002380F80F
:1017F000105380F8148380F81533D9E794F8690002
:10180000E8B31C211EA8EFF76DFA1C2125A8EFF7FD
:1018100069FA002045461EAA94F8663005FA00F1E0
:10182000C9B20B4213D0789B93F82C310B4220D0D5
:10183000789900EB800301EBC30191F82030012B74
:1018400017D191ED000A02EB800181ED000A401CE6
:10185000C0B20728E0D394F86700CDF800B00228A2
:1018600011D04A4825AB94F86610C03014F0CEFB76
:10187000A8B146485A4694F86610C03000E035E0FA
:1018800014F076FAB7E004F1500094F8661025AB36
:1018900090EC030A3D48C03014F0CCFAE8E73D482C
:1018A000802221468038EFF7C1F93A4C052100200B
:1018B000803C1C2284F810131EA984F8145384F869
:1018C000150304F544742D98EFF7B0F944E90C9A28
:1018D00097E13048802221468038EFF7A7F92D485C
:1018E00000210624803880F81043D3E0702138A806
:1018F000EFF7F8F97998E0BB244838A9203009F0CF
:101900003FFCB0BB56AA66A938A8FEF7D3FC80B34B
:1019100001F06EF81EAE0095B7EE000A56AACDE9AA
:10192000017666A909F0BCF818BB18482A463B4660
:1019300001F0D1F9E8B917484FF448718038EFF752
:10194000D1F91448802221468038EFF76FF9154805
:1019500068221EA9EFF76AF90E488038C0E962577D
:10196000DDE93621C0E9642194F86730022B3FD0CD
:1019700000E037E04FF0000C80F89CC1002300BF6E
:1019800006EB830C03F101080EE00000A0A801247F
:1019900020A1070030FF0124C091210035FA8E3CC0
:1019A00000127A00500002249CED0E0A00EB830C1A
:1019B00008F0FF03072B8CED530AE1D3DDE95D3618
:1019C0004FF0090C80F810C392195941C0E9B821B1
:1019D0005F9808F071FF28463946FEF73DFF002862
:1019E0003FF498AEC1484FF44871EFF77BF91EE021
:1019F0004FF0010CC0E706003FF46BAF42E194F8F2
:101A00006900A0B194F86A0001280BD04FF48070EF
:101A1000CDF800B094F86630FD220146B44814F0C9
:101A2000B3FAE8E794F8670000F0CCFEF0E7B048BE
:101A3000594614F099F9DEE794F86900072588B152
:101A400094F86A00012808D04FF48070CDF800B0F7
:101A500094F86630FB2201460EE094F8670000F02F
:101A6000B1FEF3E79DF8820100287BD0CDF800B0ED
:101A7000FB2294F8663002999D4814F085FA06001E
:101A800070D19A4880222146EFF7D0F8974800217C
:101A900080F8105380F8141380F8151388E64FF07F
:101AA0000009DFED948A1C218DF8089026A8EFF735
:101AB00019F91C211EA8EFF715F900200DF1780285
:101AC00094F8663008FA00F1C9B20B4237D0789B1F
:101AD00000EB800604EB800103EBC606D1ED000AA3
:101AE00096ED000A26AB03EB800300EE880A02EBBA
:101AF000800683ED000A91ED070A20EE080A86EDC4
:101B0000000A91ED000AB5EEC00AF1EE10FA02D219
:101B1000F1EE400A01E0F0EE400A91ED071AC0EE46
:101B2000811AF4EEE81AF1EE10FA08DDB5EEC00AFB
:101B3000F1EE10FA01D2B1EE400AC0EE018A401C6B
:101B4000C0B20728BCD302A826ABCDE9002094F888
:101B500066206748789914F07DFE060022D194F83B
:101B6000661000E08EE008FA00F2D2B211420CD00A
:101B7000789A00EB800302EBC30292F82020012A3E
:101B800003D00C268DF808000CE0401CC0B20728DA
:101B9000E7D357481EAB26AACDF800B014F036FAAA
:101BA00006000CD030468DF86280FEF7ABFC8DF855
:101BB00063009DF80800401C8DF8680062E04B4807
:101BC00080222146EFF732F8484C05201C2226A936
:101BD00084F8100384F8148384F815932D98EFF794
:101BE00025F89FED450A28EE800A10EE100A1DF038
:101BF0000DF8424A40197941801841F10001C4E9C9
:101C0000B801002056E594F8670002280CD00020A7
:101C1000702106461EA8EFF765F835481EA9A038C2
:101C200009F0AEFA10B12CE00120F1E76EAA56A936
:101C30001EA8FEF73FFB20B3002066A904EB80033B
:101C4000421C93ED000A01EB8003D0B220EE080A9B
:101C5000072883ED000AF1D300F0CAFE3AA90095E7
:101C600066AA3346CDE9017194ED070A56A908F03A
:101C70003FFE30B91E482A463B46C03801F062F8A4
:101C800018B10C26ADF8646011E518484FF448719E
:101C9000EFF728F8154880222146EEF7C7FF1848CD
:101CA00070223AA9EEF7C2FF10480821DDE95D2352
:101CB00080F81013DDE95241E3185141C0E9B83111
:101CC0005F9808F0F9FD28463946FEF713FE002814
:101CD00098D001202A463B46FEF716FB01212A46F2
:101CE00002203B46FCF7CCFDE4E40000B0FE0124FA
:101CF00060A90124000000000024744920A107000D
:101D0000E0FF0124F8B515461E460746FEF72AFDFA
:101D1000014616480090FD22A0F18004144894F872
:101D2000193314F031F9B0B9132184F810130020DD
:101D300084F8140384F815033846FCF777FC04F59F
:101D400038700C4A0023314600902846FCF7F0FB1F
:101D500008B10020F8BD94F8121301B02A463346AA
:101D60000220BDE8F040FCF78BBD000030FF0124ED
:101D700060A9012420A107002DE9FC4114461D465D
:101D80000746FEF7EFFC014617480090FD22A0F140
:101D90008006164896F8663014F0F6F820B1FEF783
:101DA000B1FB0022014618E0112186F81013002033
:101DB00086F8140386F815033846FCF737FC0C4800
:101DC00000230C4A294600902046FCF7B1FB10B1D5
:101DD0000020BDE8FC81002208210820CDE9004553
:101DE000FCF760F9F5E7000030FF012460A9012449
:101DF0009001022420A1070070B58AB0044602A811
:101E00000D461C21EEF76EFF214E304600F1800199
:101E100096F8673000F51B7290F866000091022B6F
:101E200001461C4802AB07D014F0F0F858B1FEF799
:101E300069FB0022014624E006F1500C9CEC030AE9
:101E400013F0F8FFF2E7102386F81033012286F82A
:101E500014231148002186F81513009096F86700A6
:101E6000022809D00D4A002320462946FCF760FBD2
:101E700028B100200AB070BDD6E91223F4E7002291
:101E800008210720CDE90045FCF70CF9F2E7000036
:101E9000B0FE012460A901249001022420A10700C2
:101EA0002DE9F04F4FF00001144607001D462DEDBF
:101EB000088B89B08A468B4606D0B84997F82C2102
:101EC00091F86600904305D0002205210620CDE957
:101ED000004310E191F8640088460A2803D198F87D
:101EE0006500012828D0FEF729FC00284FF00109E1
:101EF0007DD09FEDAB8BAC487021EEF7F3FE002652
:101F0000CA46C1469FEDA9ABC8E9624588F89CA1C5
:101F100006EB860209EB860807EBC2020AFA06F115
:101F200092ED000AC9B288ED4C0A99F866200A427F
:101F30000BD0D8ED9B0A0AE020461946FFF75CFF5C
:101F400009B0BDEC088BBDE8F08FF0EE400AC8ED9B
:101F5000530A99F8660008422CD0B7EEC02AD8ED93
:101F60009B0AB7EE0E1B3046B7EEE00A30EE420B8E
:101F7000B0EEC00B20EE01BBFEF7E8F9B7EEC01AD9
:101F8000D8EDA20AB7EEE00A21EE000B8BEE009B23
:101F900051EC190BFAF75AFA00287CD0B4EECA9B20
:101FA000F1EE10FA77DCB4EEC89BF1EE10FA01DD29
:101FB000B0EE498B761CF6B2072EA9D351EC180B64
:101FC000FAF744FA002867D0B4EECA8BF1EE10FAA3
:101FD00062DC9FED780B28EE000BFAF795FA51ECD6
:101FE000100B1CF0D7FD4FF47A624E4600E02CE057
:101FF000C6E96401801A71F1000003D20021104685
:10200000C6E9640120462946FCF746FA002878D143
:1020100001E008216CE006A80090684AD6E9640156
:102020008218204641F100032946FCF781FA98B353
:102030000F2186F8101386F814A3002286F81523C2
:10204000DDE90601C6E9B801A6E0002698F86610A9
:1020500009FA06F0C0B201422BD03046FEF776F9FD
:1020600008EB86000490D0ED9B0A304680EE808A13
:10207000FEF76CF906EB8600F0EE400A07EBC000B5
:1020800090ED001A049881EE200A90EDA21AF0EE6D
:10209000480A02A801E031E033E0FCF75BFA68B3DC
:1020A000DDE90201BAEB00027BEB010301D28246BB
:1020B0008B46761CF6B2072EC8D306A852465B465E
:1020C000294600902046FCF733FAD0B133488030DF
:1020D000009000F5F67298F8661000F50273384823
:1020E000924613F093FF70B1FEF70CFA00220146FE
:1020F0000620CDE90045FBF7D5FF21E7761CF2B2BB
:1021000087E7002285E7FEF701FB88B340460022FF
:102110001646C0E9BA45C8F80023C0E9BE22C8E99E
:10212000BC45C8F8042300BF06EB8601444609FA03
:1021300006F007EBC10208EB860192ED000A81ED83
:102140004C0A98F8663003420ED091ED9B0AD2ED0E
:10215000000A304630EE600AB0EEC08AFEF7F6F8AC
:10216000C8EE000AC4EDC20A761CF6B2072EDBD315
:102170000D481C2251461C30EEF758FD0F2288F8FE
:10218000102388F81493002188F81513DDE906124E
:10219000C8F8E422C8F8E0120020D1E6B0FE01241D
:1021A0000000000000000000E0FF01245AEBB5A091
:1021B000F7C6B0420000000080842E41C09121008B
:1021C00060A901242DE9F04F16461F468B460546AF
:1021D0002DED028B83B045484FF44871EEF782FD38
:1021E000424880222946EEF721FDDFF800810024D5
:1021F0009FED3F8A4FF0010995F8661009FA04F047
:10220000C0B2014236D095F86400012826D095F876
:102210007C00002805EB840090ED000A01D120EE3F
:10222000080A08EB840080ED9B0A95F87D1049B1FF
:1022300004EB84020BEBC201D1ED000A30EE200A60
:1022400080ED9B0A95F87C10002905EB840191ED47
:10225000070A01D120EE080A80EDA20A08EB840AE1
:10226000DAF86C02FAF707F928B3DAF88802FAF715
:1022700002F900B3641CE4B2072CBDD31D484446E8
:1022800095F8661090F89003814388F81A1317D0D8
:10229000184813F0A7FCE8B1FEF734F90022014614
:1022A0005FF00200CDE90067FBF7FCFE03B0BDEC78
:1022B000028BBDE8F08F641C08210120E2B2F1E737
:1022C00003B032463B465846BDEC028BBDE8F04FAA
:1022D000FEF738BB08480A2184F81013301847F17C
:1022E0000001C4E9B8010020E0E70000B0FE0124CD
:1022F00035FA8E3C60A9012400127A0070B5050001
:1023000003D0FDF70FFF10B108E0002070BD0F48AB
:10231000294618F067F908B1012070BDFDF70AFFE2
:102320000028FAD00A4C6822A07800F0030000EBE5
:10233000800101EBC000074901EBC0002946EEF720
:1023400075FCA078401CA070E6E70000A0AE012458
:10235000B8000124D00102242DE9F0419AB0904642
:1023600004000F46DDE9205625D068216846EEF7C7
:10237000B9FCE06D2A4612903346206E2146139038
:102380006846FDF78DFA94F864000EAA8DF85000A7
:10239000022F8DF85170ADF85480D4E90E0182E817
:1023A000630094F866008DF8560094F869008DF883
:1023B000570004D006E000201AB0BDE8F0810820E4
:1023C0008DF853006846FFF799FFF5E7F0B54FF039
:1023D000000328B321B300240460124A124FC1E95C
:1023E000004416E0D47804F0010407EB041670CE24
:1023F00092F803C00CF1010C82F803C0D0F800C0C1
:102400004CEA060CC0F800C00BB9C1E900455B1CE2
:10241000DBB2D4781579AC42E4D10BB10120F0BD28
:102420000020F0BDB800012470030224F0B50500BF
:102430002DED028B9DB02BD0174802AF009708F00E
:10244000E5FB002824D1164E0024DFED148A00BFDE
:1024500005EB840007EB8401D0ED000A91ED000A42
:1024600030EE600AB0EEC00A80EE288A18EE100A3C
:10247000FAF701F840B196EDC30AB4EEC80AF1EEDE
:1024800010FA01D286EDC38A641CE4B2072CDFD3B4
:102490001DB0BDEC028BF0BDE0FF012435FA8E3C8F
:1024A000B0FE01242DE9F047ADF53A7D064604A8BB
:1024B00088464FF43671EEF715FCFDF749FE3C48AF
:1024C00004A900F0EFFC3A480AA9203008F058FEB1
:1024D0000021384826AA434602923246CDE900013F
:1024E0003348C03013F0C0FE334872A904F0EDFC4D
:1024F000DFF8BC9000244FF0010A09F1C00900BFC9
:1025000004EB840101EBC4020AFA04F009EB820136
:102510006A46C5B22648B1F84472C030214613F06D
:1025200047FE98B904A89DED000A00EB840080EDF9
:102530009E0A9DED010A80EDA50A9DED020A80ED3F
:10254000AC0A9DF8DC0228438DF8DC02F8438007D2
:1025500004D19DF8DD0228438DF8DD02780704D50B
:102560009DF8DE0228438DF8DE02C7F3C5003F2840
:1025700004D19DF8DF0228438DF8DF02C7F3422023
:10258000072804D19DF8E00228438DF8E002641C7E
:10259000E4B2072CB4D3094804A9CDE9A06818F027
:1025A000BEFAFDF7DDFD0DF53A7DBDE8F0870000D0
:1025B000A0A80124A0860100D88F0124A0AE012488
:1025C00010B504460848407900280BD0002C09D0EB
:1025D000FDF7BEFD0548214604F02AFDBDE8104088
:1025E000FDF7BEBD10BD0000B8000124D88F012446
:1025F0002DE9F0476E4CB6B08246164600201F46C5
:102600008DF8B40004F51B7994F86A004FF00108C6
:10261000012830D194F86400092803D00A2801D099
:1026200001282CD1624845465146CDF80080FDF77F
:10263000B9FB28B1002284F8130308210120A4E08B
:1026400094F8662005FA00F10A4210D094F87D1043
:1026500069B100EB800204EB80010AEBC202D1ED0C
:10266000000A92ED000A30EE200A81ED9B0A401C20
:10267000C0B20728E4D394F86400092860D094F825
:1026800066105046FEF74EFA30B194F864000A28FE
:1026900004D0092854D06AE00C205DE01C212EA84B
:1026A000EEF720FB5FF0000594F8661008FA05F0DD
:1026B000C0B2014232D094F86500012806D03D48EE
:1026C00001AA294613F074FDF8B90EE005EB850167
:1026D00004EB85000AEBC101DFED370A91ED000A3A
:1026E00080ED9B0AC0EDA20A18E004EB850090ED96
:1026F000A20AB5EEC00AF1EE10FA06D9DDED040A21
:10270000B4EEE00AF1EE10FA03DD0E208DF8B450BD
:1027100022E02EA800EB850080ED000A6D1CEDB2D2
:10272000072DC1D301A8009004F1500094F8661061
:102730002EAB4A4690EC030A1E4813F07BFB0AE0DE
:102740002DA91E484B46CDE9000194F8662051465C
:10275000184814F07FF850B1FDF7D4FECDE90067BA
:1027600001469DF8B400401CC2B201200FE0FDF705
:10277000F9FF94F8662001460E4813F0C3F958B1EA
:10278000FDF7C0FE002201460320CDE90067FBF7FC
:1027900089FC36B0BDE8F08709480C2184F8101395
:1027A000301847F10001C4E9B8010020F1E700004A
:1027B000B0FE012460A901240000000038010224B9
:1027C00020A10700022802D04FF48070704700203B
:1027D000704700000A4800B500F59C61A1B090F870
:1027E000102391F8E01412B190F86600014300291B
:1027F00003D004486A4618F07DFA21B000BD0000FD
:10280000B0FE0124A0AE012410B544184A1EA4F164
:102810000104114224EA020401D001F09BFB20468E
:1028200010BD000010B5084C012020700748FAF7D1
:10283000A4FD0028A06803D0BDE8104011F064BDDD
:10284000BDE8104011F054BD9802012414B70224D1
:1028500070B5044690F84200A26B810709D4B4F821
:10286000401049B1A1F57F43FF3B1BD0491EA4F89E
:102870004010B4F84010A9B90AB1810712D5164822
:102880002146FAF715FEFFF7CDFFE16809B12046B2
:102890008847216909B1204688472046BDE8704035
:1028A0000DF0E6BCE16B002AC1F10001216311D0FB
:1028B000810702D4616B49422163A56A4110236AF2
:1028C000491CA362E36A61F341002562E26284F875
:1028D0004200A36370BD000014B7022470B5304DF0
:1028E000686811F018FC0646687880F0010068708E
:1028F00048E00020287094F842006978C0F3800214
:102900008A4243D061F38200216B84F842000207BF
:1029100001EB060219D4002917DC002A15DBC007D9
:1029200009D1616939B120468847216AA26A014408
:1029300021621044A062A16809B12046884794F83A
:10294000420040F0080084F84200206B80192063A8
:1029500016D4E16A884200DD21632046E169884798
:102960000146606A884204D0626861620AB12068E8
:102970009047D4E90B01814202DB2046FFF768FF54
:10298000287818B10748FAF7F8FC03E00548214613
:10299000FAF705FD0400ACD111F0C4FB686070BD0E
:1029A0009802012414B7022470B5044640680D460D
:1029B00008B1FFF7F9FF2268002A04D02946204613
:1029C000BDE87040104770BDB4EE400AF1EE10FA59
:1029D0000BD110EE100AB0F1FF4F06DA10EE100A1C
:1029E00010F5000F01D20120704700207047000051
:1029F00000487047E4EE020870B50C46054600F04A
:102A000021F8002812D000226068C2EB0211521C8B
:102A100005EB8101D2B291F83C10C943C9B2072A33
:102A200040EA01006060EFD308B1002070BD0120D2
:102A300070BD10B50368047A0B430360FF2C00D10E
:102A4000027210BD2DE9F0470746884608005DD0A8
:102A50000020C8F80000FF2288F80820C8F8040009
:102A600037B33878072803D002214046FFF7E1FF4B
:102A700000244FF4006A00BFC4EB041007EB80058C
:102A800015F8040FA04204D0042122464046FFF767
:102A9000D0FF688828B1504503D2A88808B15045B6
:102AA00004D3082122464046FFF7C3FF00261FE05B
:102AB000FF2240460121FFF7BCFF26E0C6EB0610CF
:102AC000698807EB8009B9F80600814204D110211A
:102AD00022464046FFF7ADFFA988B9F808008142B9
:102AE00004D1202122464046FFF7A3FF761CF6B210
:102AF000A642E3D34146284600F00CF8641CE4B239
:102B0000072CB9D3D8F8000010B10020BDE8F08739
:102B10000120FBE72DE9F041856B0F46067804465E
:102B2000280A05D04FF4005132463846FFF781FF9E
:102B3000E8070AD094F90600411C06D0012804D009
:102B4000402132463846FFF774FFA80717D594EDA9
:102B5000020AFFF739FF68B194ED030AFFF734FF6B
:102B600040B194ED020AD4ED030AB4EEE00AF1EEAE
:102B700010FA04DB802132463846FFF75AFF680717
:102B800011D594ED040AFFF71FFF30B194ED040A4C
:102B9000B5EEC00AF1EE10FA05D84FF48071324656
:102BA0003846FFF746FF280711D594ED050AFFF7D1
:102BB0000BFF30B194ED050AB5EEC00AF1EE10FA44
:102BC00005D84FF4007132463846FFF732FFE80669
:102BD0001DD594ED060AFFF7F7FE90B194ED070AB4
:102BE000FFF7F2FE68B194ED060AB5EEC00AF1EE09
:102BF00010FA06D394ED070AB5EEC00AF1EE10FA0A
:102C000005D24FF4806132463846FFF712FFA8061E
:102C100029D594ED080AFFF7D7FEF0B194ED090A23
:102C2000FFF7D2FEC8B194ED0A0AFFF7CDFEA0B1BE
:102C300094ED080AB5EEC00AF1EE10FA0DD994ED44
:102C4000090AB5EEC00AF1EE10FA06D994ED0A0AA7
:102C5000B5EEC00AF1EE10FA05D84FF40061324625
:102C60003846FFF7E6FE680611D594ED0B0AFFF72C
:102C7000ABFE30B194ED0B0AB5EEC00AF1EE10FADE
:102C800005D84FF4805132463846FFF7D2FE280669
:102C90001FD594ED0C0AFFF797FE90B194ED0D0A45
:102CA000FFF792FE68B194ED0C0AB5EEC00AF1EEA2
:102CB00010FA06D994ED0D0AB5EEC00AF1EE10FA3D
:102CC00007D832463846BDE8F0414FF48041FFF75F
:102CD000B0BEBDE8F08110B548B1C17F39B1017A0D
:102CE000052906D0062904D0072906D101E00120D4
:102CF00010BD417F09B1417A09B1022010BD0724FE
:102D0000047201218177C0E90423002010BD10B5B1
:102D100028B1C17F19B1017A032908D101E001204E
:102D200010BD017F19B1817A09B1417A09B1022040
:102D300010BD00210424047241778177C0E9042387
:102D4000084610BD10B528B1C17F19B1017A052917
:102D500014D101E0012010BD017F79B1417F69B13B
:102D6000817F59B9417A49B9817A39B1062404720F
:102D700001218177C0E90423002010BD022010BD8D
:102D800010B528B1C17F19B1017A082912D101E02B
:102D9000012010BD417F69B9817F59B9417A01296C
:102DA00008D0022906D0047F0021417281611CB144
:102DB000032102E0022010BD02210172C0E90423B8
:102DC000002010BD10B538B1C17F29B1017A0629A4
:102DD00004D0072906D101E0012010BD417F09B1CF
:102DE000417A09B1022010BD0524047200218177C7
:102DF000C0E90423084610BD10B528B1C47F1CB13A
:102E0000012903D0022901D0012010BD047A032C2E
:102E100003D1447F0CB9847F0CB1022010BD8172B4
:102E2000C0E90423002010BD30B528B1C17F19B11D
:102E3000017F19B1032502E0012030BD0225447A4B
:102E4000002105724177032C8177C0E9042300D16A
:102E50004172002030BD30B530B1C17F21B1017A5F
:102E6000042903D0022030BD012030BD05240472A6
:102E70000121417700258577C0E90423284630BD2C
:102E800030B568B1C17F59B1082505720324447279
:102E900000210261C0E9053141778177084630BDE4
:102EA000012030BDD0B1C9B1C27FBAB1027A0A7077
:102EB000427A4A70827A8A70D0E90423C1E90223F7
:102EC00082690A61026802B112780A75027F4A7546
:102ED000427F8A75807FC875012070470020704747
:102EE000FEB515460028DDE9082313D00160002453
:102EF0000472012644728472846104774477847773
:102F00004560C677C0E90423CDE9006428460294F1
:102F100004F008F8FEBD70B5DDE9043588B1C47F62
:102F20007CB171B101290CD002290AD000240826F5
:102F300006724172826144778477C0E90435204685
:102F400070BD012070BD30B538B1C17F29B1017AA3
:102F500002290AD0032906D101E0012030BD417FBA
:102F600009B9817F09B1022030BD00210324047218
:102F70000125057741778177C0E90423084630BDF4
:102F80002DE9F0430400154687B01E4626D0E07FA9
:102F9000002823D0606804F044F8207A00274FF01E
:102FA000020802281AD2DFE800F00109012020728D
:102FB000C4E90456CDE90087029724E0206803A9FC
:102FC000FFF740FD68B1206803A9FFF715FD84F8FD
:102FD00008806772E8B1103484E8E00007B0BDE80B
:102FE000F083039F012108206172207204F1100018
:102FF0004FF0030980E8E000606803F0E4FFCDF8DB
:103000000090CDE9018760682A46334603F08AFFC5
:10301000E4E704982561C4E90560DFE7F0B5040042
:103020004FF6FF7004D0002241F22105064614E05D
:10303000002900D00020F0BDA75C002380EA072013
:10304000070403D585EA400080B201E006EA4000AB
:103050005B1CDBB2082BF3D3521C8A42ECD3F0BDCD
:1030600070B54FF0FF3210B10C4E002411E091B159
:10307000002070BD035D5A405FF0000302F00105BF
:103080006D4235405B1CDBB2082B85EA5202F5D35A
:10309000641C8C42EED3D04370BD00002083B8ED99
:1030A0002DE9F04716460C4680464FF00009089F70
:1030B0000FB1C7F80090B8F1000F08D03EB137B19A
:1030C0002CB1B4F5FD7F04D90220BDE8F0870120C2
:1030D000FBE7A51DA81C834201D20820F5E70A469C
:1030E00041463046EDF75DFD21464046FFF796FF2D
:1030F0004FF0200C014606F804C030190E4A01F0CA
:103100000F0C4FF00A08C1F30324C1F3031602EBBE
:1031100011312A2343706D1C0B788370135DC370CB
:10312000935D037112F80C20427180F8068080F8DC
:10313000079000203D60C8E7C0EE020870B5044665
:1031400040680D46800801D100F004FF686861689E
:1031500020F00300001D08446060204600F044F8A1
:10316000204670BD4068103120F00300884201D332
:1031700001207047002070472DE9FC47054648684C
:1031800001AA0C4620F00300694611F089FEDDE932
:10319000007005EBC711804601EB8009D9F8386053
:1031A0000EB900F0D7FE0CB900F0D4FEC4E90265F8
:1031B000F46004F1080604213046FFF725FB86423F
:1031C00001D000F0C7FE0120C9F838402A6905EB9C
:1031D000870100FA07F31A432A614A6900FA08F0E6
:1031E00002434A61BDE8FC8710B5044600F08DF843
:1031F000046010BD2DE9FC4705464FF000005FEA72
:10320000010806460090019045D080290C4601AF88
:10321000E94607D308461AF035F9411F01208840D6
:10322000401E04443A464946204611F039FE009CAF
:10323000092C30DA05EB840201994FF0FF30576911
:1032400000FA01F10F400FD1641C2969A040014030
:10325000080020D01AF00EF90446009005EB80001B
:1032600047690FB900F076FE38461AF003F905EB0E
:10327000C411019001EB8000866B66B1706820F08C
:103280000301414501D200F065FEDDE9002331462E
:10329000284618F05FFB3046BDE8FC8710B50446B1
:1032A000FFF7A2FF416841F002014160606840F011
:1032B0000100606010BD10B5044600F026F84168BA
:1032C00021F002014160606820F00100606010BDE3
:1032D00070B506460D46084600F017F8040001D107
:1032E00000F038FE2079C0070DD06868800801D151
:1032F00000F030FE2146304600F03FF821462846D7
:10330000FFF71CFF0546284670BD10B5426800F166
:10331000080122F00300001F0C18900801D100F0F2
:1033200019FE204610BD70B50C00154606464FF03C
:10333000000021D00DB900F00DFE2079C00701D1A9
:1033400000F008FE29462046FFF70CFF78B1294619
:10335000204600F023F805462046FFF745FF686841
:10336000294640F0020068603046FFF705FF20461E
:10337000FFF7A1FF04F1080070BD7CB50546486861
:1033800001AA0C4620F00300694611F089FDDDE931
:1033900000232146284618F0DDFA7CBD2DE9F041D6
:1033A0000D46044600F10801281F0E18606806F15A
:1033B000080720F00300401BA0F104083846042150
:1033C000FFF722FA874201D000F0C4FD616808EBE4
:1033D0000500001D21F00301814201D000F0BAFD7B
:1033E000307900F0030040EA0800706020F003002C
:1033F0000C2801D200F0AEFD207900F00300284334
:1034000060603046FFF74AFF3046BDE8F081B4EE19
:10341000E00AF1EE10FA02D2B0EE600A7047B4EEA4
:10342000C10AF1EE10FAF9DDB0EE410A7047000072
:10343000004870478CF002082DE9F14F0022114638
:1034400000980FF071FE009800210EF0FCFB0021A7
:10345000044600980EF094FC20440FFA80F900987E
:1034600000210EF057FC20440FFA80F800980EF06F
:10347000A3FBDFF8A0A000EB090101EB080005B2F7
:10348000009854460DF01AFE002607462AE00098E0
:1034900021498068006850F8260083460EF0D5FD6B
:1034A000F8B958460EF08CFF40BB002158460EF08C
:1034B000A7FB18B3012821D002281FD003281DD054
:1034C000002158460EF0FBFC58B9BBF81A10BBF8A7
:1034D0001600081A401C00B24844A04200DB044613
:1034E00024B2761CBE42D2D3544504D004EB08006B
:1034F00000B2A84200DC2846BDE8F88F0098BBF96E
:103500001A10B0F91600081A411CA142E8DB0C465B
:10351000E6E7000001E0FFFF010004002DE9F84F9D
:103520000022804611460FF0E9FD002140460EF0D2
:103530008AFB0021044640460EF010FC20440FFA9E
:1035400080FA404600210EF0F7FB20440FFA80F984
:1035500040460EF03FFB00EB0901DFF868B101EBDC
:103560000A0005B25C4640460DF0A8FD0021074662
:1035700040460EF04EFB01284FF0000644D092E08A
:10358000D8F808005049006850F8260000900EF066
:103590005CFDC0BB00980EF013FF50B10098B8F965
:1035A0001810B0F91400091A481CA0422ADB4C1C60
:1035B00028E0009800210EF023FB58B1032809D021
:1035C000062807D0082805D0009800210EF071FCCD
:1035D00058B118E00098B8F91810B0F91400081A9A
:1035E000411CA1420EDB0C460CE000981430009008
:1035F00009F0D1F95044A04204DB009809F0CBF95E
:1036000000EB0A0424B2761CBE42B9D35C4555D007
:1036100004EB09004DE000BFD8F808002A49006813
:1036200050F8260000900EF010FDC0BB00980EF080
:10363000C7FE50B10098B0F91810B8F91400091A73
:10364000481CA0422CDA20462BE0009800210EF006
:10365000D7FA58B1012809D0042807D0072805D087
:10366000009800210EF02BFC58B11BE00098B0F937
:103670001810B8F91400091A481CA0420EDB4C1CA3
:103680000CE000981430009009F085F94844A042FD
:1036900004DB009809F07FF900EB090424B201E093
:1036A000481C04B2761CBE42B6D35C4506D004EB7F
:1036B0000A0000B2584501D0A84200DC2846BDE807
:1036C000F88F000001E0FFFF010004002DE9F8433E
:1036D000F2F7B0FF154C064615490025A0682F46A5
:1036E000084040F00040A060DFF848800DE06D1C0D
:1036F000F2F7A0FF801B0A2801D2454505D3A06838
:10370000C00F05D00020BDE8F883A068C00FEED13F
:103710004FF48061CDF80070BFF35F8F0098401CBC
:1037200000908842F8D30120EDE70000002002401D
:10373000C0FFFE3FA08601001CB50B88048923440E
:10374000ADF800304B8844892344ADF802308B88B3
:1037500004892344ADF80430C98843891944ADF87D
:1037600006104369694698471CBD10B5144608B158
:1037700014B90BB1012010BDB1F5006F01D30220C7
:1037800010BD082B01D9032010BD018000228370D9
:10379000C0F80320C0F8072023B1C01C1A462146F8
:1037A000EDF7FFF9002010BD10B5040006D04FF46E
:1037B000CE71EDF797FA012084F89B0110BD002827
:1037C0000BD090F89B11002907D0012180F89A11A5
:1037D000D0F89411491CC0F89411704770B558B1D5
:1037E00090F89B2142B139B190F8992190F8983125
:1037F000934203D1012070BD032070BD02EB420350
:103800002124521CB2FBF4F600EB83031D680D600B
:103810005D684D609B688B6004FB162280F89921DF
:10382000002070BD70B5E8B190F89B21D2B1C9B14C
:103830000A88B2F5006F15D28A78082A12D890F853
:103840009831212490F899515A1CB2FBF4F604FBEC
:103850001622954208D1D0F89011491CC0F8901159
:10386000022070BD032070BD03EB43030C6800EB26
:1038700083031C604C685C608968996080F89821BB
:10388000D0F88C11491CC0F88C11002070BD10B507
:1038900090F89032146803EB830300EB83031C6001
:1038A00054685C6092689A601973D0F8801219614C
:1038B000D0F88012491CC0F8801290F89012491C70
:1038C000C9B280F8901290F89122914201D980F803
:1038D000911210BD40B10188B1F5006F04D280781B
:1038E000082801D8012070470020704710B5040057
:1038F00006D04FF42571EDF7F5F9012084F8920216
:1039000010BD00002DE9F0410446002108460A469A
:1039100094F8905218E000BF02EB820304EB83039B
:103920001E7B7EB160B101EB810704EB870797F83E
:103930000CC0664504D805D11B693E69B34201D964
:1039400001201146521CD2B29542E5D8002808D079
:10395000204600F047F8D4F88C02401CC4F88C02D2
:103960000120BDE8F08100002DE9F0410C464FF048
:10397000000148B190F8923233B12CB122B190F8E5
:10398000907227B101231BE00220BDE8F0810120E5
:10399000FBE700BF03EB830601EB810500EB860626
:1039A00000EB850596F80CC095F80CE0F44504D3BF
:1039B00004D136692D69AE4200D219465B1CDBB2D8
:1039C0009F42E7D801EB810300EB83031D6825606C
:1039D0005D6865609D68A5601B7B137000F002F850
:1039E0000020D2E770B505460C460AE004EB8400DF
:1039F000142205EB800000F11401EDF717F9641CA7
:103A0000E4B295F89002401EC0B2A042EED895F8FC
:103A10009002401E85F8900270BD70B504000D46FE
:103A200016460AD094F8920238B11046FFF752FFBA
:103A300018B1032D03D9032070BD022070BD94F886
:103A40009002202804D355B92046FFF75BFF30B120
:103A5000324629462046FFF71AFF002070BDD4F8F1
:103A60008402401CC4F88402042070BD2DE9F0419A
:103A7000050016460F4621D095F89202F0B1EFB13D
:103A8000072E1BD15FF0000404EB440007EB80001D
:103A9000FFF720FF90B1641CE4B2B442F4D395F870
:103AA0009002C0F12000C0B2B04209D2D5F888021D
:103AB000401CC5F888020520BDE8F0810220FBE724
:103AC0005FF00004012104EB440007EB800228466C
:103AD000FFF7DDFE641CE4B2B442F3D30020EBE751
:103AE0002DE9FF4F83B00446109FDDF84890DDE9D3
:103AF0001356DDF810A04FEA47000FFA80F8B9F12D
:103B0000040F22D0B9F1060F1FD0B9F1050F5FD015
:103B1000B9F1140F59D1A388E288CDF804804FF091
:103B20000008B4F90200B4F90010121A07FB001CD7
:103B3000591A491C0FFA81FB521C0FFA82F90AEB41
:103B40004C0A4FEA4B00009085E0204608F014FF35
:103B50000146019030460CF07DFCA188AB46CDF8C3
:103B60000880B4F90280B4F9000007FB0802081AC3
:103B7000401C00B200900AEB42074FEA400A0DE0F9
:103B80005246394658460CF0B3FB029808F101083A
:103B90000FFA88F8074400980BEB400BB4F90600C5
:103BA0004045EDDAB9F1060F0FD100224EF20700C1
:103BB0001146ADF8000005E035F81130834200D120
:103BC0007254491C019B9942F6D307B0BDE8F08FAF
:103BD000B4F902200023A188B4F806C0B4F90000AB
:103BE000ACEB020C0C1A07FB0201641C22B2B81ADF
:103BF0000CF1010C00EB400701EB41010FFA8CF4D2
:103C00000FFA87F801EB0A0015E000210BE0877836
:103C1000775490F801C0077807EB0C2C4F1C25F85F
:103C200011C039B2C01C9142F1DB5B1C1BB2404495
:103C300005EB42051644A342E7DBC6E7009A51466E
:103C400028460CF055FB019A08F101000FFA80F8A4
:103C500005EB4B059244C845F0DB0598B4F902200A
:103C6000069B4500B4F900100498002405FB0300EE
:103C700007FB02110D1808E05A46294630460CF0A1
:103C800037FB641C24B25E443D444C45F4DB9CE7A6
:103C9000DFED020A20EE200A7047000035FA8E3C64
:103CA000F0B52DED028B83B01F4606000D46B0EE39
:103CB000408A0A9C22D0002D20D004B911A462B100
:103CC000B0EE480A05F0A4F838B1B7EEC80A02947D
:103CD0008DED000B47B10BA307E00BA2234629464D
:103CE0003046ECF7CFFC05E009A329460AA230468E
:103CF000ECF7C8FC7119002001F8010C03B0BDEC11
:103D0000028BF0BD000000002D2D20257300000067
:103D1000E8BF87E69C9F20002573252E316620256D
:103D200073000000044810B50078002803D0034851
:103D30000121EDF74BF810BDF4010124E09E0224AF
:103D40002DE9F04105000F4602D00A4C207810B151
:103D50000020BDE8F0810848EDF723F84FF0000699
:103D600008B12670F4E7012020703846A8470120EA
:103D70002670EEE7F4010124E09E022430B568B11C
:103D800061B190F821204AB1B430002490E82C00B1
:103D900081E82C0000F8934C012030BD002030BD9C
:103DA00010B568B161B190F823204AB100F1540216
:103DB0001CCA81E81C00002106F08CFC012010BD0B
:103DC000002010BD2DE9F04704001D4690460F4627
:103DD000DDF820904FF0060616D0494606F0B8FCF4
:103DE00090B1A9EB0500322836D2A07E78B1E16A05
:103DF000404606F015FC70B3216B284606F010FC17
:103E000048B3A07E18B10BE00020BDE8F087616ADE
:103E1000A9420DD0284606F003FCE0B1A07E38B1DF
:103E2000206B281A322803D30221204606F0D2FB49
:103E3000C4E90B850121A17649462046678006F03A
:103E40004CFBB7F5805F0CD3002020764FF6FF7156
:103E5000A18060764DE0FFE74946204606F03DFB35
:103E6000D2E7607E032802D2217E032901D9ECF734
:103E7000BFFD04EB400003214782607E401CB0FB85
:103E8000F1F201FB12006076207E032801D2401C73
:103E90002076C0B203282CD1628AA18A8A4201D23C
:103EA000104600E0084600D91146E28A824204D357
:103EB0008A4201D9084600E01046A0806678804614
:103EC000134F062E06D237F81610C822404606F0C9
:103ED00096FC70B95FF000064046962237F816103F
:103EE00006F08DFC08B1F6B203E0761C062EF3D383
:103EF00006262A463146204606F090FA49462046D4
:103F000006F0EBFA204606F031FC01207DE70000C8
:103F100074F1020870B504000D460CD0C021ECF716
:103F2000E1FE65620620A5624FF6FF7120706070A9
:103F300020746180A18070BD10B5040008D006F027
:103F4000CCFA002804D02046BDE8104006F00EBC94
:103F500010BD0000024901200870FFF7E3BE000019
:103F60001002012470B50D0008D095E80E0000F095
:103F700049F8040002D094F87A0008B1002070BD1E
:103F80002022294604F13800ECF750FE012084F885
:103F90007A0070BD002810B513D011B190F83C2202
:103FA00072B9002200EBC21393F8784064B193F821
:103FB0007C404CB91B7B082B04D000238B4203D1DF
:103FC000012010BD0123F9E7521CD2B2042AE9D323
:103FD000002010BD70B50D0008D095E80E0000F06F
:103FE00011F8040002D094F87C0008B1002070BDE4
:103FF0002022294604F15800ECF718FE012084F82D
:104000007C0070BDF0B5050014D0002405EBC41091
:1040100090F8786056B1067801F0FF0ED0E9017C87
:10402000764503D1974201D19C4504D0641CE4B28B
:10403000042CEBD30020F0BDF0B5002829D090F877
:104040001E1200F5007029B3C17F19B3017F09B3B7
:10405000417FF9B18169E9B9D0E90054511B73EB93
:10406000040117D3D0E90210561A73EB000611D3DE
:10407000094F551B63EB040400267D1BA64109D3A1
:10408000511A3D4663EB00030024681A9C4101D39A
:104090000120F0BD0020F0BDF0490200002803D04F
:1040A0004FF41071ECF71EBE70470B46010010B5BF
:1040B00010D07BB1002001EBC01494F878202AB115
:1040C00094F87A2012B194F87B202AB1401CC0B237
:1040D0000428F0D3002010BD2022184604F1380136
:1040E000ECF7A4FD012084F87B00204600F03DF8A9
:1040F000012010BD0B46010010B510D07BB100208F
:1041000001EBC01494F878202AB194F87C2012B105
:1041100094F87D202AB1401CC0B20428F0D30020BE
:1041200010BD2022184604F15801ECF77FFD012054
:1041300084F87D00204600F018F8012010BD000032
:1041400002004FF000000ED05FF0000102EBC1133F
:1041500093F8783003B10123491C1844C9B20429EB
:10416000C0B2F3D370470020704790F87B1000294D
:1041700006D090F87D10002902D08021ECF7B2BD66
:1041800070470000F0B5002824D0D0E9845100F534
:1041900000708D421ED0817F00291BD0017F002935
:1041A00018D0417F002915D08169002912D1D0E9AA
:1041B0000041161B73EB01060CD3074F141B63EB76
:1041C000010100263C1B8E4104D345610121C177CA
:1041D000C0E90223F0BD0000F04902002DE9F041E2
:1041E00005000C464FF000060ED06CB12078012877
:1041F0000AD1A06840B1616831B1217F21B107299E
:1042000002D8217B082902D90320BDE8F081D5F826
:104210003822904201D80D20F7E708294FF0010815
:1042200001D0002718E0012728463946FFF7B2FEE3
:1042300020B92846FFF784FF04280DD3227F95F884
:104240003C12521E08FA02F0014385F83C12A068A5
:10425000C5F838020F20D8E739462846FFF79AFEFE
:1042600008B10120D1E705EBC01191F8782022B107
:10427000097B082901D0761CF6B2401CC0B2042884
:10428000F1D30FB9032E0ED22846FFF759FF0428A9
:1042900009D2002005EBC01696F8781029B1401C11
:1042A000C0B20428F6D30C20AFE780213046ECF7EB
:1042B00019FD382221463046ECF7B8FC86F87880A4
:1042C000A068C5F8380200209FE770B513460A467B
:1042D000F0B1EBB1002100EBC11494F878509DB11E
:1042E00094F8795085B9257B082D0BD0002595428F
:1042F0000AD1382221461846ECF798FC012084F8B0
:10430000790070BD0125F2E7491CC9B20429E2D346
:10431000002070BD002805D090F83C12002280F8E3
:104320003C220846704700282FD000292DD00A696A
:10433000D0F810329A4205D0C0F81022D1E90023FB
:10434000C0E980238A7F80F81E220A7F80F81C2221
:104350004A7F80F81D228A69C0F8182291F820202F
:1043600080F820224A8CA0F8222291F8242080F89C
:1043700024228A6AC0F82822CA6AC0F82C220A6B52
:10438000C0F83022496BC0F83412704710B50400F1
:104390002DD094F8C00404F04EFD002828D194F8E4
:1043A000C60404F048FD002822D194F8C10428B9BD
:1043B00094F8C20410B994F8C30420B194F8C4046A
:1043C000411E062914D994F83C0628B194F83E06FB
:1043D00004F031FD00280BD194F83A0610B994F896
:1043E000380620B194F85C05411E062900D900204A
:1043F00010BD70B505000C460ED0002C0CD005F594
:10440000A861204617F0CCFD002805D0207E85F855
:104410003B06607B85F8090670BD0000F0B504001E
:104420001746A3B00D4606D0072D04D800F0E2FAD7
:1044300084F8090610B1002023B0F0BD284606F02C
:1044400003FA0646204618F008F800F13C0132460F
:1044500011A800F0EFFC4422684611A9ECF7E6FB36
:10446000382104F59A60ECF73DFC84F8DC542046D2
:1044700084F8ED7417F0F1FF007884F8EC0420461E
:1044800017F0EBFFC068032DC4F8E8040DD0B7EEB9
:10449000000AFFF7FDFBDDED030AB4EEE00AF1EEE2
:1044A00010FA05DDB0EE600A06E09FED200A03E099
:1044B000B7EE000AFFF7ECFB04F5806080ED3C0AE4
:1044C000B2EE040AFFF7E4FBDDED040AB4EEE00A05
:1044D000F1EE10FA02DDB0EE600A03E0B2EE040A7B
:1044E000FFF7D6FB80ED3D0A9DED0D0A80ED3E0AFB
:1044F0009DED0E0A80ED3F0A0F98C4F80405204692
:1045000017F0ABFFC2680020C4F8242604212269FA
:10451000C4F8282684F82F0684F83F0684F83C0661
:1045200084F80A06012084F8081685E700000000D8
:104530002DE9F04104000D4640D0002D3ED004F599
:10454000A86128460E4617F02BFD04F5B6610F460C
:1045500020B9284617F024FD00282FD02022294614
:1045600004F5BD60ECF762FB0120314684F83F069C
:10457000284617F015FD4FF0000608B184F83A669A
:104580003946284617F00CFD18B184F83D6684F8CA
:104590003C66E87B84F80906204618F04DF984F85B
:1045A000080694F83A0630B994F83D0618B994F81C
:1045B0000A06012802D1062084F80806BDE8F08129
:1045C0002DE9F04704000D4636D0002D34D0287870
:1045D000052807D0697800260127012914D0022870
:1045E00037D03DE04878012826D194F8C10430B98D
:1045F00094F8C20418B994F83A0600281CD0204652
:10460000BDE8F04717F0EBB9012802D0022815D019
:1046100026E094F8C12442B994F8C2242AB994F847
:104620003A2612B994F8C324D2B1204617F0D7F92C
:1046300084F8357684F83476BDE8F08784F83676E9
:1046400084F8356684F8346684F83766C4F82066E2
:10465000F2E794F80826052A02D194F8342642B1EC
:1046600094F83226002AE7D00629E5D0012903D0A4
:104670001EE084F83676DFE7012819D194F8340675
:104680000028D9D194F835060028D5D194F8C10472
:1046900084F8347640B994F8C20428B994F83A06FC
:1046A00010B994F8C30418B1204617F098F99BE1AB
:1046B00094F808C6BCF1060FBED02878BCF1050FEF
:1046C0004FF00B0907D0012860D00428B4D16878D6
:1046D0000128B1D05DE0012802D16978022946D0D5
:1046E00069780129A8D194F835160029A4D10128A8
:1046F00042D00328A0D194F8370600289CD094F823
:104700003406002898D0D4F81C06D5E90121101AE7
:10471000814200D80846C4F82006B0F5487F8BD304
:1047200004F5A16120460D4619F022FE002884F808
:10473000090681D104F5A860294638220546ECF720
:1047400075FA2946204604F021FF3822294604F54F
:10475000AF60ECF76BFA84F83F66062084F83B669E
:1047600084F8080684F83A7684F838763CE184F8D0
:10477000089684F837665FE794F836060028FAD082
:1047800084F837766868C4F81C0655E7687801280D
:1047900018D0C0B2032815D00021C2B2042A13D009
:1047A000052A14D05FF000004FF0020A0323BCF189
:1047B0000C0F2CD2DFE80CF00D6D94F4CD2B2BF206
:1047C000F230CA9F0121E8E74FF0FF30ECE701200B
:1047D000EAE748B194F82E26C01C104490FBF3F28F
:1047E00003FB120084F82E06002910D094F82E0640
:1047F00088B3012809D0207D012809D00021204656
:104800000022FFF70BFE10BB04E084F80836E8E056
:104810000121F4E7092091E0022A7DD0032A08D083
:10482000012AA8D194F8C60440B1204617F0D7F861
:10483000D7E084F808A684F82E66D2E0207D01280F
:104840000AD0002120460022FFF7E8FD30B12046C3
:1048500003F0F0FDC5E04BE00121F3E7207D0328E4
:1048600016D1204617F0F9FD007894F8C414884258
:104870000ED194F809060E2803D0092801D0082883
:1048800006D1204617F0E9FD0178204617F0AAF876
:10489000A7E0002805DA94F82C0658B1A0F1010031
:1048A00006E007DD94F82C0600F10100072801D28C
:1048B00084F82C0694F82C0694F82D26904201D208
:1048C00084F82D0694F82D26521D904202D3001F25
:1048D00084F82D0681B384F808A684F82E666AE071
:1048E00019B184F8089684F82E666878022878D181
:1048F00084F8087675E058B194F82E2608301044F4
:10490000C21700EB527222F00702801A84F82E06BA
:1049100071B194F82E0600E050E007280DD080B168
:1049200003280ED001223249095C2046FFF776FDAC
:104930006878022807D054E03DE00A2084F8080691
:104940004FE00222EFE784F808A64AE0022A22D0CC
:1049500047E018B14142204603F014FC6878032870
:1049600010D194F8DC0405F06FFF08B1052100E0D8
:10497000022194F82F06401CB0FBF1F201FB12005B
:1049800084F82F066878012802D1204603F052FDF2
:104990006878022825D184F8089622E011E0FFE724
:1049A000014308D094F83006401CB0FBF3F103FB40
:1049B000110084F830066878022812D184F808665D
:1049C0000FE0032A01D184F808366878022802D063
:1049D00001287FF43DAE84F808A684F83F6684F889
:1049E0000A6668780128F4D184F8357624E6000058
:1049F00080F102082DE9F04104000E4601D0082E96
:104A000003D94FF00300BDE8F08109D190F8C80444
:104A100018B100BF4FF00000F5E74FF00200F2E7D9
:104A200017F01BFD054694F83106002872D0D4E932
:104A30000023D4F81016D4F814068F1A70EB03076D
:104A400068D3824F8A1A60EB0303D21B73F1000212
:104A500060D294F8C824002ADFD094F8C724002A32
:104A6000DBD0032E01D0042E03D194F8C924002AF0
:104A7000D3D094F832266AB394F8332652B394F81C
:104A800054203AB394F8552022B394F856200AB330
:104A900094F85720F2B1D4E90E7CCA1B70EB0C02DB
:104AA00018D3D4E91023B1EB020E70EB030E11D32F
:104AB000DFF898E1CF1B60EB0C0CB7EB0E077CF135
:104AC000000707D2891A774660EB0300C91B70F113
:104AD000000001D30A2096E794F8C104D8B994F8ED
:104AE000C204C0B994F8C304A8B994F83A0690B9BE
:104AF00094F8380678B994F8390660B994F83D0608
:104B000048B994F80A06012805D094F8CA0420B1DF
:104B10000C2078E763E0012075E70EB1012E04D187
:104B200094F8C60478BB012E06D076B1012E12D0BF
:104B3000207D01280DD10EE094F8C40458B1217DE8
:104B400049B12978814204D105E0207D18B10328BC
:104B500001D0072057E7287A022801D0012819D16F
:104B6000022E28D0032E26D0042E24D0052E22D0AB
:104B70000EB1012E0ED194F8C61459B9022803D0F3
:104B8000012804D006E031E095F83C0001E095F8FA
:104B90003D0080B9687810B3A87800B328699628DA
:104BA0001DD295ED060A04F033F9C0B195ED070A60
:104BB00004F02EF998B194F82C062978401C814213
:104BC0002BD1687948B3E87938B3A87928B3287A23
:104BD00018B3072E3FF41EAFE87838B901E008207B
:104BE00011E70EB1012E03D1287908B109200AE797
:104BF00095ED070A04F00CF978B11549E869884287
:104C00000BDC1449884208D8686920B994F8CC04B0
:104C100028B1012E03D0062E01D00E20F3E6304637
:104C200005F012FE014605F13C00044611F073FF49
:104C300000287FF4EFAE012E05D10121204611F0AE
:104C40006AFF0028F5D10420DDE60000F0490200EB
:104C5000CDCC4C3DCDCC4CBD10B504000CD04FF4A8
:104C6000C861ECF73FF8002284F808260E2184F88A
:104C700009160120C4F8180610BD70B504000D46D1
:104C800023D0002D21D084F809260026287B08286F
:104C900011D10F2A12D104F5B661284617F080F918
:104CA00030B1012184F83D66062084F80A160AE036
:104CB000287B082802D084F83A6603E084F83D6631
:104CC00084F83C66082084F8080670BD70B50400BE
:104CD0000B460DD063B194F83906002550B1382247
:104CE000184604F5B661EBF7A1FF84F839560DE0DC
:104CF000002070BD94F838060028FAD038221846F3
:104D000004F5AF61EBF792FF84F83856012070BDCF
:104D10002DE9F0410400DDE9068772D004F5C26098
:104D200084F8328684F833764FF000060CC059B10F
:104D30004FF49A622046EBF779FF012084F83106A0
:104D4000204618F035FE19E094F83106B0B1D4E9E8
:104D50000001374D101A63EB0103401B73F1000093
:104D60000CD30020014600EB410202EB0111401C74
:104D700004EBC101072881F89960F3D394F8080681
:104D8000042801D005281ED194F8DC142046FFF732
:104D900031FE21690546D4F82806884207D120460D
:104DA00017F05BFBC068D4F82416884201D00625B2
:104DB00000E045B10B2084F8080684F8095684F811
:104DC000366684F8376694F8C104E0B994F8C204F2
:104DD000C8B994F8C304B0B994F83A0698B994F8ED
:104DE0003D0680B994F80A0601280CD094F808060C
:104DF000062806D1204617F01FFD84F8080684F81F
:104E00003C66BDE8F081062184F80816B8F1000F71
:104E100001D0002FF5D1207E012803D094F83A0666
:104E20000028EED02046BDE8F04116F0D8BD0000C5
:104E3000F049020070B592B01546442206460C4671
:104E40006846EBF7F3FE7DB194ED050A8DED010A9E
:104E500094ED060A8DED020A94ED070A8DED030A22
:104E600094ED080A8DED040A442269463046EBF7BA
:104E7000DDFE12B070BD0000DFED020A20EE200A58
:104E800070470000E02E6542142803D2024951F811
:104E90002000704701A0704788F10208E69CAAE74D
:104EA0009FA5E58E9FE59BA00000000003480078C9
:104EB00008B1002070470120704700001002012453
:104EC0002DE9F84F04007CD04FF41D61EBF70AFF89
:104ED00009F022FD0028C4F8C80973D0002109F0A8
:104EE00053FE00200BF08AFD002820606AD06B4A38
:104EF00000210DF05AFF2068F0224FF48C710EF063
:104F000093F920680022FF210EF07EFA644807F032
:104F100043FE0022014620680EF06AFA2068102144
:104F20000BF0DCFC1A2600964FF4847520680222F0
:104F30002B46082106F09CFA6060D42200960821D6
:104F400020682B4606F094FA63686062002BBAD0A2
:104F50000028B8D000221846FF210EF055FA514E15
:104F6000304607F019FE0022014660680EF040FA54
:104F7000606A0022FF210EF047FA304607F00CFE6F
:104F800000220146606A0EF033FA474807F004FE3B
:104F900000220146606A0EF061FADFF810B1AA46FD
:104FA00000254FF0220818274FF01E0905EB450297
:104FB00000972068082108EBC202534606F058FA11
:104FC00001E068E065E004EB85061C232222B06066
:104FD0001021CDF80090206806F04AFAB062B1685E
:104FE000002958D0002856D0314900220EF042FA4C
:104FF000584607F0D1FD00220146B06A0EF02EFAA5
:1050000005EB8501B06804EB411101F5AD610BF0D2
:1050100065F8B06A27A10BF061F86D1C072DC5D3A8
:1050200020680BF0EBFC0028606432D01B4A0021A2
:105030000DF0BBFE606CCF220A210EF0D6F8606C3A
:10504000032201210EF0F0F8606C0022FF210EF027
:10505000DBF9584607F0A0FD00220146606C0EF017
:10506000C7F9606C01210BF021FA606804F1480176
:105070000BF034F8606A04F59F610BF02FF8002103
:1050800084F8CC19206807F0A5FFFFF70FFF84F81C
:10509000CD09BDE8F88F0020FBE70000FFFF0F00FF
:1050A000201810002C231700C8B18E00E6D7560038
:1050B00014250408000000002DE9F04F2DED028BAF
:1050C0005FEA000B1646D5B00C46E4A70FF2B438E1
:1050D0004FF0FF3054907DD0002CFCD0002EFAD041
:1050E0009BF8CD090028F6D0FFF7E0FE0028F2D0AB
:1050F00094F808060C286DD294F82C16072900D3D2
:1051000000219BF8CC2901EB410303EB0113824200
:1051100004EBC30505F1980501D08BF8CC090020FC
:105120004FEA00015B4600EB8002401C0BEB421291
:10513000072882F89810F5D394F808064FF0010973
:105140000C2881F0D583DFE810F00C001301600318
:10515000AD0463076307B20A660B660B95002C0467
:105160000F010FF2283800202246014601EB4103CF
:1051700003EB011302EBC30393F89D3003B1401C12
:10518000491C0729F2D3009094F8C70408B1C3A3BF
:1051900000E0C4A3A021C7A204A8EBF773FA002182
:1051A000584604AA16F06CFC002022464FEA000183
:1051B00001EB410303EB011302EBC30393F89930B6
:1051C00003B1401C491C0729F2D3009094F8C50490
:1051D00018B100E0FDE3BCA300E0BEA3A021C0A283
:1051E00004A8EBF74FFA0121584604AA16F048FC30
:1051F00094F8CC0408B1C1A205E0207D012831D08B
:10520000032831D0C4A25846022116F039FC0321EC
:105210005846C8A216F034FC04215846CDA216F018
:105220002FFC207D012821D0D2A25846052116F05E
:1052300027FC207D01281BD000212046FFF7DAFB48
:10524000FFF722FE06210246584616F019FC94F894
:105250002E060321CCA7B0FBF1F201FB1200C01C0B
:1052600001F021BAD0A2CEE7D6A2CCE7DBA2DCE7E0
:105270000121E2E70FF27838287A0FF027FEA979AA
:1052800009B1E0A100E0E3A1E6A2CDE9000194F8B4
:105290002C36A02104A85B1CEBF7F4F9002158463A
:1052A00004AA16F0EDFB94F8C80408B1E1A200E0EE
:1052B000E6A25846012116F0E3FBE87908B1EAA01E
:1052C00000E0EBA00090687908B1E7A300E0E8A354
:1052D000A021E9A204A8EBF7D5F90221584604AAB7
:1052E00016F0CEFBA87860B128690090687808B104
:1052F000DDA300E0E6A3A021E7A204A8EBF7C2F932
:1053000004E0A021E8A204A8EBF7BCF90321584669
:1053100004AA16F0B5FB95F83C0008B1E6A200E03F
:10532000EBA25846042116F0ABFB207D01280FD0DC
:1053300000212046FFF75EFBFFF7A6FD0521024690
:10534000584616F09DFB94F8C60418B1E6A202E098
:105350000121EEE7E8A25846062116F091FB06204F
:105360005490EAA701F0C4BA0FF2C038F3A7F9E7E6
:105370000FF2F0384FF0000994F82D1601EB0900F8
:10538000824600EB400101EB0A1104EBC10595EDEB
:105390002C0A9835FFF770FDF6A000906B7850212D
:1053A000AA782CA8FEF77CFC68690028287A16D019
:1053B0000FF08CFD69786A6909B1EFA300E0F0A3F2
:1053C0000AF10101CDE90220CDE9001394F82C1671
:1053D000514501D1EEA300E0EEA3EFA221E00FF0D2
:1053E00075FDA9782CAA49B1697829B1E97809B184
:1053F000EDA308E0EEA306E0A5A304E0697909B1F6
:10540000EDA300E09AA30AF10101CDE90202CDE982
:10541000001394F82C16514501D1DDA300E0DDA363
:10542000E8A2A02104A8EBF72DF904AA49465846A2
:1054300016F026FB94F82C16514501D1CDF8509169
:1054400009F10109B9F1050F96D305215846E1A2EA
:1054500016F016FB94F82D36581DC9E1E5B7A620C5
:10546000E8BF94E59B9E2020E4B88AE4B88B20E94D
:105470008089E68BA92020E4B8AD20E8BF9BE585B4
:10548000A5000000E680BBE8A7880000E7B3BBE703
:10549000BB9FE680BBE8A78800000000E58FB0E670
:1054A0009EB60000E7949FE4BAA7E58FAAE8AFBBD9
:1054B000000000002573202F20E5B7B2E58F91E7AB
:1054C0008EB02025752F3700E5B7B2E8BF9EE68E77
:1054D000A5000000E69CAAE8BF9EE68EA50000009D
:1054E0005553422025732020E58F8DE9A688E69C40
:1054F00089E695882025752F37000000E7B3BBE7C4
:10550000BB9FE69585E99A9C202F20E69FA5E79C06
:105510008BE8AF8AE696AD00E68EA7E588B6E69DF5
:10552000833A20E8BF9CE7ABAF202F20E58FAAE8A5
:10553000AFBB0000E794B5E69CBAE58897E8A1A860
:10554000202037E58FB0202F20E6AF8FE9A1B535B9
:10555000E8A18C00E8AF8AE696ADE4BFA1E681AF92
:105560002020E68C89E994AE202F20E698BEE7A49F
:10557000BA000000E794B3E8AFB7E69CACE59CB096
:10558000E68EA7E588B60000E4B88AE4B88B20E987
:105590008089E68BA92020E4B8AD2FE58FB320E801
:1055A000BF9BE585A5000000E68EA7E588B6E69DD1
:1055B000833A20E69CACE59CB0E5B7B2E68E88E67F
:1055C0009D830000E68EA7E588B6E69D833A20E637
:1055D0009585E99A9CE99481E5AE9A00E9878AE687
:1055E00094BEE69CACE59CB0E68EA7E588B60000CC
:1055F000E69CACE59CB0E68EA7E588B6E6A380E61F
:105600009FA50000E6A8A1E5BC8FE5B7B2E6A0A182
:10561000E9AA8C00E6A8A1E5BC8FE69CAAE6A0A1B9
:10562000E9AA8C0049442575202573202F20257375
:1056300000000000E69CACE59CB0E68EA7E588B6CD
:105640003A20E5B7B2E5BC80E694BE00E69CACE546
:105650009CB0E68EA7E588B63A20E59BBAE4BBB6D7
:10566000E58FAAE8AFBB0000E69C89E695880000BC
:10567000E69CAAE79FA50000E58F91E78EB0202564
:1056800073202F20E88C83E59BB420257300000055
:10569000E8BF87E69C9F0000E58F8DE9A68820255E
:1056A0007320256C756D7300E58F8DE9A6883A200F
:1056B000E69CAAE79FA50000504F53E6A087E5AE01
:1056C0009A3A20E5B7B2E9858DE7BDAE000000004B
:1056D000504F53E6A087E5AE9A3A20E5B09AE69C93
:1056E000AAE9858DE7BDAE00E4B8ADE994AE20E54A
:1056F000819CE6ADA2000000E4B8ADE994AE20E9DB
:10570000878DE696B0E6A380E69FA500E5B7A620C4
:10571000E8BF94E59B9E2020E58FB320E794B5E693
:105720009CBAE8AFA6E6838500000000E794B5E6E2
:105730009CBAE6938DE4BD9C00000000E5B7A6206E
:10574000E8AFA6E683852020E4B88AE4B88B20E998
:105750008089E68BA92020E4B8AD20E8BF9BE585D1
:10576000A5000000E794B5E69CBAE58897E8A1A8F3
:1057700000000000C2B00000E69585E99A9C000098
:10578000E69585E99A9CE8BF87E69C9F00000000AB
:105790003E000000200000002573257520257320A1
:1057A000256C752025730000E4BDBFE883BD0000B3
:1057B000E5A4B1E883BD0000E5B7B2E58F91E78EBF
:1057C000B000000025732575202573202573202542
:1057D00073000000E4BD8DE7BDAE3A20E794B5E666
:1057E0009CBAE8BE93E587BAE8BDB420C2B0000019
:1057F000A02100905B1CF9A204A8EAF743FF062150
:10580000584604AA16F03CF9ACE5AFF2F008287A45
:105810000FF05CFBA97849B1697829B1E97809B141
:10582000F7A104E0F9A102E0FBA100E0FEA1CDE9AF
:10583000000194F82C36AFF21422A0215B1C04A8BE
:10584000EAF720FF0021584604AA16F019F995ED51
:10585000060AFFF711FBAFF2E400009050216B78CD
:105860002CA8AA78FEF71CFAA0212CABF2A204A85F
:10587000EAF708FF0121584604AA16F001F995ED50
:10588000070AFFF7F9FAEFA000906B785021AA7889
:105890002CA8FEF705FAA0212CABECA204A8EAF78D
:1058A000F1FE0221584604AA16F0EAF8EAA0009098
:1058B0006B785021AA782CA895ED080AFEF7F0F92C
:1058C000A0212CABE5A204A8EAF7DCFE0321584690
:1058D00004AA16F0D5F8A87898B1697889B195ED41
:1058E0000A0AA021E0A2B7EEC00A04A88DED020BBF
:1058F00095ED090AB7EEC00A8DED000BEAF7C2FE7E
:1059000009E008B1E1A301E0AFF29C23A021E3A2EA
:1059100004A8EAF7B7FE0421584604AA16F0B0F826
:10592000A87888B1687840B16869A0210090DFA2AA
:105930002B6904A8EAF7A6FE0BE02B69A021E2A2DE
:1059400004A8EAF79FFE04E0A021E5A204A8EAF774
:1059500099FE0521584604AA16F092F894F82E06EE
:1059600007281AD094F80906C8B1FFF78DFA0090FD
:10597000E2A294F82E06E04900F0070051F820302A
:10598000A02104A8EAF77EFE0621584604AA16F0D4
:1059900077F806205490DCA7E4E4E4A0E7E7E7A06A
:1059A000E5E70FF2A83894F82C36A021EBA25B1C97
:1059B00004A8EAF767FE0021584604AA16F060F82A
:1059C0000027CA4695F894100AFA07F0014219D048
:1059D00000E0FDE305EB87004FF0010990ED200AA0
:1059E00010EE101A6FEAD15111F0FF0F0CD0B7EE84
:1059F000C00A8DED000BD0F88800B0F5FA7F24D2F4
:105A000088A323E04FF000095021DBA22CA8EAF77D
:105A100039FE2CA80090A02107F15003D7A204A8BA
:105A2000EAF730FE0AEB4701584604AA16F028F8B8
:105A3000B9F1000F10D005EB8700A021D2A2D0F859
:105A4000883004A8EAF71EFE0BE0D3A35021D4A2AD
:105A50002CA8EAF717FEDCE7A021D3A204A8EAF7F6
:105A600011FE022000EB4701584604AA16F008F880
:105A70007F1C022FA6D3D5F89030A021CEA204A877
:105A8000EAF700FE0521584604AA15F0F9FF6878E8
:105A900008B1CEA200E0D2A25846062115F0F0FFD0
:105AA000D6A75FE494F830060FF2643828B10128D5
:105AB0005BD0336B002B7AD158E2707A40B17068BA
:105AC000A0210090D6A2338804A8EAF7DBFD04E009
:105AD000A021D9A204A8EAF7D5FD0021584604AABE
:105AE00015F0CEFFB07A10B1AFF2844000E0D8A03C
:105AF0000090337AA021DAA204A8EAF7C3FD0121BD
:105B0000584604AA15F0BCFFF368A021D8A204A847
:105B1000EAF7B8FD0221584604AA15F0B1FFF06972
:105B2000A0210090D7A2336904A8EAF7ABFD0321B6
:105B3000584604AA15F0A4FF336AA021D8A204A8ED
:105B4000EAF7A0FD0421584604AA15F099FF736AEC
:105B5000A021D9A204A8EAF795FD0521584604AA78
:105B600015F08EFFB36ADBA247E2236FA021E0A20B
:105B700004A8EAF787FD0021584604AA15F080FF23
:105B8000636FA021DFA204A8EAF77CFD012158463B
:105B900004AA15F075FFA36FA021DEA204A8EAF7FE
:105BA00071FD0221584604AA15F06AFF00E0DFE10A
:105BB000E36FA021DBA204A8EAF764FD03215846A5
:105BC00004AA15F05DFFD4F88030A021DAA204A861
:105BD000EAF758FD0421584604AAB7E1E8A18C2051
:105BE00025752D2575202F20372020E69CACE6ACAE
:105BF000A1E4B88AE794B5E99BB6E782B900000052
:105C0000E5B7B2E4BDBFE883BD000000E5B7B2E58B
:105C1000A4B1E883BD000000E78AB6E68081E8BF52
:105C200087E69C9F00000000E78AB6E68081E69C3C
:105C3000AAE79FA500000000E4BD8DE7BDAE2025CA
:105C400073000000C2B02F7300000000E9809FE5E0
:105C5000BAA62025730000004E6D0000E8BDACE739
:105C60009FA9202573000000E6B8A9E5BAA6204D3B
:105C70004F5320252E3066202F20E8BDACE5AD9097
:105C800020252E3066C2B04300000000E58F8DE96C
:105C9000A688E8BF87E69C9F00000000E6B8A9E55B
:105CA000BAA6202D2D202F2025730000E58F8DE929
:105CB000A68820256C756D732020E69585E99A9C51
:105CC00020256C7500000000E8BF87E69C9F20251A
:105CD0006C756D732020E69585E99A9C202D2D002A
:105CE000E58F8DE9A688202D2D2020E69585E99A5F
:105CF0009C202D2D000000006CF302083E2573202F
:105D00007C20257300000000E8BE93E587BAE8BD5B
:105D1000B42020E5B7A620E58897E8A1A82020E4D4
:105D2000B8AD20E6938DE4BD9C000000E4B8AD2F33
:105D3000E58FB320E8BF9BE585A50000E4B8ADE999
:105D400094AEE7BC96E8BE9100000000E4BD8DE78C
:105D5000BDAEE8AFBBE580BC00000000494425753E
:105D600020E58E9FE5A78BE580BC202F20E69CAA2E
:105D7000E6A0A1E9AA8C00002D2D0000524944257F
:105D80003032582025730000E6A0B7E69CAC2025F1
:105D90006C756D7300000000E8BF87E69C9F2000D3
:105DA0002573252E36670000E6A0B7E69CAC20E6FA
:105DB0009CAAE79FA5000000E8AFBBE58F96E8B678
:105DC00085E697B620256C7500000000E78AB6E6E8
:105DD0008081E58F8DE9A68820E69C89E69588007C
:105DE000E78AB6E68081E58F8DE9A68820E69CAA41
:105DF000E79FA52FE8BF87E69C9F0000E58FAAE8F4
:105E0000AFBB202F20E5B7A620E8BF94E59B9E00FE
:105E1000E8AF8AE696ADE4BFA1E681AF00000000DE
:105E20004144432025752020E6A0B7E69CAC202500
:105E30006C756D7300000000414443202D2D20201F
:105E4000E6A0B7E69CACE69CAAE79FA50000000090
:105E5000E8BE93E585A5E69CAAE5B0B1E7BBAA003C
:105E6000E68C89E994AE202575202025730000007A
:105E7000E8BE93E585A5E69585E99A9C20256C7595
:105E800000000000444D41E99499E8AFAF20256C33
:105E9000752020E59D9720256C756D73000000002E
:105EA0005549E6A088E4BD99E9878F20256C7520C7
:105EB000776F726400000000E68EA7E588B6E88080
:105EC00097E697B6E69C80E5A4A720256C7520751B
:105ED00073000000E68EA7E588B6E591A8E69C9FD2
:105EE000E69C80E5A4A720256C7520757300000052
:105EF000E68EA7E588B6E8B685E69C9F20256C75FA
:105F00000000000043414EE4B8A2E5BC8320256CAC
:105F100075000000555342E4B8A2E5BC8320256C0F
:105F200075000000E68B92E7BB9DE8AFB7E6B18253
:105F300020256C7500000000E581A5E5BAB7E58174
:105F40009CE6ADA220256C750000000015F098FDC0
:105F5000D4F88430A021CDA204A8EAF793FB052150
:105F6000584604AA15F08CFDCDA24BE0AFF2F81311
:105F7000A021D4A204A8EAF785FB0021584604AA70
:105F800015F07EFD54F8883FA021D1A204A8EAF7BD
:105F900079FB0121584604AA15F072FD6368A0211F
:105FA000D0A204A8EAF76EFB0221584604AA15F015
:105FB00067FDA368A021D0A204A8EAF763FB032130
:105FC000584604AA15F05CFDE368A021883CD1A2E4
:105FD00004A8EAF757FB0421584604AA15F050FD1F
:105FE0007369A021D1A204A8EAF74CFB0521584609
:105FF00004AA15F045FDB369D3A2A02104A8EAF7CD
:1060000041FB04AA5846062115F03AFDD5A7C3E482
:10601000042816D004F5A1673B7F591E062905D830
:1060200003EB430101EB031204EBC20504280BD080
:10603000D5A08046387B092808D2D74951F82000DE
:1060400005E004F59A67E7E7D4A0F2E7D7A000904F
:10605000A021DAA204A8EAF715FB0021584604AAF9
:1060600015F00EFD387B052834D090B301284CD0B4
:1060700006284AD0072848D097ED090AFEF7FCFE0B
:10608000B7EEC08A97ED080AFEF7F6FEB7EEC00A33
:106090008DED028BA021CBA204A88DED000BEAF7B9
:1060A000F1FA0121584604AA15F0EAFC387B0328CE
:1060B00046D0042844D0A87820B1687810B1286967
:1060C00096285AD302215846C6A215F0D9FCC9A277
:1060D00077E01AE0787F0EF0F9FE8146287A0EF01C
:1060E000F5FEA0210346CAA2CDF8009004A8EAF765
:1060F000C9FA0121584604AA15F0C2FC02215846EB
:10610000C7A215F0BDFCCEA25BE098B1012813D068
:10611000062813D0D3A25846012115F0B1FC022164
:106120005846D7A215F0ACFC94F80906FEF7ACFE71
:10613000024646E0D9A2EEE7DFA2ECE7E5A2EAE7F5
:1061400097ED0B0AA021EAA2B7EEC00A04A88DEDD4
:10615000020B97ED0A0AB7EEC00A8DED000BEAF7C5
:1061600091FA0221584604AA15F08AFC7B6BA02103
:10617000E4A204A8EAF786FA22E095ED060AFEF703
:106180007BFEB7EEC00AA021E5A204A88DED000BAE
:10619000EAF778FA0221584604AA15F071FC95ED49
:1061A000060AD7ED080A30EE200AFEF765FEB7EEC4
:1061B000C00AA021DFA204A88DED000BEAF762FA65
:1061C00004AA5846032115F05BFC387B032800E045
:1061D000B0E32AD0042828D005283DD0DAA25846BA
:1061E000042115F04DFC387B022837D0042835D027
:1061F000032833D0072831D0DBA25846052115F0FB
:106200003FFC94F8080605282AD0387B02283BD0AA
:10621000042839D0032837D0052834D0D9A25846CD
:10622000062115F02DFCDEA73CE295ED150AFEF7E0
:1062300023FEB7EEC08A95ED140AFEF71DFEB7EEF9
:10624000C00A8DED028BA021DDA204A88DED000B0C
:10625000EAF718FA04AAC2E7DFA2C0E7E5A2CCE792
:1062600094F8360668B1D4F82036A021E9A204A833
:10627000EAF708FA04AA5846062115F001FCECA733
:1062800010E2F4A2F7E7EFE1F0E10000E7BB93E6EC
:106290009E9CE7A7AFE58E8B20256C750000000063
:1062A000E8BDAFE4BBB6E695B0E68DAE202F20E6A4
:1062B0009CAAE5819AE5AE9EE789A9E9AA8CE8AF98
:1062C00081000000E59BBAE4BBB620257300000006
:1062D00043414E205458E99499E8AFAF20256C759E
:1062E00000000000E981A5E6B58BE4B8A2E5BC8317
:1062F00020256C7500000000E69C80E5B08FE6A0CC
:1063000088E4BD99E9878F20256C7520776F7264CA
:1063100000000000E69C80E5B08FE5A086E4BD9912
:10632000E9878F20256C752042000000E698BEE7C3
:10633000A4BA535049E7B4AFE8AEA1E99499E8AFE5
:10634000AF20256C75000000E698BEE7A4BAE5888A
:106350009DE5A78BE58C96E99499E8AFAF20256C75
:1063600075000000E5B7A620E8BF94E59B9E2020BD
:10637000E4B8AD2FE58FB320E8AF8AE696ADE7BF6E
:10638000BBE9A1B500000000E4BA8CE6ACA1E7A12E
:10639000AEE8AEA400000000C4F20208E58AA8E45A
:1063A000BD9CE88D89E7A8BF00000000E69CAAE735
:1063B0009FA5E6938DE4BD9C00000000494425752F
:1063C00020257300E79BB8E5AFB920252B2E316659
:1063D000C2B02020E9809FE5BAA620252E3166C2F2
:1063E000B02F7300E58AA8E4BD9CE5898D202D2D92
:1063F00000000000E79BAEE6A087E69CAAE79FA509
:10640000202F20E7AD89E5BE85E58F8DE9A68800C0
:10641000E6A8A1E5BC8F202573202D3E2025730022
:10642000E6A8A1E5BC8FE8AFBBE59B9EE5908EE6B4
:10643000898DE7A1AEE8AEA4E68890E58A9F0000CA
:10644000E58887E6A8A1E5898D3A20E5A4B1E8832F
:10645000BDE4B894E9809FE5BAA6E8BF91E99BB690
:1064600000000000E5819CE6ADA2E5B9B6E8AFB753
:10647000E6B182E794B5E69CBAE5A4B1E883BD0035
:10648000E7BB93E69E9CE4BBA5E5BA94E794A8E538
:106490008F8DE9A688E4B8BAE5878600E794B3E86B
:1064A000AFB7E69CACE59CB0E6938DE4BD9CE69D61
:1064B00083E9999000000000E4BAA4E8BF98E8BF1F
:1064C0009CE7ABAFE6938DE4BD9CE69D83E9999094
:1064D00000000000E6B885E999A4E5BD93E5898D43
:1064E000E794B5E69CBAE69585E99A9C0000000021
:1064F0004B7020252E326620204B6420252E3266DC
:1065000000000000E4BF9DE68C8120256C756D7352
:106510002020E5898DE9A68820304E6D000000001E
:10652000E58AA8E4BD9CE5898D20252E3166C2B0A0
:1065300000000000E9A284E8AEA1E79BAEE6A087D8
:1065400020252E3166C2B000E8BE93E587BAE8BDCB
:10655000B4202F20E69CACE6ACA1E4B88AE794B561
:10656000E99BB6E782B90000E7BB93E69E9C3A2020
:10657000E7AD89E5BE85E5BA94E794A8E7A1AEE862
:10658000AEA40000E4B8ADE994AEE69FA5E79C8B0D
:10659000E6938DE4BD9CE7A1AEE8AEA40000000048
:1065A000E5B7A620E58F96E6B6882020E4B8AD20B2
:1065B000E69FA5E79C8BE7A1AEE8AEA40000000033
:1065C0004D4954E88C83E59BB420252E31667E2509
:1065D0002E3166C2B0000000E58887E68DA2E59006
:1065E0008EE4BB8DE4BF9DE68C81E5A4B1E883BD5C
:1065F00000000000E7BB93E69D9F3A20E5A4B1E8C8
:1066000083BDE5B9B6E6A380E69FA5E58F8DE9A633
:1066100088000000E5868DE68C89E4BD8FE4B8AD86
:10662000E994AE20256C75202F203830306D730032
:10663000E5B7A620E58F96E6B6882020E69DBEE564
:10664000BC80E5908EE995BFE68C89E7A1AEE8AE07
:10665000A4000000E8AFB7E58588E69DBEE5BC80F4
:10666000E4B8ADE994AE0000B5A2D8E594F8090607
:10667000D8B1FEF709FC00BF94F82F160522B1FB34
:10668000F2F302FB1311B54A52F82130A021B4A253
:10669000009004A8E9F7F6FF0621584604AA15F071
:1066A000EFF9B3A70620549022E1ABA0E4E720461F
:1066B000FDF76CFE94F83C16054694F8C0240020C3
:1066C00011B194F83E160A434B46002103FA01F734
:1066D000174200D0401C491C0729F7D3217E39B945
:1066E00094F8C11411B994F8C21409B1AAA100E038
:1066F000ADA10FF2C42855B101280ED9CDE9000192
:10670000A0212B46B0A204A8E9F7BCFF0DE0A02110
:10671000B1A204A8E9F7B6FF07E02B46AFF2643256
:1067200004A80091A021E9F7ADFF0021584604AA72
:1067300015F0A6F994F80A06012804D094F83C064E
:1067400018B1ACA207E0B3A205E094F83B0608B18B
:10675000B8A200E0BEA25846012115F091F994F8C4
:10676000300016F06DF902210246584615F088F9FE
:106770000DB1681E00E0002000EB400101EB0011AC
:1067800004EBC10797ED2C0A9837FEF775FBAFF6BF
:10679000A47000901DB1B87808B1012200E0002279
:1067A0007B7850212CA8FDF77BFA45B12CA82B460D
:1067B000A0210090ADA204A8E9F764FF05E0A021A4
:1067C0002CABABA204A8E9F75DFF0321584604AA4D
:1067D00015F056F994F8C80408B1AAA200E0AFA2D7
:1067E0005846042115F04CF905215846B4A215F07D
:1067F00047F994F80906FEF747FB0621024658467A
:1068000015F03EF994F8C8140420549009B1B5A7C6
:106810006EE0BDA76CE0082824D0C5A0804694F89F
:106820000A06022820D003281ED094F83F06E8B1BB
:1068300094F8F505E0B101281CD003281CD0C0A2B3
:106840001846002115F01CF994F80906FEF71CFB08
:1068500001210246584615F013F994F80A0668B16A
:10686000BBA00FE0C1A0D9E7C6A2E9E7CDA2E7E748
:10687000D0A2E5E7D3A2E3E7D6A2E1E794F8F605D4
:1068800016F0DEF802210246584615F0F9F894F8A1
:106890000A06022806D038B994F83F0620B194F8C9
:1068A000050608B1CFA200E0D4A25846032115F096
:1068B000E7F894F80A0608B1D8A20AE0B4F800068E
:1068C000A0210090DCA294F8023604A8E9F7DAFED1
:1068D00004AA5846042115F0D3F805215846DCA235
:1068E00015F0CEF806215846E0A215F0C9F8E7A742
:1068F000549A2146584604F07BFE96F82C0008B1C5
:10690000EBA000E014A0434650210090EBA240A869
:10691000E9F7B8FEDBF80400502240AB0BF1480168
:1069200016F08CFDDBF8240070220BF59F613B46CE
:1069300016F084FD55B0BDEC028BBDE8F08F000071
:10694000E4B8ADE994AEE69FA5E79C8BE58887E6C1
:10695000A8A1E7A1AEE8AEA4000000008CF30208F5
:10696000E7BC96E8BE913A202573202025730000ED
:10697000E4B88AE4B88B20E8B083E580BC2020E549
:106980008FB320E5AD97E6AEB52020E4B8AD20E9A1
:10699000A284E8A788000000E8BF9CE7ABAFE58AC7
:1069A000A8E4BD9C00000000E69CACE59CB0E8AF0C
:1069B000B7E6B18200000000E689A7E8A18CE78A6B
:1069C000B6E680810000000049442575E7AD8925C1
:1069D00075E58FB020257300E79BAEE6A087E69CA7
:1069E000AAE79FA5202F20E7AD89E5BE85E5BFABCF
:1069F000E785A70053544F50E5B7B2E8AFB7E6B10B
:106A000082202F20E7AD89E5BE85E6B885E7908630
:106A100000000000E5819CE6ADA2E5B7B2E99481F3
:106A2000E5AD98202F20E7AD89E5BE85E58F8DE99E
:106A3000A6880000E5B7B2E58F97E79086202F2063
:106A4000E7AD89E5BE85E7BB88E6808100000000F0
:106A5000E8AFB7E6B182E4B8AD202F20E5B09AE602
:106A60009CAAE7A1AEE8AEA4000000004944257549
:106A7000E8BE93E587BAE8BDB4E4BD8DE7BDAE20BE
:106A800025730000E4B8ADE994AEE7AB8BE58DB3B8
:106A9000E8AFB7E6B1822053544F5000E58FAAE823
:106AA000AFBBE6A8A1E5BC8F202F20E69CACE5B1EA
:106AB0008FE4B88DE58FAFE5819CE6ADA2000000C4
:106AC000E8BF90E8A18CE4B8ADE4B88DE58FAFE7FE
:106AD000BC96E8BE91E68896E68DA2E794B5E69C62
:106AE000BA000000E4B8ADE994AE2053544F5020F2
:106AF0002F20E4B88DE4BE9DE8B596E5BD93E58909
:106B00008DE784A6E782B900E58FAAE8AFBBE79BD3
:106B100091E8A786202F20E8AFB7E4BDBFE794A88F
:106B2000E8BF9CE7ABAFE68EA7E588B600000000A3
:106B3000E58AA8E4BD9CE7BB93E69E9C00000000AC
:106B4000E58AA8E4BD9CE5A4B1E8B4A50000000076
:106B5000E6A0B9E68DAEE69C80E696B0E794B5E691
:106B60009CBAE58F8DE9A68800000000E69585E9CE
:106B70009A9C202F20E6B885E79086E7BB93E69E97
:106B80009C000000E5819CE6ADA2E99481E5AD980A
:106B9000202F20E6B885E79086E5B7B2E7BB93E6FD
:106BA0009D9F0000E8AFB7E6B182E69CAAE5AE8CF7
:106BB000E6889000E58AA8E4BD9CE5AE8CE6889066
:106BC00000000000E58AA8E4BD9CE5B7B2E5819C21
:106BD000E6ADA200E58AA8E4BD9CE5B7B2E58F96D4
:106BE000E6B68800E58F8DE9A688E5B7B2E7A1AEE5
:106BF000E8AEA4E5A4B1E883BD000000E5A4B1E8D7
:106C000083BDE69CAAE7A1AEE8AEA4202F20E4BF96
:106C10009DE68C81E99481E5AE9A0000E7BB93E69E
:106C20009E9CE4BBA5E794B5E69CBAE58F8DE9A6EA
:106C300088E4B8BAE5878600E99499E8AFAF2025E3
:106C4000752020E8AFA6E6838520257500000000AA
:106C5000E4B88DE4BC9AE887AAE58AA8E9878DE5BF
:106C60008F91E58AA8E4BD9C00000000E5868DE6D2
:106C7000ACA1E689A7E8A18CE99C80E8A681E98718
:106C80008DE696B0E7A1AEE8AEA40000E4B8AD2F63
:106C9000E5B7A620E5B7B2E8AFBBE8BF94E59B9E99
:106CA0002020E58FB320E8AF8AE696AD0000000013
:106CB000205BE6A8A1E68B9F5D000000257325738D
:106CC000000000002DE9F04F0746C87A89B015464C
:106CD00002280E4603D8012009B0BDE8F08F3269C2
:106CE0001846B168F6F78CF8041EF5D0207D00F048
:106CF0001F0007F078FF4FF4807808B1062011E0FC
:106D0000207D00F01F000E2806D014280AD007F0BE
:106D10005BFF30B1052005E031884FF00E0931B935
:106D200002E00420814606E07088404503D000213F
:106D30004FF00509A161226A22B12946384615F0B3
:106D4000A4FDBEE0A069E8B302A8294605F0F9FD5C
:106D5000B6F900005FEA000A02D1708840452DD0E4
:106D6000EA88331DB5F80280A988B5F800C0A2EB07
:106D700008027088521CCDE90003A1EB0C015346B8
:106D8000491C12B209B202A8F6F732F8BDF80800A1
:106D900029880844ADF80800BDF80A00698808444D
:106DA000ADF80A00BDF80C0029880844ADF80C00C5
:106DB0006988BDF80E000844ADF80E00B96802AA53
:106DC00004A800E012E0F5F72EFE002879D0D7F8ED
:106DD000088004A8B8602A46CDF800903146A3691F
:106DE000384606F02BF9C7F808806AE0B96804A8AD
:106DF0002A46F5F718FEE8B3BDF81400BDF81010E8
:106E0000401A401C0FFA80FB0BEB4B0009F0D0F945
:106E1000039004A9D7F8088001A805F092FD01218C
:106E200001A805F0E7FDB5F90000B5F90210BDF9BC
:106E30001020BDF91250101A0690A5EB010A37E098
:106E400001AA414607A8F5F7EEFD80B303980FFAB3
:106E50008AF200905B46069801B2204608F0AEFA2E
:106E600001280ED0204608F0F7F9039809F0EEF952
:106E7000204600E025E008F0EFF90020C7F8088080
:106E80002AE707A8B860039B01AA31463846CDF827
:106E9000009006F0D3F8BDF806000AF1010A401C84
:106EA000ADF80600BDF80A00401CADF80A006D1CE4
:106EB000BDF91600A842C3DAC7F80880039809F0A4
:106EC000C5F9204608F0C8F905E70B4610B540B1F2
:106ED0003BB100F5C0511846B822E9F7A7FE0120E2
:106EE00010BD002010BD10B528B101684A1C01D0AA
:106EF000491C016010BDE9F77BFD10B5040010D0FE
:106F000041F6C801E9F7EEFEA4F2E4744FF0FF3059
:106F100004F50054012120606060E060C4F89C101A
:106F2000206210BD2DE9F05F060017469846DDE9A6
:106F30000AA9DDF830B00CD006F58054B4F8C208C8
:106F4000B0F5807F03D8B4F8C058FF2D04D9E9F715
:106F50004FFD0020BDE8F09FFF2805D8411CA4F894
:106F6000C2182844C5B20CE0681C41F6BC02C1B28C
:106F7000A4F8C018B018FFF7B6FFD4F8BC08C4F8DE
:106F80007C0805EB450006EBC000C0E90078D4F8AA
:106F9000B818816080F80CA080F80D90C0F810B08F
:106FA000D4F8B808401CC4F8B80802D10120C4F8CD
:106FB000B808B4F8C208D4F81818814201D2C4F84D
:106FC00018080120C6E7002804D041F6040108444F
:106FD000FFF789BF7047002810B51ED000291CD0CC
:106FE00000F5C054A06A6162421C01D0884200D9F9
:106FF000A162E06A884200D2E162B1F57A6F0DD9F0
:1070000004F13000FFF76FFF04F13400FFF76BFF6E
:10701000D4E90D01814200D2A06310BD002060635D
:1070200010BD002803D000F5C050FFF75CBF7047CB
:1070300070B5002845D0002943D000F5C0500B683A
:107040000022144683604B68C3608B680364CB687E
:1070500043640B6983644B69C3648B690365CB69C3
:1070600043650B6A83654B6AC3658B6A0366CB6AAB
:1070700043660B6B83664B6BC3668B6B0367CB6B93
:1070800043670B6C83674B6CC3638B6CC361CB6CC6
:10709000C0F8203001EBC2035D6D50333DB11B6879
:1070A000AB4204D800EBC206C6E9203505E000EB90
:1070B000C203C3F88040C3F88440521CD2B2072AEE
:1070C000E8D370BD2DE9FC41060090460C4647D040
:1070D000002C45D0B8F1000F42D0B4F900300127A0
:1070E000204D002B38DBB4F90220002A34DBB4F940
:1070F0000410B1F58C7F2FDAB4F90600F0282BDAF2
:107100008B4229DC824227DC287828BBFDF7CEFEA3
:1071100010B32088ADF800006088ADF80200A088A8
:10712000ADF80400E088ADF80600A08821886288E8
:10713000401AE188401C6E60891A491C10FB01F05E
:107140004400ECF78EFA034622464146684605F0B5
:1071500095F8002804D168602F70304605F0BCFE19
:10716000BDE8FC811C02012410B5ECF77AFA05F0A9
:1071700075F9BDE81040ECF776BA00000A493D20E9
:1071800070B50A4B01220A4D40F6F87488601A6007
:10719000AC61BFF34F8F0B20EFF7EEFA2320EFF730
:1071A000EBFABFF34F8F70BD00000240840802402D
:1071B0000030014070B50646C8788EB00C460228F3
:1071C0005ED909A8114605F0CEFBB4F920000128CC
:1071D00029DD94F82200FD2825D3208818B394F8DF
:1071E0002300BDF824104008C0F38002C0F3400320
:1071F0008818ADF82400BDF826001844ADF8260024
:1072000094F82310BDF828004908C1F3C001401AC2
:10721000ADF8280094F82310BDF82A00C1F340010E
:10722000401AADF82A00B26809A90BA8F5F7FBFBD4
:10723000002825D0E07B10F0070523D0E088ADF8CA
:107240001C006189BDF81C00884200D100256846F9
:107250001C21E9F747FDA0788DF81900BDF81C0046
:10726000ADF80800208800280AD1002D08D109A80F
:107270000090E07869468DF81800304606F0B4FAC0
:107280000EB070BD60680790DBE72DE9F04106465F
:10729000086992B0154600280C467DD0A07E0228D1
:1072A0007AD9B2680EA82946F5F7BDFB002873D03D
:1072B000D6F808800EA8B060206908F092F802287D
:1072C00006D0206902A907F0EBFF012849D0C6E0EB
:1072D00041F6FF70002702973B46CDE90070D4E9E4
:1072E000041210A80DF0F0F9A8882A88801A401C12
:1072F00001B2BDF9400001EBD17102EB610100EB7D
:10730000D072A1EB6201ADF80C100844401EADF83C
:107310001000E8886A88801A401C01B2BDF942005A
:1073200001EBD17102EB610100EBD072A1EB6201C4
:10733000ADF80E100844401EADF8120005A806F086
:1073400041F9606903AA059005A9208BADF82000DA
:10735000A07E8DF82E0030460097236905F090FE40
:107360007DE003A805F072FEA0784FF0FF378DF89E
:107370001800208BADF81400E07E8DF81600A07E7A
:107380008DF81700207F40B102996888ADF802009F
:1073900007EB515108445AE063E0A8882A88801A14
:1073A000401C01B2029801EBD17102EB6102C0F303
:1073B0008A21A2EB5103ADF80030EA88491E6D889E
:1073C000521B521C12B202EBD27205EB6202A2EB0C
:1073D0009052ADF8022007EB50555818ADF8040054
:1073E0005119ADF80610236903A96A46304605F025
:1073F000F9FD34E002992888ADF80000C1F38A2134
:10740000491E084410E0236903A96A46304605F086
:10741000E9FD0298BDF80010C0F38A200144ADF8E0
:107420000010BDF804100844ADF80400B5F90410CC
:10743000BDF900008842E6DD0298BDF8021001EBBC
:107440005051ADF80210BDF8061001EB5050ADF8E8
:107450000600B5F90600BDF902108142CADDC6F882
:10746000088012B0BDE8F081F0B5074691F822001F
:1074700087B0164602280C466BD9208C002868D0AD
:1074800094F8230010F03E0F63D0C00761D1B1889B
:107490003388F0887288C91A491CB4F90050801AE0
:1074A000401C09B200B2814200DA0846B5EB600F19
:1074B00000DD4510314604A805F055FA94F8230084
:1074C000BDF91020C0F344014807B4F9200001D4ED
:1074D000284440421044ADF81000B4F920000907D8
:1074E000BDF9141001D428444042081AADF8140024
:1074F00094F82300BDF9121040088007B4F9200069
:1075000001D4284440420844ADF8120094F8230006
:10751000BDF916104008C007B4F9200001D1284475
:107520004042081AADF81600208C281A00B2002834
:1075300000DA0020A27894F822102B46CDE902123E
:10754000E18B04AAADF8041031460090384600F0F3
:1075500002F807B0F0BD38B5DDE90534FF2C00D3E3
:10756000FF24009400F001F838BD2DE9FF478EB0EC
:1075700015460C4682461C211A9E02A808F042FFBE
:10758000CDF808D0BDF84400ADF810008DF82060AB
:10759000B4F90200B5F90210884201DC012700E0CD
:1075A0000027B4F90600B5F90610884201DB012670
:1075B00000E00026B4F90000B5F90010884201DCB3
:1075C000012100E00021B4F90420B5F90430894616
:1075D0009A4201DB012100E00021ADF80000A08803
:1075E0008846ADF804006088ADF802006888A0F114
:1075F0000100ADF806001FB102A9504606F0F4F8EC
:10760000E88800F10100ADF80200E088ADF806005E
:107610001EB102A9504606F0E7F82088ADF8000038
:107620002888A0F10100ADF8040017B1B5F90200F7
:1076300001E0B4F90200ADF8020016B1B5F9060098
:1076400001E0B4F90600B9F1000FADF8060003D06F
:1076500002A9504606F0C8F8A888B8F1000F00F15A
:107660000100ADF80000A088ADF8040003D002A925
:10767000504606F0B9F812B0BDE8F0872DE9F041A8
:107680002E4D0746686805F041FC04463868C66B15
:10769000716B09B1304688476868E1680068028804
:1076A000408812FB00F0884201D1012000E0002058
:1076B000216859B1616849B128B107E0686800687C
:1076C000816A01B1884720690028F7D10120206133
:1076D00069680968C9688A69D20702D08969890717
:1076E00000D400206061606908B1012500E0002538
:1076F0003868416971B1016911F0300F06D049074E
:1077000004D5D6E9001000F01BF803E0D6E900210B
:10771000FCF712F8206800280BD06168002908D017
:107720003A68127CAA43D20703D1A268824202D1EE
:10773000A160BDE8F081A060FBE7000058020124D1
:107740002DE9F34F05468C4893B041680E683069C7
:10775000820701D542076ED4C0F3011002281ED063
:10776000012801D0032866D100200F90084605F0BB
:10777000CDFB10904FF4A051AB88B5F90000EC8818
:10778000B5F902201B1A5B1CA71A1CB2B1FBF4F35B
:107790007F1C3FB2BB420FDAB1FBF4F10DE0149A4B
:1077A0002946304600F0F4F8149A15B029463046C0
:1077B000BDE8F04FFBF7C0BF3946337C0B91079211
:1077C000C3F30111012906D0611E68800844E880D6
:1077D0004FF0000BC1E07188081A401EE880011BC1
:1077E000491C6980F4E700BF0B99A7EB0B008842A6
:1077F00000DD08464FF0010100B201901098BBF186
:10780000000F016121D1A7421FDB0194307CC0F33E
:107810000110032810D00020149A214600F0EBF844
:10782000307CC0F30110012808D031880798081A6D
:10783000401E011B56E09BE00120EDE707980799E9
:1078400020442980401EA8804FE00F9820B94FF4B3
:10785000205008F0ADFC0F90307CC0F301100328DD
:107860001BD00020019986460F980C90601E14FBD7
:1078700001F24843DDF85090521ECDE90D20002062
:107880008842824621DA0E9ABEF1000F02EB0A000E
:1078900001D00D9A101A002211E00120E2E700BF8A
:1078A0000C9BBEF1000F39F8028B03EB400CACF8D7
:1078B000008001D0084400E0401A521C12B2A242DB
:1078C000EEDB0AF1010000B2DAE7307CC0F3011010
:1078D00001281BD031880798091AA1EB0B000199E8
:1078E000401E411AA880491C298001990BEB010810
:1078F000B84514DB10988069C00710D010988069D3
:1079000080070CD51099012048610BE0079901EB25
:107910000B00019928800144491EA980E5E71098D1
:10792000002141610F9828B1024629463046FBF7F5
:1079300003FF05E0149AF8E7B16A09B130468847B9
:10794000109800690028F7D101990FFA88FB04FB11
:1079500001F0149901EB40001490BB45FFF644AFD1
:107960000F98002804D015B0BDE8F04F08F06EBCA9
:1079700015B0BDE8F08F00005802012430B50D8825
:107980000488058010880880188810801C8030BD0D
:10799000F8B58B8800240D88CE884F885B1B5B1C54
:1079A000F51B6D1C13FB05F35B1E0DE002EB43069C
:1079B00002EB44075B1E3588641CADF80050B7F835
:1079C00000C0A6F800C03D80A342EFD843884C8891
:1079D000CA881B1B5B1ECB8043889A1A521E4A80A2
:1079E00003880C888A881B1B5B1E8B800088801A8A
:1079F000401E0880F8BD2DE9F0470C4617460026CA
:107A0000824601EBD47936E0601C002500EBD0788B
:107A10002CE0A01B621B401E01B2A2F1010210B2B9
:107A2000BAF1000F0ED015FB041211FB040110FB7C
:107A3000046C07EB420307EB410216FB045007EB13
:107A40004C010DE011FB040C10FB046215FB04114A
:107A500016FB045007EB420307EB4C0207EB410116
:107A600007EB4000FFF78AFF6D1C2DB2B5EB680FE6
:107A7000CFDB761C36B2B6EB690FC5DBBDE8F0870D
:107A80002DE9FF4F99B0987B00F00F041A98032C52
:107A9000DDF89880827E18D0012C1DD0022C21D0D8
:107AA000042C13D0082C7DD18D4D61014FF0FF0ABD
:107AB000FD2A2BD28B4E3078904202D17068A042C2
:107AC00021D0DFF824C200201BE00424844D4FF0B5
:107AD000F00A103D1021EBE7814D4FF0800A163D72
:107AE0000221E5E77E4D4FF0C00A143D0421DFE797
:107AF0002F5CFF2F1BD017FB02F73F0A0CF800701A
:107B0000401C8842F4D3784D327074601998B3F8F1
:107B1000069081681B98B0F9002018890390B1F98C
:107B2000003009FB04F09A4203DB002302E0174611
:107B3000E4E79B1AB1F9046002EB09079B46B742E0
:107B400001DC4E4601E0B61A761C1B9AB1F90230F0
:107B5000B2F902209A4201DB002300E09B1A039F46
:107B6000B1F9061017440C938F4201DC039901E030
:107B7000891A491C169103FB00F20BFB042000F04C
:107B8000070708EBD00126911C210FA808F03AFC4A
:107B90001A988089ADF844001A98807E8DF85400B8
:107BA0001A9800E099E0807FC0F3C2008DF855007C
:107BB000F5F7ACFE05F0AEF9039A09FB02F181423C
:107BC00000DC0846189008F0F3FA0A9009EB0B0362
:107BD0001290C4F108011B98A6F1010C07AAB0F895
:107BE000008000200291991BDDF8309008EB0B0318
:107BF00061430E91ADF81C301B9909886144ADF8C2
:107C000020101B994B880F9203EB0901ADF81E1051
:107C1000ADF8221014924AE0002359462AFA07F8D8
:107C200020E0269ADDF808C0ACEB070C127802EAD7
:107C3000080232FA0CF205D015F802C00A9A02F8CE
:107C400000C001E00A9A1354029A974203D228FA1C
:107C500004F8274404E0269AD046521C26920027B6
:107C6000401C491CB142DCDBA6EB0B010A18189939
:107C70008A4203D2BDF82210491C0CE002208DF884
:107C80004C0019980FA905F0AFFDBDF82210002097
:107C9000491CADF81E10ADF8221009F101090E992A
:107CA000269A394401F0070702EBD1022692169971
:107CB0008945B1DBBDF91E10BDF92200814209D012
:107CC00002218DF84C10401EADF8220019980FA922
:107CD00005F08AFD0A9808F0B9FA1DB0BDE8F08FEA
:107CE000FA90030860020124E4B50224F0B5B1F96A
:107CF00002600C46B3F900100546761EB2F900008A
:107D00008DB0771006F0010688423E4400DB08463D
:107D1000ADF80400B2F90000B3F90010884200DCAD
:107D20000846401EADF80800508801A9801BADF838
:107D3000060050883844ADF80A00AA680846F4F7EF
:107D400072FE002818D0E08818B1A08808B100267B
:107D500000E001261C2103A808F054FB01A80390B1
:107D60002088002EADF81400207A8DF8240003D06E
:107D700003A9284605F038FD0DB0F0BD70B50546E5
:107D8000B1F902008AB00C46401E1688411000F07E
:107D900001000844301AADF8000010880844ADF81E
:107DA0000400B2F90200B3F90210884200DA014679
:107DB000ADF80210B2F90220B3F90200824200DCF1
:107DC00002466946521EADF80620AA680846F4F736
:107DD0002AFE002818D0E08818B1A08808B1002633
:107DE00000E001261C2103A808F00CFBCDF80CD004
:107DF000002E2088ADF81400207A8DF8240003D0DE
:107E000003A9284605F0F0FC0AB070BD2DE9F04743
:107E100096B0054606F097FA0446284606F05BFA47
:107E200004A90646204609F06DF994F834000025AF
:107E3000C10600D50125800601D545F00205204682
:107E400000210AF030F8A0F51C51D13904D1608C22
:107E5000000501D445F0040509A805F0B3FB208E08
:107E60000021ADF83A0009AA608EADF83C0020462A
:107E70008DF841500AF022F99DF84000012708B919
:107E80008DF840704FF6FF700A9041F6FF7A0B9024
:107E900094F8340000F00700022801D003281ED116
:107EA0009DF84000022801D0032818D1BDF93610F2
:107EB00007A8CDE9001A0295BDF93830616A099A20
:107EC0000CF002FCBDF81400BDF81020BDF91C1028
:107ED000801A401C00B2884201DA8DF840700027F9
:107EE000B26804A913A8F4F79EFD00287DD094F889
:107EF000340040070BD1204609F012FB404202B289
:107F0000002104A804F061FD608BADF816000DF1AE
:107F10004C0994F8340000F00700022813D003281D
:107F200011D0009704AA636A09A9304605F0A8F8A1
:107F3000B068C6F80890804694F8340000F0070056
:107F400003280FD05BE0D6F8088004AAC6F8089092
:107F500009A900973046636A05F092F84046C6F8D2
:107F60000880E6E7BDF9361008A8CDE9001A0295A9
:107F7000BDF93830616A099A0CF0A6FBBDF814000F
:107F8000BDF81020BDF92010801A401C00B28842B4
:107F900017DA20220998114606F0D6FA218E00EB56
:107FA0004000BDF8202011440844ADF83A00608E2E
:107FB00004AAADF83C0009A900973046636A05F0B1
:107FC0005FF8BDF81600BDF81220BDF92210801A26
:107FD000401C00B2884212DA208EADF83A000998AF
:107FE000628E11440089084400E00AE0ADF83C00CC
:107FF00004AA009709A9636A304605F041F8C6F85B
:10800000088016B0BDE8F08770B5054691F82A00E3
:1080100088B00C4602285FD9E08C00285CD004A808
:10802000114604F0A0FC208DBDF81010401E091A66
:10803000ADF81010BDF81210091AADF81210BDF805
:1080400014100144ADF81410BDF816100844ADF832
:10805000160004A906A804F086FCBDF81810E08CF0
:10806000BDF81060091AADF81810BDF81C10BDF865
:1080700012300844ADF81C00BDF81A00E18C401A1B
:10808000ADF81A00BDF81E00E18C0844ADF81E00E2
:10809000BDF81400BDF81610801BB4F90020C91AF1
:1080A000401C491C00B209B2884200DA0146B2EB1A
:1080B000610F00DD4A10A178E38C94F82A00134484
:1080C000CDE90201A08C1BB206A9ADF80400284638
:1080D000009204AAFFF73FFA08B070BD70B5A4B0D3
:1080E0000C4620AA054622A909F030FA22A804F07D
:1080F00043FC20B920A804F03FFC00283DD012A981
:10810000284614F06AF9012837D12146684608F05C
:1081100001FE02221A48D103CDE9010212A80D91F5
:10812000049022A804F028FC80B122A86A461A21F3
:108130000390284606F00AF922AA204612A905F063
:10814000F7FA1B216A46284606F000F920A804F039
:1081500013FC002811D01A216A4620AE2846039647
:1081600006F0F4F820AA204612A9039605F0E0FADA
:108170001B216A46284606F0E9F824B070BD0000CD
:10818000C090030870B592B00E46054690F8DC0426
:1081900002F05AFB0446284614F05FF900F13C0156
:1081A00022466846FCF746FE00EE106A95F8DC149D
:1081B000B8EEC01A022903D0032901D004291ED128
:1081C00095F82F0605F58064D8B101282ED0022835
:1081D00053D0032860D0042811D106EBC602D5F88D
:1081E000040502EB06120F9900EB8200814200DDCC
:1081F00008461099814200DA0846C5F8040512B015
:1082000070BD0329FBD0B7EE000AFBF741FDD4EDAA
:108210003C0A41EE000A9DED031AB0EE600AF1EE51
:10822000410AFBF7F4F884ED3C0AE8E7B7EE000AF0
:10823000FBF72EFDDDED040AB4EEE00AF1EE10FAD4
:1082400002DDB0EE600A03E0B7EE000AFBF720FDA6
:10825000F0EE401AB7EE000AFBF71AFDD4ED3D0A26
:1082600041EE000A9DED041AB0EE600AF0EE610ADC
:10827000FBF7CDF884ED3D0AC1E794ED3E0ADFED52
:108280000E0A01EE200A9DED0A1ADDED090AFBF740
:10829000BEF884ED3E0AB2E794ED3F0ADFED070A2F
:1082A00001EE200A9DED0C1ADDED0B0AFBF7AFF88D
:1082B00084ED3F0AA3E70000CDCCCC3D0AD7233C98
:1082C0002DE9FF5F93460C46202180460E9E09F063
:1082D000B5FE002872D0032E40461DD009F019F9D2
:1082E000814607F0DDF8032E4FF0000705463E46B5
:1082F0003946404613D009F03DFD002182464046F4
:1083000009F002FDB9F1010F494658D002295DD0AC
:10831000B9F1030F60D136E009F0F4F8E0E709F0B5
:1083200005FD00218246404609F012FDB9F1010F1A
:1083300049461ED0022921D0B9F1030F4CD1B8F81B
:108340001820B8F81410521A521C13B2A3EB0A02E8
:10835000101A00EBD0720AEB62000844A98A07B237
:10836000288B401A401C00B200EBD07001EB60007B
:1083700022E0B8F81410B5F9146024E0B8F8181029
:10838000B5F9186026E0B8F81A20B8F81610521A95
:10839000521C13B2A3EB0A02101A00EBD0720AEBC4
:1083A00062000844698B07B2E88A091A491C09B2BD
:1083B00001EBD17100EB610006B20DE02EE0B8F8E0
:1083C0001610B5F9166001EB0A0004E0B8F81A10AF
:1083D000B5F91A60081A07B20399A01E00B2002965
:1083E00010DAB9F1000F15D0BE4221DC12E0002CEA
:1083F00001DDA41C24B2E01704EB9070801004B0DF
:10840000BDE8F09FBBF1000F12DAB9F1000F01D007
:10841000BE420DDB002CEADA0446E8E70398E042AE
:1084200002D50398404204B2BBEB040000D55C4681
:108430002046E4E770B500F59A6104460D4615F054
:1084400097FF002884F8090612D13822294604F53E
:10845000A160E8F7EBFB052284F80826002084F8E9
:10846000370684F836060121C4F8200684F835164C
:1084700070BD70B5044607F003F848B10068826823
:108480000AB1217A9047207E810742D4C0077BD170
:108490006068002108F0BCFE002518E0017ACA09D6
:1084A00010D0802904D0227A21F08001914209D194
:1084B0004168E160016820468847207E810728D412
:1084C000C00761D16D1C6068294608F0A1FE18B193
:1084D00001680029F6D0E1E70020214608F0C6FD3A
:1084E000050053D06068002108F092FE002619E0D4
:1084F000016891B1017A0A060FD411B1227A914232
:108500000BD14168E160016820468847207E8107E1
:1085100001D5012070BDC00736D1761C6068314698
:1085200008F076FE10B1012DE2D02FE0012D2DD103
:108530006068416851B3217E490727D4217A2329F5
:1085400019D0242917D0A90309F078FDF0B1207AB9
:1085500011381C280FD2DFE800F019191919191960
:1085600019191919190E0E190E0E191919190E0EBD
:108570000E0E19190E196068406860602046FFF7FA
:1085800078FF0128054601D0002070BD284670BD47
:108590002DE9FF4F0A880446888885B0CB88498832
:1085A000A0EB0200DDE91295A3EB010100F101004F
:1085B00001F1010106B20FFA81FA75B1BDF8201080
:1085C000B9F1FD0F01EB014000907CD31FFA81F956
:1085D0004FF0000BA6F1040851E1B9F1FD0F0FD3E4
:1085E000002508E008993246204604F0B5FA0798BD
:1085F0006D1C04EB40045545F4DB09B0BDE8F08F79
:10860000BDF8001000204A4660F3020189B260F311
:10861000C70189B260F30C2189B260F34F31ADF824
:10862000001088B20090BDF8000002900146089842
:1086300004F04AFB01460091089909F104004FF04B
:10864000000B89B2C0084B07C006C1F3C402000E7C
:10865000C1F3042C9B0E12FB00F21CFB00FC03EB8D
:10866000513162F30F0511FB00F16CF30F07C0F1FC
:10867000FF0E61F31F45CDE903575EE04FF000099F
:1086800054E000BF34F81910BDF80800884246D005
:1086900004EB49000088ADF80400BDF80410ADF803
:1086A00008000398C1F3C40782B2030C04984FEA90
:1086B000417C17FB0E2285B2BDF800004FEA9C6793
:1086C000C1F3042800E0E1E007EB5137009118FB0B
:1086D0000E5517FB0E3102EBC21303EBC23201EB56
:1086E000C11303EBC13C05EBC517C2F3C45307EB41
:1086F000C53701EBC1154FEA9C6263F3C70005EB78
:10870000C13562F30200C5F3C252C7F3C45162F32C
:108710004F3061F30C20ADF8000080B2009004EB04
:108720004902BDF8001009F101091180B145A9DB2A
:1087300007980BF1010B04EB4004D3459EDB5CE78B
:10874000002710E02A78FF2A12D02088ADF8040014
:108750000199089804F0B8FA0190BDF8040020804F
:10876000A41C6D1C7F1CB7425EDAA807EAD15BE04F
:10877000A4F80090F4E72868411C44D0F0B32A78AC
:10878000FF2A54D02088ADF804000199089804F01D
:108790009BFA0190BDF80400A4F80000A41C15F891
:1087A000012FFF2A46D02088ADF8040001990898CF
:1087B00004F08AFA0190BDF804002080A41C15F88A
:1087C000012FFF2A39D02088ADF8040001990898BC
:1087D00004F07AFA0190BDF804002080A41C15F87A
:1087E000012FFF2A2CD02088ADF8040001990898A9
:1087F00004F06AFA0190BDF8040000E011E0208066
:10880000A41C6D1C0FE0A00707D00220A4F8009064
:1088100000990151A4F8069003E0009820600098A8
:10882000606008342D1D3F1D4745A4DD1CE0A4F801
:108830000090B3E7A4F80090C0E7A4F80090CDE75B
:10884000A4F80090DCE72A78FF2A1CD02088ADF835
:1088500004000199089804F037FA0190BDF804006B
:108860002080A41C6D1C7F1CB742ECDB07980BF129
:10887000010B821B1498811B04EB42040D44D34569
:10888000FFF65EAFB9E6A4F80090EAE7218800227F
:1088900093469046ADF8001033E0002727E0287893
:1088A00018B3904205D0FF282ED000FB09F31B0A15
:1088B0009B46904203D134F81700814210D0BBF19F
:1088C000FF0F23D004EB47005A460088ADF80000A4
:1088D0000099089804F0F8F9009034F817102A78F5
:1088E00004EB4703BDF8000018806D1C7F1CB742E5
:1088F000D5DB149808F10108831B07981D4404EB8D
:108900004004D045C9DB78E64B46D1E70898E3E759
:108910002DE9FF4F83B00C46DDF84480F4F7F6FFF5
:10892000BDF818A0B8F1000F81460CD0A188002630
:108930002288E3886088891A491C181A401C0FB2E3
:108940000FFA80FB41E0B4F9026017E0B4F900507F
:108950000FFA86F80DE010982BB20290ADF804A043
:10896000CDF80080D9F80000059A0399C769B84787
:108970006D1CB4F90400A842EDDA761CB4F90600C7
:10898000B042E3DA07B0BDE8F08F002518E000BF81
:1089900018F8050098B11099ADF804A04843000AF2
:1089A00002906088304400B20090D9F8000021881D
:1089B000059A2944D0F81CC00BB20399E0476D1CFE
:1089C000BD42E5DB1299761C88445E45DDDBD9E7C4
:1089D0002DE9F04F4FF00009044691B0CB4606F068
:1089E0004FFD0268CA46218BA38AD4F82480CDF8B3
:1089F00020A0C818117E03912083608BE18A08446F
:108A00006083DEE0002046464FF4807507460590FF
:108A10000FE00021304609F028FA384407B230460A
:108A2000002109F034FA454330462D1208F046FC87
:108A30000646002EEDD1A069029017B9B5F5807FEA
:108A400009D04FF4803191FBF5F2784201B205ABC9
:108A500002A80AF0C3FDBDF90810002900DC494254
:108A6000BDF90A00002800DC404281424FF00100BD
:108A700001DD824600E008901021404609F0DEFA50
:108A800000287DD0089D57464046CDF800A02E46D0
:108A900008F072FCC10700D10027810701D4002132
:108AA0000091410700D40025000700D4002640466D
:108AB00008F036FD0F90404608F00CFC0E90404642
:108AC00008F062FC0D90404608F0BEFC0F990029AA
:108AD00002DC0E9900290FDD25B1BDF90A200399AA
:108AE0008A4206DA46B10399BDF90A2049428A4210
:108AF00002DCC1464FF00C0B0D99002901DC002867
:108B000010DD27B1BDF9082003998A4207DA0099E0
:108B100041B10399BDF9082049428A4202DCC146AD
:108B20004FF0030B0F99002900DC00250E99002956
:108B300000DC00260D99002900DC0027002801DC5C
:108B40000020009027B1BDF908100398814214DA83
:108B5000009828B10398BDF90810404281420CDD0D
:108B600025B1BDF90A100398814206DA46B103988F
:108B7000BDF90A10404281420EDCBAF1000F00E05C
:108B80000AE001D0032100E00C2194F8400061F3D9
:108B9000030084F8400018E04FF48071404609F06B
:108BA0004DFA3AEA000010D14FF40071404609F046
:108BB00045FA01460898884307D1404608F07EFBF5
:108BC0008046B8F1000F7FF41DAFB9F1000F0AD055
:108BD00094F840100020C4F82C9020836BF303011C
:108BE00084F84010608311B04846BDE8F08F000063
:108BF0002DE9FF4F83B08B46824608F083FC0600C8
:108C000012D041F6FF7850460021444609F08EF814
:108C100000210090504609F09BF80190504608F062
:108C20004DFA002507465FE0002007B0BDE8F08F51
:108C3000DAF808003149006850F82500814609F04B
:108C400004FAE8BB4FF48051484609F0F7F9B8B38D
:108C5000012E04D0022E08D0032E44D11AE0BAF817
:108C60001420B9F91400009932E0BAF818200199DB
:108C7000B9F91800511A069A09B2104400B25845C1
:108C800031DB059A90422EDC401A00B2002821DD2B
:108C9000014620E0B9F81810B9F81400BAF81830F5
:108CA000091ABAF81420491C09B201EBD17100EB82
:108CB0006100991A491C0BB2009900B25B1A00E0DE
:108CC00011E00199591A01EBD173009901EB63018D
:108CD0001144D0E74142002C01DD224600E062420F
:108CE000914200DA04466D1CBD42A1D3444501D136
:108CF000002000E0604200B297E70000010004009D
:108D00002DE9FF4F83B08B46824608F002FC060037
:108D100012D041F6FF7850460021444609F02AF867
:108D200000210090504608F0EFFF0190504608F0F7
:108D3000C5F9002507465FE0002007B0BDE8F08FC9
:108D4000DAF808003149006850F82500814609F03A
:108D50007CF9E8BB4FF48051484609F06FF9B8B38D
:108D6000012E04D0022E08D0032E44D11AE0BAF806
:108D70001620B9F91600009932E0BAF81A200199C4
:108D8000B9F91A00511A069A09B2104400B25845AE
:108D900031DB059A90422EDC401A00B2002821DD1A
:108DA000014620E0B9F81A10B9F81600BAF81A30DE
:108DB000091ABAF81620491C09B201EBD17100EB6F
:108DC0006100991A491C0BB2009900B25B1A00E0CD
:108DD00011E00199591A01EBD173009901EB63017C
:108DE0001144D0E74142002C01DD224600E06242FE
:108DF000914200DA04466D1CBD42A1D3444501D125
:108E0000002000E0604200B297E70000010004008B
:108E1000B4EE400AF1EE10FA0BD110EE100AB0F1E8
:108E2000FF4F06DA10EE100A10F5000F01D20120F4
:108E30007047002070470123002103FA01F202422B
:108E400001F1010101D0C8B27047C9B20729F4D3BA
:108E5000002070472DE9F74F0546007F9346C10774
:108E60004FF00000824661D1EC684FF00108002607
:108E7000C1467CB9287FC0F3C000401E304254D1A7
:108E8000B9F1000F51D00199284688474FF00008EA
:108E90000446C1460EB9260047D0B8F1000F06D0EF
:108EA0005A46214628469047B04204463DD0002C01
:108EB0004FF00108DED0206808F09AFE0006D8D4F2
:108EC00027681FE00121384609F0B8F8B0B12FB18A
:108ED0000121384609F0B2F80028CAD1E868A0425A
:108EE00023D0B0B1284600F007F90246E8680F2108
:108EF000006805F02BFA012817D106E0384608F083
:108F0000DDF90746002FDDD1E8E7E868006809F0E1
:108F1000FFF92846EC6000F0EFF80246E8680E2101
:108F2000006805F013FA012802D05046BDE8FE8F14
:108F3000E868006809F0ECF9296909B12846884712
:108F40000120F3E70000000082B04FF0000CCDE9F3
:108F50000001009BC2F800C0DFF864C021F00040AF
:108F6000604529DA034327D0B0F5801FA8BF1368F6
:108F70000EDA9DED000B9FED141B6FF0350320EE14
:108F8000010B10EE901A8DED000B136021F00040E4
:108F9000DFF83CC06FF31E510CEB205018441060FA
:108FA00041F0FF5040F0005001909DED000B00BFDC
:108FB00051EC100B02B070479DED000BF8E700007C
:108FC0000000F07F0000000000000000000050439F
:108FD00002FCFFFF2DE9FC470D0024D00469616904
:108FE00029B10868A84202D14868BDE8FC87628AB6
:108FF00000200427C2F308020EE000BFA36800EBC4
:10900000800653F826C007EB86069E5BA5EB0C0393
:109010009E420AD2401C80B28242EFD819B10D6044
:109020000020616948600020DFE700EB8006A1684E
:1090300012224FF0060902EB86000027085C022886
:109040000DD04FF00C0A78B1DFF8A8C003284FF01C
:1090500010084FF008020FD0012826D043E009EB9A
:109060008600085AC7183EE00AEB860209EB86061E
:109070008858895BC05C35E0ADF8043008EB8603A6
:1090800002EB8608CDF800C001A8CA5A022351F8A5
:109090000810F4F72DFD30B3A16809EB860351F8F1
:1090A0000820C95A801A40101CE0ADF8043008EBC3
:1090B000860302EB8608CDF800C001A8CA5A022335
:1090C00051F80810F4F714FD68B1A1680AEB8602A4
:1090D00009EB860351F808608A58801BC95A401072
:1090E00032F810000F18606910B1056060694760C0
:1090F00038467AE775D902082DE9F041002607467F
:109100003546304610E000BF06F0EBF9616DB9421C
:1091100009D1022802D0042803D003E02046BDE88C
:10912000F08126462546204606F0B0F90400EBD132
:109130000EB13046F3E70DB12846F0E7BDE8F04147
:10914000002006F0A3B900007CB503690025DC68A7
:109150005B8AA0689B042BD4830F16D00123B3EB4A
:10916000907F31D101EB0241266818480423CDE9F4
:109170000001A068314620F0404201A8F4F7B8FC95
:1091800010B3801B616880101DE0266801EB02218E
:109190000F4A0223009220F0404201A8ADF80410CB
:1091A0003146F4F7A5FC78B1801B616840100AE0F5
:1091B0006368805C595C39B130B1637B491E2268B9
:1091C000401E11FB03210D5628467CBD35B4010815
:1091D00049B401082DE9F0410F46418C0426C268CC
:1091E00005460020C1F305130FE000BF06EBC004E5
:1091F00014595FEAC41C07D524F07F44BC4203D154
:1092000052F83000BDE8F081401C8342EED84FF0A8
:10921000806000EBB1204FEAB0506884C0F30510C5
:10922000C100104607F048F8E86008B9FAF792FE66
:10923000688CC0F30514641E16D06FF003014B0058
:10924000E86801EBC40282585FEAC21C0CD49201A8
:109250000AD403EBC40C844400EBC402641EDCE9B2
:10926000000CC2E9000CEBD1E868082100EBC40057
:1092700007F0C8F8082006F069FFE96841F83400F3
:109280000AF0B5FDEA6806EBC400115841F08071A0
:109290001150EA6867F317011150E86850F834007C
:1092A000B0E700002DE9FC410068C068C068B0FB71
:1092B000F1F4944200DD1446154F78680068806927
:1092C00020B30020ADF8000025B2ADF80400ADF8E1
:1092D0000200681E06B2ADF806607868694600684C
:1092E00082699047BDF80600BDF80210401A401C84
:1092F00000B2A04202DD351EEBDC01E0002D02DCF5
:109300000020BDE8FC81BDF90640641C2046F8E75A
:10931000580201242DE9FF4F83B01F4605460598EA
:10932000F4F7FBFA0122B5F8209095F822300024DA
:1093300082406FEA09014FF0FF3688B24FF0040B0C
:1093400002F0FF080190C3F3C00A1FE0E96801EBD7
:10935000C4004268920140D5BAF1000F15D10BEB61
:10936000C4028958049AC1F30741090491420CD1FF
:109370000068817911EA080F07D005996A460AF05A
:1093800091FC012830D0022831D0641C688CC0F3D5
:109390000510A042DAD820E0E96851F8340082795B
:1093A00012EA080F18D00BEBC40289581FFA81FA91
:1093B000C1F307421104049A91420DD1019A1AEAAD
:1093C000020F09D1B24507DD05996A460AF06AFC29
:1093D00001280FD002280AD0641C688CC0F3051045
:1093E000A042D9D8002E0DDB00983860012007B0CC
:1093F000BDE8F08FCA45F7D05645EDDA00985646DD
:109400003860E9E70020F2E72DE9F041468C0423BB
:10941000C2680D4604460020C6F305110BE000BFEC
:1094200003EBC007D7595FEA871C03D527F07F47B6
:10943000AF4202D0401C8142F2D8814203D002EBFD
:10944000C000BDE8F0814FF0806000EBB6204FEA2D
:10945000B0506084C0F30510C100104606F02CFF28
:10946000618CE060C1F30510401E0DD06FF0070362
:10947000E16803EBC0020A4401EBC006401ED2E9DA
:109480000012C6E90012F3D1E068082106F0BAFF25
:10949000082006F05BFEE16808600AF0A8FCE168BD
:1094A000486840F000704860E16865F31700486064
:1094B000E068C6E710B506F0F9F80AF05BF9002895
:1094C0000ED00848FBF7FCFC002809D00548D0F86E
:1094D000C8090AF0F1F9002802D0034901200870F8
:1094E00010BD000080A60224F801012470B5EDF73C
:1094F000A1F8124D04462869201A0AF01DFE2C61BD
:109500000F4EA87820B1306808F002FF0020A87044
:109510000C4996F8CC0991F80816884203D1E868FE
:10952000201A642805D3084A06490548FBF7C4FDFC
:10953000EC60BDE870400AF03FBE0000F801012475
:1095400080A60224809F022450B002240021A0F1B2
:109550003002092A01D8D1B216E0612801D320389F
:10956000C0B2413806280FD2DFE800F00305070932
:109570000B0D0A2108E00B2106E00C2104E00D216F
:1095800002E00E2100E00F210846704701230B7016
:1095900002694A60D0F818268A60D0F81826521C52
:1095A000C0F8182601D1C0F81836D0F81026D0F827
:1095B0001406C1E9042070472DE9F0410446806D8E
:1095C0000D4600282BD0AA680223A97B03EB820357
:1095D00030F922700129C65E0AD1B4F91000B842F0
:1095E00003D1B4F91200B04202D0201D00F0BEFC3D
:1095F000201D00F069FD002811D127816681A87B1C
:10960000012804F104000CD000F0B0FC201D00F093
:109610005BFD002803D12089618920826182BDE839
:10962000F08100F0B1FBF1E770B5254C042105464F
:10963000606808F003FD002828D0296B606881422B
:1096400024D007F0F5FD0646286B08B107F0F0FDC1
:1096500086421CD11EB1606805F090F90FE0286BBE
:1096600040B1A2680F2104F071FE284600F02CFDE5
:1096700000280BD10E21D4E9010204F067FE284630
:1096800000F022FD002801D16068286370BD78B128
:109690002B6B53B1A26888B11021184604F056FE16
:1096A000284600F011FD0028F0D1002EE2D0D2E7CC
:1096B000286B0028F9D0A2680F21EFE70F21ECE713
:1096C000380201242DE9F0470D46897B0446407994
:1096D00001294FF000082AD0010708D520F0080121
:1096E00021F001016171C4F8488084F80880A87BEA
:1096F000277A20726868E060D4F854905FEA090025
:109700007ED005F0A5F9BF4E0028706078D0A87B08
:1097100008B1A5F80C80484605F09AF90028706059
:109720006ED0A97B012905D000296AD00FE100077E
:1097300066D4DCE717B1012F36D008E10AF0F2FC5D
:10974000A06469680A2906D0142917D0132918D0F3
:109750001B291AD024E0706808F017FE20B9706841
:10976000102108F06BFC08B1012700E000274846F3
:1097700005F068F98743D9D101216BE0A889401E23
:1097800001E0A889401CA881E1E01B21484605F0C2
:10979000C9F9201D00F098FC002831D1202159E0A2
:1097A000484605F0BFF959E06079C0073FD1A06C89
:1097B0000AF0B1FC2168898B8842607935D940F084
:1097C000010060710AF0AEFCE06468680A281CD1F0
:1097D000706808F0DAFD20B97068102108F02EFCDE
:1097E000C0B1484605F03BF901280ED9484605F0BE
:1097F00029F980F00101484605F0A5F9202101E092
:109800008FE031E0706807F0A4F8607940F0010063
:1098100060719CE00521D6E9010204F097FD201D4E
:1098200000F052FC00287CD1EFE7C0071BD0E06CB1
:109830000AF071FC2168C98B884214D90AF072FCC5
:10984000E06469680A2904D0142997D01329A7D1A4
:1098500097E70621D6E9010204F078FD201D00F00B
:1098600033FC00285DD172E0012F70D169680A29AC
:1098700067D108F08AFD20B97068102108F0DEFB7E
:10988000A8B3484605F0DEF8002860794FEAC070BA
:1098900052D020B1484605F0E2F8012847D8082107
:1098A000D6E9010204F052FD201D00F00DFC002855
:1098B0006ED10421D6E9010204F048FD201D00F01C
:1098C00003FC002864D10721D6E9010204F03EFD23
:1098D000201D00F0F9FB00285AD10A21484605F066
:1098E00021F9201D00F0F0FB002851D129E0FFE70D
:1098F0000821D6E9010204F029FD201D00F0E4FB57
:10990000002845D16079C00704D10421D6E90102BD
:1099100004F01CFD201D00F0D7FB002838D10721E2
:1099200000E035E0D6E9010204F010FDD9E77068E7
:10993000202107F00EF804E018B90121484605F08F
:1099400002F96179C4F8488021F001016171C6F81B
:109950000480A88900281BD0484605F073F8002829
:10996000B5F90C0028D0002814DA4FF000060AE000
:109970004FF01401484605F0D5F8201D00F0A4FB77
:10998000002805D1761CB5F90C004042B042EFDC4E
:10999000BDE8F087FCDD002609E01321484605F00C
:1099A000C1F8201D00F090FB0028F1D1761CB5F91C
:1099B0000C00B042F1DCEBE7002811DA4FF00006B2
:1099C00008E0484605F022F8201D00F07DFB002845
:1099D000DED1761CB5F90C004042B042F1DCD7E78D
:1099E000D6DD002608E0484604F0B2FF201D00F056
:1099F0006BFB0028CCD1761CB5F90C00B042F2DC30
:109A0000C6E700003802012470B50446C06A002889
:109A100070D194F84100C0076CD1656A4FF40046DC
:109A200003E0284607F04AFC0546002D62D0314687
:109A3000284608F003FB0028F3D1B4F914000028ED
:109A400001DD014600E041422B4A926813689B7E8B
:109A5000994209DAB4F91610002900DC494299420A
:109A600002DA0021A187E187A18FE38FE68A08440B
:109A700000B2A087991909B2E187002801DD0346E9
:109A800000E043421668F67EB34206DC002901DDA1
:109A90000B4600E04B42B3422CDD012384F84130F9
:109AA000002801DD034600E04342002901DD0E46A7
:109AB00000E04E42B34209DD002894F8400020F057
:109AC000F00001DD20300AE0103008E094F840009A
:109AD000002920F0F00001DD803000E0403084F803
:109AE00040000C21284604F031FC2046BDE87040BF
:109AF00000F0EABA70BD0000380201242DE9F047F9
:109B00000E46897B0446407901294FF0000823D096
:109B1000010708D520F0080121F001016171C4F8A6
:109B2000488084F80880D4F854905FEA09007CD01B
:109B300004F08EFF664D0028686076D0802108F022
:109B400089FAE16807467068E060B27B207A227289
:109B5000B27B012A03D003E0000766D4E3E708B133
:109B6000AFB3B0E00AF0DEFAA0647168092903D04F
:109B70000B2909D087B1A6E00021484604F0E3FF95
:109B8000484604F0E5FE56E00021484604F0DBFFBD
:109B9000484604F03BFF4EE00A2902D01B290BD0B7
:109BA00016E00A21484604F0BDFF201D00F08CFAA3
:109BB00000283AD1012137E01B21484604F0B2FFCA
:109BC000201D00F081FA00287FD120212CE003E045
:109BD000484604F0A7FF2EE0012A01D032B372E01C
:109BE000012870D170680A2809D10221D5E9010243
:109BF00004F0ACFB201D00F067FA002865D1607905
:109C0000C00720D1A06C0AF086FA2168898B8842AF
:109C1000607916D940F00100607170680A2852D14D
:109C20000AF080FA0521E06401E04EE01FE0D5E98A
:109C3000010204F08BFB201D00F046FA002844D1FD
:109C400041E0C0073FD0E06C0AF065FA2168C98B9B
:109C5000884238D90AF066FAE06471680A2904D0AB
:109C6000092989D00B29B3D18EE70621DCE7012829
:109C700029D10A29716020D10821D5E9010204F017
:109C800065FB201D00F020FA00281ED16079C00776
:109C900009D10421D5E9010204F058FB201D00F090
:109CA00013FA002811D10721D5E9010204F04EFB77
:109CB000201D00F009FA002807D16179C4F8488016
:109CC00021F001016171C5F80480BDE8F087000052
:109CD0003802012470B5044600680D460988006901
:109CE000A1826988E1820268117CC1F30111022915
:109CF00001D003290AD111882A88891A491E29808E
:109D000001686A884988891A491E69800168097C46
:109D1000C1F30111012901D0032907D12A886988DB
:109D20006A8000684088401A401E288020680069C8
:109D300003F0F0F82068006903F028F9206D78B18D
:109D4000B4F91020B5F900108A4205D1B4F91220F7
:109D5000B5F902309A4203D0B5F9022009F045FA6C
:109D600028882081688860812079012804F1040016
:109D700006D000F0FBF8208961892082618270BDE5
:109D800000F002F8F7E700002DE9F041764D0446B7
:109D9000406A6860617809077ED4A9684FF00006C0
:109DA00009680F6930B1E16A39BB4FF4005108F01E
:109DB00045F910BB384603F0C3F8211D05F036FC09
:109DC000686070B9384603F0C3F8211D05F02EFC19
:109DD000686030B9384603F0C3F8211D05F026FC51
:109DE0006860A06A48B1A6832046E683F3F72BF9A2
:109DF000204600F069F900284ED1606A69688842FF
:109E00003CD0A188E288A181E28140B1AA68032107
:109E100004F09CFA204600F057F900283CD168680D
:109E20006062A06250B30AF07DF96064012160783D
:109E300020F0010060702683668394F8400020F0D3
:109E4000FF0084F8400084F84160A687E687A68278
:109E5000E682D5E9010204F079FA204600F034F9EF
:109E600000287FD1A868417909077BD4001DFFF73E
:109E7000DBFB204600F028F9002873D1A088A189D7
:109E8000401A01B2A182E088E289801A00B2E08221
:109E9000B4F91C20114400E064E001EBD1714910D9
:109EA000A183B4F91E10084400EBD0704010E08389
:109EB000E06920626868002854D0AA68022104F092
:109EC00045FA204600F000F900284BD1A8684079F7
:109ED000000747D42046F2F7FFFF204600F0F4F8D1
:109EE00000283FD12046FFF78FFD204600F0ECF818
:109EF000002837D1E06A002834D16078C0071DD12E
:109F0000606C0AF008F9AA681168898B88420FD939
:109F10006868052104F01AFA204600F0D5F80028F8
:109F200020D1607840F0010060700AF0FBF8A06476
:109F3000E06A002816D16078C00713D0A06C0AF040
:109F4000EAF8AA681168C98B88420BD968680621AB
:109F500004F0FCF9204600F0B7F8002802D10AF01E
:109F6000E1F8A064BDE8F081380201242DE9F8434E
:109F700004464078434E0025000711D5606A03214E
:109F8000B26804F0E3F9204600F09EF8002877D18B
:109F900060786562A56220F008006564A564607061
:109FA000606A7060D4F82C8000285ED0B268082106
:109FB00004F0CCF9204600F087F8002860D1B8F111
:109FC000000F16D16078C00709D10421D6E901023B
:109FD00004F0BCF9204600F077F8002850D10721A2
:109FE000D6E9010204F0B2F9204600F06DF800282D
:109FF00046D16562B8F100006564A56440D04FF4B5
:10A000008079009500274E46054600216E2207F014
:10A01000C3FE384407B2284600216D2207F0BCFE7B
:10A0200000B2C11700EB1160001210FB06F006B27F
:10A03000284607F043F90500E7D10FB94E4514D083
:10A040004FF480306B4690FBF6F079420DB2294612
:10A0500006B204F11C00324609F0C0FA04F12000F7
:10A060006B463246294609F0B9FAB8F1000F07D01D
:10A070002046F2F7E8FF2046BDE8F84300F024B898
:10A08000BDE8F883380201244279910718D50021F0
:10A090008162C16222F0030201638164C164818331
:10A0A000C18390F8443023F00F0380F844300184DA
:10A0B0004184A0F84010A0F842104271014841606C
:10A0C00070470000380201244078810702D5034A16
:10A0D00000215160C0F340007047000038020124A5
:10A0E0002DE9F04387B014216846E6F7FBFD2C48C4
:10A0F000016841F002010160016801F0020105916F
:10A10000016841F008010160016801F00801059152
:10A11000016841F01001016000680122214FD40361
:10A1200000F01000214605903846ECF77DFADFF884
:10A1300078804FF44065002229464046ECF774FAD7
:10A14000DFF868906611002231464846ECF76CFA59
:10A1500000200121CDE901106946009403903846A2
:10A16000ECF754F9694640460095ECF74FF969461B
:10A1700048460096ECF74AF9022005210822CDE96D
:10A180000020CDE9030169464046ECF73FF9802005
:10A19000694600904846ECF739F907B0BDE8F0830E
:10A1A000E04402580010025800040258000C025803
:10A1B000F0B5AFB0B8216846E6F794FD00201790DF
:10A1C0004FF480510446CDE900106846EDF7E6FBF8
:10A1D000002862D13948016841F48051016000686B
:10A1E00000F480502E9035481838016841F0010184
:10A1F0000160006800F001002E9030485838016876
:10A2000041F480510160BFF34F8F016821F4805108
:10A2100001602B488821E6F765FD294878218830C0
:10A22000E6F760FD264F2621264840228837031591
:10A2300087E80700C7E903437C610320BC61FC6138
:10A240003C62C7E90940FC6238463C63EAF738FFE4
:10A2500018BB1B484FF480031B4A07211E015D11E8
:10A2600002601204C0E90314C0E90546C0E90724EE
:10A270004462C0E90A414463C9078463C463046457
:10A2800044648464C464C0E9144187678465C0E998
:10A290000135B863EEF726FE10B100202FB0F0BDF7
:10A2A000FCF76CFF002208210B20ECF791FA00224A
:10A2B00008212320ECF78CFA0120EFE7F044025844
:10A2C000B89C022410000240003001402DE9F84300
:10A2D000C56A80210446284607F0B0FE4E4F41F67D
:10A2E000FF76C8B1284607F014F901281DD00228CE
:10A2F00028D0032837D0E7866687284607F002F97A
:10A30000012847D0022850D003285AD0A786268794
:10A31000A08E002872D072E004F134003346394632
:10A320003A46009602F05FFBF2E7E88A00233246E5
:10A33000401C01B22846FEF7E3FCE086E88A401E96
:10A3400002B209E0B5F91A10002332462846FEF79A
:10A35000D7FCE086B5F91A20002339462846FEF7D7
:10A36000CFFC6087C9E7688B0023E98A3246401A30
:10A37000401C00B200EBD07001EB600808F1010056
:10A3800001B22846FEF7BCFCE086A8F1010002B24B
:10A390000023E2E7B5F91410002332462846FEF701
:10A3A00027FCA086B5F9142009E0B5F918100023A0
:10A3B00032462846FEF71CFCA086B5F9182000237B
:10A3C00015E0298B0023A88A3246091A491C09B2D4
:10A3D00001EBD17100EB610808F1010001B22846E0
:10A3E000FEF706FCA086A8F1010002B20023394660
:10A3F0002846FEF7FDFB20878AE7FFE7A786208F28
:10A4000000B92687E08E00B9E786608F002800D16A
:10A410006687BDE8F883000001E0FFFF2DE9F04109
:10A420000D46017817460446A9424FF001084570D1
:10A4300006D0A07F20B1204684F8208000F068F983
:10A44000207CA84201D025746763062D4FF00006DA
:10A450000ED0E676B5B126772078A84219D0616B88
:10A46000791A142915D32946204600F062F820E015
:10A47000E07E2677002803D1A16A84F81B80A163BF
:10A48000BDE8F081207F0028E6D1E76384F81C80D6
:10A49000E2E794F8201061B1A8420AD1606B381A43
:10A4A000142806D3A06A84F82060A064E06484F8CD
:10A4B0002260002DE4D120780028E1D1207F0028FF
:10A4C000DED0E06B381AC828DAD384F8078084F825
:10A4D0000680267284F82160D2E770B50D460446E6
:10A4E00000F036F9002823D0A07E08B1206B00E0F0
:10A4F000606A281A322801D3022115E0E07E28B1D3
:10A50000A06B281A322801D301210DE0607F70B1C1
:10A51000E07910B12078012809D1206C42F2107145
:10A52000281A884203D30321204600F053F8012063
:10A5300070BD70B501290D46044602D00026304694
:10A5400003E0E07FD0B100260120A17FE07761B178
:10A550002178204600F0DCF8616CA06A2278431A6A
:10A560002046022100F073F858B100202570691EC2
:10A57000A077042907D84FF0010206E04FF001064A
:10A58000E2E716BB70BD4FF00002A16A627721645A
:10A5900084F8200014D8E27992B161644FF001028E
:10A5A000A1644FF00003E1644FF00101A2772A4655
:10A5B00084F82200204600F04AF80028E1D070BD5F
:10A5C000002EFCD0207A0428F9D12046BDE8704046
:10A5D00000F02FB810B5027A8A4204D0C268531C2A
:10A5E00001D0521CC2600022C27182710624047024
:10A5F0004FF6FF7344700429047483800276427618
:10A60000C27602774277827780F8202080F8222075
:10A6100080F82320017202D0C27780F8212010BD7B
:10A62000401A04D0B0F1004F01D201207047002041
:10A63000704710B50121826A052480F8B4400023D8
:10A6400080F8B510C0E92E2380F8211010BD2DE947
:10A65000F041044690F823001F46164608280D4690
:10A6600001D9E6F7C5F9032D01D0042D15D100213C
:10A6700011E001EB410204EB820292F85430AB424C
:10A6800007D192F85520B24203D1204600F022F8BB
:10A6900003E0491CC9B28842EBD894F8230008288B
:10A6A00012D000EB400004EB800080F8545080F89A
:10A6B0005560A16AC0E9161794F82300401C84F87D
:10A6C00023000120BDE8F08104212046FFF782FF2E
:10A6D0000020F7E770B590F823208A4201D8E6F70A
:10A6E00087F9521E80F823200CE000BF01EB4102E5
:10A6F000491C00EB820202F160035432C9B238CB2C
:10A7000082E8380090F823208A42EFD870BD00001C
:10A7100070B500240E46054610E000BF04EB44006F
:10A7200005EB800191F855005431B04204D108780E
:10A73000032808D0042806D0641CE4B295F823004E
:10A74000A042EBD870BD21462846FFF7C3FFF5E7CE
:10A7500070B50C46816A0546A14204D02046FFF739
:10A760005FFF002801D00120AC6270BD2DE9F041EF
:10A7700004468079002840D0E07900283DD0A07FB1
:10A7800000283AD060782278904236D1207C9042DE
:10A7900033D194F8200000282FD1A16CA06A451A6B
:10A7A000B5F5FA7F29D3E16C814226D003212B46EF
:10A7B000E0642046FFF74BFF00281ED02278012AD4
:10A7C0001BD094F8220020B1216DA06A401A96286F
:10A7D00013D39621A76AA5F5FA70B0FBF1F6012311
:10A7E00084F822302B4601FB1600381A20652046DB
:10A7F000BDE8F0410421FFF72ABFBDE8F08188429F
:10A8000001D3401A00E0081A904201D80120704795
:10A81000002070470A49002030B4A1F11004074A13
:10A820001C232073087548755060136005494870F3
:10A83000BFF34F8F30BC1220EBF79EBF00200240C9
:10A84000C49E0224EC010124032803D0042801D073
:10A850000020704701207047F0B58FB01D460400FE
:10A860001746149E08D039B137B12DB126B194F8EE
:10A870006C0020B1012802D001200FB0F0BD08A863
:10A88000009001AB384601F11C0200F0B4FC08B1A5
:10A890000220F2E794F86C0001280BD04FF480718D
:10A8A000284608AB009601AA0BF0EEF90028E4D088
:10A8B0000320E2E70021F3E7002804D00021016033
:10A8C00041608160C1607047B4EE400AF1EE10FA59
:10A8D0000BD110EE100AB0F1FF4F06DA10EE100A9D
:10A8E00010F5000F01D201207047002070470000D2
:10A8F0002DE9F04F5FEA0009984617460E462DED08
:10A90000068B85B0F0EE408ADFED619A169DB0EEC1
:10A91000698A08D03EB137B12DB1B8F1000F08D027
:10A92000B8F1010F05D0012005B0BDEC068BBDE8E4
:10A93000F08F69464846F8F75FF880B1B0EE680AD4
:10A94000FFF7C2FF48B118EE900A5249884204DB73
:10A9500018EE900AB0F17E5F03DD0520E4E70220E7
:10A96000E2E70024B0EE699AC4EB041106EB840B15
:10A9700009EB81009BED000A00F1040AFFF7A4FF38
:10A98000D0B107EB8400039090ED000AFFF79CFF25
:10A9900090B10398DAED020A90ED000AB4EEE00AF5
:10A9A000F1EE10FA06D3DAED030AB4EEE00AF1EEA6
:10A9B00010FA03DD0420B7E70320B5E7DBED000A5A
:10A9C000B8F1010F30EE600ADAED040A60EEA80A71
:10A9D000B0EEC00A80EE20AA11D1F7EE0E0A9FED6C
:10A9E0002E1A20EE011A2AEE20AADAED050A60EEF0
:10A9F000A80A81EE200AF1F747FEB0EE409A8AFEDF
:10AA0000090AB4EEC80AF1EE10FA01DDB0EE408A90
:10AA1000641CE4B2072CA5D370212846E6F762F93E
:10AA2000DDE91401B0EE480AC5E9160100F028FA84
:10AA3000C5ED1A8A9FED198A85F86C800024C5E956
:10AA4000180100BFD5E9180114F029F801EE100A29
:10AA500006EB840005EB840190ED000A07EB84020D
:10AA600081ED000A92ED000A641C81ED070AD2ED27
:10AA7000000A90ED000AE4B2072C70EEC00A81EEE5
:10AA8000080A80EE801A81ED0E1ADBD300204BE716
:10AA9000000000000AD7233C89C0B8400024744954
:10AAA0002DE9F04F060015460C462DED028B9DB0AA
:10AAB00028A8F0EE408A90E8000E9FED518A1ED043
:10AAC000ECB1E5B15FEA0B0019D01AA93046F7F7EF
:10AAD00093FFB0B1B0EE680AFFF7F6FE48B118EE8A
:10AAE000900A4849884204DB18EE900AB0F17E5F74
:10AAF00009DD05201DB0BDEC028BBDE8F08F012003
:10AB0000F8E70220F6E7002704EB870090ED000A43
:10AB1000FFF7DAFEE8B305EB870898ED000AFFF7C8
:10AB2000D3FEB0B3C7EB0711D8ED000A06EB8100E6
:10AB300090ED060AF0EEE00A20EE281A80EE810A77
:10AB4000B4EEC80AF1EE10FA01DDB0EE408A7F1CC7
:10AB5000FFB2072FD8D368216846E6F7C3F8B0EEF6
:10AB6000480ACDE9169A00F08BF9CDE9180113F0E7
:10AB700096FF00EE100ADFED241A00236946B6EEB8
:10AB8000001AC0EE210A00BFC3EB031004EB8302DE
:10AB900000E028E092ED000A01EB830C05EB83074F
:10ABA0008CED000A97ED000A06EB80008CED070A99
:10ABB000D7ED001A92ED000A61EE811A01EEA00AAB
:10ABC0008CED0E0AD0ED031A001DB4EEE10AF1EE91
:10ABD00010FA06D3D0ED031AB4EEE10AF1EE10FA42
:10ABE00003DD042086E7032084E75B1CDBB2072B30
:10ABF000CAD368225846E6F719F800207AE7000021
:10AC0000000000000AD7233C002474492DE9F047D6
:10AC1000040015461F462DED048B0C9E24D01EB358
:10AC2000D4E9180108431FD068213046E6F75AF8E6
:10AC3000C6E91657D4E918018046894613F02FFF5C
:10AC4000824600EE10AADFED4A8AB7EE009ADFEDE9
:10AC5000490AD4E91620C0EE209A511B70EB070177
:10AC600007D3B0EE688A1BE00120BDEC048BBDE881
:10AC7000F087AA1A67EB0001B2EB080071EB09003C
:10AC800005D3012086F86000B0EE498A08E010463E
:10AC900013F005FF00EE100A00EE90AA80EE208A65
:10ACA00094F86C0060B1B5EEC08AF1EE10FA04D9E8
:10ACB00018EE100AB0F17E5F05DBB0EE680A32E0F4
:10ACC000B0EE498AF9E79FED2C1A68EE080ADFED2D
:10ACD0002B5A68EE011ADFED2A4A20EE880AF3EEBD
:10ACE0000E2A40EEE51A20EEA22AB2EE045A60EED9
:10ACF000080AB2EE0E4A00EE412A40EE241A20EE77
:10AD0000051A20EE880A29EEA93AF1EE083A00EE7B
:10AD1000C41A00EEA22AC1EE838A00EE231AB0EE16
:10AD2000418A82EE290A002004EB800106EB8002B2
:10AD3000D1ED070A91ED001A70EEC10A00EE881AF3
:10AD400082ED001A94F86C3073B120EE801A00BFC7
:10AD500060EEA80A401C82ED071AC0B20728C2EDB7
:10AD60000E0AE1D3002080E791ED0E1AF0E7000013
:10AD700000000000002474490000704200003443C9
:10AD80000000F0422DE9F047060015461F462DED64
:10AD9000048B0C9C21D004B3D6E9180108431CD0C5
:10ADA00068212046E5F79EFFC4E91657D6E9180149
:10ADB0008046894613F073FE00EE100ADFED2F9AED
:10ADC000D6E91620DFED2C8A80EE299A511B70EB14
:10ADD000070107D3B0EE688A19E00120BDEC048BAF
:10ADE000BDE8F087AA1A67EB0001B2EB080071EB2F
:10ADF000090005D3012084F86000B0EE498A06E01E
:10AE0000104613F04CFE00EE100A80EE298A002056
:10AE100094F8602006EB800191ED070AC0EE090A64
:10AE200052B191ED0E0A04EB800181ED000AC1EDF3
:10AE3000078AC1ED0E8A19E0F0EE401AF6EE002AFC
:10AE400091ED001A40EEC81AB1EE602A60EEA20A37
:10AE500000EE081A04EB800120EE880A00EE481A82
:10AE600081ED001AC1ED071A81ED0E2A401CC0B217
:10AE70000728CDD30020B1E700000000002474496A
:10AE8000B7EEC00A9FED111B10B520EE010BF1F7D4
:10AE90003BFB9FED101BB4EEC10BF1EE10FA03D299
:10AEA00000214FF47A6010BD9FED0C1BB4EEC10B76
:10AEB000F1EE10FA03DD4FF0FF30014610BDBDE8A2
:10AEC000104051EC100B13F065BE000000000000B4
:10AED00080842E41000000000040AF4000000000D0
:10AEE0000000F0432DE9F04F99464FF00107DFEDE8
:10AEF000380ADDE90EE3DDE90B54DDF824C0DDF8A6
:10AF000034B088B181B17AB1B9F1000F0CD05BB126
:10AF1000BCF17F0F4FF0000A08D083F80CA0062088
:10AF200083F80DA0BDE8F08F0120FBE75FF000067D
:10AF300000EB860C02EB86089CED070A98ED001AE0
:10AF400009EB860C30EE410A9CED001AB0EEC00A07
:10AF5000B4EEE00AF1EE10FAB0EEC11A01DDF0EE47
:10AF6000400AC6EB061C01EB8C0CDCED0D1AF4EE6E
:10AF7000C01AF1EE10FA06D39CED0E0AB4EEC10A27
:10AF8000F1EE10FA00D20027761CF6B2072ECFD3CE
:10AF9000C3ED020A9FB1187B0122A8B1D3E90001D9
:10AFA0002E1A74EB010608D3281A64EB0104B0EBE7
:10AFB0000B0074EB0E0400D35A730020B2E783F841
:10AFC0000CA083F80DA0F8E71A73C3E90054F4E766
:10AFD000000000002DE9F05F040015460E462DED3F
:10AFE000028BDDF830B011D086B17DB194F89900B4
:10AFF00060B1206800F074F850B196F82C017F28F9
:10B0000008D00320BDEC028BBDE8F09F0120F9E7DA
:10B010000220F7E79FED318A00274FF0040900BFB7
:10B02000C7EB0712216805EB870A09EB82009AED4E
:10B03000000A01EB000800F06DF888B19AED000AF3
:10B04000D8ED020A20EE080AF4EEC00AF1EE10FA7A
:10B0500006DCD8ED030AF4EEC00AF1EE10FA01D2D4
:10B060000420CFE77F1CFFB2072FD9D30023494626
:10B070002068C3EB031703EB830201EB8707384417
:10B0800006EBC207D0ED0B0A90F9062004EB830013
:10B0900097ED001A00EE102A05EB83025B1CF8EE18
:10B0A000C01A92ED000ADBB2072B21EE811A20EEC6
:10B0B000080AC1EE201A30EE610A80ED1E0AD7D3CD
:10B0C0000D9B012084F898005A4631462046BDEC7D
:10B0D000028BBDE8F05F00F02DB9000035FA8E3C20
:10B0E0003EB504466946F7F7ADFC00280BD00021B9
:10B0F0005FF04300C1EB011204EB8202D26B30EA35
:10B10000020201D000203EBD491CC9B20729F1D37B
:10B1100001203EBDB4EE400AF1EE10FA0BD110EE64
:10B12000100AB0F1FF4F06DA10EE100A10F5000F0A
:10B1300001D20120704700207047000010B5C8B14F
:10B14000C1B190F89920AAB190F89820A2B19FEDD2
:10B150000B0A0022531C00EB8204D4ED1E0A01EB03
:10B160008204DAB260EE800A072AC4ED000AF1D345
:10B17000002010BD012010BD052010BDE12E65424C
:10B180002DE9F04104000F460BD057B194F8990017
:10B1900038B1002504F10808D4F89460F0070ED106
:10B1A00002E00120BDE8F081702241463846E5F713
:10B1B0003DFDD4F89400864201D1C007F2D06D1C49
:10B1C000EDB2032DE8D30620ECE770B504000D4680
:10B1D0000DD065B1A021E5F785FD0120256084F83B
:10B1E00099002846FFF77CFF18B1002070BD0120B0
:10B1F00070BD022070BD2DE9FF4F060091460F463D
:10B200002DED028B8FB03DD0E7B3B9F1000F7CD0AC
:10B210001498B8B31E98A8B396F8990090B396F80E
:10B22000980080B300244FF0040A3168C4EB041284
:10B2300007EB84080AEB82000D1895F9060000EE72
:10B24000100AB8EEC08A98ED000AFFF763FFF0B36A
:10B2500009EB840B9BED000AFFF75CFFB8B398ED98
:10B26000000AD5ED020AB4EEE00AF1EE10FA45D379
:10B27000D5ED030AB4EEE00AF1EE10FA3EDC95EDEE
:10B280000B1A01E041E042E006EB8402684621EE41
:10B29000081AD2ED1E0A00EB840007A930EE600AFE
:10B2A00001EB840120EE011A80ED001A95ED0B0AE6
:10B2B000DBED000A20EE080A20EE200A81ED000AEC
:10B2C000D5ED080AF1EE601AB4EEE11A00E015E0DF
:10B2D000F1EE10FA12D3B4EEE01AF1EE10FA0DDC32
:10B2E000D5ED090AB1EE601AB4EEC10AF1EE10FA1A
:10B2F00004D3B4EEE00AF1EE10FA0ADD04200FB038
:10B30000BDEC028B04B0BDE8F08F0120F7E705200B
:10B31000F5E7641CE4B2072C87D314981C22694615
:10B32000E5F784FC1E981C2207A9E5F77FFC0020A6
:10B33000E5E70000F0B5040016469DB01F460D4637
:10B3400071D0002D6FD094F89900E0B37021684659
:10B35000E5F7C8FCCDE91667D5F828011890E06E2E
:10B36000401C199094F898008DF8690094F89800A2
:10B3700050B300206E46DFED2E0A04272168C0EB93
:10B38000001300EB800207EB8303194405EBC202B4
:10B3900091ED0B1A91F90630D2ED001A00EE103A39
:10B3A00004EB8003B8EEC00A93ED1E2A06EB80037F
:10B3B00061EE802AC2EE811A31EE821A21EE201A45
:10B3C00083ED001A01E02EE017E0D2ED011A91EDB5
:10B3D0000B1A401C21EE800AC0B20728C0EE011AE9
:10B3E00021EEA00A83ED070A92ED020A83ED0E0A10
:10B3F000C4D395F82C018DF86800D4F89400694600
:10B40000401CC4F89400702204F10800E5F70EFC1B
:10B41000D4F89400401CC4F8940094F8980020B12B
:10B4200000201DB0F0BD0120FBE70520F9E700007A
:10B43000E12E654203880A88934201D0981A70472A
:10B4400040884988401A704703780A78934201D0AF
:10B45000981A704740784978401A7047034800228C
:10B4600043684B6000788873CA73704724020124D4
:10B470002DE9F041984616460F46069D04F06CF9FA
:10B48000041E2DD032B239B207F0AFFE2AB22046E8
:10B490000FFA88F107F0C8FE12490022204607F093
:10B4A000E9FF114801F078FB00220146204607F031
:10B4B000D5FF00222046042107F0C6FF172D01DA30
:10B4C000002100E002212046002207F0C2FF0421F3
:10B4D000204604F087FD1221204605F0FFF92046A2
:10B4E000BDE8F081A4900308F2E8DC002DE9FC41FE
:10B4F000144688460646D80729D004F108000125DD
:10B500000746002206F11401F1F7B6FA58B10020FF
:10B510006A4612218DF800003046019702F016FFAE
:10B520009DF8000098B16089218A0844401EE0819E
:10B53000B4F90E10B4F90600814200DDE08102B0DA
:10B540002A4621464046BDE8F04102F061B8002598
:10B55000EEE72DE9F04188B01D46164607468846BD
:10B560000846F1F7E8FF02A90446404605F02CFE24
:10B57000224602A8114601F01AFA022E05D0012E29
:10B5800029D0002008B0BDE8F081DDE902010023E8
:10B590001A46CDE9040104A9404606F096FCB968B4
:10B5A00004AA6846F1F73FFA0028EBD0DDE9000174
:10B5B00001230022CDE9060106A9404606F085FCDC
:10B5C00006A902AA0846F1F72EFA0028DAD0069852
:10B5D0002860079809E0B96802AA6846F1F723FADB
:10B5E0000028CFD000982860019868600120C9E742
:10B5F0002DE9F74F0C4691F82C164FF07F0A804644
:10B600000729D346B8B000D3002194F8080601EB0F
:10B61000410202EB0111052804EBC10101F198017F
:10B62000369113D004F59A61FD4F894688B10B28F5
:10B630000FD002280DD006280BD0072809D00828E3
:10B6400007D0052807D0042807D010E004F5A16131
:10B65000EAE700200AE03F2008E099F80C00022801
:10B6600003D0042801D0032801D1012083460025FE
:10B670000120A84010EA0B0F21D03A988542E948F2
:10B6800001D1012600E000260DF10C0E0023172148
:10B690008EE8C80006904FF4847205EB850CCDE966
:10B6A000002108EB4C1305EB45019833029322204F
:10B6B00000EBC10329460822404611F00DF96D1C2C
:10B6C000072DD5D3D8F84400002111F0D6F894F80E
:10B6D000081608F5EC703190A0303490A03033900B
:10B6E00008F59C7035900C2908F1980B08F58B60D3
:10B6F0002F9067D2DFE801F00666DF66FDFCFBFAFB
:10B70000FA666667DFF820B30025C64E4FF48479E9
:10B71000AA46CDF80CA005EB85030696CDE904AB4F
:10B7200008EB4310CDF80090983029461522CDE95A
:10B730000120C5EBC500082200EB40034046203342
:10B7400011F0CAF86D1C032DE3D3DFF8E0A2032546
:10B750004FF0200B0BE0032D09D0042D09D0207DE4
:10B76000012808D094F8C80438B1B1A006E0B5A00B
:10B7700004E0B6A002E0B7A000E0BBA03A998D4279
:10B7800002D14FF0010C01E04FF0000C0AEB8501F3
:10B7900002AA51F80C1C82E8031005EBC5016FF0FA
:10B7A0000900CDE9057600EB8103294608224046D1
:10B7B000CDE9009B11F090F86D1C062DCBD300BF96
:10B7C0004FF03F0A37E294F82E16ADA221F003099C
:10B7D0008808401C009094F82C36A02107A85B1C18
:10B7E000E4F750FF00200390049017208D4D4FF494
:10B7F000847307A98C4ACDE9003002912223CDE958
:10B80000052508224046002111F066F8AB464FF0AE
:10B810003C0A002594F82E1609EB0500884201D158
:10B82000012600E0002681490DF10C0C2C3182220A
:10B8300051F820308CE8C808A1F12003691C53F8A6
:10B840002000009205F0010202EB4206CDE901A0C2
:10B85000680806EB8212C0EB4013082000EB42029E
:10B8600040460AEB430311F037F808EB8506002247
:10B870002121F06807F0EDFDF0680022082107F0B3
:10B88000E3FD6D1C042DC5D394F809064FF01F0A83
:10B89000002897D0F9F7F8FA0021039117227D4C80
:10B8A0004FF48475009504AECDE90120BC2386E8F1
:10B8B0001208082273E2369890ED060AF9F7DCFACE
:10B8C00075A000903698A021427807A81346F8F793
:10B8D000E7F90024534E2123534808224FF017095B
:10B8E0004FF4847521460696039403E05AE2BAE1C8
:10B8F00073E163E0CDE904408DE8200A404610F092
:10B90000EBFF664866A13D230822CDE9057007A834
:10B91000CDE9031424210095CDE901100121404611
:10B9200010F0DAFFCDE90447319967230696082223
:10B93000039440460095CDE90191022110F0CCFF1F
:10B9400034997D23CDE904470696082203944046A6
:10B950000095CDE90191032110F0BEFF32489323F9
:10B960000696082203940421CDE9044033980095FB
:10B97000CDE90190404610F0AFFF2B4A08F56E70FC
:10B980000095A923069605210394CDE90442CDE94B
:10B9900001900822404610F09FFF0121009542A32C
:10B9A000404842A4CDE903311522CDE90124BF234B
:10B9B0000822CDE9050606214046E8E099F80C008A
:10B9C000022803D0042801D0032828D194F82F0698
:10B9D0000521B0FBF1F201FB1206002E74D0012EFE
:10B9E00073D0022E72D0032E71D0D9F83430A0213A
:10B9F00033A207A8E4F746FE2A4900250B483D2359
:10BA0000DFF820B04FF484794C30CDF818B0CDE990
:10BA100004511721039550F82600082258E00AE146
:10BA2000F7F4ED00A4900308BFB3A2000CF30208E2
:10BA3000E794B3E8AFB7E69CACE59CB0E68EA7E52B
:10BA400088B60000E794B5E69CBA0000E8AF8AE645
:10BA500096AD0000E9878AE694BEE69CACE59CB012
:10BA6000E68EA7E588B60000E68EA7E588B6E6A3D1
:10BA700080E69FA5202F20E58FAAE8AFBB0000003D
:10BA80004944257520E6938DE4BD9C2025752F3211
:10BA9000000000006DC6FF00C2B00000BCB6040884
:10BAA000EF809300E6D75600EF808B00E68993E5A0
:10BAB000BC80E6938DE4BD9CE88F9CE58D950000ED
:10BAC000256C75206D73000064E06DE076E078E031
:10BAD000CDF80090CDE901100121404610F0FCFEA8
:10BAE000F548012157230822CDE9057007A8CDE9C3
:10BAF00003512421CDF80090CDE9011002214046E8
:10BB000010F0EAFE04A8ED4E039517217F2380E88C
:10BB1000600835980822CDF80090CDE90110032186
:10BB2000404610F0D9FE04A803951527962380E817
:10BB3000600834980822CDF800900421CDE9017006
:10BB4000404610F0C9FE94F80906F9F79DF9DC4A61
:10BB50001423CDF818B00521CDF800900395CDE958
:10BB60000130CDE90452AB234046082210F0B4FE68
:10BB7000D448D5A3D5A4CDF818B00822CDE9024306
:10BB8000CDE90450BF2340460621CDE9009710F0CF
:10BB9000A3FE50E099ED080AF9F76EF9B7EEC00A76
:10BBA000CFA28DED000B13E099ED090AF9F764F9C6
:10BBB000B7EEC00ACCA28DED000B09E099ED0A0AA0
:10BBC00001E099ED0B0ACBA2B7EEC00A8DED000B98
:10BBD000A02107A8E4F756FD0EE703AFC74EB94B07
:10BBE0000122C7A187E84E002F991B254FF48470CE
:10BBF0000090B32340460822CDE90151062110F000
:10BC00006BFE94F83606B0B1D4F8200698B14FF424
:10BC10004871884200D9084600EB80108000B0FBD4
:10BC2000F1F001B2D8F8440007F038FCD8F844002D
:10BC3000012110F022FE00245FF0010505FA04F056
:10BC400010EA0A0F09D108EB84060021B06810F051
:10BC500014FEB06A002110F010FE641C072CEDD316
:10BC60003BB0BDE8F08F2046F8F790FB050001D00F
:10BC7000681E00E00020914A0026039600EB400178
:10BC8000CDF808B001EB00109C4904964FF4847A7B
:10BC900004EBC00000F198091520CDE9052120230F
:10BCA0003146CDE900A00822404610F015FE934829
:10BCB0004FF0170B03963823049608220121CDE993
:10BCC00005703598CDF800A0CDE901B0404610F0E0
:10BCD00003FE7C4952238948082203960690404679
:10BCE000CDE904613199CDF800A0CDE901B102217F
:10BCF00010F0F2FD99ED060AF9F7BEF8AFF26820F0
:10BD0000009025B199F8010008B1012200E000225D
:10BD100099F80130A02107A8F7F7C2FF07A96648E4
:10BD200026230396CDF800A008220496D146CDE93B
:10BD30000131CDE905706E234046032110F0CCFDA2
:10BD400094F8C8046D4C002801D06E4800E05B48B0
:10BD50004FF0010101D06CA500E06CA50694CDE97F
:10BD6000041033984FF0220203954FF09C03CDF856
:10BD700000904FF00401CDE901204FF00802404649
:10BD800010F0AAFD4D4816220396BE230496CDE975
:10BD900005042F98CDF80090CDE9012008224046F7
:10BDA000052185E094F80A06022806D040B994F8E7
:10BDB0003F0628B194F8050610B15548012501E069
:10BDC0005048002594F83F1619B194F8F52502B1B2
:10BDD0003B480026DFF824911DB111B194F8F51508
:10BDE00029B34CA3CDF808B01E21CDE903364FF49A
:10BDF0008474CDE90041CDE9050924234046082299
:10BE0000002110F069FD04A903964FF0170ACB46F4
:10BE1000472381E8C0023598082200940121CDE92A
:10BE200001A0404610F058FD48461DB901E034A37A
:10BE3000D8E7344F63230396082204960221CDE904
:10BE400005703498D1460094CDE901A0404610F029
:10BE500043FD1A4F7F230396082204965D46CDE9E1
:10BE6000057B319940460094CDE90191032110F002
:10BE700033FD0396982304960822CDE9057533997E
:10BE800040460094CDE90191042110F025FD22A245
:10BE90000C4922A30DF11009CDE9023201201C2624
:10BEA00089E82300B323404608220521CDE9004656
:10BEB00010F012FD84E40000BCB60408BFB3A20079
:10BEC0006DC6FF00E6D75600EF818B00E4B8ADE900
:10BED00094AE20E69FA5E79C8BE7A1AEE8AEA40058
:10BEE000252B2E3166C2B000252E3166C2B02F73CD
:10BEF00000000000252E326600000000A490030818
:10BF0000EF808C00807DFF00EF818D00EF81AE001F
:10BF1000A2D97500EF81B100EF819300E5B7B2E8D7
:10BF2000AFBBE8BF94E59B9E0000000070B50446DF
:10BF300005F0C4F80025064606E0A068006850F841
:10BF40002500FFF7F3FF6D1CB542F6D3608CC107E7
:10BF50001AD020F001006084204606F0BDFC204687
:10BF600006F0D7FB86B10021204605F084FE58B1CB
:10BF70000C494968884207D80B49096801EBC000A1
:10BF800050E9022120469047608C810708D520F0B7
:10BF9000020060842046BDE87040002106F0FDBA32
:10BFA00070BD00004C020124B00201242DE9F041D3
:10BFB000C0B000F0A2FB5E494A7D12B111F0DEFC78
:10BFC000B3E000240C75884659495A4810390C735F
:10BFD0001421047044703BA8E4F784FEB8210AA839
:10BFE000E4F780FE2421389401A839943A94E4F7C8
:10BFF00079FE5148016841F00101016000683BAAE7
:10C00000032100F001000090202082E813004B483B
:10C010003BA9EAF7FBF9022000224FF400210A9124
:10C020001023CDE90B20CDE90D30C0250F901090E5
:10C030000AA8CDE9115413943294EBF7AFFC28B160
:10C04000D8F80010491CC8F800106EE03A480838CB
:10C05000016841F020010160006800F020000090BC
:10C0600035486038016841F020010160BFF34F8F0F
:10C07000016821F0200101602D4870218038E4F72B
:10C0800031FE2B4804212E4D0823803840F2FF7CDE
:10C090004FF4E012012605600727C0E90441C0E91A
:10C0A0000123047606234476C66180F8204084622A
:10C0B000C4620463C463046480F8444001A8214A54
:10C0C0003894CDE9051480E88C1019488DF8254086
:10C0D0008038E8F7FFF808BB154838A98038E7F73B
:10C0E00015FCD8B9124801A98038E7F7A3FCA8B914
:10C0F000F7F7ECFA90B11C2028601220EAF73CFB1D
:10C10000002208211220EAF763FB012088F814605E
:10C1100011F034FC012040B0BDE8F081D8F80010E7
:10C12000491CC8F80010FEF775FB0020F3E700007B
:10C13000C49E0224EC010124E0440258000002588D
:10C14000002002400000B84F1D482DE9F0411B4D72
:10C150000068A84204D0BDE8F0411220EAF70CBB09
:10C16000174C2F688034207D88B1607D78B1F80647
:10C1700013D4EAF75FFA134E7168401A322810D3CD
:10C18000A068401CA060BDE8F041FEF743BB2069F9
:10C190001C21401C20612960DDE7E068401CE06054
:10C1A000F1E768683840C0F3800070700448E7F732
:10C1B00049FF00207070BDE8F081000000200240BF
:10C1C000449E0224EC01012470B50C00054619D0F0
:10C1D00000F093FA0C4E0146D6E91D30326FF66F2F
:10C1E000C4E90023084AC4E902068032127D12B174
:10C1F000281A322801DB00202073BDE87040084671
:10C2000011F0BCBB70BD0000449E022470B5054611
:10C2100000F073FA174C0646207D28B31648617D5E
:10C2200039B14068281A32281ED3A068401CA0608B
:10C2300014E0017819B14168691A052914D34560E1
:10C240000121017012206175EAF796FA09488038D9
:10C25000E8F796F940B16068401C6060FEF7DAFAD2
:10C2600004488038E8F750FA3046BDE8704011F0D5
:10C2700085BB0000C49E0224EC0101242DE9F84393
:10C28000984615460C46814600F04BFA0746194879
:10C2900000260078022821D117480078F0B12A46FC
:10C2A0002146484600F007FAC0B1B4F1105F15D33B
:10C2B0001248844212D205F11F01001B21F01F0217
:10C2C000214682420AD80B482B460A464946503836
:10C2D000CDF8008000F058F9064604E005485038D3
:10C2E000416A491C4162384611F050FB3046BDE8B6
:10C2F000F8830000089E0224D40101240080002459
:10C300002DE9F041194C207818B3194A0126194D2E
:10C3100010686B6C11690707526A6361667101D519
:10C320004B0707D4430701D5890703D4C00715D0AD
:10C33000100613D50F4810225030C16A491CC0E9BD
:10C340000B12EAF777F9696C02460A4800F070F9B7
:10C3500008E0BDE8F0410B20EAF70EBA054878384E
:10C36000E8F73AFB00206071BDE8F081D4010124B8
:10C3700000000240B89D022470B504001DD000F0FA
:10C38000D0F90E493C2205462046E4F74FFC0B4904
:10C390002422201D3439E4F749FC08485038017E36
:10C3A0006170416C6163007E00B1012084F8380047
:10C3B0002846BDE8704011F0E9BA70BD089E02241D
:10C3C0002DE9FF47214A8946804601AB07CA83E829
:10C3D000070000F0A6F905461D48007E18B1284662
:10C3E00011F0D4FA1CE01B4C207820B1002010F092
:10C3F00037FD0028F3D000252570FDF771FE0020E1
:10C4000010F0FAF9FDF7D4FE114E503618B16078ED
:10C41000012748B110E0B06A0321401CB0623170BE
:10C42000002004B0BDE8F0870B4B0022084801A9AA
:10C43000009500F00CF967700320C4E902892770A9
:10C440002571357011F0A2FA0120EAE7B8F202086E
:10C45000B89D0224D401012481D7020870B5064694
:10C4600000F05FF905460F480078A8B10E4C20781F
:10C47000012802D1304610F051F90B4831465038AE
:10C4800000F0FCF808485038007E022804D1032050
:10C490002070002010F0B0F92846BDE8704011F07F
:10C4A00075BA0000D4010124089E022470B51A4C0C
:10C4B0002078B0B119491A4D486910F4587F15D049
:10C4C00005F1500100F45872C86A401CC1E90B0222
:10C4D000EAF7B0F8696C02462846BDE8704000F003
:10C4E000A7B8BDE870402320EAF746B96A6C6261DC
:10C4F0002A7E012A05D109690140080701D50120DA
:10C5000000E000202071074801216171ECF7DCFB9D
:10C5100000202071607170BDD40101240030014001
:10C52000B89D0224B89C02242DE9F041074600F092
:10C53000F8F8124C0546207830B1114E307818B911
:10C54000A6F15000007E28B1284611F01FFA002005
:10C55000BDE8F0810B4800224FF40061EAF764F86F
:10C56000002010F049F90020A070E070012127613F
:10C570002846317011F00AFA0120E9E7D4010124BC
:10C58000089E0224000402582DE9F84304001D46C9
:10C5900016468846089F02D0207EA8B902E00020F7
:10C5A000BDE8F883206878B1606868B1A06858B1C8
:10C5B0001A463146404600F07EF828B1606C0121F1
:10C5C000401C606404D004E0606A401C6062E6E7DE
:10C5D00061640023A764626CE0692664E564401C22
:10C5E00063762B4621764146E06100923246D4F8CC
:10C5F00000C0E068E04720B903213A4620460FF02A
:10C60000D2F90120CCE7002808D0037E012B02D10B
:10C61000436C8B4203D0416B491C41637047816C72
:10C62000511A322901D3022100E000210FF0BBB9D9
:10C63000002808D0037E012B02D1436C8B4203D02B
:10C64000416B491C4163704703210FF0ACB92DE9E0
:10C65000F04104001E4617460D46DDF818800BD049
:10C660005021E4F73FFB1DB195E8070084E807007F
:10C67000C4F81480C4E90376BDE8F081002819D01D
:10C68000027E022A09D0012A14D1826C8A1A322A27
:10C6900010D30A4602210FF086B9427E42B9826C5D
:10C6A0008A1A322A04D3826A02234376521C826297
:10C6B00011F00AB9704710B5E8B1E1B1C9061AD155
:10C6C000CAB1B2F5525F16D8048881888C4212D85C
:10C6D0004388C08883420ED8B1F58C7F0BD2F028F6
:10C6E00009D2091BC01A401C491C41434800824220
:10C6F00001D1012010BD002010BD4FF0E02010B589
:10C70000D0F8000110F4802F01D0012400E00024B3
:10C710001220EAF73EF8BFF34F8FBFF36F8F20462A
:10C7200010BD0B2010B5EFF7C9FE04462320EFF72C
:10C73000C5FE44EA40040B20EAF72BF82320EAF771
:10C7400028F8BFF34F8FBFF36F8F204610BD000056
:10C750002DE9F0410026884607461448F0F70DFE03
:10C7600004461DE011482146F0F719FE05462068F1
:10C77000B84200D09FB96168414502D0B8F1000FBE
:10C780000DD10A482146F0F793FE216909B12046F0
:10C790008847204603F06CFDF6F744F801262C4646
:10C7A000002CDFD13046BDE8F081000014B7022430
:10C7B00070B50C4605460948F0F7DFFD0BE001684F
:10C7C000A94204D14168A14207D0002C05D00146FE
:10C7D0000248F0F7E4FD0028F1D170BD14B702243F
:10C7E00070B54421044603F00DFE09484FF4FA7574
:10C7F000E061002194F84230642221620120C4E902
:10C800000A25A4F8400043F0010184F8421070BDED
:10C8100049C8010838B5044600234FF480650095E7
:10C82000D4E90B20194603F073FC002140F2B63323
:10C830004FF46172009500F0E2F8226AA16A891A49
:10C84000414302EBA12038BD38B5044600234FF424
:10C8500080600090D4E90B20194603F059FC226A4D
:10C86000A16A891A414302EBA12038BD8B1A002B23
:10C8700000DC531A4FF47A714B43B3FBF0F00028FD
:10C8800000D101207047000070B54168054611B124
:10C890002868FFF75DFF1B48F0F701FE1A4E10B144
:10C8A00007F040FC70601748F0F78CFD040024D0BE
:10C8B0004422294603F01CFD2868A84200D12460C8
:10C8C000717894F8420061F3820084F84200C10755
:10C8D0000FD0616939B120468847226AA16A0244B3
:10C8E00022620844A06262681AB1206808B1216A15
:10C8F0009047F5F797FF204670BDF7F72BFB002018
:10C9000070BD000014B70224980201240A88028036
:10C910004A8842808A888280C988C18070470A8894
:10C9200002804A8842808A888280C988C180704794
:10C930000A8802804A8842808A888280C988C180A9
:10C9400070470A8802804A8842808A888280C98823
:10C95000C18070470A8802804A8842808A88828023
:10C96000C988C18070470A8802804A8842808A88C4
:10C970008280C988C180704710B5B0F90410B0F941
:10C980000020B0F90630B0F90240881A401C191B8B
:10C99000491C484310BD81880088081A401C00B219
:10C9A000704781880088081A401C00B2704770B533
:10C9B0000388848846885B1AC5880C440380B11AB2
:10C9C00084802A444180C28070BD70B50388848809
:10C9D00046880B44C5880C440380B11884802A44DF
:10C9E0004180C28070BD10B5029C0180428083806E
:10C9F000C48010BD4288491E1144C1807047F0B503
:10CA0000C0F5806400FB00F604FB04F5B70ADDF80E
:10CA100014C0AD0A05FB04F67C4345434743554328
:10CA2000B00A5C434843BA0A05EB4503810A180D76
:10CA300002FB0CF204EB4403014401EB135000EB46
:10CA40009220F0BDF0B54FF4FA660446C1F34130D0
:10CA50004FF06405771001280BD121F4C040B0429B
:10CA600007DCB84201DDC0F57A70584390FBF5F061
:10CA700001B2C2F3413001280BD122F4C040B042D0
:10CA800007DCB84201DDC0F57A70584390FBF5F041
:10CA900002B2944201DA204600E01046884201DAF0
:10CAA0000846F0BD944201DA2046F0BD1046F0BDC4
:10CAB000F0B54FF4FA660446C1F341304FF0640517
:10CAC000771001280BD121F4C040B04207DCB842F6
:10CAD00001DDC0F57A70584390FBF5F001B2C2F366
:10CAE000413001280BD122F4C040B04207DCB842EB
:10CAF00001DDC0F57A70584390FBF5F002B2944224
:10CB000001DA204600E01046884201DA0846F0BD0E
:10CB1000944201DA2046F0BD1046F0BD00221146D5
:10CB2000104608B500F061F80090BDF8000008BD9F
:10CB300000221146104608B500F06DF80090BDF8CF
:10CB4000000008BD00221146104608B500F08FF81D
:10CB50000090BDF8000008BD07B58107BDF804309E
:10CB600002D0521E20F8023BBDF8041001EB014137
:10CB700009E0016041608160C160016141618161E2
:10CB8000C1612030103A102AF3D802E0521E20F87A
:10CB9000023B002AFAD10EBDF82101EA104108B586
:10CBA000C0F3423200F4E053114300F0F80041EAD0
:10CBB000C30141EA4010ADF8000080B208BD38B5AD
:10CBC0004C09C508BDF80030D208890864F3020397
:10CBD00098B265F3C70080B262F30C2080B261F3B3
:10CBE0004F30ADF8000080B238BD38B54C09C508EB
:10CBF000BDF80030D208890864F3020398B265F3E7
:10CC0000C70080B262F30C2080B261F34F30ADF800
:10CC1000000080B238BD38B54C09C508BDF80030F9
:10CC2000D208890864F3020398B265F3C70080B2A2
:10CC300062F30C2080B261F34F30ADF8000080B297
:10CC400038BD38B54C09C508BDF80030D208890890
:10CC500064F3020398B265F3C70080B262F30C205C
:10CC600080B261F34F30ADF8000080B238BD38B506
:10CC70004C09C508BDF80030D208890864F30203E6
:10CC800098B265F3C70080B262F30C2080B261F302
:10CC90004F30ADF8000080B238BD38B54C09C5083A
:10CCA000BDF80030D208890864F3020398B265F336
:10CCB000C70080B262F30C2080B261F34F30ADF850
:10CCC000000080B238BD000038B584B2104B88B285
:10CCD0002502010241EA102045EA1424A1B280B2E3
:10CCE000121D41EA014140EA004019401840D208B3
:10CCF000091A514300EB5110184040EA104080B22D
:10CD0000010241EA1020ADF8000080B238BD0000F9
:10CD10001FF8E007FF221146104608B5FFF77BFF1A
:10CD20000090BDF8000008BD2DE9F0411E461746F1
:10CD30000D4604461C2103F065FBC4E90057C4E915
:10CD40000256BDE8F0810000F8B55021044603F01A
:10CD500059FB20694FF4A0732380F02565804FF0C4
:10CD6000FF32A28020F04000E28000218226218153
:10CD700040F008006181582166F3D01020614EF226
:10CD80000700ADF800000090BDF8000020870248C1
:10CD90002064C4E91101F8BD41DD0108F8B505467C
:10CDA0004948F0F70FFB040024D0E86B48B9A86CA1
:10CDB00003F0CCF906001DD02A6C014628469047A6
:10CDC000EE634FF4B471204603F01CFB0120256094
:10CDD0000821C4F8540104F5AC70F0F7EBFA3B4EAF
:10CDE00032213B482246F768F46007F0AFF96060F3
:10CDF00018B107E0F7F7AEF85EE0F7F7ABF8606858
:10CE0000002856D0286981070AD529886A88EB68E6
:10CE100011FB02F1DA68914202D920F00200286188
:10CE2000BDF8002007201F2160F3020292B261F3D7
:10CE3000C70292B261F30C2291B260F34F31ADF8A8
:10CE4000001088B20090BDF800000090BDF800000E
:10CE50006085FF2084F82900002003F0CFFD2061C9
:10CE6000002003F0CBFDE061002003F0C7FD194D69
:10CE700000212062E0692A4605F097FF206A002120
:10CE80002A4605F092FFE069022103F027FD206A9F
:10CE9000022103F023FDE069002106F0B1F9206AC8
:10CEA000002106F0ADF9206905F032FAF7602FB1E4
:10CEB00005E0204603F0DCF90020F8BDF46060686E
:10CEC00007F019FA2046F8BDF0B6022480020124CA
:10CED000C5CC0008FFFF0F00C26800211161C068C7
:10CEE000416170470148C06870470000800201241A
:10CEF00010B90548C06820B100680069C0F3C910C6
:10CF00007047822070470000800201240068C068DA
:10CF10007047000018B90948C068002809D00068A7
:10CF2000017CC1F30111012904D0032902D0B0F919
:10CF300000007047B0F90200704700008002012431
:10CF400010B518B9FFF7CEFF002800D0006A10BD59
:10CF500010B518B9FFF7C6FF002800D0C06910BD92
:10CF600010B518B9FFF7BEFF002800D0006910BD4A
:10CF700010B518B9FFF7B6FF002800D0406910BD02
:10CF800010B508B9FFF7AEFF806810BD18B90948A1
:10CF9000C068002809D00068017CC1F30111012993
:10CFA00004D0032902D0B0F902007047B0F90000A4
:10CFB000704700008002012410B518B9FFF792FFF6
:10CFC000002804D0D0F85401002801DD012010BD54
:10CFD000002010BD08B500210B460A46009106F05E
:10CFE00037FD08BD2DE9F0411D0017460E460446E9
:10CFF0001AD0F07A02281AD9D4F81CC0BCF1000F5C
:10D0000003D02046E047012811D02B463A4631464E
:10D010002046F9F757FE012809D006A239462046D6
:10D02000BDE8F0410FF031BC02A23946F8E7BDE897
:10D03000F08100004E6F0A646174610038B5846944
:10D04000049D002C01D00095A04738BD38B51821AB
:10D05000044603F0D7F9002211461046FFF7AFFD52
:10D060000090FF22BDF80000511C0090BDF80000A8
:10D0700020810120E2726180207538BD7047000078
:10D080002DE9FF4FB5B0887E1E46924602280C4619
:10D09000429F7CD92068002879D03598006A002802
:10D0A00075D0202223A8E3F7C1FD2068002E04904C
:10D0B0006DD0307800286AD03598514682682DA806
:10D0C000EFF7B1FC002862D0207FB0F1000B01D156
:10D0D0004FF0010B607F810707D4BAF80410BAF84B
:10D0E0000000081A401C03B20FE0B4F9121041F618
:10D0F000FF7200913146CDE90120B4F9143006A841
:10D10000226807F0E1FABDF918304FF000050498E5
:10D110004FF0FF32BAF80010B4F912C0B0F908901D
:10D12000ADF80C10BAF802100CEB09000C90ADF839
:10D130000E10B4F91800B4F916C00144CDF8B0C00F
:10D14000ADF80E10FFB1F0B9BAF9020000281ADAF2
:10D15000D7F808C0ACEB0001002901DCA0EB0C0102
:10D160000C984FF4806C40420CEB4000814200DD93
:10D170003A603868002806DBBA880546BDF80E100C
:10D180008818ADF80E00607F00212F9300E0A5E025
:10D19000CDE90010B4F9142070190499F0F70AFCD5
:10D1A00000EB050829E0617F00202F9BCDE90001FD
:10D1B000B4F9142006EB08000499F0F7FBFB454690
:10D1C000BDF80E1000EB05080C98084400B2ADF84D
:10D1D0000E007FB110F5806F0CDB3868002809DA8B
:10D1E0003D60BDF90E10BAF90200081A7860BAF96C
:10D1F0000200B860705D002870D03598BDF90E202F
:10D2000002EB09018068B0F902008142CBDBBBF17F
:10D21000020F5846CDF8C0B002D0032816D029E03E
:10D22000607FA8EB050100907019B4F91430049ADE
:10D2300007F0A8FA07465046FFF7B3FBC01BBDF83E
:10D240000C1000EBD07001EB600011E0607FA8EBE8
:10D25000050100907019B4F91430049A07F092FA9D
:10D2600007465046FFF79DFBBDF80C20C01B10443D
:10D27000ADF80C00D4E9019BD94502D94846D946FE
:10D280008346A07F800717D011A800F02FFAA0894D
:10D29000ADF84400049890F90E0000B90120ADF8F3
:10D2A0004600A07E8DF84C00A17F9DF84D00C90876
:10D2B00061F301008DF84D0000200890FFF72EFC6F
:10D2C0003290FFF72BFC0F9014A800F045FA208A4B
:10D2D000ADF85400BDF90C00319069E16CE100BF7C
:10D2E000BDF80C102C98014470192290A8EB050091
:10D2F0002B900027ADF80C100B97B9E00021079197
:10D30000A9F57F42FF3A09D0ABF57F41FF3905D03F
:10D31000AB4A291830461268904707900BAB229809
:10D3200009AA0AA9F0F72EFB607FC0070AD00A9865
:10D33000232802D0012F13D004E047B1012F0AD0D7
:10D34000022F0BD0E068022F0F904DD04EE00B98CB
:10D35000012708908CE0E068002746E0002787E07E
:10D36000202840D10B990898081A072801D0A089D5
:10D3700037E0089A6946229810440622521E10F897
:10D38000013B01F8013BF9D100208DF806009DF822
:10D390000100FCF7DBF807469DF80000FCF7D6F823
:10D3A00007EB001007909DF80300FCF7CFF8074645
:10D3B0009DF80200FCF7CAF807EB00100D909DF8ED
:10D3C0000500FCF7C3F807469DF80400FCF7BEF81B
:10D3D00007EB0010C2B20D98C1B20798C0B2FFF7B8
:10D3E00004FC0227329043E032980F900498DDE964
:10D3F000092101F0A9F833904FF6FF70814522D042
:10D40000834520D0079949451DD359451BD2BDF806
:10D410000C100C9BADF83410BDF80E005B1EADF87F
:10D420003600339A1844A38A521E19441144ADF8A9
:10D430003810ADF83A000DAA359814A900F078F923
:10D44000E089ADF83C0003AABDF83C0023A9ADF883
:10D4500098000A9B359800F037F93398002807DDCB
:10D46000A18ABDF80C00014433980844ADF80C00C3
:10D470002B990B9881423FF641AFA07F800723D5BF
:10D480003198ADF800002068BDF94610BDF80E20B7
:10D49000B0F9080000EBD07301EBD170591001EB2B
:10D4A0006000BDF80C101044ADF80810ADF8020093
:10D4B00002ABADF80A0011A9BDF83C006A46ADF810
:10D4C0004400359800F005F9A07FC0071FD03198BF
:10D4D000ADF8000020680499BDF80E20038940894A
:10D4E00091F90D101A44101A6A46401ABDF80C1032
:10D4F000ADF8081002ABADF8020011A9ADF80A00B2
:10D50000BDF83C00ADF84400359800F0E2F8617FCA
:10D5100000202F9BCDE9000106EB0800B4F9142090
:10D5200004990746F0F746FA4546BAF8001000EBB2
:10D5300005083098ADF80C10022802D0032816D048
:10D5400029E0607FA8EB050100903846B4F914305B
:10D55000049A07F017F907465046FFF722FAC01B56
:10D56000BDF80C1000EBD07001EB600011E0607FA3
:10D57000A8EB050100903846B4F91430049A07F07E
:10D5800001F907465046FFF70CFABDF80C10C01B16
:10D590000844ADF80C00BDF80E100C98084400B219
:10D5A000ADF80E0035998968B1F90610884203DCA0
:10D5B000705D00287FF494AE39B0BDE8F08F0000B4
:10D5C0000403012438B52021044602F01BFFFF208C
:10D5D000A076FFF7A3FA0090BDF80000A0814FF6F7
:10D5E000FF700A49C4E90010A060FFF797FA0090A5
:10D5F000BDF80000E081052005F0E0FF0090BDF8D7
:10D60000000020820020E07638BD0000F4CF03083F
:10D61000036C002B00D018477047436C002B00D0E0
:10D62000184770472DE9F0410546C06B17460E4676
:10D63000002824D0E86C02F089FD04001CD0E96CBD
:10D6400002F0E0FEF0F762F929683A462162696863
:10D65000E161A968A16121460068007CC0F38010E7
:10D6600084F8240030682060706860602846EB6BA6
:10D670009847050005D007E0F6F76CFC0020BDE8F0
:10D68000F081204602F0F4FD2846F8E770B50C461C
:10D69000054600F015FE206A2860E0696860A06910
:10D6A000A860F0F733F9006894F82420016962F368
:10D6B00086110161AA6C12B1214628469047204686
:10D6C000BDE8704002F0D4BD30B4046AA44630BC5A
:10D6D000604730B44C88002C06D00C7A022C03D959
:10D6E000446AA44630BC604730BC704738B50A2154
:10D6F000044602F087FE01216180FF202072BDF800
:10D700000010002060F3020189B260F3C70189B202
:10D7100060F30C2189B260F34F31ADF8001088B28C
:10D720000090BDF800000090BDF80000208038BDDA
:10D7300030B4D38854881B1B5B1C1BB2012B09DB44
:10D74000938814881B1B5B1C1BB2012B02DB036933
:10D7500030BC184730BC704738B53821044602F059
:10D7600051FEFFF7D7FA0090BDF8000024F8040F2F
:10D77000FFF7D0FA0090BDF800006080FFF7D8F9FD
:10D780000090FF25BDF80000E08002202572A07205
:10D79000FFF7CEF90090BDF800006083FFF7C8F9ED
:10D7A0000090BDF800002085E07F04F8015CA575BD
:10D7B00020F03E0084F826501E30A577024984F8F8
:10D7C00032502161E07738BDF4CF0308704770B55F
:10D7D00014460D460646F9F7EDFC2246294630462A
:10D7E000BDE87040F9F751BD7CB50446087E0D4692
:10D7F00002280ED9A26868462968EFF714F90028B4
:10D8000007D0616B09B120468847626D29462046E2
:10D8100090477CBD2DE9F04FCD6887B00C46074698
:10D8200015B1207C002872D0207C012800D1002571
:10D83000786881880088081A401C00B20690BA688F
:10D8400004A82168EFF7EFF8002860D0F0F75EF841
:10D8500083460068D7F80080C16951BB017C490646
:10D8600010D47968BDF91020BDF91230B1F900600B
:10D87000B1F90210921B5B1A069901FB032208EB17
:10D88000420115E07A684146BDF91230BDF91060D9
:10D89000B2F902C0B2F90080A3EB0C02069BA6EB22
:10D8A00008065A4302EB420306EB460219441144B0
:10D8B0008846D4F804A05FEA0A0117D02168BDF9B0
:10D8C0001030BDF91260B1F804C0B1F90020B1F90F
:10D8D0000210ACEB020C9A1A0CF1010C0FFA8CF945
:10D8E000731A09FB03220AEB420A01E04FF0000918
:10D8F00035B3007C000710D46069FFF73DF801469E
:10D90000002008E02A5C802A02D9FF2201E035E0ED
:10D9100000222A54401C8842F4DB6069BDF91020C3
:10D92000BDF912308688B0F90010B0F90200761AFD
:10D93000511A181A761C36B2294406FB001500E06D
:10D94000002678684188008849420AB2404201B204
:10D9500004A8FFF73AF8DBF80000C069D0B16068AE
:10D960000028207E0DD001A9CDF80090534681E813
:10D970006100069A04A9404607F024FA07B0BDE802
:10D98000F08F8DE86100A36804A9069A4046FAF773
:10D99000BFFFF3E7607E0028F0D160680028207E9A
:10D9A0000BD001A9CDF80090534681E86100069A9A
:10D9B00004A9404607F072F8E0E78DE86100A3682B
:10D9C00004A9069A4046FAF7E3FDD7E72DE9F047A8
:10D9D00090461D460A9ADDE90809B5F90240B5F8F6
:10D9E00004C0B2F90230B2F90070B5F9002003FBAF
:10D9F00009F314FB08F6ACEB020C00EB43000CF14E
:10DA0000010C0FFA8CF301EB460100EB470601EB2A
:10DA100042074FEA430A0AE052463146384602F0CE
:10DA200067FC641C24B207EB480706EB4906B5F90E
:10DA30000600A042F0DABDE8F0872DE9FF4F9DB067
:10DA40000D4614461D98816817A8FEF783FF2888A5
:10DA5000002618B96888B0F5807F01D0012000E069
:10DA6000002016901C210EA802F0CCFCE97A0DF1E2
:10DA7000180A16984FF002088DF850100028287BDD
:10DA8000CDF838A000F00F008DF8510029D12A9868
:10DA9000042804D00E2809D0142820D021E0A87A28
:10DAA000F8B920980EA9CDE90E4012E01D98214644
:10DAB00082686846EEF7B7FF00280DD020980F96D1
:10DAC000139411902989ADF840108DF848800E9478
:10DAD0004DE01D98FFF788FE21B0BDE8F08FA87AD1
:10DAE00080B31D9881680888ADF818008988ADF862
:10DAF0001C10091A1D98491C0EB21D998068408897
:10DB0000ADF81A008968C988ADF81E100B1AA788ED
:10DB100020885B1CE1880FFA83F962883F1A7F1C1A
:10DB2000881A401C00B239B2CDE90A10EFF7EEFEB8
:10DB3000FFF7F0F9074606A8FEF71EFFB84218D80F
:10DB40004F4618E0FFE7A0882188E5886688411ADB
:10DB5000491C209AA81B8DF8488009B2401C00B2CD
:10DB60004900CDE90E4201FB0020139411900EA94B
:10DB7000AFE7B7FBF6F706FB07FB4FEA4B0002F0F7
:10DB800017FB0890584602F013FB0C907F1E119073
:10DB90008DF8488008980F902A981597BDF81A10AC
:10DBA0000428BDF91E00CDF84CA0099001EB070038
:10DBB000ADF81E0005D1288818B96888B0F5807FB7
:10DBC00001D0022000E001208DF84800AAE006A95B
:10DBD00019A8FEF7BFFE60882188404202B2494280
:10DBE00009B219A8FEF7F1FE16982A9A089900289A
:10DBF0000C980ED0CDE90252CDE90410DDE90A10EF
:10DC0000209ACDE900010A9B19A91D9800F037FB65
:10DC10000BE0CDE90310CDE901520A98009019A854
:10DC20002099DDE90A23F5F75BFFA87A022866D977
:10DC30002A89C0F1FF0992B25707C2F3C406BF0E8A
:10DC4000C2F3042C16FB00F607EB52321CFB00FC5F
:10DC500012FB00F266F30F016CF30F031B9362F3E8
:10DC60001F418E46002148E008981FFA8EF64FEAC1
:10DC70001E4700EB410001900088ADF80C00BDF894
:10DC80000C201B98C2F3C408530718FB09664FEA1F
:10DC9000936808EB5238C2F3042318FB097206EBB1
:10DCA000C6171FFA80FCBDF8080007EBC63613FB49
:10DCB00009C302EBC21707EBC237C6F3C45602EB27
:10DCC000C21CBF0E0CEBC23266F3C70003EBC318D5
:10DCD00008EBC33367F30200C2F3C256C3F3C45266
:10DCE00066F34F30491C62F30C20ADF8080080B297
:10DCF00002900198BDF8082002805945B4D31D98C0
:10DD00000EA9FFF771FDBDF81E001599401CADF876
:10DD10001A00014408B20999ADF81E00884201DDDD
:10DD2000ADF81E10BDF91A10099881427FF74FAF68
:10DD30000C9802F08BFA089802F088FACCE6000002
:10DD400010B50C465821204602F05CFB0F492C20F0
:10DD500061610F4921610F4921630F4921620F4918
:10DD6000A1610F4961620F49A1620F4961630F49C7
:10DD7000A1630F49E1630F4921640F4961640F49B1
:10DD8000A1640F496165E06410BD0000CDD70108B2
:10DD90004FE20108CFD7010899DF01083BDA0108FB
:10DDA000AFE001084DE201087DE20108CDD901088C
:10DDB0009DDE0108C5DD010817DE010893DF0108BB
:10DDC00015D801082DE9F04117460C460646EFF735
:10DDD0009DFD0546F8070ED0A16A606921F000415B
:10DDE00002F010FBA06A40F00041A16228680169BE
:10DDF00041F0400107E0A06A20F00041A1622868DC
:10DE0000016921F04001016160690834C6E900043C
:10DE1000B460BDE8F081FEB5054600680C461646C4
:10DE20000290009820F0E0000090686881880088E7
:10DE3000081A0099401C60F3942100916868C18819
:10DE40004088081A0099401C60F35F510091A06A55
:10DE5000002801DA052100E00421009861F30400A4
:10DE60000090206A2860E0696860A069A860EFF708
:10DE70004DFD00686B4694F82420016962F3861119
:10DE8000016104F1080231462846FFF7ABF8284645
:10DE900000F016FA684600F07CFEFEBD70B515462F
:10DEA0000646D0070C4672D1A80742D5A06A00F0FA
:10DEB000004000F5C040A0622046FEF75DFDA16A6B
:10DEC000400021F00042824202D960F31E01A162AB
:10DED000A06A20F0004002F039F92146606168B97B
:10DEE000A06A00F0004000F54060A06220F0004011
:10DEF00002F02CF900282146606146D0084661886E
:10DF00006668A36A0268826023F00042E660E181ED
:10DF100023F000412689A089801B401C00B292FB9F
:10DF2000F0F200EB400391FBF3F02082521062828A
:10DF30002AE00846096862688160E260FEF71CFD1D
:10DF40000146A06A490061F31E00A06220F0004073
:10DF500002F0FCF86061A16A21F0004102F052FA7F
:10DF6000A06A05F00105616965F3DF70A06269B11F
:10DF700004F10800C6E90010B060EFF7C7FC0068C4
:10DF8000016965F386110161204670BDFFE700203D
:10DF9000FBE7486902F06CB9F0B597B01C4607463C
:10DFA0000868002315460E46224601A900F01DFA16
:10DFB000F0B3BDF80C1000293FD0BDF80A20002AAC
:10DFC0003BD0BDF80E002B88184400B2ADF84C00D1
:10DFD000336802446D88B3F808C05B89ACEB030C6E
:10DFE000BDF8103065446D1AEB1A1DB2ADF84E50F5
:10DFF000BB68B3F900C062451FDBB3F9042090424F
:10E000001BDCB3F902002944814216DBB3F9060098
:10E01000854212DC0198214600F0DBF900280CD083
:10E020000199097B890708D101AB314613AA00E0A9
:10E0300005E000903846F9F723FD17B0F0BD202C1D
:10E04000FBD3A4F57840FF38F7D0A4F500500C3886
:10E05000F3D06A88BDF810402888BDF80E302244FD
:10E06000BDF80C1012B218448B1801B218B200900F
:10E07000BDF80A00084403B214A8FEF7B4FC05A8D2
:10E08000FFF76AFB02208DF817008DF83E00012192
:10E090008DF84A0014AA8DF82E00B089ADF8320030
:10E0A0003846ADF8341005A93B699847C5E72DE916
:10E0B000F0470E46B1F9021096B01C4600291546ED
:10E0C00081467ED0307A02287BD9B5F90020B4F998
:10E0D0000000824205D1B5F90230B4F90270BB42AA
:10E0E0006FD0824200DA104601EBD171A0EB6100E3
:10E0F000ADF84400B5F90000B4F90010B6F90220FB
:10E10000884200DC084602EBD27100EB6100ADF8FA
:10E110004800B5F90210B4F90200B6F902208142B4
:10E1200000DA084602EBD271A0EB6100ADF84600C0
:10E13000B5F90210B4F90200B6F90220814200DDFF
:10E14000084602EBD27100EB6100ADF84A0011A95C
:10E15000D9F808200846EEF766FC002873D0D9F8F5
:10E1600008A011A9C9F80810B5F90200B4F9021005
:10E17000884206D123462A4631464846F9F7B6FD7D
:10E180000BE0B5F90000B4F90010884205D1234630
:10E190002A4631464846F9F7F1FD707A010701D465
:10E1A00040074ED502A8FFF7D7FA308847F6FF712F
:10E1B000ADF80C00ADF80810307A8DF80B00727ACB
:10E1C00000E040E0B6F90210520741F300004FEAC8
:10E1D000610700F1010818D528886A46C01BADF810
:10E1E00000006888C01BADF802002888C119A1EBA7
:10E1F0000800ADF804006888C119A1EB0800ADF86B
:10E20000060002A94846FFF793FA707A000718D56E
:10E2100020886A46C01BADF800006088C01BADF8BE
:10E2200002002088C119A1EB0800ADF80400608845
:10E23000C119A1EB0800ADF8060002A94846FFF796
:10E2400077FAC9F808A016B0BDE8F087704770B536
:10E2500014460D460646F8F7ADFF224629463046DD
:10E26000F9F713F8224629463046F9F7FDF8224619
:10E2700029463046BDE87040F9F7C6BE70472DE923
:10E28000FF4F87B09B460400DDE91865DDE916877E
:10E29000DDE914A901D1F5F75DFED4F82CC0BCF17D
:10E2A000000F0AD0CDE90465CDE90287CDE900A9C8
:10E2B000DDE908125B462046E0470BB0BDE8F08F71
:10E2C000416B002900D008477047007A20F0800099
:10E2D000704740687047017A15290BD0142909D07E
:10E2E000162907D0182905D0172903D0192901D0DC
:10E2F0000020704700697047017A01291FD0022968
:10E300001DD003291BD0042919D0052917D00629AF
:10E3100015D0072913D0082911D009290FD00A29AF
:10E320000DD00B290BD00C2909D00D2907D00E29AF
:10E3300005D00F2903D0102901D0002070470069B3
:10E3400070470069704700687047000010B588B0DA
:10E35000C0B10023009001908DF808100A4CCDE95F
:10E3600003329DF8180020F007008DF8180060684F
:10E3700005906846C4F804D0FAF77BF80599616007
:10E3800008B010BD0120FBE72C020124027A132AF9
:10E3900006D10069B0F900208A4200DD11460180F3
:10E3A00070477047092910B500D120210469FAF798
:10E3B00011FE002806D0618A6268890B02EBC0005A
:10E3C00001D0002010BD00682168C0F3130008448C
:10E3D00010BD70B504000D4601D1F5F7BBFD6268B4
:10E3E00029462046BDE8704010472DE9F047070058
:10E3F0009A4690460C4601D1F5F7ACFD0CB9F5F7FD
:10E40000A9FD4FF000093D464E46C4F800900FE0CC
:10E41000D5F800C05346424621462846E04730B171
:10E42000A07BC00601D425600CE006B92E466D69BC
:10E43000002DEDD14EB13568534642462146304657
:10E44000A84726600120BDE8F087B8F1200F20D34F
:10E45000A8F57841FF391CD0A8F500510C3918D027
:10E46000B7F9080000EBD0704008E080801CA08065
:10E47000C4F8009039892181A4F80A90A4F80C907E
:10E48000A07B20F00F00401C40F01000A073002083
:10E49000D9E74846A4F80690E9E700002DE9F047DF
:10E4A000092A9A460C46814649D00027D9F81050CF
:10E4B0001146FAF78FFD061E3FD0E9684FF00008BD
:10E4C00051B151464846FAF785FD020004D0314665
:10E4D0004846FAF739FE8046298A6868002F00EB23
:10E4E000C60001FB08F103684FEA21124FEA1351FD
:10E4F00002D000BF4FEA4101114401F108014FEA87
:10E500001111A180417921810179E18090F90620E2
:10E51000628190F90700A0816A8AA07B4FEA5222AB
:10E5200062F3030020F01000A07304D04FF6FF70D8
:10E5300000EA4100E0804FF00100BDE8F0874FF0B5
:10E5400001074FF02002B1E77FB5040015460E46E3
:10E5500001D1F5F7FFFC2B46324669462046FFF70E
:10E5600044FFBDF8040004B070BD70B504464068B7
:10E57000B0B1C268B2B12168904705466068408872
:10E5800040B1A06830B1C06808B101F071FEA06868
:10E5900001F06EFE002020606060A060284670BD23
:10E5A0000B2070BD092070BD10B504460748EEF77A
:10E5B000E4FE08E008680078A04201D1086810BDB8
:10E5C0000248EEF7ECFE0100F4D110BD08B70224BA
:10E5D00010B50446E2F771FA40B1215C2E2907D04C
:10E5E0002F2903D05C2901D0401EF6D102A010BD16
:10E5F0002044401C10BD00000000000010F8011F66
:10E600003A2900D1401C70472DE9F0410E00174611
:10E6100005461FD03078FFF7C7FF04001DD06168A2
:10E6200009B18847D8B1A068D8B13046FFF7E6FFF6
:10E63000A36801463A4620469847A0B1411C12D033
:10E64000C5E900046088E8B1102001F07FFDA860F2
:10E6500058B10CE00B20BDE8F0810320FBE701205E
:10E66000F9E70920F7E70C20F5E7F5F773FCA86850
:10E67000102101F0C7FEAA684FF0FF314800116079
:10E68000A96848600020E6E77CB51C004FF0000553
:10E6900000D02560436853B11B6953B101954568AB
:10E6A0006B88002B01AB06D000F012F80BE00B20BA
:10E6B0007CBD09207CBD0093134600680A462E6984
:10E6C00001462846B047002CF4D0019921607CBD5A
:10E6D0002DE9FC5F054614468B4699460027D5E98F
:10E6E00001C0BCF802A0D0E90021D0E90260B2422A
:10E6F000804648D88E4246D2B01A80B2891BAAEB17
:10E7000000068E4200D30E46B44208EB000106D844
:10E710002246584601F0ECFDC9F8004069E0324657
:10E72000584601F0E5FD4FF000000190544501A866
:10E73000009008D9D5E90010A31B0BEB060207696E
:10E74000B847074617E0D5E9001053464246076927
:10E75000B8470746A868A11B43680360AA680198E8
:10E7600081420344536000D20846414682B20BEB1B
:10E77000060001F0BDFD01983044A04200D20446DD
:10E78000C9F8004034E054450AD9CDF8009023463A
:10E79000DCF810605A4629686046B047074627E013
:10E7A000B8F1000F0AD1504601F0D0FCA968C8604A
:10E7B00008B9F5F7CFFBA868D0F80C80002101A8B4
:10E7C00053464246CDE90001D5E900100769B84734
:10E7D000A96807460E60A868019AB1189442416082
:10E7E00000D2224641465846C9F8002001F080FD7B
:10E7F0002FB9A868D9F800108268114481603846A2
:10E80000BDE8FC9FF8B545680446E5B1AE69E6B1E0
:10E810006B880020C3B3D2B1012A21D0022A11D1C2
:10E82000206813460A4601462846B047002809D109
:10E83000D4E900106A46C3699847002802D1A2684B
:10E8400000999160F8BD0B20F8BD0920F8BDA268C1
:10E8500091600A46A3681D68A9420CD3596808E074
:10E86000A3689A680A449A60A1680B689A4202D326
:10E8700049688A42EAD9D4E900100023846901B0CA
:10E88000A446BDE8F0406047FFE7206801B01346AA
:10E890000A4601462846B446BDE8F040604770B5D8
:10E8A00006000C4636D0084600F0F0F83046EEF789
:10E8B00064FD05E00868A0422CD03046EEF76FFDFD
:10E8C0000100F7D1204602F0B3FC40B1A16889688D
:10E8D00029B1C9680968A14201D100F0C2F8A06855
:10E8E00010B9204601F02EFEA06886603046EEF793
:10E8F000B8FD05000AD030462C60EEF73EFDA84278
:10E9000008D13046BDE8704000F0ABB8BDE87040BB
:10E91000F5F720BB70BD00000C4810B5EEF752FDB6
:10E9200004000FD00421EEF745FD217F0020E060B8
:10E93000206121F00301606141F00C01A0612046DB
:10E94000217710BDF5F706FB002010BD20B702248B
:10E9500010B5084A04460849FAF77CFA6269002AA9
:10E9600006D0002804D12046BDE810400121104700
:10E9700010BD00009FD300087BD3000870B50600CF
:10E9800043D002F055FC04003FD0207FC0073CD1AB
:10E990000021204600F0D7F82046EEF7EEFC32E0EA
:10E9A0002868B0422BD1E06888B10068B0420ED030
:10E9B0002046FAF7A1FB0246E0680F210068FFF746
:10E9C000C5FC012821D1E068006803F0A1FC002DFE
:10E9D000E5601AD0216909B1204688472046FAF738
:10E9E0008BFB0246E0680E210068FFF7AFFC0128B0
:10E9F0000BD1E0680068BDE8704003F089BC29468F
:10EA00002046EEF7CCFC0500CAD170BD10B5084A0F
:10EA100004460849FAF71EFA6269002A06D000285F
:10EA200004D12046BDE810400021104710BD000071
:10EA3000A7D30008ADD30008014800687047000064
:10EA400034020124002802D0007FC0F34000704748
:10EA5000002803D0C068002800D000687047EEF797
:10EA600090BC70B50446007F40F00801C0F3C005BB
:10EA700021774807204602D4FFF76AFF01E0FFF73D
:10EA8000C5FF207F65F3C300207770BD2DE9F041FD
:10EA9000064602F0CDFB04003DD0E068002740B3FD
:10EAA0000068B04220D1207FC10702D020F00100D1
:10EAB00020772046EEF761FCE16888420FD12046BE
:10EAC000EEF774FCE168884209D12046FAF714FB9E
:10EAD0000246E0680F210068FFF738FC02E020469C
:10EAE000FFF7BFFFE06820B1E0680068B04200D1E6
:10EAF000E7602046EEF741FC11E028682946B04265
:10EB000020460AD1EEF7D4FC284601F0B1FBB068EC
:10EB1000002800D08760BDE8F081EEF740FC0500DA
:10EB2000EBD1F8E713B5FFF793FF040003D0802182
:10EB300003F090FA08B101201CBD0D21204601AA66
:10EB4000FFF704FC1CBD70B504001CD0207FC0F38F
:10EB500040028A4217D061F3410020772046FFF738
:10EB600077FF05000FD02046FAF7C6FA0246E068A4
:10EB70000E210068FFF7EAFB012804D12846BDE812
:10EB8000704003F0C5BB70BD027F61F3C302027722
:10EB900070477047014600200F290AD2DFE801F0D4
:10EBA00009090909080A080C0E10120C0E101200AF
:10EBB00010207047182070470120704702207047CE
:10EBC0000420704708207047811E00200D2909D2BB
:10EBD000DFE801F007080807080707070707070726
:10EBE000070001207047032801464FF0000001D0C4
:10EBF000062900D10120704770B54C6A0D46002CE3
:10EC000012D0287C012802D12046FFF7AEFCE06834
:10EC100008B101F02DFB206908B101F029FB204665
:10EC200001F026FB0020686270BD00007FB514462D
:10EC30000D46084600F0D5FB20B1012817D0022868
:10EC400039D035E02A6802F01F00001F11282FD2AA
:10EC50002168900A60F3942121602868400D60F3D8
:10EC60005F512160287860F3040121602FE028467D
:10EC7000FFF7AEFC17A1E2F75DF8C8B902222946FA
:10EC80006846FFF7C1FC68B90422214603AB684619
:10EC9000FFF7FAFC05466846FFF767FC45B903989D
:10ECA000042805D1207800F01F00001F11280ED382
:10ECB000002004B070BD2068012161F39420C0F3EE
:10ECC000140000F5001020F01F000B302060012020
:10ECD000EFE7000062696E002DE9FF4F8046924623
:10ECE0005AA00F4687B05AA203685AA10493002085
:10ECF000126805921EC98DE81E00B8F808108AB285
:10ED0000D1B2120A08E000BF149C00EB40031D19A9
:10ED1000401CE15400B26A700A9B9842F4DB98F8F8
:10ED200014004FF0000900F01F00FFF733FF834687
:10ED3000D8F814000121002501FA0BF1491E2C46D8
:10ED400000F01F022E4689B206910B2A06D00C2A2B
:10ED500013D00D2A1ED00E2A30D12BE0C0F38A200A
:10ED6000C01D04EBE702C50807F0070315FB0A24E2
:10ED70000DF11009C3F1070620E0C0F38A21062235
:10ED8000C91C07F003038D0805A804EBA704A2EB38
:10ED900043060BE0C0F38A2168460422491C07F0B1
:10EDA00001034D0804EB6704A2EB8306814615FBC3
:10EDB0000A4403E0C0F38A2515FB0A74D8F82470CE
:10EDC000284601F0F5F95FEA000A14D098F810001F
:10EDD000A8B100223846211DFFF714FD00232A4662
:10EDE00051463846FFF750FC4FEA0A01CBF10802C2
:10EDF000002053B222E000200BB0BDE8F08FD8F81D
:10EE0000040080680119F1E70A7898F8144004F0CA
:10EE10001F05069CF24022400E2D01D019F8022059
:10EE2000A6EB0B0466B2149C00EB40052C44002EAC
:10EE3000A27001DA491C1E46401C00B20A9A904298
:10EE4000E2DB504601F002FA0120D5E700FF0000A6
:10EE50000055AAFF00112233445566778899AABB52
:10EE6000CCDDEEFF2DE9FF4F8046007D81B091465D
:10EE700000F01F000E46FFF78DFE8246D8F8140002
:10EE80000121002501FA0AF1491E2F4600F01F0258
:10EE90002C461FFA81FB072A06D0082A12D0092A1D
:10EEA0001FD00A2A32D12BE0C0F38A20C01D04EB08
:10EEB000E601C50806F0070215FB0914C2F10707B1
:10EEC000083423E0C0F38A20C01C04EBA6018508A7
:10EED000062315FB091406F003021034A3EB4207C6
:10EEE00014E0C0F38A20401C04EB660145080423AB
:10EEF00015FB091406F001024034A3EB820705E07C
:10EF0000C0F38A2515FB096404F58064D8F82490C1
:10EF1000284601F04DF9061E44D098F8100068B15B
:10EF200000224846211DFFF76DFC00232A4631468A
:10EF30004846FFF7A9FB314600202CE0D8F8040032
:10EF400080680119F8E70A78A7EB0A0CD9F80C5089
:10EF500000EB40030E9CFA4002EA0B024FFA8CF7DA
:10EF6000DDF838C005EB42051C44002F2D88ADF8B4
:10EF700000500CF80350BDF800304FEA13236370C3
:10EF8000D9F810309A5CA27003DACAF10802491C61
:10EF900057B2401C00B2049A9042D4DB304601F0D4
:10EFA00055F9012005B0BDE8F08F00002DE9FE43C2
:10EFB0000646087C0C46012801D060B32FE060684B
:10EFC000FFF706FB73A1E1F7B5FE002822D16168C7
:10EFD00002226846FFF718FB0028F7D1606A58B98B
:10EFE000142001F0B3F8606218B9F4F7B3FF606A57
:10EFF00068B1142101F006FAD4F824000C22694605
:10F00000521E11F8013B00F8013BF9D107E06846B8
:10F01000FFF7ABFABCE060688068002876D06169D1
:10F0200001F01F000E2816D0142814D004283BD05D
:10F03000052839D0062837D0072839D0082837D0F6
:10F04000092835D00A2833D00B2828D00C2826D000
:10F050000D2824D098E0227CF2B1C1F38A22490D18
:10F06000142812FB01F01BD001264643304601F064
:10F070006DF805000FD0676A002204213846FFF7BB
:10F08000C1FB0023324629463846FFF7FDFA48B156
:10F09000284601F0EDF87BE060688068A06170E0D0
:10F0A0000326E2E7A5616CE0207C0028F4D068E04C
:10F0B000FFF770FD0127616A874061B9142001F0F4
:10F0C00045F8606220B9F4F745FF606A002859D01E
:10F0D000142101F097F9656A780001F037F8E860CB
:10F0E00008B9F4F737FF384601F030F8286108B95D
:10F0F000F4F730FFE86870B3286960B3207C01281A
:10F1000005D060680024D0F8088038E03AE000229A
:10F1100028460421FFF776FB002419E00023694606
:10F1200004222846FFF7B0FA9DF800209DF8011050
:10F130009DF80200FDF785FD0190E968BDF8040027
:10F1400001EB4401088029699DF803000855641CFF
:10F15000BC42E3D315E017E008EB840618F824203E
:10F160007178B078FDF76DFD0090E968BDF800009A
:10F1700001EB440108802969F0780855641CBC4201
:10F18000EAD30120BDE8FE8321463046FFF734FD77
:10F190000020F7E762696E002DE9F84F087D1D46F3
:10F1A00016460C46DDE90A32002100F01F00042853
:10F1B00016D0052814D0062812D00B283CD00C28D5
:10F1C0003AD00D2838D00E2836D007283BD0082852
:10F1D00039D0092837D00A2835D00020BDE8F88F6B
:10F1E000277C012F36D1D4F824A098469146FFF70A
:10F1F000D1FC074660690022C0F38A2015FB00603D
:10F200007843C1105046091DFFF7FCFA4FF000018A
:10F2100000BBFC080D466B46504604FB08F4009109
:10F2200049462246FFF730FA10B90098844201D0CF
:10F2300029460FE001210DE03146204600922A4682
:10F24000FFF74AFD05E03146204600922A46FFF7C7
:10F2500009FE01460846C1E710B5044600680028CB
:10F260000BD0C2680AB121469047207C012804D106
:10F27000606800F0FDFF0020606010BD074810B519
:10F28000EEF7A0F8040004D0142101F0BBF82046EA
:10F2900010BDF4F75FFE002010BD00002CB7022463
:10F2A0002DE9F0410F4605460421384601F0AAF841
:10F2B00025B1284600F095F818B105E00020BDE81A
:10F2C000F081A8680028FAD00A480026EEF755F821
:10F2D0000BE023682BB13A46294698470128064699
:10F2E00005D004482146EEF75AF80400F1D1304623
:10F2F000E5E700002CB702242DE9FF411D460E462C
:10F300002821044601F07EF8AEB1304600F069F8DD
:10F3100008B9B16879B1BDF8081001282181E5600C
:10F3200020740CD0666000272348EEF726F804F11D
:10F330001408054635E0002004B0BDE8F0813046F1
:10F34000E1F7BBFB401C00F001FF606020B9F4F75F
:10F3500001FE60680028EFD03146E1F78AFBE2E762
:10F360002B68CBB16868B8B1424631462846984709
:10F370000128074610D1256021466A682846904733
:10F3800001280746D8D00421404601F03BF8002070
:10F390002062A0616062E06129460748EDF7FFFF47
:10F3A0000546002DDCD1207C012802D1606800F0E8
:10F3B0005FFF3846C0E700002CB702242DE9FC416E
:10F3C00005680E460021089FAC683CB1CDE90037C6
:10F3D0001346014632462846A04701460846BDE886
:10F3E000FC814FF0030130B10078A0F120015F29CA
:10F3F00003D80120704708467047802801D30220B7
:10F4000070470020704770B52021044600F0FAFFD5
:10F41000002626700A20207660764FF4C871A183FA
:10F420006422E2833223E3760325A57670BD0000D3
:10F4300070B50546006920B9FDF754FD0028286124
:10F4400014D00D48EDF7BEFF040010D05C2100F091
:10F45000D9FF256005216079224640F002006071E5
:10F46000064804F073FE21684861204670BDF4F739
:10F4700071FD002070BD0000FCB60224EDF401080F
:10F4800001488068704700003802012418B1014625
:10F490000248EDF784BF0148EDF76FBFFCB60224C8
:10F4A000014840687047000038020124002806D057
:10F4B00001680978012903D0032901D00020704791
:10F4C00090F8440000F00F007047002806D0016853
:10F4D0000978012903D0032901D000207047006B6F
:10F4E0007047002801D00068007870477FB52A4C2B
:10F4F000C068A0600168096900294CD0FAF7C4FD12
:10F50000A0684179490746D400680069406900282D
:10F5100041D10025A0686946EDF7BCFC9DF80F605D
:10F52000A068FAF7B1FD6560A1689DF80E0001289A
:10F53000087106D008680078042809D1BDF80C00CD
:10F54000D0B104F0EFFDA16809680969C1F8640150
:10F55000A06801680978012906D0022908D0042989
:10F560000AD003290DD00FE06946FAF7B3FB0BE090
:10F570006946FAF7C3FA07E0A0686946FAF7A2F805
:10F5800002E06946FAF718F8A068FAF77DFD002E48
:10F59000C0D1A56065607FBD3802012470B5224EE0
:10F5A0000C464FF00005E8B1417941F0020141718C
:10F5B000B168814200D1756001680978012901D0E4
:10F5C00002290ED114B1416BA14201D1456314B19E
:10F5D000816AA14201D1856214B1C16AA14200D100
:10F5E000C56270BD002018E0417941F0020141710F
:10F5F00001680978012901D002290ED114B1416BAB
:10F60000A14201D1456314B1816AA14201D1856251
:10F6100014B1C16AA14200D1C562FFF737FF0028CB
:10F62000E2D1756070BD000038020124F8B50C46C7
:10F630000546012102F002FD68BB2068012300227B
:10F6400069460090284603F070FF6946284602F09C
:10F6500006FD0022064605F114006946EDF77CFA26
:10F6600028B94FF40021284602F0E8FC80B1284672
:10F6700001F024FD401E04000AD4A8686946006811
:10F6800050F82400FFF7D2FF002803D1641EF4D500
:10F690000EB12846F8BD0020F8BD02681278022A93
:10F6A00001D0042A00D141657047000010B5144C08
:10F6B0002078002823D100F0F1FDEEF755F9EDF7A1
:10F6C0008BFBEDF7E9F8EDF78DFBFDF7D7FCEEF7D7
:10F6D0001FF80C484FF4B471EDF76CFE0A485C213A
:10F6E000EDF768FEEEF718F9EDF7B4FB44201128AA
:10F6F00001D1F4F72FFCFEF754FE0120207010BD5D
:10F7000044020124F0B60224FCB6022410B50C46D3
:10F7100091F834200020411EE16222F0180260625C
:10F7200002F0F80120866086A06201F0BF0002218D
:10F7300084F83400204601F0D1F80021204600F082
:10F7400051FC2046BDE8104001A100F085BC00003E
:10F7500054657874000000000146044810B501F0BB
:10F760000FF8044601F080F8204610BD84B9040863
:10F7700010B508460C4600F00AF894F8340000076B
:10F7800002D4606A00F074FD0020606210BD10B504
:10F79000044690F83400400603D5A06A08B100F092
:10F7A00067FD94F834000021A16220F0400084F845
:10F7B000340010BD2DE9FF473F480E4601F056FCCE
:10F7C000012876D13046FEF780FD04463046FEF72C
:10F7D000BAFD2A2C05461CD0132C0BD0292C18D08E
:10F7E0002C2C1ED0152C64D104B03046BDE8F04757
:10F7F000F8F70CBB002102F029FBB0F9080004B0B7
:10F80000C11700EB917081103046BDE8F047FEF75C
:10F81000BDBD00F0B5FB04B02846BDE8F04700F0E0
:10F820004FB9002102F012FB00218146284602F068
:10F8300010FB00218046284602F011FB074695F890
:10F8400034000024C10600D50124800601D544F00F
:10F850000204284601F09EFC0021284602F023FB0A
:10F86000A0F51C51D13905D1688C000502D441F6B0
:10F87000FF7002E0284601F08DFC00974346CDE979
:10F880000104696A03A84A4604F01EFF3046FEF7E9
:10F8900058FDB0F90020BDF90C108A4200DD114678
:10F8A0000180B0F90220BDF90E108A4200DD114638
:10F8B0004180BDE8FF87000084B904082DE9F04FBE
:10F8C0000D0080468BB001D1F4F744FB0021404687
:10F8D000122202F061FA29881022081A002160F32E
:10F8E0000F04404602F058FA6988081A08A960F324
:10F8F0001F444046A14601F005FCBDF82400002548
:10F90000BDF820102C46D8F82470401A2946401C17
:10F9100000B20590404602F099FA0021029040465C
:10F9200002F09DFA00210090404602F092FA039006
:10F93000AB4602985E4698F83410B0F9080007907C
:10F94000C80600D50126880601D546F002064046C5
:10F95000002102F0A8FAA0F51C51D13905D1B8F860
:10F960002200000501D446F00406D8F82420002126
:10F97000404600F0F5FE079A8246009902EB010826
:10F9800020E00020CDE90006059B7819DDE9021290
:10F99000EEF710F8079A4FEA294104445A4491427D
:10F9A0000BDC444A694600943846126890470A289E
:10F9B0000BD0385D48B9641C07E008EB0B00254606
:10F9C0000FFA80FB785D0028DBD1BAF1020F4FF00F
:10F9D000000807EB050B03D0BAF1030F16D025E0A2
:10F9E000611B5846DDE90223009604F0CBFEBDF80A
:10F9F000241000EBD073BDF82020881A401C00B200
:10FA000000EBD0704010A0EB63000DE0611B584686
:10FA1000DDE90223009604F0B5FEBDF82410BDF820
:10FA20002020891A491C081A0FFA80F800208DF846
:10FA30001800824604903CBB2AE004AB6A4601A948
:10FA40005846EDF79FFFF00706D0049906A81BF86B
:10FA50000110EEF72FF8B8B9009ADDE90110FEF7B2
:10FA600073FD00B20FFA89F2404482421EDB049912
:10FA70004A19A2421AD00AEB0502BA5CB2B18A4610
:10FA8000039908440FFA80F804982844A042D4D37C
:10FA9000094C584604992268904722680646294630
:10FAA000384690470BB03044BDE8F08FCDF810A039
:10FAB000EEE700000003012404030124406A7047BC
:10FAC0002DE9F04F0446406A99B000287DD003A983
:10FAD000204601F017FBBDF81000BDF80C10401ACD
:10FAE000401C0FFA80F82046002102F0AFF90021F7
:10FAF0000546204602F0B3F900210746204602F0F1
:10FB0000A8F9814694F834000026C10600D50126E4
:10FB1000800601D546F002062046002102F0C3F916
:10FB2000A0F51C51D13904D1608C000501D446F0F8
:10FB30000406009706A84B462A46CDE90186616A6D
:10FB400004F0C2FD204603F04AF894F834004FF068
:10FB5000030B4FF6FF7A4FF0000800F00700022871
:10FB600004D003287ED001287DD0F4E10021204676
:10FB700002F04CF80604360C07D1204601F02AFBAF
:10FB8000FDF7B6F990FBFBF086B207A8FCF728FE5C
:10FB90004FF496700794ADF85CA00027149016906F
:10FBA000BDF81010BDF80C00BDF91820081A401C53
:10FBB00000B2904233DA00210F91801ACDE9101083
:10FBC000E84808900146204600E0C7E1FCF7F0FD58
:10FBD00039460A4620B190F84220016BC2F3400238
:10FBE000129888420FDD9DF85E00139120F001000D
:10FBF0008DF85E003AB140F002008DF85E00119978
:10FC00000F980F9111903046119A0F99FCF72EFE24
:10FC10001290159007A8FCF737FE012705E0D1499F
:10FC20002046FCF795FDA4F83080BDF81200BDF821
:10FC30000E10BDF91A20401A401C00B290427DDA25
:10FC4000002F7BD1821AB5F9080000210F91101AFC
:10FC5000CDE91010C448089001462046FCF7A8FDE5
:10FC6000394601E022E0C2E00A4620B190F8422085
:10FC7000016BC2F34002129888420FDD9DF85E00CE
:10FC8000139120F001008DF85E003AB140F00200BF
:10FC90008DF85E0011990F980F9111903046119ACE
:10FCA0000F99FCF7E3FD129015909CE0002120468F
:10FCB000642202F071F800210646204601F0A6FFFA
:10FCC00007043F0C07D1204601F084FAFDF710F934
:10FCD00090FBFBF087B207A8FCF782FDADF85CA0B3
:10FCE0004FF00009BDF81020BDF80C30BDF9181018
:10FCF000D01A0794401C00B2884233DA20222846EA
:10FD00001146FEF721FCBDF9181000EB4002CDE9C9
:10FD10000F9950184946404211909248119A089004
:10FD20003846FCF7A3FD8F4912902046FCF740FDB2
:10FD300000B1006B36B1306B139000E026E0F06B41
:10FD4000169009E01299814206DD13909DF85E003D
:10FD500020F001008DF85E0007A8FCF795FD4FF03C
:10FD6000010905E07F492046FCF7F2FCA4F8308049
:10FD7000BDF81200BDF80E20BDF91A10801A401C03
:10FD800000B2884202DAB9F1000F06D07649204667
:10FD9000FCF7DEFCA4F83280DDE0B5F90820002095
:10FDA0000F9010905018404211906F48119A0F997F
:10FDB00008903846FCF75AFD6B4912902046FCF734
:10FDC000F7FC00B1006B26B1306B1390F06B16900E
:10FDD00009E01299814206DD13909DF85E0020F043
:10FDE00001008DF85E0007A8FCF74EFDB3E0BDF8FA
:10FDF00012004FF0FF36BDF80E10411ABDF91A007F
:10FE0000491C09B2814209DAB5F90810884205DDBA
:10FE10005649606A09688847032801D8E6629AE073
:10FE2000BDF810002E22BDF80C10461A1146761CA3
:10FE30002846FEF789FB4844BDF80E10A0EB800071
:10FE40003044ADF80000BDF81200401A401C00B26A
:10FE5000ADF80200B5F90820D11990FBF1F301FBD0
:10FE600013018A42A0EB010004DCADF802002989ED
:10FE7000084400E0C01B6946ADF802002046FFF7C9
:10FE80001DFD8146606AE0F718FE394A0746606A40
:10FE9000494612689047374D019005E02A6801A94C
:10FEA000606A9047A9F101090198C01CB842F5D8D1
:10FEB000DFF8C4B00025019EAA46606A0199084493
:10FEC000DBF8001088472D4A284401A9C5B2606AB2
:10FED00012689047032D07D80198B84204D80AF158
:10FEE000010ABAF1030FE8D9616A2046274601EBFF
:10FEF000060AFFF74CFC042D12D9681C00F026F905
:10FF0000B86240B32A46514600F0F2F9B96A01F8E6
:10FF1000058097F8340040F0400087F834000BE08B
:10FF200097F834002A46514620F0400087F8340004
:10FF300007F1280000F0DCF92E210020626A331856
:10FF4000401C0328D154F9D3626AF61C09F103005E
:10FF500002F80680E062204602F0DAF919B0BDE846
:10FF6000F08F000021C8020827C8020808030124F6
:10FF7000FC02012400030124F4020124F8020124FC
:10FF80002DE9F0410446054690F8340000F00700E2
:10FF9000012823D1E96A481C20D0114AC91E686A89
:10FFA0001268904794F8341002460020490601D5A3
:10FFB000A16A06E004F1280103E00F5C401CF7543D
:10FFC000C0B26E6A1318F75C002FF6D1095C1044BA
:10FFD00031542046FFF7DBFB781EE862BDE8F08174
:10FFE000FC02012470B50D4619490446FCF7B0FB2C
:10FFF00018492046FCF7ACFB00202086022D6086C5
:020000040802F0
:100000000FD0032D0DD0042D0BD094F8340020F028
:10001000200100BF01F0070084F83410012805D04A
:100020000AE094F8340040F02001F3E7E06A401C55
:1000300002D02046FFF7A4FF94F8340065F30200D5
:1000400084F834002046BDE87040FFF739BD000059
:1000500021C8020827C8020870B50D46044602F000
:1000600057F905B9656A606AA84211D194F834104D
:1000700009070DD4E0F721FD411C606A00F01CF96E
:10008000606228BBF3F766FF606A002825D01FE096
:1000900038B194F83410090703D400F0E9F80021CE
:1000A00061622846E0F709FD401C00F04FF86062ED
:1000B00020B9F3F74FFF606A00280ED0606A294626
:1000C000E0F7D7FC94F8340020F0080184F83410ED
:1000D0002046BDE87040FFF7F3BC70BD70B5044624
:1000E00090F834000D46000705D4606A18B100F09E
:1000F000BFF80021616235B194F83410656241F0B7
:10010000080184F834102046BDE87040FFF7D8BCE1
:1001100030B58A42039C01DB904207DA8A4201DB58
:10012000884209DD8A4203DC904201DC204630BD72
:100130008A4203DC884201DB184630BDE41A451AC6
:10014000501A654395FBF0F0184430BD70B50500BA
:1001500010D00B4C0146606804F065F906000BD026
:10016000A0682844A060E168884200D80846E060A2
:10017000304670BD024870BDF3F7ECFEF8E70000B2
:10018000C802012470B5094D0026344655F83400E4
:1001900038B100F06DF805EBC40045F834608671A5
:1001A0008680641CE4B2102CF0D370BD70B70224BA
:1001B0002DE9F04105000BD0234C012600224FF021
:1001C000FF3000BF04EBC2018B79DB0703D014E0E2
:1001D0000020BDE8F0818988A9420ED305D104EB47
:1001E000C200867154F83200F3E7002804DB04EB08
:1001F000C0039B88994200D250B2521CD2B2102A3E
:10020000E0D3002805DB04EBC0018E7154F8300008
:10021000DFE7002704EBC7008079C00704D07F1C0C
:10022000FFB2102FF6D30CE054F83700294600F047
:1002300043F830B104EBC7018E718D8044F837006C
:10024000C7E7F3F787FEC3E770B70224074A002128
:1002500052F83130834204D102EBC1010020887191
:100260007047491CC9B21029F2D3704770B70224F5
:10027000094910B588420DD000280BD0064C014624
:10028000606804F09FF8A168814201D9081A00E073
:100290000020A06010BD0000C802012404484FF4F3
:1002A000004110B504F080F80249486010BD00001C
:1002B00000800024C802012410B539B10B4A9042D5
:1002C00008D1BDE810400846FFF740BFFFF7D0FF58
:1002D000064810BD0A4601460448406804F0B6F8D6
:1002E0000028F6D1F3F736FE002010BDC802012425
:1002F00030B500F00304034601F00305A54243D1E5
:100300004EE00C78203A1C704C785C708C789C70B5
:10031000CC78DC700C791C714C795C718C799C7197
:10032000CC79DC710C7A1C724C7A5C728C7A9C727F
:10033000CC7ADC720C7B1C734C7B5C738C7B9C7367
:10034000CC7BDC730C7C1C744C7C5C748C7C9C744F
:10035000CC7CDC740C7D1C754C7D5C758C7D9C7537
:10036000CC7DDC750C7E1C764C7E5C768C7E9C761F
:10037000CC7EDC760C7F1C774C7F5C778C7F9C7707
:10038000CC7F2031DC772033202ABAD805E000BFAB
:1003900011F8014B521E03F8014B002AF8D130BD71
:1003A000FCB1C4F1040405E011F8015B521E641EA7
:1003B00003F8015BACB1002AF6D112E00C68203AD8
:1003C0001C604C685C608C689C60CC68DC600C696C
:1003D0001C614C695C618C699C61CC692031DC6179
:1003E0002033202AEAD802E010C9121F10C3042AC1
:1003F000FAD804E011F8014B521E03F8014B002A11
:10040000F8D130BD002210F0030315D0C3F104036E
:1004100004E000BF491E5B1E00F8012B63B10029F8
:10042000F8D17047026042608260C260026142613E
:100430008261C261203020392029F3D801E0091FF0
:1004400004C00429FBD802E0491E00F8012B002952
:10045000FAD17047FF2310F003020BD0C2F104025F
:1004600004E000BF491E521E00F8013B12B10029F2
:10047000F8D170474FF0FF3209E0026042608260BD
:10048000C260026142618261C2612030203920294C
:10049000F3D801E0091F04C00429FBD803E000BF22
:1004A000491E00F8013B0029FAD170472DE9FF41B0
:1004B0000C46074601F084FF0646E00702D03846A6
:1004C00001F026FFF869E10740EA0400F86111D065
:1004D0000221384601F0BEFD60B1384600F0A8FEAA
:1004E000050007D0FEF734FA2846FEF7B1FA08B146
:1004F00001F00EFF384601F063FFB04202D114F064
:10050000C07F07D0384600F0D9FE01F06FFF3846B3
:1005100001F06CFFE0060CD502AA6946384601F0EE
:1005200015F86946384601F016FF02A9384601F071
:1005300012FFBDE8FF81028C11438A4201D002F014
:100540007FBE704710B504468068002818D10D485A
:100550004168491C41601C20FFF7F8FDA06020B9EC
:10056000F3F7F8FCA06800280AD01C21FFF74AFF27
:10057000A1680F204876A068017E41F00301017652
:1005800010BD0000440201242DE9FC410E46054641
:10059000012101F053FDE0BB284600F093FE044624
:1005A00000F018FE0746FCF7DBFCA0420ED03846F0
:1005B000FCF7DEFCA04209D03846FCF7C9FCA0429B
:1005C00004D03846FCF7BCFCA04237D14FF40024DD
:1005D0002846214601F039FD28BB2846ECF7ABFF41
:1005E00005F1140107466846FCF799F9BDF80000CB
:1005F000C01BADF80000BDF80200C01BADF8020042
:10060000BDF804003844ADF80400BDF806003844D5
:1006100000E013E031466A46ADF806000846ECF704
:1006200002FA00280BD0002331460122284601F0AF
:100630004CFC1CE0012101F001FD10B10020BDE8DF
:10064000FC812146284601F000FD80B9D5E905016D
:1006500000230122CDE900016946284601F035FC5E
:1006600031466A460846ECF7DEF90028E7D028460E
:1006700000F024FE051EDDD10120E0E72DE9F04168
:1006800000270D464022064601F086FB04B284B3E3
:1006900045223046294601F07FFBC0B2022834D9FA
:1006A00004EBD470012101EB60043046432229465B
:1006B00001F072FB204429460FFA80F830464122AF
:1006C00001F06AFB04B230464222294601F064FB85
:1006D00000B2002C01DD214600E06142002801DD6E
:1006E000024600E04242914206DD002C02DD204637
:1006F00005E00AE0604202E0002800DC404240449D
:1007000000B2002800DA384607462946304601F094
:10071000F5FA04000ED02946304601F0E3FA02282B
:1007200008D92946304601F0E3FA2044B84200DBFC
:1007300007463FB230466922294601F02DFB04B23C
:1007400030466A22294601F027FB00B2844200DCD1
:100750000446002C01DD381907B23846BDE8F081A7
:1007600070B55B220D46064601F016FBC4B230465A
:100770001622294601F010FB04B90124204670BD61
:100780002DE9F04100260D463649074600E0006895
:10079000B8B182690A42FAD08069C0F30F1080466E
:1007A000FFF7D4FC041E31D04146FFF72BFEC4E90D
:1007B00000756FF003074FF0010825B1A86878B302
:1007C00032E03046EBE7FCF78DFB05001AD0EA6813
:1007D000F2B1686A401C686281001046FFF76CFD48
:1007E000696AE86007EB81014450A6820020E68236
:1007F000FCF790FB401E20830020FCF7C7FB401E47
:10080000608323E02046FFF733FD0020BDE8F08140
:100810000420FFF79BFCE8600460C5F82480E4E74F
:10082000FFE72846FFF78EFEA868016881B141689E
:10083000491C4160A86889000068FFF73DFDA96870
:100840000860A968496807EB810144502046DDE74C
:100850000420FFF77BFCAA6810600460A868C0F859
:100860000480F3E7F0FF0F0070B5054601F0BEFD10
:10087000002000F057FA284603F02EFC284600F02E
:1008800070F8012000F04EFA4FF470214FF6FF721D
:10089000284602F0BBF9284602F0A1F9FEF7CCF891
:1008A000030007D0284601F07DFD18B129461846FF
:1008B000FDF7F5FF284600F001FD04000DD02221D0
:1008C0002A46FDF743FD23212A462046FDF73EFD3B
:1008D0002846BDE8704001F01BBD70BD7FB50C46D9
:1008E000064601F06DFD0546E0060CD502AA6946F4
:1008F000304600F02BFE6946304601F02CFD02A97F
:10090000304601F028FDF069E10720EA0400F061BB
:100910000ED0304601F0FCFC304601F051FD38B1FC
:10092000304600F0CBFC01F061FD304601F05EFD89
:10093000304601F045FDA84202D114F0C07F07D037
:10094000304600F0BBFC04B0BDE8704001F04EBD85
:100950007FBD028C22EA01018A4201D002F070BC04
:10096000704770B504680546206818B128602846AD
:10097000FFF7F7FF2C6020466268002A03D0294663
:10098000BDE87040104770BD2DE9F0414D680C4640
:10099000EDB1284600F0F8FC0646284600F0C0FD00
:1009A000002107461022284601F0F6F9E98A1222B2
:1009B0000844C01BE082411E28466183002101F0EB
:1009C000EBF9A98A0844801BA082411E2183002DD7
:1009D00041F20200E06106D043F20200C4F81C00BC
:1009E00043F20230E06140F0740040F40060E061E6
:1009F00002D040F40040E061BDE8F08101460448C7
:100A000010B5FFF7BDFE0446FFF72EFF204610BDD0
:100A1000C090030870B5054601F07AFC284600F046
:100A20004DFC0400284610D005F0A8FF204602F037
:100A300091FB002220462221FDF788FC2046BDE8DC
:100A4000704000222421FDF781BC00F0C3FB0400AC
:100A500007D02069A842284604D105F08FFF002066
:100A6000206170BDBDE8704005F088BF70B50C46D0
:100A70000846ECF79BF9002000F054F9144A0021D5
:100A8000204602F092F9012000F04CF900212046A6
:100A9000FBF75EFE204600F0CBFB10B12046FDF7D1
:100AA000F5FFA068002811D00068002518B1FFF7F5
:100AB000DFFBA0680560A068C06818B1FFF7D8FB2D
:100AC000A068C560A068FFF7D3FBA56070BD0000FB
:100AD000FFFF0F002DE9F047A2B08046FDF7F5FBC0
:100AE00006464046FDF72FFC122E04464FF0010744
:100AF0004FF0000566D0DFF81892152E72D0182E30
:100B00005DD14046FDF7E7FB824601462046F7F7F8
:100B1000E5FA0021204601F08EF800284FD002A807
:100B2000FCF71AFE8DF80B50002102AA20468DF822
:100B300022508DF832508DF83E5001F006FB002116
:100B4000204601F09EF900218046204601F093F9ED
:100B500004F1140106466846FBF7D8FEBDF8001004
:100B6000A1EB0800BDF80410ADF8000001EB08008F
:100B7000ADF80400BDF802005146801BADF802003C
:100B8000BDF806003044ADF8060010A800F0C2F829
:100B900002A8149068461D951A21CDF8449010AA19
:100BA000CDE912702046FDF7D1FB02A96A465046F6
:100BB000FCF7BEFD1B21204610AAFDF7C7FB22B0A3
:100BC000BDE8F0874046FDF7BCFB064600780228EA
:100BD000F5D000212046172201F0DEF818B10220DE
:100BE0003070ECE745E00B22AA462946204601F08A
:100BF000D3F80FFA80F92046002101F042F90021D4
:100C00008046204601F037F904F114010546684694
:100C1000FBF77CFEBDF800104A46A1EB0800BDF8CA
:100C20000410ADF8000001EB0800ADF80400BDF8B9
:100C300002006946401BADF80200BDF806002844DA
:100C4000ADF806007068EBF717FF68B10021204689
:100C500000F0EBFFFD2807D300212046602201F0C1
:100C60009BF8C0B2FD2801D23770A8E786F800A033
:100C7000A5E74046FDF72FFB804602A8FCF76CFD78
:100C80000021204600F0D7FF28B19DF82B0040F04E
:100C900001008DF82B000021204602AA01F055FA30
:100CA0000021204601F0EDF800210646204601F023
:100CB000E2F804F1140107466846FBF727FEBDF889
:100CC00000004146801BADF80000BDF80400304430
:100CD000ADF80400BDF80200C01BADF80200BDF87D
:100CE00006003844ADF8060010A800F013F802A87A
:100CF00014906846CDF844901A2110AACDE91250FC
:100D000020461D95FDF722FB02A96A4640464FE7A3
:100D1000C090030870B50D4604464821FFF772FBEA
:100D2000256070BD0149087070470000540201241D
:100D30002DE9FF4188460846FDF7C7FA04464046BC
:100D4000FDF7C7FA012C054623D0082C23D0032C2D
:100D50003ED02A2C3ED00D2C4CD00E2C7DD0092C10
:100D60007CD00A2C7BD00F2C7AD0292C79D0222C45
:100D700078D0242C77D0132C76D0152C03D0182CB7
:100D800001D0122C34D104B04046BDE8F041FFF749
:100D9000A1BE2021FAE02021FFF7DBFD4046FDF750
:100DA000ABFAFEF792FB002822D10821284601F079
:100DB00045F900281CD095F820004FF00101C0072C
:100DC000284602D0FFF7C5FD30E0FFF7B4FB2DE069
:100DD0002021F8E000F072F90024064606E0A86839
:100DE000006850F8240001F001FB641CB442F6D303
:100DF000BDE8FF81082101F021F9F8B14046FDF777
:100E0000A0FA0478132C06D0112C04D0142C07D08F
:100E1000122C05D008E001212846FFF78CFB03E0E7
:100E200001212846FFF795FD0A2CE1D004B02846A1
:100E300000221C21BDE8F041FDF788BA4FF40161A2
:100E4000284601F0FBF80028D2D0284601F09DFA90
:100E50000028CDD10027284607E06DE095E09AE014
:100E6000B0E0B5E0D1E0F2E0F6E000F08DFA064641
:100E7000284600F0E9FA04464046FDF762FA007899
:100E800012281BD011280CD013282BD01428AFD136
:100E9000284600F071FA800703D0002E38DC002CC1
:100EA00036DC284600F0C9F90446284600F046FB27
:100EB000E11704EB9171A0EBA1000BE0284600F0D4
:100EC000BCF90446284600F039FBE11704EB9171A8
:100ED00000EBA1003A4604B001B22846BDE8F0415B
:100EE00002F022B9284600F047FA8007E6D0002E2B
:100EF00001DC002CE2DD284601F09AF80446284681
:100F000000F015FBE11704EB917100EBA1000BE081
:100F1000284601F08DF80446284600F008FBE1174A
:100F200004EB9171A0EBA1003A4604B001B228464F
:100F3000BDE8F04102F0E2B84FF4806101F07EF8C4
:100F400018B10121284602F0BCF8284600F070F9DB
:100F5000FDF778FD02240646FEF792FA10B94046E6
:100F6000FDF7CAF9FEF7BDFA022801D0042800D126
:100F700006241EB144F00801284607E02146284611
:100F8000FFF7D9FA082128461DE0402104B0BDE84A
:100F9000F041FFF7D0BA4021FFF7DBFC284600F014
:100FA00003FE02287FF424AF02AA6946284600F017
:100FB000CDFA6946284601F0CEF902A9284601F08B
:100FC000CAF915E70E2104B0BDE8F041FFF7C1BC36
:100FD000002100F00FFE00210446284600F045FEE7
:100FE000204302D0284601F001FA284600F066F8B6
:100FF0000024064606E0A868006850F8240001F0C6
:10100000F5F9641CB442F6D3F2E60021012200F0A7
:10101000C3FE06B228460021042200F0BDFE04B241
:101020002846002100F0E6FD00210746284600F092
:101030001CFE384305D142F2D170864201D0844271
:10104000BFD104B02846BDE8F04101F0CFB9688CAB
:1010500040F002006884F4E70021FFF70FFB04B0C2
:1010600001464046BDE8F041FDF790B910B50C4689
:1010700000B96068006868B101690029FAD00021F0
:10108000E160026921469047217E0120C90700D016
:10109000002010BD012010BD8068002809D0002963
:1010A00002DA4268511803D443680A468B4201D8D9
:1010B00000207047006850F82200704780680028C0
:1010C00000D04068704770B50C46054600F1140129
:1010D0002046FBF724FCA868002812D0808A2188CB
:1010E000081A2080A968A088898A0844A080A96875
:1010F0006088898A401A6080A968E088898A0844E3
:10110000E08070BD70B50C460546002100F09BFDE7
:1011100006462146284600F057F8704202B22046A3
:101120001146FBF744FC0021284600F005FE21880B
:10113000084420800021284600F010FEA188081AEB
:10114000A0800021284600F01BFE618808446080D2
:101150000021284600F0DEFDE188081AE08070BD1D
:1011600070B50021044600F00BFE00210546204624
:1011700000F0D0FD00210646204600F064FD024646
:10118000204600F05AF8401B5142801B00EB410002
:1011900000B270BD70B50021044600F0CDFD002105
:1011A0000546204600F0DAFD00210646204600F004
:1011B0004AFD0246204600F03BFF401B5142801B87
:1011C00000EB410000B270BD0A4600F11401104668
:1011D000FBF7A5BB10B5416809B100F073F80446F0
:1011E0000A48ECF7CAF80EE0426A002105E0C3683D
:1011F00053F82130A34208D0491C8A42F7D801464F
:101200000248ECF7CCF80028EED110BDF0B602246D
:101210008068002805D0827E02F03F028A4201D811
:1012200000207047C06801EB410100EB810070476E
:101230008068002800D080687047418BC08A081AF7
:10124000401C00B2704770B5064600F037F8050044
:1012500001D000240AE0002070BD21462846FFF797
:101260001BFFB04201D1204670BD641C2846FFF729
:1012700025FFA042F1D84FF0FF3070BDF0B4468C8E
:1012800004250024C6F3051613E000BFC76805EB6C
:10129000C40C57F80C705FEAC71C09D527F07F47CC
:1012A0009F4205D1C06850F83400F0BC02F0FABC8F
:1012B000641CA642EAD8F0BC00207047002800D089
:1012C0004068704700B50146FFF7F8FF0028FAD1E3
:1012D000084600BD2DE9F047DFF8948006464446F5
:1012E000FFF7ECFEDFF88CA0002507460EE0B068A3
:1012F0005146006850F82500814600F0A6FE20B94E
:10130000B9F91A00A04200DB04466D1CBD42EED3C1
:101310000021304600F03AFD00218146304600F0C1
:10132000FFFC00210746304600F093FC444505468B
:1013300004D0708BC01B401B201A04B2304600F052
:101340003BFC80463046FFF778FF6942A0EB09007E
:10135000C01B00EB41013046A8EB010100F0EEF8A4
:10136000081A00B2844200DD2046BDE8F087000084
:1013700001E0FFFF01000400806818B1407E00F02A
:101380000F0070470F2070472DE9F84F00210646E7
:1013900000F045FC012807D0B068002802D0008A80
:1013A000404200B2BDE8F88F0021304600F0DCFC7E
:1013B00000210090304600F0C5FC002181463046F7
:1013C00000F047FC41F6FF7A804654463046FFF76E
:1013D00075FE002507460EE0B0681949006850F810
:1013E0002500834600F031FE20B9BBF91400A0426D
:1013F00000DC04466D1CBD42EED3544506D0B28AD3
:1014000009EB08001044001B04B200E00D4C30460C
:1014100000F0E0FB0546304600F00AFE0099C8F1F6
:101420000002411AA1EB090000EB4200291A3046E4
:1014300000F07DF8084400B28442B3DD2046B1E7F5
:101440000100040001E0FFFF2DE9F04700210646FE
:1014500000F0E5FB01280AD0DFF8A08030464446C2
:10146000FFF72CFEDFF898A00025074615E0B068CE
:10147000002801D0B0F91000BDE8F087B0685146EF
:10148000006850F82500814600F0DFFD20B9B9F969
:101490001800A04200DB04466D1CBD42EED30021C3
:1014A000304600F061FC00210746304600F04AFC5F
:1014B00000218146304600F0CCFB4445054604D06F
:1014C000308BC01B401B201A04B2304600F082FB58
:1014D0008046304600F0ACFDC11B6A42A1EB09001A
:1014E00000EB42013046A8EB010100F020F8081A99
:1014F00000B28442C0DD2046BEE7000001E0FFFFED
:10150000010004008068002802D0007EC0F3810042
:1015100070478068002802D0007EC0F30110704739
:101520008068002802D0408A404200B2704780683C
:10153000002802D0008A404200B27047806800282C
:1015400002D0408A404200B2704700002DE9F04FBF
:1015500091B0164600220C464FF0FF3705463B4639
:10156000114620460097FBF73EFA00223B46114603
:1015700030460097FBF737FA1021284600F05EFD51
:10158000002816D0284600F00FFB070011D00020DD
:10159000FDF77CFF022F804608D010E0FDF795FF95
:1015A000A84209D04046FDF771FF8046B8F1000F10
:1015B000F4D111B0BDE8F08FB8F1000FF9D0284692
:1015C000FFF7AEFF05902846FFF784FE0A902846F5
:1015D000FFF7DAFE09902846FFF736FF0890284605
:1015E000FFF7CAFE10F00C0F81464FF000000B9081
:1015F00014D0012F10D0032F02D0022F07D00DE0FE
:101600000598002808DC0A98002805DC06E040461A
:10161000FDF74CFF0C2801D101200B905FEA897186
:101620004FF00000079014D0012F10D0032F02D0EC
:10163000022F07D00DE00998002808DC0898002840
:1016400005DC06E04046FDF731FF032801D101200B
:1016500007900B9907980843ABD04FF48037284682
:10166000394600F0DCFA012800D0002039460E90FF
:10167000284600F08BFB39460490284600F050FBCA
:1016800039460F90284600F05DFB804639462846D3
:1016900000F06AFB012281462846394600F07CFBB7
:1016A0000FFA80FB2846FFF7C8FD0090284600F09F
:1016B000BFFC02900B9800B158460799824609B1C9
:1016C000584600E00020394621221090284600F0BC
:1016D00063FBC0B2022808D231223946284600F006
:1016E0005BFBC0B20228FFF464AF05994FF0A0077E
:1016F000009801440B9800280A98084400B20B9007
:1017000070D00028FCD0E98A0E9871800028688B80
:10171000F08008D0AA8AABF1010102EB080030800A
:101720000144B18007E0298BA1EB0900B080A0EB58
:101730000B01491C318004990098411A0F98091A2D
:101740001098081A00990C9048430B9990FBF1F0FF
:1017500000B205900020FBF7CBFB00EB800150208E
:1017600000EB4100B0F5A07F0ADB0020FBF7C0FBD7
:1017700000EB8001502000EB410090FBF7F000E00F
:1017800001200599884201DA084616E00020FBF79F
:10179000AFFB00EB8001502000EB4100B0F5A07FD3
:1017A0000ADB0020FBF7A4FB00EB8001502000EBDC
:1017B000410090FBF7F000E00120009A0B9900B285
:1017C000891A0AB20C99091A09B2002A0BDCE98AB3
:1017D000049808447080698B0F98091A1098081AA9
:1017E000401EF08090E00A9B401E11FB03FCEB8A38
:1017F0009CFBF2F2891A049A1144194409B27180CF
:101800000844F080B5F9162004981044814238DA73
:1018100070800020FBF76CFB00EB8001502000EB98
:101820004100B0F5A07F0ADB0020FBF761FB00EB75
:101830008001502000EB410090FBF7F000E0012018
:10184000B6F90210B6F906200844904219DD0020CE
:10185000FBF74EFB00EB8001502000EB4100B0F5A0
:10186000A07F0ADB0020FBF743FB00EB8001502048
:1018700000EB410090FBF7F000E001207188084484
:10188000F080B5F91A201098B6F90610121A0F98C0
:10189000101A814238DDF0800020FBF729FB00EBB5
:1018A0008001502000EB4100B0F5A07F0ADB002052
:1018B000FBF71EFB00EB8001502000EB410090FB8A
:1018C000F7F000E00120B6F90610B6F90220081A78
:1018D000904219DA0020FBF70BFB00EB800150204F
:1018E00000EB4100B0F5A07F0ADB0020FBF700FB16
:1018F00000EB8001502000EB410090FBF7F000E08E
:101900000120F188081A708009990298014407980B
:1019100000280898084400B200903FF44AAE00281E
:10192000FBD0698B0F98081A0299E080A1EB08029E
:10193000A0EB0B01A2EB0902A2EB0A00029A0490B1
:10194000491C6180A98A50432180009990FBF1F1E4
:10195000288BA08008B203900020FBF7C9FA00EBA7
:10196000800050264FF4A07B06EB4000584509DB71
:101970000020FBF7BDFA00EB800006EB400090FB77
:10198000F7F000E001200399884201DA084613E0ED
:101990000020FBF7ADFA00EB800006EB4000584555
:1019A00009DB0020FBF7A4FA00EB800006EB400007
:1019B00090FBF7F000E00120029A009900B2891A2A
:1019C0000AB20499091A09B2002A18DC0E9850B11B
:1019D000AA8AAAF1010002EB080108442080298BA1
:1019E000A1EB090009E0A98A01EB08002080298BFE
:1019F000A1EB0901A1EB0A00401EA080D9E5089BDC
:101A000011FB03FC0E9B9CFBF2F2A1EB020109B25D
:101A1000EBB3AB8A08EB0A02401E1944114409B229
:101A200021800844A080B5F914001044884233DDB9
:101A300020800020FBF75CFA00EB800006EB400002
:101A4000584509DB0020FBF753FA00EB800006EB5A
:101A5000400090FBF7F000E00120B4F90010B4F969
:101A600004200844904217DD0020FBF741FA00EB08
:101A7000800006EB400058450ADB0020FBF738FAEF
:101A800000EB800006EB400090FBF7F001E03AE04D
:101A9000012021880844A080B5F91820B4F9041069
:101AA00078E0A0800020FBF723FA00EB80005D4681
:101AB00006EB4000A84273DB0020FBF719FA00EBAD
:101AC000800006EB400090FBF7F000BFB4F9041073
:101AD000B4F90020081A904290DA0020FBF708FAC7
:101AE00000EB800006EB4000A8425BDB0020FBF728
:101AF000FFF900EB800006EB400090FBF7F0A188B7
:101B0000081A208055E5AA8A4144401E114409B2B2
:101B100021800844A080B5F9142002EB080081421E
:101B200032DA20800020FBF7E3F900EB800006EBBF
:101B30004000584509DB0020FBF7DAF900EB800094
:101B400006EB400090FBF7F000E00120B4F9001034
:101B5000B4F904200844904216DD0020FBF7C8F9D0
:101B600000EB800006EB4000584509DB0020FBF746
:101B7000BFF900EB800006EB400090FBF7F000E0BF
:101B8000012021880844A080B5F91820B4F9041078
:101B9000A2EB0A02A2EB0900814282DC09E5FFE721
:101BA000012093E70120AAE7806818B1007E00F0C9
:101BB0000300704703207047054908B56A46496825
:101BC00000912C21FCF7C2FBBDF9020008BD00000A
:101BD000DC900308054908B56A46096800912C2184
:101BE000FCF7B4FBBDF9000008BD0000DC90030861
:101BF000008C7047092210B500F0CEF8C0B210BDBD
:101C0000092210B500F0C8F8C0B210BD662200F07D
:101C1000C3B8162210B500F0BFF8C0B210BD16222E
:101C200010B500F0B9F8C0B210BD212210B500F017
:101C3000B3F8C0B210BD342210B500F0ADF80028E2
:101C400000D0012010BD322210B500F0A5F800B27E
:101C500010BD322210B500F09FF800B210BD042272
:101C600010B500F099F800B210BD0A2210B500F0CE
:101C700093F880B210BD0A2210B500F08DF880B242
:101C800010BD602210B500F087F8C0B210BD70B56D
:101C90000E460546FFF7F5FF02281BD9FD284FF039
:101CA000FF0402D2C0EB0020040A0EB1002603E0BC
:101CB0002846FFF703FB054655B131462846FFF796
:101CC000E0FF022806D9FD28F2D24443240AEFE7B8
:101CD000022C01D8002070BDFD2C01D3FF2070BD67
:101CE000204670BD372210B500F056F8C0B210BDC6
:101CF000382210B500F050F800B210BD352210B5F2
:101D000000F04AF800B210BD112210B500F044F8FE
:101D100000B210BD112210B500F03EF800B210BDA7
:101D2000112210B500F038F800B210BD122210B523
:101D300000F032F800B210BD122210B500F02CF8FD
:101D400000B210BD122210B500F026F800B210BD8E
:101D5000132210B500F020F800B210BD132210B508
:101D600000F01AF800B210BD132210B500F014F8FC
:101D700000B210BD102210B500F00EF800B210BD78
:101D8000102210B500F008F800B210BD102210B5F6
:101D900000F002F800B210BD2DE9F843884606466F
:101DA00001211446104602F095F80025074615E07B
:101DB0006B46224641463046F7F7ACFA0128054605
:101DC00027D07FB1022D05D0B8F1000F02D04FF01F
:101DD000000803E03046FFF771FA0646002EE7D10F
:101DE000012D16D0B8F1000F03D1012C05D0042C21
:101DF00003D0204602F004F80AE031680FE0012C1D
:101E00000AD0C88A50B161B1012C0CD0B1F91600CA
:101E100000900098BDE8F883888AF3E709680029F4
:101E2000EDD10020F4E7B1F91400F1E770B55522C7
:101E30000C460546FFF7B0FF024621462846BDE89E
:101E40007040EBF7A8BB5722FFF7A6BF5722FFF75A
:101E5000A3BF582210B5FFF79FFF00B210BD592253
:101E600010B5FFF799FF00B210BD6E2210B5FFF755
:101E700093FF00B210BD6A2210B5FFF78DFF00B2CC
:101E800010BD692210B5FFF787FF00B210BD6D22AB
:101E900010B5FFF781FF00B210BD012210B5FFF7AA
:101EA0007BFF00B210BD012210B5FFF775FF00B235
:101EB00010BD072210B5FFF76FFF00B210BD08225A
:101EC00010B5FFF769FF00B210BD2DE9FF410746CD
:101ED00008880C461D46ADF8000016464888ADF847
:101EE00002000888ADF80400C888ADF806008888AC
:101EF000ADF8080048886946ADF80A00A088ADF83A
:101F00000C00E088ADF80E00384601F00EFB01A988
:101F10002B463246384601F008FB02A92B463246D2
:101F2000384601F002FB03A92B463246384601F041
:101F3000FCFABDF90030BDF90400834201DA1D4608
:101F400000E00546BDF90810BDF90C20914201DA08
:101F50000E4600E01646B54205DA834201DA1A461B
:101F600004E0024602E0914200DA0A462280BDF90E
:101F70000030BDF904108B4201DD1D4600E00D4626
:101F8000BDF90800BDF90C20904201DD064600E0D5
:101F90001646B54205DD8B4201DD1A4604E00A46CD
:101FA00002E0904200DD0246A280BDF90230BDF998
:101FB0000620934201DA1D4600E01546BDF90A10DD
:101FC000BDF90E00814201DA0E4600E00646B54238
:101FD00005DA934201DA184604E0104602E0814235
:101FE00000DA08466080BDF90230BDF906108B4268
:101FF00001DD1D4600E00D46BDF90A00BDF90E20C9
:10200000904201DD064600E01646B54205DD8B42F2
:1020100001DD184604E0084602E0904200DC10466C
:10202000E080052220461146FAF7C1FCBDE8FF8199
:10203000018B808A081A401C00B27047C069814336
:1020400001D00020704701207047C069084000D0CF
:1020500001207047008C084000D0012070477FB5F8
:102060000D4606460221FFF7E9FF002820D0802117
:102070003046FFF7EFFFE8B902A93046FFF723F833
:102080000022294602A8EAF767FD040012D04FF4A7
:1020900080313046FFF7D2FF70B101206A4611212E
:1020A00000958DF804003046FCF750F99DF80400C7
:1020B00004B070BD0020FBE72046F9E7F8B51446F0
:1020C0000D4656220646FFF767FEC0B2A0760228EC
:1020D00007D929463046FFF7DAFD022802D800204A
:1020E000A076F8BDFD2804D2A17E11FB00F0000A05
:1020F000A076A07E0228F4D929463046FFF796FE46
:1021000000905822BDF800002946A0813046FFF714
:1021100043FE59222946A0823046FFF73DFE5A224F
:10212000294660823046FFF737FEA17F60F3020147
:102130003046A1772946FFF786FE5B2229462060BC
:102140003046FFF729FE2077F8BDF8B514460D4656
:102150000646FFF79CFD07465DB1022F09D8002017
:10216000E070A07684F8220084F82A0084F8360013
:10217000F8BDE078B0B1212230462946FFF70CFEC9
:10218000C0B2E07002280DD9202229463046FFF760
:1021900003FE024629463046EBF7FDF90090BDF8F4
:1021A0000000A080322230462946FFF7F5FD00B23C
:1021B000208428B394F8220010B3312230462946F7
:1021C000FFF7EAFDC0B284F82200022818D93022B5
:1021D00029463046FFF7E0FD024629463046EBF738
:1021E000DAF900903322BDF800002946E08330463A
:1021F000FFF7D2FD94F8231060F3450184F8231013
:1022000029463046FFF77AFDE084E8B194F82A00C9
:10221000D0B129463046FFF765FD022884F82A0030
:1022200012D929463046FFF763FD3622294620851C
:102230003046FFF7B1FD024629463046EBF7ABF9D1
:102240000090BDF80000A084A07E80B32822304614
:102250002946FFF7A1FD206148B3292230462946CF
:10226000FFF79AFDC0B2A076022820D92069FDF7B9
:10227000B8F802283ED02A2229463046FFF78CFDC6
:10228000024629463046EBF786F900902B22BDF82E
:102290000000294620833046FFF77EFD2C22294688
:1022A000E0763046FFF778FD00B101202077FD2F62
:1022B000BFF45EAFE278A57E94F8223094F82A004D
:1022C00012FB07F294F8361015FB07F513FB07F322
:1022D000160AE67010FB07F02A0AA27611FB07F136
:1022E0001B0A84F82230000A84F82A00090A84F8BC
:1022F0003610F8BD29463046FFF7A5FD2946606136
:102300003046FFF793FD0090BDF800002083CEE734
:102310007CB50546EBF70FF905F114010446684654
:10232000FAF7FDFABDF800006946001BADF80000A1
:10233000BDF80200001BADF80200BDF80400204407
:10234000ADF80400BDF806002044ADF806002846AC
:1023500000F001F87CBD7CB50C460546FEF73AFF5F
:10236000FAF72AFE00280FD021466846FAF7D7FA76
:1023700069462846FEF708F9002805D02846FEF7EA
:1023800029FF6946EAF778FF7CBD0068002808D07D
:10239000017E8907F9D0007E00F00300012800D0FB
:1023A000002070470068002809D0017E11F00C0F52
:1023B000F8D0007EC0F38100012800D000207047D3
:1023C00010B509490446FFF740FE08B1002010BDD2
:1023D0002046FEF773FF0028F9D00021FFF74BFCE1
:1023E0000028F4D0012010BD0100060010B5418C7A
:1023F00041F001014184FEF765FF418C41F0040189
:102400004184FEF7E7FE4068002803D0BDE8104095
:1024100001F07ABF10BD00002DE9F047994617463C
:1024200088468246FEF74AFE0025064624E000BFA5
:10243000DAF80810B9F1000F086850F8254005D007
:102440004FF480212046FFF7F9FDA0B9A38A628BE3
:10245000E18A03EB0800B4F818C03A44A082CB1913
:10246000E3820CEB0801218300234146204662836E
:102470003A46FFF7D1FF6D1CB542D9D3BDE8F087CE
:102480002DE9FF47456816460F4604469DB30021D7
:102490002846FFF751FC002180462846FFF770FCD4
:1024A0004FF4802181462046FFF7C8FD48B1A98A34
:1024B00007EB0803EA8A06EB090019440FB210443F
:1024C00010E02846FFF733F8AA8A02EB0801081A41
:1024D000384407B22846FFF731F8EA8A02EB0901CF
:1024E000081A304406B228460021FFF7ACFB391821
:1024F00030440FB206B2A08AE18A381A711A06B2C5
:102500000FB20EB9002F40D02046FFF701FF02A9FD
:102510002046FEF759FE4FF0000875B1694628467F
:10252000FEF7F0FD0022694602A8EAF7A5FA5FEA85
:10253000000802D1284600F00DFEA08A628BE38AD3
:102540003044218B3A44A0823B44E38231442183CE
:1025500000233146204662833A46FFF75DFF8DB186
:10256000222122462846FBF7F1FE2046FFF7D0FE47
:102570000022694604F11400EAF77EFAB8F1000F70
:1025800007D104E02046FFF7C3FEBDE8FF8700281F
:10259000FBD0284600F0DEFDF7E72DE9F0410D46BF
:1025A0000646FEF7B6FFA0B93046FEF7B9FF04466F
:1025B0003046FEF78FFE00280BDA002C09DD404282
:1025C000844200DB04462B4622B23046002100F054
:1025D00069FC3046FEF796FF002825D13046FEF70D
:1025E000D3FE04463046FEF72FFF00210746304653
:1025F000FFF715FB01280BD0002F15DA002C13DD97
:102600007842844200DB04462B4621B2002206E0D9
:10261000002C09DA002F07DD00222B462146304628
:10262000BDE8F04100F03EBCBDE8F0812DE9F04787
:1026300086B08946866802A904464846FEF7C4FD6E
:102640004846EAF778FF0146024602A8FAF7AFF9D2
:1026500002AA314604A8EAF7E6F94FF400250DF185
:10266000100A20B929464846FFF7E8FC98B1142122
:102670004FF0010822464846C4F808A0FBF766FE62
:10268000152122464846FBF761FE162122464846A0
:10269000FBF75CFE01E04FF0000829464846FFF7D3
:1026A000CDFC20B1306800907068019006E009F11F
:1026B000140231466846EAF7B6F990B14846C4F8C4
:1026C00008D0FEF7FBFC0025074608E0D9F8080013
:1026D000006850F82510204608F032FF6D1CBD42FE
:1026E000F4D3B8F1000F10D0172122464846C4F8A1
:1026F00008A0FBF72BFE182122464846FBF726FED2
:10270000192122464846FBF721FEA66006B0BDE827
:10271000F0872DE9F14F82B00298FFF751FE0028B3
:102720007CD10298FEF7CAFD009000210298FFF7C5
:10273000C0FB002182460298FFF7C1FB06460098C5
:1027400068B1FEF727FD81460098FEF709FD0546B2
:102750004FF0640BCAF34130012803D012E0324637
:102760005146A4E02AF4C040B0F5FA6F0ADCB0F597
:102770007A7F01DDC0F57A7000FB09F090FBFBF079
:102780000FFA80FAC6F3413001280DD126F4C0407B
:10279000B0F5FA6F08DCB0F57A7F01DDC0F57A702C
:1027A000684390FBFBF006B2029800216B22FFF712
:1027B000F3FA07B2029800216C22FFF7EDFA02B299
:1027C0000298FFF735FC80460298FEF736FD044676
:1027D000C7F3413001280ED127F4C040B0F5FA6F9D
:1027E00009DCB0F57A7F01DDC0F57A7000FB08F0F6
:1027F00090FBFBF007B2C2F3413001280DD122F467
:10280000C040B0F5FA6F08DCB0F57A7F01DDC0F5A5
:102810007A70604390FBFBF002B200E05AE0B1181E
:102820000AEB07000FB206B202980021FFF7E8F9A1
:1028300050B1012839D0801E082836D2DFE800F0D8
:102840000B1320242E183D4000980021FFF7E1F9DA
:10285000012808D029E009EBD97108EBD87049109C
:10286000A1EB600001E0A9EB0800304406B21CE0D7
:1028700005EBD57004EBD4714010A0EB610000E0D3
:10288000281B384407B210E009EBD97108EBD87067
:102890004910A1EB6000304406B2F1E7291BA9EB17
:1028A00008003044394406B20FB231463A46029825
:1028B00003B0BDE8F04FFFF7E3BDA9EB080006E069
:1028C00009EBD97108EBD8704910A1EB60003044D6
:1028D00006B2CDE7BDE8FE8F2DE9F04F0446408CEF
:1028E00087B0010501D540057ED42046FEF7E6FC01
:1028F0005FEA000878D02046FEF746FD01900026EA
:10290000608C4FF4FA6B42F2D17A000503D5204671
:10291000FFF78EFB5DE000212046FFF7BEFA504531
:10292000054601D1012600E00026C5F3413001280B
:1029300005D125F4C040584501DC012000E000200D
:1029400081464046FEF726FC074626B12046F0F7B2
:10295000E5FD05462BE0B9F1000F28D0B8F82200BC
:10296000000518D400214046FFF797FA504512D1D0
:1029700000212046FFF767F9002105462046FFF7B2
:10298000DBF900EB050920460021FFF7E7F94119C3
:1029900001EB09000AE025F4C040B0F57A7F01DDC3
:1029A000C0F57A707843642190FBF1F005B22046BF
:1029B00000210222FFF7F0F90FFA80F920460021EA
:1029C0000322FFF7E9F902B23B4649462846FAF7E7
:1029D0006FF807462046FEF7A3FD00904FF0000970
:1029E000618C480505D500E06CE02046FEF725FC2B
:1029F00054E000212046FFF732F9A0F51C510546AE
:102A0000D13907D05FF00000C5F34131814601297B
:102A100002D007E00120F7E725F4C040584501DC6B
:102A2000012000E0002083464046FEF799FBB9F103
:102A3000000F824604D02046F0F7FEFC05461BE05E
:102A4000BBF1000F18D0B8F82200400507D40021D0
:102A50004046FFF704F9A0F51C51D13936D025F4D2
:102A6000C040B0F57A7F01DDC0F57A70642100FBCB
:102A70000AF090FBF1F005B2204600210522FFF795
:102A80008BF90FFA80FB204600210622FFF784F91C
:102A900002B2534659462846F9F7D4FF56EA0906CA
:102AA000054605D000232046DDE9002100F0FBFAB1
:102AB0002046FFF7BDFAB8421BD12046FEF7BDFB0A
:102AC000A84216D1002007B0BDE8F08F00212046B3
:102AD000FFF7B9F8002105462046FFF751F900EB52
:102AE000050B20460021FFF715F9411901EB0B00FA
:102AF000C1E72046FFF70CFC02A92046FEF764FB65
:102B000004A94046FEF7FEFA002204A902A8E9F74C
:102B1000B3FF060002D1404600F01CFBE08A6D1EA8
:102B20000021284460832046FFF773F801281CD059
:102B3000A08A7F1E384420832921204602AAFBF761
:102B400005FC222122464046FBF700FC2046FFF709
:102B5000DFFB608C002204A940F00200608404F1D5
:102B60001400E9F789FF36B904E0208BC01B401C34
:102B7000A082E1E710B1404600F0ECFA204600F0F8
:102B800002F801209FE738B50446EAF7D4FC054671
:102B90006A460020ADF8000013212046FBF7D6FB63
:102BA000BDF90000A84202D02046FFF7B1FBA068A3
:102BB00018B1BDF80010C18209E0BDF8000030B1C5
:102BC0002046FDF7BFFCA168BDF80000C882BDF932
:102BD0000000A84202D02046FFF79AFB38BD70B52E
:102BE00000210546FFF759F9002104462846FFF762
:102BF00036F842F2D172944203D0904201D00020C4
:102C000070BD2846FFF7F2FB012070BD2DE9F84F9B
:102C100004464D4890460D46007800286FD0204667
:102C2000FFF776FB0421404605F47F0501F052F9D9
:102C300002210646404601F04DF9012181464046F9
:102C400001F048F910210090404601F043F9074691
:102C50004FF6FF7BEEB1B5F5702F12D08DB100218C
:102C600020460422FFF798F800B242F2D17A50458C
:102C700007D0002120460122FFF78EF800B2504510
:102C800044D1002220462A21FBF760FB2046FFF7B3
:102C9000ADFB4FF4702A554500D07DBBD84500D020
:102CA0002EB12046FEF70AFB08B1FFF79FFB554502
:102CB00000D01DBB17B3002120466E22FFF76CF831
:102CC00000B240B9002120466D22FFF765F800B23E
:102CD000B0F5807F01D002270AE000212046612262
:102CE000FFF75AF8C0B2FF2801D0012700E0002703
:102CF000A06828B1817E67F38711817606E020E025
:102D000027B12046FDF71EFCA068F3E75F46B845F3
:102D100002D0B9F1000F02D02046FFF734FF204661
:102D2000FFF7F6FAB84504D0009949EA06000842D0
:102D300007D0B5F5803F04D02046BDE8F84F08F035
:102D4000E1BDBDE8F88F0000540201242DE9F041F7
:102D50000446408C15460E4604220021C0F305109F
:102D60000BE000BFE36802EBC107DB59DF0103D5CD
:102D700023F07F43AB4202D0491C8842F2D88842FC
:102D800002D10020BDE8F081E06850F83100314602
:102D900001F0A8F828B1324629462046FFF736FF51
:102DA00001E00028EED00120ECE72DE9F05F4FF6BE
:102DB000FF7A05461FFA82F856460F0002F47F0993
:102DC00002D0F87900B900260024214658E0EA68CC
:102DD000042000EBC40BD04552F80B0083B2C0F3C3
:102DE000074C4FEA0C4C01D0434509D1B9F5702F7F
:102DF00001D0CC4504D12FB152F83420BA4201D0D1
:102E0000641C3DE0800105D5002352464946284612
:102E10000AF062FCE86850F80B10CA0101D489017D
:102E20000CD550F8340001F0BEF8E86850F83400D2
:102E3000FDF71EFAE968002041F834000823204617
:102E40000AE0E96803EBC0020A4401EBC001401C40
:102E5000D2E900C2C1E900C2698CC1F30511491E63
:102E60008142EED8688C0109491E61F3091068841B
:102E7000C0F30511E868C900FDF71EFA0121E860FA
:102E8000688CC0F30510A042A1D8002908D0002EFC
:102E900006D0324649462846BDE8F05FFFF7B6BE89
:102EA000BDE8F09F2DE9F04116460D4692B0074669
:102EB00051EA06007AD0012B1DD03E493846F9F779
:102EC00047FC3D493846F9F743FC002238460921C2
:102ED000FBF73CFA012869D1324629463846EAF721
:102EE00036FB012862D112B0384600220A21BDE823
:102EF000F041FBF72BBA3846FEF76CF9804668467E
:102F0000F9F76EFC2D484FF4C874009703902DB369
:102F10004046F9F7FFFF40102A460021F9F7A6FCCA
:102F2000C82801D2C82002E0A04200D920460B9058
:102F30003846FEF7FCFA291A6A4640420890CDE965
:102F400009011D48092101901D4807903846FBF7EB
:102F5000FDF901282AD16846F9F796FC002E25D004
:102F60004046FAF713F8401032460021F9F77EFC8C
:102F7000C82801D2C82002E0A04200D920460B9008
:102F80003846FEF7DBFA311A6A4640420890CDE92E
:102F90000901084809210190094807903846FBF7C4
:102FA000D5F9012802D16846F9F76EFC12B0BDE8E8
:102FB000F0810000C3C30208ABC3020895C0020839
:102FC00015C801082DE9F047154699460C4682467A
:102FD00051EA050065D0504600F0D6FA5046FEF79B
:102FE000A6FA40420FFA80F808EB040004B25046FB
:102FF0000021FEF714FE012813D0002C13DC25DA83
:103000005046FEF7C1F906465046FEF71DFA304419
:1030100000B2002800DA00204042844216DA04B2EE
:1030200014E0002C02DA4FF000040FE00EDD5046F1
:10303000FEF7AAF906465046FEF706FA304400B2FB
:10304000002800DA0020844200DD04465046FEF7E6
:1030500075FA404206B2701905B2002D02DD4FF03C
:10306000000510E00FDA5046FEF75AFA07465046C0
:10307000FEF730F9384400B2002800DA0020404260
:10308000854200DA05B2AA1BA4EB080001B212B215
:1030900051EA020005D04B465046BDE8F047FFF725
:1030A00001BFBDE8F08770B51D46164604461A46B6
:1030B00000F024F82A4631462046BDE8704000F072
:1030C00033B8F8B50E46044600F05EFA00200090D2
:1030D0002046FEF7F3F804F1140705460AE03346EC
:1030E0006A462146384608F0DBFF2C462046FEF7AC
:1030F000E5F80546002DF2D1F8BD000070B5144684
:103100000D4608490646F9F723FB3046FEF70FFA4D
:10311000401B234601B23046BDE870400022FFF755
:1031200051BF0000ABC3020870B514460D460849F4
:103130000646F9F70DFB3046FEF700FA401B234622
:1031400002B23046BDE870400021FFF73BBF0000EF
:10315000C3C302081FB502AA04466946FEF7F6F982
:103160006846F9F709FC20B902A8F9F705FC002820
:1031700010D06846F9F700FC18B169462046FFF701
:10318000EAF802A8F9F7F8FB002803D002A92046C4
:10319000FFF7E1F81FBD38B500230C4604210546B2
:1031A0006A46FEF76BF8012807D0002804D10022F8
:1031B0002146284600F03EF938BD0098A042F6D1DD
:1031C00038BD2DE9F04115460C461F460646194606
:1031D000F6F700F82A46214600F0FAFE2246394664
:1031E0003046BDE8F041FFF711BD70B51546044605
:1031F00000F06AF929462046BDE8704000F07AB92F
:1032000070B50C460546FDF79DF9A868017E01F0F2
:103210000302A24207D064F3010101762846BDE80B
:103220007040FFF775B870BD70B51546044600F0E4
:1032300035F929462046BDE87040FFF7ACBF0000D5
:103240002DE9F34F8FB08246008C109988427DD0D3
:1032500004905046AAF82010109A0499EAF75EFAF2
:103260005FEA000872D04FF420742046FCF7A0FFFC
:1032700021460290FDF7C6F80024204672E000BF08
:10328000DAF80C00042202EBC90500EBC9010D912C
:10329000405920F07F4000F046F90090DAF80C0029
:1032A000405920F07F4000F03BF9069010990098BB
:1032B000884355D10D984068800151D40D986721FD
:1032C0000AAA006800F0F0FC012849D10A9D0027F5
:1032D00040E000261EE000BF029806EB860100EBEE
:1032E00081010E91D1F804B0584600F01CF9089005
:1032F000584600F015F92A680E9932F81720098906
:103300008A4206D10699884203D1009908988842DA
:1033100002D2761CA642DFD3A6421AD1029B04EB4E
:1033200084010298AA8900EB810023F82120298AD0
:103330004180A968C160296831F817100181696866
:1033400001610D99496821F07F4100E04DE0641C66
:1033500041607F1C286830F8170008B1202CB8D3D2
:1033600009F101008146BAF82200C0F30511494570
:1033700001D9202C84D3002510E000BF029805EB72
:10338000850100EB8106706800F0CAF8109B0146C9
:10339000049A50460096EAF71FF96D1CA542EDD33A
:1033A0000298FCF753FFB8F1010F0ED0B8F1030FEC
:1033B00011D0B8F1020F18D15046FEF7A9FF11B095
:1033C0005046BDE8F04FFFF7DEBB11B05046BDE8F8
:1033D000F04FFEF79DBF11B050464FF470214FF6ED
:1033E000FF72BDE8F04FFFF711BC11B0BDE8F08FE0
:1033F00007B481B01346BDF80810ADF800102021C5
:10340000009A04B0FFF7DDBE13460A462121FFF7FC
:10341000D8BE07B481B01346BDF80810ADF800104F
:103420003021009A04B0FFF7CCBE13460A46322181
:10343000FFF7C7BE13460A460421FFF7C2BE134674
:103440000A466021FFF7BDBE13460A461221FFF768
:10345000B8BE13460A461021FFF7B3BE07B481B0C9
:103460001346BDF80810ADF800105521009A04B0BD
:10347000FFF7A7BE13460A465721FFF7A2BE134621
:103480000A460121FFF79DBE13460A460721FFF7B2
:1034900098BE13460A460821FFF793BE38B50023AD
:1034A0000C46012105466A46FDF7E8FE012807D0D3
:1034B000002804D1002221462846FFF7E0FF38BD4E
:1034C0000098A042F6D138BD38B500230C4607213C
:1034D00005466A46FDF7D2FE012807D0002804D130
:1034E000002221462846FFF7CFFF38BD0098A042B2
:1034F000F6D138BD38B500230C46082105466A468A
:10350000FDF7BCFE012807D0002804D10022214687
:103510002846FFF7BEFF38BD0098A042F6D138BD5F
:1035200000F47F00704780B270472DE9F0411E46DD
:1035300015468846070025D0EAF703F8022813D07D
:1035400000249EB13DB13846FDF7B8FE33462A4609
:103550004146FFF7EAFF002C14D032464146384678
:10356000BDE8F0410AF036B90124EAE724B1324659
:10357000414638460AF02EF9002D03D03846FDF7B3
:103580009DFED7E7BDE8F08170B50B4D2978002985
:1035900011D101212970FDF795FE044606E000BF18
:1035A00020F0040060842046F8F7C0FC608C4107DE
:1035B000F6D40020287070BD4C020124132808B5F1
:1035C00005D3F9F7BFFA0090BDF8000008BD024925
:1035D00001EB4000008808BDD8B604082DE9FE4F75
:1035E0000C00174605461E4602D1B7F5807F72D003
:1035F0002888002C3188A0EB010001B22980708856
:103600006A88A2EB000000B2688066D0DFF8FCB0E8
:10361000DBF80000A04244D0B4F5616F204601DD24
:10362000A4F56160002801DA00F561600A2190FBD1
:10363000F1F8C8F100030FFA88F203EB830308F1F5
:10364000010A00EB4309104600F074FF02900FFAE4
:103650008AF000F06FFF08F15A01019008B200F003
:1036600069FF0AF15A01009008B200F063FF029965
:10367000C9F10A020346DDF804C04FF00A0802FB54
:1036800001F000990CFB09004A4303FB092190FB60
:10369000F8F091FBF8F1CBF8004042114911CBE969
:1036A0000121DBE90132B5F90010B7F5807FB5F9EA
:1036B000020034881BD002FB01FC594303FB10C3FA
:1036C00002FB00107B43784304EBA34129807188FF
:1036D00001EBA0406880BDE8FE8F794332887843D3
:1036E00002EB21212980598801EB2020F2E702FB1F
:1036F00001F7594303FB107302FB001104EBA320F5
:103700002880708800EBA120E4E70000A4020124D7
:1037100030B5B0F90420B0F900300D88D21A4488D1
:1037200002EBD272521098184B88291AA018181A56
:1037300011FB01F112FB02F210FB0010904201D8C4
:10374000012030BD002030BD00B58FB06846F8F7CD
:1037500013FE0748007848B99DF80000022805D1FB
:10376000F1F7A4FB10B101200FB000BD0020FBE772
:103770001C02012470B519480021F8F721FE184DEC
:103780004FF0010430B3DFF76CFFF8F7CDFE08B35C
:10379000144A4FF4D2531448A2F55251F9F7C4FA1F
:1037A00011481C30F9F7D0FA0F484FF48C72F02111
:1037B0001C30028041800C49C1600C4941610C49B8
:1037C0008162016921F003010161F9F7E7FA08B1AB
:1037D000012070BD2C70002070BD0000B9D7020818
:1037E0001C0201248034002458B50224C57001084D
:1037F00069710108F8F732BEF8F7BEBD30B58FB079
:1038000005466846F8F7B8FD104C6078D8B99DF8C1
:103810003800C0B96068B0B99DF80000032812D123
:10382000F1F744FB78B10120607009480021F8F7F6
:10383000C7FD40B12846F8F777FE20B10020207080
:1038400001200FB030BD0020FBE700001C02012466
:10385000B9D702083EB502000C4624D0002C22D075
:1038600094E80B008DE80B00607800F03DF86946A5
:103870008DF801001046F0F7A3FE9DF8012000210D
:103880000C48062A0ED2DFE802F00D03050F1113D3
:103890000A2200E0142242602278022A02D0012A81
:1038A00001D1012101703EBD1322F4E71122F2E79C
:1038B0001222F0E72402012410B504460848FBF761
:1038C000A2FD07480221017006494160FBF7B0FDE7
:1038D000002803D02146FBF7E0FE012010BD0000C8
:1038E000C4B502245DB40108022807D0032807D01C
:1038F000042807D0052800D1032070470520704711
:1039000004207047022070472DE9FC4100250E4637
:10391000143107462A46E9F7AFF8002826D00121DE
:103920003046FEF78BFB00BB3046E9F70AFEE0B9F4
:1039300000206A4612218DF8000030460197FAF700
:1039400005FD9DF8000002280FD03046FDF7B6FBBC
:10395000401E04000ED4B068006850F824103846A9
:10396000FFF7D2FF050009D102E00020BDE8FC818D
:10397000641EF0D59DF8000000B935462846F5E7ED
:103980002DE9FC41DFF8B48000254FE0294491F88F
:103990003011E9BB002441E0011991F83011C1BB9D
:1039A000A5423AD000EBC40100EBC5003030303105
:1039B000E9F7B6F868B37068B04600EBC40200EBF4
:1039C000C501684630313032E9F759F96846F8F7F1
:1039D000D3FF0646D8F8040000EBC5003030F8F7F6
:1039E000CBFF0746D8F8040000EBC4003030F8F7EE
:1039F000C3FF3844864210D2D8F8040046466946D0
:103A000000EBC5003030F8F793FF7168012001E04A
:103A10000BE002E0214481F83001641CD8F8040076
:103A20004646B0F85011A142B6D86D1CD8F8041023
:103A3000B1F85021AA42A9D8BDE8FC81580201245E
:103A400010B5F9F74FFABDE81040F9F789BA000050
:103A50002DE9F047A6B09946154688460646DDF89A
:103A6000B8A0FDF7B7FB0446FFF7EAFFB0420746F0
:103A700075D0A069B04272D0B8B108F0E1FAA0697F
:103A80000021F8F765FE0022A0691146FFF7ADFBA3
:103A9000A06900226021FFF759F994F828008007F7
:103AA00002D53846FCF7B6FFA7696069A66138B150
:103AB00094F82810890703D5FCF7ACFF002060615B
:103AC000B8F10A0F404655D00B2853D00C2851D0DE
:103AD0000D284FD0B8F10E0F4CD0002194F82800DB
:103AE00061F3000000216AF3410084F828003046A9
:103AF000F8F72EFEFFF7A4FF0021F8F729FE0022B9
:103B000030461146FFF771FBFFF79AFF002211467E
:103B1000FFF76BFB002230466021FFF717F9FFF734
:103B20008FFF00226021FFF711F955EA090023D029
:103B300014A8F8F755FE5648169056481496C9F141
:103B40000006179003A8CDE91F56F8F749FE206933
:103B5000B8F10F0FCDE90E56039026D200E014E025
:103B6000DFE808F0161A242A3037475B6C7D824064
:103B7000516476000121B1E7304608F061FABAF1EC
:103B8000000F02D03846FCF745FF26B0BDE8F087AD
:103B900041481590002004E03F4815902046F9F771
:103BA000B9F900211C90CDE91D0164E03A48159057
:103BB0002046F9F7AFF90AE0384815902046F9F7A2
:103BC000E5F9EEE7354815902046F9F7DFF9404270
:103BD000E7E7314815902046F9F79CF900211C9041
:103BE000CDE91D012C48002504902046F9F792F9F3
:103BF00022E0294815902046F9F78CF940421C90A4
:103C00000021CDE91D012448002504902046F9F744
:103C100081F9CDE90C500B952DE0204815902046F8
:103C2000F9F7B4F900211C90CDE91D011B480025CE
:103C300004902046F9F7AAF94042EAE717481590A0
:103C40002046F9F7A3F940421C900021CDE91D015F
:103C50001248002504902046F9F798F9D9E7104852
:103C600015900020FF219DE70D480490FF200021C2
:103C70000B90CDE90C01002238462521FAF766FBAE
:103C800014A8F8F701FE03A8F8F7FEFD7DE7000091
:103C90001DC00208C5BF02082DC8020833C80208AB
:103CA000A36A020800F052B870B514468288C3793E
:103CB000A2F57F45FF3D07D07BB3012B35D90668C0
:103CC000002206EB83052DE0002213E0056805EBDA
:103CD000C2052E8826F440468E420AD12888010467
:103CE00029D4400401D5304614E0686820600120E2
:103CF00070BD521C9342E9D825E000BF35F8120090
:103D000020F4404088420CD135F812100B0412D434
:103D1000490403D500F074F8E8E714E006EB8200EC
:103D20000FE0521C9342E9D80DE022F440438B424D
:103D300009D1110401D5022070BD510401D51846E6
:103D4000E8E70068D2E7002070BD000070B51446B7
:103D50008288C379A2F57F45FF3D07D07BB3012B55
:103D600035D90668002206EB83052DE0002213E01A
:103D7000056805EBC2052E8826F440468E420AD11E
:103D80002888010429D4400401D5304614E068682D
:103D90002060012070BD521C9342E9D825E000BF8D
:103DA00035F8120020F4404088420CD135F812104A
:103DB0000B0412D4490403D500F022F8E8E714E01C
:103DC00006EB82000FE0521C9342E9D80DE022F48A
:103DD00040438B4209D1110401D5022070BD51042A
:103DE00001D51846E8E70068D2E7002070BD082139
:103DF000FCF708BBC07908B100207047012070476C
:103E00001CB545284FF000024FF0FF0155D01EDCD5
:103E1000302844D00EDC222841D006DC032853D0C1
:103E2000062851D0202830D135E0252845D0292832
:103E30002BD142E0362832D004DC31283DD0332863
:103E400023D13CE0372838D044281ED127E055281C
:103E500025D00EDC4E2830D006DC46282DD0472851
:103E60001DD04D2811D11AE0522818D053280CD15A
:103E700023E0602821D004DC56281ED0572804D126
:103E800020E0612819D06D2802D0009200981CBD56
:103E90004FF4807014E0FF221146104602E0002229
:103EA00011461046F8F7F9FE0190BDF804000190A4
:103EB000BDF80400ADF80000E8E70091E6E70F2048
:103EC0000090E3E70248FBE741F6FF70F8E70000E7
:103ED000F4CF030810B50C46E9F726FD204000D0CA
:103EE000012010BD2DE9F0410F4681880446A1F55F
:103EF0007F40FF3855D0E07900284DD0012804D00C
:103F00002668002106EB800549E021F44040B842D4
:103F100047D10020A080E0713DE000BF35F81120BE
:103F200022F44042BA4239D1022813D0401E00EB9D
:103F300040004000FCF70AF9010032D0E37900208C
:103F4000216002465B1E03F0FF0C84F807C001EB02
:103F50008C0319E00120E07121B12888A08030682D
:103F6000206015E06888A0807068F9E735F810C017
:103F7000BC4508D056F820C041F822C035F810C022
:103F800023F812C0521C401C94F807C08445EDD29F
:103F90003046FCF76DF90120BDE8F081491C8842EC
:103FA000BCD80020F8E710B504468088A0F57F4112
:103FB000FF390BD0E079012802D92068FCF758F9C5
:103FC0002046BDE810400821FCF71CBA10BD0000D7
:103FD000014B00F007B80000DD3F020810801960B7
:103FE000704700002DE9F0470446808889461D4649
:103FF000A0F57F41FF3968D0E17929F440461746A2
:104000004FF00108012936D92368084603EB8102E5
:104010000BE000BF32F810C02CF4404CB44504D182
:1040200003EB800302EB40022CE0401EF2D5491C5A
:1040300001EB410041001846FCF73EF9020044D074
:10404000E079226002EB800106E000BF01EB400C4A
:1040500031F81030ACF80430401EF7D5E07939461D
:10406000401CC0B2E07102EB800303EB4002484603
:10407000921E1B1F20E02AD120F44040B04207D1FD
:10408000221D234639464846AC46BDE8F047604706
:104090000C20FCF75BF8002817D021682060E2793B
:1040A000521CD2B2E271A38800EB820222F8023BDA
:1040B000031D016039464846A8473046E9F72DFC04
:1040C000A27908FA00F10A43A271BDE8F087221D27
:1040D000234684F80780EDE770B5044600F010F839
:1040E00005000AD0054A00212046FEF75EFE214663
:1040F0002846BDE87040EEF757BC70BDFFFF0F00CB
:1041000010B510B1FDF766F801E0F8F7EBFEBDE879
:104110001040F8F735BF10B5044600F003F8001B57
:1041200010BD00000349012248680A700B78002B7B
:10413000FBD0704790020124034900220A704A68AC
:104140001044486070470000900201242DE9F041BE
:1041500015460E4607460D48E9F734F9040010D01D
:104160000021A7604FF0FF302660C4E90401FFF78B
:10417000D9FF074960600120E56008712046BDE86D
:10418000F081EFF7E7FE0020F9E70000E4B6022433
:10419000E002012410B5044601460548E9F788F914
:1041A00004490120C8702046BDE81040FCF760B803
:1041B000E4B60224E00201242DE9F047494CA0783E
:1041C00010B10120BDE8F0870120A0702078002602
:1041D00028B1FFF7A7FF5FEA000902D007E0A67049
:1041E000EFE72069401C2061642800D926614FEA6E
:1041F00006083D4D84F803803C4884F80480E9F7C4
:10420000BCF8286037E03948E9F7C9F82E68074656
:10421000307DC0072ED18246304600F078F888B94C
:104220003069B0F1000A01DD401E3061FFF77AFF0E
:10423000B168706021B1BAF1000F01D030468847F3
:104240004FF0010AE07820B9306910B93046FFF725
:10425000A1FFBAF1000F0DD02079E178084309D011
:1042600028680028C6D100BF20484FF0FF36E9F784
:1042700084F811E02F6029680029C4D1F4E7287D73
:10428000C00705D1284600F042F8B04200D20646E9
:1042900016482946E9F783F80500F0D14846FFF7AC
:1042A0003AFFE1680844E060A068FFF734FFB0F52A
:1042B000FA7F13D3E16864225143B1FBF0F0C0B23E
:1042C0006070642801D9002001E0C0F164006070D2
:1042D0002546C4F80C80FFF725FFA860304684F817
:1042E00002806FE7E0020124B4020124E4B6022454
:1042F00001214161704710B50446FFF713FF2168A3
:10430000401A401E606010BD00214161704710B529
:1043100004464068FFF7FFFE2168814201D8002073
:1043200010BD081A10BD70B5083A0C46034602F0DD
:104330000300111AA00705D1A1F10C0047F6F57290
:10434000904201D3002070BD2078251F00F00300AB
:10435000084320F0020040F0010118462160294680
:10436000EEF70AFF2846EEF73FFF01790221416090
:10437000204670BD70B5810701D0002070BD0023BC
:1043800080601946C0E9030300EB8105002200EBC1
:10439000C1146B6104EB8206521C202AB063F9DB66
:1043A000491C0929F0DB70BD70B50C460546FFF7C6
:1043B000E1FFA4F59762064605F59761FFF7B3FFA5
:1043C000304670BD2DE9F0414FF0000641B3A1F138
:1043D000080405462079C00701D0EFF7BBFD6668E9
:1043E0002046EEF75BFF2079800711D527680FB9CB
:1043F000EFF7B0FD3879C00701D1EFF7ABFD3946D3
:104400002846EEF7BAFF21463846EEF797FE0446F7
:1044100028462146EEF75CFF01462846EEF7ACFE43
:104420003046BDE8F08170B50A46054604211046C5
:10443000E9F784FB044601462846EEF7DBFE014619
:1044400022462846BDE87040EEF76DBF2DE9F05FCB
:104450000C00904681464FF000053AD0B8F1000FAD
:1044600033D0A4F108052846EEF74FFF696882466D
:10447000406821F0030620F00300304400F1040BF3
:1044800040460421E9F75AFBB045074600D92FB34F
:104490002879C00701D0EFF75DFDB74221D99AF81E
:1044A0000400C00701D05F451BD941464846FFF7CD
:1044B000BAFF05003BD04645404600D3064621469C
:1044C00032462846FBF714FF21464846FFF77AFF9D
:1044D0002DE01146FFF7A7FF054628E00020BDE8C4
:1044E000F09FB74206D929464846EEF7F1FE284626
:1044F000EEF7E1FE28792E464D46C00701D0EFF7D2
:1045000029FD39463046EEF72DFE78B13946304662
:10451000EEF744FF0146406820F00200486028465C
:10452000EEF7D6FE01462846EEF726FE254628463B
:10453000D5E700004FF4B47190FBF1F201FB1200DB
:10454000002802DA00F5B47000B20E495A2802DAE7
:1045500031F910007047A0F15A025A2A03D2C0F173
:10456000B40000B2F4E7A0F1B4025A2A01D210B2AA
:1045700002E0C0F5B47000B231F81000404200B261
:104580007047000054B804082DE9FF4F83B05FEA7C
:104590000009119F6FD099F8000000286BD0049893
:1045A000002879D01098800702D541F6FF70069058
:1045B000424A00240094A3460194254626464FF023
:1045C000FF385268694648469047824600980190F5
:1045D00058E03A4A01A948465268904783461098E5
:1045E00006F10106C00709D012985146E9F762FAB0
:1045F00020B1DDE90040DA46009043E004985A46D5
:104600005146F9F7A1FF00B229180DB2002802DDCA
:104610000598284405B2B8F1FF3F05D10598291A3D
:104620000698814200DDA0465046BAF10A0F1AD022
:10463000BAF10D0F17D0014645F2A512A0F59C4026
:10464000904210D9002005E01DA2125C8A420AD0D7
:10465000401CC0B21AA2125C002AF5D177B1B8F1A1
:10466000FF3F0AD00AE024B9B8F1FF3F01D107B1FA
:104670003D60761E0AE01FE00EE03D60DA46DDE9AF
:104680000041009119F804000028A2D1B8F1FF3FC1
:1046900005D0139868B1404607B0BDE8F08F2EB141
:1046A000BAF10D0F03D1BBF10A0F00D1009C2046D7
:1046B000F2E70FB1002038600020EDE7F40201249A
:1046C000202C2E3B3A2D5F002DE9FF4F83B004468E
:1046D0004FF0000093460F00DDF848A0DDF8409051
:1046E0002080608049D0BBF1000F46D05FEA8A701D
:1046F00002D541F6FF7011900025BBF80860A8466E
:1047000025E07819002100915946CDE901A0119BBF
:10471000069AE9F74FF98044B4F9020006EB090262
:104720008118B1F5004F28D230445A464844608081
:10473000069BA8EB05010298CDF800A000F022F836
:10474000B4F90010814200DB084645462080785DC0
:104750000028D6D15DB1781910F8010C0A2801D0D3
:104760000D2804D1618806EB090008446080B4F983
:10477000021029B1A1EB0900608007B0BDE8F08FFD
:104780006680FAE72DE9FF4707001E4690460D4672
:10479000DDF830900CD0B8F1000F09D0387800283F
:1047A00007D00020009004468DF80800EDB923E002
:1047B000002004B0BDE8F08703AA6B4601A9384683
:1047C000E9F7E0F85FEAC97004D0019902A8E9F7B7
:1047D00071F950B9039A40460199F9F7B5FE00B254
:1047E000002802DD2044304404B20098A842E3D3FC
:1047F000002C01DDA01B04B22046DAE72DE9F041D0
:104800000024DFF82C800F460646254607E0D8F83E
:1048100000103019884700B901206D1C0444BD42C6
:1048200002D2305D0028F2D12046BDE8F0810000C0
:10483000F4020124F8B50746074E00200D46044651
:10484000009004E07268694638469047641C0098FE
:10485000A842F7D32046F8BDF4020124F8B500249D
:10486000074E05462046009405E0726869462846D2
:1048700090470098641C285C0028F6D12046F8BDBB
:10488000F402012478B504464FF00005009501B903
:1048900069460A68A05C030601D405463AE006268C
:1048A0000223B6EB501F09D1521C0A60C006A45C5B
:1048B000400D2AE004F03F031D182BE00E26B6EB56
:1048C000101F05D1521C0A600007A55C000C12E005
:1048D0001E26B6EBD00F1DD1521C0A604007A55C06
:1048E000C00AB3EB951F13D1521C0A6005F03F06B6
:1048F000A55C00EB0630B3EB951F09D1521C0A6092
:1049000005F03F05A45C00EB8510B3EB941FD1D0FC
:10491000002078BD521C28460A6078BDF8B50746CD
:10492000086800250E4E401E0C46086002E0042D6B
:1049300013D2206831683844884718B9216861B1BA
:10494000491E21606D1C0028EDB2F0D02068694638
:104950000090384672689047F8BD0020F8BD00000E
:10496000F40201240078010601D4012070470621D9
:10497000B1EB501F01D1022070470E21B1EB101F87
:1049800001D1032070471E21B1EBD00F01D10420CB
:104990007047002070470000384A002011688903E2
:1049A00011D4BFF34F8FBFF36F8F35490860BFF34A
:1049B0004F8FBFF36F8F116841F400311160BFF367
:1049C0004F8FBFF36F8F1168C90322D42B49703109
:1049D0000860BFF34F8F081F43F6FF740068284D2F
:1049E0001035C0F34E31C0F3C90304EA411618462E
:1049F00046EA80772F60401EFAD2491EF5D2BFF3F7
:104A00004F8F106840F480301060BFF34F8FBFF3BA
:104A10006F8FE1F72FFEE5F72DFEE5F719F8E4F7C4
:104A2000A7FEE4F7DFFEE4F719FFEDF7E1FF08F07A
:104A300067F9E1F705FE0446E1F708FE4440E1F7B7
:104A40000BFE4440E1F7F6FD4FF0E0210D4A896985
:104A500044400D4852684C405440444000D1012429
:104A6000E1F7E8FD4FF47A712246A0FB0101EBF774
:104A7000B5FBE4F72DFF02F01FF8FEE714ED00E0B0
:104A800050EF00E0001000E026207EA384280146BD
:104A90004FF0000000D0C81C704700002DE9FF4F08
:104AA0008BB0CC884F8806468A881D46DDE919BA46
:104AB0000B885FEA0A00A4EB0700A2EB030100F1F8
:104AC00001000FFA80F8584601F101010FB205D03C
:104AD000FD286ED90020A7F1040B33E1FD2813D384
:104AE0007F0000240BE03A4629463046FBF700FCE5
:104AF0000D98641C06EB4006189805EB40054445EC
:104B0000F1DB0FB0BDE8F08F002021E0002415E0BC
:104B100006EB440A5A4605EB4401BAF80000ADF82A
:104B200018000888ADF81400DDE90501F8F7CCF8A5
:104B30000590641CBDF81410AAF80010BC42E7DB15
:104B40000D9806EB4006189805EB400509F10100A9
:104B500040458146DADBD4E70024D1461CE000BFA3
:104B600099F80020AAB1FF2A1CD006EB4400069059
:104B700005EB44010088ADF824000888ADF820005A
:104B8000DDE90801F8F7A0F807900698BDF81C10B9
:104B90000180641C09F10109BC427EDA5FEA897078
:104BA000DED17AE005EB440006EB44010088088082
:104BB000EFE7D3E0D9F80000F0B3401C72D099F8C9
:104BC0000020AAB1FF2A79D006EB4400099005EB3A
:104BD00044010088ADF820000888ADF81C00DDE92C
:104BE0000701F8F771F806900998BDF818100180D0
:104BF00009F10100059099F80120AAB1FF2A64D0BB
:104C000006EB4400099005EB44014088ADF81C0018
:104C10004888ADF82000DDE90710F8F755F8069050
:104C20000998BDF8181041800598401C059002783D
:104C3000BAB1FF2A50D000E02CE006EB4400089007
:104C400005EB44018088ADF824008888ADF81C008D
:104C500009990798F8F738F806900898BDF81810E1
:104C6000818005984278AAB1FF2A3CD006EB440027
:104C7000089005EB4401C088ADF81C00C888ADF869
:104C80001800DDE90601F8F71FF80590BDF81410CB
:104C90000898C180241D09F104095C458ADB45E0C0
:104CA00000E00BE005EB440106EB44000A880280BB
:104CB0004A8842808A888280C988EAE705EB4400F6
:104CC00006EB44010088088092E705EB440006EB00
:104CD000440140884880A7E705EB440006EB440107
:104CE00080888880BDE705EB440006EB4401C0885E
:104CF000C880CFE799F80020AAB1FF2A27D006EB99
:104D00004400099005EB44010088ADF820000888B4
:104D1000ADF81C00DDE90701F7F7D6FF069009980A
:104D2000BDF818100180641C09F10109BC42E1DBE7
:104D30000D981B9906EB400618988A4405EB400530
:104D40000198401C01904045FFF606AFD9E605EBFF
:104D5000440006EB440100880880E4E700202CE0D2
:104D600000241EE01AF80400D0B1FD2801D35A46F1
:104D700002E000FB0BF0020A06EB4400039005EB97
:104D800044010088ADF818000888ADF81400DDE98A
:104D90000501F7F799FF05900398BDF814100180FD
:104DA000641CBC42DEDB0D9806EB4006189805EB50
:104DB00040051B98824409F1010040458146CFDB44
:104DC0009FE600002DE9FF4F85B09A460C46DDF8BE
:104DD00050B0E8F79BFD0390BBF1000FA18822883B
:104DE000E388A1EB0200658800F10100A3EB050157
:104DF00001F1010106B20FFA81F801D000204BE069
:104E000000271DE0002515E0139802900AEB4500ED
:104E1000079A0088ADF804006088384400B200901A
:104E200003982188294400680BB20599D0F81CC06A
:104E3000E0476D1CB542E7DB12997F1C0AEB410A83
:104E40004745DFDB09B0BDE8F08F00251BE000BF60
:104E50001BF80500B0B113994843000A02900AEB11
:104E60004500079A0088ADF80400618801EB09004D
:104E700000B2009003982188294400680BB205997C
:104E8000C769B8476D1CB542E2DB159909F101000D
:104E90008B4412990AEB410A81464045D5DBD1E7A4
:104EA00070B5802815460E46044605D2E11700204D
:104EB00004EB9171891006E008F0E4FA411FCC4040
:104EC000801F84F020013060296070BD012803D06C
:104ED000022803D002A0704703A0704703A07047C8
:104EE000E69CAAE79FA500004D495400504F53008F
:104EF0002DE9F04F05009146CDB09A460CD095F8BB
:104F0000050248B1589838B15FF00006D5F8FC8129
:104F10005FEAC87045D103E001204DB0BDE8F08FD5
:104F20004FF498716846DBF7DDFE95F8F821002410
:104F3000CDE9489A8DF81821EB46D5F800024A9041
:104F400004EBC40004EB840105EBC0070BEBC100CC
:104F500039462822DBF76AFE97F83D00B8B1D7E959
:104F60000601B9EB00037AEB010210D3B9EB0000A4
:104F7000DDE956C36AEB0102BCEB0000934106D3A6
:104F800001209DF82C11A04001438DF82C11641CC8
:104F9000E4B2072CD4D3D5F8FC01804501D1C00779
:104FA00005D0761CF6B2032EB0D30720B5E758988B
:104FB0004FF498726946DBF739FE0020ADE7000038
:104FC000FEB504000D4625D025B34FF40271DBF782
:104FD00089FE69462846EDF735FDE8B15FF000002F
:104FE000431C00EBC001C0EB001204EBC10105EB58
:104FF000820281F83C00D8B2D68807288E861289B2
:10500000CA86EDD3002184F8F811012084F8050246
:105010000846FEBD0120FEBD0220FEBD2DE9F8437D
:1050200004001D4690460F461BD094F80502C0B1FF
:10503000BDB12868E7F726FAB0B16868E7F722FA49
:1050400090B1A868E7F71EFA70B1E868E7F71AFAB6
:1050500050B12869E7F716FA30B1012669460020F9
:1050600004E00120BDE8F8830520FBE700EBC00366
:1050700004EBC302D28EBA420BD108709DF8000037
:1050800000EBC00004EBC007B98E414507D00420F7
:10509000E8E7401CC0B20728E8D30320E2E797F80E
:1050A0003D0040B1D7E90630D5E90612591A9041C2
:1050B00001D30620D6E7D4F8FC01401CC4F8FC015B
:1050C00004F5FC74294628223846DBF7AFFD87F843
:1050D0003D6030469DF80020217B9640314321738E
:1050E0002070A068401CA0606068401C60600020C8
:1050F000B8E7000070B5040015460E4609D094F8D4
:10510000850130B12DB194F87001012803D005203C
:1051100070BD042070BD204600F08BF894F8831118
:10512000244B8288B242595C06D12A894088824247
:1051300002D1A87A884201D0062070BD29462046B7
:1051400000F008F90028F8D194F88301002584F8CC
:105150008451401C84F88301C0B20C2825D394F8F4
:10516000820100EB800202EBC00204EB8202928E0D
:10517000A2F57061FF3906D1012194F880218140A8
:105180000A4384F8802194F8820184F88351401CFA
:1051900084F88201204600F0CBF894F882010728B9
:1051A00003D3022084F8700101E084F870510020DC
:1051B00070BD000044F102082DE9F04104000E46E4
:1051C00005D094F8850110B10EB1300602D5042047
:1051D000BDE8F08100254FF0010800BF08FA05F096
:1051E000C7B23E420ED005EB850000EBC50034216E
:1051F00004EB8000001DDBF775FD94F88001B843D7
:1052000084F880016D1CEDB2072DE7D384F881612D
:10521000002084F88201054684F8830184F8840123
:10522000C4E95E00204600F083F8002084F8705145
:10523000CEE790F8821104220068C1EB011102EB65
:105240008101084470473EB504000D4615D0A5B154
:105250004FF4C471DBF746FD69462846EDF7F2FBD3
:1052600068B125607F22002184F88121012084F823
:10527000701184F8850108463EBD04203EBD032020
:1052800084F8700107203EBD2DE9F0410400164668
:105290001D46069F0ED094F8850158B157B194F879
:1052A0007001022809D0032809D001284FF0030813
:1052B00007D01DE00420BDE8F0810320FBE70520B6
:1052C000F9E7D4E95E01321A75EB01020AD3331A09
:1052D00044F6206265EB0100991A70F1000001D2DA
:1052E0000220E8E794F88401042801D309200CE0A7
:1052F0002046FFF79EFF94F883110C4A8078515C9A
:105300003A4606F093FD18B10A2084F87081D2E77E
:1053100094F88401012184F87011C4F87861401C6C
:1053200084F884010846C4F87C51C4E744F10208BB
:10533000012210B502E0491C80F8821190F8821118
:10534000072905D290F8813102FA01F42342F2D004
:1053500010BD00002DE9F0410C460646FFF769FF3D
:10536000014696F8820196F883210123032700EB7A
:10537000800505EBC0055348934006EB85052D1DC0
:10538000805C1FFA83F80D2851D009DCA0F10400DD
:1053900007281DD2DFE800F011213241541C5B00C8
:1053A00016286BD004DC0E2844D0152810D156E006
:1053B000172873D024280BD13FE06068E7F769F81D
:1053C00030B194ED010AB5EEC00AF1EE10FA01D841
:1053D000082028E085ED030A6EE06068E7F759F8D9
:1053E0000028F5D094ED010AB5EEC00AF1EE10FAEE
:1053F000EED0B0EEC00A85ED040A5DE06068E7F724
:1054000048F80028E4D094ED010AB5EEC00AF1EEA8
:1054100010FADDD985ED050A4EE02068A86189887B
:10542000206811E0072086F87071BDE8F0812068DF
:10543000686241E02068A8623EE02068E8623BE0E4
:105440002068E861498820688842EBD134E0206810
:105450002862206801282FD00228B9D12CE060688A
:10546000E7F717F80028B3D094ED010AB5EEC00AAB
:10547000F1EE10FAACD985ED000A1DE06068E7F79F
:1054800008F80028A4D094ED010AB5EEC00AF1EEA8
:1054900010FA9DD985ED010A0EE0FFE76068E6F796
:1054A000F8FF002894D094ED010AB5EEC00AF1EEA1
:1054B00010FA8DD985ED020A288E40EA0800288668
:1054C0000020B2E744F10208FEB5040016461F466C
:1054D00041D094F8BF03E8B394F8A80301283ED064
:1054E00002283CD003283AD0002500960120022251
:1054F0000021CDE9017004F5707000F0FCFE02227D
:1055000020460021CDE9006700F016FF94F8BE1395
:10551000002079B10021022384F8803384F89103BC
:1055200084F8920384F8930384F8940384F8BE0308
:10553000C4E9E21165B184F8A803002184F8BA0334
:1055400084F8BB0384F8BC0384F8BD03C4E9EC1100
:105550000020FEBD01E00420FBE70520F9E701255E
:10556000C3E70000F0B516460A8893B00D460168FF
:105570001F4604466B4600204FF0080CC0EB001E8F
:105580000CEB8E0E31F80EE0964512D118700CAA75
:105590009DF8000000EB800101EBC00004EB8001EE
:1055A000284601F5057106F077FA04280ED090BB65
:1055B00013E0401CC0B20728E0D300BFD4F8A40316
:1055C000401CC4F8A403092013B0F0BDD4F8A40310
:1055D000401CC4F8A4030820F6E7282102A8DBF742
:1055E00081FB9DED0C0A8DED020A9DED0D0A8DEDFE
:1055F000030A9DED0E0A8DED040A9DED0F0A8DED57
:10560000050A9DED100A8DED060A9DF84500082853
:1056100002D3014601E014E0002107AA02AB82E8B0
:10562000C2008DF8280004F1080029889DF8442064
:10563000FFF7F4FC0428C1D00328BFD0062807D008
:1056400068B1D4F8A403401CC4F8A4030720BBE746
:10565000D4F8A403401CC4F8A4030A20B4E79DF8BE
:105660004500082803D39DF80010062004E09DF8AB
:10567000001001280DD0022001EBC10104EBC10193
:1056800081F84200D4F8A003401CC4F8A003002015
:105690009AE70320F0E72DE9FE4F050016460C4679
:1056A0001F4624D01CB395F8BF0318B305F5A460BA
:1056B00003C8084325D095F83415072921D2A078CE
:1056C00004281ED308281CD801EBC100E17805EBA3
:1056D000C000808FC2B2914213D12179B1EB102F5B
:1056E0000FD16079332807D0552805D009E0042070
:1056F000BDE8FE8F0520FBE7A07950281DD051287A
:105700001BD005F570703246834600F0E5FC0DF1C4
:1057100008094FF000080123214602225846CDE92E
:10572000008900F001FD4FF0010A40B395F8A8137D
:1057300095F8BB03032906D021E0324621462846CE
:1057400000F052F9D4E7072819D2A178082916D118
:10575000C0EB001029680822238802EB80028A5AD5
:105760009A420CD10622E37802EB8000085C984252
:1057700005D16079332802D1A0790A281BD00123F2
:105780002146CDE900891A46584600F0CDFC10B1FB
:10579000607955281BD04046C846CDE90009012351
:1057A00021460022584600F0BFFC08B395F880035C
:1057B000012815D01CE09DF80810584601F00BF8A0
:1057C000002895D02146284600F04AF890E79DF839
:1057D0000810584600F0FFFF002889D0002087E716
:1057E000A078082804D16079332816D0552814D021
:1057F00032463B46284600F0FFFED0B1002321464A
:1058000005F58C601A46CDE900A8814600F08CFCB5
:1058100078B19DF80810484617E09DF808105846E2
:1058200000F0D9FF00288DD02146284600F07EF8F0
:105830005EE700232146CDE900A81A46584600F04D
:1058400073FC28B19DF80810584600F0C4FFC5E766
:1058500032463B4621462846FFF784FE48E70000D3
:10586000FEB50446B0F8B8030F4694F8BB5340B1F8
:105870000226072D20D26946384606F068F9D8B9C5
:1058800001E00126F5E7C5EB0510216808223B88F9
:1058900002EB80028A5A9A420ED10623BDF80820F4
:1058A00003EB8000085A904206D19DF80A000A28AE
:1058B00002D10098B04204D0052084F8A8030C203F
:1058C000FEBD05EB8500184A00EBC50004EB800027
:1058D000B0F84412C0F8346241F00401A0F8441258
:1058E000B2EB015F06D1012094F89013A840014368
:1058F00084F8901394F8BB03401C84F8BB03204643
:1059000000F097FF94F8BB13002084F8BC0307292C
:1059100001D3042000E0022084F8A803042801D069
:105920000020FEBD0B20FEBD0000F0FF2DE9FE4370
:1059300090F8926388460446072E07D3D4F89C0358
:10594000401CC4F89C030620BDE8FE8306EBC6009D
:10595000694604EBC0054046083506F0F8F830B15A
:10596000D4F89C03401CC4F89C030720ECE70127F3
:1059700085F83A70B8F8001004F504706A46FFF72D
:10598000B9FB4FF0000168B194F88023032A01D1DC
:1059900084F8BE13D4F89C13491CC4F89C1300F07F
:1059A00097FCD1E706EB860202EBC603022004EB6C
:1059B0008303B3F844322B879BB285F83B00A3F5F1
:1059C0007062FF3A03D185F8407085F83A00D4F848
:1059D000980394F88023401CC4F89803022A01D14C
:1059E00084F8BE130020AFE7F0B590F8345500F509
:1059F000A064072D01D30420F0BD05EBC50694F883
:105A0000375000EBC60008304DB38D78082D26D1F5
:105A10004D79332D23D10D88C68EB5421FD1808E8E
:105A2000CD78C6B2B5421AD10D79B5EB102F16D18B
:105A300094F836608D7906F1500085420FD1D4E993
:105A40000605171A73EB050709D31E4FB2EB000CBE
:105A500063EB0500BCEB070570F1000006D3E06ABC
:105A6000411C01D0401CE0620A20F0BD8D7AD1F8C3
:105A7000070065F31F606FEAD05111F0FF0F1AD0D5
:105A800044F8260094F8360004EBC000C0E9022375
:105A900094F83620012094F838109040014384F89F
:105AA0003810002284F83720206B411C01D0401CA4
:105AB00020630020F0BDE06A411C01D0401CE06280
:105AC0000820F0BDA086010070B5044690F8A8003B
:105AD00015460E460E2809D200EB40002946FD224D
:105AE00004EB8003304606F06BF908B1072070BD67
:105AF00094F8A800401C84F8A800002070BD7F2204
:105B0000AFF30080FEB5040015460CD094F8BF0337
:105B100020B129B1B1F5807F05D101E00520FEBD9E
:105B20000DB1280601D50420FEBD002740F6FB7C00
:105B30000126384606FA00F3DBB21A420CD000EB1D
:105B4000800303EBC00304EB8303B3F844323CEA65
:105B5000030301D00620FEBD401CC0B20728E9D3D4
:105B600094F8A80328B1042803D0052801D0022006
:105B7000FEBDA4F8B813204684F8BA5384F8BB736A
:105B800000F057FE002084F8BC7384F8A86302225A
:105B90000121C4E9EC00CDE9000004F57070029722
:105BA00000F0A9FB002084F8BD6300BF06FA00F1F5
:105BB000C9B20D4210D000EB800202EBC00204EB30
:105BC0008202B2F8443223F00403A2F8443294F87B
:105BD00090238A4384F89023401CC0B20728E5D361
:105BE0000020FEBD2DE9F04704000E4602D00EB1A4
:105BF000300602D50420BDE8F08794F8BF0330B129
:105C000004F50470FFF7D8FA18B10620F3E7052071
:105C1000F1E74FF0000804F57075C14647460DE006
:105C2000E81990F89000404506D3484504D8394615
:105C3000284600F0D0FD01E07F1CFFB21DB195F8B1
:105C40009900B842ECD8012284F8BE2300231946FB
:105C500002FA01F0C0B206420FD001EBC10004EB22
:105C6000C00080F84220A0F8403080F8433080F82F
:105C7000483080F8463080F84730491CC9B20729BF
:105C8000E6D30020B7E700002DE9F04F05001F46DE
:105C900095B091460E4609D0B9F1000F06D02FB14C
:105CA0001E9818B1B6F5807F04D01EB1042015B03F
:105CB000BDE8F08F95F8BF0390B354216846DBF739
:105CC00011F800244FF0040B4FEA0D0A2968C4EBC9
:105CD0000412B6F5807F0BEB8200084423D004EB5E
:105CE0008401837801EBC40107EB840C09EB840881
:105CF00004EB4402D0ED071A90ED061A05EB810182
:105D0000DCED000A98ED000A9FED162A0AEB8202EC
:105D100001F50571D8B205F085FFB8B10720C6E7D7
:105D2000FFE70520C3E707EB8401827804EB440317
:105D300091ED000A09EB8401D0B2F0EEC00A91EDBA
:105D4000000A0AEB830106F0A9F8E6E7641CE4B256
:105D5000072CBBD31E9854226946DAF722FF002095
:105D6000A5E70000000000000A467F21AFF3008095
:105D70002DE9F04F5FEA02080E46ABB0054610462B
:105D800002D0AA21DAF78CFF2DB1B8F1000F02D0B2
:105D90000EB1300603D504202BB0BDE8F08F95F886
:105DA000BF0370B3AC216846DAF79CFF00244FF0C4
:105DB000060A4FF4807B4FF0010900BFC4EB0413C7
:105DC0002A6809FA04F00AEB83013042515CCFB231
:105DD00024D004EB840000EBC40005EB800090F8B5
:105DE0004412D0F83402C1F3800119B101280BD05C
:105DF000022811D0002239466846FFF765FE48B9EF
:105E00000AE0FFE70520C7E7002239466846FFF7AA
:105E10005BFE18B10720BFE75A46F6E7641CE4B200
:105E2000072CCBD3AA2269464046DAF7BAFE0020F7
:105E3000B2E700002DE9F04F9A4693460E4605461C
:105E40002DED048BABB0B0EE419AB0EE608A389F76
:105E5000F0EE408A1FB1AA213846DAF721FF4DB192
:105E6000BBF1000F06D0BAF1000F03D017B10EB18D
:105E7000300605D504202BB0BDEC048BBDE8F08FB7
:105E800095F8BF03F0B318EE900AE6F709FBD0B31C
:105E900018EE100AE6F704FBA8B319EE100AE6F7AD
:105EA000FFFA80B3F5EEC08AF1EE10FA54D918EE7D
:105EB000900A324988424FDCB5EEC08AF1EE10FA02
:105EC0004AD918EE100A2E49884245DCAC216846B2
:105ED000DAF708FF00244FF0010900BF09FA04F0C7
:105EE000C0B206423FD004EB840195F8902301EB49
:105EF000C401024205EB810101F5057107D0088E4E
:105F0000204A01E005E027E0B2EB005F03D0082063
:105F1000B1E70520AFE7C4EB041C9DF8A8000622FA
:105F20002B6802EB8C0C0BEB840200EB400092ED33
:105F3000000A13F80C300AEB84086A4602EB800270
:105F4000D8ED000AB0EE492AF0EE481AB0EE681A11
:105F5000D8B205F067FE08B107208CE79DF8A800CD
:105F6000401C8DF8A800641CE4B2072CB6D3AA220A
:105F700069463846DAF715FE00207CE70000FA4350
:105F80000000A0400000F0FF2DE9F05F07001E4672
:105F900092468B460A9D03D015B10EB1300602D54C
:105FA0000420BDE8F09F97F8BF0310B3AA2128464C
:105FB000DAF776FE00244FF001084FF0060900BF23
:105FC00008FA04F030421BD095F8A8000E280ED233
:105FD000C4EB04133A6809EB830100EB4003505C07
:105FE00005EB83035246594605F0EAFE18B1072037
:105FF000D7E70520D5E795F8A800401C85F8A8004C
:10600000641CE4B2072CDBD30020CAE72DE9F04F73
:10601000ADB0984691460D460646369F1FB1AA215F
:106020003846DAF73DFE4EB1B9F1000F06D0B8F1AF
:10603000000F03D017B10DB1280603D504202DB0F1
:10604000BDE8F08F96F8BF0390B3AC216846DAF74D
:1060500049FE00244FF0010A0AFA04F028422FD02A
:1060600008EB84002B9009EB840B2146D0ED000A4D
:10607000002230469BED000A00F037FC0028DED1FC
:10608000C4EB0410316806239DF8A82003EB8003BD
:106090002B989BED000AD0ED000AC85C02EB420190
:1060A0006A4602EB810105F0F9FE20B10720C6E740
:1060B000FFE70520C3E79DF8A800401C8DF8A80065
:1060C000641CE4B2072CC7D3AA2269463846DAF723
:1060D00068FD0020B3E700002DE9F04100261746D7
:1060E0001D46044618E000BF04EB0611D1E900018B
:1060F0003A1A75EB01020DD33B1A44F6206265EBA8
:106100000100991A70F1000004D33146204600F0D6
:1061100062FB01E0761CF6B2002C03D094F89900E3
:10612000B042E1D8BDE8F0812DE9F0439146DDE9C8
:106130000775B0B3A9B3A5B390F89960002233E016
:1061400023B1841894F890C0CC452BD100EB0214F5
:1061500094F80FC0BC4525D194F80EC0BCF1000FD7
:1061600020D091F802C0BCF1080F1BD1B1F800C0DB
:10617000B4F80880C44515D191F803C094F80B8099
:10618000C4450FD191F805C094F80C80C44509D1DD
:1061900091F806C0647BA44504D101202A70BDE8B3
:1061A000F08303E0521CD2B29642C9D80020F6E731
:1061B00070B5154610B10DB1072901D3042070BD8B
:1061C00000222A606A60AA60EA6090F8BF23B2B336
:1061D00001EB810490F89023012304EBC1048B4070
:1061E00000EB8404D9B20A4204F5057425D0208E50
:1061F0001C49B1EB005F20D12068E6F751F9E0B10E
:106200006068E6F74DF9C0B16069E6F749F9A0B1F9
:1062100094ED000AB5EEC00AF1EE10FA0DD9D4EDF6
:10622000010AF5EEC00AF1EE10FA06D9D4ED050A1E
:10623000F5EEC00AF1EE10FA04D8082070BDFFE7B1
:106240000520FBE785ED000A94ED010A85ED010AC2
:10625000D4ED050AC5ED020AE6F7F2F9002085ED56
:10626000030AEBE70000F0FFFEB508AE96E8320047
:1062700050B14DB190F8BF6346B18DE8320008309F
:10628000FEF736FE002800D00420FEBD0520FEBD2E
:1062900070B504000D460BD055B14FF4A861DAF784
:1062A00021FD04F108002946FEF78AFE40B901E00D
:1062B000042070BD04F504702946FEF7C4FF08B140
:1062C000062070BD0120256084F8BF03002070BD4A
:1062D00005280ED2DFE800F0030507090B000020B7
:1062E0007047012070470220704703207047042048
:1062F000704706207047F0B50028DDE90574DDF829
:106300001CC017D00023012610E0C51895F8905046
:106310008D4209D3954207D800EB0315BCF1000F5D
:10632000EE7301D0C5E900745B1CDBB290F89950A4
:106330009D42EAD8F0BD00002DE9F04704469146A1
:1063400000F570708846DDE9086700258246324610
:106350003B46FFF7C1FE04F58C6032463B46FFF733
:10636000BBFE94F85924002010E000BF04EB00119C
:10637000261891F8CF3396F850142BB1414503D32A
:10638000494501D86D1CEDB2401CC0B28242EDD827
:1063900094F8F9042844C0B2092802D90020BDE8C5
:1063A000F087002526E0601904EB051190F85004F1
:1063B00091F8CF23E2B140451AD3484518D801F5EA
:1063C000707191E8CC0094F8F91404EB011C0CF501
:1063D0008C6C21448CE8CC0081F8F004294694F8B8
:1063E000F904401C84F8F904504600F0F4F901E087
:1063F0006D1CEDB294F85904A842D4D80120CEE720
:106400002DE9FC5F040016461D46DDF830B020D0B3
:106410005FEA0B001DD094F8A80304281CD00528BF
:106420001CD094F8BD034FF0000950B10222204661
:106430000121CDE90065FFF77FFF002878D084F8BF
:10644000BD93052794F8A8034FF00208032807D04E
:106450001FE00420BDE8FC9F0B20FBE70C20F9E7C0
:10646000D4E9EC01321A75EB010208D3331A44F671
:10647000206265EB0100991A70F1000058D394F87E
:10648000BC03401CC0B284F8BC03042863D284F867
:10649000A88394F8BB03072803D3042084F8A80337
:1064A000DAE7C0EB001322684FF0060C82460CEBD3
:1064B000830094F8A8130129105C02D002292AD085
:1064C00036E0B4F8B81329B102215A4605F075FB3D
:1064D00080BB01E00121F8E7CDE900655A4651464D
:1064E000204600F0ACF818BB94F8BB03401C84F8BD
:1064F000BB03204600F09DF994F8BB03072806D3A0
:10650000204684F8BB9300F094F984F8A883012115
:106510005B46524617E00A215A4605F087FC48B907
:10652000CDE900655A465146204600F088F810B182
:1065300002208FE70FE0032084F8A80302215B46C6
:10654000C4E9EC6552462046CDE9006500F0CBF881
:1065500008B101207EE784F8A8737FE72DE9FC47A6
:10656000040015461E46DDF828900FD05FEA0900AA
:106570000CD094F8BF0358B194F8BE0350B1204634
:1065800000F03AF830B10220BDE8FC870420FBE7B8
:106590000520F9E794F8928304F504702A463346FF
:1065A000CDF80090FEF770FE01284FF0000A074674
:1065B0000CD1B8F1070F404608D200214B46CDE977
:1065C00000560246204600F08EF830B194F8800361
:1065D000022809D0032807D008E0032184F880139B
:1065E000062084F8BEA3CFE784F8BEA33846BDE8F2
:1065F000FC47FFF76DBE000070B515461E46044609
:1066000000F58C60FFF768FD04F570702A4633468C
:10661000FFF762FD94F8F90448B994F85914002082
:1066200009E000BF04EB001292F8CF230AB1012069
:1066300070BD401CC0B28142F4D8002070BD2DE96D
:10664000FC5F00F570770D4600F58C611646DDE9BC
:106650000C89CDE90017044642464B460846FFF731
:106660003BFD42464B463846FFF736FD0023206887
:10667000C5EB051196F805B0082296F806A002EBC6
:10668000810196F803906C46475A002154F8232064
:1066900092F899601FE002EB011090F80FC0BCF176
:1066A000000F16D0B0F808C0BC4512D190F80AC04F
:1066B000AC450ED190F80B80C8450AD190F80C80FB
:1066C000D84506D190F80DC0D44502D10120BDE8CF
:1066D000FC9F491CC9B28E42DDD85B1CDBB2022B89
:1066E000D3D30020F3E72DE9FC5F00F570741F465B
:1066F00000269246DDE90C598B4680462A46204604
:106700004B46FFF7E9FCCAEB0A1329460820354639
:1067100000EB830C787901904A46334660F3070515
:10672000D8F8000030F80C80002094F899C0C146D9
:1067300068F30F0697F80680CDF8008097F803E01D
:106740006AF3174668F30F254FF0010868F3174501
:106750006EF31F6663F31F6523E0231893F89080A0
:1067600004EB0013D8451AD1B3F80880C84516D1F8
:1067700093F80A80D04512D193F80B80F0450ED1E2
:1067800093F80C80019FB84509D15F7B009B9F4225
:1067900005D104EB0010C56080E8460019E0401CFC
:1067A000C0B28445D9D8BCF1090F02D30020BDE89E
:1067B000FC9F04EB0C10C56080E8460094F899201B
:1067C00004F1900002F800B094F89900401C84F89D
:1067D00099000120EBE7F0B518B190F899208A42B2
:1067E0000FD80020F0BD00EB011404F11005431890
:1067F000E2CD02C4D1B284E8E00093F8912083F89E
:1068000090204A1C90F89930D4B29C42EBD3DAB273
:10681000521ED2B200F1900300EB021400F8992F3F
:10682000002121606160A160E1600078C154012015
:10683000F0BD012210B502E0491C80F8BB1390F8AE
:10684000BB13072905D290F8BA3302FA01F42342A8
:10685000F2D010BD2DE9F05F5FEA00089A461546B8
:106860000F46DDE90AB60AD04FB1BAF1000F06D0E3
:106870005FEA0B0003D016B10DB1280602D5042043
:10688000BDE8F09F98F8BF03B8B100244FF00109AC
:1068900009FA04F0C0B2054221D097F82C11014248
:1068A00002D10A203470EBE704EB840007EBC00050
:1068B000406920B10F203470E2E70520E0E70BEBE0
:1068C00084010AEB8400D1ED000A90ED000A012258
:1068D0002146404600F009F808B13470D0E7641C46
:1068E000E4B2072CD4D30020CAE710B514462DED2E
:1068F000028B84B0B0EE608AF0EE408A6A46FFF701
:1069000057FC00280ED118EE900AE5F7C9FD40B1FA
:10691000DDED000AB0EEE80AB4EEE00AF1EE10FA9E
:1069200004DD0D2004B0BDEC028B10BD18EE100A82
:10693000E5F7B6FD90B12CB1B5EEC08AF1EE10FAD4
:106940000CD904E0B5EEC08AF1EE10FA06D39DED45
:10695000030AB4EEC80AF1EE10FA01D20E20E1E704
:106960000020DFE7002902D00068091D425070476F
:10697000002901D000684250704700002DE9F04125
:10698000002204462121F7F7E1FC00287ED0608C2C
:1069900040F48050608401E0FFF7F0FF00212046C2
:1069A000FAF77AFB0028F7D12046FAF741FC0646B1
:1069B0000020F8F76BFD002705461CE0A86AA042FE
:1069C00002D0E86AA04203D121462846F8F7E6FD46
:1069D000686BA04200D16F63686DB04207D1F8F7D1
:1069E0005FFDA04203D121462846F8F7D7FD28468F
:1069F000F8F74CFD0546002DE0D12046E6F78DFD69
:106A0000606804260028204602D0FAF71CFC2BE020
:106A1000FAF7E0FB05460020EA68696A05E000BF76
:106A200052F82030A3420AD0401C8142F8D806E038
:106A3000E96806EB80028A5841F82020401C696A08
:106A4000491E8142F4D8686A401E6862EA68810083
:106A50001046F9F731FCE8601CE0096806EB80029B
:106A60008A5841F82020401C616889684A68521E93
:106A70008242F2D8606880684068401E4860626860
:106A8000810090680068F9F717FC00E007E0616892
:106A9000896808602046BDE8F041F9F7E9BBBDE828
:106AA000F0810022C9B2FCF7CABC10B500B90120C0
:106AB00007F02CFB002010BD10B507F0EDFB002007
:106AC00010BD7FB50D4641690446B0F9080081B19B
:106AD000A16971B1FDF7DAFFD4E905122B468DE803
:106AE00007002269D4E9001007F0B7FD039004B055
:106AF00070BDFDF7CBFF03A92B46CDE90001228A2B
:106B0000D4E9001092B207F07BFD012801D00020EB
:106B1000EDE70398EBE710B592B00C460A46014644
:106B20006846EEF787F99DED010AF2F771F9002842
:106B300043D09DED020AF2F76BF9F0B39DED030A25
:106B4000F2F766F9C8B39DED040AF2F761F9A0B354
:106B50009DED010ADDED020AB4EEE00AF1EE10FA55
:106B60006EDA9DED030AB5EEC00AF1EE10FA67D9B0
:106B70009DED040AB5EEC00AF1EE10FA60D9F4B347
:106B80009DF80100C8B19DED0D0AF2F741F9A0B1E1
:106B90009DED0E0AF2F73CF978B19DED090AF2F786
:106BA00037F950B19DED0A0AF2F732F928B19DED9F
:106BB0000B0AF2F72DF900B100E03DE09DED0C0A63
:106BC000F2F726F9C0B39DED091AB5EEC01AF1EE41
:106BD00010FA35DDDDED0B0AF5EEC00AF1EE10FA24
:106BE0002EDD9DED0D0AB4EEC10AF1EE10FA27DBA1
:106BF0009DED0A1AB4EEC10AF1EE10FA00E01CE0B5
:106C00001ED89DED0E0AB4EEE00AF1EE10FA17DB85
:106C1000DDED0C0AB4EEE00AF1EE10FA10D80F9890
:106C200064280DD3DDE90F10884209D3B0F57A7FCF
:106C300006D8012012B010BD02E09DF80000F9E76F
:106C40000020F7E77FB5D1E92D45CDE9022305A264
:106C5000CDE90054D1F8A430002100F087FA04B047
:106C6000042070BD6572726F7220256C752062659C
:106C70006E636820252E2A7320636F64653D25733B
:106C8000206669656C643D25730000002DE9FC41B8
:106C900004460E4600201746019094F81804022876
:106CA00012D200EB400101EBC01004EB800510464E
:106CB000D9F703FF01462A4601A800904FF402735A
:106CC0003846ECF7EDF910B10520BDE8FC810198DC
:106CD000A5F8080285F80A6294F81804401C84F8A4
:106CE00018040020F1E770B5060015460C460CD0DC
:106CF0005CB155B12068696800EB01020BB101215C
:106D000000E000211144A02901D9002070BD8BB101
:106D1000202131542068401C2060D5E90012304405
:106D2000D9F73FFF68680021226810442060315481
:106D3000012070BD2068F0E770B506460D4610EEE4
:106D4000100A1A498AB01446884206D210EE100A78
:106D50001749884201DA9FED170A202116A2B7EEE3
:106D6000C00A02A88DED000BD9F78CFC002801DBCE
:106D7000202802D300200AB070BD02A900E0401E06
:106D800050B10A1812F8012C302AF8D00A1812F85B
:106D9000012C2E2A00D1401E002209A30A542246AB
:106DA00030460091294600F023F9E4E76F1203BA58
:106DB0006F12033A00000000252E33660000000029
:106DC000257300000FB430B5ADF5017D0C4687ABDF
:106DD000054640F201216846869AD9F739FC002819
:106DE00002DBB0F5007F05D905200DF5017D30BC33
:106DF0005DF814FB6A4621462846FFF747FFF4E793
:106E00002DE9FF415FF000041D4616460F468046FF
:106E100005EB840090ED000AB7EEC00A8DED020B81
:106E20008CB10AA032460AA339460090404600F0D1
:106E3000DFF8002804D0641CE4B2072CE8D301205A
:106E400004B0BDE8F08104A0ECE700002C000000D5
:106E50002573252E33660000000000002DE9F04F59
:106E6000ADF5077D90460122044600201F460146ED
:106E7000CDF8140200EB800304EBC30303F5804359
:106E8000D3F8643C1BB102FA00F3DBB21943401C97
:106E9000C0B20728EED304F5804640F2012904A8C9
:106EA00096F87C3DD6F8142FCDE90231CDE90028C3
:106EB0003E4B85AA494600F09BF800286CD000257F
:106EC000002D05EB850004EBC00000F5804090F834
:106ED000700C65D036A1CDE9001036A3494685AACD
:106EE00004A800F085F8002856D06D1CEDB2072DDF
:106EF000E6D332A3CB4685AA494604A800F078F829
:106F0000002849D0002544F6504A4FF0FF3900BF11
:106F100005EB850104EBC10101EB0A00D0E9062C69
:106F2000484652EA0C0113D0B8EB020177EB0C0192
:106F30000ED3B8EB0200002367EB0C014FF47A721A
:106F4000D9F70EFB0022D0F1FF338A4100D2484628
:106F500045B317A1CDE900101BA3594685AA04A883
:106F600000F046F8002817D06D1CEDB2072DCFD3E6
:106F700096F8C80B00F0D0F915A3594685AA0090E1
:106F800004A800F035F8002806D09098022104AA41
:106F9000FFF77CFE40B100200DF5077DBDE8F08FC6
:106FA00005A198E704A1D5E70120F5E794BB040803
:106FB0002C00000025732575000000002061676526
:106FC0005F6D733D000000002573256C75000000A7
:106FD0002061726D5F73746174653D2573000000FC
:106FE0000BB1FFF7A9BE01A300F002B83F000000FB
:106FF0000FB470B50D4611681446A9420CD26E1A32
:10700000079A0844314608ABD9F722FB002803DB76
:1070100021686A1A824203D8002070BC5DF814FB14
:10702000084420600120F8E72DE9F047050090466C
:1070300089460ED0B8F1000F0BD095F8180402283D
:1070400007D24046D9F739FD461C0446B6F5807F85
:1070500002D90520BDE8F08795F81804224600EB18
:10706000400101EBC010414605EB80073846D9F7D7
:1070700098FD3A190A20385500215170A7F8086286
:1070800087F80A9295F81804401C85F818040846F9
:10709000E0E7000070B591F84C6186B0D1E92B545F
:1070A000D1F8A430022E08D000940021CDE901527D
:1070B00008A200F05BF806B070BDD1E92D61009424
:1070C000CDE9036209A2CDE90151002100F04EF89B
:1070D000F1E700006572726F7220256C7520252E15
:1070E0002A7320636F64653D257300006572726FBB
:1070F0007220256C7520252E2A7320252E2A7320B8
:10710000636F64653D257300F0B515460E4607466E
:107110002DED028B81B0B0EE408A089C009310A345
:10712000FFF766FF002817D05CB101B02A46B0EE29
:10713000480ABDEC028B31463846BDE8F040FFF707
:10714000FBBD01B02A4631463846BDEC028B06A392
:10715000BDE8F040FFF74CBF01B0BDEC028BF0BDC5
:107160002025733D000000003F0000000FB42DE912
:10717000F04105000E4605D0089A1AB195F818049A
:10718000022804D30520BDE8F0015DF814FB00EBF4
:10719000400101EBC0104FF4807705EB80043946C5
:1071A00009AB2046D9F754FA0022002804DBFF2857
:1071B00002D8411CB94201D92270E3E727180A23FB
:1071C00023547A70A4F8081284F80A6295F8180417
:1071D000401C85F818040020D5E700002DE9F04197
:1071E00000241D4616460F46804607E034B10DA325
:1071F000324639464046FFF7FBFE80B105EB84007E
:107200003246394690ED000A4046FFF795FD30B111
:10721000641CE4B2072CE9D30120BDE8F081002012
:10722000FBE700002C0000002DE9F041C4B004464B
:10723000002088461D461746429004F580400146CE
:107240004A9E0023D0F8380C4FF47A72D1F83C1CD7
:10725000D9F786F9CDE900504FF4807522A329466D
:1072600042AA02A8FFF7C4FE00283AD044F6E03054
:107270002946231842AA02A8FFF7B0FF80B31EA335
:10728000294642AA02A8FFF7B3FE48B344F6FC30F1
:107290002946231842AA02A8FFF7A0FF00B304F56D
:1072A0008044294616A342AA94F8480C009002A8EC
:1072B000FFF79EFEA0B15EB194F8C80B03F0F6FA9A
:1072C00012A3294642AA009002A8FFF791FE38B106
:1072D00002AA39464046FFF7A7FE44B0BDE8F08158
:1072E000FFE70520F9E70000257320745F6D733D0B
:1072F000256C7520713D00002071643D0000000088
:107300002076616C69643D253032780020737461A9
:1073100074653D2573000000082815D2DFE800F0F1
:107320000406080A0C0E101208A0704709A0704746
:107330000BA070470DA070470FA0704711A07047B9
:1073400012A0704713A0704715A07047424F4F54CA
:107350000000000053454C465F5445535400000064
:10736000554E414C49474E45440000004449534165
:10737000424C454400000000454E41424C494E47B6
:107380000000000052454144590000004D4F56494D
:107390004E47000053544F5050494E4700000000E4
:1073A0004641554C540000002DE9F04104001646BA
:1073B0000F4654D0F7B3EEB3002038700546306066
:1073C0000FE0306808B1012300E00023314604EBF0
:1073D000C5023846AC32FFF786FC00283DD06D1C54
:1073E000EDB294F84C01A842EBD800250CE000BFA8
:1073F00004EBC502314601233846BC32FFF773FC6B
:1074000000282AD06D1CEDB294F84D01A842EFD8A7
:1074100000251DE004EB05103146CC3001238046E9
:1074200002463846FFF75FFC20B10E4A0023314682
:10743000384600E013E0FFF756FC80B100233146E8
:1074400008F108023846FFF74EFC40B16D1CEDB262
:1074500094F84E01A842DDD80120BDE8F08100205B
:10746000FBE70000DCEE0208002808D000F58040B1
:10747000002190F84D2F80F84E2FC0F8241F704740
:1074800040F21A41D9F70CBC082813D2DFE800F00B
:10749000120406080A0C0E1007A0704709A07047D6
:1074A0000EA0704712A0704715A0704718A0704733
:1074B00019A070471DA070476E6F745F726561649C
:1074C00079000000706F736974696F6E5F6F757417
:1074D0005F6F665F72616E6765000000737065655F
:1074E000645F6F75745F6F665F72616E67650000E1
:1074F0006661756C745F70726573656E7400000010
:107500007374616C655F666565646261636B0000DE
:1075100074696D656F757400666565646261636B3F
:107520005F74696D656F7574000000006163746954
:107530006F6E5F6661696C6564000000092816D291
:10754000DFE800F0150507090B0D0F11130009A066
:1075500070470BA070470D4870470DA070470EA0F4
:1075600070470FA0704710A0704711A070471248D5
:107570007047000076616C6964617465000000000A
:10758000646973636F76657279000000749A02080B
:10759000636C656172000000656E61626C6500007D
:1075A0006D6F74696F6E0000686F6C64000000009E
:1075B00064697361626C650054A4020870B500F5DB
:1075C0008045084E5A40D5F8104FD5F8080F641C76
:1075D000C5F8104F484004FB06F15040484000D128
:1075E000204670BDB979379E2DE9F0410F4604461B
:1075F0000846D9F762FA064610E02C212046D9F752
:1076000002FA050011D0281BB04205D13246394696
:107610002046D9F77BFA60B125B16C1C14B12078F3
:107620000028EAD10020BDE8F0812046D9F745FACC
:10763000EAE70120F7E770B506460D46084603F075
:1076400081FAD0B995F86A0006F5804438B994F803
:10765000380F20B195F8640003280ED107E095F8A3
:107660006400032803D0D4F8200F30B921E094F847
:107670004F0F94F8501F884201D0002070BD44F68F
:107680000800294680223044D9F7D0FAE86DC4F8C2
:10769000200F95F86A0084F8290F286EC4F8300F7F
:1076A00004F5726494F82F00401C84F82F00012028
:1076B00070BD29463046BDE8704002F023BF00008F
:1076C0002DE9F043894606460021884601EB01106A
:1076D00006EB401090F824420830B4B1D0E982544F
:1076E000571B73EB04070CD3DFF82CC0551B63EB5F
:1076F00004040027BCEB0505A74102D280F81C82D8
:1077000003E0D0F810524D4504D0491CC9B22029DD
:10771000DCD30020BDE8F0830087930310B504009C
:1077200008D0FFF7ADFE2046BDE81040002102A2C0
:10773000FFF71CBD062010BD6572726F72203020ED
:10774000706172736520636F64653D6C696E655F1F
:10775000746F6F5F6C6F6E67000000002DE9F0437F
:1077600091F85160C5B091460C468046A6B3012EF3
:1077700034D0032E34D0A5A5D4E90E32D4E910714B
:107780000020B7EB030C71EB020C0ED3F81A61EB7F
:10779000020100234FF47A72D8F7E2FE0022D0F102
:1077A000FF338A4101D24FF0FF3094F850100B297B
:1077B00018D0092923D094F85720002A70D0012925
:1077C00049D00A2947D08A1E072A7BD2DFE802F077
:1077D0007476787A7A72B3008EA5CDE790A5CBE760
:1077E00091A5C9E708F58040002192A2D0F8183F82
:1077F0005B1CC0F8183F4846FFF7B8FC11E04EB1DB
:10780000022E11D000950021A36C99A24846FFF7E3
:10781000ADFC06E094F856109DA2CDE90001A36CE2
:10782000B4E000287DD0E8E02146684601F0BCFFC6
:107830009DE80700C2F307233BB101AB0095D2B22C
:1078400083E80700A36CA2A254E00095AEA2CDE9A4
:107850000101A36C76E0012909D0B9A7022E08D056
:10786000002E1FD0CDE90075A36CB6A28EE0BCA798
:10787000F4E72146684601F097FF9DE80700C2F350
:1078800007233BB101AB0097D2B283E80700A36C9A
:10789000B5A22FE00097C3A2CDE90101A36C51E08E
:1078A0005FE00FE094F85610CDA20097CDE90101FA
:1078B000A36C47E0DAA20FE0DBA24BE0DCA249E0D8
:1078C000DDA20AE00729DEA206D0082933D002296A
:1078D00040D003293ED000E08EB1002005293CD0E5
:1078E00003293CD0D8A100BFCDE90210CDE9002585
:1078F000A36CD7A200214846FFF738FC91E794F823
:10790000560094F8602094F85F3094F85E6002406E
:1079100094F85D100340064002960140CDE9005105
:1079200000E066E0CDE90332D24A0021A36C48466C
:10793000FFF71CFC75E756B100210095CEA2CDE9FA
:107940000101A36C00214846FFF710FC69E794F899
:107950005610F2E794F85600C0E7D6A1C4E730A16C
:10796000C2E74FF480774FF0000211B1062926D00C
:1079700000E086B1022942D0032942D0042942D036
:10798000AFA000BFCDE90005A36CCCA20021484602
:10799000FFF7ECFB45E74292CFA3A06C42AACDE9EA
:1079A000000502A83946FFF723FB30B342AA23465D
:1079B00002A83946FFF712FCF8B102AA14E043927C
:1079C000CDA3A16C43AACDE900153946029003A8C6
:1079D000FFF70EFB88B194ED070A43AA394603A8C6
:1079E000FFF7AAF948B103AA48460021FFF71CFB9C
:1079F00017E7012045B0BDE8F0830020FAE78AA030
:107A0000C0E78BA0BEE78CA0BCE700006661696C94
:107A100065640000636F6D706C65746564000000E0
:107A200073746F707065640063616E63656C6C6520
:107A3000640000006576656E7420256C75206C69A5
:107A40006E6B5F74696D656F757420656C617073C2
:107A500065645F6D733D3130303020616374696FF0
:107A60006E3D73746F705F64697361626C65000072
:107A7000646F6E6520256C752062656E6368206D8D
:107A80006F766520726573756C743D257300000018
:107A9000646F6E6520256C752062656E6368206D6D
:107AA0006F766520726573756C743D636F6D706C75
:107AB0006574656420656C61707365645F6D733DAA
:107AC000256C75206D6F746F72733D2530327800B0
:107AD000646F6E6520256C752062656E6368206D2D
:107AE0006F766520726573756C743D2573207374B1
:107AF0006167653D257320636F64653D2573206D67
:107B00006F746F723D257500646F6E6520256C750E
:107B10002062656E6368206D6F766520726573758F
:107B20006C743D25732073746167653D2573206314
:107B30006F64653D2573206D6F746F723D3F00006B
:107B40006D697400646F6E6520256C752062656ECA
:107B5000636820257320726573756C743D2573000E
:107B60006D6F646500000000646F6E6520256C75A4
:107B70002062656E636820257320726573756C746E
:107B80003D6661696C65642073746167653D25734A
:107B900020636F64653D2573206D6F746F723D25A2
:107BA00075000000646F6E6520256C752062656E3F
:107BB000636820257320726573756C743D66616916
:107BC0006C65642073746167653D257320636F6421
:107BD000653D2573206D6F746F723D3F000000009E
:107BE000646F6E6520256C752062656E6368202564
:107BF0007320726573756C743D636F6D706C657422
:107C0000656420656C61707365645F6D733D256CA0
:107C100075206D6F746F72733D25303278000000EF
:107C2000696E697400000000656E61626C65000039
:107C300073746F700000000064697361626C6500AA
:107C4000636C656172000000656E61626C65640062
:107C5000646F6E6520256C752062656E63682025F3
:107C60007320726573756C743D25732025733D25F3
:107C70003032780014C00408646F6E6520256C757E
:107C80002062656E6368206A6F6720726573756C29
:107C9000743D257320656C61707365645F6D733D21
:107CA000256C7520617272697665643D2530327885
:107CB000000000006661756C74000000646F6E6502
:107CC00020256C752061726D202573207265737597
:107CD0006C743D2573000000646F6E6520256C7523
:107CE0002061726D20616C69676E20726573756CBE
:107CF000743D257320713D00646F6E6520256C75A1
:107D00002061726D206D6F766520726573756C747D
:107D10003D257320656C61707365645F6D733D25EF
:107D20006C75206D61785F6572726F725F646567F4
:107D30003D0000002DE9F04FADF5077D1746050029
:107D40004FF0000099468346909E85903AD0002ED1
:107D500038D03046FFF794FB05F5804494F8550F72
:107D600048B13A464B462846009600F0FDF90DF51D
:107D7000077DBDE8F08F94F8570F18B394F8560FAD
:107D800000B394F85A0FF8B194F8590F94F8C81B3F
:107D9000884227D0D4F8182F80460846521CC4F8D1
:107DA000182FFFF7B9FA82464046FFF7B5FACDE93A
:107DB000000A02970021D4F8183F9CA23046FFF732
:107DC00001F848B10020D2E794F8C81B012084F8DC
:107DD000591F84F85A0F05E094F8C81B4FF0010BA7
:107DE00084F8591F94F8532F002A7DD000239B4814
:107DF0001946D8F7B5FB05F5804303F6E863CDE9EE
:107E0000000103CB50EA010203D0381A79EB0102DA
:107E100001D3012000E00020824644F6A0602844FF
:107E20008FA18046FFF7E0FB90B1BBF1000F0DD1B1
:107E300005F580400146D0F8F00ED1F8F41E50EA66
:107E4000010203D0381A79EB010201D3012100E0CD
:107E500000218B465AEA0B00C7D0BAF1000F78D048
:107E6000DDE9002144F6E86C44F6EC63BA1840F210
:107E7000012A49EB01004CF805205851D4F8140FA1
:107E800079A385AA401CC4F8140FD4F8381CCDE996
:107E9000000104A85146FFF7ABF80028A5D07AA14D
:107EA0004046FFF7A1FB88B179A3514685AA04A8F3
:107EB000FFF79EF8002898D044F6E03051462B1882
:107EC00085AA04A8FEF79CFF00288ED072A1404628
:107ED000FFF78AFB98B172A3514685AA04A8FFF761
:107EE00087F80028B8D000E09DE044F6FC30514609
:107EF0002B1885AA04A8FEF783FF0028ACD06BA13D
:107F00004046FFF771FB88B16AA3514685AA04A8D1
:107F1000FFF76EF800289FD044F6184051462B1802
:107F200085AA04A8FEF76CFF00287CD064A1404617
:107F3000FFF75AFBB0B194F8C80BFFF7EDF994F8CE
:107F4000DF2B94F8DE3B94F8DD1B03928DE80B00E9
:107F500000E04DE05CA3514685AA04A8FFF748F86D
:107F6000002860D03EA14046FFF73EFBF0B1012261
:107F70000021084600EB800305EBC30303F58043B3
:107F8000D3F8643C1BB102FA00F3DBB21943401C86
:107F9000C0B20728EED394F87C0D57A3CDE90001B9
:107FA00085AA514604A8FFF723F8E0B35DA1404637
:107FB000FFF71AFB68B104F68850D4F8982D5BA33C
:107FC00003C88DE8070085AA514604A8FFF710F8FA
:107FD00048B394F8480C5FA385AA5146009004A8C2
:107FE000FFF706F8F8B10221304604AAFEF74EFE6C
:107FF000BBF1000F17D096F81804022813D2594B82
:1080000044F6F062101DFB1849F100015351415133
:10801000D4F8140F3A464B46401CC4F8140F2846B7
:108020000096FEF71BFF96F81804A0E6455654206C
:10803000256C752053544154455F4348414E474594
:10804000442066726F6D3D257320746F3D2573204B
:10805000745F75733D256C750000000040420F0091
:108060006D6F746F7200000054454C20256C7520B4
:108070004A4F494E545F535441544520745F7573C1
:108080003D256C75000000006A706F7300000000F1
:1080900020715F6465673D006A76656C00000000D2
:1080A0002071645F6465675F733D00006A746F727E
:1080B00000000000207461755F6E6D3D00000000DF
:1080C00073746174650000002061726D5F73746188
:1080D00074653D257320616C69676E65643D257527
:1080E00020656E61626C65643D2575206D6F7669F3
:1080F0006E673D2575000000206D6F746F725F76AE
:10810000616C69645F6D61736B3D2575206D6F7483
:108110006F725F6661756C745F6D61736B3D257521
:108120000000000064696167000000002063616E68
:108130005F72783D256C752063616E5F74783D25B4
:108140006C752071756575655F68776D3D256C751B
:10815000000000002076616C69645F6D61736B3DA7
:1081600025750000A08601002DE9F04387B0044684
:1081700000F5804690461D46DDF8389096F8560F7B
:1081800010B396F8532FFAB196F8547FE7B1D6F8AA
:10819000E81ED6F8EC0E51EA000304D0B8EB01015A
:1081A00075EB000034D300231C481946D8F7D8F9E2
:1081B00004F5804318EB000003F6E8634D41012FFE
:1081C00021C302D0022F09D022E001204946022219
:1081D000009013A32046FFF727F818E005A80090A9
:1081E00044F6C83006AB04AA03A9204402F018FCE8
:1081F0009DF814209DF810109DF80C008DE80700E4
:1082000096F87C3D02210A4A4846FEF7AFFF18B1B6
:10821000002007B0BDE8F0830120FAE740420F00DC
:108220006461746120353031206A6F696E74730047
:10823000B0C004082DE9F04FAFB082460020904650
:1082400099460C46DDF8E0B080218DF8880002A840
:10825000D8F748FD23A9204602F070FB40B19DF8F5
:108260008C00092806D0012804D00A2802D004E096
:1082700099A234E0D4F8A40020B194F84D0101286B
:1082800019D108E098A321469AA25846FEF7DAFCD5
:108290002FB0BDE8F08F0021204626AA04F0A8FEEA
:1082A00048B10AF58046012702ADD6F81C0F0DF142
:1082B0006E0178B90BE0D4E92D1092A2CDE900014E
:1082C000D4F8A43000215846FEF750FF76E0D6F8E7
:1082D000200F48B19DF88C00032871D10AE0214697
:1082E0005846FEF7D7FE69E09DF88C000A2812D0A8
:1082F000092817D026A801F015FC0028DBD09DF82E
:108300008C0001287AD0082894F84E017ED00028ED
:108310006CD078A2E3E726A95B462A46204601F006
:1083200069FA70E022AB24AA26A801F0AFFB18B1CD
:10833000D4F8A43080A223E02BAA20468BA104F01D
:1083400035FED0B129AA20468BA104F02FFEE0B162
:1083500094F84E010228DCD19DF8882002AB24A9B4
:108360002BA801F016FC002815D0022811D061A01E
:108370000090D4F8A43082A21CE0D4F8A4308BA2E0
:1083800000215846FEF7F2FE18E0D4F8A43095A27A
:10839000F6E7A1A0ECE79DF8882009AB24A929A85D
:1083A00001F0F7FB78B102280BD052A00090D4F86E
:1083B000A4309DA200215846FEF7D8FE042067E7AE
:1083C00087E095A0F2E7002024A912E00A5C05EB03
:1083D000820292ED070AB5EEC00AF1EE10FA06D855
:1083E000D4F8A4309BA2CBE708E00FE04CE0401C9F
:1083F000C0B29DF888209042E8D345E002A95A46D1
:10840000204601F011FB0028D9D13DE002280AD115
:108410002BAA20469CA104F0C9FD20B129A92BA8B4
:1084200004F08DFF18B1D4F8A43099A2A8E72DAAC2
:10843000204651A104F0BAFD20B12AA92DA804F0CC
:108440007EFF18B1D4F8A4309EA299E7DDED2A0A88
:10845000F5EEC00AF1EE10FA03D8D4F8A430A6A2C3
:108460008EE79DED290A00209DF86E1007FA00F2B4
:10847000114205D005EB800181ED000AC1ED070A2C
:10848000401CC0B20728EFD39DF88C008DF86C001B
:10849000D4F8A43001281993D6F80C3F1A93CDE9EB
:1084A000108903D00A2801D08DF86F7002A95046B8
:1084B0008DF87170FFF7BFF858B1D4E92D109BA269
:1084C000CDE90001D4F8A43000215846FEF74EFE55
:1084D000DEE69EA203E70000756E6B6E6F776E5F3F
:1084E000636F6D6D616E6400726571756573745F45
:1084F000696400006261645F617267756D656E74C6
:10850000000000006572726F7220256C7520626534
:108510006E636820252E2A7320636F64653D626157
:10852000645F617267756D656E74206669656C6401
:108530003D6D6F746F7273006572726F7220256C7F
:10854000752062656E6368206D6F766520636F6469
:10855000653D6261645F617267756D656E7420660A
:1085600069656C643D6D6F746F727300706F7369D1
:1085700074696F6E00000000737065656400000030
:108580006572726F7220256C752062656E6368205B
:108590006D6F766520636F64653D25732066696540
:1085A0006C643D706F736974696F6E006572726F91
:1085B0007220256C752062656E6368206D6F76652C
:1085C00020636F64653D6261645F617267756D65AC
:1085D0006E74206669656C643D706F736974696F51
:1085E0006E0000006572726F7220256C75206265E6
:1085F0006E6368206D6F766520636F64653D6261B0
:10860000645F617267756D656E74206669656C6420
:108610003D73706565640000636F756E745F6D69AE
:10862000736D6174636800006572726F7220256CEF
:10863000752062656E6368206D6F766520636F6478
:10864000653D2573206669656C643D73706565647E
:10865000000000006572726F7220256C75206265E3
:108660006E6368206D6F766520636F64653D6F751E
:10867000745F6F665F72616E6765206669656C64C2
:108680003D7370656564000064656C746100000092
:108690006572726F7220256C752062656E6368204A
:1086A0006A6F6720636F64653D6261645F617267D2
:1086B000756D656E74206669656C643D64656C7487
:1086C000610000006572726F7220256C7520626512
:1086D0006E6368206A6F6720636F64653D626164E2
:1086E0005F617267756D656E74206669656C643D67
:1086F00073706565640000006572726F7220256C8E
:10870000752062656E6368206A6F6720636F6465B9
:108710003D6F75745F6F665F72616E676520666935
:10872000656C643D73706565640000006F6B2025A7
:108730006C752062656E636820252E2A7320616344
:108740006365707465643D31000000006275737983
:10875000000000002DE9F04F85B016461F46884600
:108760000546DDF838B0EAF763FE05F58044824639
:10877000D4F81C0F10B194F8280F48B1D4F8200F8A
:1087800010B194F8290F18B198F84D0128B901E0FB
:1087900031A203E098F84E0140B131A2414658465B
:1087A000FEF778FC042005B0BDE8F08F4FF4884157
:1087B00005F10800D8F796FA4FF00009284684F82A
:1087C0004C9F00F097FF68B994F84D1F84F84E1F36
:1087D00094F84F1FC4F8249F84F8501F94F8510F49
:1087E00084F8520F3246D8F8A4103B462846FEF7CC
:1087F000E5FE05F58042C4F80C0F02F56E6001211C
:1088000084F8571F84F8589F05F58045C0C002467C
:1088100084F8539F84F8549F072384F8551FC2E9B6
:10882000006796604FF47A72C5F8F47EC4F8149F1E
:10883000C4F8189F0E48D4F8081FCDE901030AF1C7
:1088400020000090CDE903120A4A0121D8F8A43093
:108850005846FEF78BFCA6E76275737900000000AE
:108860006261645F617267756D656E74000000001F
:10887000D4EE0208BCBF04087CB5044690F84E0153
:108880000D46002841D194F84D0101283DD840B152
:1088900000216A46204604F0ABFB0198042804D06E
:1088A00009E0214AD4F8A43039E0009804221FA13D
:1088B000D8F72CF918B10198062804D009E01D4A10
:1088C000D4F8A4302BE0009806221BA1D8F71EF99B
:1088D00018B10198032804D009E0194AD4F8A4304B
:1088E0001DE00098032217A1D8F710F918B10198DC
:1088F000052804D009E0D4F8A43013A20FE00098B2
:10890000052221A1D8F702F930B121A2214628463B
:10891000FEF7C0FB04207CBD214AD4F8A43001211D
:108920002846FEF723FC7CBDD0BE040873686F7731
:108930000000000094BC040873747265616D00004F
:1089400004BB040861726D006F6B20256C75206894
:10895000656C702061726D20636F6D6D616E647304
:108960003D616C69676E2C656E61626C652C6D6F24
:1089700076652C73746F702C64697361626C652CFE
:10898000636C65617200000062656E6368000000E0
:108990006261645F617267756D656E7400000000EE
:1089A000DCBC04082DE9F04F87B04FF00008054605
:1089B00091469A460E46DDF840B047468DF80C8049
:1089C0008DF810808DF814808DF8188091F84D0185
:1089D00010B996F84E0138B11E4A5846FEF75AFBB8
:1089E000042007B0BDE8F08F05F5804494F8560FD9
:1089F00088B194F8C87B06A8009044F6C83005AB4F
:108A000004AA03A9284402F00BF894F8DE0B10B175
:108A10007F208DF80C0094F8570F48B144F6E062BF
:108A200042F8059005F58045C5F8E4AE84F8588F06
:108A3000384601F03BFF9DF80C20D4F8081F029146
:108A40000121CDE90002D6F8A43003A25846FEF772
:108A50008DFBC6E744A402086F6B20256C7520705F
:108A6000696E672073746174653D257320656E615E
:108A7000626C65643D2530327820626F6F743D25ED
:108A80006C7500002DE9F047054692460C462DED29
:108A9000028BCEB091F84E0118B994F84D0101281F
:108AA00001D97FA26EE0286849A9E9F7A5FF8046B1
:108AB00094F84D014FF00009E8B10021204647AA83
:108AC00004F096FA00285BD046A947A801F0B2F856
:108AD000002855D04698411E072957D3D4F8A43012
:108AE000002173A25046FEF741FB04204EB0BDECBE
:108AF000028BBDE8F0873C222F680121002630461A
:108B0000C0EB001302EB8303FB5CDB4313F0FF0FAE
:108B100003D101FA00F3DBB21E43401CC0B20728A8
:108B2000EED30025CDF89C90C5EB051007EB800037
:108B30000189C2880079FDB16AA300BFCDE9003088
:108B4000CDE90221802168A327AA04A8FEF750FAE4
:108B5000A0B16D1CEDB2072DE6D3279904A8EAF762
:108B60007FFAFF228DE84501624A0121D4F8A43042
:108B70005046FEF7FBFAB9E75F4BDFE74846F0E700
:108B800047A221465046FEF785FAAEE7C0EB00113A
:108B90002A686FF03703CDF8109103EB8100D4F809
:108BA000A4101418469B4FF48077A2886088A56BA8
:108BB000CDE90013CDE9020250A3394644AA04A826
:108BC000FEF716FA002868D0E80709D094F90600E5
:108BD00058A344AA3946009004A8FEF709FA05E014
:108BE00055A3394644AA04A8FEF702FA002854D037
:108BF000C5F38010009094ED0B0A50A3394644AAA7
:108C000004A8FEF781FA002847D0C5F340069FED7F
:108C10004D8A00964CA394ED020A44AA394604A852
:108C200020EE080AFEF770FAB0B3009648A394ED60
:108C3000030A44AA394604A820EE080AFEF764FA9B
:108C400050B3C5F38000009094ED040A42A3394666
:108C500044AA20EE080A04A8FEF756FAE0B1C5F3CC
:108C6000C000009094ED050A3EA3394644AA20EEC8
:108C7000080A04A8FEF748FA70B1E8B239463CA3E6
:108C8000009044AA04A8FEF7B3F928B10121504688
:108C900004AAFEF7C9F929E7FFE7052026E7000047
:108CA0006261645F617267756D656E7400000000DB
:108CB0006572726F7220256C752073686F77206300
:108CC0006F6E66696720636F64653D6F75745F6F73
:108CD000665F72616E6765206669656C643D6A6F88
:108CE000696E74003B000000257325753A25753ABE
:108CF0002575000020BF0408589302086F6B2025DB
:108D00006C752073686F7720636F6E666967206A81
:108D10006F696E743D256C75206573633D25303237
:108D200078206D61737465723D25303278206469F6
:108D3000723D0000256400003F000000676561721D
:108D400000000000E12E65426D696E5F646567009A
:108D50006D61785F64656700766D61785F646567F3
:108D60005F730000616D61785F6465675F733200F7
:108D70002076657269666965643D2530326C7800DD
:108D80002DE9F0412DED028B0646904691F84E01FB
:108D9000B4B00D4600287BD195F84D01012877D855
:108DA00006F5804797F8561F002971D006F59B44B9
:108DB00040B10021284632AA04F01AF9339803285A
:108DC00019D01EE097F8C90B01F014FD616CE36E39
:108DD000226BCDE90330CDE90121E06A0121009049
:108DE00040465A4AD5F8A430FEF7C0F934B0BDEC7D
:108DF000028BBDE8F0813298032255A1D7F786FE99
:108E000018B1339806280ED013E004F1400002AEEA
:108E10000FC886E80F00D4E902014E4ACDE90001EF
:108E2000D5F8A4302FE0329806224BA1D7F76EFE7A
:108E300018B1339803282CD031E0D7F8400F40F216
:108E4000E7329FED471B00EE100A4FF49E400023CF
:108E5000B8EE400B805906F5804607F61C7780185F
:108E600080EE018BD6F8041F41F10001521CD7F7A8
:108E700077FB8DED048B396A3A6800923A4ACDE966
:108E80000101D5F8A43001214046FEF76FF9ADE7A6
:108E90001DE03298032235A1D7F738FE18B1339878
:108EA00004280ED013E0D7F8440FE26EA16D8DE8D0
:108EB00007002F4A0121D5F8A4304046FEF756F9A5
:108EC00094E7329804222BA1D7F720FE30B12BA2D1
:108ED00029464046FEF7DEF8042087E7002608AF63
:108EE00004EBC601D1F88400803110B10B688342D5
:108EF00007D906EB460025A107EBC00009880180D1
:108F000008E0009006EB4600182107EBC00020A205
:108F1000D7F7B8FB761CF6B2072EE1D3236A2CA84C
:108F200020AA26A9CDE906101AAC40460DF1380C4E
:108F3000CDE9043214AE184ACDE90264CDE9007CD3
:108F4000D5F8A4300121FEF711F94FE7D8BD040888
:108F500063616E006CBF04086D6F74696F6E000012
:108F60000000000000408F403CBC040875736200A4
:108F7000DCBB040872746F73000000006261645F00
:108F8000617267756D656E74000000003F0000003F
:108F9000256C752F256C750030BE040830B504466D
:108FA00091F84D018DB0154610B991F84E0108B1F8
:108FB000114A12E044F65670005D68B1D1F8A43051
:108FC00030210EA201A8D7F75DFB002801DB302875
:108FD00008D305200DB030BD0D4A2846FEF75AF8DB
:108FE0000420F7E7002029460122009001AB20462B
:108FF000FEF71AF9EEE7000044A402086F6B202583
:109000006C752073686F77206A6F696E74730000E7
:109010003C9502082DE9FF5F04469B4600200E4662
:109020002DED028BCEB04FF0FF39479091F84D01F6
:10903000012819D196F84E01B0B90021304649AA4D
:1090400003F0D6FF80B148A949A800F0F3FD58B15C
:10905000489F791E072909D3D6F8A43000215E98CD
:10906000A3A2FEF783F82EE0AEA228E004F580402C
:1090700090F8562F12B34FF0010C2368C7EB071579
:1090800090F87C2D0CFA01FC0CF0FF0107EB87082F
:109090006FF0370C0CEB850544F6284C04EBC80840
:1090A00003EB050A0A4008EB0C0500D0012290F8FA
:1090B000940E904608420DD001230CE09DA25E98CC
:1090C0003146FDF7E7FF04204EB0BDEC028B04B043
:1090D000BDE8F09F002304EB8702D5E9060102F505
:1090E0009842459392ED960AD2ED9D0AC0FE608AA1
:1090F00050EA010214D0529B1B1A7BEB01020FD3E2
:10910000529A0023101A6BEB01014FF47A72D7F7D1
:1091100027FA0022D0F1FF338A4100D24846814627
:10912000B8F1000F07D095F82000082801D269692E
:1091300019B183A00FE084A00DE0012801D084A024
:1091400009E086496868884202DC8549884201D97D
:1091500084A000E085A0BAF80220BAF80410854B7C
:10916000CDE90310CDE90172D6F8A4004FF4807662
:1091700047AA3146009005A8FDF73AFF00287DD0A8
:1091800095ED000A9FED7C8A47AA314605A820EE9E
:10919000080AFDF7D1FD0028F1D078A3314647AA8F
:1091A00005A8FDF725FF0028E9D095ED010A47AA9B
:1091B000314605A820EE080AFDF7BEFD0028DED0E6
:1091C00072A3314647AA05A8FDF712FF0028D6D0A2
:1091D00095ED020A47AA314605A8FDF7ADFD002826
:1091E000CDD06DA3314647AA05A8FDF701FF0028A1
:1091F0007BD095ED030A47AA314605A8FDF79CFDF3
:10920000002872D066A3314647AA05A8FDF7F0FEF4
:1092100000286AD095ED040A47AA314605A8FDF753
:109220008BFD002861D0696960A3CDE9001947AAC8
:10923000314605A8FDF7DCFE002856D0489847AA1D
:10924000459B3546314604EB800000F5984090ED93
:109250008F0A05A820EE080AFDF7C2FE70B15BA3D5
:10926000294647AA05A8FDF7C3FE38B1489804EB84
:10927000800000F5984090ED960A00E035E0459BAF
:1092800047AA20EE080A05A82946FDF7A9FE60B303
:1092900052A3294647AA05A8FDF7AAFE28B3489875
:1092A00047AA459B294604EB800000F5984090EDC5
:1092B0009D0A05A820EE080AFDF792FEA8B14CA36E
:1092C000294647AA05A8FDF793FE70B1459B47AA1A
:1092D00028EE880A05A82946FDF782FE28B15E9887
:1092E000012105AAFDF7A0FEEEE60520ECE6000050
:1092F0006572726F7220256C752073686F77206DB0
:109300006F746F7220636F64653D6F75745F6F6615
:109310005F72616E6765206669656C643D6A6F693E
:109320006E7400006261645F617267756D656E7472
:1093300000000000756E617661696C61626C6500A9
:109340006661756C74000000616273656E74000084
:1093500064697361626C6564000000006F12833A97
:109360006F1283BA6D6F76696E670000686F6C6408
:10937000696E670050BB0408E12E6542207370657A
:1093800065645F6465675F733D00000020746F7201
:109390007175655F6E6D3D00206D6F735F633D009D
:1093A00020726F746F725F633D000000206661750C
:1093B0006C743D256C75206167655F6D733D256C30
:1093C0007520706D61785F6465673D0020766D6122
:1093D000785F6465675F733D00000000206D617811
:1093E0005F73706565645F6465675F733D0000006F
:1093F000206D6F76655F73706565645F6C696D691C
:10940000745F6465675F733D00000000F0B504465B
:1094100091F84D0195B0164610B991F84E0108B17A
:109420001E4A13E004F5804595F8560F68B1D1F84F
:10943000A43030211AA205A8D7F724F9002801DBAF
:10944000302808D3052015B0F0BD1A4A3046FDF784
:1094500021FE0420F7E714A9204644F6C83C0091F9
:10946000012405AF13AB12AA11A9604401F0D8FA88
:109470000DF1040C9DF850309DF84C209DF84810DB
:109480009DF844008CE80F0095F87C0D3B460A4A95
:10949000214600903046FDF769FED4E744A4020857
:1094A0006F6B20256C752073686F77206D6F746FFC
:1094B000727300003C95020864C004082DE9F04373
:1094C0000D4691F84D1187B0914611B995F84E119E
:1094D00009B1194A0CE000F5804696F8561F31B1E3
:1094E00044F6C8314418A07D50B17F2709E013A28B
:1094F00029464846FDF7CEFD042007B0BDE8F083BD
:109500000027607801F076F98046207801F0CEF9E6
:10951000D6F81C2F0146E37DCDF814800297CDE9E3
:109520000332607D084ACDE90010D5F8A43001214E
:109530004846FDF71BFEE0E744A40208756E61761D
:1095400061696C61626C650084BD04082DE9F047B7
:1095500086B00C463EA190463CA29946DDF838A064
:109560000646204603F0ACFE002894F84D0106F5AF
:1095700080454FF0000713D010B994F84E0108B1A0
:1095800035A247E085F8537F012185F8547F36A244
:10959000D4F8A4305046FDF7E9FD06B0BDE8F087E9
:1095A0000028EDD194F84E010128E9D103AA204604
:1095B00032A103F0FBFC0028E2D005A903A800F0CB
:1095C00039FB0028DCD02FA2204621A103F078FE31
:1095D00010B10120322107E02CA220461CA103F08B
:1095E0006FFEB0B102200A2185F8540F059808B12A
:1095F000884214D985F8547F26A2D4E92D10CDE9EC
:109600000001D4F8A43000215046FDF7AFFD04203E
:10961000C3E72DA221465046FDF73CFDF7E744F68F
:10962000E86385F8530F43F8068006F58046C6F8D0
:10963000EC9ED4E92D12009227A2CDE90110D4F8B6
:10964000A43001215046FDF791FDA6E76F66660044
:1096500073747265616D00006261645F6172677549
:109660006D656E74000000006F6B20256C752073B3
:10967000747265616D206F666600000072617465CA
:10968000000000006A6F696E747300006D6F746F84
:10969000727300006572726F7220256C752073748E
:1096A0007265616D20252E2A7320636F64653D6F9E
:1096B00075745F6F665F72616E6765206669656C61
:1096C000643D726174650000756E6B6E6F776E5FDE
:1096D000636F6D6D616E64006F6B20256C75207318
:1096E000747265616D20252E2A7320726174653D48
:1096F000256C750000F5804110B591F8382F3ABB04
:10970000D1F81C2F1AB191F8282F012A20D0D1F8B6
:10971000202F1AB191F8292F012A19D091F8522F30
:1097200010E000BF02F0070303EB830404EBC30364
:1097300000EBC30303F5804393F8E138012B07D016
:10974000521CD2B291F8513F9342EBD1002010BD90
:10975000012010BD70B504000D4617D044F66071AD
:10976000D7F7C0FAE9F744F9206005B9012504F5F7
:1097700080403221C0F8085F80F8531F44F6A06093
:109780002044BDE8704002A1D7F773B970BD000056
:109790006A706F732C6A76656C2C73746174652CB7
:1097A0006D6F746F720000002DE9F0410D460746A1
:1097B00015F8520FFDF7C2FE06466878FDF764FE05
:1097C0000146A8790022523D60F30704401E062896
:1097D00062F30F2409D8012295F8563002FA00F0FE
:1097E000C0B2034201D062F30F243E60C7E9011406
:1097F000BDE8F0812DE9F04192B014460D460646D1
:109800000020984602AB6A4604F166018DF8080014
:10981000284600F03BF918B99DF80800012801D04E
:1098200062A313E09DF8005004AA62A1304603F041
:10983000BDFB10B361A104A801F05CF94FF0020771
:1098400030B1012184F86510052009E05DA24EE0E9
:1098500060A104A801F04EF978B1072084F8657082
:1098600096F84E1181420AD056A231464046FDF785
:1098700011FC042012B0BDE8F0814EA3E6E706AA71
:10988000304656A103F092FB28B104F1500106A81E
:1098900003F055FD08B151A3D8E794ED140AB5EED5
:1098A000C00AF1EE10FA04D910EE100A4C498842B1
:1098B00001DD4AA31AE008AA30464AA103F076FB6C
:1098C00028B104F1540108A803F039FD08B145A3FB
:1098D000BCE794ED150AB5EEC00AF1EE10FA04D912
:1098E00010EE100A4049884206DD3EA33FA23146F1
:1098F0004046FDF7A7F9BDE70AAA30463FA103F0AD
:1099000055FB28B104F158010AA803F018FD08B16D
:109910003AA39BE70CAA30463BA103F047FB68B192
:1099200003A90CA800F086F940B1039842F2AD6299
:10993000A0F16401914203D333A3D7E732A385E7B3
:109940004FF47A7194F86520A0FB0110022AC4E953
:109950001210C4E9101025D10EAA30462DA103F033
:1099600025FB30B104EB85010EA80D4603F0E7FCA2
:1099700008B128A36AE710AA304629A103F016FB14
:1099800028B105F11C0110A803F0D9FC08B124A3EB
:109990005CE795ED070AB5EEC00AF1EE10FA01D8C2
:1099A0001FA3A3E7002084F8677063E76D6F746FEF
:1099B00072730000616374696F6E0000686F6C649D
:1099C000000000006261645F617267756D656E74AE
:1099D000000000006D6F7665000000006B700000F5
:1099E0000000FA436B6400000000A0406F75745FD4
:1099F0006F665F72616E676500000000746F727160
:109A000075655F66660000006475726174696F6EEB
:109A10005F6D7300706F736974696F6E0000000092
:109A200073706565640000007CB5054690F84E01D2
:109A300016460C46012816D10EA16A46284603F0A8
:109A4000B5FA80B10DA1684601F054F808B10220C2
:109A500005E00BA1684601F04DF820B1012084F823
:109A6000670000207CBD084A02A329463046FDF766
:109A7000E9F87CBD6D6F6465000000006D697400DD
:109A8000706F735F76656C0044A402082DE9FE4F89
:109A90008A464FF000010500994690460F460E4653
:109AA0002CD0BAF1000F29D0B8F1000F26D0B9F1AF
:109AB000000F23D0686808B30022C8F80020A8F877
:109AC0000420144688F8062022E003D02868005DB0
:109AD0002C281CD12868621A08446946CDE9010285
:109AE00001A800F0A7F848B1009838B1072805D8B8
:109AF0000121401E8140C9B20F4202D00120BDE8C1
:109B0000FE8F721C0F4308F80600611CD6B2641C5D
:109B10006868A042D9D28AF800704FF0000089F836
:109B20000060ECE72DE9FE430F464FF00001050011
:109B30000E4688462AD04FB3686838B300241CE02C
:109B400003D02868005D2C2816D12A68601A1144B9
:109B5000CDE9011001A8694600F06CF8B0B1009899
:109B6000A0B1072812D8404510D9421E80460123D3
:109B7000611C9340D8B20643641C6868A042DFD2DF
:109B80003E701EB14FF00100BDE8FE834FF00000B3
:109B9000FAE72DE9FC410F464FF000010500984619
:109BA0004FF001030E4639D0C7B3B8F1000F35D0DE
:109BB0006C689CB392B3072A30D800200BE0D5F82C
:109BC00000C01CF800C0BCF12C0F03D1884208D0A3
:109BD000411C5B1C401C8442F1D88C4201D0934252
:109BE00002D00220BDE8FC811C214046D7F77AF85C
:109BF0000020044618E003D02968095D2C2912D101
:109C0000B95D07290AD22A68231A08EB810110449A
:109C1000CDE90003684603F092FB08B10120E1E7BB
:109C2000601C761CF6B2641C6968A142E3D24FF056
:109C30000000D7E7F0B54FF0000478B171B1456886
:109C400065B100230A2610E00268D25C303A0A2A85
:109C500004D2D743B7FBF6F7A74201D20020F0BDEC
:109C600004EB84045B1C02EB44049D42ECD801200D
:109C70000C60F0BD0B4610B540B13BB100F5804221
:109C800092F8521F92F8514FA14201D1002010BD0D
:109C900092F8521F01F0070101EB810202EBC102B1
:109CA00044F6880100EBC200014418466822D6F74A
:109CB000BDFF012010BD000070B506000D4645D067
:109CC000C5B300F0C7F9B0BB38E000BF94F84E0F41
:109CD00044F20841802200F0070006EBC010014466
:109CE0002846D6F7A3FF94F84E0FD4F8241F401C43
:109CF00084F84E0FF9B195F86A20012A0AD095F838
:109D00006400092806D00A2804D0012814D195F847
:109D1000690080B1E86D88420ED194F82A0F824222
:109D20000AD1286ED4F8341F884205D10020C4F827
:109D3000240F05E00AE0FFE7012070BD06F580442E
:109D400094F84E1F94F84D0F8142BFD1002070BD92
:109D500070B50D460446FFF78DFF18B195F8590010
:109D6000012801D0002070BD04F5804494F8520F02
:109D7000401C84F8520F012070BD00002DE9F04115
:109D800007000E464FF000082DED028BADF5207D4B
:109D9000CDF8788231D0002EFCD007F5804544F60E
:109DA000880400BF95F8520F95F8511F8842F1D0F2
:109DB00095F8520F682200F0070000EB800101EBDC
:109DC000C00007EBC000011984A8D6F72FFF9DF84B
:109DD000690201280ED095F8520FD5F80C1F401CCF
:109DE00085F8520F97988842DCD19DF860020628CA
:109DF00004D058E03046FDF743FBD3E0D5F81C1FF4
:109E0000969888424FD195F8281F9DF8690288429C
:109E100049D1D5F82C1F9798884244D107F5804145
:109E20000846DDE99424D1F8F81ED0F8FC0E531A48
:109E300074EB000303D3531A64EB000401E0002326
:109E40001C465D4A9DED8B8AD1432046D21A4FF0C5
:109E5000FF34814101D220460BE040F2E73113EBA1
:109E6000010C40F10001604600234FF47A72D6F7EE
:109E700077FBB5EEC08AC5F83C0FF1EE10FA0EDBA9
:109E800018EE100A4D49884209DADFED4D0AB6EEA8
:109E9000000A08EE200ABCEEC00A10EE104AC5F80F
:109EA0001C8FC5F8404F3046FDF7EAFA95F8550F7C
:109EB000F8B184A932463846FDF750FC002872D02C
:109EC000949A3846DDE99531FDF7FAFB002870D009
:109ED000DDE99412C0E98212B6F80822A0F818222F
:109EE00096F80A12521C80F81A123146D6F759FE1B
:109EF0005FE09DF860020B281CD09DF8610228B33A
:109F0000012825D0032825D02EA000BF969A40F224
:109F10000124CDE90020BDF864122CA39EAA029171
:109F200003A82146FDF764F800283CD09DF86002A4
:109F300090B130E0D5F8183F00212AA230465B1CD2
:109F4000C5F8183FFCF73EFF60BB32E034A0DDE708
:109F500036A0DBE737A0D9E79DF86102D8B938A36E
:109F600021469EAA03A8FDF743F8D8B184AB214649
:109F70009EAA03A8FCF744FFA0B133A321469EAAE2
:109F800003A8FDF735F868B18BAB21469EAA03A85C
:109F9000FCF736FF30B10021304603AAFCF776FE0D
:109FA00000288DD000200DF5207DBDEC028BBDE892
:109FB000F0810120F7E7000018FCFFFF6F12834AD1
:109FC00000007A444641494C45440000444F4E4508
:109FD00020256C752025732064657461696C3D25AE
:109FE0007500000045565420256C75204C494E4B99
:109FF0005F54494D454F555420656C6170736564DD
:10A000005F6D733D3130303020616374696F6E3D38
:10A0100053544F505F44495341424C4500000000A7
:10A02000434F4D504C4554454400000053544F504D
:10A030005045440043414E43454C4C4544000000CC
:10A0400020715F6465673D0020626961735F6465CC
:10A05000673D00000B4610B540B13BB100F58044B0
:10A0600094F8501F94F84F2F914201D1002010BD59
:10A0700044F60801014418468022D6F7D7FD94F82B
:10A08000500F401C84F8500F012010BD2DE9F04FF7
:10A09000ADF5017D16465FEA00090C464FF0000061
:10A0A000DDE98B57DDF828827F9018D0BCB1B7B1BD
:10A0B0003846FDF7E5F902AA3146204602F0DAFFFC
:10A0C00009F5804690B103280ED0BAA3D6F8440F04
:10A0D000411C02D0401CC6F8440FB9A22CE0062057
:10A0E0000DF5017DBDE8F08FBBA3EFE77FAA56A970
:10A0F00002A8FDF759F9E8B1012086F8550F7F99BC
:10A1000056A8E8F7ADFF82469DF8B00080B32B99C2
:10A1100042462B464846FDF7D3FA040029D0D4F82E
:10A12000141251450ED0B0A2384602A9FCF7B2FF76
:10A130000220D5E72B9BB1A200213846FDF716F887
:10A140000420CDE73946204600F036FA96F8570F3E
:10A1500060B194F81B0248B144F6E063191D002277
:10A1600043F8098041F8095086F8582F0120B7E7D5
:10A17000FFE70022A9A102A803F0A2F838B102A9C2
:10A1800042462B4648460097FEF7E4FAA2E000223A
:10A19000A4A102A803F094F838B102A942462B46C4
:10A1A00048460097FEF7FEFB94E000229FA102A81C
:10A1B00003F086F820B102A83946FEF75DFB89E07E
:10A1C0009CA29EA102A803F07BF898B19DF85521AE
:10A1D00002A9384612B99DF856210AB199A296E013
:10A1E0009CA22B9B9DA1CDE90012A04A0121FCF766
:10A1F000BDFF6FE09EA291A102A803F061F828B113
:10A2000002A93A464846FFF759F963E09AA28BA1A2
:10A2100002A803F055F828B102A93A464846FEF7CD
:10A22000BDFE57E096A285A102A803F049F828B127
:10A2300002A93A464846FFF7E9F84BE092A27FA10F
:10A2400002A803F03DF838B102A942462B46484621
:10A250000097FEF7DFFE3DE08DA278A102A803F093
:10A260002FF828B102A93A464846FEF70BFC31E028
:10A2700089A272A102A803F023F828B102A93A46E4
:10A280004846FEF77DFD25E085A286A102A803F0E1
:10A2900017F858B978A283A102A803F011F828B9D9
:10A2A00077A280A102A803F00BF838B102A94246B8
:10A2B0002B4648460097FFF749F90BE07BA102A81F
:10A2C00000F000FC40B102A942462B4648460097E8
:10A2D000FDF7B0FF04460FE076A102A800F0F2FB04
:10A2E00090B1DDE92F102B9B73A2CDE90001002175
:10A2F0003846FCF73BFF04249DF8B000F0B397F814
:10A300001804012806D042E07AA2384602A9FCF7D8
:10A31000C1FEF0E7052C4BD0DDF8ACB0CDF800A0C5
:10A320006CB30021BA4601915FEA0B012FD096F879
:10A330004C1F01EB011109EB411708374FF408716D
:10A340003846D6F7CFFCC7F810B25146009AC7F886
:10A350001422C7E98285BAF80822A7F818229AF8C9
:10A360000A02521C87F81A02019887F81B02384625
:10A37000D6F717FC012087F81C0201E007E008E08F
:10A3800096F84C0F401C00F01F0086F84C0F14B1DB
:10A390000EE00121C6E796F8570F48B144F6E06396
:10A3A000191D002243F8098041F8095086F8582FFA
:10A3B000204695E66261645F6C696E65000000008E
:10A3C0006572726F72203020706172736520636FE6
:10A3D00064653D25730000006C696E655F746F6F86
:10A3E0005F6C6F6E67000000726571756573745FF6
:10A3F000636F6E666C696374000000006572726F53
:10A400007220256C7520706172736520636F6465BE
:10A410003D6261645F6C696E6500000068656C6C2C
:10A420006F00000070696E670000000068656C7066
:10A4300000000000696E666F0000000073686F77AF
:10A44000000000006261645F617267756D656E7423
:10A4500000000000756E6B6E6F776E0053544D33C5
:10A4600032483732335647543600000028BD0408BE
:10A4700073746174650000006A6F696E7473000024
:10A480006D6F746F727300006D6F746F72000000F7
:10A49000636F6E66696700006469616700000000B1
:10A4A0006F66660073747265616D000062656E634D
:10A4B0006800000061726D006572726F7220256C19
:10A4C000752061726D20252E2A7320636F64653DAF
:10A4D00070726F66696C652063757272656E743D2B
:10A4E00062656E63682072657175697265643D614D
:10A4F000726D0000756E6B6E6F776E5F636F6D6D62
:10A50000616E64002DE9F041054691F86A0005F599
:10A5100080440E4694F84D1F94F84E2F0128A1EB6D
:10A520000200C1B20CD096F86400062808D00928B1
:10A5300006D00A2804D0012804D196F8690008B191
:10A54000012700E00027082903D22FB1D4F81C0FFF
:10A5500010B10020BDE8F08194F84D0F44F208419D
:10A56000802200F0070005EBC01008443146D6F702
:10A570005DFBD7B1F16D05F58043C4F81C1F18468B
:10A5800096F86A1003F6F86384F8281F0746316EC0
:10A5900005F58045C4F82C1FD6E90E1206C3D6E98E
:10A5A0001001C7F8000FC5F8041F94F84D0F401CA8
:10A5B00084F84D0F0120CDE770B5B0F818220C4695
:10A5C00005460146521C204605F50675D6F7E9FA00
:10A5D00029880120A4F80812A97884F80A1284F8BE
:10A5E000180470BD2DE9F04706000D460AD04DB1A4
:10A5F00006F5804494F8510F94F8521F401AC0B2E7
:10A60000082802D30020BDE8F08794F8510F44F6E3
:10A61000880100F0070000EB800202EBC000682216
:10A6200006EBC00008442946D6F700FB94F8510F0A
:10A630004FF00009401C84F8510F95F8591095F817
:10A640005000012906D009280AD00A2808D001287C
:10A6500003D021E0032803D122E095F8570088B306
:10A66000A86CD4F81C2F904216D194F8280F814280
:10A6700012D1E86CD4F82C1F88420DD106F5804722
:10A68000C4F81C9F00203E46C7F8F80EC7F8FC0E21
:10A69000C7F8000FC6F8040F95F85000032811D131
:10A6A000A86CD4F8201F88420CD195F8590094F872
:10A6B000291F884206D1E86CD4F8301F884201D1A6
:10A6C000C4F8209F01209EE770B506000C4614D008
:10A6D0009CB194F86A0001280FD1E06D68B1206E3A
:10A6E00058B194F8660040B1010606D494F864109D
:10A6F000032904D0411E084201D0032070BD20462A
:10A7000000F020FA0028F9D194F8640003280DD055
:10A7100006F58045D5F81C0F78B9D5F8200F60B93B
:10A7200095F84D0F95F84E1F884206D121463046C8
:10A73000FCF781FF08B1002070BD012070BD2DE93C
:10A74000F04106008846A0B051D0B8F1000F4ED0BD
:10A7500006F58044D4F81C0FE0B3D4F8240FC8BB2E
:10A7600094F84D7F94F84E5F3FE005F0070044F207
:10A770000841802206EBC01001446846D6F756FA1D
:10A780009DF86A1001290AD09DF86400092806D0B6
:10A790000A2804D0012826D19DF8690018B3D4F8FE
:10A7A0001C2F179890421ED194F8280F81421AD17D
:10A7B000D4F82C1F1898884215D18022694640464B
:10A7C000D6F734FA9DF86A0084F82A0F1898C4F86E
:10A7D000340F00E00BE004F6247417982060012089
:10A7E00020B0BDE8F0816D1CEDB2BD42BDD10020AE
:10A7F000F6E70000082815D2DFE800F00406080A92
:10A800000C0E101208A0704709A070470CA07047EA
:10A8100010A0704713A0704716A0704718A070478B
:10A820001CA070471DA070476E6F6E650000000091
:10A83000636F6E6669675F696E76616C696400005C
:10A84000636F6E6669675F696E636F6D706C657468
:10A85000650000006C696E6B5F74696D656F75747F
:10A86000000000006D6F74696F6E5F636F6E7472CD
:10A870006F6C00007472616E73706F727400000010
:10A88000636F6E74726F6C5F646561646C696E6532
:10A890000000000064726976657200006665656498
:10A8A0006261636B5F7374616C650000082815D288
:10A8B000DFE800F00406080A0C0E101208A070472A
:10A8C00009A070470BA070470DA070470FA07047FC
:10A8D00011A0704712A0704713A0704715A07047D1
:10A8E000626F6F740000000073656C665F7465735F
:10A8F00074000000756E616C69676E65640000002D
:10A9000064697361626C656400000000656E616279
:10A910006C696E6700000000726561647900000078
:10A920006D6F76696E67000073746F7070696E6723
:10A93000000000006661756C7400000070B526A20E
:10A940000C4627A1054602F0BBFC08B107203FE0FA
:10A9500025A2284622A102F0B3FC08B1022037E06C
:10A9600023A228461EA102F0ABFC08B108202FE06C
:10A9700020A228461AA102F0A3FC08B1092027E072
:10A980001EA2284616A102F09BFC08B101201FE080
:10A990001CA2284612A102F093FC08B10A2017E07D
:10A9A00019A228460EA102F08BFC08B103200FE08B
:10A9B00017A228460AA102F083FC08B1042007E090
:10A9C00015A2284606A102F07BFC002802D0052033
:10A9D0002070012070BD0000696E697400000000E5
:10A9E00062656E6368000000656E61626C65000000
:10A9F0006A6F67006D6F7665000000006D6F6465BB
:10AA0000000000006D69740073746F700000000036
:10AA100064697361626C6500636C6561720000005B
:10AA20002DE9F04399460023079E01270B70137010
:10AA300089F8003086F8003003EB830590F8B4C144
:10AA400007FA03F400EBC505E4B21CEA040F05F1B4
:10AA500088052CD095F820C0BCF1080F04D2D5F899
:10AA600014C0BCF1000F05D096F800C04CEA040CED
:10AA700086F800C095F820C0BCF1010F17D191F8FD
:10AA80000080DFF838C048EA040881F800806D686B
:10AA9000654503DCDFF828C0654503D915782543F3
:10AAA000157004E099F80050254389F800505B1CAC
:10AAB000DBB2072BC0D3BDE8F08300006F12833AEE
:10AAC0006F1283BA70B504460D460846D5F7F5FFF8
:10AAD000024694F84C0148B1D4F8B000904205D138
:10AAE000D4F8AC002946D6F711F808B1002070BDA3
:10AAF000012070BD70B504000D460CD05DB1084654
:10AB0000D5F7DBFF02466068904204D120682946F1
:10AB1000D5F7FCFF08B1002070BD012070BD10B555
:10AB200004000DD000290BD044F6C8304FF4367223
:10AB30002044D6F77BF804F58044012084F8560FB2
:10AB400010BD00002DE9F041040073D094F86400BA
:10AB5000092806D00A2804D0082802D000273D463C
:10AB600027E094F866000127F0B3000662D40025C0
:10AB700000E0F7B1012194F86600A940084218D01E
:10AB800004EB85063068E1F76FFC68B3F069E1F724
:10AB90006BFC48B394F864000A2803D194F865006C
:10ABA000012806D096ED070AB5EEC00AF1EE10FABC
:10ABB00048D96D1CEDB2072DDBD394F864000A2848
:10ABC00042D1206DE1F750FC70B1606DE1F74CFCB3
:10ABD00050B1A06DE1F748FC30B194ED140AB5EE28
:10ABE000C00AF1EE10FA00E024E02BD910EE100AB2
:10ABF0001649884226DC94ED150AB5EEC00AF1EE3E
:10AC000010FA1FD910EE100A114988421ADC114AB5
:10AC1000D4E91201821A71F1000213D30E4B002203
:10AC2000181A8A410ED394F86500012805D002282D
:10AC300008D102E00320BDE8F08194F86600411ECF
:10AC4000084201D00B20F6E70020F4E70000FA43A9
:10AC50000000A040A086010080969800F0B5050095
:10AC6000174685B01E463CD005F5804494F8550F34
:10AC7000C8B194F8560F002834D004A8009044F6C8
:10AC8000C83003AB02AA01A92844FFF7C9FE94F813
:10AC9000DE0B40B994F8DF0B28B99DF8040010B919
:10ACA0009DF8080030B194F8570FD0B194F8580FC0
:10ACB000B8B903E0002084F8580F12E044F6E060D1
:10ACC000405905F580453A1AD5F8E41E76EB0102A5
:10ACD00007D3074A381A66EB0106801A76F100009E
:10ACE00002D2002005B0F0BD012084F8580FF9E72A
:10ACF00040420F0070B5144640B13CB100F58043AE
:10AD000093F8502F93F84F5FAA4201D1002070BDF5
:10AD100093F86E280A4344F608010144204683F85C
:10AD20006E288022D5F782FF012070BD2DE9F04109
:10AD3000184C0F460546E6682068001D03F0E2F84F
:10AD400038B922680121206992F82C20914088436B
:10AD50002061681C07D137B12168BDE8F0410E4879
:10AD6000091D03F025B920683544B54245602168C6
:10AD700005D2A06B091DBDE8F04103F001B9606B7D
:10AD8000091D03F0FDF8A06A854200D2A562BDE866
:10AD9000F0810000DC000124A46002242DE9F041D0
:10ADA000054603F011F92E4C2E4FA068401CA06000
:10ADB000206810B1606940B32DE02560A0680128CB
:10ADC00029D1002606EB860007EB800003F0CAF8C5
:10ADD000761C072EF6D323488C3003F0C3F82148A5
:10ADE000A03003F0BFF81F48B43003F0BBF81D4893
:10ADF000C83003F0B7F81B48DC3003F0B3F819484B
:10AE00008C3060631430A06305E0E86A2168C96A89
:10AE1000814200D825600120616A491C6162E96AAB
:10AE2000226988401043206101EB8100291D07EB56
:10AE3000800003F0BDF803F0E7F8606900280CD04B
:10AE40002068E96AC06A884207D207494FF08050FB
:10AE50000860BFF34F8FBFF36F8FBDE8F081000034
:10AE6000DC000124C85F022404ED00E010B50446B4
:10AE700090F8510058B101280CD002280FD0502072
:10AE800080F31188BFF34F8FBFF36F8FFEE7206B06
:10AE900003F0CEF82046BDE8104003F0C9B810BD5D
:10AEA00011484FF4705110B5420706D00E49C01D2D
:10AEB00020F00700411AC1F570510C4C00230144E9
:10AEC0000839A4F1180221F00701C4E900030C1AA3
:10AED00011604B600B60C0E9001494604FF00041BA
:10AEE0005460516110BD0000B8600224300101249B
:10AEF000144E4FF08058144CDFF85090A6F1C8075C
:10AF000012E000BF03F060F8F068C568281D02F089
:10AF1000F9FFA068401EA0606068401E606003F0FA
:10AF200073F82846FFF7A2FF60680028EAD1386866
:10AF30000128F9D9C9F80080BFF34F8FBFF36F8F95
:10AF4000F2E7000090600224DC00012404ED00E040
:10AF50002DE9F05F88469A4691001546DDE90B948D
:10AF60000A9EA5228346206BD5F792FE206B6FF0D8
:10AF7000030101EB8501084420F00707780707D09B
:10AF8000502080F31188BFF34F8FBFF36F8FFEE720
:10AF9000B8F1000F4FF000050ED00020221818F86D
:10AFA000001082F8341018F8001011B1401C10285D
:10AFB000F4D384F8435001E084F83450072E00D3D2
:10AFC0000626E662201DC4E9116502F0D6FF04F1F1
:10AFD000180002F0D2FFE564C6F10700A06184F812
:10AFE00050505246246159463846646200F0C0F819
:10AFF000B9F1000F206001D0C9F80040BDE8F09F12
:10B0000030B5114900E011460A688242FBD34B6813
:10B010005C18844203D14468084623444B6043686B
:10B020001D18954209D1084C183C2468A24209D049
:10B0300052681A4442600A6812680260814200D075
:10B04000086030BD0460F9E7300101240648416B17
:10B05000096829B1416BC968C9684968816270474C
:10B060004FF0FF31FAE70000DC0001240848406897
:10B07000401C4FF0500080F3118804D0BFF34F8F75
:10B08000BFF36F8FFEE7BFF34F8FBFF36F8FFEE706
:10B09000380101242DE9F0410027044603F032F97C
:10B0A000324E306808B9FFF7FBFE706904424ED19A
:10B0B000C4B3083460070ED004F00700C0F10800E4
:10B0C0000444600707D0502080F31188BFF34F8FEE
:10B0D000BFF36F8FFEE72CB37068844237D82348E4
:10B0E000183001460D6801E028460D466968A14206
:10B0F00002D229680029F7D131688D4227D007682C
:10B100002968016008376868011B10290FD92819C0
:10B11000420708D0502080F31188BFF34F8FBFF350
:10B120006F8FFEE713E041606C60FFF769FF6968AD
:10B130007068401A7060B268904200D2B06000201F
:10B1400072691143C5E90001F068401CF06003F02A
:10B150008DFB780707D0502080F31188BFF34F8F05
:10B16000BFF36F8FFEE73846BDE8F0811801012478
:10B1700070B5041F094E231F4FF0807521F00101A7
:10B1800025601C1F1960A0F120010B1F26604438A8
:10B190000A606FF002051D6070BD00006DB002080E
:10B1A0002DE9F04F544E054685B070680168CA68B5
:10B1B000CC6B91682160016809698A0701D4C907CD
:10B1C00023D0F1F7E3FE401E07B27068F1F7A2FE4C
:10B1D000401E009703B2002203A81146F1F703FCBA
:10B1E00003A9616070680068027CC068920705D599
:10B1F000826942F002028261A16076E0816982691F
:10B2000061F341028261A5606FE0A9882A88EB881A
:10B21000891A6F88491CDA1B521C0FFA81F90FFA40
:10B2200082F8F1F7B3FE0146B5F90600814203DC6E
:10B230007068F1F7ABFE401E424607B2706849469F
:10B24000B246EEF72FF800268146B5F902000DF15F
:10B25000040B28E02E88ADF80460AE88ADF80860D5
:10B26000ADF80600ADF80A10C4F804B0C4F808B090
:10B27000DAF804000168C96889682160BDF90A101C
:10B28000B94201DDADF80A70BDF90A60B74205D1D7
:10B290000068C068816941F002018161204600F0C8
:10B2A0002DF80FFA88F000EB0908A8F10101B94266
:10B2B000D0DDB7421CD02B88ADF80430AB88ADF898
:10B2C0000830ADF80600ADF80A70C4F804B0C4F850
:10B2D00008B0DAF804000168C9688968216000686C
:10B2E000C068816941F002018161204600F006F8E2
:10B2F00005B0BDE8F08F0000580201242DE9F041AF
:10B300005F4C94B007466068F1F700FEF9680546A7
:10B3100009B1384688476068E96800680288408853
:10B3200012FB00F0884201D1012000E000202968D2
:10B3300059B1696831B128B907E060680068816A6D
:10B3400001B1884728690028F7D160680025F1F726
:10B3500007FE01467868F8F7D7FA6168064649693A
:10B3600019B17868F8F7D0FA054656EA050051D1C8
:10B370006068F1F70BFE401E0FFA80F86068F1F785
:10B38000C9FD411ECDF800800BB2002211A8114664
:10B39000F1F729FB386BB0B103A8F2F7DDF960686B
:10B3A00011AAC16A079190F829108DF82610418DD5
:10B3B000ADF8101003A990F829008DF80F00384659
:10B3C0003B6B984726E06068C06A98B16946F3F71E
:10B3D00067FF01281ED103A8F1F738FE606811AAA3
:10B3E00090F829108DF8171003A9C36A3846F1F7B1
:10B3F000F9FD0FE003A8F2F7AFF96068418DADF8F1
:10B40000101003A990F829008DF80F0038467A68CB
:10B41000F2F78EF9606890F82810C9070CD006B9C9
:10B4200006693846314600F09DF96068406990B180
:10B4300005B9054629460BE0406928B105B905461E
:10B440003846294600F08EF90EB960680669314623
:10B45000384600F087F96068F1F77AFD0146384612
:10B4600000F080F96068F1F76BFD0146384600F0A6
:10B4700079F9606814B0BDE8F041ECF7FFB800005E
:10B48000580201242DE9F0412C4C00202060606816
:10B49000B0F85051002D4ED0002703E0411991F82B
:10B4A0003011D1B16D1EF9D50068416B01B18847EB
:10B4B000606800260168C9688A6922F001028A6111
:10B4C0000168C9688A6922F002028A6190F828102E
:10B4D00041F0040180F8281022E02F46E4E78119AA
:10B4E00091F83011D9B9BE4205D10168C9688A699D
:10B4F00042F001028A610168C9688A6922F0020289
:10B500008A6100EBC6003030FFF74AFE606800EB4E
:10B51000C6003030F1F730FA216808442060761C0C
:10B520006068B0F85011B142D9DC90F8281021F0D1
:10B53000040180F82810BDE8F081000058020124C1
:10B540002DE9F04F0C468246012120468BB0F6F7DC
:10B5500075FD00287ED12046E1F7F3FF050027D0D6
:10B56000002120466122F6F717FC00F0FF09B9F12F
:10B57000020F6FD36B462A4621465046EFF7E9FF8C
:10B58000012867D101276846002204F11401E1F780
:10B5900073FAA8B100208DF820001221204608AAD5
:10B5A000CDF824D0F2F7D2FE9DF8200038B107E0A4
:10B5B0000BB021465046BDE8F04FF7F737B80027EB
:10B5C000012D01D147F0020769463A465046F2F78D
:10B5D00029F805003ED0002120466F22F6F7DCFB5B
:10B5E00000B20021804660F30F0620467022F6F775
:10B5F000D3FB01B24FF06403C8F3413061F31F463F
:10B6000001284FF4FA624FF47A7B17D128F4C04036
:10B61000904213DCB4F818C05845B4F81480ACEB71
:10B62000080C0CF1010C0FFA8CFC01DDC0F57A70EE
:10B630000CFB00FC9CFBF3F060F30F06C1F3413000
:10B64000012813D121F4C04090420FDC618BE28AC3
:10B65000891A00E080E0491C09B2584501DDC0F5B7
:10B660007A70414391FBF3F060F31F4602A8F1F7B3
:10B67000EDFC002120466E228DF81390F6F78CFB2E
:10B6800000B2ADF80800B0F5616F02DDA0F56160B1
:10B6900003E0002803DA00F56160ADF8080000213E
:10B6A00020466D22F6F778FB0021ADF80A006822EB
:10B6B0002046F6F771FB8DF81400B907284840685A
:10B6C0000068007CC0F3C0008DF81C003AD52868E3
:10B6D000A860688A69896A680144B5F90600491E4C
:10B6E000EA6009B2E98181422CDDE8812AE0B807ED
:10B6F00005D53B462A4651462046EFF7F7FE214640
:10B700005046F6F793FFDAF804002946A28A32443D
:10B710000088101AADF80C00DAF80420E08A00EB7B
:10B7200026405288801AADF80E0002AA5046F1F762
:10B7300074FFB8070CD5E889698A401C6881014408
:10B74000491EE981B5F90A00BDF906108842CEDD2F
:10B7500029465046F1F79AFF0BB0BDE8F08F000084
:10B76000580201242DE9F0470C00814605D11B4801
:10B770004068F1F7F5FB04002AD021464846FFF760
:10B78000DFFE1FE00027F5F799FC0025064608E0DC
:10B79000A068006850F82510E7B14846FFF7D0FED2
:10B7A0006D1CB542F4D317214A462046F2F7CEFD70
:10B7B00018214A462046F2F7C9FD19214A4620467B
:10B7C000F2F7C4FDA0464046F5F778FD0400D9D154
:10B7D000BDE8F0874145E3D10127E1E758020124A4
:10B7E0002DE9F04F464C8DB0606801680A7CD207A5
:10B7F0007ED0C968496800297FD000F5AC70E1F7B8
:10B800004EFE002879D160680168CA6893681168A3
:10B810000C938B4200D151688946F1F77BFB2021C4
:10B820000B9003A8D5F75EFA0025A0463CE041192D
:10B8300091F83011B9BB00F5AC70E1F79EFD0646FA
:10B84000A0462EE0D8F804003146444600F5AC701E
:10B85000E1F7A5FD83466068314600EBC502303252
:10B8600003A8E1F731F80746401C19D000240DF178
:10B870000C0A09E0E1F7C4FD0AEBC401641C64B2E0
:10B880000A68026049684160BC42D8F80400314649
:10B8900000F5AC70EEDBE1F70BFE3046F4F7E8FCA8
:10B8A0005E46002ECED16D1CD8F804004446B0F898
:10B8B0005011A942BBD800F5AC702546E1F75DFDFB
:10B8C00012E00B982346CDF80090CDE9010468689A
:10B8D000DDE90B210068C06B866BB04768682146C4
:10B8E00000F5AC70E1F75BFD0400EAD1686800E0A8
:10B8F00003E000F5AC70E1F72AFD0DB0BDE8F08F74
:10B90000580201242DE9F0410746F5F7D7FB002442
:10B91000054612E0B868006850F824603046F6F733
:10B92000F7FC002230462A21F2F710FD3046F6F7E8
:10B93000EFFC3046FFF7E6FF641CAC42EAD3BDE8FB
:10B94000F081000001220248D103DAF76DBE000049
:10B95000001002582DE9F0478846994617460546DB
:10B96000D8E902460EB9E8F7F5FA0CB9E8F7F2FAA9
:10B9700005EBC711E66001EB8900B460826B4245BC
:10B980000FD1AC4284630CD105EB870201205169D1
:10B9900000FA09F39943516103D12969B840814301
:10B9A0002961BDE8F087037E012B17D10223417680
:10B9B0000229037604D0032906D0012908D00AE021
:10B9C000816A491C816206E0C16A491CC16202E0C9
:10B9D000016B491C0163114601F076BF70470021DD
:10B9E000AFF300802DE9F041044690F8C8040E46FC
:10B9F00048B194F83C0600283BD12046E8F7C6FC45
:10BA0000050002D005E0022037E0A6B3072E33D8A8
:10BA1000354694F83806002718B184F8387684F84B
:10BA20003A7604F5B66038218046D5F75BF994F88C
:10BA3000C0040126691E94F8C624082384F8BC3586
:10BA400006FA01F100F07F0084F8CC55084384F831
:10BA50000A761043414684F83E062046EDF796FDEF
:10BA600084F83966062084F83C6684F83D6684F8DC
:10BA70000806BDE8F081FFE70E2084F80906F8E724
:10BA800001EB810100EB41101346A021014A9830DF
:10BA9000D4F7F8BD70D402082DE9F0410400154632
:10BAA0000E4606D02DB1A078082804D00520BDE8A8
:10BAB000F0810120FBE7084600F02BFA60B1E07846
:10BAC00000F00F002875E178401E0E284FEA111093
:10BAD000687503D90220EAE70420E8E7A379E17951
:10BAE000A0881F01227AD6ED000A01F00F0347EA71
:10BAF000111840BA1021B1EE600A42EA032700F0A3
:10BB000030FA85ED000AD6ED010A0C214046B1EE6F
:10BB1000600A00F026FA85ED010AD6ED020A0C2132
:10BB20003846B1EE600A00F01CFA85ED020A607A30
:10BB300000EE100AB8EE400A85ED030AA07A00EE86
:10BB4000100A0020B8EE400A85ED040AAFE728B1DC
:10BB500021B18278082A03D0052070470120704760
:10BB60004279332A03D0552A01D006207047037941
:10BB7000C27803F0070342EA03220A8182798A72BB
:10BB8000827AD0F8070062F31F60086048600020E6
:10BB90007047012170EE601A8140491E00EE101AB4
:10BBA00071EE600AB8EE400A21EE800A80EE201A9B
:10BBB000BCEEC10A10EE100A70472DE9FC411400DA
:10BBC0004FF000020092019205D0421E0E2A04D9C5
:10BBD0000220BDE8FC810120FBE7012903D00229F6
:10BBE00001D00320F5E78DF8000055228DF80410F0
:10BBF0000D0A8DF802200A238DF805500E0C0F0E49
:10BC00008DF806606A4640F2FF7120468DF80330D9
:10BC100008238DF80770E7F7A8FD0028D9D0062083
:10BC2000D7E700002DE9F0475FEA02090C4682469B
:10BC30002DED068BB0EE429AB0EE618AF0EE418AAD
:10BC4000F0EE609AB0EE40AA82B009D0AAF10100ED
:10BC50000E2807D9022002B0BDEC068BBDE8F087A4
:10BC60000120F8E7084600F054F9E8B31AEE100A8C
:10BC7000E0F71DFCC0B319EE900AE0F718FC98B38A
:10BC800018EE900AE0F713FC70B318EE100AE0F714
:10BC90000EFC48B319EE100AE0F709FC20B394ED4E
:10BCA000001AB0EECA0AB4EEC10AF1EE10FA27DCAF
:10BCB00094ED010AF0EEE90AF4EEC00AF1EE10FA92
:10BCC0001EDCF5EEC08AF1EE10FA19D318EE900AD8
:10BCD0003749884214DCB5EEC08AF1EE10FA0FD372
:10BCE000344918EE100A00E00AE0884208DC94EDBE
:10BCF000020AF0EEC90AF4EEC00AF1EE10FA01DD14
:10BD00000420A8E71020F1EE410AB0EE4A0AFFF73E
:10BD100040FF94ED011AB0EE690A06460C20F1EEE0
:10BD2000410AFFF736FFDFED259A9FED231AB0EEAB
:10BD3000680AF0EE690A80460C20FFF72AFFB1EE90
:10BD4000041AF0EE690AB0EE480A05460C20FFF727
:10BD500020FF94ED021AB0EE490A07460C20F1EEDE
:10BD6000410AFFF716FF3C098DF804503B018DF89E
:10BD70000540370A8DF800704FEA08118DF8016010
:10BD800041EA15224FEA18118DF8021043EA1023F8
:10BD90008DF80630082351468DF803206A468DF849
:10BDA00007004846E7F7E1FC0028AAD0062052E742
:10BDB0000000FA430000A0400000FA430000000029
:10BDC0007CB51C0017A3D3E90053CDE9005314D070
:10BDD000431E0E2B01D902207CBD21B1B1F5807F1D
:10BDE00001D003207CBDFB2A4FF0010507D0FC2ABF
:10BDF00005D0FD2A03D0FE2A01D001207CBD0728F2
:10BE00008DF8072002D89D406A0601D4084480B20C
:10BE10006A46082301462046E7F7A7FC0028EDD034
:10BE200006207CBDFFFFFFFFFFFFFF001CB51400D5
:10BE30004FF00002009201921CD0421E0E2A01D93E
:10BE400002201CBD042917D0052915D0062913D0BE
:10BE5000072911D008290FD00A290DD00D290BD0A0
:10BE60000E2909D0152907D0162905D0172903D086
:10BE7000242901D001201CBD8DF8000033228DF84B
:10BE8000022004236A4620468DF8031040F2FF7119
:10BE9000E7F76BFC0028EED006201CBD30B50D0086
:10BEA00004462DED028BB0EE608AF0EE408A83B03E
:10BEB00007D0601E0E2806D9022003B0BDEC028B0D
:10BEC00030BD0120F9E718EE900AE0F7F0FA48B12A
:10BED00018EE100AE0F7EBFA20B1B5EEC08AF1EEE9
:10BEE00010FA01D20420E8E7B0EE680A684600F0D4
:10BEF0004CF8B0EE480A01A800F047F808236A465B
:10BF000004F580712846E7F730FC0028D5D00620DC
:10BF1000D3E710B5040022D02068E0F7C8FAF0B1EA
:10BF200094ED000AB5EEC00AF1EE10FA17DD606874
:10BF3000E0F7BDFA98B194ED010AB5EEC00AF1EE52
:10BF400010FA0CDDA068E0F7B2FA40B194ED020AF5
:10BF5000B5EEC00AF1EE10FA01DD012010BD00209F
:10BF600010BD01EE100A70EEC00A0120B8EE411AB1
:10BF70008840401E20EE811A00EE900AF8EE601A0A
:10BF8000C1EE210A30EE800A704710EE101A10B58B
:10BF900001700A0A42700B0C83700C0EC47010BD45
:10BFA00010B5826862B103780C78A34208D140686A
:10BFB0004B68984204D18868824201D1012010BDAB
:10BFC000002010BD70B505460068F5F703F90022A2
:10BFD000044600692721F2F7B9F960690022282197
:10BFE000F2F7B4F9606928B194F82810890701D5EF
:10BFF000F4F710FD0020606194F82810002221F071
:10C00000010184F82810A061602128681034F6F737
:10C010009DFE2068BDE87040F6F77AB970B5054618
:10C020000068F5F7D7F80446F7F70AFD60610022CB
:10C030002B6826212361BDE870401846F2F786B9C7
:10C0400070B50546F5F7C6F8040022D026695EB142
:10C05000002230462521F2F779F9206920B100222B
:10C0600028462621F2F772F925610020A0615DB112
:10C07000002228462721F2F769F9206920B1002221
:10C0800030462821F2F762F92846BDE87040F6F7FD
:10C090003FB970BD002200680A21F2F757B90000CD
:10C0A0002DE9FF4F85B091460C460846F5F706F995
:10C0B00010210646F5F7C2FF002877D03046F5F785
:10C0C0005BF9002583463046F5F723FA1434CDE9B1
:10C0D000024000B9059C00213046F5F7BAFD002169
:10C0E00000903046F5F752FE0146009808440FFADA
:10C0F00080F830460021F5F713FE01460098728B58
:10C100000844F18A00B20190101AE78801EB080C8C
:10C11000B9F802106388C01B081AACEB03020FFACF
:10C1200080FA3046521A17B2F5F787F8A0EB0801EB
:10C130000198002FA1EB000000B204900BDBBAF1D4
:10C14000000F14DA002F06DD3D463046F5F7E8F91A
:10C15000401B0BD40BE0BAF1000F08DDCAF1000060
:10C1600005B23046F5F7B6F8E84200D50025039849
:10C17000012804D0022809D003280FD117E0F28A41
:10C18000618802EB08002944401A05E0718B019890
:10C19000E288091A50191BE0284405B230460024F1
:10C1A000F5F7B0F90190A8B1029F14E0C4E004983B
:10C1B000F18A00EBD07208EB6200E28801446088EB
:10C1C000121A521C12B202EBD27205EB6202104438
:10C1D000081AE1E7059F00213046F5F7B3FD009905
:10C1E00008440FFA80FA30460021F5F7BDFDB28A07
:10C1F0000099B6F818C052443B88084401B2009137
:10C20000B7F80480ACEB0101B9F80000D21AA1EB39
:10C210000801411A121A10B209B200280ADB0029DB
:10C2200012DA002806DD04463046F5F7ADF8001BAB
:10C2300009D409E0002907DD484204B23046F5F789
:10C2400003F9E04200D500243046F5F7F1FEA0EBFB
:10C250000A0200980199A2EB000000B2012904D063
:10C26000022908D003290ED123E0B28A398802EBD3
:10C270000A0021442DE0318B0098BA88091A101960
:10C28000081A204404B22E493046F0F761FA2D49CD
:10C2900007463046F0F75CFA384306D000223046B5
:10C2A0000A21F2F753F8012846D15FEACB7012D089
:10C2B00014E000EBD072B18A0AEB62003A880844BD
:10C2C000B988891A491C09B201EBD17104EB6101EB
:10C2D0001144401AD5E7002C00DA00245FEA8B7085
:10C2E00002D4002C00DD00245FEA4B7002D4002D44
:10C2F00000DA00255FEA0B7002D4002D00DD002576
:10C300000898B9F90010002800D02046B9F9022099
:10C310000844A9F8000002D14FF0000000E02846D0
:10C3200021461044A9F80200089B09B02A4630466D
:10C33000BDE8F04FF6F7B6BD09B0BDE8F08F0000DC
:10C34000C3C30208ABC3020830B5AAB1B2F90050AA
:10C35000B0F91A40B0F9363025449D4201DA1B1B72
:10C360001380B2F90050B0F91A40B0F93A302544C0
:10C370009D4201DD1B1B1380002915D0B1F900403F
:10C38000B0F91830B0F934201C44944201DAD21AC2
:10C390000A80B1F90030B0F91820B0F93800134420
:10C3A000834201DD801A088030BD034610B5F5F7E1
:10C3B000BEF8084401B21846BDE810400022E1F77B
:10C3C000C6B8034610B5F5F7B9F8084402B21846E6
:10C3D000BDE810400021E1F7BAB8F8B505460C46B3
:10C3E0000846F1F7B9F94FF4803628463146F5F79B
:10C3F0001CFC0228E07008D9202231462846F5F7B7
:10C40000CBFC0090BDF80000A080312228463146C8
:10C41000F5F7C2FCC0B284F82200022815D93222F6
:10C4200028463146F5F7B8FC00B22084002809DD23
:10C43000302231462846F5F7AFFC0090BDF80000E9
:10C44000E08302E0002084F82200E07818B994F834
:10C450002200002800D00120F8BD90F82C160729F2
:10C4600000D3002101EB410202EB011100EBC100FE
:10C4700098307047F7B5154E4FF4806514460F4657
:10C48000002229463046DAF7CFF81148022301226C
:10C490006946DCF7E8FD60B9ACB1012229463046B7
:10C4A000DAF7C2F80A48022322463946DCF7DBFDF8
:10C4B00048B10848C16A491CC1620549D1F88410D5
:10C4C00001630020FEBD0120FEBD0000000C0258EB
:10C4D000B89C0224089E02242DE9F04FBBB0DAF785
:10C4E000A9F80446D6F754FE05460E462046EFF757
:10C4F0008DFE15A92046EFF767FE9DF8600038B164
:10C50000BDF854108148DDE916230094E7F75AFC82
:10C510007E482146E7F710FDDFF8F48198F8000027
:10C5200038B198F8010020B1F7F70EF908B10127EA
:10C5300000E00027D8F80800DFF8D091C246201AA2
:10C54000052804D2A9F5C86090F83106B8B9714A37
:10C5500028463146CAF80840E2F7CAFC78B199F893
:10C5600006002A466B493346CDE900076A48E8F7DA
:10C57000CFFB664838A9E7F701FC30B909E099F824
:10C58000060000212A463346EEE7634838A9F7F74C
:10C5900061F95E4838A9E7F703FC0028F5D1804629
:10C5A0000FE004A8E3F7D0FB020003D05A4804A927
:10C5B000E8F763FBD6F7E0FD08F10108B8F1020FD8
:10C5C00005D2554804A9E8F781FB0028E9D128A83D
:10C5D000E2F7BAFF18B1504828A9E7F70AFF4FF071
:10C5E000000830A8E2F7C0FF40B14B4830A9E7F798
:10C5F0009FFF08F10108B8F1040FF2D34548BDF8D8
:10C60000541038380180169911B99DF8601001B1A5
:10C6100001218046417283461798211AC8F80410F8
:10C6200099F80000F7F760F988F8080099F8061003
:10C6300088F80A1099F80810C8F80C10DAF8040005
:10C64000201A32285AD3382104A8D4F74BFB19A852
:10C65000F7F7D2F8CDE90456DAF81410D046491CA1
:10C66000CAF81410089199F806108DF82C108DF85E
:10C670002D7009B1F7B301218DF82E10DFB3002121
:10C680000A91BDF8541001228DF83020ADF8321017
:10C6900099F80000F7F728F98DF834004FF47A7113
:10C6A0001798201A0E90229848430F90DDE91D102C
:10C6B00008441090002001F039FC119004A8E3F721
:10C6C00063FBD6F759FDDDE91D121144CBF81010BC
:10C6D0002499CBF814102399CBF818102299CBF891
:10C6E0001C101199CBF820100A491039081FD6F7F1
:10C6F000FDFC01E005E007E0C8F804403BB0BDE800
:10C70000F08F00218DF82E100121B9E7C0A5022479
:10C71000F801012488B00224809F02242DE9F04111
:10C72000304C05462046A3780069A5EB000223B3F0
:10C730002D48012B2D4D4FF400414FF002074FF0D3
:10C74000030826D0022B37D0032B20D1E378284AC8
:10C7500002EB03160022D9F767FF7278B11C30781C
:10C76000FFF788FE06460020FFF7ECF8E078401C53
:10C77000C0B2E0700E2824D024E0642A07D301223E
:10C780001C48D102D9F750FF25610120A070BDE8F7
:10C79000F081642AFBD30022D9F746FF0022112042
:10C7A0001146FFF767FE06460020FFF7CBF8D9F7E2
:10C7B00041FF2061A77005E0782AE8D384F8028061
:10C7C000E5E72F70002EE2D1002000F049FBA96AB6
:10C7D000491CA96285F800800020BDE8F04100F006
:10C7E0000BB80000D401012400100258089E022456
:10C7F000D8F102080004025810B5040001D001224B
:10C8000000E0002204484FF48061D9F70DFF03488F
:10C8100080F8394010BD000000040258089E022430
:10C820000186F5F775BD4186F5F772BD09B2F6F7D9
:10C830004BBE09B2F6F75EBE90F80A1603291AD06D
:10C84000022916D090F83F1639B190F8F515022953
:10C8500011D090F8051611B10BE00220704790F846
:10C86000F405082807D0022805D0032803D004289F
:10C8700001D0072070470820704700294FF00101C0
:10C8800001D0F4F72BB8F3F711BEF0B597B014460A
:10C890000D46074601A8F0F75FFFFF22114610463C
:10C8A000F0F78DF900900026BDF8000001A9009076
:10C8B0002A46BDF80000ADF808003846F0F738FF0A
:10C8C0000FA8F0F77FFE0FA923462A4638460096A8
:10C8D000F0F7D6FB17B0F0BD2DE9F84F884681463A
:10C8E00017461E4600EB88000B9CDDE90D5A1AB274
:10C8F000816A009139B280688346F6F776FC0A981F
:10C9000022B201B25846F6F78FFC10990022584621
:10C91000F6F7B0FD0DB1222100E0042158460022B7
:10C92000F6F792FD172C01DA002100E002215846AB
:10C930000022F6F78EFD0F98F0F72EF9002201463F
:10C940005846F6F78BFDBAF1000F01D0374800E0EA
:10C950003748F0F721F9002201465846F6F748FD1E
:10C9600000225846FF21F6F74FFD3248F0F714F940
:10C97000002201465846F6F74CFDBAF1000F01D0EF
:10C98000012100E0002158460022F6F74EFD08EB99
:10C9900088010C9BA022584609EB411101F5AD61BD
:10C9A00000F04CFD01215846FFF767FF0DB1012152
:10C9B00000E000210098FFF760FF002D33D0761CC7
:10C9C00000987F1D32B239B2F6F70FFC1E2C01DA47
:10C9D000601E00E01D2001B20098F6F7DCFB1A2C67
:10C9E00001DA154900E0154900220098F6F742FDEA
:10C9F000002200981146F6F72CFD0F98F0F7CCF8BE
:10CA0000002201460098F6F729FD0098F3F756F842
:10CA10002946D4F78FF9002805D000982946BDE8AB
:10CA2000F84FF3F75BBBBDE8F88F000051432300DC
:10CA300020181000E6D75600F4CF03081425040888
:10CA4000092803D2024951F82000704701A070471D
:10CA5000E8F20208E69CAAE79FA5E998B6E6AEB51B
:10CA6000000000002DE9FC470D8803F11F008E88AF
:10CA700020F01F0714359846143691460C46EAF705
:10CA80007DFB280A8DF800008DF80150310A8DF8E1
:10CA9000021000228DF803604FF400416088000A04
:10CAA0008DF80400A0788DF80500E088000A8DF864
:10CAB0000600A0798DF807002348D9F7B5FD0422B8
:10CAC00069462A20FFF7D6FC98B304222B2001A93F
:10CAD000FFF7D0FC68B300222C201146FFF7CAFCF8
:10CAE00038B3012219489102D9F79EFD002F48461C
:10CAF0000EDD00F01F013944BFF34F8F144A106060
:10CB0000203020390029FADCBFF34F8FBFF36F8F3D
:10CB1000BFF34F8F1FFA88F20E484946DCF7C0FB7F
:10CB200050B10D48C16A491CC1620A49D1F884104C
:10CB300001630020BDE8FC870848016921F0080175
:10CB400001610120F6E7000000100258000C0258B5
:10CB500068EF00E0B89C0224089E02240000024016
:10CB600001460148E6F73ABE9809022470B5064628
:10CB700021488EB090F89A0110B106200EB070BD19
:10CB80001E4C94F84C0008B1002531E02078F5E700
:10CB900024216846D4F7A6F81948D8F7B7FF48B358
:10CBA00018480CAA09A9E6F7DFFE18BB9DF8260075
:10CBB00003A900F0EDF888B10020BDF82410029020
:10CBC0000DF127020490CDE900100590694606900A
:10CBD000079008900A48D8F7F5FD20B12069401C5D
:10CBE00020610520CAE7E068401CE0606D1CEDB2E2
:10CBF000B542CDD30020C1E798090224785F022412
:10CC0000C8710124340B02240A4601460148E6F7A4
:10CC100004BF0000340B02240A4601460148E6F72F
:10CC200025BF0000340B022470B58AB005462021D0
:10CC300001A8D4F757F81DB11948806B072802D214
:10CC400001200AB070BD012640F2FF71002201925E
:10CC500002200691CDE90306144600BFC4EB041080
:10CC6000029401A905EB8000008905900C48D8F7D3
:10CC70000AFE90B9641CE4B2072CEFD302220848E4
:10CC8000012311460096D8F73DFE30B90122044831
:10CC90001146D8F7CBFD0028D3D00220D1E7000001
:10CCA000C8710124144A154810B502F5CE73D2F8A4
:10CCB0008C41A0F12C018461D2F89021826093F81C
:10CCC0009122C261D3F888220262CA6842620A696C
:10CCD00082624A69C26211F8032C02634A78426395
:10CCE0004A7982630A6AC2638A6902644A6A426450
:10CCF000896A816410BD000098090224785F0224CB
:10CD0000FEB51C4E502107461B48D3F7EBFF1B48CE
:10CD1000E6F74AFD1A48E6F7E9FD1A491A4800F015
:10CD2000E2FE154C012584F84D504FB16946384656
:10CD3000E5F788FE20B13846FFF776FF90B901E0AD
:10CD400028460FE01148D9F7FEFA08B1032009E0A0
:10CD50000E4800223146D8F7F1FC28B10B48D9F72C
:10CD60000BFB04202070FEBD84F84C500020207086
:10CD7000FEBD000001008003785F022498090224B0
:10CD8000340B022429CE0208C80D0224C8710124E4
:10CD900009B1082801D900207047034A52F8200041
:10CDA000086001207047000050F10208014B83E841
:10CDB00007007047D000012413460A460146014887
:10CDC00000F0A4BEC80D02240A460146014800F046
:10CDD00052BF0000C80D02240A460146014800F077
:10CDE00068BF0000C80D02240A460146014800F051
:10CDF0007FBF0000C80D02240A460146054810B551
:10CE000000F0BCFF040003D10348406800B1804734
:10CE1000204610BDC80D0224D0000124014800F0B6
:10CE2000EDBF0000C80D022410B530B129B1D6F70E
:10CE3000E3F9002802D0012800D0022010BD000034
:10CE4000054810B500F0DBFE04488068002802D0D9
:10CE5000BDE81040004710BDC80D0224D0000124D9
:10CE60001F4A1D4970B51D48002414710C610269E8
:10CE700022F01F020261426A22F080024262BFF386
:10CE80004F8F0069C0070AD1164D2868026822F04A
:10CE900001020260BFF34F8F0868C00701D0002075
:10CEA00070BD886820F440408860EAF767F90D4853
:10CEB00001218830C4630464C464046580F83510BB
:10CEC00080F8344085F8811085F88040A5F86240EC
:10CED000A5F86A40084670BD0030014000000240DD
:10CEE000D4010124B89C02242DE9F04100240F460E
:10CEF0000646486800E0641CA04203D93968095D11
:10CF00003D29F8D16CB3411EA1422AD93968021BD0
:10CF100004F1010801EB08003D21521ED3F7ECFD9E
:10CF2000F8B996F84E01082802D30920BDE8F0812F
:10CF300006EB00153868C5E933043A6802EB0801CE
:10CF4000C5F8D4107968091B491EC5F8D810CC352E
:10CF5000214600F05DF820B1284600F07AF8002460
:10CF600011E00720E2E700BF06EB04106A68D0F882
:10CF7000D010914205D12968D0F8CC00D3F7C6FD76
:10CF800058B1641CE4B296F84E01A042ECD8C0B28D
:10CF9000401C86F84E010020C8E70820C6E7A0F133
:10CFA0004101192901D82030C0B270472DE9F04164
:10CFB000050016460F4619D0C7B1BEB1002411E0D6
:10CFC00005EB04103946CC3000F098F940B105EB80
:10CFD0000411D1E93501C6E900010120BDE8F08165
:10CFE000641CE4B295F84E01A042E9D80020F5E7B0
:10CFF00020B11AB190F84D318B4201D80020704712
:10D0000000EBC101D1E92F01C2E900010120704705
:10D0100010B5B8B1B1B10278A2F141031A2B02D315
:10D02000613A1A2A0ED201230FE0C25CA2F1410438
:10D030001A2C09D3203C1A2C06D331340A2C03D3E2
:10D040005F2A01D0002010BD5B1C8B42EDD3012074
:10D0500010BD70B505000CD02E68002E09D000243C
:10D0600004E0305DFFF79BFF3055641C6868A04208
:10D07000F7D870BD2DE9F04F9BB04FF0000B0700C3
:10D080000E4614465D46D9468DF868B00CD05CB1AA
:10D090004FF4A8711046D3F725FEAEB1B81910F8B9
:10D0A000010C0A2804D005E001201BB0BDE8F08F78
:10D0B000761E14D0B81910F8010C0D2800D1761E78
:10D0C000A02E01D90320F0E7002006E0395C2039CA
:10D0D0005F2901D30420E8E7401CB042F6D3324672
:10D0E00039462046D3F75DFD00206B460DF1680AF6
:10D0F000014604F806B021E05A4601E02254401CE3
:10D10000B04202D2275C202FF8D0B04218D20D29AD
:10D1100001D30920C9E7024600E0401CB04202D218
:10D12000275C202FF9D1A71803EBC108A0EB020C54
:10D130004A1C43F83170D1B2C8F804C0B042DBD306
:10D140008AF800109DF8686096B100984FF00108C9
:10D1500000783038092826D804F1A4004FF00002E6
:10D1600003003ED00198D8B34E4F0021054610E091
:10D1700002209AE70098405C30380A2831D2BA423F
:10D180002FD801D105282CD802EB8202491C00EBD4
:10D1900042028D42EED81A60D4F8A40000B10120FA
:10D1A00084F8A8000125B5424AD26E465DF83500E4
:10D1B00006EBC5077968FFF72BFFE8B3D7E9000155
:10D1C000C4E92B0104F1AC000746FFF742FF6D1CD8
:10D1D000384635A184F84C8100F090F868BB02E035
:10D1E000FFE7052061E732A1384600F087F820BB51
:10D1F00031A1384600F082F8F8B99DF86800854200
:10D200004AD206EBC50756F835003D217A68D3F7B8
:10D2100073FC90B956F835007968FFF7F9FE58B1FC
:10D22000D7E90001C4E92D0104F1B400FFF711FFB3
:10D23000022084F84C0101E002E02DE06D1C2BE09F
:10D24000062032E706EBC5073D21D7E90002D3F7F8
:10D2500053FC40B14FF0010939462046FFF744FE28
:10D26000002886D116E0B9F1000F01D007201CE795
:10D2700094F84D010228BFF44CAF04EBC000C0226B
:10D28000D7E90013C0F8BC10135094F84D01401CAE
:10D2900084F84D016D1CEDB29DF868008542D1D334
:10D2A000002002E79999991968656C7000000000E8
:10D2B00068656C6C6F00000070696E6700000000AC
:10D2C00070B51500044615D00220ACB1A1B194F898
:10D2D0004C21824210D104F1AC0000F00FF858B19B
:10D2E00035B104F1B400294600F008F8002800D058
:10D2F000012070BD0120E8E7002070BD2DE9F0415C
:10D3000005000E4612D08EB10846D3F7D6FB6968E9
:10D3100081420BD100240DE02868005DFFF73FFE3D
:10D320000746305DFFF73BFE874202D00020BDE894
:10D33000F081641C6868A042EED80120F7E72DE96F
:10D34000F04304004FF0000091B00E46074605463A
:10D3500084466AD0EEB32368DBB36268CAB3402A5E
:10D3600063D219782B2901D02D2915D1012013E082
:10D37000195CA1F13008B8F1090F05D830294FF038
:10D38000010708D0012506E02E294ED1BCF1000F7F
:10D390004BD14FF0010C401C8242E9D8CFB1194665
:10D3A0006846D3F7FEFB61680027E8460DF8017078
:10D3B000D3F7D2F88146076010A96846DFF784F9F1
:10D3C000D9F80000022830D0616801EB08001099FC
:10D3D00000E02AE0884228D1B4EE400AF1EE10FACB
:10D3E00023D110EE100AB0F1FF4F1EDA10EE100A32
:10D3F00010F5000F19D225B1B5EEC00AF1EE10FA02
:10D4000013D0B5EEC00AF1EE10FA04DD10EE100AEA
:10D41000B0F5000F09DBB5EEC00AF1EE10FA08D244
:10D4200010EE100A10F1FF4F03D20A2011B0BDE830
:10D43000F083002086ED000AF8E700002DE9F041B6
:10D440000E46154607461C4619463046D3F772FC71
:10D4500000280BD006A2234629463046D3F712F9FE
:10D4600031463846BDE8F041F2F738BEBDE8F081FC
:10D4700025730000C143491C0840B0FA80F0C0F198
:10D480001F00704718B1B0FA80F0C0F12000401EB4
:10D4900070470000FEB5066804460A4604210025D0
:10D4A000708CC0F305100BE0F36801EBC507DB5986
:10D4B0009F0104D5A76823F07F43BB4203D06D1CB6
:10D4C000A842F1D8FEBDA18844295CD00EDC3329E6
:10D4D0004CD006DC202956D0222954D0302913D133
:10D4E00051E0342942D036290ED14CE0622940D097
:10D4F00006DC472947D0552945D0572904D135E0C6
:10D50000672933D0682931D062B3FF2A2CD0D4E9FF
:10D5100003031B1A534300EB23200090F0680127FC
:10D5200001AA50F83500F6F7BDFB60B1DDE9000156
:10D53000884208D1BDF80020BDF804309A4202D1DB
:10D54000884200D10027F068A188009A50F8350081
:10D55000F6F73EFD002FB5D0A288A1682068F5F748
:10D5600055FBFEBDE068D8E72069D6E7FF2AFBDA65
:10D57000F8E7E0680028F7D02369002BCDD0802A97
:10D58000CBDB0093CAE7002A01DCA0892DE0FF2A4B
:10D5900001DB208A29E0278AD2B2A389121DBFB2FB
:10D5A00013489BB24FEA072C4CEA17274FEA032E89
:10D5B0004EEA132CBBB21FFA8CF743EA034347EA47
:10D5C000074707400340D208DB1B534307EB5312C6
:10D5D000024042EA124080B2020242EA1020ADF854
:10D5E000080080B20290BDF80800ADF8000095E791
:10D5F0001FF8E0072DE9F04104682648A688256851
:10D60000DFF7BBFE10E0A1420BD008682268904211
:10D6100007D18868A268904203D18888A288904286
:10D6200036D01C48DFF7BBFE0100ECD1698C04202A
:10D630000027C1F3051129E0EA6800EBC703D258BF
:10D64000930122D5A36822F07F429A421DD111484E
:10D650002146DFF72DFF2046F2F70AFEE868314643
:10D6600000EBC7042068F6F73DFCE86850F8370087
:10D67000F6F7C0FB00280BD0D4E9001020F07F4261
:10D680002846BDE8F041F5F790BB7F1CB942D3D8DE
:10D69000BDE8F08138B7022470B50468A068A2889C
:10D6A00000F47F0620683146F4F776FBE060002046
:10D6B000A5882346A080314620682A4600F00CF851
:10D6C000A580A1682068EBF79FFE0068A188E2684A
:10D6D000BDE87040F6F77CBC2DE9FF5F00259A4657
:10D6E0000E4607462548DFF761FE4FF470280446D2
:10D6F0004FF004093CE054453CD020482146DFF778
:10D7000052FE83462068B84231D1A068B04201D0B1
:10D7100046452CD1A1880298814203D0A0F57F41D3
:10D72000FF3924D1002511E0F86809EBC501415803
:10D730008A010AD5464503D021F07F41B14204D188
:10D7400050F83500A188F6F7CDFB6D1C788CC0F33E
:10D750000510A842E8D800212046EEF7F9FF074857
:10D760002146DFF7A5FE2046F2F782FD01255C4643
:10D77000002CC0D104B02846BDE8F09F38B7022481
:10D780000B4870B514000D46847003D0032101705E
:10D79000002000E00120FFF72FF806488368002BE7
:10D7A00005D0C06822462946BDE87040184770BDC4
:10D7B000089E0224D4010124054948680AB10122C7
:10D7C0000A7000224A60002801D0EFF785BB70473D
:10D7D0001C0201242DE9F84F92468B460021044695
:10D7E0006E22F4F7D9FA06B2204600216D22F4F732
:10D7F000D3FA05B216B9B5F5807F63D00021204673
:10D800006F22F4F7C9FA0021ADF80000702220461B
:10D81000F4F7C2FAADF802006427BDF900004FF436
:10D82000FA684FF47A79C0F34131012915D120F417
:10D83000C040404511DC04F11400EFF7ACF801469C
:10D84000BDF9000020F4C040484501DDC0F57A7004
:10D85000414391FBF7F0ADF80000BDF90200C0F3C1
:10D860004131012911D120F4C04040450DDC618BCC
:10D87000E28A891A491C09B2484501DDC0F57A706F
:10D88000414391FBF7F0ADF80200BAF1000FA18A15
:10D89000BDF8002001EB0200ADF80000E08ABDF801
:10D8A00002100844ADF8020006D04FF4803090FB1F
:10D8B000F5F071420EB205B26B462A463146584623
:10D8C000F5F78CFEBDE8F88F70B504460D46C068CC
:10D8D00061688847A8B1D4E902108847236900200D
:10D8E000A26C216A2064AA1AE064491C2076002BED
:10D8F000E263216208D0627E616C6069BDE87040BD
:10D900001847A06B401CA06370BD000070B50C46AA
:10D91000064600F059FB154D2868C06C80B929688F
:10D92000012081F850005CB101212046FDF7FEF98D
:10D930000F494FF080500860BFF34F8FBFF36F8FD8
:10D9400000F062FB00F040FB29680020CC6C34B191
:10D9500016B12968C86402E02A68611ED16429688A
:10D9600081F8500000F050FB204670BDDC0001241F
:10D9700004ED00E000880988401A7047BFF35F8F0C
:10D98000002802D01220D8F715BF704710B5044602
:10D99000BFF35F8FE00702D00B20D8F70BFFA00783
:10D9A00004D5BDE810402320D8F704BF10BD000007
:10D9B0002DE9F04F90F83E2612B14FF0010801E03A
:10D9C0004FF0000890F80A16012975D1D0F8C0551B
:10D9D000D0E90034D0F8C415AE46ED1A8B46A1410B
:10D9E0006AD2D0F81056D0F81416EE1A71EB04066D
:10D9F00062D3324EEB1A61EB04019B1B71F1000103
:10DA00005AD290F8C01401F07F010A4380F83E26F4
:10DA100090F8C11400294FD190F8C21400294BD1BD
:10DA200090F8C314002947D14FF47A7A4FF00109D6
:10DA300001EB410303EB011609FA01F300EBC60504
:10DA40001A42D5F8A86005F19805A6FB0A431BD039
:10DA500095F800C04F1CBC4514D1AF7897B16F78D2
:10DA600087B1962E0ED2EE7866B92E7956B96D69C9
:10DA700045B9D0E900C5BCEB0E0665EB0B05A41B50
:10DA8000AB4101D34FF00008491C0729D0D3B8F1AE
:10DA9000000F02D04FF0020201E04FF0030280F8C5
:10DAA0000A264FF0000180F83C1601D002E003E0A6
:10DAB0004FF0090180F80916BDE8F08FF049020027
:10DAC00070B50500144606D029B124B1B4F5027F23
:10DAD00003D9082070BD032070BDA81CD3F761F8DE
:10DAE00000202C8070BD70B504000D460DD045F2AD
:10DAF000B011D3F7F7F804F5A044C4F874510DB190
:10DB0000012000E0002084F88C0170BD2DE9F04771
:10DB10001E4691460F4640F2014358B157B14EB1EF
:10DB200000F5A0440025358000F2014194F88C21D5
:10DB30001AB15CE00320BDE8F0870920FBE700BFD5
:10DB4000B4F87A21B4F87AC10CF1010CBCFBF3F8FB
:10DB5000825C0A2A03FB18CCA4F87AC105D094F899
:10DB60008BC1BCF1000F42D131E094F88B2152B14E
:10DB7000D4F8980184F88B51401CC4F89801052012
:10DB8000A4F87C51D7E7B4F87C2142B300F5806C4F
:10DB900012F80CC0BCF10D0F05D1521E1204120C6C
:10DBA000A4F87C2123D092B24A4503D30620A4F8DE
:10DBB0007C51C0E73846D2F7F4FFB4F87C013D54FD
:10DBC000B4F87C0130800020A4F87C51B3E7B4F8AD
:10DBD0007CC1BCF5007F03D3012284F88B2106E0D1
:10DBE0000CF80120B4F87C21521CA4F87C21B4F874
:10DBF0007A21B4F878C16245A2D102209BE70028BF
:10DC000008D000F5A04090F88C11002902D0002126
:10DC100080F88A1170472DE9F0411C460F461546E1
:10DC2000DDE9071394F800C0069E099ABC4505D3A8
:10DC30000868401C08600720BDE8F081297801EBE6
:10DC4000810C0CEB012100EB41001946FFF738FF76
:10DC50000028F1D12878401CB0FBF7F107FB110038
:10DC600028702078401CC0B220703178884200D9DA
:10DC700030700020E0E71FB5C8B145F28C131B5C83
:10DC8000ABB145F29C1345F2811404440094034463
:10DC90000392CDE9013145F27E11421800F5A3430C
:10DCA000102100F20260FFF7B6FF04B010BD09209A
:10DCB000FBE77FB5D0B145F28C131B5CB3B145F2E5
:10DCC000A01345F28415034445F28514CDE90212F0
:10DCD000A91E04444218CDE90043431942F2A2644C
:10DCE00010212044FFF797FF04B070BD0920FBE727
:10DCF0002DE9F0414FF00005E8B300F5A04494F899
:10DD00008C31C3B394F88831042B0FD394F8876116
:10DD10000125D4F8A4715B1E761C06F0030684F876
:10DD2000876184F888317F1CC4F8A47144F242737F
:10DD300094F8866106EB860707EB062600EB4600A3
:10DD40001844FFF7BDFE002813D194F8861194F80B
:10DD5000880194F88921491C401C01F0030184F8D2
:10DD60008611C0B284F88801904201D984F88901F3
:10DD70002846BDE8F081FFE70920FAE7F0B540F258
:10DD8000014608B111B90AB10320F0BD00F5A04366
:10DD900093F88C41C4B1B2F5806F0ED8B3F87841D6
:10DDA000B3F87A5105F201452D1B6D1EB5FBF6F750
:10DDB00006FB1755ADB2AA4208D9D3F89401104416
:10DDC000C3F894010420F0BD0920F0BD00250AE04D
:10DDD000671C11F805C0B7FBF6FE00F804C06D1C07
:10DDE00006FB1E77BCB29542F2D3A3F87841D3F874
:10DDF00090011044C3F890010020F0BD2DE9F041DE
:10DE0000050057D005F5A04494F88C01002851D0A6
:10DE100094F88A0100284DD194F8801144F66A7074
:10DE2000284440F20A2259B194F87F11012601EBEF
:10DE3000810303EB012105EB410101F2026118E0CE
:10DE400094F8841129B194F88331022642F2A26138
:10DE500008E094F8881100292CD094F88731032623
:10DE600044F2427103EB830707EB032305EB430303
:10DE70001944D2F796FE44F66A70D4F87421415BD7
:10DE8000801C28449047012816D002281AD001206F
:10DE900084F88A01012E1BD0022E26D094F8871117
:10DEA00094F88801491C01F0030184F88711401E91
:10DEB00084F88801BDE8F081D4F8A801401CC4F8BA
:10DEC000A801F7E7D4F8AC01401CC4F8AC01F1E7B5
:10DED00094F87F1194F88001491C01F00F0184F837
:10DEE0007F11401E84F88001E4E794F8831194F8D0
:10DEF0008401491C01F00F0184F88311401E84F84D
:10DF00008401D7E7D0E9013201699A60D0E90123A1
:10DF10005A604A68824201D182684A6000220261E6
:10DF20000868401E086008687047000008B9064885
:10DF300000680021006B01E0401C491C0278A52A02
:10DF4000FAD0C1F38F007047DC00012410B5044CF7
:10DF50008023046004F154000860136010BD0000C9
:10DF6000280301244FF0FF3300F108010022C0E92B
:10DF700001130260C16001617047002101617047B7
:10DF800030B50B685A1C02D000F1080202E00269A9
:10DF900004E02246546825689D42FAD953684B60D4
:10DFA00099608A60516008610168491C016030BD58
:10DFB00042684A6093688B60936859609160086119
:10DFC0000168491C01607047502080F31188BFF33D
:10DFD0004F8FBFF36F8F0A494868401C4860012883
:10DFE0000CD10848006810F0FF0F07D0502080F3D4
:10DFF0001188BFF34F8FBFF36F8FFEE770470000AC
:10E000003801012404ED00E00849486828B1401EA9
:10E01000486001D180F311887047502080F3118847
:10E02000BFF34F8FBFF36F8FFEE70000380101246D
:10E0300070B500282AD0164DA0F1080461686869FF
:10E04000014207D1502080F31188BFF34F8FBFF3F7
:10E050006F8FFEE722683AB1502080F31188BFF33A
:10E060004F8FBFF36F8FFEE78143616000F04AF985
:10E0700060686968084468602046FCF7C1FF286949
:10E08000401C2861BDE8704000F0F0BB70BD00008E
:10E09000180101244FF0E020002101614FF47A7251
:10E0A0008161072303490968B1FBF2F1491E41610F
:10E0B00003617047B000012410B5D2F729FA114965
:10E0C00010280ED300F1E0200A7890F8F003904277
:10E0D00007D2502080F31188BFF34F8FBFF36F8FAB
:10E0E000FEE709488968006800F4E060884207D9C3
:10E0F000502080F31188BFF34F8FBFF36F8FFEE77F
:10E1000010BD0000380101240CED00E0020010B544
:10E1100014D00F48006B38B1502080F31188BFF342
:10E120004F8FBFF36F8FFEE700F0ECF80021104631
:10E13000FCF7FCFD00F09AFB002807D105494FF0E1
:10E1400080500860BFF34F8FBFF36F8F10BD00008A
:10E15000DC00012404ED00E070B504000D460BD096
:10E1600095B11E4A106BB8B1502080F31188BFF3EF
:10E170004F8FBFF36F8FFEE7502080F31188BFF3FE
:10E180004F8FBFF36F8FFEE7502080F31188BFF3EE
:10E190004F8FBFF36F8FFEE700F0B4F82368D268AB
:10E1A0005919934204D98B420AD9914202D807E007
:10E1B0008B42FAD9881A21600021FCF7B7FD00E0F4
:10E1C000216000F053FB002807D105494FF0805033
:10E1D0000860BFF34F8FBFF36F8F70BDDC00012469
:10E1E00004ED00E02DE9F0410400884615D0FFF76A
:10E1F00063FF5020EFF3118680F31188BFF34F8F38
:10E20000BFF36F8F94F85000022184F85010E16C36
:10E21000491CE164012808D025E0502080F31188D2
:10E22000BFF34F8FBFF36F8FFEE7A06A38B1502066
:10E2300080F31188BFF34F8FBFF36F8FFEE7144D4C
:10E240000127286B98B1134804F11801FFF7B0FEBD
:10E25000E06A2968C96A884205D9B8F1000F01D07F
:10E26000C8F80070EF6186F31188BDE8F081201DC9
:10E27000FFF748FEE06A2A6907FA00F111432961B5
:10E28000044900EB8000B43901EB8000211DDDE77B
:10E29000DC0001247C60022410B586B0002405AAAD
:10E2A00004A9039403A80494FFF750FEDDE90301D9
:10E2B00000940023CDE9011010480EA1059A00F04A
:10E2C000CCF90F490028C86211D0502080F3118882
:10E2D000BFF34F8FBFF36F8F01224FF0FF30886283
:10E2E0004A61CC6006B0BDE8104000F00FB906B03E
:10E2F00010BD000049444C4500000000F1AE02088A
:10E30000DC0001240248016B491C016370470000D6
:10E31000DC0001241448016B11B10121C161704777
:10E320000021C16111490269B2FA82F2C2F11F02F1
:10E3300002EB820251F822306BB101EB820101F154
:10E3400008034A6852684A609A4201D152684A609A
:10E35000D16801607047502080F31188BFF34F8F60
:10E36000BFF36F8FFEE70000DC000124C85F0224CA
:10E37000F0B50C4606462DED028B91B0FEF76DF818
:10E380000546207BECF760FA05F13C010246684641
:10E39000E6F750FD217B6F463046E6F72BFB002861
:10E3A00019D1207B05280DD1607F012802D00228D9
:10E3B0002BD1A2E096F8C90460B101213846F8F7E4
:10E3C000AAFB38B1207B022809D0032807D00428F3
:10E3D0007ED104E0042011B0BDEC028BF0BD94EDC1
:10E3E000080AEAF715FD80B194ED090AEAF710FD75
:10E3F00058B194ED0C0AEAF70BFD30B194ED0C0A1C
:10E40000B5EEC00AF1EE10FA01D00320E3E7DDED2E
:10E41000030AD5ED061A94ED080AB1EE601A31EE42
:10E42000808AB4EEC10AF1EE10FA64D3B4EEE00AC9
:10E43000F1EE10FA5FDC94ED090AB5EEC00AF1EED8
:10E4400010FA58D9DDED040AB4EEE00AF1EE10FA44
:10E4500051DC6878B8B1A878A8B12869962812D29A
:10E46000B0EE480AEAF7D4FC98B39DED010AB4EE89
:10E47000C80AF1EE10FA3EDC9DED020AB4EEC80ABD
:10E48000F1EE10FA37D3207BECF7DEF900B394ED10
:10E490000A0AEAF7BDFCE0B194ED0B0AEAF7B8FC12
:10E4A000B8B194ED0A0ADDED090AB4EEE00AF1EE26
:10E4B00010FA20D3DDED0A0AB4EEE00AF1EE10FA0C
:10E4C00019DC94ED0B0ADDED0B0AB4EEE00A01E075
:10E4D00013E010E0F1EE10FA0DD3DDED0C0AB4EE0E
:10E4E000E00AF1EE10FA06DC606B0F99884202D365
:10E4F0001099884201D90B206DE700206BE70000DE
:10E5000001484068704700001801012437481CB5D5
:10E51000374902688A4207D1502080F31188BFF33F
:10E520004F8FBFF36F8FFEE731490068491E884265
:10E5300007D1502080F31188BFF34F8FBFF36F8F47
:10E54000FEE72C49FF200A780192087008788DF8C0
:10E5500000009DF800209DF8000002F0F0028242C9
:10E5600007D0502080F31188BFF34F8FBFF36F8F18
:10E57000FEE79DF8002007201F4C02F05002227099
:10E58000A06005E09DF8002052008DF80020401E9C
:10E590009DF800201206F5D40328A06007D0502073
:10E5A00080F31188BFF34F8FBFF36F8FFEE74FF4F7
:10E5B0004070A060019808700C482030016841F458
:10E5C00070010160016841F070410160FFF762FD78
:10E5D00000206060D1F764FF0848016841F04041C5
:10E5E0000160D1F749FF00201CBD000000ED00E0F4
:10E5F00071C20F4100E400E03801012434EF00E073
:10E600002DE9FF5F994616468A4683469000DDE96C
:10E610000E87FCF73FFD05001CD05420FCF73AFDA7
:10E62000040014D00020256384F851004B46CDE946
:10E630000087CDE90240324651465846FCF788FC37
:10E640002046FCF7ABFB012004B0BDE8F09F284654
:10E65000FFF7EEFC4FF0FF30F6E7F0B585B0DDE9EF
:10E660000B740A9DA7B1DCB154262763022684F8F7
:10E670005160002703970DF1100C0095CDE901C4FE
:10E68000FCF766FC2046FCF789FB049805B0F0BD5A
:10E69000502080F31188BFF34F8FBFF36F8FFEE7D9
:10E6A000502080F31188BFF34F8FBFF36F8FFEE7C9
:10E6B0002DE9F0411F4690460D464FF0010690B1FE
:10E6C0000446FFF781FC0FB1E06C3860022294F839
:10E6D000500084F85020B8F1050F19D2DFE808F097
:10E6E000230B0E141200502080F31188BFF34F8FBC
:10E6F000BFF36F8FFEE7E16C294301E0E16C491C39
:10E70000E16410E0022801D0E5640CE0002635E069
:10E71000E16C491C07D0502080F31188BFF34F8F64
:10E72000BFF36F8FFEE7012828D1201DFFF7EAFB1A
:10E73000154D0120E16A2A6988401043286101EBE8
:10E740008100124901EB8000211DFFF731FCA06A16
:10E7500038B1502080F31188BFF34F8FBFF36F8F14
:10E76000FEE72868E16AC06A814207D908494FF08C
:10E7700080500860BFF34F8FBFF36F8FFFF744FCEB
:10E780003046BDE8F0810000DC000124C85F0224AF
:10E7900004ED00E00148C06870470000DC0001247F
:10E7A0002DE9F0412F4C206B002728B1A069401CB7
:10E7B000A0613846BDE8F081E668761CE66013D1BA
:10E7C000606B006838B1502080F31188BFF34F8F21
:10E7D000BFF36F8FFEE7606BA16B6163A063206A7C
:10E7E000401C2062FCF732FCDFF87C80A06A864285
:10E7F00009D3606B0068A0B1606BC068C5686868C9
:10E80000864211D2A0622068C06A00EB800158F8ED
:10E810002100012800D90127E0690028C9D001277B
:10E82000C7E74FF0FF30EDE7281DFFF76BFBA86A45
:10E8300018B105F11800FFF765FBE96A01202269AC
:10E8400088401043206101EB810108EB8100291D04
:10E85000FFF7AEFB2068E96AC06A8142C9D301278D
:10E86000C7E70000DC000124C85F02242DE9F0475F
:10E870002C4D286B0024264638B1FFF7A5FB286BEA
:10E88000401E2863286B40B147E0502080F3118878
:10E89000BFF34F8FBFF36F8FFEE7234F0120A968AF
:10E8A000D9B3A7F1B40980463868E8B1F868C468FC
:10E8B00004F11800FFF726FB201DFFF723FBE16A98
:10E8C0002A6908FA01F01043286101EB810109EB84
:10E8D0008100211DFFF76CFB2968E06AC96A884244
:10E8E000E2D3C5F81C80DFE70CB1FCF7AFFBAC69E5
:10E8F00044B14746FFF754FF00B1EF61641EF9D100
:10E900000020A861E86940B1084901264FF0805015
:10E910000860BFF34F8FBFF36F8FFFF775FB304673
:10E92000BDE8F087DC0001247C60022404ED00E0F7
:10E9300010B500290AD00878002807D00548784487
:10E94000D2F7F8F9002801D0002010BD0248784421
:10E9500010BD0000E2DA0100DADA010010B500298A
:10E960000AD00878002807D005487844D2F7E2F9A1
:10E97000002801D0002010BD0248784410BD0000DE
:10E98000D2DA0100CADA010002494FF0000000F0BB
:10E990006FB900BF0000F87F0EF1020E2EF0030EDB
:10E9A0005EF8046B364205D4012A43EB030515F5E6
:10E9B000001F12D8012841EB010C1CF5001F0CD8D8
:10E9C0000ED14FEAD17C15F5001F0CEB4C0C0CF16D
:10E9D000020C08BF4CEBD37C04E04FF0080C01E0C4
:10E9E0004FEAD37C0CEB4C0526FA05F606F0070639
:10E9F000B6F1040C06D20EEB860CBDE870404CF06C
:10EA0000010C6047DFE80CF0090B02024FF00041F7
:10EA10004FF00000A1F5002170BD194610460128F5
:10EA200051EB010418BFD4F5001484BF002001F09D
:10EA3000004170BD00EE100A00EE901AB4EE600ABC
:10EA4000F1EE10FA78BF704700F00DB810B5FFF77F
:10EA5000F1FFEFF3008020F0104038BF40F000409D
:10EA600080F3008810BDBDE8104010B500F047F8F5
:10EA70000000000900F007B84FF0404010F1004FCF
:10EA8000EFF300807047401058BFC0F1404049107C
:10EA900058BFC1F140418142EFF3008070474FF011
:10EAA0007E5209E011F0004204D54042C1F100015C
:10EAB00038BF491E42F07E520B0002F1706212BF55
:10EAC00020235FEA00017047B1FA81FCA3EB0C033D
:10EAD00001FA0CF120FA03FC02EBC352C3F120034C
:10EAE00041EA0C0110FA03FC5CEA416C42EB112094
:10EAF00018BF5FF0806C28BF20F0010070470EF156
:10EB0000020E2EF0030E5EF8044B244204D44FEAAA
:10EB10004102B2F17F4F11D84FEA4003B3F17F4F6A
:10EB20000CD80ED14FEAD07CB2F17F4F0CEB4C0CDD
:10EB30000CF1020C08BF4CEBD17C04E04FF0080C48
:10EB400001E04FEAD17C0CEB4C0324FA03F404F00F
:10EB50000704B4F1040C06D20EEB840CBDE810409F
:10EB60004CF0010C6047DFE80CF0070802024FF0A0
:10EB70000040A0F5800010BD0846420018BFD2F149
:10EB8000807288BF00F0004010BD4FF04070E1EE91
:10EB9000100A70474FEAC1230A1543EA50534FEA5F
:10EBA000C02C18BF43F000431BD4A2F24E02D2F592
:10EBB0007C72C0F22080502AA8BF502223FA02F1B2
:10EBC0002CFA02F060B4D2F1200284BF03FA02F5FD
:10EBD0002843C2F100029CBF23FA02F5284360BC1F
:10EBE000704701F1804212F5801F04DA4FF00000F7
:10EBF0004FF00001704770B5FFF7CEFE49922480B8
:10EC0000002001E06FEAE17001467047C2154FEA4B
:10EC1000002318BF43F000430ED4D2F1BE0215D337
:10EC200023FA02F1B2F1200C2EBF23FA0CF0C2F14C
:10EC3000200C03FA0CF070474FEA400CBCF1FE4F79
:10EC400004D24FF000004FF00001704710B5FFF7FD
:10EC500056FF00BF9224498000204FF0000170470A
:10EC60006FEAE07001467047D2F737BAD2F728BD95
:10EC70000CF00F03092B08BF082000F05F800A2B5F
:10EC80000BD0082B18BF704708BF1CF0400F0AD0EC
:10EC90004FF000004FF0000170471CF0400F18BF0C
:10ECA0004FF0004070471CF0100F08D020F0704368
:10ECB00000F07F4242EAD3014FEA4370704700F010
:10ECC000604021F07F4242EA000201F07F4040EACA
:10ECD000727070474FF0FF0C4CF4E06C1CEA11535B
:10ECE0001CBF9CEA030C9445C2BFDA4201EB0251FF
:10ECF0007047002B0DD0BCF1000F0FD0002A01F09F
:10ED00000041A4BF41F0E04141F07F614FF00000BD
:10ED1000704701F000414FF00000704750EA0133A6
:10ED20004FF09B0C18BF4CF0806C7FF42DAE7047F9
:10ED3000D3F792B8D3F70EBAD3F79CBB1CF4801F5D
:10ED400011D01CF4E02F03D06FEACC31490070479A
:10ED50004FF04050EFF3008222F0704242EA00028E
:10ED600082F3008870474FF000007047BCBA040877
:10ED700015A20008030000000000000000050000CC
:10ED8000D0250124D0390124DCBA040805A30008E9
:10ED9000020000000000000080010000243A01246D
:10EDA00024400124ACBA040845A500080100000075
:10EDB0000000000000050000784001247854012480
:10EDC000E8BA040839A600080000000000000000AE
:10EDD00080010000CC540124CC5A0124F4BA040868
:10EDE00011A60008FFFF0000000000000004000062
:10EDF000205B0124206B0124CCBA04081DA4000868
:10EE0000FEFF00000000000080010000746B012480
:10EE100074710124A0BA040865A30008FEFF000075
:10EE200000000000000800007C0501247C2501246E
:10EE300000050000800100000005000080010000C6
:10EE40000004000080010000000800000006101609
:10EE5000000610160001020304050607080C101432
:10EE600018203040000000000000000000000000FA
:10EE7000000000000000000001000000020000008F
:10EE80000300000004000000000000000500000076
:10EE9000000000000000000000000000060000006C
:10EEA000000000000000000000000000070000005B
:10EEB0000000000001020304010203040607080920
:10EEC00030313233343536373839414243444546A0
:10EED0000000000062656E6368000000D8BB040893
:10EEE0000100000007000000000001001100000008
:10EEF0000000000000000000000000000000000012
:10EF00000000000000000000000000000000000001
:10EF100000000000000000000000000000000000F1
:10EF200000000000010002001200000000000000CC
:10EF300000000000000000000000000000000000D1
:10EF400000000000000000000000000000000000C1
:10EF500000000000000000000000000000000000B1
:10EF60000200030013000000000000000000000089
:10EF70000000000000000000000000000000000091
:10EF80000000000000000000000000000000000081
:10EF9000000000000000000000000000030004006A
:10EFA000140000000000000000000000000000004D
:10EFB0000000000000000000000000000000000051
:10EFC0000000000000000000000000000000000041
:10EFD0000000000000000000040005001500000013
:10EFE0000000000000000000000000000000000021
:10EFF0000000000000000000000000000000000011
:10F000000000000000000000000000000000000000
:10F0100000000000050006001600000000000000CF
:10F0200000000000000000000000000000000000E0
:10F0300000000000000000000000000000000000D0
:10F0400000000000000000000000000000000000C0
:10F05000060007001700000000000000000000008C
:10F0600000000000000000000000000000000000A0
:10F070000000000000000000000000000000000090
:10F0800000000000000000000000000041657468FE
:10F090006F725F726F626F0000000000000000007E
:10F0A000000000000000000000000000302E312EA3
:10F0B000302D7068617365300000000000000000B2
:10F0C000000000006E6F742D696E6A65637465647C
:10F0D0000000000000000000000000000000000030
:10F0E0000000000000000000000000000000000020
:10F0F00000000000616574686F722D636F6E74723A
:10F100006F6C6C65722D3031000000000000000053
:10F110000000000061726D2D303100000000000021
:10F1200000000000616574686F722D746578742D3D
:10F130007631000000000000000000000000000028
:10F140000000000007080A0405060D0E2415161716
:10F1500000000000010000000200000003000000A9
:10F160000400000005000000060000000700000089
:10F1700008000000FF0F0000300364069909CF0C5F
:10F180000203040505060700C8C104087CC1040881
:10F19000D0C104081CC1040888C1040898C104082F
:10F1A0005CC10408F0C10408A8C104082CC204080A
:10F1B00014C20408E0C104080CC10408FCC004081F
:10F1C000B8C104086CC104084CC104082CC104086F
:10F1D0003CC1040804C204083601700000000000AD
:10F1E00000000000000000003A015500000000008F
:10F1F0000000000000000000B2050C0C00333300DA
:10F200000000000000000000B70135000000000011
:10F210000000000000000000BB0132000000000000
:10F220000000000000000000C2010100000000001A
:10F230000000000000000000C301150000000000F5
:10F240000000000000000000C401200000000000D9
:10F250000000000000000000C6010F0000000000D8
:10F260000000000000000000D002A4A10000000087
:10F270000000000000000000E00ED0080E090905A3
:10F280003133481714153134E10ED0080E09091531
:10F2900031334817141531342100000000000000FC
:10F2A0000000000000000000290000000000000035
:10F2B000000000000000000065CA020861CE0208DC
:10F2C00045B9020870C3040884C3040824C30408B1
:10F2D00068C2040838C304089CC20408B4C2040805
:10F2E000B8C30408C8C20408E4C204084CC3040834
:10F2F00098C304089CC20408B4C20408C8C3040824
:10F30000FCC204086CC204087CC204088CC2040855
:10F31000B0C20408ACC204080CC304085CC20408F0
:10F3200018C304083CC2040848C20408B4C2040854
:10F33000B8C30408A8C3040890C2040894C204080F
:10F3400090C20408C4C20408C4C204085CC3040810
:10F3500098C204088CC20408D4C20408F4C2040889
:10F3600058C2040854C2040860C304080CC304084B
:10F370005CC2040818C304083CC2040848C204085C
:10F38000B4C20408B8C30408A8C30408D4C204085B
:10F39000F4C2040858C2040854C2040860C3040834
:10F3A0000020002F4002F4001F3001F3000F200066
:10F3B000F2000E1000E10003000010004F6003D5C2
:10F3C000000580391008E06F1007D05F0005C03ECF
:10F3D0000004A02C0000000000000000000000005D
:10F3E000000000000000000000000000000000001D
:10F3F0000000000000000400210000D00B30002BB2
:10F4000000C10004900E000FFFFFFF5008503A00AB
:10F4100000B2068005FFFFFFF000E00A40001C007C
:10F42000B20003A00D00005900E0000000E0000061
:10F43000000F0000007EFC60004F713B3008D000E0
:10F4400000007E00000002EB20000002CE800000E1
:10F45000007EC10000003E70000000AB0020000BE9
:10F46000A00CB537F40018DFC5000000F000000064
:10F470000E000003CD900002B00000D3098000A46C
:10F4800000004C003C003A000005B003D00B200007
:10F49000003D005B05909C8000C50B60C2991A700E
:10F4A00002CD80680E103D0000000C12E000F0005C
:10F4B0000007702D000F000001C000E002E0000016
:10F4C00086000A708900002C00001BDA000009ED9C
:10F4D00040000008C26E000000C601E000000B7092
:10F4E0008B0000007CAC10000004FB00006205EB08
:10F4F000E2003E11E70AC10AA05F100CC5E204F366
:10F50000001CF9000CC437ECFA2019DDB403A50582
:10F510008008E007D005C004A00000000000000043
:10F5200000000000000000000000066000D2006A39
:10F53000000C5001F1004D0006B0007A0007A00059
:10F540006B0005D0001F0000D4000790002E1000B3
:10F55000870000001B0000B50005C0000E2000A7BA
:10F560000007A0005C0004D0004D0005C0006B0047
:10F57000097000D4003D00097001D00001000000B6
:10F580000B200053C55107DFEA2007DD0001D187BA
:10F59000000000000000000000000000000000006B
:10F5A00000000000000000000000000000000180DA
:10F5B0000000002F00000002F00000113F11106F4A
:10F5C000FFFFFF40002F00000002F00000002F00AE
:10F5D00000000170000000000000000008D207E6F3
:10F5E00000B505D00B2000003FFFC0011110000046
:10F5F0000000000000000000100AE107D100001721
:10F60000000005A00000A500000E100004B00000DE
:10F610008700000D200003C000007800000C3000BF
:10F6200002D000006900000B400001E000005A0019
:10F63000000A500000003BEB20002E839D1009B013
:10F6400000D700E60008C00F40006E02F30005F08E
:10F650002F30005F00F40006E00E70008C009B006D
:10F660000D7002E83AD10003BEB2000049E7000085
:10F670000BBE70000000E70000000E70000000E705
:10F680000000000E70000000E70000000E70000097
:10F6900000E70000000E70000133E832008FFFFF2A
:10F6A000C0019CDA2001DA44CD00040002F500001C
:10F6B000000E70000001F40000006E1000001E70CB
:10F6C00000000BC0000008E2000008E3000009E6AB
:10F6D000333304FFFFFFF1019CEB4000CA44AE202E
:10F6E000010000E70000000E6000003BC10002FFC7
:10F6F000C10000024BD20000000BB00000008E00E1
:10F7000040000BB04E9549F50039CEB40000002EF4
:10F71000C000000AEC000004E8C00000D78C000024
:10F720008C08C0002E408C000B9008C005E3229C82
:10F7300020AFFFFFFF5000008C00000008C0000059
:10F74000008C0004FFFFF6005E33331006D000008B
:10F75000007C00000008DBEC500049328F500000B4
:10F7600000BC00000007E00000008D0040000DA07C
:10F770004E944BE20039CEA2000007CDA2000AD57C
:10F7800049A004E2000000AA0000000E6000000092
:10F79000F69EEA101FD512CA00E60005F00D7000B3
:10F7A0003F208C0006E001D935D70001ADC6003FEF
:10F7B000FFFFFF1033333CA0000004E1000000C74E
:10F7C0000000004E1000000A90000000E50000005C
:10F7D0003F20000007E00000009C0000000AB0008D
:10F7E0000000CA0000005CEC50004E626E4009A0B0
:10F7F00000A9008B00099002E701D40005FDB700C5
:10F8000002C58EB100D6001CB02F10005F02F300BD
:10F8100005E00AC414D90007CEC700007DD9100046
:10F820009D43AD001F4000D703F10008B02F30000A
:10F830007D00CB217EE002BEE87E00000008C00013
:10F840000000C80000004E200B846E80003BEC607E
:10F850000007C10AE2001000000000000000100ACA
:10F86000E207C000100AE107D1000000000000001C
:10F870000008D207E600B505D00B2000000000000C
:10F880000000000017D40004AEA5017DC710006F72
:10F89000910000005BEA400000027DD810000004E7
:10F8A000A40000000000000000000111111106FF7B
:10F8B000FFFFF40000000000000000000111111122
:10F8C00006FFFFFFF4000000000000000000000041
:10F8D0000000000000000006C610000006BE9300F5
:10F8E000000027DD70000001AF40005AEA4029EC1B
:10F8F00071000593000000000000000000000000FF
:10F900000001100005DFFA001C415E7000000BA032
:10F9100000000E7000008D100004E300000D800058
:10F92000002F40000004000000010000005F6000A4
:10F93000003D4000000005ADDB810000002CB4104C
:10F9400037D500001D80000002D2000980000000B1
:10F9500007A004D0008DB8500E00A6009B24F30031
:10F96000D10E202E101E000C20F006A003C000E0D7
:10F970000E0089006A005A00D205D23CC13D200A1F
:10F980005009EA19EB30005D00000000000000B9EA
:10F9900000000000000001BC520284000000005A78
:10F9A000DEC81000000002FC00000007BE200000BE
:10F9B0000C6B7000001F16C000006C02F20000B754
:10F9C00000C70001F3008C0006FFFFFF200B92220E
:10F9D0002D701E400009C06E000005F2BA00000143
:10F9E000E705FFFEC700005F3236EA0005F10007B9
:10F9F000E0005F10006D0005F1004D70005FFFFF3B
:10FA0000B10005F3225BD2005F10000D9005F100FC
:10FA100000AB005F10000D8005F3235CD2005FFF98
:10FA2000ED92000003ADDA30006EB65AE102E80054
:10FA3000002009D00000000C900000000E700000B3
:10FA4000000E700000000C9000000009D0000000C3
:10FA500002E8000040006EA659E40003ADDA30056C
:10FA6000FFECA300005F335AE70005F10008E20055
:10FA70005F10000DA005F100009C005F100007E082
:10FA800005F100007E005F100009C005F10000D9FB
:10FA9000005F10008E2005F335BE70005FFECA3097
:10FAA0000005FFFFFF505F43333105F10000005FA9
:10FAB00010000005F10000005FFFFF7005F4333215
:10FAC000005F10000005F10000005F10000005F469
:10FAD0003333205FFFFFF805FFFFFF505F433331F3
:10FAE00005F10000005F10000005F10000005FFF5D
:10FAF000FF8005F43332005F10000005F1000000C4
:10FB00005F10000005F10000005F10000000029C83
:10FB1000EA500005EC758E6001E9000020009D00B0
:10FB20000000000C9000000000E7000333200E707E
:10FB300000FFFC00C9000007C009D000007C002EB7
:10FB4000800007C0006EB647DB00003ADEB7000554
:10FB5000F100006F0005F100006F0005F100006F7B
:10FB60000005F100006F0005F100006F0005FFFFC8
:10FB7000FFFF0005F544448F0005F100006F00050C
:10FB8000F100006F0005F100006F0005F100006F4B
:10FB90000005F100006F0005F1005F1005F1005F46
:10FBA0001005F1005F1005F1005F1005F1005F1016
:10FBB00005F1005F10000007F00000007F0000006A
:10FBC00007F00000007F00000007F00000007F0049
:10FBD000000007F00000007F00000007E000600068
:10FBE000AC002EA57E70003ADD700005F10005E442
:10FBF000005F1003E70005F101DA00005F10BC00B0
:10FC00000005F19F3000005F8EE8000005FF77E2FD
:10FC100000005F900DA00005F1005F40005F100044
:10FC2000BC0005F10003F6005F100009D005F100EB
:10FC300000005F10000005F10000005F10000005EB
:10FC4000F10000005F10000005F10000005F1000EF
:10FC50000005F10000005F10000005F43333005F81
:10FC6000FFFFF305F8000008F5005ED00000DE504D
:10FC700005CD30004DC5005C9900098D5005D4D0EC
:10FC800000E3E5005E0D404C0F5005E0890970F57A
:10FC9000005E03E0E20F5005E00C9B00F5005E0003
:10FCA0007F600F5005E002C100F5005E0000000F0C
:10FCB0005005F500006E0005ED00006E0005CC70EB
:10FCC000006E0005D4E1006E0005E0B9006E00058D
:10FCD000E03E306E0005F009B06E0005F001E55E13
:10FCE0000005F0008C5E0005F0000D9E0005F000A0
:10FCF00006EE0005F00000CE000004ADDA30000092
:10FD00007EA56BE50002E700009E100AD000001EF1
:10FD1000700C9000000BA00E70000009D00E700057
:10FD20000009C00C9000000BA009D000001E70025A
:10FD3000E800009E10007EA56BE5000004ADDA200F
:10FD40000005FFFEC70005F3347EA005F10005F2B3
:10FD500005F10002F405F10004F205F1014DB005D2
:10FD6000FFFFE91005F332000005F100000005F186
:10FD700000000005F100000005F10000000004ADE6
:10FD8000DA3000007EA56BE50002E700009E100A55
:10FD9000D000001E700C9000000BA00E7000000937
:10FDA000C00E70000009D00D9000000BB00AD0000A
:10FDB000001E7003F600008E10007F8349E50000EE
:10FDC00005BFEB4000000008E30000000001CE7416
:10FDD0005000000018CED105FFFED81005F3336D9A
:10FDE000B005F10004F205F10002F505F10005F29D
:10FDF00005F3236EB005FFFFE80005F107E20005FB
:10FE0000F100DA0005F1005F3005F1000CC005F1EA
:10FE10000003F6003ADDA30002EB659E2008D00047
:10FE2000020009E000000003FB300000004DFB4031
:10FE30000000005CFA000000006E800000000BB0C3
:10FE40000620000CA00BE855BE30006ADDA2007F42
:10FE5000FFFFFFF11333E933300000E7000000003B
:10FE6000E700000000E700000000E700000000E7F6
:10FE700000000000E700000000E700000000E700CD
:10FE8000000000E700000000E7000006F000006E40
:10FE90000006F000006E0006F000006E0006F000A4
:10FEA000006E0006F000006E0006F000006E000616
:10FEB000F000006E0005F100007D0003F300009BE0
:10FEC0000000E90001E800006F956DD1000005CE4B
:10FED000D91000CA000006E07E00000BB03F4000D1
:10FEE0000E600D80004F1008D0009C0004F200D777
:10FEF0000000E602F200009B07D000005E0B8000CD
:10FF0000000E5E3000000ADD00000006F900007EF1
:10FF10000000BC0000D74F3000EF1001F41F500369
:10FF2000DC5004F10D8007999007D00AB00B66C031
:10FF30000AA006E00E32F10D7003F23E00E50E401D
:10FF400000E46B00A83F1000C797006B5D00009AAB
:10FF5000C3003E8A00006DE0000ED700003FB000F5
:10FF60000AF4003F50002E50AD0009C002E602E442
:10FF70000008D09B00001E9E3000007FA000000AF9
:10FF8000EC000003E4E50000C909D0005E201E700B
:10FF90000D90008E16E10000D90BB00003F304F3BE
:10FFA000000AB000C9002E40005E108C00000C81D9
:10FFB000E5000005E7C0000000DF500000008E00F3
:10FFC0000000007E000000007E000000007E0000B7
:10FFD00000007E000009FFFFFFC00233336F6000A6
:10FFE0000000BB00000006E20000001E80000000D0
:10FFF000AD00000004F40000000D900000008E1021
:020000040803EF
:10000000000003E60000000CD33333303FFFFFFF56
:10001000D003CCA04B0004B0004B0004B0004B0058
:1000200004B0004B0004B0004B0004B0004B0004CF
:10003000B0004B0004B0003CCA5300000690000022
:100040002D000000C30000078000003C000000D22B
:100050000000086000004B000000E100000A5000B2
:10006000005A000001E000000B400000690000029F
:10007000D05CC90005A0005A0005A0005A0005A0E8
:10008000005A0005A0005A0005A0005A0005A00073
:100090005A0005A0005A05CC900006F4000000CCE0
:1000A000A000002E2E10000890B60000E305C0004E
:1000B0005D000E300A700098000000000000000093
:1000C0000000000000000000000000000000000030
:1000D0000000000BEEEEEEEA003A000000003E8069
:1000E00000000003E60000000034000000000000F3
:1000F0000000000000000000000000000000000000
:1001000000000000000000000000000000000000EF
:100110000000000000000000000000000000007B64
:10012000EC60007C648F30000000E80000036DA0EC
:10013000008D97CA00AB000BA00E6000BA00DC4433
:10014000BEA003CEB48A0006B000000007E00000A5
:100150000007E000000007E000000007D3AEC50084
:1001600007ED64AF4007E1000CB007E00008E007CE
:10017000E00007E007E00009D007E0000D9007EB82
:1001800044CE1007A5CEA200002ADD9102EC54B2A5
:100190000AD000000E7000001F5000000E7000001A
:1001A0000BC0000003EB44A6002ADD910000000C08
:1001B000500000000F600000000F600000000F60A2
:1001C000002BEC5E6002EB45CF600AD0000F600EA2
:1001D00070000F601F50000F600F60000F600CB0C8
:1001E000001F6005F946DE60005CEB3C60002AEC15
:1001F00060002E935D700AA0005D00E50002F11F13
:10020000FFFFFF20E50000000BB00000003EA43619
:1002100060002ADDA400000010007EF801E811044F
:10022000F30004F2006EFFF016F42004F20004F272
:100230000004F20004F20004F20004F20004F200F0
:10024000006CEFFF905E517E310B9000D700B9003B
:100250000C6005E306E2001DCEB30007900000002D
:100260008C32210002EFFFFD30A70002DA1F2000D0
:100270000B90DA2018E202ADEC920006B00000000C
:1002800007E000000007E000000007E000000007B2
:10029000D19DC40007ED75BE1007E2003F4007E0A6
:1002A000001F5007E0000F6007E0000F6007E0004C
:1002B0000F6007E0000F6007E0000F6006B007C0A6
:1002C0000000000007E007E007E007E007E007E0C4
:1002D00007E007E007E0006B0007C0000000000037
:1002E000007E0007E0007E0007E0007E0007E000DF
:1002F0007E0007E0007E0007E0008D014DA09EB269
:100300000000000000007D00000007D00000007D1C
:1003100000000007D00000007D000AC007D007E2FF
:10032000007D04E40007D1E800007ECDD00007FC8A
:100330001D70007E105E2007D000BB007D0003E52D
:1003400007D0007E0007E0007E0007E0007E000787
:10035000E0007E0007E0007E0007E0006E2001DA8A
:100360000007A2ADA208DD50007DC75DCB85BE10A1
:1003700007E2006F6002F5007E0004F2000F6007E4
:10038000E0003F2000F6007E0003F2000F6007E06F
:10039000003F2000F6007E0003F2000F6007E0003F
:1003A0003F2000F60007A19DC40007DD75BE1007C1
:1003B000E2003F4007E0001F5007E0000F6007E049
:1003C000000F6007E0000F6007E0000F6007E0002B
:1003D0000F60002ADD800002EB45DC000BC0002E20
:1003E000600E70000BA01F500009C00E60000BA033
:1003F0000BC0002E6002EA45DC00002ADD80000709
:10040000A3AEC50007ED64AF4007E1000CB007E004
:100410000008E007E00007E007E00009D007E0007F
:100420000E9007FB44CE1007D5CEA20007E00000D7
:100430000007E000000007E000000007E000000007
:10044000002BEC5C6002EB45CF600BD0000F600E20
:1004500070000F601F50000F600E60000F600CB046
:10046000001F6005F946DE60005CEB3E60000000A6
:100470000F600000000F600000000F600000000F20
:100480006007A2AE207CC75007F600007E00000780
:10049000E000007E000007E000007E000007E000B2
:1004A0000001ADD910BC43940E7000009E71000095
:1004B0006DE7000005E9000008C3D625D805BED8C1
:1004C0000000610001F20002F2008EFFF816F42134
:1004D00004F20004F20004F20004F20003F300014D
:1004E000EA33005DE809C0003F3009C0003F300931
:1004F000C0003F3009C0003F3009C0003F3009C094
:10050000003F3008E0007F3004F849BF30007DD85C
:100510000E309D00007E04F2000B900D7001F4007F
:100520008C006D0003F20B80000D61E300007B5D29
:10053000000002EB8000000CF300006E0005F400E8
:100540001F42F4009D8005E00D700D7C009B009B18
:1005500002D1E10C7005E06A0D51F3001F3A60987A
:100560004E0000C6D205C7A00008CD001EC6000080
:100570004F9000CF20003F5004E309D00C9001E7DA
:100580005E10006ED600001EE000009BD70003E264
:100590005E200C900BB06E1002E69D00006E03F31F
:1005A000000B900C8001E4007D005E0001E40A90E5
:1005B000000A90E400004E4E000000DC90000008AD
:1005C000F40000006E0000000C90000038E2000013
:1005D0004EC30000000EFFFFE002224E700000AC90
:1005E000000005E300001E800000AD000005F300E0
:1005F000001DA222206FFFFFF1004BA00C8000E243
:10060000000E2000E3000D3000D3004E105F70009C
:100610003E1000D3000D3000E3000E3000D7000480
:10062000BA05A005A005A005A005A005A005A00588
:10063000A005A005A005A005A005A005A005A00592
:10064000A005A004905C80003E4000C6000C600045
:10065000C5000C4000C40009A0002EB00A9000C4E0
:10066000000C5000C5000C6002E405C8000000004A
:1006700000006ED300501C25D56D000003CD300066
:10068000000000000000000000000000000000006A
:100690000006CC502C00D12C00D106CC500000001C
:1006A000000000000000000000000000000000004A
:1006B0000000000000000000180000000000000022
:1006C0002F100000000000002F10000000000000AC
:1006D0002F100000000000002F100000000000009C
:1006E0002F322222000000002FFFFFFF1000000029
:1006F0002F100000000000002F100000000000007C
:100700002F100000000000002F100000000000006B
:100710002F100000000000002F1000000002222215
:100720004F322222202FFFFFFFFFFFFFF302222282
:1007300022222222201FFFFFFFFFFFFFF200000006
:100740000E400000000000000E400000000000000D
:100750000E600000000000000EFA20000000000003
:100760000E6AE910000000000E404DD400000000A9
:100770000E40019E100000000E400001000000002D
:100780000E400000000000000E40000000000000CD
:100790000E400000000000000E40000000000000BD
:1007A0000B3000000002333333333333200DFFFFAF
:1007B000FFFFFFFFD000000002E600000000000085
:1007C0000BC00000000000007F9000000000000649
:1007D000ED9BA1000000006E5991BD40000008E5AE
:1007E000099008E70003CD400990005E901EA1002B
:1007F00009900004C1020000099000000000000000
:1008000009900000000000000990000000000000B6
:10081000099000000000000008700000000009FFBF
:10082000FFFFFFB000000992222228B000000980DB
:10083000000006B000000980000006B0000009FFBB
:10084000FFFFFFB000000992222227B000000980BC
:10085000000006B000000980000006B00000099208
:10086000222227B0000009FFFFFFFFB0000009802F
:10087000000006B000000980000006B000022A92C5
:10088000222227C2202FFFFFFFFFFFFFF200000000
:100890000000026100002345689CEFF90000EEDCD7
:1008A000BDC86410000000000980000000001111A4
:1008B0001A9111110000BFFFFFFFFFFB00000000B5
:1008C000098000000000000009800000001FFFFFF9
:1008D000FFFFFFFFF0022224E62222222000000C6C
:1008E000B00068000000009D10002E50000006E2DD
:1008F000000006E200007FA89ABCDEFB0000CDBA33
:100900008764323E50000000000000063000000006
:1009100008700000000000000A80000000000000D5
:100920000A8000000007FFFFFFFFFFFF6007B22201
:100930002A92222C6007B0000A80000B6007B000EA
:100940000A80000B6007B0000A80000B6007B0004F
:100950000A80000B6007FFFFFFFFFFFF6007B22266
:100960002BA2222C600120000A800002100000004F
:100970000A800000000000000A8000000000000063
:100980000A80000000000000087000000000030062
:100990005900000000002E506B000000000005E12F
:1009A0006B000000000000407B000000000AFFFF19
:1009B000FFFFFFFF50023333B933333D50000000D7
:1009C000D500000D40000001F262000E300000076B
:1009D000C07C000F3000000D600C801F2000007DE7
:1009E0001003D02F100003E50000004E00002D90F2
:1009F0000000006D0004E900000000BA000B800058
:100A0000000CFFE30000000000013310000034443C
:100A1000444444430000BFFFFFFFFFFB0000000011
:100A200000000000000000000000000000000000C6
:100A300000000000000000000000000000000000B6
:100A400000000000000000000000000000000000A6
:100A500000000000000000000000000000055555E7
:100A600055555555501FFFFFFFFFFFFFF1000000D8
:100A70001B100000000000000C8000000002222279
:100A800028C22222200EFFFFFFFFFFFFD00000142C
:100A900000003100000000BB0000AD3000001BB0C2
:100AA000000008E50004EA250000636E5005801E82
:100AB0002001E30670000009A009B0000000000159
:100AC000D76E2000000000003EE40000000000019E
:100AD0009EEA20000000017EB21AE8200007CFC580
:100AE00000004BED9109720000000016800000002C
:100AF0000B3000000000000008C000000003FFFFF2
:100B0000FFFFFFFF60002266222237221000007DD7
:100B100000005E100000000D5000A8000000222818
:100B20005224E4222000FFFFFFFFFFFFC000F3007C
:100B3000000000000000F200000000000001F100D1
:100B4000000000000003E000000000000005D000ED
:100B500000000000000A900000000000002E40008D
:100B600000000000002900000000000000000670E6
:100B70000000000000000D4CFFFFFFA000004D0131
:100B80001E411A700000A8000F300B500003F70040
:100B90000F200E20000BF7001F102E00006EB70074
:100BA0002F006FFFA03597004D001118A00097008F
:100BB0005B000008900097008A0000098000970001
:100BC000C600000A70009701E200000B6000970564
:100BD000D000000C5000970D7000000E3000977D83
:100BE0000000115E000097B40001EFE70000000074
:100BF0000000000000002400000000C500006C00A0
:100C0000B60000E500006C004E3000E300006C0010
:100C100008C001F200006C0001E303E000006C007A
:100C2000001006C000006C0000000A8000006C008C
:100C300000000E4000006C0014005E0000006C28F4
:100C4000E900DD2000009EEA3009C9D20002EA3046
:100C5000009D209D100030004CD3000BB00000021E
:100C6000E8000001C2000000000000000000008257
:100C700000027000000003E12B05C00000000A9094
:100C80006C05C00000001E30AA26D22210009C0075
:100C9000DFFFFFFF8003EC05D005C000001DDC0C6A
:100CA0007005C000004C5C051005C00000014C023E
:100CB0002226D22220004C0EFFFFFFFFF3004C0043
:100CC0000005C00000004C000005C00000004C0002
:100CD0000005C00000004C000005C00000004C00F2
:100CE0000005C000000039000004A0000000000062
:100CF00002800000000000000CD000000000000096
:100D0000ADCA00000000000BD21CB100000003DDE2
:100D10002001BD4000018EC311112AFA301ED5BF3B
:100D2000FFFFFC3AE2020000000000001001222256
:100D3000222222221008FFFFFFFFFFFFA000000574
:100D4000E30020000000002E5000C800000001D782
:100D500000002D7000001CB345689CF50000BFFF2B
:100D6000ECBA878E100033100000000810000075E8
:100D700000095000000001E30008B000000008B0C6
:100D80000003900000001E41FFFFFFFF9000AF1026
:100D9000222222221006FF1009100086002E8F103A
:100DA0000D4000C600191F100A6000E300001F106C
:100DB000089001F100001F1005C003D000001F10B3
:100DC00003E006A000001F1001F1097000001F10D1
:100DD00000D20C4000001F1122222E3220001F1BC7
:100DE000FFFFFFFFF4001B000000000000000053A5
:100DF00000091000000000D5000C8000000006D0A3
:100E00000005E00000000C711112921110005F2823
:100E1000FFFFFFFFF201DF000004D000000AEF0037
:100E20000004D000004E5F000004D00000042F003A
:100E30001116D11110002F00FFFFFFFFA0002F009F
:100E40000004D00000002F000004D00000002F009C
:100E50000004D00000002F000004D00000002F0E7E
:100E6000FFFFFFFFF6001A022222222220000000CC
:100E7000000000000000000006A0000000000000CC
:100E80005DE7000000000008D22D9000000002BCC9
:100E90001001BB3000007E80000008EA304ED7FF12
:100EA000FFFFFF4AF507001119B1110030000000E3
:100EB00008A000000000111119B111111007FFFF67
:100EC000FFFFFFFF9000000008A00000000001B23B
:100ED00008A04A0000000BA008A01BB10000BC0045
:100EE00008A000BB000BB1011AA0001D8002000B7E
:100EF000ED50000100000000000000000000006450
:100F000000520000000001E401E30000000007C0FF
:100F100007C0000000000D500DFFFFFFF5007F101F
:100F20006D2C72222002EF01E60B6000000CDF0A3C
:100F3000C00B6111103D3F19200BFFFFF0022F0085
:100F4000000B600000002F00000B600000002F006D
:100F5000000B711110002F00000BFFFFF3002F009A
:100F6000000B600000002F00000B600000002F004D
:100F7000000B600000001C00000A500000000094FC
:100F800000059000000003E10006B00000000A9D8B
:100F9000FFFFFFFFF5003E211117B1111000BD004A
:100FA0000006B0000006FD06FFFFFFFFC03E9D06E5
:100FB000A006B004C07A3D06A006B004C0013D06FC
:100FC000A006B004C0003D06FFFFFFFFC0003D01CA
:100FD0007009800000003D00B80D500000003D0089
:100FE0001CCD000000003D0007ED820000003D1612
:100FF000CD33AEB851003C1B60000158B20000A2D6
:10100000001A0000000005D0000B700000000C600A
:101010000004A00000005D4FFFFFFFFFF101DA02B6
:10102000229F4222200AFA0004ED6000004EAA002E
:101030001E76B004C0176A02CC02E14E60006A3D21
:10104000EB00CAD400006BEA7B006E2000006A301F
:101050006B000E5000006A006B0007D100006A00B0
:101060006B0010CA00006A007B6CA03EA0006A0002
:10107000CFC60003E4005800940000001000007385
:1010800000000000000003E2DFFFFFFF50000A90B5
:10109000D411111C50003E20D300000C5000CD0094
:1010A000D300000C5009ED00DFFFFFFF505F7D0013
:1010B0001117B111005A3D000006B00000013D01BA
:1010C0001117B11110003D1FFFFFFFFFF3003D009E
:1010D000008EEC0000003D0005D8BA9000003D00F5
:1010E0004E36B0D700003D07E506B02DA1003D4DBE
:1010F0002006B001C5002B00000590000000008014
:1011000000190000000006B0000D600000000D5046
:101110000006700000005E1FFFFFFFFFF200DB0013
:10112000000000000009EB00DEEEEEED004F8B004A
:1011300000000000002A4B000000000000004B00EF
:10114000DEEEEEED00004B000000000000004B0161
:10115000EEEEEEEE00004B01E000000F00004B0150
:10116000E000000F00004B01E000000F00004B0109
:10117000FEEEEEEF00003901A000000A0000009131
:1011800000059000000004D10009A00000000B8BB6
:10119000FFFFFFFFC0002F20000D30000000AB005C
:1011A000000E00000004F900DEEEEEED001DD90097
:1011B000D200003D003A7900DDDDDDDD0000790080
:1011C000D200003D00007900DDCCCCDD00007900CC
:1011D000D200003D00007900D200003D00007900FF
:1011E000DDDDDDDD00007900D200003D0000796F1B
:1011F000FFFFFFFFF4004600000000000000034076
:101200003500091000000A806A001E0000001E3030
:101210006A004D0000006D017B107A000000C89F3D
:10122000FFFCAFFFF506F8006A00E408802ED80046
:101230006A06F60A508988006B0C980C2010883FCB
:10124000FFF92C1E0000883C00870D7A0000883CC6
:10125000008709E50000883C008705E00000883C25
:1012600000970BF50000883FFFF78C5D2000883C5D
:10127000000AD108D2007601001910007100009117
:1012800000083000000005D00008A00000000C6C31
:10129000FFFFFFFFF3004E00000000000000C90048
:1012A0009EDDDDDD0007F9009700004D003EB9002E
:1012B0009DCCCCDD00177900000000000000790E05
:1012C000EEEEEEEEE300790F00000000D300790FA0
:1012D0009EEEEEEAD30079000007A000000079003E
:1012E0000007A000000079000007A00000007900BE
:1012F0000008A000000079000AED60000000000076
:1013000000000000000005200000350000000EBFB6
:10131000FD00680000004E00895DEEDE30009800A0
:10132000C400680A3001E503C2EEEEEEE50AF50AF4
:101330004000680A304EC55FEC5DEEDE3028A54007
:101340003C0068000001A5004A0068000000A541BB
:1013500068AEEEEE7000A577A50068000000A51D40
:10136000E2EEEEEEE000A509C00068000000A50C6A
:10137000E80058000000A57C2CD631000000A8D25F
:10138000005ADEFFF20010000000000000000040E4
:1013900007700000000005E009900000000009A2AD
:1013A0002AA2222100000EFFFFFFFFFD00007D00AA
:1013B000099000000000E600099000000001A00074
:1013C00009900000000222222AA22222200FFFFF01
:1013D000FFFFFFFFF000000E400890000000002F0C
:1013E000100890000000007C00089000100002E54A
:1013F00000089000D2004D900008A001E10CE80028
:101400000004EFFFB0062000000012220000000AD6
:10141000200000000000000AD200000000000000D0
:101420009D100000000000000D9000000000000072
:101430000EE20000000000004FBB000000000000B2
:101440008C1E400000000001E608C00000000008FB
:10145000D101E6000000002E60007E10000001CCEB
:1014600000000DA000000BD1000003E90003DD2007
:101470000000005EB11DA10000000003D2010000C9
:1014800000000000000BFFFFFFFFFFFFB001111184
:101490001A911111100000000A80000000007FFF67
:1014A000FFFFFFF600007B111A8111B600007A00E1
:1014B0000A8000B600007FFFFFFFFFF600007A0001
:1014C0000A8000B600007A000A8000B600018B1185
:1014D0001A8111B7105FFFFFFFFFFFFFF5007A00D1
:1014E000000000B600007A00000000B600007A009C
:1014F000000011C600007A000003EEC200000000E8
:10150000000000000000000008118000000D300005
:101510005C00C6000007D000C6005A000000D703D8
:10152000FFFFFFFFE0006C0AE000A7000000004F93
:10153000E000A700000001DAE000A700000005C3FA
:10154000FFFFFFFF90000002E000A70000001D1257
:10155000E000A70000006D02FFFFFFFF8000C70250
:10156000E000A7000003F202E000A7000009B002BB
:10157000E111A811101E5002FFFFFFFFF30200024D
:10158000D0000000000000000870000000003300E0
:101590000A900033000099000A90009A0000990018
:1015A0000A90009A000099000A90009A00009900A1
:1015B0000A90009A00009FFFFFFFFFFA000012222E
:1015C0002BA22221000390000A9000092005E000D0
:1015D0000A90000E4005E0000A90000E4005E00071
:1015E0000A90000E4005E0000A90000E4005E2223D
:1015F0002BA2222E4005FFFFFFFFFFFF400000004F
:101600000000000C400000000000000000007A0014
:101610000222222220007A004FFFFFFFF0007A0012
:10162000000A7003E0007B58800B6003E04ADEC8CC
:10163000500C5004D0469A00000D4004D0007A00AF
:10164000000E2005C0007A00003E0006C0007A00AF
:10165000306C0006B0007B6CD0C80007A000BFC58E
:1016600004E100099000A4000C90000B7000000140
:10167000BD10002E4000000BD200BFFC0000000295
:10168000100013200000000000000005900FFFFF75
:10169000FFF10006B00229A22220B606B0000C60BD
:1016A0000000B606B0001E411100B606B0005FFF94
:1016B000FF80B606B000B7000B50B606B003E100DD
:1016C0000E10B606B00C84004D00B606B0081CC162
:1016D000A800B606B00001BDE200B606B000000DDD
:1016E00090009506B000007E20000006B00005E4E2
:1016F00000000006B0019E5000000118B006B200C4
:10170000000007ED5000000000000000000017007E
:101710000000000000001E4002222222100007A04C
:101720005FFFFFFFB0011111000B6006A02FFFFF4C
:10173000300C5007A000006C000D4007A00001E530
:10174000000E300890000AB2901F200880005FBC95
:10175000504E00098004EEDB006B0009703E6C6C9B
:1017600070A8000A60050C6241E4000B60000C6088
:1017700006C0000D40000C601D60000E20000C60D3
:10178000CB00116E00000C63C101EFE60000010008
:101790000000000000002037000000027000E35B42
:1017A00000000005C003E26B11102E05C007FFFF0B
:1017B000FFF02E05C00D405B00002E05C02B116B05
:1017C00011102E05C04FFFFFFFF92E05C000005B72
:1017D00000002E05C000116B11102E05C008FFFF80
:1017E000FFF12E05C008705B00F12E05C008705B8C
:1017F00000F10305C008705B00F10005C008705BD4
:101800006EC00005C000005B00000238C000003759
:10181000000008ED6000048000000860000001E5A1
:1018200000002E400001117C1111AA11102FFFFFA2
:10183000FFFFFFFFF20000000000000000000000BA
:10184000000000070002FFFFFA04A01F1002E000E2
:101850007A05B01F1002FEEEEA05B01F1002E0008C
:101860007A05B01F1002E0007A05B01F1002FEEEEC
:10187000EA05B01F1002E0007A03801F1002E000AA
:101880007A00001F1002E0008A00113F1002E04EB3
:10189000D5004EEA0000000000000000000000003B
:1018A00000046000000000000007B000002FFFFFF0
:1018B000A007A00000022C621007A00000000C503E
:1018C0002FFFFFFFF0000C5002299224E0000C5083
:1018D000000A7003E0000C50000B5003D0000C50C5
:1018E000000D4004D0000C50102E0005C0000CACC0
:1018F000E06B0006B029DFD830C70007A03C7200BB
:1019000006E10009900000002D60000B700000034C
:10191000EA00213E4000000B7000CFEA000000000A
:101920000000000000000000000033000000000084
:10193000000089000008FFFFF90089000000000096
:10194000000088000000000000DFFFFFF10111111E
:101950001122B823F12FFFFFFD00B601F0001E2079
:101960000000C402F0005D026000E303E0009801A3
:10197000E002E003D000E200A606C004C005D58B5B
:10198000EB0B7006B00CEB842D4E2008A00200007B
:1019900000CA000C7000000006D16FFD10000000AE
:1019A000002002200000002900540000000000AACE
:1019B00000B70000000002E300B7000100000AB019
:1019C00000B7000BB0005F8000B7008E2002EE80F1
:1019D00000B706E4001DBA8000B87E60000A1A80D5
:1019E00000BDE50000000A8002DE300000000A8031
:1019F0007EF8000000000A88E6B7000040000A8078
:101A000010B70000D5000A8000B80000E3000A808B
:101A100000AA0003E1000A80005EFFFF900006506C
:101A2000000123320000008100000830000000ABFC
:101A300000005E100000001D3000D60000009FFF77
:101A4000FFFFFFFB000098000A80006B000097007A
:101A50000980006B00009EEEEEEEEEEB00009700BA
:101A60000980006B000098000980006B00009FFF58
:101A7000FFFFFFFB000000000980000000011111C2
:101A80001A911111102FFFFFFFFFFFFFF20000005E
:101A90000980000000000000098000000000000034
:101AA000087000000004FFFFFD09FFFF9004D11142
:101AB0005D0981199004D0004D0970089004D1117E
:101AC0005D0970089004FFFFFD0970089004D000C4
:101AD0004D0970089004D0004D0970089004FFFF74
:101AE000FD0970089004D111110970089004D00A02
:101AF000600970099004D004E10977EE5004D28D9A
:101B0000F80970100009FFC65E097000000AA30002
:101B10000819700000000000000760000002FFFFCD
:101B2000FFFFFFFFF402E222222222222002E00035
:101B3000006900000002E000007A00000002E000FE
:101B4000007A00000002E011118B11110003E0DFA8
:101B5000FFFFFFFF7003E000007A00000004D000E8
:101B6000007A07200005B000007A06D20007A00026
:101B7000007A008C000A7000007A0003000D411109
:101B8000118B1111104E0EFFFFFFFFFFF316000027
:101B9000000000000000DFFFFFFFFFFFF100D51194
:101BA000118711111000D40000D600000000D43EAF
:101BB000EEFEEEEB0000D44D0000005C0000D44DC2
:101BC0000000005C0000E34EDDDDDDEC0000E24DD6
:101BD0000000005C0001F14EEEEEEEEC0002E000D1
:101BE000005C00000005C006B05C07800008902E75
:101BF000505C02E5000D50CA005C005E203E08C04B
:101C0000006C0009B01500107EE700002000000005
:101C1000770010000000000AD205D400000003CABB
:101C200010006E7000005FFDDEFEDDE90000142193
:101C3000B900002B10000002E4000000002FFFFF9D
:101C4000FFFFFFFFF300009D1000C800000009D255
:101C500006D41C900003CD8AE91011BD501E904699
:101C6000104CA006E20100048CC50130000000CC3D
:101C700073003DA000000000015CD6000000046974
:101C8000CEB6000000000AA74000000000000000DF
:101C90000000026000000124578BDFE700004FEDD9
:101CA000BA97530000004E000000000000004E00F4
:101CB0000000000000004FFFFFFFFFF600004E2C69
:101CC000722224E200005D06C00008B000006C0132
:101CD000E3000E5000007A008C009C000000990088
:101CE0000C86E2000000C60003EE60000000E20087
:101CF00008EE91000006D005CE53CD61000C74DED5
:101D0000A10007DE900711710000000540000220CD
:101D10000A50050000000A900E500B9000000E3093
:101D20002F3001D600006C005E0000210000EFFFA4
:101D3000FFFFFFFFD0003222D82222222000000322
:101D4000F300000000000009FFFFFFE40000002E88
:101D5000E32226E0000000ACA8000C80000006E2B0
:101D60002E407D1000004E7005E8E3000005E800FD
:101D700000BF9000004E60004CD8EC300002007CA8
:101D8000E80019ED8100009610000016A03FFFFF4B
:101D9000FF0000000003E115D1DFFFFFB002E00407
:101DA000C02E32288002E005C00C300A6002FFFF1E
:101DB000C009600D3002E004C006902E0002E0046D
:101DC000C003D07B0002FFFFC000D3C50002E005C6
:101DD000C0008BD00002E004C0003F800002E46A33
:101DE000EE304F80004EFEBBD201DAE30015200436
:101DF000C01BA08D20000004C1CC100AE30000032A
:101E0000A08000006000012345689BD70008EDCB4F
:101E1000AB86532000002A000D3000E500000C5076
:101E2000098006D00000078005700D50000CFFFFF0
:101E3000FFFFFFFFC00C400000000005C00C400089
:101E400000000004C0051DFFFFFFFF91300003E507
:101E500011115E300000006D1001D8000000000874
:101E6000D33D9000000000008EE900000000004A11
:101E7000EBBEA4000008BEE93003AEEC800773009F
:101E800000000047700000000B4000000000000050
:101E900008C00000000DFFFFFFFFFFFFD00001069C
:101EA000B00B600000000C66B00B6A8000004D06AD
:101EB000B00B61D60002E506B00B603E3003800631
:101EC000B00B600750000003500530000000DFFF3A
:101ED000FFFFFFD0000003E300003E400000005E73
:101EE0004003E70000000004D99E40000000000409
:101EF000BFFA400000057AED7228DEA7500A96204E
:101F000000000369A00012222222222100007FFF8C
:101F1000FFFFFFF700007B00000000B700007B0020
:101F2000000000B700007B00000000B700007B004D
:101F3000000000B700007B00000000B700007FFF3A
:101F4000FFFFFFF7000012222222222100000001E1
:101F5000000010000000003E4003E600000003E720
:101F600000004E8000005E90000003E90008E700DA
:101F70000000003E90084000000000047002222291
:101F800022222222201FFFFFFFFFFFFFF20000009E
:101F9000000000F300000000000000F300007FFFDD
:101FA000FFF100F300007B2223F100F300007A0030
:101FB00001F100F300007A0001F100F300007A0063
:101FC00001F100F300007FFFFFF100F300007B222E
:101FD000222000F300006800000000F30000000071
:101FE000000000F300000000001335F200000000C4
:101FF000002EED90000000008500000000000004AD
:10200000E30000000000001D70019000000000AB24
:102010000000BB00000008C000001CA000007E43C0
:1020200045667AF80003FFFEEDCBA99E4000420012
:1020300000000008600002222222222000002FFF60
:10204000FFFFFFF200002F10000002F200002F102F
:10205000000002F200002F10000002F200002F32F8
:10206000222224F200002FFFFFFFFFF200001C10CD
:10207000000001C100000000680000000000000036
:10208000C700000000000001E3000000000EFFFF99
:10209000FFFFFFFFF002222C822222222000002ECE
:1020A000200000000000008B00000000000002E59E
:1020B0000000000000000AFFFFFFFFFC00006ED8D8
:1020C0002222227C0005E4A70000005C004E50A7FD
:1020D0000000005C000400A70000005C000000A8F5
:1020E0002222227C000000AFFFFFFFFC00000096D0
:1020F0000000004A000000000000026300000134FC
:10210000679CEFE900008EDCB98642000000890080
:1021100000000000000089000000000000008FFFA8
:10212000FFFFFFFFF3009A22222222222000A800B4
:10213000000000000000B801111111110000C60FCD
:10214000FFFFFFFF1000D50F2000002F1001F20F3E
:102150002000002F1005D00F2000002F100A900F34
:102160004111113F103F300FFFFFFFFF1018000C0F
:102170002000002C10009FFFFFFFFFFF10009911AF
:102180001661113F100098000790001F1000985E24
:10219000EEEEE91F100098000790001F1000980055
:1021A0000790001F100097BFFFFFFF2F1000A70030
:1021B0000000001F1000B60EEEEEE31F1000D40F5B
:1021C0001000D31F1000E20F1000D31F1004D00F17
:1021D0001000D31F1008A00FEEEEE31F101E400DDD
:1021E0001000114F003B000000009EE900000000BD
:1021F00000000000000AFFFFFFFFFFFFA00A93336B
:1022000033333339A00A700000000008A00A7001BF
:1022100011111008A00A702FFFFFF008A00A702EFD
:102220000001F008A00A702E0001F008A00A702E2C
:102230000001F008A00A702E0002F008A00A702F1A
:10224000FFFFF008A00A700000000008A00A70005C
:1022500000000008A00A811111111119A00AFFFF46
:10226000FFFFFFFFA00860000000000790001111B1
:1022700011111111000AFFFFFFFFFFFFA00A60000C
:1022800001100006A00A600007A00006A00A600076
:1022900007900006A00A601119911106A00A69FFB3
:1022A000FFFFFF96A00A60000C500006A00A600025
:1022B0001FC10006A00A60007B7C1006A00A600215
:1022C000E408C106A00A602D90009B06A00A64E9FC
:1022D00000000C56A00A603000000106A00AFFFFB3
:1022E000FFFFFFFFA0085000000000058000000075
:1022F00000000000000AFFFFFFFFFFFFA00A6000D0
:1023000004300007A00A60000A600007A00A66FF08
:10231000FFFFFF67A00A60000A600007A00A60BE16
:10232000EEEEEC07A00A60000A600007A00A600059
:102330000A600007A00A6AFFFFFFFF87A00A60008B
:102340000A600967A00A60000A600C47A00A6000E2
:102350000A67DB07A00A600006400007A00AFFFF2B
:10236000FFFFFFFFA0085000000000058008FFFFEE
:10237000FFFFFFFF9008A1111111111A90089000A2
:10238000088000099008900008800009900895FFD7
:10239000FFFFFF79900890000880000990089000E6
:1023A000088000099008904EEEEEE7099008904BE7
:1023B000000097099008904B000097099008904EF4
:1023C000EEEEE70990089000000000099008A111C6
:1023D0001111111A9008FFFFFFFFFFFF9007700017
:1023E00000000007700000009300000000000002E1
:1023F000F200000000022228D2222222200FFFFF3A
:10240000FFFFFFFFF000006D00001000000001E57D
:102410000006B00000000AB00006B00000007F40D7
:102420000006B0000008EE40FFFFFFFF503E5D4099
:102430001117B11100030D400006B00000000D405F
:102440000006B00000000D400006B00000000D4086
:102450000006B00000000D4AFFFFFFFFF00006116C
:1024600011111111100028000000A30000004C0001
:102470000500C40000004C002F00C40000004C0008
:102480002F00C45CA04FFFFB2F01DEDBA0025D210B
:102490002F9EE707A0004C03BFA3C407A0004C0970
:1024A000AF00C40790004C002F00C40790004C15EB
:1024B0002F00C40980006EE92F00C4ED303CEA20F3
:1024C0002F009300202920002F000000B5000000FD
:1024D0001F300001E300000009FFFFFFA000000023
:1024E00000011110000028000006400000003D001F
:1024F000000A700000003D00000A700000003D006E
:102500008FFFFFFF102FFFF9122A822F10025D218B
:10251000000A700F10003D00000A700F10003D000F
:10252000000A600F10003D00FFFFFFFFF3003D15A4
:10253000222EE62220005EEA004D7A00002BFB30BE
:1025400000C82E20001A300006E109B0000000008B
:102550006E5001DA0000001AE500002EC2000009EA
:1025600020000001900028000083360000004C008D
:1025700002E22E1000004C0008A00A4000004C00AF
:102580000DFFFFFFF04FFFFB8F413F1110025D2356
:10259000EF302F0000004C07AE313F1100004C011E
:1025A0001EFFFFFF90004C000E302F0000004C0378
:1025B0000E313F1100004EDD0EFFFFFF9018EE7050
:1025C0000E302F00004E91000E302F00000300004F
:1025D0000E413F11100000000EFFFFFFF30000004E
:1025E0000D300000000005500001B10000000B801C
:1025F0000002F10000000E611102F10000002FFF47
:10260000FF12F10000006D004D02F7000000AA006B
:102610007A02FE700001ED00A802F4E40008BD207B
:10262000D502F16D100D3974E002F10BA00003DA50
:102630009002F102300000BF3002F100000000BF44
:102640004002F100000008E8E501B10000007E4012
:102650006EC62100002CE500018DFFFFF30820006D
:10266000000012333000009100000000000007D08D
:102670000000000000003EFFFFFFFFFF6004E600D7
:1026800000000000000E78EDDDDDDDE400020890C2
:10269000000000E4000008DCCCCCCCE40000089092
:1026A000000000E4000008EDDDDDDDE40000004E88
:1026B00020000000000003EEDDDDDDB000005EC99B
:1026C00000005E400003E40AB218E50000001000BC
:1026D000AEED20000001358DEBAED964204EDB84D9
:1026E000000048ACD1000000000000000000000025
:1026F00007700000000000000990000000000000CA
:102700000A900000000000000B70000000000000B4
:102710000C600000000FFFFFFFFFFFFFF0033333EB
:102720005FF53333300000006DD70000000000007B
:10273000A97C000000000002E41E50000000000A16
:10274000B008D0000000005F3001D900000003E8AD
:1027500000005F7000006E90000006F8001BE700AC
:102760000000006ED107300000000002700003601E
:1027700008600000000009A00A80000000000E5060
:102780000A80000000005FFFFFFFFFFC0000D8335D
:102790003B9333320008E1000A800000000960002A
:1027A0000B700000000222222D822222202FFFFF28
:1027B000FFFFFFFFF20000005EE4000000000000E9
:1027C000C97C000000000007E21E70000000007ECF
:1027D0006004E60000002AE600006EA1001AEC305A
:1027E000000003DEA2094000000000049000290060
:1027F0000001910000004C000008C00000006900CA
:10280000000E500000019811006D00D3004FFFFF33
:1028100020D4006C0000E10E09A0012D7002D02D23
:102820005FEEFFEDE006A04B26432000A30A608880
:1028300000111111000BB1C409FFFFFF7000ADE0E2
:102840000970000A70000BE20970000A70002EADDA
:102850001970000A7000B80A4970000A701CB000B4
:1028600009FFFFFF70080000076111185000000009
:102870000000000000008FFFFFFFFFF800001222A1
:1028800022224DE6000000000003DE4000000000B0
:10289000008EB2000000000008D50000000000001B
:1028A00008A000000002222229B22222202FFFFFCE
:1028B000FFFFFFFFF300000008A000000000000081
:1028C00008A000000000000008A0000000000000B8
:1028D00008A000000000000008A000000000002286
:1028E0002A9000000000007EEC3000000000000094
:1028F0000B200000000000000AA00000000BFFFFFA
:10290000FFFFFFFFA00B822222222228A00B6000E3
:1029100000000007A00324FFFFFFFE22300000227A
:102920002228E6000000000002BC30000000000089
:1029300009B00000000DFFFFFFFFFFFFD0022222C1
:102940002AA22222200000000990000000000000BE
:102950000990000000000000099000000000001233
:102960002B9000000000001EEC3000000000000072
:102970008200000000000002F20000000002222796
:10298000D2222222200FFFFFFFFFFFFFF000004EA8
:1029900010000000000000D601111111000007D046
:1029A0004FFFFFFB00003E50000007B00004EF3077
:1029B0000001BA00003E8F300003F00000160F390E
:1029C000FFFFFFFFF4000F311114F21110000F3060
:1029D0000003F00000000F300003F00000000F3093
:1029E0000114E00000000E3009EE9000000000002D
:1029F0001C200000000000000AA00000000AFFFFE9
:102A0000FFFFFFFF900A822222222229900A7000F3
:102A100000000008900A75FFFFFFFF4890000011BA
:102A2000111111000000000000000000001FFFFF56
:102A3000FFFFFFFFF101111D611B71111000000E5E
:102A4000300B60000000003E100B6000100000B969
:102A5000000B6000C3002BD2000B7000E21CEB10D7
:102A60000007FFFFB005200000000111000000007A
:102A70000B300000000000000AA00000000AFFFF69
:102A8000FFFFFFFFA00A822222222229A00A700053
:102A900000000008A00A712222222218A00009FFCB
:102AA000FFFFFFA00000000009900000000003509D
:102AB00009900000000009900991111000000C70AD
:102AC00009FFFFF500002FC00990000000008BB93E
:102AD000099000000003E31CDCA10000002E700040
:102AE0006BEFFFFFF2050000000123332000000020
:102AF0000B4000000000000008C000000008FFFFBD
:102B0000FFFFFFFF8008A1111121111A800890B565
:102B100000E400098002204E70F30002200001034F
:102B200061F2000000007D4002F10000000006E3B9
:102B300005D000000000003007B00000000DFFFFCE
:102B4000FFFFFFFFE00000006E1400000000000423
:102B5000E62DC5000000019E80006DC40004BEC4C7
:102B60000000008E7002830000000003400000009F
:102B70000000008400000000000000B600011111F8
:102B8000100000B6000DFFFFF40000B600000000CA
:102B9000E22222C720000003E4FFFFFFF50040050A
:102BA000C00000B60003E509800000B600005E5DCD
:102BB00040B600B6000005EE004E10B6000000BEA4
:102BC000200B60B6000004EBC00570B600000D805D
:102BD000D80000B600009D00460000B6000AD300F1
:102BE000000133D5000A20000001EEB10000000012
:102BF000046000000000000008A0000000000000C9
:102C000008A000000000000008A00000000005204F
:102C100008A0034000000E5008A006D000004E108F
:102C200008A000D700008C0008A0007D0000C700AD
:102C300008A0001E6004E20008A00009C00BA0006C
:102C400008A00003F24E200008A00000E6010000EA
:102C500008A000005100000008A0000000000023B0
:102C60003AA000000000005EEC4000000000000000
:102C70000000000000001000087000120000B90001
:102C80000980009B00002E40098003E2000007D06D
:102C900009800C6000000040098005000001FFFF72
:102CA000FFFFFFFF1001F3111111112F1001F100AF
:102CB0000000000F1001F10EFFFFE00F1001F10EF8
:102CC0002003E00F1001F10E2002E00F1001F10EC1
:102CD0002003E00F1001F10EFFFFE00F1001F10ED5
:102CE0002000000F1001F1030000123F1001F1005D
:102CF00000005EEA0000000000000000000003A0E9
:102D000000005700000000D400007966002FFFFF8C
:102D1000FF20791D200111111100790780000000AA
:102D2000000189111004FFFFF79EEEEEE304B000EE
:102D30009700A6000004B0009700C9600004EEFEF2
:102D4000E700E990000010D32002E7900000D1D303
:102D5000D206A7900004B0D3690B6790000B50D344
:102D6000182E1790650900D300A80690760000D3AE
:102D700007D003DDD2002EC1072000000000CFFFE6
:102D8000FFFFFFFF4000C6000000000E4000C6002D
:102D90000000000E4000CFFFFFFFFFFF4000C50214
:102DA000A00005900000C500A4000D400000C5EF84
:102DB000FFFFFFFFA000D4007A002F100000E30007
:102DC0007A001F100000F2007A002F100003E6FFC7
:102DD000FFFFFFFFF206B000D6001F10000B8008B7
:102DE000D1001F10002E219E40001F10002802A2BB
:102DF00000001D1000000002B000000000000005EF
:102E0000D000000000000007A0000000000EFFFF3F
:102E1000FFFFFFFFD002222E522222222000003E7E
:102E2000000000000000007B00000000000000C85F
:102E300022222222000003EBFFFFFFFF7000099017
:102E4000000F200000002E20000F20000000BA001C
:102E5000000F20000007D100000F2000004E3000BE
:102E6000000F2000000404FFFFFFFFFFF20000221C
:102E7000222222222007FFFFFFFFFFF3000133334E
:102E8000333333F300000000000000F30000A8001B
:102E9000000000F30000A800000000F30000A800FC
:102EA000000000F30000AFFFFFFFFFF30000A922C6
:102EB000222223F30000A800000000000000A80068
:102EC000000000001000A80000000001E200A800BF
:102ED00000000003E0008B100000001AB0002CFF7F
:102EE000FFFFFFFD3000001222222210000006002A
:102EF0000450007100000D8007A007D1000005B04C
:102F000008A01C400009FFFFFFFFFFFFB009700091
:102F100000000006B00972DDDDDDDD36B00212F022
:102F200000000E41200002F000000E40000002DD13
:102F3000DEEDDD300000000006C0000000008FFF65
:102F4000FFFFFFFB0000891117C1117B0000890002
:102F500006C0006B0000890006C0007B00008900ED
:102F600006C09FE7000000000590000000000290EE
:102F700000000A40000001E600004F200000006D44
:102F80000000AA000001223B3223E5221008FFFFC7
:102F9000FFFFFFFFA000006B0000B7000000006B08
:102FA0000000B7000000006B0000B7000002227CA8
:102FB0002222B822202FFFFFFFFFFFFFF20000991F
:102FC0000000B700000000D60000B700000006E1D6
:102FD0000000B70000003E700000B7000006EA00E5
:102FE0000000B7000009600000009600000000002B
:102FF000000000000000000004C00000000000000D
:1030000000D600000001FFFFFFFFFFFFF001F322E9
:10301000222222222001F200015000060001F24388
:1030200002E0003F2001F28900D4007C0001F13E63
:10303000009800B70002F10D406B00E30003F009B7
:10304000803E05D00003E006C01B1C600005C002E6
:10305000A0003E000008A0000000A800000C7122A3
:103060002223E322202F29FFFFFFFFFFF429000086
:10307000000000000000000003B00000000011117B
:1030800012E611111000EFFFFFFFFFFFF200E30057
:10309000620006300000E300C4000B500000E9EEBF
:1030A000FEEEEFEEE000E200C4000B500000F20084
:1030B000C4000B500001F200CEEEEE500002F10011
:1030C000000000000002E2FFFFFFFFF90004D0044F
:1030D000D20006D10007A0007D418D30000B7000AA
:1030E00008FED200002E258AED86CEB8612806851E
:1030F00020000269A000000003B0000000000000F2
:1031000001E600000001FFFFFFFFFFFFF201F000FA
:1031100000A700000001F0ADDDEEDDDA0001F000F7
:1031200000A7005B0001F8DDDDEEDDEFF502E00059
:1031300000A7005B0003D00000A7005B0003D0CD18
:10314000DDEEDDDA0004C0A400AB00191006B03DCE
:1031500070AE84D7000880029CE8AE20000C539E1D
:1031600092A70AD5002E1A8200B7003AE239000170
:10317000EED300001008FFFFFFFFFFFFA001226D4C
:103180002222AA221000004D000099000000004DEC
:10319000000099000000004D000099000000004D63
:1031A00000009900002FFFFFFFFFFFFFF202228CBB
:1031B0002222AA222000009900009900000000D6D7
:1031C00000009900000003E10000990000000CA03D
:1031D0000000990000009E1000009900000AE40021
:1031E0000000990000073000000077000000BFFFDA
:1031F000FFFFFFF30000B600000000D30000B600A0
:10320000000000D30000BFFFFFFFFFF30000B60087
:10321000000000034000A90000000009A0004DFFCD
:10322000FFFFFFFD3000000111111100000000C57B
:1032300000008900000111C611119911102FFFFF24
:10324000FFFFFFFFF30003E00000890000001C8087
:10325000000089000005DA00000089000009600014
:1032600000007700000000000B20000000000000BC
:1032700009A00000001FFFFFFFFFFFFFF101111A6F
:10328000C21271111000008C1001CA00000009C1A7
:1032900001224EB00000AFEEFFFEDCDA0000343257
:1032A0001000001A1000007A0000B6000001118B17
:1032B0001111C711102FFFFFFFFFFFFFF20000A742
:1032C0000000B600000002E30000B60000002DA0E0
:1032D0000000B6000018EA000000B6000009400037
:1032E0000000950000000000000B3370000000009B
:1032F000000E51BB00000000000D5008201FFFFF12
:10330000FFFFFFFFF2022222222C82222000000077
:1033100000098000000000000008A0000008FFFF76
:10332000FF76B000000122B92215D000000000A7EE
:103330000002F100000000A70000E400000000A768
:103340000000B800400000A704707D00A60015CE64
:10335000EEB01E40B40CFEB7300008D5E1043000DA
:103360000000009E90000000087000000000B60001
:103370000A90007D00005E100A9000D600000B80CD
:103380000A9007C0000004D00A900E400000000020
:103390000A9001000000CFFFFFFFFFFD0000233374
:1033A0003333337D000000000000005D00000000AA
:1033B0000000005D00004FFFFFFFFFFD0000022244
:1033C0002222226D000000000000005D0000222289
:1033D0002222227D0002FFFFFFFFFFFD0000000010
:1033E0000000004A000004A00003B00000003E50AE
:1033F0000004D0000005E700CFFFFFFF801F702012
:103400001115D111000502E30004D00000000BB13A
:103410001115D11110005F3BFFFFFFFFF504EF1006
:10342000000000F2004E8F10111112F310270F1838
:10343000FFFFFFFFF4000F10030000F200000F1069
:103440001E4000F200000F1006D000F200000F1026
:1034500000C500F200000F10001013F100000F1063
:103460000004EEA0000000000000000000002A00A0
:103470000005400000003D000005E20000003D00A6
:103480000000A90000033D9122224322200C4D8719
:10349000FFFFFFFFF50E3D3C07A00000002C3D079D
:1034A00007A0000000683D0007A0000000013D00EB
:1034B00007A0000000003D0007A0000000003D0044
:1034C00007A0000000003D0007A0000000003D0034
:1034D00007A0000000003D0007B0000000003D0014
:1034E00007FFFFFFE0002C000000000000003B0091
:1034F0000008500000004D00000A700000004D0060
:10350000111B811100065DC1CFFFFFFF000D5D871C
:10351000000A701F000E4D2D000A701F003B4D0366
:10352000000B601F00684D00000B601F00004D0A7B
:10353000FFFFFFFFF6004D01223FE42221004D0076
:10354000005DB70000004D0000C74E1000004D00A8
:1035500006D10BB000004D005E4002EA00004D09AC
:10356000E600003ED3003B0930000002910000005D
:1035700007800000000000000A7000000001111127
:103580001D711111101FFFFFFFFFFFFFF200000070
:103590007CA9000000000001D62E40000000000BB6
:1035A000A006E300000004DB9C207E800007CE70B4
:1035B00007E404DE910960001641000570006375A0
:1035C0000BA000A40000D3A700C8006C0003E0A774
:1035D0000026074D400B80A800001C58A008105E74
:1035E000FFFFFC02700000001111100000000053EA
:1035F000000027000000007D00009B000000000D7F
:103600006001E300000001188119B11000000FFFF4
:10361000FFFFFFF100000F30000003F100000F304A
:10362000000003F100000F52222224F100000FFFDE
:10363000FFFFFFF100000000190000000000002360
:103640000BC100420000D27B00BB007C0004E07B89
:10365000001A100C600A907B00000735D01E207CF9
:1036600011112C50B101002CEFFFEC1000000000F4
:1036700009700000000000000E40000000000DEE88
:10368000EEEEEED000000D30000004D000000DDDA5
:10369000DDDDDED000000D30000004D000000DEDB7
:1036A000DDDDDED000000D30000004D000000D3064
:1036B000000004D000000DEEEEEEEEC000000000B1
:1036C0001C3000010000B2C504E3008B0004C0C53B
:1036D0000066072D600D50C700002E26D006007E24
:1036E000FFFFFB0010000000111110000000870018
:1036F00000056000000087000008900000008709B6
:10370000EEEEEEEEB0028A7000089000000E88D453
:10371000DDDEEDDD600D877200089000003B871E46
:10372000EEEEEEEEE4688700000000000022870065
:10373000EEEEEEEF00008700E100001F00008700C2
:10374000EEDDDDDF00008700E100001F00008700E4
:10375000EDDDDDDF00008700E100001F00008700D5
:10376000E100002F00006600E1000EEA000000000A
:103770000000000000000000003B082000000000E6
:10378000003E07E700000000003F002B1000EFFFA5
:10379000FFFFFFFFF300E622223F32222000E40079
:1037A000000F20010000E511100E403E1000EFFF59
:1037B000F50C608A0000E400C50991E40000F30004
:1037C000C406C8B00001F200D402EE200003F001EC
:1037D000E202E8007106D2FFB01DEC00B40A9011BD
:1037E00001CC2F40D21E40002DD20AD6E03C000072
:1037F0004B1001AE7000000000000000000000004F
:10380000001B154000000000002F14DA100000001B
:10381000001F201A300DFFFFFFFFFFFFE0022222F2
:10382000222E622220000000000D50030000FFFF46
:10383000F80B602E2000F100980A807B0000F10058
:103840009808A0D50000F2009805D7C00000FFFF3F
:10385000F802FE40000000000000EA002000002600
:103860009C19FB00B407BEFD969E6E20C30A85100E
:103870002CD30AC5E00000004A1001AE8000000011
:1038800000078000000000000008A0000000000009
:103890000008A00000033333333AB333300EFFFF88
:1038A000FFFFFFFFF000000002EDA000000000009D
:1038B0000CA8A000000000009D18A0000000000758
:1038C000E308A0000000007E4008A000000009E519
:1038D0000008A0000002BE400008A000002EC200A8
:1038E0000008A000000400000009A0000000000083
:1038F0006EEF60000000000003310000000009408E
:103900000000000000000C500222222221000C5076
:103910004FFFFFFFF5022C6210000B70003FFFFF0E
:1039200080000B7000000C5000000B7000000C5069
:1039300000000B7000000C5020000B7000001DCE2A
:10394000A0000B70002CFFB400000B7000183C505E
:1039500000000B7000000C5000000B7000000C50B9
:1039600000000B7000000C5000000B7000011D5097
:1039700000333C700008EC10008EEB2000002B00A0
:103980000077000000003E000098000000003E00AC
:103990000088000000014E1111991110003FFFF93D
:1039A000FFFFFFF300003E00009700F200003E0022
:1039B00000A600F200003E0141B400F200005EDB10
:1039C0008EE300F2004DFE6104FB20F100264E0064
:1039D00006C9E5F100003E000C6065E200003E0013
:1039E0002E1000D220003E00C90000C495015E1BCD
:1039F000D1000089C30BE83B1000002DB00000008F
:103A00000000000000000C100000000000000F107B
:103A10004FFFFFFFC0000F104E222222204FFFFF5A
:103A20004E00000000012F314E00000000000F107A
:103A30004FFFFFFF00000F104E22223F00000F1229
:103A40004E00001F00003FDF6E00001F003CFF82A1
:103A50004E11113F00273F104FFFFFFF00000F10D6
:103A60004E00000000000F104E00000000000F107C
:103A70004E00000000012F104FFFFFFFF30CEB0082
:103A800002222222200038000000000400004B0027
:103A90007900003F00004B007986003E00016B106A
:103AA000794D004D004FFFF4790C505C00004B0045
:103AB0007906B06B00004B007902E18900004B00F1
:103AC000790050B700006DC5790000D5004DFD505C
:103AD000790001F600366B00790987EC00004B0095
:103AE0007BCB1D8E40004B00AF904E18A0004B01C9
:103AF000E602D803E1016B00301DB000D60DE600F0
:103B0000001A100031002C000000000000002F00FF
:103B1000AFFFFFFF40002F0006B1117D00013F11F4
:103B200000D502E4003FFFFD003E6D6000002F0065
:103B3000000AFC1000002F0027EA4AE830002F1589
:103B4000D9306039E4017FEA0001F100004FDF2045
:103B50004FFFFFFF20022F000112F21100002F0083
:103B60001112F21110002F02FFFFFFFFF4002F00CF
:103B70000001F10000014E000001F100000BE9001E
:103B80000001F100000000000000100000003A00F9
:103B90000000C20000003C000000E20000003C0009
:103BA0005FFFFFFF80015C100111E311004FFFF880
:103BB0000000E20000003C001111E31110003C0382
:103BC000FFFFFFFFF5003C01000000D400007EE78E
:103BD000111111D5105EED40FFFFFFFFF3244C00E3
:103BE000021000D400003C0008B000D400003C00EB
:103BF00000D500D400003C00006A00D400015C0045
:103C0000000022D3000CE7000000DEB1000000003D
:103C10000000000000002C000004B00000002E0096
:103C20000001E20000002E00DFFFFFFFF1014E1156
:103C3000D4121111F14FFFFAD30C7000F1002E00D5
:103C4000721E200081002E00116D111110002E0433
:103C5000FFFFFFFFF5002E7B02E200B70027CFC673
:103C600009A000E3005C9E001E7005D000002E003D
:103C700007EA2D6000002E00001AFE0000002E0052
:103C8000001BDDC300014E0049EA119E600DE900F2
:103C9000C8300005B000000000000000000038003F
:103CA0000066000000005B0001E6000000005B0011
:103CB00009FFFFF500016C11AE300A80003FFFF9EB
:103CC000EEEEEFEE10005B008903E01F10005B00DA
:103CD0007903E01F10005B007903D01F10005DA581
:103CE0007904C01F102AEE927906B02F10299B0A82
:103CF000FFFFFFFFF3005B00001ED50000005B002C
:103D000000B93E2000005B000AC006C100027B052E
:103D1000DA00008E600BE63C50000004C200000098
:103D200000000000000039000000000000004B000F
:103D3000AFFFFFFFB0004B00A7000005B0016C1003
:103D4000A7000005B04FFFF8AFFFFFFFB0004B002A
:103D5000A7006B0000004B00A7005B0000004C4474
:103D6000AFFFFFFFF416BFC5B5006B00005CAB00F2
:103D7000D3005B0000004B00E5FFFFFFC0004B03DA
:103D8000E4C00004C0004B07B3B00004C0004B0CFB
:103D900073B00004C0016B4E13FEEEEEC00DE615CD
:103DA00003900002800000000000000000004800B6
:103DB0000013468B30006B00DDCB975200006B0088
:103DC0001204700320017B106A03C00C606FFFF6C1
:103DD0001E10E13C00006B00071030B500006B04C2
:103DE000FFFFFFFFF1006B04B0000000E1006DA9D0
:103DF00070000000914BED717FFFFFFD00378B00DD
:103E0000097000A700006B0002E205D100006B0002
:103E1000006D7E2000006B00003DF90000017A0279
:103E20006BE74CD7300ED609A6100059D100000020
:103E300000000000000057000006300000006A008B
:103E40000006C00000006A00DFFFFFFFC0017A101B
:103E500004400072005FFFF405C002E100006A0048
:103E600000A30B6000006A06FFFFFFFFF3006A106B
:103E7000000B100000019EE3006C0000006EEC39A6
:103E8000FFFFFFFFF6236A0008B000E300006A00AE
:103E90002E4005D000006A003BEA5E5000006A0038
:103EA000002CFE400001890137CD68EB200DD509BB
:103EB000C9500019900000000000000000004800F8
:103EC0000004800000005B000001E20000005B02D3
:103ED000FFFFFFFFF3016B12E0000000D34FFFF87C
:103EE000E0480630C3005B0001D505E300005B003D
:103EF0001C90006D20005B00CA000008A0005CA5BB
:103F000041000001103AED715FFFFFFF40498B0057
:103F10000003F00000005B000003F00000005B0005
:103F20000003F00000005B000003F00000017A0ACB
:103F3000FFFFFFFFF60EE600111111111000000047
:103F400000000000000069000000000000007A008E
:103F500009EDDDE300007A00096000D3003FFFF2C5
:103F600009EDDDE300018A100000000000007A0383
:103F7000DDDA3DDDB0007A03A02B4A02C0007A648E
:103F8000A02B4A02C003BFC5EDDB4EDDC05FEA00D7
:103F90000004C00000287A000004C00000007A0776
:103FA000FFFFFFFFF3007A00009EED3000007A0073
:103FB0002BA5C4D50000792AE704C03CC20AE51845
:103FC0001004C00060000000000000000000056058
:103FD0000004A000000005D00008A000000000A11F
:103FE000000C7000004FFFFFFB1FFFFFF5017B116E
:103FF000116E213F30006B0000CF304D00006FFF8D
:10400000F6EB607A00006B12FA8590A700007A0147
:10401000F101E1E300007901F000BAC0000097026D
:10402000E0007F700000C503E0006F400001E10385
:10403000D002EEC00007B005C01CB1D8001E500869
:10404000A4DC104EA05A05FE5C800003C3000000F3
:10405000000000000000049000076000000005C0A0
:10406000000C5000000005C0000E1000000116C139
:10407000114FFFFFF54FFFFFFA9A223F300005C0B6
:1040800001EC004E000005C008DE007B000116C1F7
:104090003E4D30A70009FFFFF40981E300097001DC
:1040A000F005E6C000097001F000DE600009700153
:1040B000F0009E1000097112F005EE900009FFFF5C
:1040C000F16E53E8000970004CD4004EC2010000AC
:1040D000381000019100055000009400000005D048
:1040E0000000E200000111C41103E000001FFFFF07
:1040F000FF37FFFFF3003302300B611D5000C50393
:10410000D12E301E1005D000898F704C001E400744
:104110006AE9B07900177A0E3051E1C500000CCC85
:104120000000A8E0000001E900005F80000007DE59
:1041300040004F6000003E37D001DCE20004E700A1
:10414000B32CA0AC102E700006EA001CD2020000B6
:1041500006600000800220B2050090000003C0D37A
:104160008903E000000091D39006C000003EEEFEFF
:10417000EE79A11110000AFD300DFFFFF2008CD680
:10418000D73F702E001AD1D3289CB05B001A107153
:1041900001E3E188000007900060B5C4000DFFFF57
:1041A000FB007CD000007A00B6001E800001E9060A
:1041B000D0003E9000003ADE3001D9E4000008EC67
:1041C000C12CA06D3018DB1055EA0008E307200071
:1041D000056000005002100A100000178009670DEA
:1041E00027227BEC60096A3D2D0DA5100009666D44
:1041F000780D30000009611D410D300000098FFF6E
:10420000FF7D41111009604F600DFFFFF50960AFA0
:10421000D20D306A000963CD6C0E206A00096C5D16
:10422000292F106A0009AA0D201F006A0009610DDC
:10423000202E006A00096006105C006A0009FFFF7A
:10424000FFA9006A0000111111D4006A00000000EB
:10425000008000580000048000000005000001E21A
:1042600000047AED500FFFFFFF3E85200000A10102
:10427000B02E00000000A505B02E00000000550A79
:10428000602E0000003FFFFFFF6FFFFFF40000E122
:10429000002E1199100000E2003D0098003FFFFF42
:1042A000FF5C0098000040E2405B00980004C0E220
:1042B000C36A0098000C40E15AA70098000500E18D
:1042C00003E2009800003EC006A000980000000035
:1042D000001000660002FFFFFFFFFFFF40002222E8
:1042E0002D622222000000000E30000000000000BD
:1042F0000F200000000000001F100000002FFFFF33
:10430000FFFFFFFFF30222228BC7222220000000C2
:10431000B6C6000000000002E2C600000000000A6D
:10432000A0C600000000004F30C60000710004E786
:1043300000C60000D4007E9000C80002E22DE60016
:10434000007FFFFFB00610000001222200000000E5
:104350000000007400001111000000B6000AFFFF09
:10436000400000B6000A600C422222C8210A600CFC
:104370004EFFFFFFF50A600C400000B6000A700C0B
:10438000402000B6000AFFFF42E200B6000A600CBF
:10439000409B00B6000A600C401D50B6000A600C3D
:1043A0004006C0B6000A711C400010B6000AFFFFAC
:1043B000400000B6000A6000000000B600042000C3
:1043C000000323D500000000000BEEB100003EEE1C
:1043D000EEEEEEE400003D00000000D400003D00E1
:1043E000000000D400003EEEEEEEEEE400003D00E2
:1043F000000000D400003D00000000D400003EEEAC
:10440000EEEEEEE400000002400410000000710532
:10441000B00D401900008905B00D40A900000D3510
:10442000B00D45D000000665B00D4A2000022226DE
:10443000C22D5222205FFFFFFFFFFFFFF5002ECCB1
:10444000CCCCCCE300002E00000000E300002ECC1A
:10445000CCCCCCE300002E00000000E300002CCC0C
:10446000CCCCCCC30000000000000000003FFFFFE8
:10447000FFFFFFFFF200A600A70000000000AEDD76
:10448000E7DFFFFF7000A600A71E200D2000AEDDB5
:10449000E708B08A0000A600A700DAD10004CBAC80
:1044A000EE408F90002EC975B74BC5CC6000000060
:1044B00097A60006B1000000B30000000000000451
:1044C000E0000000000FFFFFFFFFFFFFF001113FC2
:1044D000411111111000007D00000000000000D803
:1044E00011111110000007FFFFFFFFF200003EF363
:1044F000000000F20001D9D4000000F2001DA0DF8E
:10450000FFFFFFF2000300D3000000F2000000DF15
:10451000FFFFFFF2000000D4000001F2000000D312
:10452000000000F2000000D3000112F1000000D3EF
:104530000007EEA000000000000000000000C40022
:10454000C40000000000C400C40AFFFFC000C40093
:10455000C50A6115C02FFFFFFF7A5004C000C400D8
:10456000C40A6005C000CEEEE40AFFFFC000C4002C
:10457000C40A5004C000C400C40B5004C000CEEEF6
:10458000F40B6115C000C400C40CFFFFC000C400E0
:10459000C50D3004C06FFFFFFF7E1004C00036045D
:1045A000202E0004C000C706C05B0004C008D00075
:1045B000B7B70127C01C200022C104ED6000000035
:1045C0000000000000000000077000000000000074
:1045D0000990000000000000099000000000DFFFCB
:1045E000FFFFFFFE000022222AA22222000000007C
:1045F000099000000000000009900000000FFFFF7C
:10460000FFFFFFFFF0022222AFFA22222000000467
:10461000ECBE40000000003E4994E300000004E6C8
:1046200009906E4000007E70099007E7002CE500BD
:104630000990006EC209200009900002900000005D
:10464000087000000000000007700000000000007B
:1046500009900000000000000990000000023333C0
:104660003AA33333300EFFFFFFFFFFFFE0000005EA
:10467000C99D40000000000D5997C0000000007D5A
:104680000990D600000002E409905E2000001D9011
:1046900009900AC10001CB00099000CC202DC7FF72
:1046A000FFFFFF6CE20701333AA333106000000004
:1046B00009900000000000000990000000000000C8
:1046C0000770000000000680000000000000079056
:1046D00000FFFFF40000079000F322D4000228A29C
:1046E00020F100C4002FFFFFF0F100C400000C9087
:1046F00000F100C400002FA000F100C400007EF50E
:1047000000F100C40000CABD31F000C40004B79637
:10471000D3E000C4000B679044C000C4005D079064
:1047200008A000C4112407900C5000C44900079051
:104730003E0000C449000790C80000C678000792F8
:10474000C000007ED30000000000000000000760F1
:1047500000000000000009800222222210000980CF
:104760003FFFFFFFC001199118800007A03FFFFF26
:10477000A5B0000B70001E8002E0000E30006FE359
:1047800000D4004D0000BDBD209800990001D987DC
:10479000C03E12E200089980A00B7AB0001E39805A
:1047A0000004EE20008B09800001EC00002209804B
:1047B000001CBD900000098003DB03E900000980B4
:1047C0009E90003DC200076073000001A100000040
:1047D000077000000000000009800000000BFFFFD0
:1047E000FFFFFFFFC00122222A92222210000000B8
:1047F000098000000000AFFFFFFFFFFB0000A711D2
:104800001A91117B0000A7000980007B0000A7001F
:104810000990007B0000AFFFFFFFFFFB00000000DE
:10482000BFEB00000000001BAA9AB100000003D9F2
:1048300009809D4000029E70098007EA301EA20098
:104840000980002AE2010000077000001000094002
:104850000010013000000C50008B05C000000C500F
:1048600000C701F100011C6101F200C7003FFFFF1A
:1048700056D0006D00001E500D70100D70005FC00E
:104880007E15E006E100AED87509B0008000DC6E50
:10489000200E600000068C58303E1000000D3C5089
:1048A000009A01D1005B0C5001E300A800020C50FB
:1048B00007C0003E10000C501EA79BCF60000C509C
:1048C0005FDB9758C0000A400100000120007FFF15
:1048D000FFFFFFF800007B00099000B800007B009C
:1048E000099000B800007FFFFFFFFFF800007B0089
:1048F000099000B800007B00099000B800007FFF1D
:10490000FFFFFFF80000000009900000000FFFFF0C
:10491000FFFFFFFFF0011113DEDE41111000002D3B
:104920007996E400000006E709905E800005DE50FD
:10493000099003DE702EA10009900008D10000004C
:104940000770000000000660000000000000097011
:1049500000000000001FFFFFFB0FFFFF80011E4152
:104960007A0F100980003E00790F100980008B003B
:10497000970F10098002E400C50FFFFF802D709F84
:10498000C64111110002000009800000000FFFFF66
:10499000FFFFFFFFC0011112DEEC11110000001C2F
:1049A000899AA000000003D80980AC3000019E80E5
:1049B000098009E9202EC4000980004CE1030000B1
:1049C00007700000100000000870000000000000E8
:1049D00009800000001FFFFFFFFFFFFFF10000063E
:1049E000EBBE50000000004E6987E400000003E8C1
:1049F00009808E4000007E80098008E8102CE500C8
:104A00000330004DE20717EDDDDDDE60500007A04A
:104A100000000B60000007ECCCCCCE60000007A0CB
:104A200000000B60000007ECCCCCCE600000000062
:104A300000000000000CFFFFFFFFFFFFD00111117D
:104A400011111111100007400000000000000B6060
:104A50000111111100000B6008FFFFFF60011C71C4
:104A600000000000003FFFFF7000000000002F600A
:104A70000111111110007FD13FFFFFFFF400CEBBE9
:104A80000000C5000002CB6B6000C50000097B621E
:104A900015B0C55B003E1B600970C51E20670B602A
:104AA0000E20C50A80000B607C00C505C0000B60AD
:104AB000E400C501E2000B603023D50040000B602C
:104AC00000AEC100000000000000000000000A204D
:104AD000001A100000000E20000F2C5000000E20C5
:104AE000000F23E300011E41000E2065100FFFFEA2
:104AF000146ECEED40002F306DAD830000007FA01E
:104B0000000A70001000CFC50009B8BEC002CE5D1B
:104B10004ADFE96310087E233744E006C01E1E20EA
:104B20000000E34E30390E200000ABE500000E20FF
:104B30000000AF4061000E20006DBE50A3000E21AA
:104B40008ED507D4D1000E208400008E90000A205C
:104B50000006600000000D200003E10000000D20B1
:104B60001111B51110011E419FFFFFFFF20FFFFF52
:104B70000041015000004F3002E302D500008FA039
:104B80000B80003E3000CED3AD600078D001BD6B0D
:104B900062E203E140076D28009909A0000D1D2085
:104BA000002E6E3000590D200007F90000120D2074
:104BB000000AEC2000000D2001BC2AE500000D20B9
:104BC0007EA0008EC2000B209400000280000B002B
:104BD0000520000910001F1009A0004E00001F1042
:104BE00002E200A800012F2101A413E3101FFFFB24
:104BF0009FFFFFFFC0003F100000F20000008FA0E9
:104C00000000F2000000CFB51FFFFFFF4002CF4CB5
:104C10000111F41100087F120000F200001E2F1095
:104C20001112F41110591F13FFFFFFFFF2021F10A2
:104C30000000F20000001F100000F20000001F1032
:104C40000000F20000000C000000C200000009405B
:104C50000000000000000B501FFFFFFF00000B5082
:104C60001F00002F00011B612F00002F003FFFFFDE
:104C70005FFFFFFF00001E601F10002F00006FD1BC
:104C80001F00002F0000BD9B2FFFFFFF0002BB5A3B
:104C90002F14D00110096B501F00D31BA03E1B50D6
:104CA0001F009ADA00270B501F002E8000000B50C7
:104CB0001F0009C000000B502F2590CB10000B5097
:104CC0005FFC802CE20009403720000060001A00E1
:104CD0000003900000002E00000AD00000002E000B
:104CE000004EC80000013E1101D51D60003FFFF9D4
:104CF0000C9003E700005E01BB10004E9000AF6C0B
:104D0000A8FFFFD2D300EEC3000000000003CE785E
:104D10002205500730097E026904A00E102D2E00D6
:104D20001D02D05A00472E000D20E0C300002E00C7
:104D3000062014B000002E0000000B5000002E07CB
:104D4000FFFFFFFFF0001B000000000000003E001E
:104D50000092039000003E0000D304D000003E0308
:104D6000FFFFFFFFF1014E1000B303B0003FFFF85B
:104D70007DDDDDDD30005E108800000D40009E907E
:104D80008EDDDDDE4000DEB28800000D4003DE680F
:104D90008800000D40098E167DDEEDDD302E4E00C0
:104DA0000006B00000483E08FFFFFFFFF1003E0094
:104DB000003E7C1000003E0003D809B100003E0513
:104DC000AE70009E91002B07720000029000000060
:104DD00009400000000520001F4000000009E70016
:104DE0005E00000000004E709FFFFFFFA000021059
:104DF000E622222B80000006D00D500E3000001D50
:104E0000700E505D00000019000E607600000580F5
:104E1000002F900000000D70006EE00000008D007B
:104E200000BAC5000002E50004F36D00000CB000FC
:104E30002D900C90001B2003DB0003E90000007E96
:104E4000A000004ED20000850000000170000000AC
:104E500000B200000000000000F3000000000000AD
:104E600000F300000000000000F3000000000E301E
:104E700000F3000000000F3000F3000000000F30CE
:104E800000FFFFFF70000F3000F5333310000F30CC
:104E900000F3000000000F3000F3000000000F30AE
:104EA00000F3000000000F3000F3000000000F309E
:104EB00000F3000000022F5222F52222203FFFFFC4
:104EC000FFFFFFFFF2012222222222221008FFFF11
:104ED000FFFFFFFFA000000003F000000000000043
:104EE00003F000000000030003F0000000000F309A
:104EF00003F0000000000F3003FFFFFF00000F3041
:104F000003F2222200000F3003F0000000000F30F7
:104F100003F0000000000F3003F0000000000F302D
:104F200003F0000000022F5225F22222202FFFFF63
:104F3000FFFFFFFFF30000186000000000005AEBC5
:104F4000605FFFF00001F510005A00F00001F00072
:104F5000007900F00001FFFF90B700F00001F111AF
:104F600004E200E20001F0000E8000AEE301F11166
:104F7000040000000001FFFF97FFFFFE0001F000AA
:104F800000B3007A0001F000105B00D50016FACEE5
:104F9000D00C68B0005DF8520002EE200001F00075
:104FA000001AEE910001F00039EB12CE9101800061
:104FB00049300004800000A300000000000005E26A
:104FC0001111111100000DFFFFFFFFFFB0006D0078
:104FD000000000000002E50000000000001D97FF37
:104FE000FFFFFFF300070980681000F200000A606D
:104FF00019D300F100011C50007801F2104FFFFF9F
:10500000FFFFFFFFF5001F10B50002E000003E00AB
:105010003C9003E000006C0001B505D000008FFF5C
:10502000FFFFFFFFB000000000000A80000000004A
:10503000001DEC200000000007605400000000008C
:1050400009805DA100000000098001A6000EFFFF9D
:10505000FFFFFFFFF00222222AB22222200082005C
:1050600009E1002B10008D1009F700CA00000AB0FA
:1050700009DD0BC0000001D3099CCC10000000101A
:105080005E84F3000000002BDC80AC00000008EA26
:1050900019801DB00005DD50098002DC201E910042
:1050A0000980002CE30100133B8000005000003E0B
:1050B000EC20000000025000000000018004DB2D05
:1050C000DDDD5231C0000A4E00085491C000000ED0
:1050D00009085491C000000E0D085491C02D500EC7
:1050E0000D085491C006E90E0D085491C000240E1D
:1050F0000D085491C000000E0D085491C000010E1F
:105100000D085491C0003D0E0D085491C000890E49
:105110001D085491C000D40059200011C004D000D3
:10512000C4C40001C00B801B802D2002C008208653
:10513000000561EE8000000000000000000150004A
:105140001004A0011003DB12E205C008B0001B90A0
:105150009A05C01E300000002E15C0990000000006
:105160000305C011002D6000EFFFFFFF4004DB00CE
:10517000E522222D40001700E300000C4000000053
:10518000EFFFFFFF40000430E400000C40000B7014
:10519000E300000C40002E10EFFFFFFF40009A00DC
:1051A000E400000C4001E300E300000C4008C000F4
:1051B000E300011D40064000E3000EEC100000007B
:1051C0001000000000025000000730000004DB1057
:1051D000000B500000001B3CEEEEEEEE80000000E5
:1051E000000B500000000006DDDEEDDD202B20006E
:1051F000000B5000001AE57EEEEEEEEEE2007900C4
:105200000000000000000003EEEEEEEC00000303DF
:10521000D000004C00000D43EDDDDDEC00005D032F
:10522000D000004C0000C603EDDDDDEC0005E1031D
:10523000D000004C000B8003D000005C0002200373
:10524000D0003EE700000000000000000000500019
:10525000000000000002CD40FFFFFFFB000008D06F
:10526000F100006B00000010F100006B0000000076
:10527000FEEEEEEB001A6000F100006B0002AD00E4
:10528000FFFFFFFB00000300000000000000000023
:105290000000000000000338FFFFFFFF40000A8805
:1052A00080D0580C40003E1880D0580C4000B80800
:1052B00080D0580C4005E10880D0580C400B70DFBE
:1052C000FFFFFFFFF5000011111111111000000088
:1052D00008500000000000000A70000000000000FC
:1052E0000AFFFFFF800000000A8222221000000057
:1052F0000A70000000005FFFFFFFFFF500005C2266
:10530000222222D500005B00000000C500005B00E7
:10531000000000C500005C11111111C500005FFF05
:10532000FFFFFFF5000000000000000000006A041D
:10533000501A00A70000D506B00C503E300AB00449
:10534000D007B008B019100280027001800000651B
:1053500000910000000000E500C70000000008D038
:10536000007C000000003EFFFFFFFFFFB002DF20D7
:1053700000880000003E8FEEEEEEEEEA00070F2000
:105380000088000000000F200088000000000FEEE1
:10539000EEEEEEEC00000F200088000000000FFF92
:1053A000FFFFFFFF80000A200000001100008A05B7
:1053B000701C10A90000E405B00C602E4009B00478
:1053C000D007A007C0082002700360019100000010
:1053D000000000000007FFFF4FFFFFFFB007900E27
:1053E00020098007A007900E200D40088007900E2E
:1053F00020AC000B6007FFFF6CC10BEC2007900E88
:10540000340000000007900E2AFFFFFF4007900EB7
:105410002A60000C4007911E2A60000C4007FFFF25
:105420002AFFFFFF400680000000000100008A05FF
:10543000600C209A0001E406B00B701E500AA00414
:10544000C006B007C01A100280028001A1000570DA
:1054500000650000000556A000C50000000966A018
:1054600002E10000000B67A207FFFFFFF20DFFFF44
:105470005D55B1D4F22E06A06C0961E1F16A06A176
:10548000E40E15A1F00206A0406A0972E00006C908
:1054900080C50E23D015AEE826D04C04C04E99A08E
:1054A0002E40A705B00006A0B903E107A00006A0A2
:1054B000100B7009800006A0006D000B600006A0B4
:1054C00005E3124E200006A008503FE9000000103E
:1054D00000000000000000C100067010000000F194
:1054E000000890D5000700F10008904E100B90F1D5
:1054F000000890096001E5F100089000000066F6E0
:10550000FFFFFFFFF30000F2222BD222200001F167
:10551000000DF10000000BF1000ED5000000BCF101
:10552000005E6B00001CB1F100991E20003C10F1E0
:1055300002E30990000000F10AB002E4000000F16B
:105540006E20008D200000F7E600000BE30000B5A0
:1055500060000000711FFFFF3FFFFFFF10011E41B1
:105560001F10002F10000E201F01801F10000E20A2
:105570001F01E01F10000E201F01E01F100DFFFC97
:105580001F01E01F10011E411F02D01F10000E203E
:105590001F04C01F10000E201B07B01B10000E20A0
:1055A000000CEA0000001EBE505E8A00302BED8326
:1055B00001E86A00B31720002DA06A00D1000005A1
:1055C000E9003DDDA000000150000000003FFFFAAF
:1055D0007FFFFFFFA0015D117900E207A0004C00F2
:1055E0007900E106A0004C007EEEFEEEA0004C002B
:1055F0007900E106A01FFFF77900E106A0015D1028
:105600007900E107A0004C007FFFFFFFA0004C00E5
:105610000000F30000004C000111F31110004D4593
:10562000AFFFFFFFD016DFD70000F300004B720082
:105630000000F3000000000DFFFFFFFFF700000176
:10564000111111111000014006700000000007C088
:105650000890000000000C800890000000002F520D
:1056600029A2222200008FFFFFFFFFFF6001E5005B
:1056700008900000000AC000089000000008200008
:10568000089000000000022229A2222100005FFFF2
:10569000FFFFFFFC00000000089000000000000079
:1056A00008900000000000000890000000000000CA
:1056B00008900000001FFFFFFFFFFFFFF202222201
:1056C0002222222220008FFFFFFFFFFF20008A22DC
:1056D00029B2222F2000890007A0000F2000890096
:1056E00007A0000F20008FFFFFFFFFFF20008A228E
:1056F00028B2222F2000890007A0000F2000980068
:1057000007A0000F2000AFFFFFFFFFFF2000B62221
:1057100028B2222F2000D20007A0000F2003E000B3
:1057200007A0000F2007B00007A0000F201E600098
:1057300007A0112F203C00000790AEEA00000000F7
:1057400000000000000000000760000000000000F2
:105750000A800000000022222A9222220003FFFF7A
:10576000FFFFFFFF4003E0000A80000E4003E0005F
:105770000A80000E4003FFFFFFFFFFFF4003E1111F
:105780001A91111E4003E0000A80000E4003E00061
:105790000A80000E4003FFFFFFFFFFFF4003E222ED
:1057A0002A92222E400010000A8000000000000013
:1057B0000A800000000000000A80000000000000D5
:1057C0000870000000000000085000000000000009
:1057D0000B700000000022222C8222220000EFFF2A
:1057E000FFFFFFFC0000E3000B70005C0000E30023
:1057F0000B70005C0000EFFFFFFFFFFC0000E511F5
:105800001B81117C0000E3000B70005C0000E300D2
:105810000B70005C0000EFFFFFFFFFFC0000E522C3
:105820002C822222500020000B700000D4000000C7
:105830000AA00003F200000005EFFFFFA000000037
:105840000013333200000009200280000001F10E35
:105850003008B0000001F10E300D81111001F10E81
:10586000302FFFFFF101F10E309A00000001F10E20
:1058700034E269000001F10E4C6009D20000900E84
:105880003000007D100000010000000000006FFFEC
:10589000FFFFFFF800006A03E00D309800006A0285
:1058A000E00D308800006A02E00D308800006A02D6
:1058B000E00D3088003FFFFFFFFFFFFFF4011111F3
:1058C0001111111110007FFFFFFFFFF500007B2277
:1058D000222222D500007A00000000C500007A00D4
:1058E000000000C500007FFFFFFFFFF500007B22E6
:1058F000222222D500007A00000000C500007A00B4
:10590000000000C500007FFFFFFFFFF500007B22C5
:10591000222222D500007A00000000C500007A0093
:10592000000000C500007FFFFFFFFFF500007B22A5
:10593000222222D5000046000000007300000770FC
:10594000000000000000088006FFFFFFC000088084
:1059500006B22227C0166BB656B00006C02BBEDBBF
:10596000A6B00006C0000E8006FFFFFFC0004FC0BB
:1059700006B11116C0009DE906B00006C001D99C11
:1059800076B00006C007988296FFFFFFC01E2880F1
:1059900006B11117C06A088006B00006C01308805F
:1059A00006B00006C000088006B11116C0000880CD
:1059B00006FFFFFFC0000880059000049000000073
:1059C000112356950000DEEDEEBA9753000000005B
:1059D000A90000000000CEEEEEEEEEEE1000000496
:1059E000E000000000000008B0000000000FFFFF12
:1059F000FFFFFFFFF00000AB00000000000007FE0B
:105A0000EEEEEEE700006EE4000000A7001AD3CD32
:105A1000CCCCCCE7002B10C4000000A7000000CDC8
:105A2000CCCCCCE7000000C4000000A7000000CEF2
:105A3000EEEEEEE700000093000000850000650038
:105A4000000000000000C700000111110001E51175
:105A5000113FFFFF7005FFFFFB3D000A700D80E363
:105A6000003D000A704E10E3003D000A700100E3A3
:105A7000003D000A704FFFFFFF7D000A700223F314
:105A8000224D000A700003F2003D000A700007ED8D
:105A9000103D000A70000C5AB03D000A70006D0005
:105AA000D93E111A7002E6003C4FFFFF702DA00096
:105AB000003D000A70070000001400011000930070
:105AC000000000000000E20004FFFFFFD003F2111D
:105AD00014E222222006FFFFB4D00000000C74D094
:105AE00004D00000002E14D004FFFFFF200204D0D9
:105AF00004E2222E200FFFFFF7D0000E200227B273
:105B000024D0000E2000089004E1111E20000BC1DB
:105B100004FFFFFF20001EAB04D0000000007B0B41
:105B200094D000000002E401B5D00000002D700008
:105B300004FFFFFFF30600000022222220000000E5
:105B400000470000001FFFFF40B8000000015C118B
:105B500003FFFFE3000089000A9007C00000B500C2
:105B60005E202E300000E102EFFFFFFFC006FFFDC8
:105B70009D30A504C00DE14B0D30A504C04EE03BA7
:105B80000DEEEEEEC029E03B0E20A504C001E03B87
:105B90000E30A605C001E03B1FFFFFFFC001E04B38
:105BA0003D00A504C001FFFB7900A504C001E00190
:105BB000D400A505C0003005900053DE7000000041
:105BC00000000000000012222222222100009FFF7C
:105BD000FFFFFFF9000000000000000000000000CF
:105BE000000000000002222222222222200FFFFFBA
:105BF000FFFFFFFFF000000009A0000000000110FF
:105C000009A00000000009B009A00C8000002E408F
:105C100009A004E200009B0009A000AB0006E3001D
:105C200009A0002F302E600009A0000BA004001373
:105C30003B9000033000003EEC40000000000001FB
:105C400020000000000036BEB0222222104ECCC33D
:105C500003FFFFFF900006A003D00008900006A0FD
:105C600003D00008903FFFFFF7D0000890011CC14F
:105C700014D0000890002FF603D2222990008DCD79
:105C800033FFFFFF9001D8A5D0000000000996A0C7
:105C900050020011004E16A0006C009A001506A0DC
:105CA00000C7002E300006A004E10009A00006A0F5
:105CB0001D600003E1000590180000007100003530
:105CC0000001920000048CEA000AB00000098D4037
:105CD00001AFFFFE20000C404D91009900000C40E8
:105CE000547C39C1003FFFFF300AFB0000014F61C7
:105CF00017DE7A2000008FD19C719C000000DDAA85
:105D00000007FFFFE204AC4B109D2007A00B4C40A6
:105D10004DB5102E304C0C402609D4C800130C4051
:105D200000009F9000000C400018E80000000C40AC
:105D30005AEB200000000A30A720000000000044B9
:105D4000000490000007AEE90002E20000086E3097
:105D5000DFFFFFFFF3000D300000000000000D30FA
:105D60000BDDDDDF002FFFFF4B40001F00025F5205
:105D70000BDDDDDF00009FC1000000000000EEAA87
:105D8000BFFFFFFFF0079D36B5000001F02E2D305C
:105D9000B57CCCA1F0690D30B58501C1F0120D3094
:105DA000B58501C1F0000D30B57DDDA1F0000D30ED
:105DB000B5000001F0000B20A400005DA000000071
:105DC0000A100000000000000D600000000000004C
:105DD00009A0000000012222266222221006FFFFF5
:105DE000FFFFFFFF7000000000000000000001E165
:105DF00000001E30000000D500005E000000009989
:105E000000009A000000006D0000D6000000002F86
:105E10001002F1000000000E4007B0000000000B6F
:105E2000600C600000022223225F4222202FFFFF2D
:105E3000FFFFFFFFF20046000000B20000002E103E
:105E40003900E204800009304C00E206B03FFFFF59
:105E50007C00E206B00111114FFFFFFFB008405671
:105E60000000000000076077EFFFFFFFF40590954A
:105E70001113F3111003B0B30004D0000002C0D01E
:105E80007FFFFFFFE001D0C0790E0862E00053B54C
:105E9000980E0851E0058DFDA80E0851E02EA620B1
:105EA000780E0851E0000000780E0851E000000074
:105EB000680B066EA00029000009200000009B006E
:105EC000004E10000002EFFFFCCFFFFFF11D81E24A
:105ED0000AC03D10001600510980052000009FFFF8
:105EE000FFFFFFFB00000000099000000000000021
:105EF00009900000003FFFFFFFFFFFFFF4000000DC
:105F000000005C000000000000005D00000BFFFFCF
:105F1000FFFFFFFFC00002C300005C000000006E36
:105F200040005C0000000005D0116C000000000083
:105F300000CED700000000000000037000001245F2
:105F400078ACEFD50002EDCBED7531000000000715
:105F5000B1002500000002B80008E60000003EED98
:105F6000DEFA100000000423AD501B100000007D7D
:105F7000700007C100017DEA9ACDEEEB0001CA87EF
:105F800069C2100C7000007307B04602100007E2EF
:105F900007B03D9000007E4007B002DA0008E40040
:105FA00007B0001D9000200AEE70000110000001F3
:105FB000210000000000BEEEEEEEEEED0000B500A8
:105FC0000980004D0000BEDDDEEDDDED0000B50016
:105FD0000980004D0000B5000980004D0000BEEEB4
:105FE000FEEEEEED0000006C6006A10000005EFD1C
:105FF000DEE9240000001314B7101AA00000029D6F
:10600000BBCDDEEC0003CFFFFFA1000A300145D479
:1060100008A0860000003DA008A04DB10008E800DF
:1060200019A001AD40063006ED50000640000650B4
:106030000009400000000D60005E100000004D00EF
:1060400000DFFFFE2000B7000AF6118C0004D02DFF
:10605000AD6E13E4001D73B98208BD70005FDDD121
:106060000003EE1000011D40006E8BD30000A8005D
:106070005CE5008EA208D68A68177002A23FEB8604
:106080000003AD5000020000000004900000002654
:10609000239300000039CEEB328DD7100039630016
:1060A00000004BE800000000000000380000042061
:1060B0000000850000000C800000B60000003E10CB
:1060C0001222C7222000A9007FFFFFFFF104D01B8E
:1060D0002000B600003EA7BB0000B600003A7CD10D
:1060E0001FFFFFFFC0002E40022222221000C80026
:1060F00000000000000AE9BE59FFFFFF603EC952E0
:106100000981111C600100000970000B600001583A
:106110004970000B603ADFEA3981111C6039630075
:1061200009FFFFFF600000000750000840000570F5
:10613000003B000000000B8000A9000000002E10B2
:1061400002FFFFE2000098000B8007B00003D11DA2
:106150009D101E20001C84A9CEFFFFFF604ECDD0F5
:106160000E30B40A60001D300E20B30A6000B60184
:106170000E20B30A600AEADE3EFFFFFF603C852086
:106180000E300000000000000E200000000036ADC0
:106190006E200000B34EEA620D400001E1130000E2
:1061A00007EFFFFF900000000001111000000560E4
:1061B0000003800000000C900002F20000003F206D
:1061C0000111B61110009A007FFFFFFFF202E22CCE
:1061D000101D6010000C83AA00AA00D5004FEEE14C
:1061E00007D1027E10021D509FEEEDBCA000B8004A
:1061F000349307219009EADD00D30C50002EA6301D
:1062000000E20C500000000103E00C50000038CD0B
:1062100009A00C50A33ED9407E200C50C303000AB5
:10622000E50009FFD0000002100000000000064059
:106230000006800000000D4000079006A0005C00F2
:106240002FFFFFCD5000B5010118919C0004C02E16
:10625000000792E4001D86C611189AB1102C9CC04C
:10626000EFFFFFFFF5002D20000981000000C501B0
:1062700003CFFFFF500AECE999F1000B501EA63046
:1062800010F1000B5000000000FEEEEE5000037B0A
:1062900010F1000B501ADEB700F1000B501951003D
:1062A00000FFFFFF5000000000B100083000073081
:1062B0000002B00000000E300000C60000006C00BC
:1062C0005FFFFFFFA000B5005A000006A003C088D2
:1062D0005A000006A00B73D15FFFFFFFA03B9E702A
:1062E0005A00000000005C006EEEEEEED001D3110B
:1062F0007D90B0B0D00AECE58C90B0B0D02FC83013
:10630000AA90B0B0D0020001D7EEEEEED00039E690
:10631000E590B0B0D02DD716B490B0B0D014000B2B
:106320006490B0B1D00000061250000A7002FDDD8A
:10633000EDDEDDDE4002F006A00A600D4002FDDD6C
:10634000EDDEDDDE400000000C600000000DEEEE32
:10635000EEEEEEEEA00000001E00000000000BCCF0
:10636000CECCCCB000000E20000003D000000EBB4D
:10637000BBBBBCD000000E20000003D000000EBB51
:10638000BBBBBCD000000EBAAAAAABD000000E2046
:10639000000003D0001DDFDDDDDDDDEDD1000135C6
:1063A00082000000000CCAF862CFF9FFD00370F041
:1063B000C200A502D000C0F3A0309631D03EEEFE60
:1063C000EA9495C2D0000CFA10399595D00099F74F
:1063D000C20DA559D009C1F07B019502D04D20B066
:1063E0000100C505D00AEEEEE70AE53ED00940D02F
:1063F00077A898E7D009DCECD7509531D00940D088
:1064000077009501D00940D077009501D009EEEED4
:10641000E700A502D0083000451ED29E8000000093
:106420004B000000000000005C00003D10007FFFFA
:10643000FFFFF7D4000000005C003D4000000000BA
:106440005C04E500000DFFFFFFFFFFFFF000000010
:106450003CC2000000000006EB100000000003BF7B
:10646000FEEEEEE70003BF9C70000000002FB31E9D
:10647000200000000003007FFFFFFFA000000000DD
:1064800000000A700000000000000D500000000035
:1064900001004E10000000000DFFE70000000000AA
:1064A00000000000000005700000003700000790A9
:1064B00000004AE8100FFFFFB38DF81000000890AD
:1064C0000883E200000007900000E200000AFFFFDE
:1064D0007002E89B9000079007EFFB852000089072
:1064E0000341E200003FFFFFF100E20000002EE365
:1064F0000002E9ACE400ADDD1CEEFB852004D89A77
:10650000A430E200001D57918000E200413907905D
:106510000000E200960007900000E400B40007903D
:1065200000009EFFC00001100000000000000930C4
:10653000002B000000004E17202F00160000C60799
:10654000B02F39EE3008D335E42FFC71000DEDCAC1
:10655000BB2F300000010000142F0000B206FFFF27
:10656000F41F2112E106A000D40AEFFE9006A0005D
:10657000D41700000006EEEEE42F00051006A00080
:10658000D42F05CC4006EEEEE42FDA500006A00032
:10659000D42F10002006A000D42F0000A506A011C3
:1065A000D42F2001D306A08EC10BEFFEB000100047
:1065B0000000000000000000085000000000000083
:1065C0000E400000000002225E22222100006FFF28
:1065D000FFFFFFF900006C000000009900006C0054
:1065E0000000009900006FFFFFFFFFF900006C2220
:1065F000222222A900006C000000009900006C001B
:106600000000009900006FFFFFFFFFF900006C1110
:10661000111111A900006C000000009900006C111C
:10662000111111A900006FFFFFFFFFF900005A00D0
:106630000000007700000058000084000001118B6A
:106640001111C711101FFFFFFFFFFFFFF100007BBB
:106650000000B600000040240000420000009D60E1
:106660006FFFFFFE000003D36C22225E00020000D9
:106670006B00003E000CC3006B00003E00008E402B
:106680006B00115D000002226B00BED8000001C744
:106690006B00000000001C906B000000C301CB00E9
:1066A0005D000002E208C0001DFFFFFFA001100016
:1066B0000012222100000037000083000001115C5D
:1066C0001111D511100FFFFFFFFFFFFFF000004A6F
:1066D0000000A30000003EEEEEEEEEE400003D0000
:1066E000000000E400003D00000000E400003EDD8A
:1066F000DDDDDDE400003D00000000E400003EEED2
:10670000EEEEEEF40000000009800000000111111F
:106710001A811111101FFFFFFFFFFFFFF2000000A1
:106720000980000000000000098000000000000057
:10673000076000000000002A000093000001114ED5
:106740001111D511100FFFFFFFFFFFFFF000003EFA
:106750000000D40000003017000181000003E57C38
:106760000004C5C200004ED20004C07D1004DDB09C
:106770001115C117201B40E2FFFFFFFFF00002E5EB
:106780000007F10000002DD7000AE6000006E6979A
:10679000001E6C00002D4096009B0C60000000B5B0
:1067A00005E303E3000002E26E50007E5001EE823A
:1067B000D4000006C0000000000000000000004DF2
:1067C0000000D400000FFFFFFFFFFFFFF001115D8D
:1067D0001111E5111000002600004461000012357F
:1067E000679BEFF90006EDCCCF97534800004300BC
:1067F0001E2000A900005D000A7003E100000B608C
:10680000043009600000010009800000001FFFFF44
:10681000FFFFFFFFF2011116EDDD41111000009E98
:106820003985E60000017DC209803DD7102ED600D3
:106830000980005CE204000008700000300002B231
:106840000000000000001D800FFFFFFFC002DA0003
:1068500002222222102DA001000000000018009B3F
:1068600000000000000004E30000000000001D80A4
:10687000BFFFFFFFF401CF30122226D2201DCE3001
:10688000000005C0004C1E30000005C000000E30A6
:10689000000005C000000E30000005C000000E30F2
:1068A000000005C000000E30000005C000000E30E2
:1068B000000227C000000E30001EED600000010045
:1068C0000000000000000000076000000000000061
:1068D000098000000004FFFFFFFFFFFF60000000D1
:1068E0000980000000007EEEEEEEEEEA00000000FF
:1068F000098000000000000009800000000EFFFF7A
:10690000FFFFFFFFE0000005E5D400010000009E4E
:10691000306D006E30017DF5000D78D3002ED5D599
:106920000004EB10000300D500007E50000000D6EC
:106930005AE505EA300003FFC720002AE200018281
:10694000000000001000000000000000000DFFFF2C
:10695000FFFFFFFFD0000007900B50000000000772
:10696000900B50000001FFFFFFFFFFFF3001F00719
:10697000900B500E3001F007900B500E3001EEEEF0
:10698000EEEEEEEE30000003E2000000002FFFFF0D
:10699000FFFFFFFFF20000AB00008C10000004E3DB
:1069A0000002E50000000AFEA64D90000000001560
:1069B000BFFF82000001358CEA58DFC6000BCA8594
:1069C0001000038D500000000000000000002700B0
:1069D0000000000000001D600CFFFFFF700004704D
:1069E0000C60000A700FFFFE2C50830A7001116DBD
:1069F0000C50C50A700000D60C50C50A700007D0B4
:106A00000C50C50A70002EA00C50C40A7001CFE6CD
:106A10000C50D20A701CBE5E3C51F20A701B0E274D
:106A20001215FC0210000E20000BCC0000000E20FE
:106A3000005E5C0084000E2002E63C0095000E2003
:106A40004D803D00C3000E21D6000BDDA0000000EC
:106A50000000000000000005200840000001700C4C
:106A6000501E40000002F00C505FFFFFE002F00CEF
:106A700050C736000002F00C55E12D600002F00C0A
:106A8000556004E2000000073000005100000DFFD7
:106A9000FFFFFFF100000D51122113F100000D4026
:106AA0000A8002F100000D400B7002F100000D4061
:106AB0000D7202F1000004109C8900400000004C9F
:106AC000D289000190048DE7008A0004C006950079
:106AD000004DEFFE6000000C500000000000007F41
:106AE000FFFFF700000004E30004E20000004E8016
:106AF000000D70000004EFFFFFFFFFFF000B8E4151
:106B000014E1114F00000E3003E0003F00000EFFC3
:106B1000FFFFFFFF00000F4004E0004F00001F20B8
:106B200003E0003F00002F2004E0004F00003FFF83
:106B3000FFFFFFFF00007B0003E0003F0000C700F5
:106B400003E0003F0006E10003E0226E0009600060
:106B500000008ED8000000000000000000002200AD
:106B60000000A30000007D200000E400000008D227
:106B70000000E400000000820000E40000000000CB
:106B80000000E400000222103333E633313FFF708F
:106B9000FFFFFFFFF5000A700000E40000000A702C
:106BA0000000E40000000A700000E40000000A7029
:106BB0000000E40000000A703000E40000000A9CBD
:106BC000A000E40000000DF80000E40000005E50AA
:106BD0000000E400000002000000C30000001100FB
:106BE0000000B10000007D100001F20000000AD199
:106BF0000001F100000000B30001F10000000000FE
:106C00000001F000000222100003F000003FFF909E
:106C10000004F200000008900006F4000000089054
:106C20000007F80000000890000ABD00000008906E
:106C3000000E4E3000000891605D08B0000008CDE5
:106C400080C702E300000CE508D0007D20003C2056
:106C50007E30000BD20000007300000081000000B5
:106C6000000000000002C2001111111110008D205F
:106C7000CFFFFFFFF00008A0000098000000000018
:106C800000009800003FFF300300980000022E3003
:106C90000F20980000000E300F209FFFB0000E3034
:106CA0000F20992210000E300F20980000000E30A7
:106CB0000F20980000000E370F20980000000ECD26
:106CC0001F20980000003FC10F20980000009A0587
:106CD000FFFFFFFFF500100011111111100020003F
:106CE0000000910000009B100006F40000000BB0B3
:106CF000002E9D20000001A000C808C10000000077
:106D00001BB000AC20022203DA00720AE53FFF4309
:106D1000600AA00051000C4004D9003000000C4073
:106D20001C400AA000000C400001BB0000000C4009
:106D3000006D900980000C411BD4006E10000C8D7A
:106D4000520008E400001EE50005CC2000007C2075
:106D500039DD6000000001003A4000000000100032
:106D6000034000092001E40005D0003E10007E3001
:106D700000D50099000008B0018612E41000002040
:106D80009FFFFFFFD02666100000D400004BBE30EE
:106D90000000D40000000D301FFFFFFF50000D3039
:106DA0000111E51100000D300000D40000000D308D
:106DB0001111E51110000D30FFFFFFFFF3000D7DF5
:106DC0001000D40000000EE50000D40000006D307B
:106DD0000000D400000011000000B300000010000B
:106DE000000000000002E4002FFFFFFF40006E30B3
:106DF0002E00000D400009A02E00000C40000110E4
:106E00002E00000D404FFF202FFFFFFF40022F20DC
:106E10000000000000000F209FFFFFFFB0000F20C8
:106E20000112F11110000F200003E00000000F22FA
:106E3000FFFFFFFFF5000F22111BE81110000F8E5E
:106E4000103E5E3000003FD303D707D300005B1332
:106E5000AE70008E920000029200000290000000CE
:106E6000000190000001C2000002F00000009D102F
:106E7000CEEEFEEEC00009A00002F00000000010FF
:106E80006DDDFDDD500222000002F000004FFF35F5
:106E9000EEEEEEEEE5000E300000000000000E30D9
:106EA0003EEEEEEF10000E303D00001F10000E30E1
:106EB0003ECCCCDF10000E333D00001F10000EAEA4
:106EC0005EDDDDDF10002FD23D00001F10007B10C3
:106ED0003D00002F100010003D000EEA00000000F1
:106EE00000000000000010000002A0000001E4000B
:106EF0000003E00000005E408FFFFFFF40000360E2
:106F00000003E00000000002FFFFFFFFC0022200BC
:106F100001000008805FFF1008A1630D30000F1012
:106F2000616BB50400000F106D30C50000000F103C
:106F30000370D30000000F17FFFFFFFFF2000F26C2
:106F4000000AA20000000FCB005E3C8000002FB0C2
:106F500006E601BB00008A03BE50000AB10010041F
:106F60009100000080002000000000000001E60009
:106F7000DFFFFFFFB0003E50D3116115B000058068
:106F8000D201D004B0000000D2BDED94B0022200C6
:106F9000D201D004B04FFF10D201D004B0000F10C6
:106FA000D5DDDDD5B0000F10D2000004B0000F1009
:106FB000E1ADDD64B0000F10E0C10674B0000F1445
:106FC000D0C10674B0001FBDA0CDDE74B0004FCBA1
:106FD00060C10004B000BC2E10000015B0003139B3
:106FE000000003EE60000000000000000000000050
:106FF000000170000008FFFFF106A00000087111F9
:10700000D10A6000000863A0D10EFFFFF20863B050
:10701000D15C112E100863B0D1C7003C000863B0EA
:10702000D6FA0069000864B0D58E0096000864B0F6
:10703000D10A50D2000865A0D105C3C000086880FD
:10704000D100CC7000021B4120005F2000003D3DBC
:107050001000BEA00001C608B009B1C9001CA00004
:10706000D6CC102CC207000011800000800001A0C7
:1070700000008100000002E00004D000001FFFFFBC
:10708000FB0AFFFC000002E0003D1087000002E068
:1070900000D502D00009EEFEE8CEDDDE700950D04A
:1070A00096870208700950D096870E08700950D054
:1070B00096870E087009EEFEE5871D0870000CFA31
:1070C00000873C0870006BEA908769087003D3E082
:1070D000C533A513201E52E01005D3D6000502E0EB
:1070E000017D301BA10001B00781000071000390F9
:1070F00000000000000004C002FFFFFFC00005C048
:107100000000E205C00CFFFFF502E006B00004C07D
:1071100000079007A00115C1102E300A802FFFFF35
:10712000FCD709FD300000F001600000000450F0C1
:10713000009FFFFF700780F00097000A700880FF33
:10714000F797000A7009C1F00097000A700BE7F08A
:10715000009FFFFF700E3DF410000000005B017CFB
:10716000EFFEEEEEE414000001222222200009309E
:1071700000004A0000000E2000008A00003FFFFFD0
:10718000A8FFFFFFB00189111113F3111000B570B2
:107190000005D0000002E2F02FFFFFFFF506A1F08E
:1071A000022E6222200A72F1002F1000000EFFFF53
:1071B000A05E1111000101F0009FFFFF700001F0BF
:1071C0001000008C000369FEE20203E2003EB9F207
:1071D000003E8D60000001F00002BE20000001F0C2
:1071E000000008E4000001B000000064000003A0FB
:1071F00000075000000007B0000C6000003FFFFFD8
:10720000F90E511110023E32213FFFFFF3005C00E6
:10721000007B0001E000977700C60203C000E28710
:1072200003E15B069005C18815906B08500BFFFFCA
:10723000F8007B000001008700009E00000000872E
:107240000000CE40000357CEEA03E7A0003ECACAC2
:10725000200B80D300000087006E107C00000087A8
:1072600006E4000CC20000660740000191000A20FD
:107270000000580000000F1000006B00002FFFFFFF
:10728000A0006B000001891110117B111000B520C6
:1072900008FFFFFFD000E1D208705A03D003C0D22C
:1072A00008705A03D00981D308705A03D00DFFFF2C
:1072B000A8706A04D00100D208FFFFFFD00000D2FE
:1072C00008705A03D00358EEB8705A03D02EC9E4A0
:1072D00008705A03D00000D208716A14D00000D29E
:1072E00008FFFFFFD00000B107600002A0000B20E4
:1072F0000000000000001E0004EDDDDE303FFFFF57
:1073000084C0000D3002992214EDDDDE3000C5602E
:10731000000000000000E2F03FFFFFFFF304B1F0C7
:1073200002E0000E200982F102E0000E200EFFFFB5
:1073300072FDDDDF200101F002E0000E200001F00F
:1073400012EDDDDF200369FEB2E0000E203EB8F151
:1073500002E0002E200001F059EDEEEFE50001F013
:107360002532100E200001B00000000B1000570065
:107370000000A300000088000008EA00003FFFFCB6
:10738000008A19C10001D3110A90006E8100E0014A
:10739000CFEEEEEAB303B6619100000000077780FC
:1073A00000000001500B48815EEEC273B01FFFFC6D
:1073B0005902C3A3B00107805EEEC3A3B0000782E9
:1073C0005902C3A3B0047CFA5EDDC3A3B02D9A803A
:1073D0005902C3A3B00007805902C003B000078060
:1073E0005903C003B0000660593E80DE60012000F2
:1073F000000005800006D200000007B000008D10DC
:10740000000007B000000A4AFFFFFFFFE000000194
:10741000222228B220000000000007B00001110065
:10742000860007B0003FFF204E2007B000000F206D
:1074300008B007B000000F2001B107B000000F2016
:10744000000007B000000F20001229A000004F60CC
:10745000004EEC400009D6CA51000012312E200621
:10746000BFFFFFFFF201000000111110000000003B
:10747000000000000009A100DFFFFFFF2001AD3088
:10748000122222220000095000000000000000002B
:10749000000000000000000EFFFFFFFFF44FFF029E
:1074A00022D8222220013F0004E10A4000002F00E0
:1074B0000AA007C000002F002E2000D500002F00DA
:1074C000A90134AC00002F04FEFFFEDE50002F01A6
:1074D000854210079001AFA100000000000CB3AE80
:1074E00094322335622C10049CDEEEEDD2000000B5
:1074F00000000000000230000012468B4004E4004F
:107500005FECB97410005E205C00000000000840D1
:107510005C000000000000005C00000000000000B3
:107520006FFFFFFFF32FFF207B111E5110022E2053
:1075300089000D3000000E2097000D3000000E2055
:10754000C6000D3000000E21F2000D3000000E28A4
:10755000C0000D3000007F8850000D30000AD5BCFF
:1075600061000012312E2006BEFFFFFFE301000084
:1075700000111110000000000123457A300790002F
:10758000CFECBA751002E700C500000000005E20D5
:10759000C500000000000400C5111111000000002A
:1075A000CFFFFFFF20011100E400005C003FFE0060
:1075B000F3A200C600003E01F06E57C000003E0579
:1075C000D004EE2000003E0A9007EDA000003E3EF1
:1075D00034CD21CB10006E360C70001B2009D9D899
:1075E00031000012313D1028DFFFFFFFE2010000F3
:1075F0000011110000036000000000000002D80C20
:10760000FFFFFFFFC0003E523334F5332000063049
:107610000008C00000000000002E70000000000004
:1076200000BF6400004FFE0008ED7CA000025E0079
:107630008E3B61CA00003E1AE40B601D90003E2B99
:10764000200B600290003E00000B600000003E0036
:10765000000B600000009E40000B6000001CB6DACA
:1076600041000012326D1017DFFFFFFFF50200002E
:107670000122222110013000026003500004E400C6
:1076800004D007A000005E3004D007A00000063838
:10769000FFFFFFFFB000000126D228B2100000005B
:1076A00004D007A0003FFF2004D007A000011F2145
:1076B00026D228B220000F2AFFFFFFFFF1000F2083
:1076C000098007A000000F200E3007A000000F2047
:1076D000BC0007A000007F72C20007A0000AD5BB53
:1076E00061000012312E2005BEFFFFFFE201000005
:1076F000000111000000000000000000000A9000DE
:10770000EFFFFFFF1001CC201111111100000B4001
:107710000000000000000000000000000000000F5A
:10772000FFFFFFFFF14FFF0116C14E1110013F0097
:1077300006B03E0000002F0008903E0000002F0021
:107740000C603E0010002F004E103E00D1002F03B1
:10775000D7003E11E0002F2E80000DFE9001BFB338
:1077600000000000000BB29E83211234522C100442
:107770009CDEEEEDD20000000000000000024000A0
:10778000008400000004E30000E4000000007D0C21
:10779000FFFFFFFFB0000B300B7011000000000076
:1077A0003E10F20000000000B800F200004FFE039F
:1077B000FFFFFFFF40014E003212F41100002E00C7
:1077C0000000F20000002E011112F41110002E0E24
:1077D000FFFFFFFFF0002E000000F20000006E200F
:1077E0000000F200000AC7D941009212324E101771
:1077F000DFFFFFFFF503000001222221100000003F
:1078000000038000000A60001E25C0000004E5009F
:107810006D05C00000006E20CFFFFFFF8000040751
:10782000C005C000000000012005C0000001110DCE
:10783000FFFFFFFFF31FFF0112F33F1110002F00A6
:1078400003E02F0000002F0008A02F0010002F00E1
:107850002E502F00B3002F04DA001F21D3002F1E5B
:1078600080000CEFC0008FC400000000000AD37E2F
:10787000A4322335731C20039CEEEEEDD2000000F1
:107880000000000000000000000650000009800019
:10789000000980000001D80DFFFFFFFFF1001C3040
:1078A0000009800000000004EEEEEEEE500000043F
:1078B000C009800B503FFF34C009800B50011D34BC
:1078C000C009800B50000D34EEEFFEEE50000D307D
:1078D000009EE90000000D3009A988D300000D3496
:1078E000CA09804D50001E59500980034006D8CA6D
:1078F00051033001211E3005AEFFFFFEE201000002
:1079000000011000000000000013469A1007700AE2
:10791000DCBA97420002DB00300B004D00001D7006
:10792000D40A60B6000002006B0684C000000000AC
:107930003D000120002FFF02DEEEEEEE30013F0998
:107940004009700000002F0DEEEEEEEEE1002F007A
:107950000009700000002F00F009701F10002F00B8
:10796000F009701F10002F00FFFFFFFF1000AFA0F5
:1079700000000000000BB29D83211234522C100431
:107980009CDEEEEDD10000000000000000000000D1
:1079900000000000001FFFFFFF3FFFFFD0000B1D96
:1079A00000022225D0000B1D00000004D00AFFFFBA
:1079B000FA000004D00A49294A000004D00A4919F3
:1079C0004A1FFFFFD00A4A094A1F3225D00A980CE5
:1079D000BA1F1002600A91004A1F1000000A4000FE
:1079E0004A1F1000000AEDDDEA1F1000100A4000D7
:1079F0004A1F1000A60A40004A1F1000B50AEEEE0A
:107A0000EA0F5112E30930003709EFFEA0001358C6
:107A100050000000002EDDC848FFFFFFC0020870C4
:107A20005088111D500B3875A00B40AA0003B88C6C
:107A30002002DBB0000028710019EF70003FFFFF4B
:107A4000BAED54DC61001EB02C603506C4005FF84E
:107A500000007A000000CC9D66FFFFFF8005B87330
:107A600080118A11001D487000007A0000490870DA
:107A70000FFFFFFFF300087000007A00000008709D
:107A800000007A00000007600000680000000001AC
:107A9000224568A20000AEFFFFD986410000000029
:107AA00009800000001EEEEEEEEEEEEEE1000000BA
:107AB0000980000000006CCCCEECCCC700007A003E
:107AC0000980009800007ECCCEDCCCE800007A0073
:107AD0000980009800007A000980009800006DDDA0
:107AE000DEEDDDD700000000098000000000EEEEB2
:107AF000EEEEEEEE2000000009800000002EEEEE1B
:107B0000EEEEEEEEE2002FBBBBBBBBF200002FAAF5
:107B1000AAAAAAF200002F00000000F200001BBB7E
:107B2000BBBBBBB10005555555555555511777771A
:107B30007777777771005BBBBBBBBBB600007A0081
:107B40000980008900007DAAADDAAAD900007DBBBA
:107B5000BDDBBBD900000000098000000000BCCCE8
:107B6000CEECCCCC0000000009800000003DDDDD43
:107B7000DEEDDDDDD3003700010095000000B70029
:107B80000A60A6097003FFFF92E1A62D001D611196
:107B90000094A685004A00000111B7110004FFFF00
:107BA00049FFFFFF50001C510970100B50000B40A3
:107BB0000970B50B50011C510970B50B500DFFFF3A
:107BC0007970B50B50000B400970C50B50000B408D
:107BD0000970E30B50000B412656C00730000DBE64
:107BE000505E4DA200005FA24AD4007E80003500A6
:107BF0008710000191004800004A00D10000B60043
:107C0000004B00F10004FFFF6DFFFFFFE01D62224B
:107C1000005B01F2003A0000004B00F10005FFFF9D
:107C2000215B11F210001C514FFFFFFFF4000B40CD
:107C30000000000000011C5105FFFFFF300FFFFF97
:107C400075B0000D30000B4005B0000D30000B404A
:107C500005EEEEEE30000B4215B0000D30000DBE0B
:107C600035B0000D30004F9105EEEEEF30001400FE
:107C7000048000092000840000000B100000E205D1
:107C8000FFB9DEDD6005FFF63A700C16700C61106E
:107C90000C200C16706E00003B2EEEEEE618000075
:107CA000A4000C167008FFFAFFBADEDE700059015E
:107CB00004A00C1000016A10168BEEEEA02FFFF846
:107CC000B8600C1000005900DB300C1000005900A7
:107CD0008E3EEEEEE00059225E100C1000006CD5D6
:107CE000CCB10C100000AE46C09D66100000B22C56
:107CF0002004ADEFF300000000000000000000B21F
:107D000000000040000000F3000008E2000000F363
:107D10000000AE30000000F3004DC200000000F390
:107D20002BE80000000000F32B300000000223F5D8
:107D300022222222201FFFFFFFFFFFFFF10000F39E
:107D400001E30000000000F3008B0000000000F3DE
:107D5000001E6000000000F30005E400000000F3D6
:107D600000108E60000001F68CE207EB400007FE79
:107D7000B720003BE200036100000000100070002B
:107D8000000000000000BB05FFFFFFFF90001D503A
:107D90002222222A90000200000000099008A00080
:107DA000000000099008A00FFFFFF0099008A00F45
:107DB0001001F0099008A00F0001F0099008A00F31
:107DC000FFFFF0099008A00F1001F0099008A00F24
:107DD0000001F0099008A00F0001F0099008A00F21
:107DE000FFFFF0099008A000000000099008A00023
:107DF0000000001A8008A000000003ED4000000011
:107E000000000000000111110002C100000BFFFE84
:107E10001007F400000B607B001E9D10000B60D467
:107E2000009A0AA0000B64D006E101D8000B6A702A
:107E30006E40002DA10B66C2E4100011B20B60A8C9
:107E400010F102F0000B604C00F102F0000B601E1C
:107E500000F102F0000B715E00F102F0000B7EE613
:107E600002E002F0000B600006C002F0000B6000B0
:107E70000C7002F0000B60008D1002F00009500041
:107E8000A30001C000001110000000000007FFFE69
:107E90001EFFFFFF1007704C0E30000F100770968A
:107EA0000E30000F100770E10EFFFFFF100774C0C7
:107EB0000E30000F100770B50E30000F1007704B1A
:107EC0000EFFFFFF1007701E0E42E1000007700E4C
:107ED0001E30C305B007703E0E30885E600778E73D
:107EE0000E302ED4000770000E3009A0000770007D
:107EF0000E3262D9000770003FEEB02DC20660005E
:107F0000294000017000111000009400000BFFF8E0
:107F10000005F800000B40C4004D4D70000B43C03D
:107F200006E302E7000B4962BC20003DB10B4C3078
:107F300068FFFFFCB30B44C00000D500000B40C33A
:107F40000000C400000B40961111D511100B4079B0
:107F5000FFFFFFFFF30B40A70000C400000B7EC132
:107F60000A50C479000B40004D10C40D500B400165
:107F7000D600C404D10B4004A011D400920B4000E1
:107F800000CEC1000001111000035000000DFFFAE7
:107F90000004C000000D30B59EEEEEEE900D31E015
:107FA00000D104B0000D3695EEEEEEEEE30D3C4050
:107FB00000000000000D35C02CCCCCCC000D30C42E
:107FC0003D00001F000D30783EBBBBBF000D308967
:107FD0003D00001F000D4EE33ECCCCCF000D310024
:107FE0000001F100000D3005FFFFFFFFF40D300030
:107FF0000001F100000D30000001F1000009200037
:108000000001B0000000BDDDDEEDDDDB000222225C
:108010002A922222200BBAAAADCAAAABB00B4ABB45
:108020006987BBA4B00B400009800004B0003BBBD3
:108030006007BBB30000000019C00000000000286A
:10804000D8BC610000027CE81A339EB8402E95002F
:1080500004B00049C2003DDDDDDDDEE200000001CC
:1080600000007D400000002DB76D91000000000071
:1080700038DD5000000000000004B3000000CEEE28
:10808000EEEEEEEC0000000009700000000ADDDDFD
:10809000DEEDDDDDA00B400009700004B00B4ABB33
:1080A0006977BBA4B00B400009700004B0002BBB83
:1080B0006977CCC30000000009700000000EEEEEEE
:1080C000EEEEEEEEE00000000C50000000000000BC
:1080D0000E2000000000AFFFFFFFFFFF1000A6030F
:1080E000D009600F1000A603D009600F1000A6038E
:1080F000D009601F10009502B00856EB000CFFFF7E
:10810000FFFFFFFFE00111112E61111110000000AF
:108110005D00000000003FFFFFFFFFF600003E1182
:10812000111111C600003E00067000C600003E009E
:10813000089000C600003E00089000C600003E0007
:10814000099000C600003E000B7000C600003E0013
:108150002E4300C600000201CB1DC4100000017EAA
:10816000B1007EB20006AEC5000001AE600873002B
:10817000000000055000000000000000000FFFFF9D
:10818000B8FFFFFFF501112E50115E11100140A93B
:1081900000117B110003ECA000FFFFFFA0002DC128
:1081A00000F10007A00002D910F12707A06FFFFF20
:1081B000F4F14C07A0000B51E0F14C07A0000B5666
:1081C00090F14C07A0000B5620F15C07A0000B506B
:1081D00000F17A07A0000B500031D53110000B5090
:1081E000000BB2D800011C5004CB002D9009EC20EC
:1081F0002B600001B10000000000000000007400CE
:108200000001C0000000C4003CCCFCCC3000E20007
:108210003B01F00B4003FFFE4B01F00B4007904B7E
:108220003CCDFCCC300D40960001F000004E24A166
:10823000EEEEEEEEE5265B000000000000005B00C5
:108240004FEEEEEF10005B004B00200F10005B00C4
:108250004B03E00F10005B004B03D00F10005B5886
:108260004B07B00F10006EC2014E5B510000CA00F8
:108270004AE503AC40006001B71000058000000033
:1082800000008600000EFFFD0003E9000000002C46
:10829000000C9D600002604B007C03E40005905AD6
:1082A00007E2005E500680689D200005E5077087A4
:1082B000527FFFF44109509600001000000BEEEED3
:1082C00085808504C000000872D05909700000192B
:1082D00070D23B0E10159DBA50A51B5A005C720B54
:1082E000402100B40000000D200003D00000003E3B
:1082F0001FFFFFFFF1007ED700000000000000001C
:108300000000000000000000000000040400000065
:1083100000000005050D000021000008080D000008
:1083200055000009090C00008B000009091000FE2F
:10833000D300000F0F0C00002D01000B0B0C0000F0
:108340006F010004040D000089010005051100FC07
:10835000B4010005051100FCDF010007070D000056
:108360000D020009090A00003A020004040700FC9B
:10837000480200060605000057020004040300003E
:108380005D020006071000FD95020009090C0000BF
:10839000CB020009090C000001030009090C0000D0
:1083A00037030009090C00006D030009090C0000E7
:1083B000A3030009090C0000D9030009090C0000FF
:1083C0000F040009090C000045040009090C000015
:1083D0007B040009090C0000B1040004040900003A
:1083E000C3040004040D00FCDD040009090A0000B8
:1083F0000A0500090909000033050009090A0000FF
:1084000060050008080D00009405000F0F0F00FD27
:108410000506000A0A0C00004106000B0B0C0000C8
:108420008306000A0A0C0000BF06000B0B0C0000BC
:1084300001070009090C000037070009090C0000BA
:108440006D07000B0B0C0000AF07000C0C0C0000BC
:10845000F7070005050C000015080009090C0000CD
:108460004B08000A0B0C00008D080009090C0000E5
:10847000C308000D0D0C00001109000C0C0C0000CD
:108480005909000C0C0C0000A109000A0A0C00009C
:10849000DD09000C0C0F00FD370A000A0A0C000071
:1084A000730A000A0A0C0000AF0A000A0A0C000056
:1084B000EB0A000C0C0C0000330B00090A0C000046
:1084C0006F0B000E0E0C0000C30B0009090C00001E
:1084D000F90B00090A0CFF00350C000A0A0C000019
:1084E000710C0005051000FD990C0006071000FD39
:1084F000D10C0005051000FDF90C0009090C000065
:108500002F0D0009090200FE380D000A0A0E0000B6
:108510007E0D000909090000A70D000A0A0D0000E0
:10852000E80D0008080900000C0E000A0A0D000002
:108530004D0E000909090000760E0005060E000028
:10854000A00E0009090D00FCDB0E000A0A0D000058
:108550001C0F0004040D0000360F00040511FFFC81
:10856000610F0009090E0000A00F0005050D0000B5
:10857000C10F000F0F0900000510000A0A090000D2
:108580003210000A0A0900005F10000A0A0D00FC00
:10859000A010000A0A0D00FCE11000060709000007
:1085A000011100070709000021110006060C000058
:1085B0004511000A0A0900007211000809090000AB
:1085C0009B11000D0D090000D611000808090000DC
:1085D000FA110008090D00FC351200080809000016
:1085E00059120005051000FD81120004041200FB61
:1085F000A5120005051000FDCD12000909080000B4
:10860000F1120006060C000015130010100F00FFF9
:108610008D130010100F00FE05140010100F00FE47
:108620007D140010100E00FFED140010101000FE5D
:108630006D150010101000FEED150010101000FE5A
:108640006D160010100C0000CD160010101000FE6A
:108650004D170010101000FECD170010101100FD76
:1086600055180010100F00FECD180010101000FE5D
:108670004D190010101000FECD190010101000FE52
:108680004D1A0010101000FECD1A0010101200FD3F
:108690005D1B0010101000FEDD1B0010101000FE0E
:1086A0005D1C0010101000FEDD1C0010101000FEFC
:1086B0005D1D0010101000FEDD1D0010101000FEEA
:1086C0005D1E0010101000FEDD1E0010101100FDD8
:1086D000651F0010101100FDED1F0010101000FEAE
:1086E0006D200010100F00FEE5200010101000FD9E
:1086F00065210010101000FEE5210010101000FE92
:1087000065220010101000FEE5220010101100FD7F
:108710006D230010101100FDF5230010101000FE55
:1087200075240010101100FDFD240010101100FD33
:1087300085250010101000FE05260010101000FE08
:1087400085260010101000FE05270010100F00FEF7
:108750007D270010100F00FEF5270010100F00FEFF
:108760006D280010101000FEED280010101000FE03
:108770006D290010101000FEED290010100F00FEF2
:10878000652A0010101000FEE52A0010101000FEEF
:10879000652B0010100F00FEDD2B0010100F00FEE7
:1087A000552C0010101000FED52C0010101000FEEB
:1087B000552D0010101000FED52D0010101000FDDA
:1087C000552E0010100F00FECD2E0010101000FED0
:1087D0004D2F0010101000FECD2F0010100F00FEC6
:1087E00045300010101000FEC5300010101000FEC3
:1087F00045310010101000FEC5310010101000FEB1
:1088000045320010101000FEC5320010101100FD9E
:108810004D330010101000FECD330010101000FE7C
:108820004D340010101000FECD340010101000FE6A
:108830004D350010101000FECD350010101000FE58
:108840004D360010101000FECD360010101000FE46
:108850004D370010101000FECD370010101000FE34
:108860004D380010101100FDD5380010101100FD1A
:108870005D390010101000FEDD390010100F00FEF1
:10888000553A0010101000FED53A0010100F00FEEF
:108890004D3B0010101000FECD3B0010101000FEEC
:1088A0004D3C0010101100FED53C0010101000FED1
:1088B000553D0010101000FED53D0010100F00FEB9
:1088C0004D3E0010100F00FEC53E0010101000FEBF
:1088D000453F0010101000FEC53F0010101000FEB4
:1088E00045400010101100FDCD400010101000FE9A
:1088F0004D410010101000FECD410010101000FE80
:108900004D420010101000FECD420010101000FE6D
:108910004D430010101100FDD5430010101100FD53
:108920005D440010101000FEDD440010101000FE29
:108930005D450010101000FEDD450010101100FD17
:1089400065460010101000FEE5460010101000FEF5
:1089500065470010101100FDED470010101100FDDB
:1089600075480010101100FDFD480010101100FDA9
:1089700085490010101100FD0D4A0010101100FD76
:10898000954A0010101100FD1D4B0010101100FD44
:10899000A54B0010101100FD2D4C0010101100FD12
:1089A000B54C0010101000FE354D0010101000FEE8
:1089B000B54D0010101000FE354E0010101000FED6
:1089C000B54E0010101000FE354F0010100F00FEC5
:1089D000AD4F0010101000FE2D500010100E00FFC3
:1089E0009D500010100F00FE15510010101100FDD9
:1089F0009D510010101100FD25520010101000FEB6
:108A0000A5520010101000FE25530010101100FD9B
:108A1000AD530010101000FE2D540010101000FE79
:108A2000AD540010101000FE2D550010100F00FE68
:108A3000A5550010101000FE25560010101000FE65
:108A4000A5560010101100FD2D570010101000FE4B
:108A5000AD570010101000FE2D580010101000FE31
:108A6000AD580010101000FE2D590010101000FE1F
:108A7000AD590010101000FE2D5A0010101000FE0D
:108A8000AD5A0010100F00FF255B0010100E00FF04
:108A9000955B0010101000FE155C0010101000FE19
:108AA000955C0010101000FE155D0010101100FD07
:108AB0009D5D0010101100FD255E0010101100FDDD
:108AC000AD5E0010101000FE2D5F0010101000FEB3
:108AD000AD5F0010101000FE2D600010101000FEA1
:108AE000AD600010101100FD35610010101000FE87
:108AF000B5610010100F00FE2D620010100F00FE77
:108B0000A5620010101000FE25630010101000FD7B
:108B1000A5630010101000FE25640010101000FE68
:108B2000A5640010101000FE25650010100F00FE57
:108B30009D650010101000FE1D660010101000FE54
:108B40009D660010101000FE1D670010101000FE42
:108B50009D670010101100FD25680010100F00FE29
:108B60009D680010101000FE1D690010101000FE1E
:108B70009D690010101000FE1D6A0010100F00FF0C
:108B8000956A0010101000FE156B0010101000FE0A
:108B9000956B0010101000FE156C0010100F00FEF9
:108BA0008D6C0010101000FE0D6D0010101000FEF6
:108BB0008D6D0010101000FE0D6E0010101000FEE4
:108BC0008D6E0010101000FE0D6F0010101000FED2
:108BD0008D6F0010100E00FFFD6F0010101000FED2
:108BE0007D700010101100FD05710010101100FDC6
:108BF0008D710010101100FD15720010101000FE94
:108C000095720010101000FE15730010101000FE79
:108C100095730010101100FD1D740010101000FE5F
:108C20009D740010101100FD25750010101000FE3D
:108C3000A5750010101100FD2D760010101100FD1B
:108C4000B5760010101000FE35770010101100FDF1
:108C5000BD770010101000FE3D780010101000FECF
:108C6000BD780010101000FE3D790010101000FEBD
:108C7000BD790010101000FE3D7A0010101000FEAB
:108C8000BD7A0010101100FD457B0010101000FE91
:108C9000C57B0010101100FD4D7C0010101000FE6F
:108CA000CD7C0010101000FE4D7D0010101000FE55
:108CB000CD7D0010101000FE4D7E0010101000FE43
:108CC000CD7E0010101000FE4D7F0010101000FE31
:108CD000CD7F0010101000FE4D800010101000FE1F
:108CE000CD800010101100FD55810010101000FE05
:108CF000D5810010101000FE55820010101000FEEB
:108D0000D5820010101000FE55830010101100FDD8
:108D1000DD830010101000FE5D840010101100FDB6
:108D2000E5840010101000FE65850010101100FD94
:108D3000ED850010101000FE6D860010101000FE72
:108D4000ED860010100F00FF65870010100E00FF69
:108D5000D5870010101000FE55880010101000FE7E
:108D6000D5880010101100FD5D890010101000FE64
:108D7000DD890010101100FD658A0010101000FE42
:108D8000E58A0010101000FE658B0010101000FE28
:108D9000E58B0010101000FE658C0010100F00FE17
:108DA000DD8C0010101000FE5D8D0010100F00FE15
:108DB000D58D0010101100FD5D8E0010101000FE0A
:108DC000DD8E0010101000FE000001000200030004
:108DD0000400050006000700080009000A000B0057
:108DE0000C000D000E000F00100011001200130007
:108DF0001400150016001700180019001A001B00B7
:108E00001C001D001E001F00200021002200230066
:108E10002400250026002700280029002A002B0016
:108E20002C002D002E002F003000310032003300C6
:108E30003400350036003700380039003A003B0076
:108E40003C003D003E003F00400041004200430026
:108E50004400450046004700480049004A004B00D6
:108E60004C004D004E004F00500051005200530086
:108E70005400550056005700580059005A005B0036
:108E80005C005D005E009000EA4DEB4DED4DF44D51
:108E9000024E0D4E1A4E6C4E844E874EAD4EC54E50
:108EA000D64EFA4E2D4F2F4F394F3C4F5F4F7D4FCF
:108EB000BD4FC14F1C503A503C5045502851455170
:108EC0006D51A651DA51E751F751FD5116522D520D
:108ED0007F528852F652355353536B537F53A253EC
:108EE000AD53B153B653B753B853CA53CF53D053FE
:108EF000D353EE534854BE56C056D456DA5608578C
:108F000010573757E657E458ED5807591159AB59E0
:108F1000305B375B385B6C5B7A5B7E5BD95BEF5BAE
:108F2000FA5B115C2F5CC65DD25D185E565E745EA6
:108F3000865E975EE05EE25EE35EEF5E335F655FF6
:108F4000B95FCB5FE15F1B604F60A560F061F661C8
:108F50002D6233624762B262BF62C962E162E96256
:108F600042634E63686385638763AD641E652565F0
:108F7000286550658D659065C065D6651E66E0669E
:108F8000E966FF660A670C671A6723673F675E67D3
:108F90007C679667C567E767E867016817681968BF
:108FA000A068016A016B426B436B956BAF6B226CDF
:108FB0002B6D686DE56D096E997006714771497288
:108FC00096729073E673FF74087513751575B17614
:108FD000CE76D876EB76C577C9774E781A79CF7981
:108FE000DB791F7AAB7ACF7A297BDB7C0F7DA87E79
:108FF000B37EBD7EBF7ECA7EF67E4E7FDB7FE37F83
:10900000F77FDD80CA81E38229839783BC832C8824
:1090100048886189A689A889B289818B848BA18BB4
:10902000AA8BC68BCF8BD78BDB8BE38B058D368DD5
:10903000658D4C8F4F8F548F718F738FA78FB08F2B
:10904000B18FB48FB88FBB8FBC8FBE8FE98FFF8F6E
:1090500045902D91AA91AD91AF91E194F9940E951F
:109060005F95D4951696309644967C96D696E09663
:109070005598649868996C9A200000006D9A0100D8
:10908000C88D03080000000058010300A0F3020887
:109090000083030878900308000000000000010826
:1090A000140201249DE40108A5E301081400040052
:1090B00000FE01008C90030800000000000000008A
:1090C00000000000890902086D0A02080000000083
:1090D000310D0208820082004A020000000001E017
:1090E00001E0000000FF0055AAFF001122334455A3
:1090F00066778899AABBCCDDEEFF00010203040568
:10910000060708090A0B0C0D0E0F10111213141587
:10911000161718191A1B1C1D1E1F20212223242577
:10912000262728292A2B2C2D2E2F30313233343567
:10913000363738393A3B3C3D3E3F40414243444557
:10914000464748494A4B4C4D4E4F50515253545547
:10915000565758595A5B5C5D5E5F60616263646537
:10916000666768696A6B6C6D6E6F70717273747527
:10917000767778797A7B7C7D7E7F80818283848517
:10918000868788898A8B8C8D8E8F90919293949507
:10919000969798999A9B9C9D9E9FA0A1A2A3A4A5F7
:1091A000A6A7A8A9AAABACADAEAFB0B1B2B3B4B5E7
:1091B000B6B7B8B9BABBBCBDBEBFC0C1C2C3C4C5D7
:1091C000C6C7C8C9CACBCCCDCECFD0D1D2D3D4D5C7
:1091D000D6D7D8D9DADBDCDDDEDFE0E1E2E3E4E5B7
:1091E000E6E7E8E9EAEBECEDEEEFF0F1F2F3F4F5A7
:1091F000F6F7F8F9FAFBFCFDFEFFBF0BF0AF0AE053
:109200009E08D08C07C0000010BF1AE0F51F3F5128
:10921000F3E40F3E40F27208100005C003E00000C6
:109220007A005C0000098007A001FFFFFFFFFD033B
:109230003E733C833000F200C500000F100E30007A
:1092400002F000F2009FFFFFFFFF4138C336E3301A
:109250000089005C00000A7007A00000007900008F
:109260000000790000005CFFE92006FCBC9E900E27
:10927000B07900100F807900000DF579000003EF40
:10928000FD50000006CFFE400000795EF10000793D
:1092900005F307007907F12FE9BCAFA003AEFFD7B4
:1092A000000000790000000079000003DE80000566
:1092B000D000E40C5001E3004C005A00A90006A0C5
:1092C00004C04E00004C005A0D500000E41C58A091
:1092D000000003CE73E13CE9000000D60E40A80078
:1092E000007C03C003D0002E203C003D000B70002A
:1092F000E2098006D00004DDA00009EFB1000009FA
:10930000E43CA00000D9007D00000CC01CA00000BF
:109310003FAEC1000001DFC0000003EB8F701800FA
:10932000DB007F65F03F40008FEA03F70000CF705D
:109330000BF966CFBF4008DFEA30A500000000004F
:1093400000F5F5E4E47200DA05F20BC00F703F405F
:109350005F206F107F006F105F203F400F700BC0C9
:1093600005F200DA3F300CB006F101F600E900BC6E
:1093700000AD00AE00AD00BC00E901F606F10CB096
:109380003F30004A000674A4A02BFFE5007FFB20BD
:109390007B6B8D0004A0000013000000051000008E
:1093A0000F5000000F5000011F5110EFFFFFF3346A
:1093B0004F7440000F5000000F50000952FD0BA0E9
:1093C000C50F000111101FFFF30444400312FC1EDF
:1093D00090000005F100000AB000000F6000005F7F
:1093E000100000AB000000F6000005F100000AB01C
:1093F00000000F6000004F100000AC000000F600FD
:109400000004F100000AC000000E6000004F1000D0
:10941000000008EFC50000CFA8CF7007F5000AF2E2
:109420000DC00001F81F800000DC3F600000BD3F60
:10943000600000BD1F800000DC0DC00001F807F5D2
:10944000000AF200CFA8CF700008EFC500EFFF368A
:109450007AF3005F3005F3005F3005F3005F3005FD
:10946000F3005F3005F3005F3005F304BEFD7007C5
:10947000FD98CF90280000BF00000007F200000018
:10948000AF0000004F8000003FC000003EC1000060
:109490002EC100002ED100002EF8777746FFFFFF87
:1094A000FA6FFFFFFF0277779FB000000CE100002A
:1094B00009F3000005F6000000DFE910000459FD83
:1094C00000000006F40000003F64400008F3BFC93C
:1094D0008CFB007CFFD700000001EB00000000BE09
:1094E000100000006F500000002F900000000CD012
:1094F00000000008F301D50003F8002F6000ED2202
:1095000023F7216FFFFFFFFF81555556F9520000E9
:10951000002F6000000002F60005FFFFFF007F77CC
:10952000777008E0000000AD0000000BC2100000E2
:10953000DFFFFB30045568FF20000004F800000046
:109540000F92500005F68FD98AFD105BEFE91000ED
:1095500005CEFC60009FC88B7005F80000000CD0A1
:109560000000001F800000002F68EFFA103FEE643B
:109570008FD02FF10006F40EC00002F609F10006AC
:10958000F301DE869FB00019EFD8008FFFFFFFE8E0
:10959000F77777FC8F00004F5590000BE00000023A
:1095A000F80000009F1000000FB0000006F400005B
:1095B00000DD0000003F7000000AF1000001F9002A
:1095C00000005CFFD70006FC76AFA00CD00009F1CC
:1095D0000DC00007F207F7115EC000BFFFFE1009C3
:1095E000F9547ED02F800004F64F500000F81FA0E1
:1095F0000005F609FB76AFD0006CFFD810008EFD99
:1096000080000CF868FC005F50003F708F00000E77
:10961000C07F30001FF01FD413CFF104EFFFA9F07B
:109620000002310AF00000000EA00000009F300987
:10963000A78DF70007DFEB40001E92FC031000002F
:1096400000000312FC1E901E92FC0310000000009C
:109650000001E91FD0A80E30A00000004200017DEB
:10966000F3039FE810BFB50000EE81000017DFB4E0
:10967000000004AFD200000182EFFFFFF345555513
:10968000510000000001111110EFFFFFF3344444BA
:109690004050000000EF92000006CFB50000039F8D
:1096A000E200006CF3029EE920BFC60000930000B8
:1096B0000004BEFD7007FC77BFA0270000CF0000AC
:1096C0000009F0000001EA000001DD100000CE10EA
:1096D00000003F60000001300000000100000006B3
:1096E000F50000005F4000000017CEFDB50000004F
:1096F00005FB53237DC200006E400000008E100267
:10970000F401AEFA3F49B00A901EE65BEF40E30F6A
:10971000308F1000AF40981F00D900003F406A3FD3
:1097200000E800001F405C1F00D900003F406A0FA6
:10973000308F1000AF40980A901ED65ADEA6F20372
:10974000F301AFFA16EE50006E400000000000007A
:1097500006FB5323750000000017CEFDA300000098
:109760000002FD00000000009FF4000000000F9EBA
:10977000B000000006F27F20000000DC01F80000CD
:10978000004F600BE000000BF0004F600001FA1189
:1097900011ED00008FFFFFFFF3000EC444444FA003
:1097A00006F4000000AF10CD00000002F85FFFFFDC
:1097B000EB4005F85557DF405F400001FA05F40023
:1097C000000FA05F51113AF405FFFFFFFA005F742C
:1097D0004459FA05F4000008F25F4000005F45F4C8
:1097E000000009F25F85556AFB05FFFFFFD7000007
:1097F000028DFEB40004FFB89DF902FD2000085060
:10980000BF200000000FA000000002F600000000D2
:109810002F6000000000FA000000000BF2000000C2
:10982000002FD2000085005FFB89DF800029DFEB7D
:10983000405FFFFFEA30005F97779EF8005F4000CF
:1098400000AF605F4000000DE05F40000006F45F85
:1098500040000003F65F40000003F65F4000000692
:10986000F45F4000000DE05F400000AF605F97775D
:109870009EF8005FFFFFEA30005FFFFFFF95F9777A
:1098800077745F40000005F40000005F511111057E
:10989000FFFFFFE05F74444405F40000005F4000F8
:1098A0000005F40000005F97777765FFFFFFFD5F1D
:1098B000FFFFFF95F97777745F40000005F4000023
:1098C000005F40000005F52222105FFFFFFE05F853
:1098D0005555405F40000005F40000005F40000067
:1098E00005F400000000018DFEB500004FFB89DF8C
:1098F000B002FD200006600BF2000000000FA00087
:109900000000002F60000000002F60000009F00F31
:10991000A0000009F00BF2000009F002FD20000A8F
:10992000F0004FFB89DFC000028DFEC6005F4000E3
:10993000004F55F4000004F55F4000004F55F4005F
:109940000004F55F5222225F55FFFFFFFFF55F85A0
:1099500055558F55F4000004F55F4000004F55F455
:10996000000004F55F4000004F55F4000004F55F6F
:1099700045F45F45F45F45F45F45F45F45F45F45AA
:10998000F400FFFFFA007777FA000000FA00000009
:10999000FA000000FA000000FA000000FA000000DF
:1099A000FA000000F9072003F60DE98EF101AEFB85
:1099B000305F400002EB05F40001EC005F4001DE87
:1099C0001005F400CE20005F40BF300005F49F90EA
:1099D00000005FCFEF400005FF91EE10005FA00395
:1099E000FC0005F40006F8005F400009F505F400EE
:1099F000000CF25F40000005F40000005F40000032
:109A000005F40000005F40000005F40000005F4026
:109A1000000005F40000005F40000005F4000000B5
:109A20005F97777725FFFFFFF55F400000001E95E9
:109A3000FC00000008F95FF5000002FF95FDE00062
:109A400000AEF95F5F70003F5F95F38F100BC0F9B8
:109A50005F31E904F30F95F307F2DB00F95F300D96
:109A6000EF200F95F3005F9000F95F300071000F59
:109A700095F300000000F95F5000004F55FF2000F3
:109A800004F55FFD00004F55FAF90004F55F4AF553
:109A9000004F55F40DF204F55F402FD04F55F40000
:109AA0006F94F55F4000AFAF55F40000DFF55F4005
:109AB0000002FF55F4000006F500018DFEB5000020
:109AC00004FFB89EFA0002FD200008F900BF200044
:109AD000000AF20FA00000003F72F600000000F93B
:109AE0002F600000000F90FA00000003F70BF20057
:109AF0000000AF202FD200008F90004FFB89EFA015
:109B0000000028DFEB50005FFFFFD7005F9778BFB2
:109B1000C05F400007F65F400000FA5F400000FAB7
:109B20005F400003F85F62236EF15FFFFFFD305F6F
:109B3000855420005F400000005F400000005F404F
:109B400000000000018DFEB50000004EFB89EFA073
:109B50000002FD200008F9000AF2000000AF200F0B
:109B6000A00000003F702F600000000F902F6000E9
:109B700000000F901F900000002F700BF1000000FC
:109B8000AF2003FC100007F900006FFA78DFB00087
:109B90000003AEFFC500000000003ED415B0000079
:109BA0000002BFFF80000000000131005FFFFFD70F
:109BB000005F9778BFC05F400007F65F400000FA83
:109BC0005F400000FA5F400003F85F52236EE15FE0
:109BD000FFFFFC305F8555F9005F40007F405F402C
:109BE000000CE05F400002F9005CEFD92007FC8721
:109BF000AF900EC00001100F800000000DF50000B6
:109C00000003EFEA50000005AEFE400000004EF1F8
:109C100000000005F308000008F22FFA77BFA00249
:109C20009DFFC700FFFFFFFFF56778FB777200011C
:109C3000F700000001F700000001F700000001F745
:109C400000000001F700000001F700000001F7002C
:109C5000000001F700000001F700000001F700001C
:109C60006F3000008F16F3000008F16F3000008F96
:109C700016F3000008F16F3000008F16F3000008A3
:109C8000F16F3000008F05F4000009F03F70000014
:109C9000CD00DE20005F8004FFA8BFD00003BEFD22
:109CA00081000CE00000006F306F5000000CC0001D
:109CB000FB000003F60009F20000AE00002F800058
:109CC0001F900000CE0007F2000005F600DB000048
:109CD000000EC04F500000008F3BE000000002FB70
:109CE000F8000000000BFF10000000004FB0000063
:109CF0005F400000DF000002F50F900002FF40000F
:109D000007F00BE00007FE90000CB006F3000CAA71
:109D1000E0001F6001F8001F54F3006F1000CD0039
:109D20007F10F800CC00007F20CB00AD01F70000D1
:109D30002F71F6005F26F200000DC6F1000F7BD0F8
:109D4000000008FDC0000BDF80000003FF7000066C
:109D5000FF30000000EF200001FE00003F900000F7
:109D6000CD008F40007F3000DE102F800003FA0C02
:109D7000D0000007FBF30000000CF800000001EF2A
:109D8000C0000000BF7F7000006F60AF20002FB0E8
:109D900001ED000CF10004F807F6000009F30CE0F7
:109DA000000007F203F700001F9000AF10009E10A4
:109DB000001FA002F6000008F30BD0000000EC4FDB
:109DC000400000005FFB000000000CF200000000FB
:109DD00009F00000000009F00000000009F0000098
:109DE000000009F000003FFFFFFFFD01777777BF1C
:109DF000900000001EC00000000CF200000008F5FA
:109E000000000004F900000001EC00000000CF2079
:109E10000000008F500000004F900000001EF877F7
:109E2000777705FFFFFFFFF05FFF05F7505F300515
:109E3000F3005F3005F3005F3005F3005F3005F39A
:109E4000005F3005F3005F3005F7505FFF007E00D4
:109E500000001F4000000C90000007E0000002F42A
:109E6000000000C90000007E0000002F4000000C30
:109E700090000007E0000002F3000000D90000009D
:109E80007E0000002F3000000D90000007E0BFFAB8
:109E900035EA00EA00EA00EA00EA00EA00EA00EA3D
:109EA00000EA00EA00EA00EA35EABFFA002F800083
:109EB000009DE00000F3D50006D07B000C601F2061
:109EC0003F100B809A0004E0FFFFFFFF11111111FA
:109ED00007F60003E7019EFD8000CE87AF900200E9
:109EE00000AF00000006F202BEFFFF20EC4227F2A6
:109EF0002F50007F20EC427FF202BFFB6F208F00CB
:109F00000000008F000000008F000000008F2BFE7B
:109F1000B3008FEC78EF308FA0001EC08F200007B9
:109F2000F18F000005F38F200007F18FA0001ED0F5
:109F30008FEC78EF308E2BFEB300003AEFC4004F69
:109F4000D87CF40DD0000713F60000004F3000005D
:109F500003F60000000DD00006104FD77CF4003A45
:109F6000EFC40000000001F700000001F70000004E
:109F700001F7003BFFA3F704FD87CEF70ED0000BDF
:109F8000F73F600003F74F300001F73F500003F741
:109F90000EC0000AF704FC65BEF7003BFFB2F700F5
:109FA0003BFEA20004FC67EE200EC0001EA03F5046
:109FB0000007F04FFFFFFFF13F722222200EC0008A
:109FC000020004FD87AF50003AEFD600005DFC00B0
:109FD0002FB57004F3000CFFFFA048F753005F306B
:109FE0000005F300005F300005F300005F3000055E
:109FF000F300005F3000003BFFB2E904FE87CFF9B9
:10A000000ED1000AF93F600001F94F400000F93F0E
:10A01000600001F90ED00009F904FD87CFF8003B7C
:10A02000FFB3F700000005F409E977AFB0017CFF4A
:10A03000D8008F00000008F00000008F000000082A
:10A04000F2BFEA108FFB89FD08F80006F48F1000BC
:10A050001F78F00000F88F00000F88F00000F88FE4
:10A0600000000F88F00000F89E1AF20008F08F0838
:10A07000F08F08F08F08F08F08F00007E20009F376
:10A080000000000007F10007F10007F10007F100F0
:10A0900007F10007F10007F10007F10007F10008E0
:10A0A000F0186EC03EFC208F00000008F000000099
:10A0B0008F00000008F0001DD18F001DE208F01D88
:10A0C000E2008F2DF30008FEFF70008FE2BF300822
:10A0D000F201EE108F0003FB08F00007F78F8F8F5F
:10A0E0008F8F8F8F8F8F8F8F8F8E3CFE913BFEA235
:10A0F00008FF969FCFC68FD08F70009FC0005F581B
:10A10000F10005F60001F78F00004F40000F88F0C6
:10A110000004F40000F88F00004F40000F88F000AA
:10A1200004F40000F88F00004F40000F808E3BFECB
:10A13000A108FFA68FD08F80006F48F10001F78F34
:10A1400000000F88F00000F88F00000F88F000007A
:10A15000F88F00000F80003BEFC40004FD87CF6044
:10A160000ED0000BF13F600003F54F300001F73FC8
:10A17000600003F50ED0000BF104FD77CF60003BCB
:10A18000EFC4008E3BFEB3008FFB57DF308F900093
:10A190000DC08F100007F18F000005F38F2000071E
:10A1A000F18FA0001ED08FEC78EF308F2BFEB30024
:10A1B0008F000000008F000000008F0000000000F2
:10A1C0003BFFA2F704FD87DEF70ED0000BF73F60E0
:10A1D0000003F74F300001F73F600003F70ED00097
:10A1E0000BF704FD77CEF7003BFFA3F7000000015B
:10A1F000F700000001F700000001F78E2BF08FED53
:10A20000908FA0008F20008F00008F00008F000033
:10A210008F00008F000002AEFD911ED769D04F3035
:10A2200000002FB4100006EFFD6000015BF5010097
:10A2300000F75FA76BF319DFEC4005F300005F3018
:10A2400000CFFFFA048F753005F300005F30000582
:10A25000F300005F300004F400001FC680005DFCC6
:10A2600010AE00002F5AE00002F5AE00002F5AE0B9
:10A270000002F5AE00002F59F00004F56F3000AF7A
:10A2800051EE76BFF502BEFB3F500DC00000CB067D
:10A29000F20002F500F90009E0009E000F80002F97
:10A2A000606F10000CC0CB000005F6F4000000EF5A
:10A2B000D00000008F7000BB00009F10004F16F10F
:10A2C000000EF60009C00F6005FCB000F600AC00FF
:10A2D000AB5F105F1005F10F50F70AB0000F76F07A
:10A2E00009C0F50000ACBA004F8F000004FF400029
:10A2F000EFA000000EE00008F400004F70009F2067
:10A300008F305F5000CD2E900002FFD000000AF683
:10A31000000004FDE10001EB0DC000BE103F806FA6
:10A3200040007F400DC00000CB06F30002F400EABD
:10A330000009D0008F101F70001F707F10000AE00E
:10A34000D9000003F9F2000000CFB00000006F4018
:10A35000000000AD00001C79F500001AEE7000004E
:10A360004FFFFFF915555BF400004F800001EC0032
:10A37000000BE100008F400004F700001EE555537C
:10A380005FFFFFFC002CF500AF6100CC0000DB009C
:10A3900000DB0000DB0002EA001FF40005FA000009
:10A3A000DB0000DB0000DB0000CC0000AF61002C14
:10A3B000F55F15F15F15F15F15F15F15F15F15F1AF
:10A3C0005F15F15F15F15F10BE8003AF4001F6002D
:10A3D0001F7001F7001F7000F9000AFB00FB201F2F
:10A3E0007001F7001F7001F603AF40BE900000003F
:10A3F0000000003DE400B50C86F51E20F003EF9050
:10A40000020000100002CE900D40893B000E3B0080
:10A410000E0D408902CE900008F8EFE7F70000002B
:10A42000000000000000000000000049DC00000007
:10A430000016BFFFFF0000038DFFFFFFFF0000CFEE
:10A44000FFFFFFFFFF0000FFFFFFFFC7FF0000FF50
:10A45000FFEA5100FF0000FF83000000FF0000FF43
:10A4600000000000FF0000FF00000000FF0000FFF0
:10A4700000000000FF0000FF00002BFFFF0000FFB6
:10A480000000DFFFFF2BFFFF0000DFFFFDDFFFFF0E
:10A4900000002BFFB2DFFFFD00000000002BFFB229
:10A4A0000000000000D00FFFFFFFFFF00DFFFFC80E
:10A4B00088888CFFFFF00F80000008F00FF00F80FD
:10A4C000000008F00FFFFF80000008FFFFF00FEC16
:10A4D000CCCCCEF00FF00FECCCCCCEF00FFFFF8049
:10A4E000000008FFFFF00F80000008F00FF00F8061
:10A4F000000008F00FFFFFC888888CFFFFD00FFF17
:10A50000FFFFFFF00DDFFF73FFFFFFFFFDFFFFA564
:10A51000FFFFFFFFFFFFFFA5FFFFFFFFFFDFFF7351
:10A52000FFFFFFFFFD0000000000000000DFFF73E1
:10A53000FFFFFFFFFDFFFFA5FFFFFFFFFFFFFFA5E1
:10A54000FFFFFFFFFFDFFF73FFFFFFFFFD000000C6
:10A550000000000000DFFF73FFFFFFFFFDFFFFA50E
:10A56000FFFFFFFFFFFFFFA5FFFFFFFFFFDFFF7301
:10A57000FFFFFFFFFD0000000000000AB100000027
:10A58000000000BFFC00000000000BFFFB0000000B
:10A590000000BFFFC01BA000000BFFFC00CFFB00B2
:10A5A00000BFFFC000BFFFB00BFFFC00000CFFFBB3
:10A5B000BFFFC0000000CFFFFFFB000000000CFF4A
:10A5C000FFB00000000000BFFB0000000000000B17
:10A5D000B000000000030000000308FC10001CF89D
:10A5E000FFFC101CFFF5FFFC2CFFF505FFFFFFF53E
:10A5F0000005FFFFF500001DFFFD10001CFFFFFC24
:10A60000101CFFF9FFFC1CFFF505FFFCDFF5000542
:10A61000FFD1A4000004A10000004FE000000000F2
:10A6200002106FF1031000005FD06FF13FD1000303
:10A63000FFF16FF15FFD000DFF406FF109FF704FFB
:10A64000F7006FF100CFE09FF0006FF1005FF3BF04
:10A65000C0006FF1002FF5BFC0004FE0001FF6AF44
:10A66000E0000000004FF46FF400000000AFF00FB6
:10A67000FE10000005FFA006FFD300007FFF2000B2
:10A680009FFFDABEFFF4000006FFFFFFFD30000071
:10A690000017BDCA5000000000008BB80000000089
:10A6A0000000FFFF000000003006FFFF6003000411
:10A6B000FDDFFFFFFDEF400DFFFFFFFFFFFFD04F6E
:10A6C000FFFFF99FFFFFF408FFFF2002FFFF80005C
:10A6D000FFF900009FFF0000FFF900009FFF000846
:10A6E000FFFF2002FFFF804FFFFFF99FFFFFF40DE8
:10A6F000FFFFFFFFFFFFD004FEDFFFFFFDDF400095
:10A700003006FFFF600300000000FFFF00000000B4
:10A7100000008BB800000000000003DD303FF300B4
:10A720000000006FFFF54FF400000009FF99FFBF24
:10A73000F4000001BFF6226FFFF400002DFE35FF8C
:10A7400053EFF40004FFC18FFFF82DFE407FFA1A8B
:10A75000FFFFFFA1AFF7CF82DFFFFFFFFD28FC1453
:10A760000EFFFFFFFFFFE041000FFFFFFFFFFFF0C5
:10A7700000000FFFF9008FFFF000000FFFF8008FBF
:10A78000FFF000000FFFF8008FFFF000000EFFF653
:10A79000006FFFE000000000DFFD0000000000008F
:10A7A000FFFF000000000000FFFF000000000000AD
:10A7B000FFFF000000000000FFFF0000000000009D
:10A7C000FFFF000000004FFFFFFFFFF400000BFF42
:10A7D000FFFFFFB0000000BFFFFFFB000000000B09
:10A7E000FFFFB00000000000BFFB000000DFFFFC27
:10A7F0001BB1CFFFFDFFFFFFC22CFFFFFFFFFFFFDD
:10A80000FFFFFFFFFFFFFFFFFFFFF0E0FFDFFFFFA6
:10A81000FFFFFFFFFD0004EFFFFFFFFE4000001EF3
:10A82000FFFFFFFFFFE10000AFB00000000BFA00E8
:10A8300005FF1000000001FF501EF60000000000A0
:10A840006FE1AFB000000000000BFAFFFFFF8000D7
:10A8500008FFFFFFFFFFFFF1001FFFFFFFFFFFFFEC
:10A86000FFFFFFFFFFFFFFFFFFFFFFFFFFFFFFFFF8
:10A87000FFFFFFFFFFFFFFFF8FFFFFFFFFFFFFFF58
:10A88000F8000006BDDA5002FF0005EFFFFFFE42B0
:10A89000FF007FFFA77BFFF9FF05FFC100002CFF32
:10A8A000FF0EFC00000222DFFF5FF200000FFFFF3F
:10A8B000FF8FB000000FFFFFFF000000000000004E
:10A8C000000000000000000000FFFFFFF000000B90
:10A8D000F8FFFFFFF000002FF4FFFD22200000CF63
:10A8E000E0FFFFC200002CFF40FF9FFFB76AFFF7A9
:10A8F00000FF24DFFFFFFE5000FF2005ACDB6000FF
:10A9000000000000000000008D000008FF00008F24
:10A91000FFDFFFFFFFFFFFFFFFFFFFFFFFFFFFFF67
:10A92000FFFFFFFFFFDFFFFFFF00008FFF000008BA
:10A93000FF0000008D00000000000000000000008B
:10A9400000008D0000000008FF000000008FFF00E5
:10A9500000CFFFFFFF0150FFFFFFFF06F7FFFFFFE4
:10A96000FF00BEFFFFFFFF00AEFFFFFFFF05F8DFA8
:10A97000FFFFFF026000009FFF0000000009FF00D2
:10A98000000000009E000000000000000000000029
:10A990000000000610000000000000001FD20000B0
:10A9A00000008D000003EE10000008FF000AB12F28
:10A9B000B000008FFF0005FC07F4DFFFFFFF02502F
:10A9C0005F60F9FFFFFFFF06F70DC0BDFFFFFFFF50
:10A9D00000AE09F09FFFFFFFFF00AE09F08FFFFF01
:10A9E000FFFF06F70DC0ADDFFFFFFF02505F60E91C
:10A9F00000008FFF0005FC06F4000008FF000AB10C
:10AA00002FB00000008D000002EE100000000000DA
:10AA1000001FD2000000000000000610008FFFFFA2
:10AA2000FFFFFFFFF8FFFCFFFFFFFFFFFFFF202FEF
:10AA3000FFFFFFFFFFFC000CFFFFEEFFFFFF202FDB
:10AA4000FFFE22EFFFFFFCFFFFE2002EFFFFFE4EA6
:10AA5000FE200002FFFFE202C2000000FFFF200014
:10AA600000000000FFFF000000000000FFFFFFFFEC
:10AA7000FFFFFFFFFF8FFFFFFFFFFFFFF800004E0C
:10AA8000400000000BFB00000001FFF10000009FF0
:10AA9000FF9000002FFFFF30000CFFFFFC0007FFBE
:10AAA000FFFFF802FFFFFFFFF29FFFFFFFFF9EFF88
:10AAB000FFFFFFFEFF2FFFFFFFFEF2BFFFFFFE9F26
:10AAC000A1BFFFFF92FFA22FFFF204FFFFFFF400E0
:10AAD000029EFE92000000000000FF300001CCFF4B
:10AAE00040002DFFFF4003EFFFFF403FFFFFFF440B
:10AAF000FFFFFFFF9FFFFFFFFFFFFFFFFFFFFFFFC6
:10AB0000FFFFFFAFFFFFFFFF45FFFFFFFF404FFFCE
:10AB1000FFFF4003EFFFFF40002EFFFF300001CC9E
:10AB20000000000000000000000000008F91000005
:10AB3000000000FFFF7000000000FFFFFD4000006C
:10AB400000FFFFFFFA100000FFFFFFFFF70000FF0C
:10AB5000FFFFFFFFD500FFFFFFFFFFFFB2FFFFFF7B
:10AB6000FFFFFFFDFFFFFFFFFFFFFDFFFFFFFFFFF9
:10AB7000FFB2FFFFFFFFFFD500FFFFFFFFF7000061
:10AB8000FFFFFFFA100000FFFFFD40000000FFFF85
:10AB900070000000008EA100000000000000000016
:10ABA000000000000000000000008FFFF8008FFF91
:10ABB000F8FFFFFF00FFFFFFFFFFFF00FFFFFFFFAA
:10ABC000FFFF00FFFFFFFFFFFF00FFFFFFFFFFFF93
:10ABD00000FFFFFFFFFFFF00FFFFFFFFFFFF00FF82
:10ABE000FFFFFFFFFF00FFFFFFFFFFFF00FFFFFF73
:10ABF000FFFFFF00FFFFFFFFFFFF00FFFFFFFFFF63
:10AC0000FF00FFFFFF7FFFF7007FFFF78FFFFFFFD2
:10AC1000FFFFF8FFFFFFFFFFFFFFFFFFFFFFFFFF4B
:10AC2000FFFFFFFFFFFFFFFFFFFFFFFFFFFFFFFF34
:10AC3000FFFFFFFFFFFFFFFFFFFFFFFFFFFFFFFF24
:10AC4000FFFFFFFFFFFFFFFFFFFFFFFFFFFFFFFF14
:10AC5000FFFFFFFFFFFFFFFFFFFFFFFFFFFFFFFF04
:10AC6000FFFFFFFFFFFFFF8FFFFFFFFFFFF8000069
:10AC7000000000CC100003FFFFD20004FFFFFE30F5
:10AC800004FFFFFFF404FFFFFFFF54FFFFFFFFF986
:10AC9000FFFFFFFFFFFFFFFFFFFFFFFFFFFFF9FFCA
:10ACA000FFFFFF44FFFFFFF304FFFFFE3004FFFF41
:10ACB000D20004FFCC100003FF00000000000000E1
:10ACC000002DD2000000000001EFFE100000000087
:10ACD0001DFFFFD100000000CFFFFFFC0000000BB4
:10ACE000FFFFFFFFB00000AFFFFFFFFFFA0009FF0B
:10ACF000FFFFFFFFFF900FFFFFFFFFFFFFF008FFC9
:10AD0000FFFFFFFFFF8000000000000000000CFFBD
:10AD1000FFFFFFFFFFC00FFFFFFFFFFFFFF00FFF71
:10AD2000FFFFFFFFFFF00CFFFFFFFFFFFFC0000072
:10AD3000001A40000001DFF000001DFFA00001DF4D
:10AD4000FA00001DFFA00001DFFA00000CFFA000C8
:10AD5000000DFF80000001DFF80000001DFF8000F3
:10AD60000001DFF80000001DFF80000001DFF0009F
:10AD700000001B5004A10000000FFD1000000AFF9E
:10AD8000D1000000AFFD1000000AFFD1000000AFAD
:10AD9000FD1000000AFFC0000008FFD000008FFD7A
:10ADA000100008FFD100008FFD100008FFD1000047
:10ADB0000FFD10000005B1000000000004FF40007E
:10ADC00000000008FF800000000008FF8000000075
:10ADD0000008FF800000000008FF80000048888C09
:10ADE000FFC88884FFFFFFFFFFFFFFFFFFFFFFFF9C
:10ADF000FFFF48888CFFC88884000008FF8000009F
:10AE0000000008FF800000000008FF800000000034
:10AE100008FF800000000004FF4000001444444488
:10AE2000444441EFFFFFFFFFFFFEFFFFFFFFFFFF77
:10AE3000FF7BBBBBBBBBBBB7000005ADFFDA50005F
:10AE4000000004DFFC88CFFD4000007FFE400004CE
:10AE5000EFF70007FFF4009E804FFF704FFFC00028
:10AE6000AFF80CFFF4DFFF809AFFFE08FFFDDFFF65
:10AE700080EFFFFE08FFFD4FFFC08FFFF80CFFF4CF
:10AE800007FFF408EE804FFF70007FFE400004EFE4
:10AE9000F8000004DFFC88CFFD4000000005ADFF96
:10AEA000DA5000008C200000000000000000DFE409
:10AEB00000000000000000001BFF8049DFFDA5002E
:10AEC0000000007FFFFFD88CFFD400000004EFF8E3
:10AED00000004EFF700000001CFF69E804FFF7004F
:10AEE00004E3009FFEFF80CFFF400DFF7005FFFFD2
:10AEF000E08FFFD00DFFF7002DFFE08FFFD004FFA4
:10AF0000FC0000AFF8CFFF30007FFF400006FFFFDE
:10AF1000F7000008FFF400003EFFA00000004DFF16
:10AF2000C88201BFF7000000005ADFFC1008FFA034
:10AF300000000000000000004EFD000000000000C6
:10AF4000000002C8000000002DD200000000000038
:10AF50000000BFFB0000000000000005FFFF5000E4
:10AF600000000000000DFFFFD00000000000007F87
:10AF7000FFFFF7000000000001FFD88DFF10000068
:10AF800000000AFFA00AFFA0000000003FFFB00B76
:10AF9000FFF300000000CFFFC00CFFFC0000000525
:10AFA000FFFFD00DFFFF5000000EFFFFF99FFFFFD6
:10AFB000E000008FFFFFE22EFFFFF80002FFFFFF1F
:10AFC0009009FFFFFF100AFFFFFFE33EFFFFFFA016
:10AFD0000FFFFFFFFFFFFFFFFFF008FFFFFFFFFF77
:10AFE000FFFFFF80000000000000000000000000E4
:10AFF0000000D800000000000000FF80FFFF70008C
:10B0000007FFFFF8FFFFF6006FFFFFFD788EFF15CB
:10B01000FFE8FFE20002E54FFE20FE20000013FFE4
:10B02000F300520000003FFF310052000002EFF435
:10B030005E20FE20788EFF51FFE8FFE2FFFFF60062
:10B040006FFFFFFDFFFF700007FFFFF8000000002B
:10B050000000FF80000000000000D8000000000099
:10B060000000000000000000000000000001DD10F2
:10B07000000000001DFFD100000001DFFFFD1000F7
:10B08000001DFF99FFD10001DFF9009FFD101DFF9A
:10B09000900009FFD1BFF90000009FFB5F90000006
:10B0A0000009F500000000000000000000000000A2
:10B0B000005F9000000009F5BFF90000009FFB1D34
:10B0C000FF900009FFD101DFF9009FFD10001DFF77
:10B0D00099FFD1000001DFFFFD100000001DFFD12E
:10B0E0000000000001DD1000000000000000000072
:10B0F00000000000000000000000001DD100000062
:10B100000000000001DFFD10EFFFFFFFD0001DFF7A
:10B11000FFD1AFFFFFFFF000CFCFFCFC0000000F1E
:10B12000F0006B1FF1B60000000FF000000FF00000
:10B130000000000FF000000FF0000000000FF00012
:10B14000000FF00000006B1FF1B6000FF0000000D0
:10B15000CFCFFCFC000FFFFFFFFA1DFFFFD1000D5A
:10B16000FFFFFFFE01DFFD10000000000000001DDA
:10B17000D100000000000000000000008FFFFFE28F
:10B1800000000000FFFFFFFE20000000FFFFFFFFA8
:10B19000FFFFFFF8FFFFFFFFFFFFFFFFFFFFFFFFC6
:10B1A000FFFFFFFFFFFFFFFFFFFFFFFFFFFFFFFFAF
:10B1B000FFFFFFFFFFFFFFFFFFFFFFFFFFFFFFFF9F
:10B1C000FFFFFFFFFFFFFFFFFFFFFFFFFFFFFFFF8F
:10B1D000FFFFFFFF8FFFFFFFFFFFFFF80000000BE7
:10B1E000B0000000000000BFFB00000000000BFFEB
:10B1F000FFB000000000BFFFFFFB0000000BFFFFDF
:10B20000FFFFB000004FFFFFFFFFF400000000FF52
:10B21000FF000000000000FFFF000000000000FF32
:10B22000FF000000000000FFFF000000000000FF22
:10B23000FF000000DFFFF0DFFD0FFFFDFFFFF90063
:10B24000009FFFFFFFFFFFFFFFFFFFFFFFFFFFFF6D
:10B25000FFF0E0FFDFFFFFFFFFFFFFFD000000004A
:10B26000000000000000000000000AEA6200000088
:10B27000000002FFFFF000000000009FFFFF000041
:10B280000000000FFFFFD00000000002FFFFFB00E6
:10B290000000000003EFFF70000000000004FFF258
:10B2A000000000000000BFFB0000000000006FFF76
:10B2B0003000000200004FFF9000028FF3006FFF8C
:10B2C000D0000AFFFFE4BFFFD10000EFFFFFFFFF48
:10B2D000D100000AFFFFFFFF900000006FFFFFFB9F
:10B2E0003000000002FFDB72000000000008EE806A
:10B2F0000000066108FFFF80002DFFD0EF33FE0045
:10B300002EFFF30EF33FE02EFFF3008FFFFF6EFFE3
:10B31000F300008EFFFFFFF300000002EFFFF300D9
:10B320000000002EFFFF30000008EFFFFFFF30009D
:10B3300008FFFFF6EFFF3000EF33FE02EFFF300EA5
:10B34000F33FE002EFFF308FFFF80002DFFD008ED9
:10B35000E800000066100000DFFFFF0D200000FF86
:10B36000FFFF0FE20000FFFFFF0FFDDFF0FFFFFF19
:10B370002000FFF0FFFFFFFFFFFFF0FFFFFFFFFFD9
:10B38000FFF0FFFFFFFFFFFFF0FFFFFFFFFFFFF0FA
:10B39000FFFFFFFFFFFFF0FFFFFFFFFFFFF0FFFFDB
:10B3A000FFFFFFFFF0FFFFFFFFFFFFF0DFFFFFFFEB
:10B3B000FDFFF90000000000FFFFFFFFFF0000DFBE
:10B3C000FFFFFFFD00008FFFFFFFFFC200FFFFFF39
:10B3D000FFFFFE20FF00000001FFE2FF0000000071
:10B3E000FFFCFF00000000FFFFFF00000000FFFF68
:10B3F000FFFFFFFFFFFFFFFFFFFFFFFFFFFFFFFF5D
:10B40000FB11BFFFFFFFFFF1001FFFFFFFFFF10078
:10B410001FFFFFFFFFFB11BFFFFFFFFFFFFFFFFF4E
:10B42000FF8FFFFFFFFFFFF812222222222221FFBF
:10B43000FFFFFFFFFFFFFFFFFFFFFFFFFF122222C3
:10B4400022222221000000000000001222222222DB
:10B450002221FFFFFFFFFFFFFFFFFFFFFFFFFFFFB7
:10B4600012222222222221000000000000001222CB
:10B470002222222221FFFFFFFFFFFFFFFFFFFFFF2E
:10B48000FFFFFF122222222222218FFFFFFFFFFF58
:10B49000FFF8FFFFFFFFFFFFFFFFCFFFFFFFFFFFF3
:10B4A000FFFC09FFFFFFFFFFFF90D25FFFFFFFFFE1
:10B4B000F52DFF62CFFFFFFC26FFFFFA18FFFF818B
:10B4C000AFFFFFFFE34DD43EFFFFFFFFFF8118FFFB
:10B4D000FFFFFFFFFFFFFFFFFFFFFFFFFFFFFFFF7C
:10B4E000FFFF8FFFFFFFFFFFFFF800DFFFFD000002
:10B4F00001FFFFFC000003FFFFF7000006FFFFF263
:10B50000000008FFFFD000000AFFFFFFFFD00CFF84
:10B51000FFFFFFA00EFFFFFFFF200DFFFFFFF80062
:10B5200000000AFFE00000000EFF500000002FFCAA
:10B53000000000005FF3000000009FA0000000007A
:10B54000DF1000000000D70000000004EE40000003
:10B5500000DFFF99FFFD0000FFFF99FFFF0000FFE4
:10B56000FFFFFFFF0000FFFF9000000000FFFF0D46
:10B57000FFFF0D20FFFF0FFFFF0FE2FFFF0FFFFF99
:10B580000FFDFFFF0FFFFF2000FFFF0FFFFFFFFF7B
:10B59000FFFF0FFFFFFFFFFFFF0FFFFFFFFFDFFFBB
:10B5A0000FFFFFFFFF00000FFFFFFFFF00000FFF77
:10B5B000FFFFFF00000DFFFFFFFD000000CC0000BB
:10B5C00000000002FF3000000001BFFFFC2000006F
:10B5D0001EFFFFFFE100009FFFFFFFF80000EFFFED
:10B5E000FFFFFD0000FFFFFFFFFF0001FFFFFFFF68
:10B5F000FF0003FFFFFFFFFF3008FFFFFFFFFF809B
:10B600001EFFFFFFFFFFE1CFFFFFFFFFFFFCCFFFAC
:10B61000FFFFFFFFFC0000000000000000000EFF25
:10B62000E00000000004EE4000008FFFFFFFFFFF7E
:10B63000FFFFF8FFFFFFFFFFFFFFFFFFFF00F00F1F
:10B6400000F00F00FFFF00F00F00F00F00FFFFFF02
:10B65000FFFFFFFFFFFFFFFFF808808808808FFFD4
:10B66000FFF808808808808FFFFFFFFFFFFFFFFFC4
:10B67000FFFFFF00F00000000F00FFFF00F00000E0
:10B68000000F00FFFFFFFFFFFFFFFFFFFF8FFFFF28
:10B69000FFFFFFFFFFF800000000000000000000B7
:10B6A000000000000003AF70000000000004CFFFA6
:10B6B000F00000000006DFFFFFA000000017EFFF12
:10B6C000FFFF30000018FFFFFFFFFC00002AFFFF14
:10B6D000FFFFFFF40008FFFFFFFFFFFFD0000FFF99
:10B6E000FFFFFFFFFF600008FFFFFFFFFFFE0000FE
:10B6F00000000000FFFFF7000000000000FFFFF166
:10B70000000000000000FFFF80000000000000FFBC
:10B71000FF10000000000000FFFA00000000000021
:10B7200000FFF2000000000000008F800000000019
:10B730000000000000000000DFFFFFF0D200FFFF6C
:10B74000FFF0FE20FFFFFFF0FFE2FFFFFFF0FFFD35
:10B75000FFFFFFF20000FFFFFFFFFFFFFFFFFFFF04
:10B76000FFFFFFFFFFFFFFFFFFFFFFFFFFFFFFFFE9
:10B77000FFFFFFFFFFFFFFFFFFFFFFFFFFFFFFFFD9
:10B78000FFFFFFFFFFFFFFFFFFFFFFFFFFFFFFFFC9
:10B79000FFFFDFFFFFFFFFFD0000000000000000D3
:10B7A00000000000049CEFFEC94000000007EFFF0E
:10B7B000FFFFFFFE700004DFFFFCA88ACFFFFD4003
:10B7C0006FFFD5000000005DFFF6CFF6000000001F
:10B7D00000006FFC1A30005ADFFDA50003A1000035
:10B7E0004DFFFFFFFFD400000005FFFEA88AEFFF1A
:10B7F00050000001DF70000007FD10000000120083
:10B80000000000210000000000004EE400000000E5
:10B8100000000000EFFE0000000000000000EFFE4E
:10B8200000000000000000004EE4000000008FFF58
:10B83000FFFFFFFFFFFFFF80FFFFFFFFFFFFFFFF97
:10B84000FFF0FF000000000000000FFDFF0FFFFFF2
:10B85000FFFFFFFF0FFFFF0FFFFFFFFFFFFF00FFD7
:10B86000FF0FFFFFFFFFFFFF00FFFF0FFFFFFFFFC7
:10B87000FFFF0FFFFF000000000000000FFDFFFFB3
:10B88000FFFFFFFFFFFFFFF08FFFFFFFFFFFFFFF47
:10B89000FF808FFFFFFFFFFFFFFFFF80FFFFFFFF26
:10B8A000FFFFFFFFFFF0FF000000000000000FFDA2
:10B8B000FF0FFFFFFFFFF0000FFFFF0FFFFFFFFF76
:10B8C000F00000FFFF0FFFFFFFFFF00000FFFF0F82
:10B8D000FFFFFFFFF0000FFFFF000000000000006F
:10B8E0000FFDFFFFFFFFFFFFFFFFFFF08FFFFFFFD9
:10B8F000FFFFFFFFFF808FFFFFFFFFFFFFFFFF80C6
:10B90000FFFFFFFFFFFFFFFFFFF0FF000000000051
:10B9100000000FFDFF0FFFFFFF0000000FFFFF0FF4
:10B92000FFFFFF00000000FFFF0FFFFFFF00000010
:10B9300000FFFF0FFFFFFF0000000FFFFF000000F0
:10B94000000000000FFDFFFFFFFFFFFFFFFFFFF004
:10B950008FFFFFFFFFFFFFFFFF808FFFFFFFFFFF56
:10B96000FFFFFF80FFFFFFFFFFFFFFFFFFF0FF0074
:10B970000000000000000FFDFF0FFFF000000000BE
:10B980000FFFFF0FFFF00000000000FFFF0FFFF0B0
:10B990000000000000FFFF0FFFF0000000000FFF9D
:10B9A000FF000000000000000FFDFFFFFFFFFFFF92
:10B9B000FFFFFFF08FFFFFFFFFFFFFFFFF808FFF05
:10B9C000FFFFFFFFFFFFFF80FFFFFFFFFFFFFFFF06
:10B9D000FFF0FF000000000000000FFDFF0000006E
:10B9E000000000000FFFFF0000000000000000FF4B
:10B9F000FF0000000000000000FFFF00000000004A
:10BA000000000FFFFF000000000000000FFDFFFF1F
:10BA1000FFFFFFFFFFFFFFF08FFFFFFFFFFFFFFFB5
:10BA2000FF80000000000001000000000000000096
:10BA30000007FD1000000000000001CFFFF500002E
:10BA40000000000000B929FE100000000000003FC7
:10BA500010020000000003DF800A90000000037065
:10BA600000DFFF77F7555555558FD30FFFFDCCDF1E
:10BA7000DCCCCCCDFFB08FFE1000AA0000004D4002
:10BA80000046100001F2023310000000000000091F
:10BA9000B1CFF9000000000000000AFFFF90000095
:10BAA000000000000000BFF90000000000000000DE
:10BAB00001220000000018DFFD920002EFFBEFFF03
:10BAC000300DFFFA2EFFE04FFFFA03FFF59FFAFA61
:10BAD000354FFACFC08A3D0BFDEFFB03128FFEFFFF
:10BAE000FFB006FFFFFFFFD108FFFFEFFD11109F22
:10BAF000FFDFD1593B0BFDAFD7FA381DFB5FFFFAD3
:10BB000001DFF70DFFFA1DFFF103EFFCDFFF50002F
:10BB100018DFFEA30000007FFFF70000EFFFFFFF2C
:10BB2000FFFFFEEFFFFFFFFFFFFE00000000000031
:10BB3000000FFFFFFFFFFFF00FFFFFFFFFFFF00F02
:10BB4000F99F99F99FF00FF88F88F88FF00FF88F11
:10BB500088F88FF00FF88F88F88FF00FF88F88F83B
:10BB60008FF00FF88F88F88FF00FF88F88F88FF02C
:10BB70000FF99F99F99FF00FFFFFFFFFFFF008FFFC
:10BB8000FFFFFFFF800000000000007FA00000001A
:10BB90000000008FFFB000000000000DFFFFA000BC
:10BBA0000000008A1DFFFF000000008FFA1DFF70DB
:10BBB0000000008FFFFA1D800000008FFFFFFA00D9
:10BBC0000000008FFFFFFF800000008FFFFFFF805D
:10BBD0000000008FFFFFFF800000008FFFFFFF804D
:10BBE0000000006FFFFFFF800000000BFFFFFF80E1
:10BBF00000000000DFFFFF80000000000EFFFF805C
:10BC00000000000000DEDB6000000000000000001B
:10BC100000000000000000001BFFFFFFFFFFFFE42B
:10BC20000001DFFFFFFFFFFFFFFE001DFFFFFAEF38
:10BC3000FEAFFFFF01DFFFFFA02EE20AFFFF1DFFA7
:10BC4000FFFFE202202EFFFFCFFFFFFFFE2002EFEB
:10BC5000FFFFCFFFFFFFFE2002EFFFFF1DFFFFFFF3
:10BC6000E202202EFFFF01DFFFFFA02EE20AFFFF0E
:10BC7000001DFFFFFAEFFEAFFFFF0001DFFFFFFF38
:10BC8000FFFFFFFE00001BFFFFFFFFFFFFE40008B8
:10BC9000FFFFFFE4008FFFFFFFFE08F80F0B40FFE0
:10BCA0008FF80F0B40FFFFF80F0B40FFFFFFFFFF68
:10BCB000FFFFFFFFFFFFFFFFFFFFFFFFFFFFFFFF94
:10BCC000FFFFFFFFFFFFFFFFFFFFFFFFFFFFFFFF84
:10BCD000FFFFFFFFFFFFFFFFFFFFFFFFFFFFFFFF74
:10BCE000FFFFEFFFFFFFFFFE4EFFFFFFFFE400003F
:10BCF0000000000000010000000000000003E00060
:10BD0000001000000002EF1000BF000000007FF1F3
:10BD100000CFF100000007FF11CFFF77777777BFE3
:10BD2000F1CFFFFFFFFFFFFFFF17FFFFFFFFFFFF49
:10BD3000FFE007FFF100000000000006FF10000018
:10BD40000000000005A0000000000000000000004E
:10BD5000000000000000500400000000000050043B
:10BD6000030C010012004006050501071F00400BEF
:10BD70000B0C00006100F0090A1000FEB100800DFC
:10BD80000D0C0000FF00000B0B0D00FF47016003CE
:10BD9000020501074C016005040F01FD6A017005F1
:10BDA000040F00FD8801600607070005A101500986
:10BDB00008080102C101A003030500FEC901200615
:10BDC00006030003D201A00303030000D701A0056E
:10BDD0000810FFFE1702B00A0A0C00005302F0051B
:10BDE000050C000071023009090C0000A7022009AF
:10BDF000090C0000DD02B00A0B0C00001F03300923
:10BE0000090C00005503E0090A0C00009103900999
:10BE1000090C0000C703500A0A0C00000304E009E3
:10BE20000A0C00003F04A003030900004D04A00316
:10BE3000030C00FD5F045009080801027F0450094B
:10BE4000080601039704500908080102B7043009E5
:10BE5000090C0000ED049010100F00FD6505B00BFB
:10BE60000D0CFF00B305200C0B0C0100F505900B29
:10BE70000B0C00003706300D0C0C01007F06C00AC9
:10BE8000090C0100B506300A090C0100EB06600C34
:10BE90000C0C00003307000D0B0C01007507F004BB
:10BEA000030C010087073008080CFF00B707800B60
:10BEB0000B0C0100F9078009090C01002F08400F45
:10BEC0000D0C01007D08000D0B0C0100BF08700D6A
:10BED0000D0C00000D09900B0A0C01004909700DB2
:10BEE0000E0F00FDB209A00B0A0C0100EE09F009CB
:10BEF0000A0C00002A0A60090A0C0000660AA00C5D
:10BF00000B0C0100A80A600B0D0CFF00F60A0012D2
:10BF1000120C0000620BC00A0B0C0000A40B600A9C
:10BF20000C0CFF00EC0B800A0B0C00002E0C5005D3
:10BF3000050F01FD540CA0050810FFFE940C5005E0
:10BF4000040F00FDB20C500908070102CE0C0008D6
:10BF5000080200FED60CA0090502010ADB0C9009BC
:10BF600009090000040DF00A0A0C0100400D200927
:10BF700009090000690DF00A0A0C0000A50DD0099E
:10BF80000A090000D20DA005070C0000FC0D100BE3
:10BF90000A0C00FD380EE00A090C01006E0E700458
:10BFA000030C0100800E9004060FFEFDAD0EE009AB
:10BFB000090C0100E30E7004020C0100EF0EF010FA
:10BFC0000F090100330FE00A090901005C0F300A74
:10BFD0000A090000890FF00A0A0C01FDC50FF00ADA
:10BFE0000A0C00FD01109006060901001C10000853
:10BFF000080900004010A006070B00006710D00AD7
:10C00000090901009010F0080A09FF00BD10600E38
:10C010000F0900000111D008090900002A11F008D9
:10C020000A0CFFFD66115008080900008A11A005DE
:10C03000060F00FDB711D004030F01FDCE11A005BE
:10C04000050F00FDF4115009090500040B12B0069C
:10C05000060600061D12000503040103231200104A
:10C06000101100FEAB120010100C00000B1300109A
:10C07000100E00FF7B130010100C0000DB13000BF0
:10C080000B0C00001D140010101000FE9D14001079
:10C09000101000FE1D150012120E00FF9B1500105F
:10C0A000101000FE1B160012120C00008716001064
:10C0B000101000FE07170008080E00FF3F17000CC5
:10C0C0000C0E00FF93170012121000FE2318001030
:10C0D000100C00008318000B0B1000FEDB18000E84
:10C0E0000A1002FE2B19000E0E1200FDA919000EF7
:10C0F0000E0F00FF121A000E0E0E00FF741A000E33
:10C100000A1002FEC41A000E100EFFFF341B000AB4
:10C110000A0E00FF7A1B000A0A0E00FFC01B000E69
:10C120000E0E00FF221C000E0E0400043E1C001226
:10C13000120C0000AA1C0014141000FE4A1D00126C
:10C140001410FFFEEA1D0010101000FE6A1E000E03
:10C150000E0A0001B01E000E0E0A0001F61E0014A9
:10C16000140E00FF821F0010100C0000E21F0010D0
:10C17000101000FE622000101111FFFEF320000ECF
:10C180000F0E00FF5C21000E0E1000FECC21000EF1
:10C190000E0E00FF2E22000E0E0E00FF9022001049
:10C1A000100C0000F022000A0C10FFFE5023000EBD
:10C1B0000E1000FEC023000E0E1000FE30240012F0
:10C1C000120C00009C2400101212FFFD3E25000CF2
:10C1D0000C1000FE9E250014140F00FF34260014DE
:10C1E000140A000198260014140A0001FC26001409
:10C1F000140A000160270014140A0001C427001467
:10C20000140A000128280014150E00FFBB28000E98
:10C210000C1001FE1B29000E0E1000FE8B290010D1
:10C220001111FFFD1C2A0014140C0000942A000CAC
:10C230000C1000FEF42A2010110B00010000721FE8
:10C2400051EF58EF5BEF5CEF5DEF61EF63EF65EF90
:10C2500069EF6CEF71EF76EF77EF78EF8EEF93EF9A
:10C2600098EF9BEF9CEF9DEFA1EFA2EFA3EFA4EF60
:10C27000B7EFB8EFBEEFC0EFC1EFC4EFC7EFC8EF45
:10C28000C9EFCBEFE3EFE5EF14F015F017F019F07D
:10C2900030F037F03AF043F06CF074F0ABF03BF173
:10C2A00090F191F192F193F194F1D7F1E3F13DF234
:10C2B00054F2AAF412F7F2F7200000005F00010028
:10C2C000000000000000000000000200B0000000BC
:10C2D000F3F760003CC20308000000003E000300CA
:10C2E000000001020003040502060708090A090A02
:10C2F0000B0C000D0E0F101112130C141400000083
:10C300001516171819161A1B1C1D1D1E1F201D1D82
:10C310001621222303241E2525262728292A2B001F
:10C320002C002D2E2F303132332D343435302D2D3D
:10C330002E2E36373839333A3A3B3A3C2900000939
:10C340003D090000000000000000000000000000A7
:10C3500000000000000000000000000000000000DD
:10C3600000000000000000000000000000000000CD
:10C3700000000000000000000000000000000000BD
:10C3800001020003040502060708090A090A0B0C4A
:10C390000D0E0F10110C12131415150000001617B6
:10C3A0001819171919191719191A19191919171903
:10C3B0001719031B1C1D1D1E1F20212223002400F2
:10C3C0002526272727002726282926262A2A272A1E
:10C3D000272A2B2C2D2E2E2F2E3000002309310939
:10C3E000000000000000000000000000000000004D
:10C3F000000000000000000000000000000000003D
:10C40000000000000000000000000000000000002C
:10C41000000000000000000000000000000100001B
:10C420000000000000010000030000000002000006
:10C4300000000000000000000000000000000100FB
:10C4400000000000000000000000000000010C00DF
:10C4500007FA00000000F2F1020C0604F6020D01DA
:10C460000B030800000000000000000000000F02A5
:10C47000FE0000000000000000000000000500F8C1
:10C480000000000000FB04050000FD00FE0300FDAD
:10C4900000FDFFFB00000000FD0000FDFC0000FDB2
:10C4A00000FB000000000000000000FDFD00FC009B
:10C4B000F900E10000FB0005080000FB030308058C
:10C4C000FC050000F100000000000000000000007A
:10C4D000F70000000000000000000000000000F96C
:10C4E000FDF300F6FE00000000010A00F8FEFF0167
:10C4F00000FC0000FEED0000000000000000000055
:10C5000000ECFE0A00000000000000000000000037
:10C51000F60000000000000000000008000300001A
:10C52000FB00000000000000000000000000000010
:10C5300000000A02010000000000000000000000EE
:10C5400000000000000000000000000000000000EB
:10C55000000000000000000000000000F7000000E4
:10C5600000000000000000000000000000000000CB
:10C5700000000002050308FD000005FDF8DD0207CC
:10C580000501FD00090008000800E800FD0800089A
:10C59000FD0503000001FD0000FC1400140008006C
:10C5A0000B030408000000F70000000001FE000279
:10C5B000FBFDFB0200FD000000F600000000000093
:10C5C0000000000000EF000000000000000000007C
:10C5D000000000000001F200F000000000FE001961
:10C5E000FDFD0303FE00FD030000F200000000005B
:10C5F000000000000000E700030000000000000051
:10C600000000000000F0000F0000F7000800EFE756
:10C61000EFFB080000EF0003FA00FC000000000040
:10C62000000000000000000708E10000000000001A
:10C630000000000000000C000200000000000202E8
:10C64000FDFB00FFFFFD0000FE000000FB00FE0000
:10C65000FAFB00FAF8F8FB00FB00FB00000000FE0C
:10C660000000030002FD000100000003FE000000C6
:10C67000FE0303FF000000FB00FF000000000001BC
:10C680000003FE00FD00FC0000FE00080000FD00AD
:10C6900000000000FF01FEFE0000FD00FD000000A4
:10C6A000000000000000FFFF00FDFD000000000092
:10C6B000010000FE00FDFDFD000000000000000084
:10C6C00000FE00000000FEFD00FC00F8FEF8050082
:10C6D00000FB03050700FAFFFD00FFF403FE02F272
:10C6E00003000001F300F2FEEAFE00F3000507007C
:10C6F00003000000000100FBFD00F8000000FD0049
:10C700000000FD0000000000FFFF00FFFD00000032
:10C7100000000000FDFD00FEFDFE0000FD00000029
:10C720000000000000000000FEFE00FD00FE00FB17
:10C73000030000FD010303000000000000FE0000F4
:10C74000000000020000FD00FDFEFD0000000000F2
:10C7500000000200FE00000000FDFC00FB0008FEDF
:10C7600001F8000007F3F3F5FB0300FEEFFB00FB0D
:10C7700000FB04FBF000F9000001FF02FE000300D3
:10C78000F8F600F3FAFBFAF8FDF9FFFBF9020001F5
:10C7900000FD000000020003000000000000000097
:10C7A000000000FD00FF00FFFD00FCFAFAFF00F8AA
:10C7B000000000000000FE0000000001FE0000007C
:10C7C0000300000000000000000C0000000000005A
:10C7D00002000000FD00000000000000000000005A
:10C7E000FB0003000000000000000000000000004B
:10C7F000FE000000FB00000000F3F8000000FCF366
:10C800000000FD0300F9000000000000000000002F
:10C81000FC0000FB00000000000000000000000021
:10C820000300FB00000000030002FBFB00FDFDFD18
:10C83000000000000000F800FD00FCFD00FAFAF81E
:10C84000FE00FB00F800000000140000010000FDE5
:10C85000000300F50000000000E8FB0808FEF500FA
:10C8600003FC00F3FFFD03EEFD030004F7FCF7F803
:10C87000F50000F1000F0000FF000000FFFFFDF9D0
:10C88000F8FFE800000000000000000001000000C8
:10C8900000000000000000000000000000FD00FF9C
:10C8A000FDFC0000FB00FD00000000000000000097
:10C8B000000000000000FF00FB000005FF0300FA7D
:10C8C00003FEFFF9FD00FDFDFE00FCFC0000FEFF85
:10C8D000FEFCFD0000FD0003FE00FA000000FB006E
:10C8E000FC00FCFC030000000000000000FB030053
:10C8F000FC00FEFDF8FEFEFEFFFEFDFF0000000056
:10C9000000FDFEFE0000000003FE00FE000000FE31
:10C91000FDFEFEFDFE00020AFF00F900FE0500FD1F
:10C92000F5FD040000F4FC03FC0200FEFEF800FC30
:10C93000010000FC0000000303FBFB00FCFDFCFD0C
:10C94000FD00FC01FBFC08000000000000000000EE
:10C9500003000000000000000000000000000000D4
:10C960000000000000000000FC00000000000000CB
:10C9700000000000000000000000000000000000B7
:10C9800000000000000000000000000000000000A7
:10C9900000000000FE000000000000000000000099
:10C9A0000000000000000000000000000000000087
:10C9B0000000FEFD0000000000000000000000007C
:10C9C000FC0000FD0000FDFD00000000FD00000077
:10C9D00000FF0000000000FE00000000FC00FB0063
:10C9E0000000F80002FA0501FEF40000FAFD00F66E
:10C9F000FAF90000F5FDF6F6F400F9000211FD0069
:10CA0000FAFDFFFDFCF9FBF7F6FAFD0000FE000160
:10CA10000000EEFE0806FAF70001F800F3FEFD053F
:10CA2000E8FD010000EFFDF3FDED0000EE000F0159
:10CA300000FE00000000FFFEF6FE00EF0000000018
:10CA4000F800FE00FFF9F40000FFFCF8FD00FE0016
:10CA5000000000F4FDF8F8FEFCFAFDFC00FBFEF817
:10CA6000FC00FDFBFDFB000100FEF8000500FB00E3
:10CA7000000000030002FB0A00FDFDFD00000000B5
:10CA80000000F800FD00FCFD00FAFAF8FE00FB02D1
:10CA90000A00000000140000010000FD0003000077
:10CAA000000000000000FF0000000000FEFB00008E
:10CAB000000000FF000000FDFD0000FBFD0000FB8A
:10CAC0000004FF0000000000000100000000040559
:10CAD00002FE00F8FC0008F8F8FBFB0A0503EAFE7A
:10CAE00005FD00FD03FDF700FD03FDFEF8FE00005F
:10CAF000080500F900F2FD07FDF601FDF8F8FD0A52
:10CB00000300FC00F9000208FAF7F6FA080001ED4C
:10CB1000FE03FCFEFA00FAF7FCFCFE0000FAFBFD47
:10CB2000000806FDF200F2FC00F7F1FFF8FCF8F94E
:10CB3000070000FD00FBFE00FDFB0004F803000001
:10CB4000F200FDFAFCFEF8FAF8FA00F8FDFAFBF83C
:10CB5000FD0000010CFC00F8FD00FDFBFAF9F9F600
:10CB6000FDFB0500FC00F3FD0205F8F7FBF808FDEE
:10CB700001E8FB05FAFCF700F8F5FDFDFEFDFBF80A
:10CB8000FF00000807FEEF00F1FA06F6EFFBF7F5ED
:10CB9000F3F80500000000FD000003FD0502FB05A1
:10CBA0000000F8FF00FF000101FE0000000000008F
:10CBB000FD0000000002080100FD00000000FEFE74
:10CBC000FD0000000102000000000200FE000A005B
:10CBD000050101FD0005000000020000000000004A
:10CBE0000000000000080007000000000000000036
:10CBF000000000000000F100FD040008000019031F
:10CC0000FBFB0303FE01F300000CF1000000000039
:10CC1000000000000000EF0A2400000000000000F7
:10CC20000000000000F10000000000000000000013
:10CC300000000000000000000000000000000000F4
:10CC4000FC0000FBFE0000000000000000000000EF
:10CC50000000000000000000FE00F90000010000DC
:10CC60000321FBFE0807F90300000303FD00000099
:10CC70000000000000000000DF07000000000000CE
:10CC80000000000000000000000000F9000000F9B2
:10CC900000000000FAFF000000FA00FD00F40000B0
:10CCA000000000000000000000EF00000000010094
:10CCB0000000000000FD0000FB00FC00F900000087
:10CCC000FC03FD0000F9FDFA0000F900FD00F4008E
:10CCD000FD0000EBFBF6FDF70000EF00F9FF0000A0
:10CCE000000000000000FCFBFEFC00000000FA0059
:10CCF000FA03FD0500FEFAFEFCFB00FDFFFE02F953
:10CD0000FF000000E9FEFC00FA00FEF4FE0000FE59
:10CD1000FE000000000200FEFCFE04000000000017
:10CD20000000000000000000000000000000000003
:10CD300000000000000000000000000000000000F3
:10CD400000000000000003000000000000FA00FEE8
:10CD5000000000FB03000000F9FDFB0000F900FDEE
:10CD600000F400000000E700FBF7F30000EF00FE16
:10CD7000FC0000000000000000FDFCFFFC010000C2
:10CD800004FD00080DFDFDF8030D0406F9030B0377
:10CD90000706070000000000000000000000100C63
:10CDA000FBFD00FE140B140000000300000900004E
:10CDB000FC000000000000000000FE000000000079
:10CDC0000000000400000000EAFDFEF6F30000EFA2
:10CDD0000000000000000000000000000000000053
:10CDE00000FC000000000000000000FE0000000049
:10CDF000000000000400000000EAFDFEF6F3000061
:10CE0000F60000000000000000000000000000002C
:10CE100000000000FE000000FA0300FD020503F818
:10CE200000FFFE03000200000000FA00FEFEFB000F
:10CE3000FEF60010FD00FAFE00FEFC00FDF9FBFD11
:10CE4000000000FC000000000000000000FE0000E8
:10CE50000000000000000400000000EAFDFEF6F300
:10CE60000000EF0000000000000D000000000000C6
:10CE700000000000FC00F8FDFE08FEFDF601FE01CA
:10CE8000FEF9010601020102FAF6FD00F6FBF9F5D2
:10CE9000F600FCFBFDFDFEFEFDFE00FEFF040004AF
:10CEA000FE0008000000000000000000000000FE7E
:10CEB000FDFD0000F900FF00FC0000000000000084
:10CEC00000000000F1000000000000000000000071
:10CED000FDFD00FD00000000FE0000FCFD0300FC65
:10CEE000FBFE00F9FEFAFEFD00FC00000000000061
:10CEF0000000000000EF00080000FB00000000FD43
:10CF000000FD0000FF0000FE00FA00000BFDF8F835
:10CF1000020303FFF9020402080208FEF90000F60A
:10CF20000000F8F90000FB00FDFC00FC00FC00FE26
:10CF30000400FEF8FD090000FE00FB000003FA00FB
:10CF400003FD020000F800FEFF00FD03FE000000EC
:10CF5000F6FDFA00F80000F40009FD00FB000200F5
:10CF6000FD00FDF800FD0300000000FE000003FDD1
:10CF7000010000FDFE00FD000000000000000000B8
:10CF80000000000000000000F000060000FE0000AD
:10CF900000000100FDFD000000050006000000008B
:10CFA00000F0F1010B0804F6020B00090005000077
:10CFB0000000000000000000000E00000000000063
:10CFC0000000000000000000000000001CC4030876
:10CFD000E0C203087EC303083D310000FA91030854
:10CFE0004CBD0308B8C20308CCCF030810000228C8
:10CFF000680201249DE40108A5E301081200030072
:10D0000000FF0100DCCF030800000000000000006A
:10D010006FC6FC5FB4FA4FA3F93F92F82F71D600A8
:10D0200001949FE4F9BE01F8BE01F8AD01F7AD002F
:10D03000F7AD00F757008300007F0004F200000006
:10D04000AC0007F0000000CA0009D0000DFFFFFF90
:10D05000FFFFF80688FB888EC8840002F4000F707A
:10D06000000003F2000F50000005F1002F40000007
:10D0700007F0004F20007FFFFFFFFFFFE0388DD853
:10D0800088CF8870000D9000AC0000000F7000CABF
:10D090000000001F5000E80000000005F000000044
:10D0A0000005F00000000005F000000007CFFFC8F9
:10D0B0001001DFFEFDFFD008FC15F006600CF30543
:10D0C000F000000CF505F0000006FE76F000000010
:10D0D0008FFFF9400000027CFFFE40000005F4AF26
:10D0E000F2000005F009F7010005F006F80C9205C2
:10D0F000F02DF40CFFEDFDFFA0004AEFFFC600008D
:10D100000005F00000000005F000000000027000C3
:10D1100000009EE9000000DA0000AD44DA00009E45
:10D1200010001F4004F1004F400003F1001F301EAB
:10D130009000002F3003F10AD0000000CB11BB0596
:10D14000F300000001CFFC11E81AFE70000011008E
:10D15000AD0AD45F600000005F32F3007E00000083
:10D160001F704F0004F000000BC004F0003F0000EF
:10D1700006F2002F2006E00002F70000BB23E600C5
:10D1800000CC000001AFE80000019DFD7000000030
:10D190000DF97BF70000004F9000DC0000005F708D
:10D1A00000EC0000001FE11BF400000005FDEF5043
:10D1B00000000004EFF3000000008FC7FD200830DE
:10D1C00007F9005FE21F800EE00005FEAF300FD0D0
:10D1D00000004FFC000DF700005EFF3004FFEBBEC7
:10D1E000FE6FF20029DFFC7003B0000000000000B9
:10D1F00000BEBEADADAD57000ED0007F6000EF00A9
:10D2000003FA0008F5000BF2000EF0000FE0000F2B
:10D21000D0001FC0000FD0000FE0000EF0000BF296
:10D220000008F50003FA0000EE00007F60000ED059
:10D230002FB000AF3003FA000EF0009F4006F70059
:10D240003FA002FB001FC000FD001FC002FB003F0B
:10D25000A006F7009F400EF003FA00AF302FB00099
:10D2600000099000260990625FCBBCF502BFFB204D
:10D2700007EFFE706F6996F60109901000066000D6
:10D2800000000000000000FA00000000FA000000AA
:10D2900000FA00000000FA0000AFFFFFFFF46AAAE6
:10D2A000FDAAA20000FA00000000FA00000000FA47
:10D2B000000006A10FF80AF705F209C00D709BBB2C
:10D2C000B5DFFFF807B20FF80AE4000000075000CE
:10D2D0000004F7000000AF1000000FC0000004F6CB
:10D2E000000000AF1000000FC0000005F6000000B5
:10D2F000AF1000000FB0000005F6000000AF1000F6
:10D30000000FB0000005F6000000BF1000001FB0C5
:10D31000000006F5000000BF0000001FB00000067E
:10D32000F500000000018DFEA3000002EFFDEFF606
:10D330000000DFA1006FF2006FC000007FB00BF4AF
:10D34000000000FF00EF1000000CF30FF0000000E1
:10D35000AF50FF0000000AF50EF1000000CF30BF13
:10D360004000000FF006FC000007FB000DFA10065D
:10D37000FF20002EFFDFFF60000018DFEA3000DF33
:10D38000FFF4ACCEF4000BF4000BF4000BF4000B34
:10D39000F4000BF4000BF4000BF4000BF4000BF49E
:10D3A000000BF4000BF4000BF4006CEFEA3002DF2A
:10D3B000FEDFFF505F910009FE001000000EF2003A
:10D3C000000000DF200000002FD00000001DF5004D
:10D3D00000001CF80000001DF80000001DF800000F
:10D3E000002EF70000002EF60000002EFFCCCCCC63
:10D3F00094FFFFFFFFFC4FFFFFFFFF03CCCCCCEF00
:10D40000D00000002FE20000001DF40000000CF628
:10D4100000000009FA00000000FFFE80000006681E
:10D42000EFC000000000DF5000000008F80100001D
:10D4300000AF77E610006FF27FFFEEFFF60028CF17
:10D44000FEA30000000007FB00000000003FD10029
:10D4500000000001EF30000000000CF600000000AA
:10D46000008FA00000000004FD00010000002EF26B
:10D47000006F700000CF50006F700009F900006F5E
:10D4800070003FFFFFFFFFFFF22CCCCCCCDFECC1E4
:10D49000000000007F7000000000007F70000000AE
:10D4A00000007F700000FFFFFFFF001FFCCCCCC01E
:10D4B00002FB000000004F9000000006F700000093
:10D4C000007FECCA720009FFFFFFF7000000028F27
:10D4D000F4000000008FA000000004FC0200000027
:10D4E0006FA3F820005FF44FFFEDFFF90017CEFEA9
:10D4F000B50000005BEFEB60000BFFECDFB000AFAE
:10D50000B200011004FC000000000AF4000000005A
:10D510000EF06CFFC6000FFAFDBCFFA00FFF60000D
:10D520002EF50FFA000005FA0CF7000003FC07FACD
:10D53000000005FA01EF60002EF4004FFEBCFF80F2
:10D5400000019DFEB4006FFFFFFFFFF26FECCCCC3B
:10D55000DFF16F8000006FA06F800000DF301420CB
:10D560000004FC000000000CF5000000003FD000AB
:10D57000000000AF6000000002FE0000000009F89B
:10D58000000000001FF1000000007F90000000007C
:10D59000EF2000000006FB0000000006CEFEB500F4
:10D5A00000CFFCACFFB006FC10002DF409F6000023
:10D5B00008F706FB00001DF400AFEA9AFF80005E4A
:10D5C000FFFFFE4006FE61027FF40EF3000005FC43
:10D5D0001FE0000000FF0FF1000003FE0AFB100037
:10D5E0002DF801DFFCBCFFC00007CEFEB600003AFC
:10D5F000EFEB400006FFDACFF8001FF40001CF5038
:10D600005F9000002FD06F9000003FF12FF40001D9
:10D61000CFF408FFDABFECF5004BEFD91AF40000A5
:10D6200000000DF3000000001FF000000000AF90AC
:10D630000040001AFE1006FEDDFFE30003ADFEC74A
:10D6400010000AE40FF807B200000000000000001C
:10D65000000007B20FF80AE40AE40FF807B200006E
:10D66000000000000000000006A10FF80AF705F214
:10D6700009C00D7000000000630000029FF4000567
:10D68000CFFB4028EFE81000AFC40000008FFA4045
:10D690000000029EFD710000006CFFB20000003926
:10D6A000F40000000001AFFFFFFFF46AAAAAAAA2DB
:10D6B000000000000000000000000000000000AFBB
:10D6C000FFFFFFF46AAAAAAAA26300000000AFD677
:10D6D00010000017DFF930000003AFFC600000010C
:10D6E0006EF4000006CFF30039FFD6005DFFA30003
:10D6F00000AD710000002000000000007CEFDA3077
:10D7000002EFFCCEFF606F800008FE001000000FEB
:10D71000F100000001FE00000000BF60000001CF2A
:10D7200080000000CF800000004FC00000000374A4
:10D73000000000000000000000029300000000AFA5
:10D74000C000000006F8000000000049DFFEC930FC
:10D75000000000002DFD97679EFB10000005FD30C6
:10D760000000004DE300003FA00058850394BE1068
:10D7700000EC002DFFFFD7F51DB006F301EF71049B
:10D78000DFF505F20BD008F700001EF500E70E905C
:10D790000CF0000008F500CA0F700EE0000006F55E
:10D7A00000AB0F700DF0000006F500BA0E900AF302
:10D7B00000000BF500D80BD003FD10007FF703F439
:10D7C00006F3007FFA9DF7FEAEC000EC0004CFFB2D
:10D7D000405EFA10003FA0000000000000000005BD
:10D7E000FD3000000000000000003DFD9768AF70B4
:10D7F00000000000005ADFFDB71000000000000E1E
:10D80000F80000000000005FFE000000000000DFE4
:10D81000AF600000000004FA1FD0000000000BF30E
:10D820000AF5000000002FC003FC00000000AF500C
:10D8300000CF30000001FE00005FB0000008F700DC
:10D84000000EF200000EFFFFFFFFF900006FDAAAE2
:10D85000AAAAFF1000DF300000009F8005FB000037
:10D8600000002FE00CF4000000000AF6EFFFFFFEBE
:10D87000B5000EFBAAABDFFA00EF1000004FF30E6D
:10D88000F1000000AF60EF1000000CF40EF100009A
:10D8900029FC00EFFFFFFFFD100EFBAAAACEFD1032
:10D8A000EF10000008FB0EF10000000FF0EF100079
:10D8B0000000FF1EF10000008FE0EFBAAAABEFF40A
:10D8C0000EFFFFFFFD9200000017CEFEB500000521
:10D8D000EFFFDEFFC1005FF920003BF502FF6000B3
:10D8E00000003008F900000000000DF30000000007
:10D8F000000FF000000000000FF000000000000D1D
:10D90000F3000000000008F9000000000002FF60C2
:10D9100000000030005FFA30003BF50005EFFFDF4C
:10D92000FFC1000017CEFEB500EFFFFFFDA4000011
:10D93000EFDCCCDFFFB100EF1000005DFD00EF1069
:10D94000000000CFA0EF100000001FF1EF1000005A
:10D95000000AF6EF1000000008F8EF1000000007C2
:10D96000F8EF100000000AF6EF100000001FF1EFC2
:10D9700010000000BFA0EF1000005DFD10EFCCCC48
:10D98000DFFFB100EFFFFFFDA40000EFFFFFFFFF8F
:10D990000EFDCCCCCCC0EF100000000EF10000005A
:10D9A00000EF100000000EF100000000EFFFFFFF8D
:10D9B000F20EFCCCCCCC10EF100000000EF10000F9
:10D9C0000000EF100000000EF100000000EFCCCCD2
:10D9D000CCCC3EFFFFFFFFF4EFFFFFFFFFEFDCCCFF
:10D9E000CCCCEF10000000EF10000000EF100000A2
:10D9F00000EF10000000EFCCCCCCC1EFFFFFFFF236
:10DA0000EF10000000EF10000000EF10000000EF2A
:10DA100010000000EF10000000EF100000000000F8
:10DA200016CEFEB6000005EFFFDEFFD2005FF92044
:10DA30000029F702FF600000002008F90000000044
:10DA4000000DF300000000000FF000000000110FB7
:10DA5000F000000003FB0DF300000003FB08FA00D8
:10DA6000000003FB01FF60000003FB005FFA3000D1
:10DA70002AFB0004EFFFDFFFE4000017CEFEB60034
:10DA8000EF10000000DF2EF10000000DF2EF10009B
:10DA90000000DF2EF10000000DF2EF10000000DFAB
:10DAA0002EF10000000DF2EFFFFFFFFFFF2EFDCC77
:10DAB000CCCCCFF2EF10000000DF2EF10000000D03
:10DAC000F2EF10000000DF2EF10000000DF2EF1069
:10DAD000000000DF2EF10000000DF2EF1EF1EF1E3E
:10DAE000F1EF1EF1EF1EF1EF1EF1EF1EF1EF1EF14F
:10DAF00000CFFFFFF4009CCCCFF40000000BF4003B
:10DB000000000BF40000000BF40000000BF4000018
:10DB1000000BF40000000BF40000000BF400000008
:10DB20000BF40100000DF20CC2006FE00AFFDEFFF3
:10DB300060006CFFC500EF1000000BF80EF1000054
:10DB40000BF800EF10000BF9000EF1000BFA0000CB
:10DB5000EF100AFB00000EF10AFB000000EF19FFB6
:10DB60003000000EFAFEFE100000EFFD1AFC00006F
:10DB70000EFD100CFA0000EF20001EF7000EF10061
:10DB8000002FF400EF1000004FF20EF10000006FC4
:10DB9000D1EF10000000EF10000000EF10000000B7
:10DBA000EF10000000EF10000000EF10000000EF89
:10DBB00010000000EF10000000EF10000000EF1058
:10DBC000000000EF10000000EF10000000EFCCCCD0
:10DBD000CCC8EFFFFFFFFBEF10000000000EFEF9C6
:10DBE0000000000008FFEFF300000002FFFEFFC08E
:10DBF000000000BFFFEF9F6000004FAFFEF1EE108E
:10DC0000000DF1FFEF06F90007F70EFEF00CF3012F
:10DC1000FD00EFEF003FC0AF400EFEF0009F9FA061
:10DC200000EFEF0001EFF1000EFEF00006F700003C
:10DC3000EFEF00000400000EFEF00000000000EF17
:10DC4000EF20000000DF2EFD1000000DF2EFFB00C2
:10DC50000000DF2EFEF800000DF2EF4FF50000DFB0
:10DC60002EF15FF3000DF2EF108FE100DF2EF100D7
:10DC7000BFC00DF2EF1001DF90DF2EF10002FF6D4B
:10DC8000F2EF100005FFFF2EF1000008FFF2EF1089
:10DC900000000BFF2EF10000000DF2000016CEFE7A
:10DCA000B500000004EFFEDFFFD300005FF92000A5
:10DCB0003BFF2001FF600000009FD008F90000003A
:10DCC000000DF50DF30000000006FA0FF000000053
:10DCD0000003FC0FF00000000003FC0DF300000047
:10DCE0000006FA08F9000000000DF501FF600000D1
:10DCF000009FD0005FFA20003BFF200004EFFFDF11
:10DD0000FFD300000017CEFEB50000EFFFFFEC7060
:10DD100000EFDCCDEFFD20EF100002BFC0EF1000E0
:10DD2000000EF3EF1000000AF5EF1000000BF5EF06
:10DD30001000002FF2EF100015DFA0EFFFFFFFFB38
:10DD400000EFCCCCB94000EF1000000000EF100055
:10DD5000000000EF1000000000EF100000000000C5
:10DD60000016CEFEB5000000004EFFFDFFFD3000A6
:10DD7000005FFA20004BFF20001FF600000009FDA5
:10DD80000008FA000000000DF500DF300000000080
:10DD90006FA00FF00000000003FC00FF0000000077
:10DDA000003FC00DF20000000006FA009F90000046
:10DDB0000000CF5002FF500000008FD00006FF92FD
:10DDC0000003BFF3000006FFFECEFFE300000002E9
:10DDD0008DFFFD600000000000009FE2001A1000AF
:10DDE0000000008FFBBFF300000000004BEFB3000A
:10DDF000EFFFFFEC7000EFDCCDEFFD20EF10000235
:10DE0000BFC0EF1000000EF3EF1000000AF5EF1096
:10DE100000000BF5EF1000002FF2EF100015DFA04F
:10DE2000EFFFFFFFFA00EFCCCBDF9000EF10001EFA
:10DE3000F200EF100004FD00EF1000009F90EF10C3
:10DE400000000DF40006CEFEC71000CFFDCDFFD0C0
:10DE500008FC200017600CF3000000000CF4000028
:10DE6000000006FF71000000007FFFD940000001A4
:10DE70006AEFFE4000000003AFF20000000008F768
:10DE80000100000007F80DB300003EF40AFFFCCECD
:10DE9000FF900039DFFEA400EFFFFFFFFFFABCCCCC
:10DEA000DFFCCCC800002FD0000000002FD0000005
:10DEB00000002FD0000000002FD0000000002FD065
:10DEC000000000002FD0000000002FD00000000054
:10DED0002FD0000000002FD0000000002FD0000045
:10DEE00000002FD0000000002FD000000FF0000035
:10DEF000002FD0FF00000002FD0FF00000002FD027
:10DF0000FF00000002FD0FF00000002FD0FF000016
:10DF10000002FD0FF00000002FD0FF00000002FC07
:10DF20000FF00000002FC0DF30000005FA09F900F3
:10DF30000000CF602FF80001AFE0005FFFDEFFE3DD
:10DF4000000029DFFD81000CF5000000000EF10546
:10DF5000FC000000006F9000EF30000000DF2000A8
:10DF60007FA0000004FB00001FF200000BF4000083
:10DF700009F800002FD0000002FF00009F600000A1
:10DF800000BF6001FE000000004FD007F800000055
:10DF9000000DF40EF10000000006FB5FA000000081
:10DFA0000000EFEF3000000000008FFC00000000D8
:10DFB00000001FF50000003FD0000000CF6000000F
:10DFC00002FB0DF3000001FFC0000008F508F80097
:10DFD0000007FFF100000DF103FD00000CF8F70051
:10DFE000003FB000DF30002FB2FC00008F50008FE8
:10DFF00080007F50CF1000DF00003FD000DF007FA7
:10E000007003FB00000DF302FA002FC008F50000BA
:10E0100008F808F5000CF20EF0000003FD0DF0000A
:10E0200007F73FB0000000DF6FA00001FC8F500039
:10E0300000008FFF400000CFEF000000003FFF0016
:10E0400000006FFB000000000DF90000001FF5004C
:10E05000001FF3000000BF7005FE100006FB00006B
:10E060009FA0002FE100000DF600DF40000003FF3D
:10E0700029F8000000007FEFC0000000000BFF2027
:10E08000000000001EFF7000000000BF9FF30000B2
:10E090000007FC05FD0000003FF200AFA00000DF1C
:10E0A00050000DF5000AFA000003FF205FD00000C9
:10E0B000007FC00CF500000004FB002FE100000011
:10E0C000DF20008F9000007F700000EF30002FD025
:10E0D000000005FC000BF40000000BF605FA000040
:10E0E00000002FE1EF10000000008FEF7000000033
:10E0F0000000DFD0000000000008F7000000000072
:10E10000008F70000000000008F700000000000011
:10E110008F70000000000008F70000000FFFFFFFF5
:10E12000FFFF40CCCCCCCCEFF2000000001DF6008D
:10E130000000000BF90000000008FC0000000005D2
:10E14000FE1000000003FF3000000001EF5000004F
:10E150000000CF80000000009FB0000000006FD1E1
:10E16000000000004FF2000000001EFECCCCCCCC22
:10E1700072FFFFFFFFFFF9EFFF4EFAA2EF000EF074
:10E1800000EF000EF000EF000EF000EF000EF000C8
:10E19000EF000EF000EF000EF000EF000EF000EFC9
:10E1A000000EFAA2EFFF405700000006F500000045
:10E1B0001FA0000000CF00000006F50000001FA017
:10E1C000000000BF00000006F50000001FB00000C6
:10E1D00000BF00000006F50000001FB0000000BFF7
:10E1E00010000005F60000000FB0000000AF1000A6
:10E1F0000005F60000000FB0000000AF10000005A1
:10E20000F6AFFF96ACF9005F9005F9005F9005F955
:10E21000005F9005F9005F9005F9005F9005F90037
:10E220005F9005F9005F9005F9005F96ACF9AFFFCC
:10E230009000007500000005FF1000000CBF70008A
:10E24000003F49D000009D03F40001F700CB000718
:10E25000F1006F200DA0000F804F300009E000009A
:10E26000000000FFFFFFFFFF33333333332770001D
:10E2700005FC10002DD105BEFEB4007FFDBDFF5092
:10E280002A10007FE00000000DF20001111CF308CD
:10E29000EFFFFFF39FC6444CF3FF00000BF3EF10BA
:10E2A000003FF38FD769FEF306CFFC59F33FB00070
:10E2B0000000003FB0000000003FB0000000003F41
:10E2C000B0000000003FB19EFD92003FDEFDCEFE9B
:10E2D000403FFE30008FE13FF300000AF73FD000DF
:10E2E0000004FA3FB0000002FC3FD0000004FA3FF7
:10E2F000F300000AF73FFE30008FE13FCEFDCEFF76
:10E30000403FA19EFE92000003AEFE910007FFDC9D
:10E31000EFE204FE40007F60CF400000100FE000FD
:10E32000000002FC000000000FE000000000CF40F1
:10E3300000001004FE40007F6007FFDCEFE20003F6
:10E34000AEFE91000000000001FD0000000001FD94
:10E350000000000001FD0000000001FD0004BEFC03
:10E3600061FD008FFDCEFBFD05FE40007FFD0CF53D
:10E37000000009FD0FE0000003FD2FC0000001FDBB
:10E380000FE0000003FD0CF4000008FD05FE200076
:10E390005FFD008FFBADFBFD0004BEFD70FD0004C2
:10E3A000BEFC6000008FFCBEFC0005FD2000AF80BD
:10E3B0000CF300000DF00FE1111119F42FFFFFFF16
:10E3C000FFF60FE4444444410CF30000000004FE57
:10E3D00040002B20007FFECDFF600003AEFEA300B7
:10E3E0000006DFD6006FEAC600CF200000EF000075
:10E3F000BFFFFFF17AFFAAA000EF000000EF0000CE
:10E4000000EF000000EF000000EF000000EF000050
:10E4100000EF000000EF000000EF00000004BEFD70
:10E4200070DF008FFDCEFCEF05FE40005FFF0CF4B7
:10E43000000006FF0FE0000000FF2FC0000000FFFB
:10E440000FE0000001FF0CF5000007FF05FE400093
:10E450005FFF008FFDBEFCFF0004BEFD71FE0000EB
:10E46000000003FB01A400002DF504FFFCBDFFA08C
:10E470000028CEFEB5003FB000000003FB00000006
:10E48000003FB000000003FB000000003FB19EFE13
:10E490009103FDEFDDFFD03FFD2002DF73FF200081
:10E4A00004FC3FD000001FD3FB000000FE3FB00083
:10E4B000000FE3FB000000FE3FB000000FE3FB0095
:10E4C0000000FE3FB000000FE03EB07FF0084000CB
:10E4D000003FB03FB03FB03FB03FB03FB03FB03F74
:10E4E000B03FB03FB03FB00002EC00005FF1000071
:10E4F00075000000000001FD00001FD00001FD00BC
:10E50000001FD00001FD00001FD00001FD00001F12
:10E51000D00001FD00001FD00001FD00001FD00051
:10E5200005FA07DBFF407EFD50003FB00000000011
:10E530003FB0000000003FB0000000003FB000000E
:10E5400000003FB00002DF503FB0002EF6003FB0A9
:10E5500003EF60003FB03FF600003FB4FF900000C3
:10E560003FEFFFF200003FFF59FD00003FF400CFF6
:10E5700090003FB0001EF6003FB00004FF203FB007
:10E5800000007FD03FB3FB3FB3FB3FB3FB3FB3FB88
:10E590003FB3FB3FB3FB3FB3FB3FB03FA3AEFD70C8
:10E5A00005CFFC5003FDFEBCFFAAFEBCFF703FFB85
:10E5B0001003FFF90004FF13FF100009FE00000B19
:10E5C000F43FD000006FB000008F63FB000005F93E
:10E5D000000008F63FB000005F9000008F63FB0072
:10E5E0000005F9000008F63FB000005F9000008FC2
:10E5F00063FB000005F9000008F63FB000005F90E3
:10E6000000008F603FA2AEFE9103FDFFCBEFD03F35
:10E61000FC1001CF73FF200004FC3FD000001FD38B
:10E62000FB000000FE3FB000000FE3FB000000FE17
:10E630003FB000000FE3FB000000FE3FB000000F02
:10E64000E00003AEFD9100007FFDCEFE3005FE40F0
:10E65000007FE10CF4000009F70FE0000003FB2F3E
:10E66000C0000001FD0FE0000003FB0CF4000009F6
:10E67000F704FE40007FE1007FFDCEFE300003AED8
:10E68000FD91003FA29EFD92003FCEFBADFE403FBC
:10E69000FD20006FE13FF3000009F73FD0000004C8
:10E6A000FA3FB0000002FC3FD0000004FA3FF30044
:10E6B000000AF73FFE30008FE13FDEFDCEFF403F16
:10E6C000B19EFE92003FB0000000003FB00000008D
:10E6D000003FB0000000003FB0000000000004BE9A
:10E6E000FC60FD008FFDCEFAFD05FE40007FFD0CB5
:10E6F000F4000009FD0FE0000003FD2FC000000141
:10E70000FD0FE0000003FD0CF4000009FD05FE40D4
:10E71000007FFD008FFDCEFBFD0004BEFC61FD000F
:10E7200000000001FD0000000001FD0000000001EC
:10E73000FD0000000001FD3FA19E83FCEFF73FFEBE
:10E740004003FF40003FE00003FC00003FB0000337
:10E75000FB00003FB00003FB00003FB00000005C86
:10E76000EFEA5009FFCBDFD01FE10002302FD000CD
:10E7700000000DFC63000002CFFFFB30000147BF2B
:10E78000F200000009F60930000BF55FFEBBEFC098
:10E7900005AEFEC7000078000000EF000000EF00AB
:10E7A00000BFFFFFF17AFFAAA000EF000000EF001A
:10E7B0000000EF000000EF000000EF000000EF009D
:10E7C0000000CF4000006FFBD70007DFD54FA0004F
:10E7D000003FB4FA000003FB4FA000003FB4FA0072
:10E7E0000003FB4FA000003FB4FA000003FB4FB052
:10E7F00000005FB2FD000009FB0DF70005FFB04F00
:10E80000FDADFCFB003BEFD72FB00DF2000000EF99
:10E81000006F9000005F9000FF00000BF20009F60F
:10E820000002FB00002FC0009F400000BF300FD04F
:10E83000000004FA06F70000000DF1DF10000000F0
:10E840007FBF9000000001FFF30000000009FC0002
:10E850000000BF100000EF000001FA5F700005FF2C
:10E86000600006F50FD0000BFFB0000CE00AF200CC
:10E870001FABF1001F9004F8006F55F7007F3000C8
:10E88000ED00CE00EC00DE00008F32F9009F23F88F
:10E8900000003F98F3003F88F200000DEED0000D1D
:10E8A000DEC0000007FF700007FF70000001FF10CE
:10E8B0000002FF10002FE10000DF306FB000AF60FA
:10E8C00000AF706FA00000DF5FD1000003FFF30016
:10E8D00000000BFB00000006FFF6000002FE2EF217
:10E8E0000000DF403FD0009F80008FA05FC000008D
:10E8F000CF600DF2000000EF006F9000005F80001D
:10E90000EF00000BF20008F70002FB00001FD00030
:10E910009F400000AF400FD0000003FB06F6000050
:10E92000000DF2DF000000006FCF8000000000EF5C
:10E93000F20000000008FB0000000000AF400000F3
:10E9400003003FC0000002FDBFF300000008EFC459
:10E95000000000001FFFFFFFF80AAAAAAFF50000A1
:10E96000009F90000006FC0000003FE1000001DF76
:10E970004000000BF70000007FB0000004FD100015
:10E98000001EFCAAAAA63FFFFFFFFB003CFA00EF17
:10E99000C603FC0004FA0004FA0004FA0004FA00BA
:10E9A00005FA008EF600DFE20007F90004FA000421
:10E9B000FA0004FA0004FA0004FA0002FD0000EF75
:10E9C000C6003CFAEEEEEEEEEEEEEEEEEEEEEEEE23
:10E9D000EEEEEEEEEEEEEEAFC3006CFE0000CF30DA
:10E9E00000AF4000AF4000AF4000AF40009F50007C
:10E9F0005FE8002EFD009F70009F4000AF4000AF19
:10EA00004000AF4000AF4000CF306CFE00AFC3000D
:10EA100009EE6000D67FABFB26F3B9005EFF9031B4
:10EA200000003200006DEA1007E53BC00E4000E434
:10EA30001F0000B70F3000D508C208E0009FFC207F
:10EA40000000100009A28FFC9FFD2DE500000000D2
:10EA50000000000000310000000000000015AEFDC5
:10EA60000000000000027CFFFFFF0000000049EFF3
:10EA7000FFFFFFFF000004BFFFFFFFFFFFFF0000DD
:10EA80000FFFFFFFFFFFFFFF00000FFFFFFFFFFB78
:10EA900069FF00000FFFFFFE950008FF00000FFF59
:10EAA000C730000008FF00000FF80000000008FF5A
:10EAB00000000FF80000000008FF00000FF8000041
:10EAC000000008FF00000FF80000000008FF000031
:10EAD0000FF80000017BBDFF00000FF800001EFFD3
:10EAE000FFFF00133FF800007FFFFFFF2BFFFFF841
:10EAF00000004FFFFFFCDFFFFFF8000006EFFFA163
:10EB0000FFFFFFF70000000220007FFFFFD10000A1
:10EB100000000000028AA600000000000000C403FC
:10EB2000FFFFFFFFFFFF404CFDCDFFEEEEEEEEFFDF
:10EB3000DCDFFA8AFA00000000AFB8AFF403FA0095
:10EB40000000009F404FF404FA000000009F504F67
:10EB5000FFFFFA000000009FFFFFF747FD77777780
:10EB600077DF847FF403FFFFFFFFFFFF404FF7478E
:10EB7000FD77777777DF847FFFFFFA000000009F43
:10EB8000FFFFF404FA000000009F504FF403FA0066
:10EB90000000009F404FFA8AFA00000000AFB8AFB3
:10EBA000FDCDFFEEEEEEEEFFDCDFC403FFFFFFFF67
:10EBB000FFFF404C00000000000000000000DFFFED
:10EBC000FA0CFFFFFFFFFFFDFFFFFD0EFFFFFFFF42
:10EBD000FFFFFFFFFD0EFFFFFFFFFFFFFFFFFD0E2B
:10EBE000FFFFFFFFFFFFCFFFF90AFFFFFFFFFFFC63
:10EBF00000000000000000000000CFFFF90BFFFF45
:10EC0000FFFFFFFCFFFFFD0EFFFFFFFFFFFFFFFF0A
:10EC1000FD0EFFFFFFFFFFFFFFFFFD0EFFFFFFFFEA
:10EC2000FFFFCFFFFA0BFFFFFFFFFFFC000000001C
:10EC3000000000000000CFFFF90AFFFFFFFFFFFB0D
:10EC4000FFFFFD0EFFFFFFFFFFFFFFFFFD0EFFFFBA
:10EC5000FFFFFFFFFFFFFD0EFFFFFFFFFFFFDFFFD7
:10EC6000FA0CFFFFFFFFFFFD0000000000000000A6
:10EC7000000000000000000000004E6000000000E6
:10EC800000000004FFF7000000000000004FFFFF3D
:10EC900000000000000004FFFFF60000000000007C
:10ECA0004FFFFF6006E400000004FFFFF6007FFF57
:10ECB0004000004FFFFF6000FFFFF40004FFFFF67D
:10ECC00000006FFFFF404FFFFF60000006FFFFF8EE
:10ECD000FFFFF5000000006FFFFFFFFF5000000086
:10ECE0000005FFFFFFF50000000000005FFFFF5080
:10ECF00000000000000005FFF5000000000000001B
:10ED0000005E500000000000067000000018408FF8
:10ED1000FB000001DFF4FFFFB0001DFFFB7FFFFBE6
:10ED200001DFFFF408FFFFBDFFFF40008FFFFFFF83
:10ED3000F4000008FFFFFF40000001EFFFFC0000AF
:10ED4000001DFFFFFFB00001DFFFFFFFFB001DFF05
:10ED5000FF48FFFFB0CFFFF4008FFFF9DFFF400057
:10ED600008FFF92EF40000008FC000100000000121
:10ED7000000000000026500000000000000000DF3E
:10ED8000F30000000000006400DFF40072000000E7
:10ED90000BFE10DFF409FE300000AFFF50DFF40E71
:10EDA000FFE10005FFFB00DFF405FFFB000DFFB0F6
:10EDB00000DFF4005FFF404FFF2000DFF4000BFF97
:10EDC000A08FFB0000DFF40004FFF0BFF70000DFBE
:10EDD000F40001FFF1BFF60000DFF40000FFF2BF16
:10EDE000F700008DC10000FFF18FFA000000000065
:10EDF00004FFF04FFF10000000000AFFB00EFFB04C
:10EE0000000000004FFF5006FFF900000004FFFC67
:10EE10000000AFFFD510039FFFF200000BFFFFFFC4
:10EE2000FFFFFF400000008FFFFFFFFFD200000048
:10EE300000029EFFFFB6000000000000001210005C
:10EE400000000000000000022000000000000000A0
:10EE500006FFFF6000000000000008FFFF800000C8
:10EE6000000001002BFFFFB2001000008F87FFFFA2
:10EE7000FFFF79F80004FFFFFFFFFFFFFFFF400CDB
:10EE8000FFFFFFFFFFFFFFFFC02FFFFFFFC77CFF5C
:10EE9000FFFFF207FFFFFA0000AFFFFF70006FFFF8
:10EEA000F100001FFFF600007FFFE000000EFFF7FB
:10EEB00000006FFFF100001FFFF60007FFFFFA00E0
:10EEC00000AFFFFF702FFFFFFFC77CFFFFFFF20CBB
:10EED000FFFFFFFFFFFFFFFFC004FFFFFFFFFFFF7C
:10EEE000FFFF40008F97FFFFFFFF78F80000010051
:10EEF0001BFFFFB100100000000008FFFF800000B2
:10EF00000000000006FFFF6000000000000000029B
:10EF100020000000000000000000461000676000B4
:10EF200000000000009FFE200FFF00000000000115
:10EF3000BFFFFF51FFF10000000002DFFC8FFF8FD9
:10EF4000FF1000000004FFFA004EFFFFF100000078
:10EF500007FFF708D32DFFFF1000000AFFF51BFF86
:10EF6000F50BFFF400001CFFE22DFFFFF708FFF692
:10EF7000003EFFC14EFFFFFFFA05FFF90EFF906F45
:10EF8000FFFFFFFFFC13EFF64F709FFFFFFFFFFF38
:10EF9000FE31CC00003FFFFFFFFFFFFFFB00000042
:10EFA00004FFFFFFFFFFFFFFC00000004FFFFF80D7
:10EFB00001EFFFFC00000004FFFFF6000EFFFFC0A2
:10EFC0000000004FFFFF6000EFFFFC00000004FFA7
:10EFD000FFF6000EFFFFC00000002FFFFF4000CF34
:10EFE000FFFA000000000000000000000000000028
:10EFF0000000000056650000000000000007FFFF51
:10F000007000000000000008FFFF8000000000000A
:10F010000008FFFF8000000000000008FFFF8000E4
:10F02000000000000008FFFF800000000000000852
:10F03000FFFF8000000000000008FFFF80000000CC
:10F040000007EEEFFFFFFEEE70000005FFFFFFFF81
:10F05000FFFF500000006FFFFFFFFFF50000000002
:10F0600005FFFFFFFF5000000000005FFFFFF500FD
:10F07000000000000005FFFF500000007AAAAA91DE
:10F080004FF419AAAAA7FFFFFFFD2332DFFFFFFFFE
:10F09000FFFFFFFFF99FFFFFFFFFFFFFFFFFFFFFE6
:10F0A000FFFFFFFFFFFFFFFFFFFFFB0F48FFFFFF1B
:10F0B000FFFFFFFFFFEFEFFF144444444444444488
:10F0C000444100003DFFFFFFFFFFF9000000001E6C
:10F0D000FFFFFFFFFFFFF80000000AFF9888888805
:10F0E00088DFF3000005FFA00000000002FFD00051
:10F0F00001EFE1000000000007FF8000AFF5000015
:10F10000000000000DFF205FFA000000000000007A
:10F110003FFC0DFF9888700000038888DFF5FFFF33
:10F12000FFFF500000CFFFFFFF7FFFFFFFFC00004D
:10F130005FFFFFFFF8FFFFFFFFFFFFFFFFFFFFFF86
:10F140008FFFFFFFFFFFFFFFFFFFFFF8FFFFFFFF46
:10F15000FFFFFFFFFFFFFF8EFFFFFFFFFFFFFFFF30
:10F16000FFFFF65EFFFFFFFFFFFFFFFFFFFB00005B
:10F170000000000110000007BA0000017CFFFFB58D
:10F18000000BFF00007FFFFFFFFFE50BFF000AFF02
:10F19000FFDBBEFFFF9AFF00AFFFA200003BFFFFB7
:10F1A000FF05FFF6000000005FFFFF0DFF6000009D
:10F1B00007BA9CFFFF3FFC0000000CFFFFFFFF7F32
:10F1C000F60000000BFFFFFFFF0000000000000042
:10F1D000000000000000000000000000000000002F
:10F1E00000000000000000FFFFFFFFB00000006F04
:10F1F000F6FFFFFFFFC0000000CFF3FFFFC9AA70BA
:10F20000000007FFD0FFFFF5000000006FFF50FF78
:10F21000FFFFB300003BFFF900FFA9FFFFEBBDFFBD
:10F22000FFA000FFB05DFFFFFFFFF70000FFB00091
:10F230005BFFFFC8100000AB700000011000000071
:10F2400000000000000100000002EE0000002EFFA0
:10F25000000002EFFF47777EFFFFFFFFFFFFFFFF8A
:10F26000FFFFFFFFFFFFFFFFFFFFFFFFFFFFFFFFAE
:10F27000FFFFFFFFFFFFFFFFDFFFFFFFFF000009B2
:10F28000FFFF0000009FFF00000009FF00000000DA
:10F290008900000000890000000000009FF00000CD
:10F2A0000000009FFF00000000009FFFF00000DF53
:10F2B000FFFFFFFF00730FFFFFFFFFF01FF4FFFFD3
:10F2C000FFFFFF005FCFFFFFFFFFF000FFFFFFFF2B
:10F2D000FFFF004FDFFFFFFFFFF01FF5FFFFFFFF06
:10F2E000FF0085047777EFFFF00000000002EFFFDA
:10F2F000000000000002EFF0000000000002EE003D
:10F3000000000000000110000000000000000000EC
:10F31000007B2000000000000010000009FE30000B
:10F3200000000002EE00000009FF2000000002EFD4
:10F33000F000087008FD00000002EFFF0000EFB0D1
:10F340000CF6047777EFFFF00002DF803FD0FFFF7D
:10F35000FFFFFF007401FF10CF3FFFFFFFFFF01F13
:10F36000F408F707F6FFFFFFFFFF005FC03FA04F65
:10F370009FFFFFFFFFF000FF02FB04F9FFFFFFFF0D
:10F38000FF005FC03FA05F9FFFFFFFFFF01FF4087B
:10F39000F707F6DFFFFFFFFF007402FF10CF30001A
:10F3A000009FFFF00002EF803FD00000009FFF00B1
:10F3B00000EFB00CF6000000009FF000087008FDA0
:10F3C00000000000008900000008FF20000000008D
:10F3D0000000000009FF30000000000000000000F5
:10F3E0007B2000005EFFFFFFFFFFFFFFFFE5EFFF59
:10F3F000FFFFFFFFFFFFFFFEFFF638FFFFFFFFFFEE
:10F40000FFFFFF6000AFFFFFFFFFFFFFFF30007F48
:10F41000FFFFFBEFFFFFFF8000CFFFFF903EFFFFEE
:10F42000FFFA7CFFFFF90003EFFFFFFFFCFFFF90F7
:10F4300000003EFFFFFF906FF900000008FFFFF99A
:10F4400000069000000008FFFFB000000000000070
:10F4500008FFFF8000000000000008FFFFC8888848
:10F46000888888888CFFEFFFFFFFFFFFFFFFFFFE0C
:10F470005EFFFFFFFFFFFFFFFFE50000004200000F
:10F4800000000003FF10000000000AFF6000000001
:10F49000001FFFC0000000008FFFF400000001FF0C
:10F4A000FFFC0000000AFFFFFF6000004FFFFFFFAE
:10F4B000F20001EFFFFFFFFC000BFFFFFFFFFF70FB
:10F4C0003FFFFFFFFFFFF1AFFFFFFFFFFFF6EFFF83
:10F4D000FFFFFFFFFAFFA6FFFFFFFFFBEF91FFFF1C
:10F4E000FFFFFABFE09FFFFFFFF75FF907CFFFFFC6
:10F4F000F20CFFB309FFFF8001DFFFFFFFFA0000FE
:10F5000009FFFFFF70000000157740000047600012
:10F510000000161BFF1000002DFBBFF100002EFFA6
:10F52000CBFF10003EFFFCBFF1004FFFFFCBFF10F1
:10F530005FFFFFFCBFF16FFFFFFFCBFF9FFFFFFFF0
:10F54000FCBFFFFFFFFFFFCBFFFFFFFFFFFCBFFF85
:10F55000FFFFFFFFCBFF4EFFFFFFFCBFF12DFFFFC3
:10F56000FFCBFF101CFFFFFCBFF1000CFFFFCBFF28
:10F5700010000BFFFCBFF100000AFFCAFF100000E3
:10F5800008F7000000000000000650000000000026
:10F590000000BFFD30000000000000FFFFFA100077
:10F5A00000000000FFFFFFF70000000000FFFFFF6A
:10F5B000FFD400000000FFFFFFFFFFB2000000FFCC
:10F5C000FFFFFFFFFF800000FFFFFFFFFFFFFE5078
:10F5D00000FFFFFFFFFFFFFFFB20FFFFFFFFFFFF1D
:10F5E000FFFFF2FFFFFFFFFFFFFFFFF6FFFFFFFF41
:10F5F000FFFFFFFFF2FFFFFFFFFFFFFFFB20FFFF0B
:10F60000FFFFFFFFFD5000FFFFFFFFFFFF80000037
:10F61000FFFFFFFFFFA2000000FFFFFFFFD400007D
:10F620000000FFFFFFF70000000000FFFFFA1000DE
:10F6300000000000BFFD3000000000000006500088
:10F64000000000000000067777300006777730BFB3
:10F65000FFFFF300BFFFFFF3FFFFFFF700FFFFFF18
:10F66000F7FFFFFFF800FFFFFFF8FFFFFFF800FFC5
:10F67000FFFFF8FFFFFFF800FFFFFFF8FFFFFFF8B5
:10F6800000FFFFFFF8FFFFFFF800FFFFFFF8FFFF9D
:10F69000FFF800FFFFFFF8FFFFFFF800FFFFFFF894
:10F6A000FFFFFFF800FFFFFFF8FFFFFFF800FFFF7D
:10F6B000FFF8FFFFFFF800FFFFFFF8FFFFFFF80074
:10F6C000FFFFFFF8FFFFFFF800FFFFFFF8FFFFFF5E
:10F6D000F800FFFFFFF8EFFFFFF600EFFFFFF66F08
:10F6E000FFFFC1006FFFFFC100000000000000002D
:10F6F00000057777777777777730BFFFFFFFFFFFDA
:10F70000FFFFF3FFFFFFFFFFFFFFFFF7FFFFFFFF1D
:10F71000FFFFFFFFF8FFFFFFFFFFFFFFFFF8FFFF07
:10F72000FFFFFFFFFFFFF8FFFFFFFFFFFFFFFFF8F7
:10F73000FFFFFFFFFFFFFFFFF8FFFFFFFFFFFFFFE0
:10F74000FFF8FFFFFFFFFFFFFFFFF8FFFFFFFFFFD7
:10F75000FFFFFFF8FFFFFFFFFFFFFFFFF8FFFFFFC7
:10F76000FFFFFFFFFFF8FFFFFFFFFFFFFFFFF8FFB7
:10F77000FFFFFFFFFFFFFFF8FFFFFFFFFFFFFFFFA0
:10F78000F8EFFFFFFFFFFFFFFFF66FFFFFFFFFFF39
:10F79000FFFFC10000000000000000000520000085
:10F7A000005766FF4000000CFF8FFF600000DFF88D
:10F7B000FFFF70000DFF8FFFFF8000DFF8FFFFFFEE
:10F7C000900DFF8FFFFFFFB0DFF8FFFFFFFFCDFFC2
:10F7D0008FFFFFFFFFFFF8FFFFFFFFFFFF8FFFFF20
:10F7E000FFFFFFF8FFFFFFFF5DFF8FFFFFFF40DF21
:10F7F000F8FFFFFE300DFF8FFFFE2000DFF8FFFD5A
:10F8000020000DFF7FFD100000DFF3FB1000000C57
:10F81000FF000000000000000000000002100000D7
:10F8200000000000000AFF400000000000000AFF86
:10F83000FF30000000000008FFFFFE200000000075
:10F8400007FFFFFFFE1000000006FFFFFFFFFD1097
:10F85000000005FFFFFFFFFFFC000004FFFFFFFFAC
:10F86000FFFFFB0003FFFFFFFFFFFFFFFA00DFFFCB
:10F87000FFFFFFFFFFFFF50EFFFFFFFFFFFFFFFF93
:10F88000605FFFFFFFFFFFFFFFC000000000000000
:10F89000000000009FFFFFFFFFFFFFFFE20FFFFFE1
:10F8A000FFFFFFFFFFFF70FFFFFFFFFFFFFFFFF8FE
:10F8B0000FFFFFFFFFFFFFFFFF70BFFFFFFFFFFF17
:10F8C000FFFFF30000000000000000000000000047
:10F8D0000000000000005F800000005FFF400000AB
:10F8E0005FFFE200005FFFE200005FFFE300005FF8
:10F8F000FFE300005FFFE300005FFFE300000DFF98
:10F90000F50000004FFFE30000004FFFE3000000A0
:10F910004FFFE30000005FFFE30000005FFFE30034
:10F9200000005FFFE20000005FFF400000005F801A
:10F93000000000000000000000000002DB000000EA
:10F9400000CFFC00000009FFFC00000009FFFC00E4
:10F95000000009FFFC00000009FFFC00000009FF97
:10F96000FC00000009FFFC0000000DFFF60000098C
:10F97000FFFC000009FFFC000009FFFC000009FF7C
:10F98000FC000009FFFC000009FFFC000000CFFCA8
:10F9900000000002DB00000000000000000000008A
:10F9A00000000255000000000000000FFF80000072
:10F9B000000000002FFFA00000000000002FFFA0AB
:10F9C0000000000000002FFFA00000000000002F3A
:10F9D000FFA00000000000002FFFA000000037770C
:10F9E000778FFFC7777760EFFFFFFFFFFFFFFFF61F
:10F9F000FFFFFFFFFFFFFFFFF8DFFFFFFFFFFFFF3E
:10FA0000FFF51444445FFFB44444300000002FFF6E
:10FA1000A00000000000002FFFA000000000000078
:10FA20002FFFA00000000000002FFFA0000000003A
:10FA300000001FFF900000000000000DFF600000AC
:10FA4000000000000021000000004999999999994F
:10FA5000999980FFFFFFFFFFFFFFFFF7FFFFFFFF09
:10FA6000FFFFFFFFF7CFFFFFFFFFFFFFFFF40222C3
:10FA70002222222222221000000006ADFFEC830089
:10FA800000000000008FFFFFEFFFFC4000000003BC
:10FA9000EFFF920005DFFF90000004FFFF500252CD
:10FAA00001CFFFB00004FFFF80007FF901EFFFB03E
:10FAB00001EFFFF00008FFF708FFFF80AFFFFB0238
:10FAC00025FFFFE03FFFFF2FFFFFA07FFFFFFF02AB
:10FAD000FFFFF79FFFFB05FFFFFFC03FFFFF21EF89
:10FAE000FFF00CFFFFF507FFFF8003FFFF801AFF09
:10FAF000E501EFFFB00004FFFF50001001CFFFB0A1
:10FB0000000003DFFF920005DFFF90000000007F90
:10FB1000FFFFEFFFFC40000000000005ADEFEC83AD
:10FB20000000000000600000000000000000000075
:10FB3000000BFC10000000000000000000000CFFA3
:10FB4000E400000000000000000000009FFF7004BF
:10FB50008CEFED94000000000005FFFBEFFFFEFFBF
:10FB6000FFE600000000002DFFFFC40004CFFFB13E
:10FB70000000000000BFFF60031009FFFE2000002E
:10FB8000000007FFF94FFA00CFFFE100000BB000C3
:10FB90004EFFEFFFA04FFFFB00006FFD3001CFFFD6
:10FBA000FFF10FFFFF5000BFFFF60008FFFFF30E4D
:10FBB000FFFFA0006FFFFF00005FFFF20FFFFF508D
:10FBC000000CFFFF400002DFFE8FFFFA000001EF94
:10FBD000FFC000000AFFFFFFD10000002EFFF90068
:10FBE00000006FFFFD1000000001CFFFC400000304
:10FBF000EFFD200000000006EFFFFEE3001BFFF515
:10FC00000000000000059DEFEC20008FFF90000039
:10FC1000000000000000000004EFFB0000000000F6
:10FC20000000000000002CFA0000000000000000AE
:10FC30000000000060000000000007A300000000BA
:10FC40000000000000008FFE100000000000000017
:10FC50000002FFFF9000000000000000000AFFFF0C
:10FC6000F300000000000000004FFFFFFB00000059
:10FC70000000000000DFFFFFFF5000000000000058
:10FC800006FFFFFFFFD00000000000000EFFA224CF
:10FC9000FFF70000000000008FFF9001FFFF100041
:10FCA00000000002FFFFA002FFFF90000000000A1A
:10FCB000FFFFB003FFFFF2000000003FFFFFC004A2
:10FCC000FFFFFB00000000CFFFFFD005FFFFFF405C
:10FCD000000006FFFFFFF99CFFFFFFD000000EFFB2
:10FCE000FFFFF52BFFFFFFF700008FFFFFFF9001E5
:10FCF000FFFFFFFE1001FFFFFFFF8000FFFFFFFF80
:10FD0000900AFFFFFFFFF41AFFFFFFFFF20FFFFF54
:10FD1000FFFFFFFFFFFFFFFFF70BFFFFFFFFFFFFEF
:10FD2000FFFFFFFFF40168888888888888888888B2
:10FD3000400000000000000004300000000000004F
:10FD400000000FF500000000000000000FFF50EF62
:10FD5000FFF6000001CFFFFFF5FFFFFF50000CFF93
:10FD6000FFFFFFFFFFFFF500BFFFFFFFF72223DFCD
:10FD7000F809FFF72FFF8000002EB07FFF900FF8EB
:10FD80000000000306FFFA000760000000004FFFBC
:10FD9000B000000000000003FFFD0300076000004A
:10FDA000002EFFE13F900FF8002223DFFE22EFF745
:10FDB0002FFF80FFFFFFF300CFFFFFFFF8FFFFFFE4
:10FDC00050000CFFFFFFFEEFFFF6000001CFFFFF2A
:10FDD000F4000000000000000FFF400000000000E1
:10FDE00000000FF5000000000000000004300000DB
:10FDF00000000094000000000000000CFF50000014
:10FE000000000000CFFFF500000000000CFFFFFF26
:10FE10005000000000CFFFAEFFF50000000CFFF91E
:10FE200002EFFF500000CFFF90002EFFF5000CFF07
:10FE3000F9000002EFFF50AFFF900000002EFFF22C
:10FE40007FF90000000002EFE106700000000000F2
:10FE500029200670000000000029207FF900000022
:10FE60000003EFE19FFF900000003EFFF20BFFF95F
:10FE7000000003EFFF5000BFFF90003EFFF50000C1
:10FE80000BFFF903EFFF50000000BFFFAEFFF500CE
:10FE90000000000BFFFFFF500000000000BFFFF557
:10FEA0000000000000000BFF5000000000000000F8
:10FEB000940000000000009C100000000000000002
:10FEC0000000000AFFD1005888888888810000005F
:10FED000AFFFFD20EFFFFFFFFFF600000AFFFFFF6F
:10FEE000E24EFFFFFFFFF600008FFCFFCFFD00009A
:10FEF00000001FF600007FC2FF67FC000000001F2B
:10FF0000F600000301FF6030000000001FF6000053
:10FF10000001FF6000000000001FF600000001FF6C
:10FF20006000000000001FF600000001FF600000FC
:10FF30000003D71FF63D700001FF600000000AFFBC
:10FF40007FF9EFF00001FFB888888832EFFFFFFFEC
:10FF5000600001FFFFFFFFFFF22EFFFFF600000031
:10FF6000DFFFFFFFFFE202EFFF6000000000000084
:10FF7000000000002EF6000000000000000000005D
:10FF800000013000005EFFFFFF900000000000EF66
:10FF9000FFFFFFF90000000000FFFFFFFFFFB88830
:10FFA000888860FFFFFFFFFFFFFFFFFFFBFFFFFFF2
:10FFB000FFFFFFFFFFFFFFFFFFFFFFFFFFFFFFFF51
:10FFC000FFFFFFFFFFFFFFFFFFFFFFFFFFFFFFFF41
:10FFD000FFFFFFFFFFFFFFFFFFFFFFFFFFFFFFFF31
:10FFE000FFFFFFFFFFFFFFFFFFFFFFFFFFFFFFFF21
:10FFF000FFFFFFFFFFFFFFFFFFFFFFFFFFFFFFFF11
:020000040804EE
:10000000FFFFFFFFFFFFFFEFFFFFFFFFFFFFFFFF10
:10001000FE5EFFFFFFFFFFFFFFFFE50000000003A4
:100020001000000000000000006FD1000000000080
:10003000000006FFFD100000000000006FFFFFD170
:10004000000000000006FFFFFFFD10000000006F31
:10005000FFFFFFFFD100000006FFFFFFFFFFFD10C5
:1000600000000DFFFFFFFFFFFF60000000111BFFFE
:10007000FF511100000000000BFFFF4000000000D6
:1000800000000BFFFF400000000000000BFFFF40DE
:100090000000000000000BFFFF4000000000000017
:1000A0000BFFFF400000007AAAAA2BFFFF42AAAA7A
:1000B000A7FFFFFF82677608FFFFFFFFFFFFFB77C9
:1000C00077BFFFFFFFFFFFFFFFFFFFFFFFFFFFFF08
:1000D000FFFFFFFFFFFB0F48FFFFFFFFFFFFFFFFDB
:1000E000EFEFFF14444444444444444441000000BE
:1000F000000000000462000000000000000001FF9A
:10010000FEB5000000000000007FFFFFF0000000CF
:100110000000000EFFFFFF00000000000005FFFFD1
:10012000FFD0000000000000BFFFFFFB0000000048
:10013000000006FFFFFF8000000000000005FFFF39
:10014000F40000000000000005FFFE0000000000B9
:10015000000000BFFF90000000000000004FFFF211
:10016000000000000000002EFFF800000001300039
:10017000001DFFFD00000029FF70003EFFFF300062
:1001800004BFFFFF407FFFFF500000EFFFFFFEEFC7
:10019000FFFF5000000CFFFFFFFFFFFE40000000CC
:1001A0008FFFFFFFFFFB1000000004FFFFFFFFD5E4
:1001B00000000000001FFFFFEA40000000000000F8
:1001C00057642000000000000000002540000000EF
:1001D00000000009FFFE30000004AA507FFFFFE08E
:1001E00000008FFFF5EFD37FF60008FFFFB0FF8020
:1001F0000FF7008FFFFB00DFE7AFF508FFFFB00050
:100200005FFFFFFD9FFFFB000005EFFFFFFFFFB05B
:10021000000000015FFFFFFB00000000000BFFFF7C
:10022000F200000000259FFFFFFD10000009FFFF06
:10023000FFFFFFD100007FFFFFFB6FFFFD1000EF0E
:10024000D37FF505FFFFD100FF800FF7005FFFFDB3
:1002500010DFE7AFF50005FFFFD15FFFFFC0000033
:100260004FFFF405EFFB10000001662000010000C5
:100270000000000000000008BBBBBB509000000065
:100280000FFFFFFF81FB0000000FFFFFFF81FFB0AA
:1002900000000FFFFFFF81FFF88CC90FFFFFFF80F9
:1002A0000000FFFC0FFFFFFFD54443FFFC0FFFFFE3
:1002B000FFFFFFFAFFFC0FFFFFFFFFFFFAFFFC0F3E
:1002C000FFFFFFFFFFFAFFFC0FFFFFFFFFFFFAFF3B
:1002D000FC0FFFFFFFFFFFFAFFFC0FFFFFFFFFFF19
:1002E000FAFFFC0FFFFFFFFFFFFAFFFC0FFFFFFF0E
:1002F000FFFFFAFFFC0FFFFFFFFFFFFAFFFC0FFFFE
:10030000FFFFFFFFFAFFFE0BFFFFFFFFFFF7FFFFFF
:1003100091000000000000FFFFFFFFFFFF800000D2
:10032000FFFFFFFFFFFF7000005888888888871054
:100330000000067777777777600000BFFFFFFFFF49
:10034000FFFD1000FFFFFFFFFFFFFFC100FF900058
:10035000000001DFFC10FF8000000000BFFFC0FFB5
:100360008000000000BFFFF3FF8000000000BFFF1F
:10037000F4FF8000000000BFFFF4FFD88888888861
:10038000EFFFF4FFFFFFFFFFFFFFFFF4FFFFFFFFA3
:10039000FFFFFFFFF4FFFFFFE402CFFFFFF4FFFFCB
:1003A000FF60002FFFFFF4FFFFFF40000FFFFFF48F
:1003B000FFFFFFA0006FFFFFF4FFFFFFFC8AFFFFBE
:1003C000FFF4EFFFFFFFFFFFFFFFF36FFFFFFFFFF4
:1003D000FFFFFFA000000000000000000000000080
:1003E000000000000000EFFFFFFFFFFFFFFFF6FF30
:1003F000FFFFFFFFFFFFFFF8ACCCCCCCCCCCCCCCCC
:10040000C400000000000000000000000000000028
:10041000000000000000000000000000CDDDDDDD78
:10042000DDDDDDDDD5FFFFFFFFFFFFFFFFF8DFFFB5
:10043000FFFFFFFFFFFFF5000000000000000000CD
:1004400000000000000000000000000000000000AC
:100450000000ACCCCCCCCCCCCCCCC4FFFFFFFFFF9D
:10046000FFFFFFF8EFFFFFFFFFFFFFFFF6000000B9
:100470000000000000005EFFFFFFFFFFFFFFFFE541
:10048000EFFFFFFFFFFFFFFFFFFEFFFFFFFFFFFF8D
:10049000FFFFFFFF7FFFFFFFFFFFFFFFFFF703EF00
:1004A000FFFFFFFFFFFFFE30E31BFFFFFFFFFFFF2C
:1004B000B13EFF707FFFFFFFFFF707FFFFFB13DF7A
:1004C000FFFFFD31BFFFFFFFE40AFFFFA04EFFFF6C
:1004D000FFFFFF805DD508FFFFFFFFFFFFFC20024D
:1004E000CFFFFFFFFFFFFFFFFDDFFFFFFFFFFFFF6E
:1004F000FFFFFFFFFFFFFFFFEFFFFFFFFFFFFFFF1C
:10050000FFFE5EFFFFFFFFFFFFFFFFE50014444417
:1005100041000000BFFFFFFA000000EFFFFFF800FE
:100520000000FFFFFFF3000002FFFFFFD000000408
:10053000FFFFFF80000006FFFFFF40000008FFFFF5
:10054000FFFFFFF50AFFFFFFFFFFF40DFFFFFFFFB7
:10055000FFB00FFFFFFFFFFF200BFFFFFFFFF900C2
:100560000000008FFFE100000000CFFF60000000EE
:1005700000FFFD0000000003FFF40000000007FF83
:10058000A0000000000BFF20000000000FF800009A
:100590000000002FE0000000000009400000000003
:1005A00000067100000000001444BFFE4443000038
:1005B00000EFFFF94FFFFF400000FFFFF83FFFFF94
:1005C000500000FFFFFFFFFFFF500000FFFFFFA8EC
:1005D0008888200000FFFFF6000000000000FFFFF9
:1005E000F0CFFFFF51E200FFFFF0EFFFFF51FE20D1
:1005F000FFFFF0EFFFFF51FFE2FFFFF0EFFFFF50C3
:10060000BBB7FFFFF0EFFFFF800000FFFFF0EFFF41
:10061000FFFFFFFAFFFFF0EFFFFFFFFFFAFFFFF022
:10062000EFFFFFFFFFFAFFFFF0EFFFFFFFFFFACF43
:10063000FFF0EFFFFFFFFFFA000000EFFFFFFFFFFB
:10064000FA000000EFFFFFFFFFFA000000EFFFFFDE
:10065000FFFFFA0000007BBBBBBBBBB40000000087
:10066000310000000000000005FD00000000000057
:100670000009FF10000000000007EFFFFB20000052
:100680000000AFFFFFFFF300000008FFFFFFFFFEC9
:100690001000001FFFFFFFFFFF8000005FFFFFFF54
:1006A000FFFFD000007FFFFFFFFFFFF000008FFF84
:1006B000FFFFFFFFF000009FFFFFFFFFFFF10000C3
:1006C000DFFFFFFFFFFFF50001FFFFFFFFFFFFF967
:1006D0000009FFFFFFFFFFFFFF105FFFFFFFFFFFAE
:1006E000FFFFD0EFFFFFFFFFFFFFFFF69FFFFFFFC2
:1006F000FFFFFFFFE300000000000000000000001B
:1007000000AFFFF20000000000003FFFA00000006B
:100710000000000275000000005EFFFFFFFFFFFF0A
:10072000FFFFFFFB0EFFFFFFFFFFFFFFFFFFFFF6D7
:10073000FFC88FA8AF88BF88FB88FF8FF800F4043C
:10074000F005E00E500FF8FF800F404F006F00F6ED
:1007500000FF8FFFFFFFFFFFFFFFFFFFFFF8FFFF1F
:10076000946F648F44BB44FFFF8FFFF602F205F0E5
:1007700008800EFFF8FFFF946F648F44BB44FFFFB7
:100780008FFFFFFFFFFFFFFFFFFFFFF8FF800F401E
:1007900000000000F600FF8FF800F4000000000EDB
:1007A000500FF8FFC88FA888888888FB88FF8EFFC5
:1007B000FFFFFFFFFFFFFFFFFFF65EFFFFFFFFFFF3
:1007C000FFFFFFFFFB0000000000000000000056DC
:1007D0000000000000000000017EFFA000000000FB
:1007E0000000018FFFFFF0000000000002AFFFFFDC
:1007F000FFA00000000004BFFFFFFFFF300000006B
:1008000005CFFFFFFFFFFB00000006DFFFFFFFFF3C
:10081000FFF4000018EFFFFFFFFFFFFFD00005FF10
:10082000FFFFFFFFFFFFFF50000EFFFFFFFFFFFF77
:10083000FFFE00000DFFFFFFFFFFFFFFF7000002BC
:10084000ACCCCCCDFFFFFFF000000000000004FFA7
:10085000FFFF8000000000000004FFFFFF10000009
:100860000000000004FFFFF9000000000000000489
:10087000FFFFF20000000000000004FFFFB00000D6
:10088000000000000004FFFF300000000000000036
:1008900003FFFC000000000000000000EFF4000077
:1008A0000000000000000027300000000024444445
:1008B000443030000FFFFFFFFC0F6000FFFFFFFF21
:1008C000C0FF600FFFFFFFFC0FFF60FFFFFFFFC0D7
:1008D000FFFF6FFFFFFFFC0BBBBBFFFFFFFFE10054
:1008E000000FFFFFFFFFFFFFFFFFFFFFFFFFFFFF07
:1008F000FFFFFFFFFFFFFFFFFFFFFFFFFFFFFFFF08
:10090000FFFFFFFFFFFFFFFFFFFFFFFFFFFFFFFFF7
:10091000FFFFFFFFFFFFFFFFFFFFFFFFFFFFFFFFE7
:10092000FFFFFFFFFFFFFFFFFFFFFFFFFFFFFFFFD7
:10093000FFFFFFFFFFFFFFFFFFFFFFFFFFFFFFFFC7
:10094000FFFFFF8BBBBBBBBBBBBB8000000000003D
:1009500023432000000000000000038CFFFFFFFC89
:100960008300000000006DFFFFFFFFFFFFFD600040
:100970000003DFFFFFFFFEFFFFFFFFD30008FFFFC5
:10098000FB720000027BFFFFF80AFFFFA2000000DD
:10099000000002AFFFFABFFD3000000000000000C1
:1009A0003DFFB0BA1000059DEFED9500001AB000B4
:1009B00000006DFFFFFFFFFD600000000001BFFFB2
:1009C000FFFFFFFFFFB1000000008FFFFA53235A23
:1009D000FFFF8000000000CFB100000001BFC00099
:1009E0000000000040000000000040000000000087
:1009F0000000019D9100000000000000000000AF19
:100A0000FFA00000000000000000000FFFFF00003A
:100A10000000000000000000CFFFC0000000000048
:100A20000000000003EFE3000000000000000000F1
:100A3000000010000000000000178888888888885F
:100A400088888888600CFFFFFFFFFFFFFFFFFFFF24
:100A5000FF80FFFFFFFFFFFFFFFFFFFFFFFC0FF81F
:100A6000000000000000000000CFFDFF84FFFFFF3A
:100A7000FFFFFFFFFF0CFFFFF84FFFFFFFFFFFFF30
:100A8000FFF05BFFFF84FFFFFFFFFFFFFFFF008F13
:100A9000FFF84FFFFFFFFFFFFFFFF008FFFF84FF9E
:100AA000FFFFFFFFFFFFFF0CFFFFF800000000004B
:100AB00000000000CFFFFFC8888888888888888861
:100AC0008EFD4EFFFFFFFFFFFFFFFFFFFFFFA04E6A
:100AD000FFFFFFFFFFFFFFFFFFFFC20017888888AF
:100AE00088888888888888600CFFFFFFFFFFFFFFE9
:100AF000FFFFFFFF80FFFFFFFFFFFFFFFFFFFFFF85
:100B0000FC0FF8000000000000000000CFFDFF8196
:100B1000FFFFFFFFFFFF60000CFFFFF81FFFFFFF5D
:100B2000FFFFF600005BFFFF81FFFFFFFFFFFF609D
:100B300000008FFFF81FFFFFFFFFFFF6000008FF18
:100B4000FF81FFFFFFFFFFFF60000CFFFFF80000C9
:100B500000000000000000CFFFFFC8888888888858
:100B60008888888EFD4EFFFFFFFFFFFFFFFFFFFF1E
:100B7000FFA04EFFFFFFFFFFFFFFFFFFFFC20017B9
:100B800088888888888888888888600CFFFFFFFFAD
:100B9000FFFFFFFFFFFFFF80FFFFFFFFFFFFFFFFE4
:100BA000FFFFFFFC0FF8000000000000000000CF76
:100BB000FDFF81FFFFFFFFA00000000CFFFFF81FFB
:100BC000FFFFFFFA000000005BFFFF81FFFFFFFF58
:100BD000A0000000008FFFF81FFFFFFFFA000000D9
:100BE0000008FFFF81FFFFFFFFA00000000CFFFFD8
:100BF000F8000000000000000000CFFFFFC8888858
:100C00008888888888888EFD4EFFFFFFFFFFFFFFE2
:100C1000FFFFFFFFA04EFFFFFFFFFFFFFFFFFFFFF4
:100C2000C2001788888888888888888888600CFF30
:100C3000FFFFFFFFFFFFFFFFFFFF80FFFFFFFFFF43
:100C4000FFFFFFFFFFFFFC0FF800000000000000A7
:100C50000000CFFDFF81FFFFE000000000000CFF5F
:100C6000FFF81FFFFE0000000000005BFFFF81FF98
:100C7000FFE00000000000008FFFF81FFFFE0000F3
:100C80000000000008FFFF81FFFFE00000000000FF
:100C90000CFFFFF8000000000000000000CFFFFF85
:100CA000C888888888888888888EFD4EFFFFFFFF67
:100CB000FFFFFFFFFFFFFFA04EFFFFFFFFFFFFFF54
:100CC000FFFFFFC2001788888888888888888888FE
:100CD000600CFFFFFFFFFFFFFFFFFFFFFF80FFFF35
:100CE000FFFFFFFFFFFFFFFFFFFC0FF8000000000A
:100CF0000000000000CFFDFF8000000000000000A9
:100D0000000CFFFFF80000000000000000005BFF87
:100D1000FF800000000000000000008FFFF80000CE
:100D20000000000000000008FFFF8000000000003D
:100D30000000000CFFFFF8000000000000000000B1
:100D4000CFFFFFC888888888888888888EFD4EFFF6
:100D5000FFFFFFFFFFFFFFFFFFFFA04EFFFFFFFFB3
:100D6000FFFFFFFFFFFFC2000000000000000010B7
:100D700000000000000000000000000CFE20000049
:100D8000000000000000007CDFFF90000000000079
:100D900000000009FBBFFF90000000000000000001
:100DA0002F700AFC1000000000003200009E0000BE
:100DB0000000000000002DFF9001F6000000000080
:100DC0001C3000CFFFF63CF333333333335FF9107D
:100DD000FFFFFFFFFFFFFFFFFFFFFFFFD0CFFFF68B
:100DE0003334ED333333335FFA102DFF9000005F5F
:100DF000300000001C300000320000000DA0000098
:100E000000000000000000000006F30AFFF70000E9
:100E100000000000000000CEAEFFF800000000005F
:100E20000000000008BEFFF8000000000000000005
:100E300000000AFFF70000000000000000000001B1
:100E4000222000000000000034310000000003BF39
:100E5000FFFFE70000006FFFFAFFFFB00004FFFF95
:100E6000F19FFFF8000DFFFFF10AFFFF103FFFFFAA
:100E7000F100BFFF607FFD8FF1660CFFA0AFF807A8
:100E8000F16F13FFD0CFFF7071531EFFF0DFFFF73C
:100E90000001DFFFF0EFFFFF600CFFFFF0EFFFFF4F
:100EA0003007FFFFF0DFFFF300108FFFF0CFFF30C0
:100EB000B16709FFF09FF60BF26E02FFD06FFFCF14
:100EC000F2522EFFA01FFFFFF202EFFF5009FFFFBB
:100ED000F22EFFFE0000DFFFF4EFFFF500001AFF27
:100EE000FFFFFF6000000027ABB9500000000002C8
:100EF000ABBBB700000057777CFFFFFF777772FF2F
:100F0000FFFFFFFFFFFFFFF7EFFFFFFFFFFFFFFF09
:100F1000F60000000000000000000688888888882D
:100F20008888200CFFFFFFFFFFFFFF400CFFFFFF43
:100F3000FFFFFFFF400CFF77FF3BFE1EFF400CFF53
:100F400066FF2AFE0EFF400CFF66FF2AFE0EFF40E2
:100F50000CFF66FF2AFE0EFF400CFF66FF2AFE0E06
:100F6000FF400CFF66FF2AFE0EFF400CFF66FF2AC3
:100F7000FE0EFF400CFF66FF2AFE0EFF400CFF66D0
:100F8000FF2AFE0EFF400CFF77FF3BFE1EFF400BCB
:100F9000FFFFFFFFFFFFFF3007FFFFFFFFFFFFFE29
:100FA00000005788888888887200000000000000D0
:100FB000000164000000000000000002DFF80000F3
:100FC000000000000002EFFFF80000000000000039
:100FD0007FFFFFF8000000000002908FFFFFF0008D
:100FE00000000002EFB08FFFFC0000000002EFFFE6
:100FF000B08FFE1000000002EFFFFFB08E20000057
:101000000002EFFFFFFFB01000000002EFFFFFFF44
:10101000FE1000000002EFFFFFFFFE2000000002B4
:10102000EFFFFFFFFE2000000002EFFFFFFFFE20AA
:1010300000000002EFFFFFFFFE2000000001EFFFB5
:10104000FFFFFE20000000008FFFFFFFFE200000DA
:1010500000000AFFFFFFFE200000000000CFFFFF9E
:10106000FE2000000000000EFFFFFE200000000038
:101070000000FFFFFE2000000000000005753100A9
:10108000000000000000000000006EFFFFFFFFFFF7
:10109000FFFFFB2000008FFFFFFFFFFFFFFFFFFBB5
:1010A00000008FFFFFFFFFFFFFFFFFFFF0008FFF3C
:1010B000FFFF85FFFF58FFFFFF008FFFFFFFB0041A
:1010C000FF400BFFFFF08FFFFFFFFF40044004FFD6
:1010D000FFFF8FFFFFFFFFFF400004FFFFFFFFFF49
:1010E000FFFFFFFFFF1000EFFFFFFF8FFFFFFFFF7E
:1010F000FF400004FFFFFFF08FFFFFFFFF400440B1
:1011000004FFFFFF008FFFFFFFB004FF400BFFFF56
:10111000F0008FFFFFFF85FFFF58FFFFFF00008FEC
:10112000FFFFFFFFFFFFFFFFFFF000008FFFFFFF4C
:10113000FFFFFFFFFFFB0000006EFFFFFFFFFFFF51
:10114000FFFC200000288888887300002EFFFFFF26
:10115000FFF6001DFFFFFFFFFFE01DF60E50D60853
:10116000FF1DFF60E50D608FFCFFF60E50D608FFF7
:10117000FFFF60E50D608FFFFFFFFFFFFFFFFFFF39
:10118000FFFFFFFFFFFFFFFFFFFFFFFFFFFFFFFF6F
:10119000FFFFFFFFFFFFFFFFFFFFFFFFFFFFFFFF5F
:1011A000FFFFFFFFFFFFFFFFFFFFFFFFFFFFFFFF4F
:1011B000FFFFFFFFFFFFFFFFFFFFFFFFFFFFFFFF3F
:1011C000FFFFFFFFFFFFFFFFFFFFFFFFFFFFFFFF2F
:1011D000FFE9FFFFFFFFFFFFF807ABBBBBBBBBA6F1
:1011E00000000000000000000000070000000000F8
:1011F000000000000AF100000100000000000AFFEA
:1012000010000AF30000000000FFF1000BFF500087
:101210000000000FFF100CFFF50000000000FFF1C0
:101220001DFFFFCBBBBBBBBBBFFF1CFFFFFFFFFF17
:10123000FFFFFFFFF19FFFFFFFFFFFFFFFFFFF002B
:101240009FFFF966666666666640008FFF50000085
:101250000000000000007FF500000000000000001A
:10126000005C100000000000000000000000000012
:1012700000000000000060050000000000006005A4
:10128000030E01001500D007060601082700100E06
:101290000E0E00008900700C0C1400FD0101E0101E
:1012A000110E00007801C00D0E0F00FFE1013004A7
:1012B00002060108E701C006061301FC2002C00671
:1012C000051300FC50020008080800077002A00B7C
:1012D0000A0A0103A2029004040600FDAE02B00750
:1012E00006020105B402900404030000BA021007CC
:1012F0000914FFFE1403500D0D0E00006F0360076C
:10130000060E00009903800B0B0E0000E603700B25
:101310000B0E00003304600D0E0E00009504800BD0
:101320000B0E0000E204500C0C0E00003605F00B12
:101330000C0E00008A05E00C0C0E0000DE05500CBF
:101340000C0E000032069004040B000048069004C6
:10135000040E00FD6406A00B0A0A01029606A00B0B
:101360000A070104B906A00B0A0A0102EB06700B7A
:101370000B0E00003807B014141200FCEC07A00E8E
:10138000100EFF005C08200F0D0E0200B708700E53
:101390000E0E0000190980100E0E02007B09600D70
:1013A0000B0E0200C809B00C0A0E02000E0A700FE4
:1013B0000E0E0000700A40100D0E0200CB0A30061F
:1013C000030E0200E00A400A0A0EFF00260B600E20
:1013D0000D0E0200810BE00B0A0E0200C70B20135A
:1013E0000F0E0200300C40100D0E02008B0CD010BE
:1013F000100E0000FB0C700E0C0E02004F0DD010F2
:10140000111100FDE00D900E0C0E0200340E700C58
:101410000C0E0000880EC00B0C0E0000DC0ED00F6E
:101420000D0E0100370F400E100EFF00A70F8016A3
:10143000160E00004110700D0E0E0000A310F00CEF
:101440000F0EFF000C11200D0D0E00006711B006ED
:10145000051302FC971110070914FFFEF111B006E5
:10146000051300FC2112B00B0A0901034E12000AF9
:101470000A0300FE5D12000C0603020C6612F00B5C
:101480000A0B01009D12A00D0C0F0100F712700B4A
:101490000B0B00003413A00D0C0F00008E13400C3A
:1014A0000C0B0000D0131007080F00000C14D00D17
:1014B0000C0F00FC6614A00D0B0F0100B914900571
:1014C000040F0100D714B0050713FEFC1A15500CC9
:1014D0000C0F010074159005030F01008B152015EA
:1014E000130B0100F415A00D0B0B01003116B00C0D
:1014F0000C0B00007316A00D0C0F01FCCD16A00DF7
:101500000C0F00FC27173008070B01004E17000ACC
:101510000A0B000085174008080E0000BD17900D4B
:101520000B0B0100FA17300B0D0BFF0042180012D5
:10153000120B0000A518100B0B0B0000E218300B6B
:101540000D0FFFFC4419700A0A0B00007B190007FD
:10155000061301FCB4190006021302FCC7190007A8
:10156000061300FC001AA00B0A040105141A6008F7
:1015700008080007341A4006040401043C1A001449
:10158000141500FD0E1B0014140F0000A41B001402
:10159000141300FE621C0014140F0000F81CC00D90
:1015A0000E0F0000611D0014141500FD331E001401
:1015B000141500FD051F8016171300FEE01F001410
:1015C000141500FDB2208016170F00005F210014D3
:1015D000141500FD3122000A0A1000008122000FBC
:1015E0000F1000FFF9228016171300FED4230014F9
:1015F000140F00006A24C00D0E1500FDFD2480119B
:101600000D1302FE79258011121500FD362680117A
:10161000121300FEE1268011121300FE8C278011A8
:101620000D1302FE082880111313FFFEBD28800C45
:101630000B1301FE2629800C0B1301FE8F2980114C
:10164000121300FE3A2A801112050005672A80163F
:10165000170F0000142B00191A15FFFD252C8016FA
:101660001815FFFD212D0014141300FEDF2D80112D
:10167000120B0002422E8011120B0002A52E00193F
:101680001A1000FF752F0014140F00000B30001407
:10169000141500FDDD3000141515FFFDBA31801161
:1016A000121300FE65328011121500FD22338011E5
:1016B000121300FECD338011121100FF66340014A6
:1016C000140F0000FC34800C0E15FFFD8F358011C7
:1016D000121500FD4C368011121500FD09378016D9
:1016E000170F0000B63700141615FFFD9D38000FC8
:1016F0000F1500FD3B390019191300FE293A001996
:10170000190D0001CC3A0019190D00016F3B0019A9
:10171000190D0001123C0019190D0001B53C00190A
:10172000190D0001583D00191A1100FF353E8011B6
:10173000101501FDDD3E8011121500FD9A3F0014C9
:101740001515FFFD77400019190F00003341000FF8
:101750000F1500FDD1412014150D00010000721F6E
:1017600051EF58EF5BEF5CEF5DEF61EF63EF65EF1B
:1017700069EF6CEF71EF76EF77EF78EF8EEF93EF25
:1017800098EF9BEF9CEF9DEFA1EFA2EFA3EFA4EFEB
:10179000B7EFB8EFBEEFC0EFC1EFC4EFC7EFC8EFD0
:1017A000C9EFCBEFE3EFE5EF14F015F017F019F008
:1017B00030F037F03AF043F06CF074F0ABF03BF1FE
:1017C00090F191F192F193F194F1D7F1E3F13DF2BF
:1017D00054F2AAF412F7F2F7200000005F000100B3
:1017E000000000000000000000000200B000000047
:1017F000F3F760005C170408000000003E000300DF
:10180000000001020003040502060708090A090A8C
:101810000B0C000D0E0F101112130C14140000000D
:101820001516171819161A1B1C1D1D1E1F201D1D0D
:101830001621222303241E2525262728292A2B00AA
:101840002C002D2E2F303132332D343435302D2DC8
:101850002E2E36373839333A3A3B3A3C29000009C4
:101860003D09000000000000000000000000000032
:101870000000000000000000000000000000000068
:101880000000000000000000000000000000000058
:101890000000000000000000000000000000000048
:1018A00001020003040502060708090A090A0B0CD5
:1018B0000D0E0F10110C1213141515000000161741
:1018C0001819171919191719191A1919191917198E
:1018D0001719031B1C1D1D1E1F202122230024007D
:1018E0002526272727002726282926262A2A272AA9
:1018F000272A2B2C2D2E2E2F2E30000023093109C4
:1019000000000000000000000000000000000000D7
:1019100000000000000000000000000000000000C7
:1019200000000000000000000000000000000000B7
:1019300000000000000000000000000000010000A6
:101940000000000000010000030000000002000091
:101950000000000000000000000000000000010086
:1019600000000000000000000000000000010E0068
:1019700009F900000000EEED020F0705F302100167
:101980000D030A0000000000000000000000130327
:10199000FE0000000000000000000000000600F64D
:1019A0000000000000FA05060000FD00FE0300FD37
:1019B00000FDFEFA00000000FD0000FCFB0000FD41
:1019C00000FA000000000000000000FDFD00FB0028
:1019D000F700D90000FA00060A0000FA03030B061C
:1019E000FB060000EE000000000000000000000008
:1019F000F40000000000000000000000000000F7FC
:101A0000FCF000F3FE00000000010C00F6FDFF01F9
:101A100000FB0000FEE800000000000000000000E5
:101A200000E6FD0C000000000000000000000000C7
:101A3000F3000000000000000000000B00030000A5
:101A4000FA0000000000000000000000000000009C
:101A500000000C0301000000000000000000000076
:101A60000000000000000000000000000000000076
:101A7000000000000000000000000000F400000072
:101A80000000000000000000000000000000000056
:101A90000000000206030AFD000006FDF5D402095D
:101AA0000601FC000C000A000A00E200FC0A000B20
:101AB000FD0603000001FD0000FB1A001A000A00E9
:101AC0000D04050A000000F40000000001FE000201
:101AD000FAFCFA0200FD000000F300000000000024
:101AE0000000000000EB000000000000000000000B
:101AF000000000000001EE00EC00000000FE0020ED
:101B0000FCFC0303FD00FC030000EF0000000000EC
:101B1000000000000000E1000300000000000000E1
:101B20000000000000EC00130000F4000B00EAE1EC
:101B3000EAFA0A0000EB0004F900FB0000000000D4
:101B400000000000000000080AD9000000000000AA
:101B50000000000000000F00020000000000020270
:101B6000FCFA00FFFFFD0000FE000000FA00FD008F
:101B7000F9FA00F8F5F5FA00FA00FA00000000FDA5
:101B80000000030002FD000100000003FE00000051
:101B9000FE0303FF000000FA00FF00000000000148
:101BA0000004FE00FC00FB0000FE000A0000FD0037
:101BB00000000000FF01FEFE0000FD00FD0000002F
:101BC000000000000000FEFE00FDFC000000000020
:101BD000010000FE00FDFDFD00000000000000000F
:101BE00000FE00000000FEFC00FB00F6FEF6060012
:101BF00000FA03060900F8FFFC00FFF103FE02EF04
:101C000003000001EF00EFFDE4FE00F00006090014
:101C100004000000000100FAFC00F6000000FD00D6
:101C20000000FD0000000000FEFE00FEFC000000C1
:101C300000000000FDFD00FEFCFD0000FD000000B6
:101C40000000000000000000FDFD00FC00FE00FAA6
:101C5000030000FC020303000000000000FE00007F
:101C6000000000020000FD00FDFEFC00000000007E
:101C700000000300FD00000000FCFB00FA000AFE6B
:101C800001F6000009F0EFF3FA0300FDEBFA00FAA9
:101C900000FA05FAEC00F7000002FF03FE00030063
:101CA000F6F400F0F8F9F8F6FCF7FFFAF702000195
:101CB00000FD000000020003000000000000000022
:101CC000000000FD00FE00FFFD00FBF9F9FF00F63B
:101CD000000000000000FD0000000001FE00000008
:101CE0000300000000000000000F000000000000E2
:101CF00002000000FD0000000000000000000000E5
:101D0000FA000300000000000000000000000000D6
:101D1000FE000000FA00000000F0F6000000FBF0FA
:101D20000000FD0300F700000000000000000000BC
:101D3000FB0000FA000000000000000000000000AE
:101D40000300FA00000000040002FAFA00FDFDFCA6
:101D5000000000000000F600FD00FBFD00F9F8F6B1
:101D6000FD00FA00F6000000001A0000020000FC6E
:101D7000000300F20000000000E2FA0B0AFDF3008D
:101D800003FB00F0FEFC03EAFD040005F5FBF4F59F
:101D9000F30000ED00120000FE000000FEFEFDF763
:101DA000F5FFE2000000000000000000010000005C
:101DB00000000000000000000000000000FD00FE28
:101DC000FDFB0000FA00FD00000000000000000024
:101DD000000000000000FF00FA000006FF0400F908
:101DE00003FEFFF8FD00FCFDFE00FBFB0000FDFF15
:101DF000FEFBFC0000FD0003FE00F9000000FA00FD
:101E0000FB00FBFB030000000000000000FA0300E1
:101E1000FC00FEFCF6FEFEFEFFFEFCFF00000000E4
:101E200000FDFDFD0000000004FE00FE000000FEBD
:101E3000FCFEFDFCFD00030DFF00F700FE0600FDAB
:101E4000F3FC050000F1FB03FB0200FEFDF600FBC6
:101E5000020000FB0000000303FAFA00FBFDFBFD9B
:101E6000FD00FB02FAFB0A00000000000000000079
:101E7000030000000000000000000000000000005F
:101E80000000000000000000FB0000000000000057
:101E90000000000000000000000000000000000042
:101EA0000000000000000000000000000000000032
:101EB00000000000FE000000000000000000000024
:101EC0000000000000000000000000000000000012
:101ED0000000FDFD00000000000000000000000008
:101EE000FB0000FC0000FDFD00000000FD00000004
:101EF00000FE0000000000FE00000000FB00FA00F1
:101F00000000F50002F90601FEF10000F9FD00F302
:101F1000F8F70000F2FDF3F4F100F8000315FC00FF
:101F2000F9FDFFFDFBF7FAF4F3F9FD0000FE0001F7
:101F30000000EAFD0A07F9F40001F600F0FEFD06D4
:101F4000E3FC010000EBFCEFFDE90000EA001301F7
:101F500000FE00000000FEFEF4FE00EB00000000AA
:101F6000F600FD00FFF7F10000FEFBF6FD00FE00AD
:101F7000000000F2FDF5F6FDFBF8FDFB00FAFDF5B3
:101F8000FB00FCFAFDFA000200FEF5000600FA0074
:101F9000000000040002FA0D00FDFDFC000000003E
:101FA0000000F600FD00FBFD00F9F8F6FD00FA0365
:101FB0000D000000001A0000020000FC00030000F9
:101FC000000000000000FF0000000000FEFA00001A
:101FD000000000FE000000FDFD0000FAFD0000FA18
:101FE0000005FE00000000000002000000000506E1
:101FF00003FD00F6FB000AF5F6FAFA0D0603E4FE0F
:1020000006FD00FD04FDF500FD03FCFDF6FD0000EE
:102010000A0600F700EEFC09FCF401FCF5F5FD0DE5
:102020000300FB00F700030BF9F4F3F80A0001E9E1
:10203000FD03FBFEF900F9F4FBFBFD0000F9F9FDDF
:10204000000A07FDEE00EEFC00F5EDFFF6FBF5F7EC
:10205000090000FC00FAFD00FDFA0005F503000090
:10206000EF00FDF9FBFEF6F8F5F900F6FDF9FAF6DA
:10207000FD0000010FFB00F6FD00FDFAF9F7F7F493
:10208000FCFA0600FB00F0FC0206F6F4FAF50BFD84
:1020900002E2FA06F9FBF400F6F3FCFDFDFDF9F6A9
:1020A000FF00000A09FEEB00EDF908F4EAFAF5F387
:1020B000F0F50600000000FC000003FC0602FA0632
:1020C0000000F6FF00FF000101FD0000000000001D
:1020D000FD00000000030A0100FC00000000FEFEFD
:1020E000FC0000000103000000000300FD000C00E4
:1020F000060101FC000600000003000000000000D3
:1021000000000000000A00090000000000000000BC
:10211000000000000000ED00FD05000A00002004A2
:10212000FAFA0303FE01F000000FED0000000000CA
:10213000000000000000EA0C2D000000000000007C
:102140000000000000ED00000000000000000000A2
:10215000000000000000000000000000000000007F
:10216000FB0000FAFD00000000000000000000007D
:102170000000000000000000FE00F7000001000069
:102180000329FAFD0A09F70300000303FC0000001D
:102190000000000000000000D60900000000000060
:1021A0000000000000000000000000F7000000F741
:1021B00000000000F9FE000000F900FC00F1000042
:1021C000000000000000000000EB00000000010023
:1021D0000000000000FD0000FA00FB00F700000016
:1021E000FB03FC0000F7FDF90000F700FD00F10023
:1021F000FC0000E6FAF3FCF40000EB00F7FE000040
:10220000000000000000FBFAFDFB00000000F900E8
:10221000F904FC0600FEF9FEFBFA00FCFEFE02F7E4
:10222000FF000000E4FDFC00F900FEF1FD0000FEEF
:10223000FD000000000200FEFBFE050000000000A3
:10224000000000000000000000000000000000008E
:10225000000000000000000000000000000000007E
:1022600000000000000004000000000000F900FE73
:10227000000000FA03000000F7FDFA0000F700FD7F
:1022800000F100000000E100FAF4F00000EB00FEB5
:10229000FB0000000000000000FDFBFEFB01000051
:1022A00005FC000A10FDFDF604100507F7040D04F7
:1022B0000907090000000000000000000000140FE2
:1022C000FAFD00FD1A0E1A0000000300000C0000C9
:1022D000FB000000000000000000FE000000000005
:1022E0000000000400000000E5FCFDF3F00000EB3E
:1022F00000000000000000000000000000000000DE
:1023000000FB000000000000000000FE00000000D4
:10231000000000000400000000E5FCFDF3F00000F8
:10232000F3000000000000000000000000000000BA
:1023300000000000FD000000F90300FD030603F6A5
:1023400000FFFD03000300000000F800FDFEFA009E
:10235000FDF30014FD00F9FE00FEFB00FDF7FAFCA2
:10236000000000FB000000000000000000FE000074
:102370000000000000000400000000E5FCFDF3F098
:102380000000EB0000000000001000000000000052
:1023900000000000FB00F6FCFD0AFDFDF301FE015C
:1023A000FEF7010701030103F8F3FC00F4FAF7F369
:1023B000F400FBFAFCFCFDFEFCFE00FEFF05000540
:1023C000FE000A000000000000000000000000FE07
:1023D000FDFD0000F700FE00FB0000000000000013
:1023E00000000000ED000000000000000000000000
:1023F000FDFD00FC00000000FD0000FBFD0300FBF4
:10240000FAFE00F7FEF9FEFC00FB000000000000F1
:102410000000000000EB000A0000FA00000000FCD1
:1024200000FD0000FE0000FE00F900000DFCF5F6C6
:10243000020404FFF70205020A020BFEF70000F394
:102440000000F6F70000FA00FCFB00FB00FB00FEBA
:102450000500FDF6FD0C0000FD00FA000004F90087
:1024600003FD030000F500FEFF00FD04FD00000079
:10247000F3FCF900F60000F1000CFD00FA00020088
:10248000FD00FDF600FD0300000000FE000003FC5F
:10249000010000FCFE00FC00000000000000000045
:1024A0000000000000000000EC00070000FD00003C
:1024B00000000100FDFD0000000600070000000014
:1024C00000ECEE010E0A05F3020D000C0006000000
:1024D00000000000000000000011000000000000EB
:1024E0000000000000000000000000003C1904088B
:1024F000001804089E1804083D31000010D003089D
:102500006C120408D8170408EC24040810000228F0
:10251000700201249DE40108A5E3010816000400EF
:1025200000FF0100FC24040800000000000000007F
:102530000CFF50CFF40BFF30AFF30AFF209FF209DE
:10254000FF108FF007FF007FF006FE006FE005FD33
:102550000027500000000000028600DFF60FFF8019
:102560006FC13FF102FF23FF102FF22FF001FF1286
:10257000FF001FF12FF001FF11FF000FF01FF0000F
:10258000FF0098000990000000AF500006FA00001C
:1025900000000BF300007F8000000000DF10000946
:1025A000F6000000000FF00000BF4000000001FD39
:1025B00000000DF200005FFFFFFFFFFFFFFFFE05C1
:1025C000FFFFFFFFFFFFFFFFE000008F800004FC24
:1025D0000000000009F600005FA000000000BF40FE
:1025E0000007F8000000000DF200009F60000000EE
:1025F00000FF00000AF4000000001FE00000CF30E0
:102600000004FFFFFFFFFFFFFFFFF04FFFFFFFFF93
:10261000FFFFFFFF000007F800002FD000000000C0
:102620009F600004FB000000000BF400006F9000AE
:10263000000000DF200008F7000000000FF000009D
:10264000AF5000000000000FC00000000000000FAD
:10265000C00000000000000FC000000000018CEF6F
:10266000FFD94000006FFFFFFFFFFD2005FFFC8F3B
:10267000D7AEFF100EFF500FC00059004FF9000FEA
:10268000C00000005FF6000FC00000004FFA000F0E
:10269000C00000000EFF800FC000000006FFFFBF5B
:1026A000C0000000005EFFFFFE94000000016BFF11
:1026B000FFFFC3000000001FEDFFFF300000000F10
:1026C000C03CFFC00000000FC000DFF10000000FA1
:1026D000C0008FF30400000FC000BFF15FA2000F25
:1026E000C005FFC0AFFFC87FD8CFFF3009FFFFFF95
:1026F000FFFFE4000017BEFFFFC700000000000F4F
:10270000C00000000000000FC00000000000000F2B
:10271000C0000000007DFE8000000000DF30000AE5
:10272000FD9CFC00000009F900004FB0008F700014
:10273000004FD00000BF30000FD00000DF3000009D
:10274000EF00000CF10009F9000000FE00000AF1A2
:10275000004FD0000000EF00000CF100EF3000004F
:1027600000BF30000FD009F8000000004FB0008F0C
:10277000704FD0000000000AFD9CFC00EF3005887F
:102780005000007DFE8009F801CFFFFC1000000022
:10279000004FD00BF9118FB000000000EF302FC0B8
:1027A000000CF300000009F8006F600006F700005D
:1027B000004FD0008F400004F8000001EF30007F90
:1027C000500005F800000AF800004F800008F500EE
:1027D000004FD000000EE1001EE00001EF300000CD
:1027E00004FE87EF40000AF8000000003BFFB30042
:1027F000000019DFFD800000000003FFFFFFFD0067
:102800000000000DFE4005FF800000003FF50000C5
:102810009FC00000004FF300008FC00000002FF7A2
:102820000001EF800000000CFF202DFE10000000D2
:1028300003FFD8FFE300000000005FFFFB10000073
:10284000000003CFFFE100000000006FFE8FFD10CD
:1028500000240006FFA105FFD1009FB02FFB000060
:102860005FFD10DF708FF2000005FFD6FF30BFE084
:102870000000005FFFFB00AFF100000005FFF50066
:102880006FFA00000009FFFD100DFFE75459EFFB40
:10289000FFD101BFFFFFFFFE605FF800049DFFEB6B
:1028A000600005B00000000000000000003FF13FA4
:1028B000F12FF02FF02FF01FF01FF009800004FF20
:1028C0004000CFC0004FF5000BFE0000FF90005FFE
:1028D000F40009FF0000CFD0000FFA0002FF7000E3
:1028E0003FF60004FF60005FF50005FF50004FF663
:1028F0000003FF60002FF70000FFA0000CFD0000A8
:102900009FF00005FF40000FF90000AFE00004FF5A
:1029100050000CFC00004FF40DFB00006FF30000B2
:10292000DFB00007FF20002FF70000DFC00008FF26
:1029300000006FF30003FF60000FF90000FFA0002C
:102940000EFB0000DFC0000DFC0000EFB0000FFA2E
:102950000000FF90003FF60006FF30008FF0000DF2
:10296000FC0002FF70007FF2000DFB0006FF30004C
:10297000DFB00000003F6000000003F600001E8092
:102980003F607E33DFE9FADFE5007EFFFF91000163
:10299000AFFFC20007EFEFEFF913FE63F64DF60647
:1029A000103F6006000003F6000000001730000032
:1029B00000000044100000000000FF500000000074
:1029C00000FF500000000000FF500000000000FF6A
:1029D000500000033333FF7333312FFFFFFFFFFF3E
:1029E000F62FFFFFFFFFFFF6000000FF5000000082
:1029F0000000FF500000000000FF50000000000039
:102A0000FF500000000000FF5000001AB408FFE073
:102A10009FFF02DFC00AF600EF102FC006F6002568
:102A200055555506FFFFFFF26FFFFFFF201AC4093F
:102A3000FFE0AFFF02DE600000000005860000003E
:102A4000000EF8000000003FF3000000009FD000DF
:102A5000000000EF7000000004FF200000000AFCEE
:102A6000000000000FF7000000005FF10000000010
:102A7000AFC000000000FF6000000006FF10000073
:102A8000000BFB000000001FF5000000006FF000CD
:102A9000000000CFA000000002FF5000000007FE71
:102AA000000000000DF9000000002FF400000000FD
:102AB0008FE000000000DF9000000003FF30000006
:102AC0000009FD000000000EF8000000004FF200B9
:102AD0000000009FD000000000000007CFFEB500FE
:102AE0000000004EFFFFFFFB1000004FFFD98AFFE0
:102AF000FD10001EFF700001BFFA0008FF800000FB
:102B000000DFF300EFE000000004FF903FF9000059
:102B100000000EFE07FF5000000000BFF19FF30011
:102B200000000008FF3AFF20000000007FF4AFF231
:102B30000000000007FF49FF30000000008FF37F16
:102B4000F5000000000BFF13FF9000000000EFE015
:102B50000EFE000000004FF9008FF80000000DFF8E
:102B60003001EFF700001BFFA00004FFFD98AFFF4E
:102B7000D1000004EFFFFFFFC1000000007CFFEB6D
:102B8000500000CFFFFFF6CFFFFFF65777AFF600FC
:102B9000005FF600005FF600005FF600005FF600E1
:102BA000005FF600005FF600005FF600005FF600D1
:102BB000005FF600005FF600005FF600005FF600C1
:102BC000005FF600005FF600005FF600005FF600B1
:102BD000005FF600038CEFFC82000002BFFFFFFFE6
:102BE000FF60002EFFFB98AEFFF5002DF9100000EE
:102BF0008FFE0001600000000CFF200000000000BC
:102C000008FF40000000000009FF20000000000055
:102C10000EFE0000000000007FF90000000000042C
:102C2000FFE100000000003FFF400000000004FF43
:102C3000F400000000004FFF400000000004FFF41B
:102C400000000000004FFF400000000005FFF300FF
:102C5000000000005FFF300000000005FFFA7777FA
:102C60007777700FFFFFFFFFFFFFF20FFFFFFFFF00
:102C7000FFFFF20FFFFFFFFFFFFF00FFFFFFFFFF60
:102C8000FFF00677777777DFF700000000006FFA34
:102C900000000000003FFD00000000001EFF2000BB
:102CA0000000000CFF400000000009FF7000000061
:102CB0000005FFF961000000007FFFFFF700000042
:102CC0000388ADFFF9000000000004FFF3000000DE
:102CD000000006FF8000000000001FFB0000000055
:102CE0000001FFA050000000006FF83FC40000008A
:102CF0005FFF2AFFFEA889DFFF7009FFFFFFFFFFCC
:102D00007000016ADFFEC720000000000004FFB071
:102D10000000000000002EFE10000000000000CFA8
:102D2000F300000000000009FF7000000000000038
:102D30005FFA00000000000002FFD0000000000069
:102D4000000DFF30000000000000AFF600000000A2
:102D5000000007FFA0000AB70000003FFD00000FC1
:102D6000FA000001EFF200000FFA00000BFF500024
:102D7000000FFA00008FFD6666666FFC6662EFFF6B
:102D8000FFFFFFFFFFFFF6FFFFFFFFFFFFFFFFF665
:102D900000000000000FFA000000000000000FFA21
:102DA000000000000000000FFA000000000000001A
:102DB0000FFA000000000000000FFA0000001FFFE3
:102DC000FFFFFFFF00003FFFFFFFFFFF00004FF985
:102DD0007777777700006FF30000000000008FF135
:102DE0000000000000009FF0000000000000BFE0B5
:102DF000000000000000CFD0000000000000EFFF46
:102E0000FFEC94000000FFFFFFFFFFC20000777798
:102E1000779CFFFE1000000000002CFF90000000D7
:102E2000000001FFE0000000000000CFF000000003
:102E3000000000CFF0031000000001FFD00DE600FD
:102E400000002CFF705FFFFB989BFFFD0005DFFF7C
:102E5000FFFFFFB10000049CEFED940000000002B2
:102E60008CEFFDA4000001AFFFFFFFFF40001DFF3E
:102E7000FB8689ED0000CFFB200000020006FFB0BA
:102E800000000000000DFF1000000000002FFA00FD
:102E900000000000006FF60000000000008FF30546
:102EA000AEFED82000AFF3BFFFFFFFF700AFFDFF7E
:102EB0009546AFFF609FFFD1000004FFE07FFF3029
:102EC0000000008FF54FFE000000004FF71FFE00CE
:102ED0000000004FF60AFF300000008FF402FFD11F
:102EE000000004FFD0007FFF9545AFFF400006FFC4
:102EF000FFFFFFE400000017CEFEC710002FFFFF0A
:102F0000FFFFFFFFFA2FFFFFFFFFFFFFF92FFB7708
:102F1000777777CFF52FF800000000FFE02FF8005B
:102F2000000006FF702FF80000000DFF10000000E9
:102F300000004FF9000000000000CFF20000000088
:102F40000003FFB000000000000AFF400000000086
:102F5000001FFD0000000000008FF60000000000D0
:102F600000EFE0000000000006FF8000000000000D
:102F70000DFF1000000000004FFA000000000000EC
:102F8000BFF3000000000002FFC0000000000009C5
:102F9000FF5000000000001FFE0000000000005A6B
:102FA000DFFDA60000003DFFFFFFFFD30002EFFDA5
:102FB0007557DFFF200AFF80000008FFA00EFE000B
:102FC000000000DFF00FFB00000000AFF00FFD007D
:102FD000000000CFF00AFF50000005FFA001EFFA4B
:102FE0004225AFFE10002CFFFFFFFFC200008FFF45
:102FF000FFFFFFF8000BFFC520026DFFB05FFB0075
:10300000000000AFF5AFF2000000002FFABFF000A3
:103010000000000FFC9FF4000000004FFA4FFD205D
:10302000000002DFF50AFFFA6456AFFFB0009FFF11
:10303000FFFFFFF90000027CEFFEC7200000005BED
:10304000EFED930000002CFFFFFFFF900001DFFC7D
:103050006458DFFA0009FF8000000AFF600FFD00DE
:10306000000000EFE02FF8000000009FF52FF800AF
:103070000000009FF90FFD00000000EFFC0AFF8038
:1030800000000AFFFD02FFFD7558DFEEFE003EFF67
:10309000FFFFFE3EFE00007CEFEB600FFD00000036
:1030A0000000002FFA0000000000006FF700000091
:1030B000000000CFF1000000000007FFA000110099
:1030C00000008FFE10008FA867AEFFF30000FFFF27
:1030D000FFFFFC20000039CFFFD94000002DE60A99
:1030E000FFF09FFE01AC4000000000000000000067
:1030F000000000000000000001AC409FFE0AFFF04D
:103100002DE6002DE60AFFF09FFE01AC4000000016
:10311000000000000000000000000000000001AB03
:10312000408FFE09FFF02DFC00AF600EF102FC00A5
:103130006F6000000000000003960000000016DF32
:10314000F60000003AFFFFB200017DFFFD710004B0
:10315000AFFFFA3000002FFFC6000000002FFE6115
:10316000000000000AFFFFA40000000016DFFFD7E8
:1031700010000000039FFFFB50000000006CFFF6F2
:10318000000000000039F6000000000000012FFFE1
:10319000FFFFFFFFF62FFFFFFFFFFFF60333333381
:1031A0003333310000000000000000000000000088
:1031B0000000000000000000033333333333312FAD
:1031C000FFFFFFFFFFF62FFFFFFFFFFFF61B500083
:1031D000000000002FFE820000000009EFFFC50084
:1031E00000000005BFFFE920000000028EFFFC6028
:1031F000000000004AFFF60000000004BFF60000D7
:103200000028EFFFC300005CFFFE8200039FFFFB6E
:103210005000001FFFE8200000002FB50000000054
:10322000000100000000000000049DEFFC9200007F
:103230002BFFFFFFFFF8003EFFE9768DFFF604EF5E
:1032400070000007FFE001500000000DFF100000BB
:10325000000000BFF100000000000EFE00000000B2
:103260000008FF800000000008FFC0000000000907
:10327000FFC00000000008FFB00000000002FFD007
:1032800000000000007FF6000000000005AA2000FA
:10329000000000000000000000000000000000002E
:1032A000000000186000000000000DFF600000003A
:1032B0000000FFF8000000000006ED100000000014
:1032C000000027BDFFFEB83000000000000004CF62
:1032D000FFFEDEFFFFC500000000000AFFD7200050
:1032E0000026CFFB100000001DFE50000000000073
:1032F0004DFD1000001DFC100000000000000AFD44
:1033000010000AFC000018DFFD810FF80BFA000323
:10331000FF20004FFFFFFFE4FF801EF300BF80008F
:103320004FFF8335BFFFF8006FB01FF1000EFE2086
:1033300000006FFF8000EF15FC0005FF400000005B
:10334000AFF8000AF48F8000AFD000000003FF80C8
:10335000007F79F7000DFA000000000FF80005F873
:10336000AF6000EF9000000000EF80004F99F70081
:103370000DFA000000000FF80005F87F9000AFD0B4
:1033800000000003FF80007F75FC0005FF40000087
:1033900000AFF8000AF41FF1000EFE2000006FFFDE
:1033A0009001FF00BF80004FFF8324AFFCFF53CF8D
:1033B0008003FF20004FFFFFFFE44FFFFFC0000A24
:1033C000FC000018CFFD81005DFE8000000DFC10A8
:1033D00000000000000000000000001DFE50000082
:1033E0000000000000000000001AFFD73000003786
:1033F000C000000000000004CFFFFEEEFFFF400011
:1034000000000000000037BEFFFDA6100000000015
:103410000000000006FFD000000000000000000DCA
:10342000FFF400000000000000004FFFFB00000060
:103430000000000000BFE9FF2000000000000002C3
:10344000FF81FFA000000000000009FF10AFF100A5
:1034500000000000001FFA003FF80000000000001C
:103460007FF3000CFE000000000000EFD00006FF1C
:10347000600000000005FF600000EFD000000000C9
:103480000DFE0000008FF4000000004FF800000067
:103490001FFB00000000BFF53333333CFF3000005A
:1034A00002FFFFFFFFFFFFFFA0000009FFFFFFFF7C
:1034B000FFFFFFF100001FFC00000000005FF800AC
:1034C000007FF500000000000EFE0000EFE00000AD
:1034D00000000008FF6005FF80000000000001FF01
:1034E000D00CFF10000000000000AFF41FFFFFFF32
:1034F000FFFDA500001FFFFFFFFFFFFFD2001FFC25
:1035000044444469FFFD001FFB000000001CFF60F5
:103510001FFB0000000003FFA01FFB0000000001D4
:10352000FFB01FFB0000000002FF901FFB00000027
:103530000009FF401FFB00000014BFFB001FFFFF3E
:10354000FFFFFFFFA0001FFFFFFFFFFFFFE7001FC0
:10355000FC444444458EFFA01FFB0000000000CF48
:10356000F41FFB00000000003FF91FFB00000000FB
:10357000000FFC1FFB00000000003FFB1FFB0000D2
:10358000000000BFF71FFC444444458EFFE11FFFCD
:10359000FFFFFFFFFFFD201FFFFFFFFFFFDA5000CF
:1035A00000000038CEFEDA5000000002BFFFFFFF2F
:1035B000FFE5000005FFFFDA89BFFFF80005FFFB0C
:1035C00030000006EFB001FFF800000000028000AC
:1035D000AFFA000000000000001FFF000000000024
:1035E000000005FF90000000000000008FF50000C3
:1035F00000000000000AFF3000000000000000AFE3
:10360000F30000000000000008FF50000000000070
:1036100000005FF90000000000000001FFF0000062
:1036200000000000000AFFA0000000000000001FD2
:10363000FF80000000002900005FFFB30000006E63
:10364000FB00005FFFFDA88AFFFF8000002CFFFF4A
:10365000FFFFFE50000000038CEFEDA500001FFFF0
:10366000FFFFFFEC940000001FFFFFFFFFFFFFD4F0
:1036700000001FFD7777779CFFFF80001FFB000095
:10368000000029FFF8001FFB00000000005FFF4062
:103690001FFB000000000006FFC01FFB0000000031
:1036A0000000DFF31FFB0000000000006FF71FFBAE
:1036B0000000000000003FFA1FFB000000000000B7
:1036C0001FFC1FFB0000000000001FFC1FFB000090
:1036D000000000003FFA1FFB0000000000006FF731
:1036E0001FFB000000000000DFF31FFB00000000D4
:1036F0000006FFC01FFB00000000004FFF401FFB43
:103700000000000019FFF8001FFD7777779CFFFF8E
:1037100080001FFFFFFFFFFFFFD400001FFFFFFF20
:10372000FFEC940000001FFFFFFFFFFFFFC01FFF23
:10373000FFFFFFFFFFC01FFD7777777777501FFBF5
:103740000000000000001FFB0000000000001FFB45
:103750000000000000001FFB0000000000001FFB35
:103760000000000000001FFB0000000000001FFF21
:10377000FFFFFFFFF9001FFFFFFFFFFFF9001FFD25
:103780006666666663001FFB0000000000001FFB0A
:103790000000000000001FFB0000000000001FFBF5
:1037A0000000000000001FFB0000000000001FFDE3
:1037B0007777777777711FFFFFFFFFFFFFF21FFF1C
:1037C000FFFFFFFFFFF21FFFFFFFFFFFFFC1FFFF34
:1037D000FFFFFFFFFC1FFD777777777751FFB00082
:1037E000000000001FFB000000000001FFB000000F
:1037F0000000001FFB000000000001FFB0000000FF
:1038000000001FFB000000000001FFD66666666630
:10381000301FFFFFFFFFFFF901FFFFFFFFFFFF90DA
:103820001FFB000000000001FFB000000000001FAF
:10383000FB000000000001FFB000000000001FFBC3
:10384000000000000001FFB000000000001FFB00AE
:103850000000000001FFB000000000000000003880
:10386000CEFFDA6100000002BFFFFFFFFFF700009C
:1038700005FFFFDA88AEFFFB0004FFFC3000000408
:10388000DFD101FFF8000000000081009FFA000076
:1038900000000000001FFF0000000000000005FF06
:1038A00090000000000000008FF500000000000004
:1038B000000AFF3000000000000110AFF30000001C
:1038C000000007FF38FF5000000000007FF35FF9A1
:1038D000000000000007FF31FFF000000000007F43
:1038E000F309FFA00000000007FF301FFF80000069
:1038F00000007FF3004FFFC30000003CFF30005F7B
:10390000FFFDA889DFFFE100002BFFFFFFFFFF9114
:10391000000000038CEFFDA610001FFB000000005C
:10392000000FFC1FFB00000000000FFC1FFB00004D
:103930000000000FFC1FFB00000000000FFC1FFB3D
:1039400000000000000FFC1FFB00000000000FFC47
:103950001FFB00000000000FFC1FFB000000000028
:103960000FFC1FFB00000000000FFC1FFFFFFFFF0C
:10397000FFFFFFFC1FFFFFFFFFFFFFFFFC1FFD77A7
:10398000777777777FFC1FFB00000000000FFC1F9C
:10399000FB00000000000FFC1FFB00000000000FF8
:1039A000FC1FFB00000000000FFC1FFB00000000DC
:1039B000000FFC1FFB00000000000FFC1FFB0000BD
:1039C0000000000FFC1FFB00000000000FFC1FFBAD
:1039D0001FFB1FFB1FFB1FFB1FFB1FFB1FFB1FFB17
:1039E0001FFB1FFB1FFB1FFB1FFB1FFB1FFB1FFB07
:1039F0001FFB1FFB1FFB004FFFFFFFFF9004FFFF9C
:103A0000FFFFF90017777778FF90000000003FF97B
:103A10000000000003FF90000000003FF9000000DC
:103A20000003FF90000000003FF90000000003FFCA
:103A300090000000003FF90000000003FF9000002C
:103A400000003FF90000000003FF90000000003F6D
:103A5000F90000000004FF80060000008FF60AF85D
:103A600000001FFF11DFFD868EFFA002CFFFFFFFCA
:103A7000C000005BEFEB60001FFB0000000002EFE6
:103A8000E201FFB000000002EFF3001FFB000000A6
:103A900001EFF40001FFB0000001DFF500001FFBA3
:103AA000000001DFF6000001FFB00000CFF70000CA
:103AB000001FFB0000CFF800000001FFB000BFF9BD
:103AC000000000001FFB00BFFA0000000001FFB073
:103AD000AFFF90000000001FFB9FFFFF6000000091
:103AE00001FFFFFE8FFF300000001FFFFE208FFE52
:103AF00010000001FFFE2000BFFC0000001FFE20A0
:103B00000000CFFA000001FFB0000001EFF7000055
:103B10001FFB00000003FFF40001FFB000000004E1
:103B2000FFE2001FFB0000000007FFD001FFB00014
:103B300000000009FFB01FFB000000000001FFB003
:103B400000000000001FFB000000000001FFB000AB
:103B5000000000001FFB000000000001FFB000009B
:103B60000000001FFB000000000001FFB00000008B
:103B700000001FFB000000000001FFB0000000007B
:103B8000001FFB000000000001FFB000000000006B
:103B90001FFB000000000001FFB000000000001F3C
:103BA000FB000000000001FFB000000000001FFB50
:103BB000000000000001FFD777777777721FFFFFC3
:103BC000FFFFFFFF51FFFFFFFFFFFFF51FF80000A2
:103BD00000000000000CFC1FFF200000000000009F
:103BE0006FFC1FFFA0000000000000EFFC1FFFF4AF
:103BF000000000000008FFFC1FFFFD0000000000A7
:103C00002FFFFC1FFEFF6000000000AFFFFC1FFA4B
:103C1000CFE100000004FF7EFC1FFA3FF900000026
:103C20000DFD0EFC1FFA09FF2000006FF40EFC1FB3
:103C3000FA01FFB00000EFB00EFC1FFA007FF500A4
:103C400008FF200EFC1FFA000DFE002FF8000EFCEE
:103C50001FFA0004FF70BFE0000EFC1FFA0000AF67
:103C6000F6FF60000EFC1FFA00002FFFFC00000EA4
:103C7000FC1FFA000008FFF300000EFC1FFA000012
:103C800000EFA000000EFC1FFA0000004910000029
:103C90000EFC1FFA000000000000000EFC1FFA00DE
:103CA0000000000000000EFC1FFA00000000000FE2
:103CB000FC1FFF60000000000FFC1FFFF30000006E
:103CC000000FFC1FFFFE100000000FFC1FFFFFC0D5
:103CD0000000000FFC1FFCDFF90000000FFC1FFBC1
:103CE0002FFF5000000FFC1FFB05FFF200000FFC30
:103CF0001FFB009FFD10000FFC1FFB000CFFB0001E
:103D00000FFC1FFB0001EFF8000FFC1FFB00003F42
:103D1000FF400FFC1FFB000006FFF20FFC1FFB0023
:103D20000000AFFD0FFC1FFB0000000CFFAFFC1FED
:103D3000FB00000002EFFFFC1FFB000000004FFF34
:103D4000FC1FFB0000000007FFFC1FFB0000000041
:103D500000AFFC1FFB00000000000DFC000000385D
:103D6000CEFFDA6000000000002BFFFFFFFFFE70B7
:103D700000000005FFFFDA89BFFFFB1000004FFFC6
:103D8000B30000006FFFC00001EFF8000000000268
:103D9000DFF90009FFA000000000002FFF201FFF37
:103DA00000000000000007FF905FF9000000000025
:103DB0000001FFD08FF500000000000000DFF0AF31
:103DC000F300000000000000BFF2AFF300000000AD
:103DD000000000BFF28FF500000000000000DFF0DF
:103DE0005FF900000000000001FFD01FFF0000008D
:103DF00000000007FF9009FFA000000000002FFF57
:103E00002001EFF80000000002DFF900004FFFB3CF
:103E10000000006FFFC0000005FFFFDA89BFFFFC54
:103E2000100000002BFFFFFFFFFF700000000000EC
:103E300038CEFFDA600000001FFFFFFFFFDA5000FE
:103E400001FFFFFFFFFFFFD3001FFD777778AFFF74
:103E5000F301FFB00000000AFFD01FFB00000000CC
:103E60000BFF51FFB0000000004FF91FFB000000E6
:103E70000001FFB1FFB0000000001FFB1FFB0000AE
:103E8000000004FF91FFB000000000BFF51FFB0021
:103E90000000009FFD01FFD777777AFFFF301FFFFB
:103EA000FFFFFFFFFD3001FFFFFFFFFDA500001F2B
:103EB000FB00000000000001FFB000000000000057
:103EC0001FFB00000000000001FFB0000000000028
:103ED000001FFB00000000000001FFB00000000018
:103EE000000000000028CEFFDA60000000000002A1
:103EF000BFFFFFFFFFE70000000004FFFFDA89BFFC
:103F0000FFFB10000004FFFC30000007FFFC000076
:103F100001EFF80000000002DFF800009FFA000047
:103F200000000002FFF2000FFF0000000000000888
:103F3000FF8005FF900000000000001FFD008FF5CE
:103F400000000000000000DFF009FF30000000006A
:103F500000000BFF20AFF300000000000000AFF1F5
:103F600008FF500000000000000CFF005FF8000098
:103F70000000000001FFD001FFE000000000000091
:103F80007FF8000AFF9000000000002FFF20002FA4
:103F9000FF70000000001DFF9000005FFFA2000006
:103FA000005EFFC00000006FFFFC8779EFFFC100DB
:103FB0000000003DFFFFFFFFFF7000000000000554
:103FC000ADFFFFD61000000000000000007FFF40A2
:103FD0000000930000000000006FFFA546DFD00046
:103FE00000000000004EFFFFFFF400000000000092
:103FF0000006CEFD81001FFFFFFFFFDA5000001F0B
:10400000FFFFFFFFFFFD30001FFD777778AFFFF365
:10401000001FFB00000000AFFD001FFB00000000C0
:104020000BFF501FFB0000000004FF901FFB00006F
:10403000000001FFB01FFB0000000001FFB01FFBEC
:104040000000000004FF901FFB000000000BFF5069
:104050001FFB000000009FFE001FFD6666679EFFBD
:10406000F3001FFFFFFFFFFFFD30001FFFFFFFFFFB
:10407000FFB000001FFB000000CFF300001FFB009B
:1040800000002FFE00001FFB00000006FFA0001F25
:10409000FB00000000BFF5001FFB000000001EFE3B
:1040A000101FFB0000000004FFB000006BDFFEC823
:1040B0003000005EFFFFFFFFFC2004FFFC8667BFAF
:1040C000FF100DFF5000000069003FF900000000E4
:1040D00000005FF60000000000003FFA0000000052
:1040E00000000EFF80000000000006FFFFA6200079
:1040F0000000005EFFFFFD94000000006BFFFFFF6B
:10410000D300000000048CFFFF3000000000002BF3
:10411000FFD0000000000000CFF100000000000010
:104120008FF3050000000000AFF15FB4000000064F
:10413000FFB0AFFFE97668DFFF3007EFFFFFFFFF5B
:10414000D30000059DEFEDA50000EFFFFFFFFFFF8F
:10415000FFFF5EFFFFFFFFFFFFFFF56777778FFC35
:1041600077777720000002FF900000000000002F0A
:10417000F900000000000002FF90000000000000B5
:104180002FF900000000000002FF90000000000076
:10419000002FF900000000000002FF900000000066
:1041A00000002FF900000000000002FF9000000056
:1041B0000000002FF900000000000002FF90000046
:1041C000000000002FF900000000000002FF900036
:1041D00000000000002FF900000000000002FF9026
:1041E0000000000000002FF900000000000002FFA6
:1041F000900000003FF900000000006FF53FF9005B
:10420000000000006FF53FF900000000006FF53F6F
:10421000F900000000006FF53FF900000000006F9A
:10422000F53FF900000000006FF53FF900000000C5
:10423000006FF53FF900000000006FF53FF9000046
:104240000000006FF53FF900000000006FF53FF936
:1042500000000000006FF53FF900000000006FF55E
:104260002FFA00000000007FF40FFD0000000000A6
:10427000AFF20CFF2000000000EFE007FFA00000FD
:104280000007FF9000EFF90000007FFF20004FFFC4
:10429000EA88AEFFF5000003EFFFFFFFFE400000DD
:1042A0000006AEFFEB6000000DFF300000000000D4
:1042B00001FFC06FFA0000000000007FF500EFF181
:1042C00000000000000EFE0008FF80000000000556
:1042D000FF70001FFE0000000000CFF10000AFF5EE
:1042E000000000003FF9000003FFC00000000AFFCB
:1042F0002000000CFF30000001FFB00000005FFA5A
:104300000000008FF500000000EFF100000EFE003D
:1043100000000008FF800006FF70000000001FFE84
:104320000000DFF10000000000AFF5004FF90000D1
:1043300000000003FFC00AFF2000000000000CFF87
:1043400032FFB00000000000005FFA8FF4000000B0
:1043500000000000EFFFFD0000000000000007FF6C
:10436000FF70000000000000001FFFF100000000CF
:10437000000000009FF9000000000EFE0000000099
:10438000009FF50000000003FF709FF40000000094
:104390000EFFA0000000008FF204FF900000000458
:1043A000FFFF000000000DFC000EFE000000009F5B
:1043B000FFF500000003FF7000AFF30000000EFBEC
:1043C000FFA00000008FF20004FF90000004FF4BEC
:1043D000FF0000000DFD00000FFE0000009FF06FC9
:1043E000F5000002FF700000AFF300000EFA01FFBD
:1043F000A000008FF2000005FF800004FF400BFFCB
:1044000000000DFD0000000FFD0000AFE0006FF4A4
:104410000002FF80000000AFF3000FFA0001FFA0D0
:10442000008FF300000005FF8004FF40000BFF0039
:104430000DFD000000000FFD00AFE000005FF40282
:10444000FF8000000000AFF20FF9000000FF907F36
:10445000F30000000005FF85FF4000000BFE0DFD8E
:1044600000000000000FFDAFE00000005FF7FF80DC
:104470000000000000BFFFF900000000FFFFF30094
:104480000000000005FFFF400000000BFFFE0000E1
:10449000000000001FFFE0000000005FFF90000030
:1044A00000000000BFF90000000000FFF300000062
:1044B0000CFF50000000006FF9002FFF20000000EB
:1044C0002FFD00006FFC0000000DFF300000BFF763
:1044D000000008FF70000001EFF30004FFB00000CF
:1044E0000004FFD001EFE10000000009FFA0AFF5DC
:1044F00000000000000DFFAFF90000000000002FD9
:10450000FFFD000000000000007FFF4000000000F1
:1045100000000CFFFA00000000000008FFFFF6009A
:104520000000000004FFD2FFF20000000001EFF2E3
:1045300006FFC000000000AFF7000AFF8000000087
:104540006FFB00001EFF4000002FFE1000003FFE2A
:1045500010000DFF500000008FFA0009FFA00000BE
:104560000000CFF604FFD00000000002FFF20CFFB5
:10457000300000000000DFE003FFC0000000000783
:10458000FF50009FF6000000001FFB00001EFE0011
:10459000000000AFF2000006FF90000003FF800063
:1045A0000000DFF200000DFE000000003FFB0000F5
:1045B0006FF5000000000AFF5001EFC0000000008E
:1045C00001FFE009FF2000000000007FF83FF90034
:1045D00000000000000DFFDFE0000000000000030D
:1045E000FFFF6000000000000000AFFC00000000C2
:1045F000000000005FF700000000000000005FF70F
:1046000000000000000000005FF700000000000054
:1046100000005FF700000000000000005FF70000EE
:104620000000000000005FF7000000000000000034
:104630005FF7000000009FFFFFFFFFFFFFFF39FF54
:10464000FFFFFFFFFFFFF3477777777777DFFB0009
:1046500000000000004FFE1000000000002FFF309F
:1046600000000000000DFF6000000000000AFF9045
:10467000000000000007FFC0000000000004FFE28F
:10468000000000000001EFF4000000000000CFF780
:104690000000000000009FFB0000000000006FFD14
:1046A0000000000000003FFF2000000000001EFF8F
:1046B0005000000000000BFF90000000000008FF09
:1046C000C0000000000005FFF8777777777774CF98
:1046D000FFFFFFFFFFFFFF9CFFFFFFFFFFFFFFF953
:1046E0001FFFFFC1FFFFFC1FFB3321FFA0001FFACC
:1046F0000001FFA0001FFA0001FFA0001FFA000147
:10470000FFA0001FFA0001FFA0001FFA0001FFA098
:10471000001FFA0001FFA0001FFA0001FFA0001F08
:10472000FA0001FFA0001FFA0001FFA0001FFA001D
:1047300001FFB3321FFFFFC1FFFFFC078300000032
:104740000000BFB00000000005FF10000000000FD7
:10475000F60000000000AFC00000000005FF1000E0
:104760000000000FF70000000000AFD000000000C4
:1047700004FF20000000000EF800000000009FD0A1
:104780000000000003FF30000000000EF8000000F1
:1047900000008FE00000000002FF40000000000D5C
:1047A000F900000000007FE00000000002FF400070
:1047B0000000000CFA00000000007FF00000000084
:1047C00001FF50000000000BFB00000000006FF133
:1047D0000000000001FF60000000000BFB00000073
:1047E00000005FF10000000000FF607FFFFF67FF37
:1047F000FFF61337FF60004FF60004FF60004FF62E
:104800000004FF60004FF60004FF60004FF6000454
:10481000FF60004FF60004FF60004FF60004FF60E9
:10482000004FF60004FF60004FF60004FF60004FE9
:10483000F60004FF60004FF60004FF61337FF67F4F
:10484000FFFF67FFFFF6000007830000000005FF81
:10485000B000000000CFFF200000003FD7F90000AB
:10486000000AF61FF0000001FF00AF6000008F900B
:1048700003FD00000EF2000DF40006FB00006FB017
:1048800000DF400000FF204FD0000009F90BF700C7
:1048900000002FF0BBBBBBBBBBBBBBFFFFFFFFFFE1
:1048A000FFFF3887000006FFB000002DFC1000005D
:1048B000AFD10017BEFFDA400008FFFFFFFFF9008D
:1048C0000DFEA656AFFF600370000002FFE000007F
:1048D0000000008FF200000000006FF40028CEEF0F
:1048E000FFFFF406FFFFFFFFFFF52FFE5100006FF3
:1048F000F57FF40000006FF59FF10000008FF57F59
:10490000F5000002FFF52FFE50016EFFF505FFFFD9
:10491000FFFF9FF50029EFFD923FF57FF3000000B8
:104920000000007FF30000000000007FF3000000A3
:104930000000007FF30000000000007FF300000093
:104940000000007FF30000000000007FF305BEFDC3
:10495000B500007FF5CFFFFFFFD2007FFEFFA76805
:10496000EFFF207FFFD2000009FFD07FFF20000073
:1049700000AFF57FF9000000002FFA7FF50000007E
:10498000000EFC7FF3000000000DFE7FF50000002C
:10499000000EFC7FF9000000003FFA7FFF200000BE
:1049A00000BFF57FFFD2000009FFD07FFDFFA768A1
:1049B000EFFF207FF3CFFFFFFFD2007FF205BEFEA7
:1049C000B50000000039DFFD93000001BFFFFFFFCD
:1049D000F90001DFFE9669FFF800BFFA000001CF81
:1049E000803FFC000000012008FF400000000000A4
:1049F000BFF000000000000CFE000000000000BF3F
:104A0000F0000000000008FF4000000000002FFC44
:104A1000000000012000BFFA000001CF8001DFFE8E
:104A20009669FFF80001BFFFFFFFF800000039DFC3
:104A3000FD9300000000000000002FF800000000BF
:104A400000002FF80000000000002FF80000000018
:104A500000002FF80000000000002FF80000000008
:104A600000002FF800005ADFEC602FF8002CFFFF49
:104A7000FFFD4FF801EFFE966AFFEFF80CFFA00074
:104A8000001CFFF83FFC00000001EFF89FF400005D
:104A900000008FF8BFF0000000003FF8CFE00000FA
:104AA00000002FF8BFF0000000003FF89FF3000067
:104AB00000007FF83FFB00000000DFF80CFF8000E3
:104AC000000BFFF801EFFC6347EFEFF8002CFFFF4E
:104AD000FFFE3FF800005BDFEC700FF800004BDFDB
:104AE000EC61000001CFFFFFFFE40001EFFB645920
:104AF000FFF400BFF4000002DFE13FF60000000217
:104B0000FF69FF000000000BFBBFFFFFFFFFFFFF7F
:104B1000DCFFFFFFFFFFFFFEBFF00000000000080A
:104B2000FF4000000000003FFC000000001000BF3C
:104B3000FB1000005E3001DFFF9668CFFC0001BF74
:104B4000FFFFFFFD20000039DEFEA5000000001879
:104B5000DFEB40001DFFFFF90009FFA4493000EF23
:104B6000D00000000FF900000001FF9000009FFF3F
:104B7000FFFFFE09FFFFFFFFE0234FFB3333000180
:104B8000FFA00000001FFA00000001FFA0000000CD
:104B90001FFA00000001FFA00000001FFA00000043
:104BA00001FFA00000001FFA00000001FFA00000AC
:104BB000001FFA00000001FFA00000001FFA000023
:104BC0000000005BDFEC710CFC003DFFFFFFFE4CC2
:104BD000FC03FFFD8668EFFEFC0DFF80000008FF70
:104BE000FC5FF9000000009FFCAFF2000000002F06
:104BF000FCCFE0000000000EFCCFF0000000000F32
:104C0000FCAFF2000000002FFC5FFA00000000AFD4
:104C1000FC0DFF90000009FFFC02FFFE9669EFFF0C
:104C2000FC003DFFFFFFFE4FFB00005BDFEC710F60
:104C3000FA0000000000002FF90000000000008FC3
:104C4000F503E600000005FFE00CFFEA7668CFFF01
:104C50005002CFFFFFFFFFF60000038BEFFEB710FF
:104C6000007FF3000000000007FF3000000000009C
:104C70007FF3000000000007FF3000000000007F0D
:104C8000F3000000000007FF3000000000007FF389
:104C900006BEFEB50007FF5DFFFFFFFB007FFFFEC6
:104CA000977AFFF907FFFB000003FFF27FFE000089
:104CB0000007FF67FF700000003FF87FF40000006E
:104CC00001FF97FF300000001FFA7FF30000000192
:104CD000FFA7FF300000001FFA7FF300000001FF74
:104CE000A7FF300000001FFA7FF300000001FFA7BC
:104CF000FF300000001FFA7FF300000001FFA05EFC
:104D0000D3DFFABFF70650000000007FF37FF37F88
:104D1000F37FF37FF37FF37FF37FF37FF37FF37F03
:104D2000F37FF37FF37FF37FF3000003EE40000097
:104D3000BFFC000009FF90000006600000000000BA
:104D400000000000000005FF6000005FF6000005A5
:104D5000FF6000005FF6000005FF6000005FF600E6
:104D60000005FF6000005FF6000005FF6000005FC7
:104D7000F6000005FF6000005FF6000005FF600020
:104D8000005FF6000005FF6000005FF5000009FF0E
:104D900030B658FFE05FFFFFF402ADFEB3007FF3D3
:104DA0000000000000007FF30000000000007FF31F
:104DB0000000000000007FF30000000000007FF30F
:104DC0000000000000007FF30000000000007FF3FF
:104DD0000000004FFE207FF3000005FFE2007FF39C
:104DE00000006FFE20007FF30007FFE200007FF36A
:104DF000008FFE2000007FF309FFE20000007FF437
:104E0000AFFF900000007FFEFFFFF50000007FFF76
:104E1000FC5FFF2000007FFFB008FFD000007FFA9A
:104E20000000BFFA00007FF300000DFF70007FF369
:104E3000000002FFF4007FF30000005FFE107FF32C
:104E400000000008FFC07FF37FF37FF37FF37FF361
:104E50007FF37FF37FF37FF37FF37FF37FF37FF3C2
:104E60007FF37FF37FF37FF37FF37FF37FF37FF3B2
:104E70007FF218CEFD9300028DFFD920007FF5EF61
:104E8000FFFFFF707FFFFFFFF6007FFFFC645AFF0C
:104E9000FAFFC645AFFF307FFF8000006FFFF800CC
:104EA0000007FFB07FFD0000000DFFC0000000DF25
:104EB000F07FF700000009FF700000009FF17FF411
:104EC00000000007FF400000008FF27FF3000000A9
:104ED00007FF300000008FF37FF300000007FF3072
:104EE0000000008FF37FF300000007FF3000000098
:104EF0008FF37FF300000007FF300000008FF37F87
:104F0000F300000007FF300000008FF37FF3000084
:104F10000007FF300000008FF37FF300000007FF61
:104F2000300000008FF37FF300000007FF30000027
:104F3000008FF37FF207CEFEB50007FF5EFFFFFF95
:104F4000FB007FFFFD7558EFF907FFF9000002EF46
:104F5000F27FFD00000007FF67FF700000002FF8E0
:104F60007FF400000001FF97FF300000001FFA7F70
:104F7000F300000001FFA7FF300000001FFA7FF3DD
:104F800000000001FFA7FF300000001FFA7FF300C0
:104F9000000001FFA7FF300000001FFA7FF30000B0
:104FA0000001FFA000004ADFED820000001BFFFFB0
:104FB000FFFF800001EFFE966AFFFB000BFFA000E1
:104FC000001CFF703FFC00000001EFE08FF40000C8
:104FD00000007FF5BFF0000000003FF7CFE00000C9
:104FE00000002FF9BFF0000000003FF78FF4000031
:104FF00000008FF53FFC00000001EFE00BFFA00078
:10500000001CFF7001DFFE966AFFFB00001BFFFF24
:10501000FFFF800000004ADFED9200007FF206BE35
:10502000FDB500007FF4DFFFFFFFD2007FFEFE84AE
:1050300046CFFF207FFFC1000007FFD07FFE10009A
:1050400000009FF57FF8000000002FFA7FF40000B9
:1050500000000EFC7FF3000000000DFE7FF5000055
:1050600000000EFC7FF9000000003FFA7FFF2000E7
:105070000000BFF57FFFD2000009FFD07FFEFFA731
:1050800068EFFF207FF4CFFFFFFFD2007FF305BE64
:10509000FEB500007FF30000000000007FF3000079
:1050A000000000007FF30000000000007FF300001C
:1050B000000000007FF300000000000000005ADF45
:1050C000EC600FF8002CFFFFFFFD2FF801EFFE96BC
:1050D0006AFFEFF80CFFA000002CFFF83FFC000077
:1050E0000001EFF89FF4000000007FF8BFF000001F
:1050F00000003FF8CFE0000000002FF8BFF00000F4
:1051000000003FF89FF4000000008FF83FFC000013
:105110000001EFF80CFFA000001CFFF801EFFE9665
:105120006AFFEFF8002CFFFFFFFC3FF800005BDF99
:10513000EC602FF80000000000002FF800000000D5
:1051400000002FF80000000000002FF80000000011
:1051500000002FF80000000000002FF87FF206CEBC
:1051600087FF3DFFF87FFDFFC957FFFD20007FFF50
:10517000100007FF8000007FF5000007FF300000EF
:105180007FF3000007FF3000007FF3000007FF30CF
:1051900000007FF3000007FF3000007FF3000000F5
:1051A00000029DFFEC8300008FFFFFFFFF8005FFE3
:1051B000E86569EF200BFF20000003000DFD0000F3
:1051C0000000000BFF700000000003FFFEB851005C
:1051D00000004DFFFFFFD5000000369CFFFF700070
:1051E00000000005EFF000000000008FF2057000E5
:1051F0000000BFF10EFFA7557CFFB01CFFFFFFFFB3
:10520000FC100038CEFFDA500000088500000001D5
:10521000FFA00000001FFA00000001FFA000009F97
:10522000FFFFFFFE09FFFFFFFFE0234FFB333300CB
:1052300001FFA00000001FFA00000001FFA0000015
:10524000001FFA00000001FFA00000001FFA00008C
:105250000001FFA00000000FFA00000000FFE000C6
:1052600000000AFFB55A40002EFFFFFB000019EFB7
:10527000EA309FF100000005FF69FF100000005FA9
:10528000F69FF100000005FF69FF100000005FF6C7
:105290009FF100000005FF69FF100000005FF69F0E
:1052A000F100000005FF69FF100000005FF69FF1AC
:1052B00000000005FF68FF300000008FF65FF70078
:1052C00000000EFF61FFE200000AFFF608FFE8445D
:1052D0006DFFFF600AFFFFFFFE5FF60004AEFEC732
:1052E00002FF600DFE0000000002FF706FF600007C
:1052F00000009FF100EFC00000001FF90008FF3020
:10530000000007FF20002FFA000000EFB00000AF00
:10531000F100005FF4000003FF80000CFD000000BE
:105320000DFE0003FF600000006FF500AFF000000D
:105330000000EFC01FF90000000008FF37FF200049
:105340000000001FFAEFB00000000000AFFFF40003
:105350000000000003FFFD0000000000000CFF60E3
:10536000000000AFE00000000AFE000000009FD433
:10537000FF40000001FFF50000000EF70EF90000ED
:10538000006FFFB0000005FF108FF000000CFFFF62
:10539000100000BFB002FF500002FF5FF600001FC8
:1053A000F5000CFB00008FD0BFC00006FE00007FA0
:1053B000F1000EF705FF2000CF900001FF6004FF11
:1053C000100EF8002FF300000BFC00AFB0009FE0C0
:1053D00008FD0000005FF21FF50003FF40EF7000C2
:1053E0000000EF86FF00000CF94FF100000009FDFE
:1053F000CF9000006FFAFB000000003FFFF30000B9
:1054000001FFFF6000000000DFFD0000000AFFF068
:105410000000000007FF700000004FFA0000001EAF
:10542000FE10000009FF5003FFC000005FF90000FC
:105430006FF80002EFC000000AFF500CFF200000D0
:1054400000DFE29FF5000000002FFEFF800000005B
:105450000006FFFC000000000000EFF50000000067
:10546000000AFFFE20000000006FFAFFC0000000ED
:1054700003FFC05FF90000001DFE1009FF5000008F
:10548000BFF40000DFF20007FF8000002FFD003FA7
:10549000FC00000005FFA00DFE0000000002FF70F0
:1054A0006FF6000000009FF000EFD00000001FF832
:1054B0000007FF50000008FF10001FFC000000EF75
:1054C000A000009FF300006FF3000002FFA0000D9A
:1054D000FC0000000AFF1004FF400000003FF8003D
:1054E000BFD000000000CFF02FF60000000004FF46
:1054F00079FE00000000000DFEFF700000000000BB
:105500006FFFF1000000000000EFF9000000000054
:105510000009FF20000000000001FFB000000001B2
:1055200000009FF300000000EB65AFFA00000000F0
:105530006FFFFFFD10000000006CFFD700000000AF
:1055400000BFFFFFFFFFFF5BFFFFFFFFFFF4233301
:1055500033338FFB000000002FFD100000001DFF03
:10556000300000000BFF5000000008FF800000002A
:1055700004FFB000000002FFE100000000DFF300C4
:10558000000000AFF6000000007FF9000000004FAF
:10559000FE333333331DFFFFFFFFFFF8EFFFFFFF45
:1055A000FFFF8000006CFF40007FFFF4000EFF73E0
:1055B0001001FFB000002FF8000002FF8000002F54
:1055C000F8000002FF8000002FF8000002FF8000BA
:1055D000002FF800013AFF50006FFF900006FFFD1A
:1055E0001000007FF6000002FF8000002FF800008E
:1055F00002FF8000002FF8000002FF8000002FF85B
:10560000000002FF8000001FFB000000EFF83100E7
:1056100006FFFF400005CFF41FF71FF71FF71FF726
:105620001FF71FF71FF71FF71FF71FF71FF71FF7CA
:105630001FF71FF71FF71FF71FF71FF71FF71FF7BA
:105640001FF71FF71FF71FF71FF71FF77FFB40001C
:1056500007FFFF4000149FFC000000DFF000000A7D
:10566000FF000000AFF000000AFF000000AFF000F4
:10567000000AFF000000AFF000000AFF0000008FEA
:10568000F8300001BFFF30002EFFF30009FF50008B
:1056900000AFF000000AFF000000AFF000000AFFBA
:1056A000000000AFF000000AFF000000AFF00000B3
:1056B0000DFF000149FFC0007FFFF40007FFB400A9
:1056C00000007EFC300002FA07FFFFF60005F80E2E
:1056D000F627FF801DF43FB0004EFFFFB05F700063
:1056E00001AFFA100000100000007EFFC4000AFAAB
:1056F00067DF504F80000CF09F000004F5BD0000F4
:1057000002F69F100005F43FA0001EE008FD9AFF7E
:1057100040005CFEA20000010004EFC10EFFFB1F71
:10572000FFFD0EFFFA03CFB10000000000000000F3
:105730000000000001300000000000000000000038
:105740000038DFF900000000000000000015AEFF87
:10575000FFFF00000000000000027CFFFFFFFFFFD2
:1057600000000000000049EFFFFFFFFFFFFF000007
:10577000000016BFFFFFFFFFFFFFFFFF0000000854
:10578000FFFFFFFFFFFFFFFFFFFF0000000FFFFF16
:10579000FFFFFFFFFFFFFFFF0000000FFFFFFFFF06
:1057A000FFFFFFE9BFFF0000000FFFFFFFFFFFFC4F
:1057B00073008FFF0000000FFFFFFFFEA510000029
:1057C0008FFF0000000FFFFFD830000000008FFFA8
:1057D0000000000FFFA20000000000008FFF00008B
:1057E000000FFF800000000000008FFF0000000F8E
:1057F000FF800000000000008FFF0000000FFF800E
:105800000000000000008FFF0000000FFF8000007C
:10581000000000008FFF0000000FFF80000000006C
:1058200000008FFF0000000FFF80000000017ACB16
:10583000CFFF0000000FFF800000005FFFFFFFFFB1
:105840000000000FFF80000002FFFFFFFFFF0001CC
:10585000332FFF80000007FFFFFFFFFF03CFFFFF95
:10586000FF80000005FFFFFFFFFD5FFFFFFFFF80E0
:10587000000000BFFFFFFFF4DFFFFFFFFF8000001D
:105880000007EFFFFB20FFFFFFFFFF70000000009D
:1058900001320000AFFFFFFFFF200000000000000A
:1058A00000000AFFFFFFE40000000000000000000D
:1058B0000027AA95000000000000000000009B00E7
:1058C0000CFFFFFFFFFFFFFFFFB000B9FE444EFFDC
:1058D000FFFFFFFFFFFFFFE444EFFFFFFFFFAAAA68
:1058E000AAAAAAAAFFFFFFFFFF888FFD0000000001
:1058F0000000EFF888FFFC000CFD00000000000035
:10590000EFB000CFFC000CFD000000000000EFB085
:1059100000CFFD000DFD000000000000EFD000DF13
:10592000FFFFFFFD000000000000EFFFFFFFFFCCC6
:10593000CFFE000000000000EFFCCCFFFC000CFFDD
:10594000DDDDDDDDDDDDFFC000CFFC000CFFFFFF96
:10595000FFFFFFFFFFB000CFFC000CFFDDDDDDDD52
:10596000DDDDFFC000CFFFCCCFFE00000000000057
:10597000EFFCCCFFFFFFFFFD000000000000EFFF89
:10598000FFFFFD000DFD000000000000EFD000DF74
:10599000FC000CFD000000000000EFB000CFFC0098
:1059A0000CFD000000000000EFB000CFFF888FFD6D
:1059B000000000000000EFF888FFFFFFFFFFAAAA29
:1059C000AAAAAAAAFFFFFFFFFE444EFFFFFFFFFFA8
:1059D000FFFFFFE444EFAB000CFFFFFFFFFFFFFF03
:1059E000FFB000B99FFFFFFB00AFFFFFFFFFFFFF0E
:1059F000FFF9FFFFFFFF21FFFFFFFFFFFFFFFFFF9B
:105A0000FFFFFFFF21FFFFFFFFFFFFFFFFFFFFFF84
:105A1000FFFF21FFFFFFFFFFFFFFFFFFFFFFFFFF74
:105A200021FFFFFFFFFFFFFFFFFFFFFFFFFF21FF42
:105A3000FFFFFFFFFFFFFFFFAFFFFFFC00CFFFFFF8
:105A4000FFFFFFFFFFFA0000000000000000000061
:105A50000000000000000000000000000000000046
:105A600000009FFFFFFB00BFFFFFFFFFFFFFFFF9ED
:105A7000FFFFFFFF21FFFFFFFFFFFFFFFFFFFFFF14
:105A8000FFFF21FFFFFFFFFFFFFFFFFFFFFFFFFF04
:105A900021FFFFFFFFFFFFFFFFFFFFFFFFFF21FFD2
:105AA000FFFFFFFFFFFFFFFFFFFFFFFF21FFFFFFE4
:105AB000FFFFFFFFFFFFAFFFFFFC00BFFFFFFFFF88
:105AC000FFFFFFF9000000000000000000000000E0
:105AD00000000000000000000000000000000000C6
:105AE000AFFFFFFC00CFFFFFFFFFFFFFFFFAFFFF4D
:105AF000FFFF21FFFFFFFFFFFFFFFFFFFFFFFFFF94
:105B000021FFFFFFFFFFFFFFFFFFFFFFFFFF21FF61
:105B1000FFFFFFFFFFFFFFFFFFFFFFFF21FFFFFF73
:105B2000FFFFFFFFFFFFFFFFFFFF21FFFFFFFFFF63
:105B3000FFFFFFFF9FFFFFFB00AFFFFFFFFFFFFF28
:105B4000FFF9000000000000000000000005E9006F
:105B500000000000000000000000006FFFA0000037
:105B6000000000000000000006FFFFF90000000038
:105B70000000000000006FFFFFFF000000000000B9
:105B800000000006FFFFFFF800000000000000001A
:105B9000006FFFFFFF80000000000000000006FF14
:105BA000FFFFF800008E5000000000006FFFFFFFB5
:105BB00080000AFFF60000000006FFFFFFF800006B
:105BC0009FFFFF600000006FFFFFFF800000FFFFEE
:105BD000FFF6000006FFFFFFF80000008FFFFFFF49
:105BE00060006FFFFFFF8000000008FFFFFFF60668
:105BF000FFFFFFF800000000008FFFFFFFAFFFFF77
:105C0000FF80000000000008FFFFFFFFFFFFF8001B
:105C10000000000000008FFFFFFFFFFF800000007A
:105C20000000000008FFFFFFFFF800000000000078
:105C30000000008FFFFFFF70000000000000000068
:105C40000007FFFFF7000000000000000000000058
:105C50007FFF70000000000000000000000007E768
:105C60000000000000000000000000000000000034
:105C7000100006FF50000000002DFA006FFFF50035
:105C8000000002EFFFA0EFFFFF5000002EFFFFF229
:105C9000CFFFFFF50002EFFFFFF12EFFFFFF502EB9
:105CA000FFFFFF5002EFFFFFF7EFFFFFF500002EB1
:105CB000FFFFFFFFFFFF50000002EFFFFFFFFFF5B8
:105CC000000000002EFFFFFFFF500000000004FF57
:105CD000FFFFF800000000002EFFFFFFFF50000054
:105CE0000002EFFFFFFFFFF50000002EFFFFFFFFA8
:105CF000FFFF500002EFFFFFF6EFFFFFF5002EFF62
:105D0000FFFF402EFFFFFF50CFFFFFF40002EFFF29
:105D1000FFF1EFFFFF4000002EFFFFF26FFFF400E6
:105D2000000002EFFFA006FF40000000002DFA0077
:105D30000000000000000000100000000000000053
:105D40006996000000000000000000000002FFFF54
:105D5000200000000000000000000003FFFF3000F2
:105D600000000000000001A80003FFFF30008A10BF
:105D7000000000003EFF6003FFFF3006FFE300006D
:105D80000002EFFFE003FFFF300EFFFF3000000DC9
:105D9000FFFFE003FFFF300EFFFFD100009FFFFE7B
:105DA0003003FFFF3003EFFFF90002FFFFE20003C3
:105DB000FFFF30002EFFFF2009FFFF500003FFFF11
:105DC000300005FFFF900EFFFC000003FFFF3000D6
:105DD00000CFFFE03FFFF5000003FFFF3000006F42
:105DE000FFF36FFFF0000003FFFF3000000FFFF62E
:105DF0007FFFE0000003FFFF3000000EFFF88FFF81
:105E0000D0000002FFFF2000000DFFF88FFFE00030
:105E10000000EFFE0000000EFFF76FFFF000000033
:105E200002200000000FFFF63FFFF5000000000019
:105E30000000005FFFF30EFFFB0000000000000009
:105E400000BFFFE009FFFF4000000000000004FF6A
:105E5000FF9002FFFFE20000000000002EFFFF2085
:105E6000009FFFFE300000000003EFFFF900001E5E
:105E7000FFFFF8000000008FFFFFD1000003FFFFCD
:105E8000FFFA7557AFFFFFFE200000003EFFFFFF47
:105E9000FFFFFFFFFFE30000000002CFFFFFFFFF57
:105EA000FFFFFC10000000000006EFFFFFFFFFFEF9
:105EB0006000000000000000049DFFFED9400000CB
:105EC00000000000000000000000000000000000D2
:105ED00000000000000000000000000000000000C2
:105EE00000002CFFFFD600000000000000000005AD
:105EF000FFFFFFA00000000000000000005FFFFFA8
:105F0000FA00000000000000000008FFFFFFC100D1
:105F10000000000001C8005DFFFFFFFFF8006D40BA
:105F20000000CFFEAFFFFFFFFFFFFCCFFE20007F92
:105F3000FFFFFFFFFFFFFFFFFFFFFB001FFFFFFF54
:105F4000FFFFFFFFFFFFFFFFF407FFFFFFFFFFFF64
:105F5000FFFFFFFFFFFFB0CFFFFFFFFFE7325DFF57
:105F6000FFFFFFFF13CFFFFFFFE100000BFFFFFF6D
:105F7000FE60007FFFFFF40000000EFFFFFB10003B
:105F800004FFFFFE000000009FFFFF9000005FFF86
:105F9000FFC000000008FFFFFA000004FFFFFE0042
:105FA0000000009FFFFF8000007FFFFFF400000063
:105FB0000EFFFFFB1003CFFFFFFFE100000BFFFF11
:105FC000FFFE60CFFFFFFFFFE7325DFFFFFFFFFF38
:105FD00017FFFFFFFFFFFFFFFFFFFFFFFFB01EFFE9
:105FE000FFFFFFFFFFFFFFFFFFFFF4007FFFFFFF4B
:105FF000FFFFFFFFFFFFFFFB0000CFFEAFFFFFFF34
:10600000FFFFFCCFFE100001C8005DFFFFFFFFF89F
:10601000005D40000000000008FFFFFFC00000001E
:106020000000000000005FFFFFFA00000000000019
:1060300000000005FFFFFFA00000000000000000BE
:10604000002CFFFFD6000000000000000000000050
:106050000000000000000000000000000000003709
:10606000600000488840000000000000000007FFBA
:10607000FD1000AFFFA00000000000000000AFFF17
:10608000FFE300BFFFB0000000000000001CFFFFA6
:10609000FFFF60BFFFB000000000000003EFFFF84B
:1060A000CFFFF9BFFFB00000000000006FFFFE301F
:1060B0000AFFFFFFFFB0000000000008FFFFD2034F
:1060C000107FFFFFFFB00000000001BFFFFA008F4C
:1060D000D204FFFFFFB0000000002DFFFF800BFF88
:1060E000FF402DFFFFB000000004FFFFF502DFFFBF
:1060F000FFF701BFFFFA0000007FFFFE303EFFFF09
:10610000FFFFA009FFFFC1000AFFFFC106FFFFFF5D
:10611000FFFFFC106FFFFE30BFFFFA009FFFFFFF85
:10612000FFFFFFE304EFFFF4BFFF701BFFFFFFFF64
:10613000FFFFFFFF502DFFF30DF402DFFFFFFFFF16
:10614000FFFFFFFFF800BF6001200BFFFFFFFFFF15
:10615000FFFFFFFFFF30030000000CFFFFFFFFFF0A
:10616000FFFFFFFFFF40000000000CFFFFFFFFFFED
:10617000FFFFFFFFFF40000000000CFFFFFFF400E7
:1061800000CFFFFFFF40000000000CFFFFFFF20008
:1061900000AFFFFFFF40000000000CFFFFFFF20018
:1061A00000AFFFFFFF40000000000CFFFFFFF20008
:1061B00000AFFFFFFF40000000000CFFFFFFF200F8
:1061C00000AFFFFFFF40000000000CFFFFFFF200E8
:1061D00000AFFFFFFF400000000008FFFFFFD000FE
:1061E000006FFFFFFE100000000000000003555587
:1061F00030000000000000000000005FFFFFF5001D
:106200000000000000000000008FFFFFF800000009
:10621000000000000000008FFFFFF80000000000F9
:1062200000000000008FFFFFF800000000000000E9
:106230000000008FFFFFF8000000000000000000D9
:10624000008FFFFFF8000000000000000000008F3A
:10625000FFFFF8000000000000000000008FFFFFBB
:10626000F8000000000000000000008FFFFFF800B1
:106270000000000000000000008FFFFFF800000099
:10628000000000001CDDDDEFFFFFFEDDDDC10000D2
:1062900000004FFFFFFFFFFFFFFFFFF400000000C3
:1062A00009FFFFFFFFFFFFFFFF9000000000009FBE
:1062B000FFFFFFFFFFFFF900000000000009FFFFE4
:1062C000FFFFFFFF90000000000000008FFFFFFFB6
:1062D000FFF8000000000000000008FFFFFFFF8043
:1062E0000000000000000000008FFFFFF800000029
:1062F0000000011111111008FFFF80011111111090
:10630000BFFFFFFFFD108FF801DFFFFFFFFBFFFF67
:10631000FFFFFFE206602DFFFFFFFFFFFFFFFFFF14
:10632000FFFE3003EFFFFFFFFFFFFFFFFFFFFFFF59
:10633000FDDFFFFFFFFFFFFFFFFFFFFFFFFFFFFF8F
:10634000FFFFFFFFFFFFFFFFFFFFFFFFFFFFFFF468
:106350001EB08FFFFFFFFFFFFFFFFFFFFFF52EC106
:106360008FFFEFFFFFFFFFFFFFFFFFFFFFFFFFFEBE
:106370003788888888888888888888888873000013
:10638000002BFFFFFFFFFFFFFFFE8000000000006B
:1063900001EFFFFFFFFFFFFFFFFFF800000000001D
:1063A0000AFFFFFFFFFFFFFFFFFFFF3000000000BD
:1063B0005FFFD88888888888889FFFD00000000108
:1063C000EFFF300000000000000BFFF80000000AA3
:1063D000FFF80000000000000001EFFF3000005F48
:1063E000FFD000000000000000005FFFD00001EFC0
:1063F000FF3000000000000000000BFFF8000AFF63
:10640000F800000000000000000001EFFF205FFF27
:10641000D0000000000000000000005FFFD0DFFFA0
:10642000B8888870000000004888888EFFF5FFFF5C
:10643000FFFFFFF700000000EFFFFFFFFFF7FFFF88
:10644000FFFFFFFE00000007FFFFFFFFFFF8FFFF59
:10645000FFFFFFFF7000000EFFFFFFFFFFF8FFFFD1
:10646000FFFFFFFFFFFFFFFFFFFFFFFFFFF8FFFF43
:10647000FFFFFFFFFFFFFFFFFFFFFFFFFFF8FFFF33
:10648000FFFFFFFFFFFFFFFFFFFFFFFFFFF8FFFF23
:10649000FFFFFFFFFFFFFFFFFFFFFFFFFFF8FFFF13
:1064A000FFFFFFFFFFFFFFFFFFFFFFFFFFF7BFFF44
:1064B000FFFFFFFFFFFFFFFFFFFFFFFFFFF31BFFDC
:1064C000FFFFFFFFFFFFFFFFFFFFFFFFFE5000008A
:1064D00000000000000000000000588600000000DE
:1064E000049DEFFEB7200000DFFF00000006DFFF85
:1064F000FFFFFFFB3000DFFF000001BFFFFFFFFFDA
:10650000FFFFFA10CFFF00002EFFFFFFFEEFFFFF9F
:10651000FFE3BFFF0002EFFFFF9400004BFFFFFE11
:10652000DFFF000DFFFFC2000000003CFFFFFFFF88
:10653000009FFFF90000000000008FFFFFFF02FF37
:10654000FF9000000000110008FFFFFF09FFFD00A1
:1065500000000003FFFFEEFFFFFF0EFFF40000004E
:106560000004FFFFFFFFFFFF3FFFE000000000040B
:10657000FFFFFFFFFFFF2BCC600000000001BCCC41
:10658000CCCCCCCA000000000000000000000000DD
:1065900000000000000000000000000000000000FB
:1065A0000000000000000000000000000000ACCC73
:1065B000CCCCCCCB100000000006BCB2FFFFFFFF2C
:1065C000FFFF40000000000EFFF2FFFFFFFFFFFF94
:1065D00040000000005FFFE0FFFFFFEEFFFF300024
:1065E000000000DFFF90FFFFFF80001100000000AF
:1065F0000AFFFF20FFFFFFF80000000000009FFFE0
:10660000F900FFFFFFFFB2000000002CFFFFD000E9
:10661000FFFDEFFFFFA400004AFFFFFE2000FFFB8D
:106620003EFFFFFFFEEFFFFFFFE20000FFFC01AFB8
:10663000FFFFFFFFFFFFFB100000FFFD0003BFFF98
:10664000FFFFFFFD60000000FFFD0000027CFFFF78
:10665000D940000000006885000000000000000034
:10666000000000000000000000000000000000002A
:1066700003B600000000003FFF0000000003FFFF22
:10668000000000003FFFFF00000003FFFFFF38880D
:10669000888FFFFFFFEFFFFFFFFFFFFFFFFFFFFF01
:1066A000FFFFFFFFFFFFFFFFFFFFFFFFFFFFFFFFFA
:1066B000FFFFFFFFFFFFFFFFFFFFFFFFFFFFFFFFEA
:1066C000FFFFFFFFFFFFFFFFFFFFFFFFFFFFFFFFDA
:1066D000FFFFFFFF9FFFFFFFFFFFFF00000008FF1E
:1066E000FFFF000000008FFFFF0000000008FFFF19
:1066F00000000000008FFF000000000008FC000008
:106700000000000010000000000000000000000079
:1067100000000000003B6000000000000000003EA0
:10672000FF00000000000000003FFFF0000000003C
:106730000000003FFFFF000000000000003FFFFFDF
:10674000F00000003888888FFFFFFF0000000EFF78
:10675000FFFFFFFFFFF001B900FFFFFFFFFFFFFF9B
:10676000006FFC0FFFFFFFFFFFFFF001CFF7FFFF00
:10677000FFFFFFFFFF0000EFDFFFFFFFFFFFFFF066
:10678000000AFFFFFFFFFFFFFFFF0000DFDFFFFF4B
:10679000FFFFFFFFF000BFF8FFFFFFFFFFFFFF005D
:1067A0006FFD0FFFFFFFFFFFFFF002DB109FFFFFFA
:1067B000FFFFFFFF000000000000008FFFFFF00060
:1067C0000000000000008FFFFF000000000000003C
:1067D000008FFFF000000000000000008FFF0000AD
:1067E000000000000000008FC0000000000000005A
:1067F0000000200000000000000000000000000079
:106800000000185000000000000000000000000020
:1068100000007FFA000000000000000000000000FF
:1068200000003FFFC10000000000000003B60000B0
:10683000000002DFFC000000000000003FFF00003D
:106840000021001CFF90000000000003FFFF00007B
:1068500004FE5001EFF300000000003FFFFF0000C6
:1068600005FFF6004FFC0000000003FFFFFF0000E3
:10687000007FFF400AFF403888888FFFFFFF00003D
:106880000005FFE002FFA0EFFFFFFFFFFFFF001C7E
:10689000A1008FF600CFF0FFFFFFFFFFFFFF006FAB
:1068A000FD001FFC008FF2FFFFFFFFFFFFFF001C3A
:1068B000FF800AFF004FF5FFFFFFFFFFFFFF000013
:1068C000DFD007FF203FF7FFFFFFFFFFFFFF0000C4
:1068D000AFF006FF302FF7FFFFFFFFFFFFFF0000C5
:1068E000DFD007FF203FF7FFFFFFFFFFFFFF001C88
:1068F000FF800AFF004FF5FFFFFFFFFFFFFF006F64
:10690000FD001FFC008FF2FFFFFFFFFFFFFF001CD9
:10691000A1009FF600DFE09FFFFFFFFFFFFF0000E9
:106920000005FFE003FFA000000008FFFFFF0000DC
:10693000007FFF400AFF40000000008FFFFF0000C3
:1069400005FFF6004FFC000000000008FFFF0000FC
:1069500004FE5001EFF30000000000008FFF000074
:106960000021001DFF9000000000000008FC000056
:10697000000002DFFC00000000000000001000002A
:1069800000003FFFC1000000000000000000000008
:1069900000007FFA0000000000000000000000007E
:1069A000000018500000001BFFFFFFFFFFFFFFFF6C
:1069B000FFFFFFFFB1BFFFFFFFFFFFFFFFFFFFFF75
:1069C000FFFFFBFFFFFFFFFFFFFFFFFFFFFFFFFFDB
:1069D000FFFFFF9327FFFFFFFFFFFFFFFFFFFFFF0B
:1069E000F900005FFFFFFFFFFFFFFFFFFFFFF20067
:1069F000000EFFFFFFFFFFFFFFFFFFFFF200000E93
:106A0000FFFFFFFFD8FFFFFFFFFFF700003FFFFF83
:106A1000FFFC106FFFFFFFFFFF5003DFFFFFFFC111
:106A20000006FFFFFFFFFFFEEFFFFFFFFC1000006F
:106A30006FFFFFFFFFFFFEFFFFFFC100000006FF2B
:106A4000FFFFFFFFC13EFFFC10000000009FFFFFA3
:106A5000FFFC1003EFC100000000008FFFFFFFC12B
:106A600000003B1000000000008FFFFFFD10000041
:106A7000000000000000008FFFFFF8000000000091
:106A800000000000008FFFFFF80000000000000081
:106A90000000008FFFFFFC888888888888888888A5
:106AA00088CFFFFFFFFFFFFFFFFFFFFFFFFFFFFF9D
:106AB000FFBFFFFFFFFFFFFFFFFFFFFFFFFFFB1B0E
:106AC000FFFFFFFFFFFFFFFFFFFFFFFFB100000021
:106AD0000039500000000000000000EFF20000004C
:106AE0000000000004FFF8000000000000000AFFA2
:106AF000FE000000000000001FFFFF40000000003B
:106B000000008FFFFFC0000000000001FFFFFFF446
:106B1000000000000008FFFFFFFC00000000002F45
:106B2000FFFFFFFF6000000000CFFFFFFFFFF1004D
:106B3000000007FFFFFFFFFFFB0000003FFFFFFF1C
:106B4000FFFFFF700000DFFFFFFFFFFFFFF3000705
:106B5000FFFFFFFFFFFFFFFB000EFFFFFFFFFFFF39
:106B6000FFFF306FFFFFFFFFFFFFFFFF90BFFFFF43
:106B7000FFFFFFFFFFFFE0DFFFFFFFFFFFFFFFFF64
:106B8000F1FFFA0DFFFFFFFFFFFFF3EFF80AFFFF32
:106B9000FFFFFFFFF2DFFC06FFFFFFFFFFFFF19F9C
:106BA000FF20CFFFFFFFFFFFD04FFFB009FFFFFF28
:106BB000FFFF700CFFFA0002CFFFFFFE1002FFFF85
:106BC000D610BFFFFFF500005FFFFFFFFFFFFF8054
:106BD000000004EFFFFFFFFFF60000000018FFFFBA
:106BE000FFFA200000000000046764000000004875
:106BF0008800000000000770BFFF3000000000BFE9
:106C0000F9BFFF300000001CFFFCBFFF3000000197
:106C1000DFFFFCBFFF3000002EFFFFFCBFFF300096
:106C200003EFFFFFFCBFFF30004FFFFFFFFCBFFF84
:106C30003005FFFFFFFFFCBFFF306FFFFFFFFFFCD2
:106C4000BFFF37FFFFFFFFFFFCBFFFBFFFFFFFFFDF
:106C5000FFFCBFFFFFFFFFFFFFFFFCBFFFFFFFFFCA
:106C6000FFFFFFFCBFFFFFFFFFFFFFFFFCBFFFFFBA
:106C7000FFFFFFFFFFFCBFFF5DFFFFFFFFFFFCBF4C
:106C8000FF31CFFFFFFFFFFCBFFF300BFFFFFFFF18
:106C9000FCBFFF3000AFFFFFFFFCBFFF300009FF6C
:106CA000FFFFFCBFFF3000008FFFFFFCBFFF300085
:106CB0000006FFFFFCBFFF300000005FFFFCBFFFCE
:106CC0003000000004FFFB9FFE20000000003DD3C9
:106CD000000000000000000000037500000000003C
:106CE000000000000007FFFC300000000000000072
:106CF0000000EFFFFF9100000000000000000FFF08
:106D0000FFFFE60000000000000000FFFFFFFFFDA6
:106D1000300000000000000FFFFFFFFFFFA1000098
:106D200000000000FFFFFFFFFFFFF7000000000072
:106D30000FFFFFFFFFFFFFFD4000000000FFFFFF10
:106D4000FFFFFFFFFFB20000000FFFFFFFFFFFFF8D
:106D5000FFFFF8000000FFFFFFFFFFFFFFFFFFFE48
:106D600050000FFFFFFFFFFFFFFFFFFFFFB200FF1D
:106D7000FFFFFFFFFFFFFFFFFFFFF70FFFFFFFFF1B
:106D8000FFFFFFFFFFFFFFF4FFFFFFFFFFFFFFFF1E
:106D9000FFFFFFFF7FFFFFFFFFFFFFFFFFFFFFFF83
:106DA000F4FFFFFFFFFFFFFFFFFFFFFFF70FFFFFF6
:106DB000FFFFFFFFFFFFFFFFB200FFFFFFFFFFFF2F
:106DC000FFFFFFFE50000FFFFFFFFFFFFFFFFFF879
:106DD000000000FFFFFFFFFFFFFFFFB20000000FFA
:106DE000FFFFFFFFFFFFFD4000000000FFFFFFFF70
:106DF000FFFFF700000000000FFFFFFFFFFFA100F3
:106E00000000000000FFFFFFFFFD30000000000059
:106E1000000FFFFFFFE60000000000000000EFFF92
:106E2000FF91000000000000000006FFFC300000A1
:106E300000000000000000037400000000000000DB
:106E4000000000001AEFFFFFD500001AEFFFFFD58A
:106E50000AFFFFFFFFF2000AFFFFFFFFF2FFFFFF45
:106E6000FFFF7000FFFFFFFFFF7FFFFFFFFFF80046
:106E70000FFFFFFFFFF8FFFFFFFFFF8000FFFFFF97
:106E8000FFFF8FFFFFFFFFF8000FFFFFFFFFF8FF7F
:106E9000FFFFFFFF8000FFFFFFFFFF8FFFFFFFFFF0
:106EA000F8000FFFFFFFFFF8FFFFFFFFFF8000FF6D
:106EB000FFFFFFFF8FFFFFFFFFF8000FFFFFFFFF48
:106EC000F8FFFFFFFFFF8000FFFFFFFFFF8FFFFFC7
:106ED000FFFFF8000FFFFFFFFFF8FFFFFFFFFF803E
:106EE00000FFFFFFFFFF8FFFFFFFFFF8000FFFFF17
:106EF000FFFFF8FFFFFFFFFF8000FFFFFFFFFF8F97
:106F0000FFFFFFFFF8000FFFFFFFFFF8FFFFFFFF8E
:106F1000FF8000FFFFFFFFFF8FFFFFFFFFF8000F65
:106F2000FFFFFFFFF8FFFFFFFFFF8000FFFFFFFFF6
:106F3000FF8FFFFFFFFFF8000FFFFFFFFFF8FFFFCE
:106F4000FFFFFF8000FFFFFFFFFF8FFFFFFFFFF747
:106F5000000FFFFFFFFFF7EFFFFFFFFF6000EFFFF6
:106F6000FFFFFF66FFFFFFFFD00006FFFFFFFFD020
:106F700004899998710000048999987100038888A0
:106F800088888888888888886006FFFFFFFFFFFF61
:106F9000FFFFFFFFFFD0EFFFFFFFFFFFFFFFFFFF40
:106FA000FFFF6FFFFFFFFFFFFFFFFFFFFFFFF7FF89
:106FB000FFFFFFFFFFFFFFFFFFFFFF8FFFFFFFFF51
:106FC000FFFFFFFFFFFFFFF8FFFFFFFFFFFFFFFFD8
:106FD000FFFFFFFF8FFFFFFFFFFFFFFFFFFFFFFF31
:106FE000F8FFFFFFFFFFFFFFFFFFFFFFFF8FFFFF28
:106FF000FFFFFFFFFFFFFFFFFFF8FFFFFFFFFFFFA8
:10700000FFFFFFFFFFFF8FFFFFFFFFFFFFFFFFFF00
:10701000FFFFF8FFFFFFFFFFFFFFFFFFFFFFFF8FF7
:10702000FFFFFFFFFFFFFFFFFFFFFFF8FFFFFFFF77
:10703000FFFFFFFFFFFFFFFF8FFFFFFFFFFFFFFFD0
:10704000FFFFFFFFF8FFFFFFFFFFFFFFFFFFFFFF57
:10705000FF8FFFFFFFFFFFFFFFFFFFFFFFF8FFFFB7
:10706000FFFFFFFFFFFFFFFFFFFF8FFFFFFFFFFFA0
:10707000FFFFFFFFFFFFF8FFFFFFFFFFFFFFFFFF27
:10708000FFFFFF8FFFFFFFFFFFFFFFFFFFFFFFF887
:10709000FFFFFFFFFFFFFFFFFFFFFFFF7AFFFFFF85
:1070A000FFFFFFFFFFFFFFFFF21AEFFFFFFFFFFFF2
:1070B000FFFFFFFFD5000581000000000068875F2B
:1070C000FE2000000000EFFF7FFFE300000000FF54
:1070D000FF8FFFFF40000000FFFF8FFFFFF5000064
:1070E00000FFFF8FFFFFFF600000FFFF8FFFFFFF2C
:1070F000F80000FFFF8FFFFFFFFF9000FFFF8FFFF3
:10710000FFFFFFFA00FFFF8FFFFFFFFFFFB0FFFF52
:107110008FFFFFFFFFFFFCFFFF8FFFFFFFFFFFFF62
:10712000FFFF8FFFFFFFFFFFFFFFFF8FFFFFFFFF4F
:10713000FFFFFFFF8FFFFFFFFFFFFFFFFF8FFFFF3F
:10714000FFFFFFE3FFFF8FFFFFFFFFFE20FFFF8F2B
:10715000FFFFFFFFD200FFFF8FFFFFFFFD1000FFCB
:10716000FF8FFFFFFFC10000FFFF8FFFFFFB00004D
:1071700000FFFF8FFFFFA0000000FFFF8FFFF9005F
:10718000000000FFFF7FFF8000000000FFFF1CF6F3
:107190000000000000CFFD00000000000000000023
:1071A0000000000000019A500000000000000000F4
:1071B00000001EFFF800000000000000000001DFDA
:1071C000FFFF6000000000000000000CFFFFFFF563
:1071D0000000000000000000BFFFFFFFFF400000B4
:1071E000000000000AFFFFFFFFFFF30000000000A7
:1071F000009FFFFFFFFFFFFE200000000008FFFFD1
:10720000FFFFFFFFFFE1000000006FFFFFFFFFFF38
:10721000FFFFFD10000005FFFFFFFFFFFFFFFFFF67
:10722000C000004FFFFFFFFFFFFFFFFFFFFB00035A
:10723000FFFFFFFFFFFFFFFFFFFFFFA00CFFFFFFB0
:10724000FFFFFFFFFFFFFFFFF50FFFFFFFFFFFFF48
:10725000FFFFFFFFFFF70AFFFFFFFFFFFFFFFFFF3B
:10726000FFFFF301BFFFFFFFFFFFFFFFFFFFFE6018
:10727000000000000000000000000000000000000E
:107280000000000000000000000006FFFFFFFFFFFD
:10729000FFFFFFFFFFFFD10FFFFFFFFFFFFFFFFF1C
:1072A000FFFFFFF70FFFFFFFFFFFFFFFFFFFFFFFE6
:1072B000F80FFFFFFFFFFFFFFFFFFFFFFFF80FFFCC
:1072C000FFFFFFFFFFFFFFFFFFFFF80EFFFFFFFFC6
:1072D000FFFFFFFFFFFFFFF605EFFFFFFFFFFFFFD1
:1072E000FFFFFFFFB000000000000393000000005C
:1072F00000004FFF300000000004FFFFE00000002E
:10730000004FFFFFC000000004FFFFFD1000000061
:107310004FFFFFD100000004FFFFFD100000004FF1
:10732000FFFFD100000004FFFFFD100000004FFF31
:10733000FFD100000004FFFFFD100000003FFFFF31
:10734000D1000000007FFFFF70000000000BFFFF76
:10735000F60000000000BFFFFF60000000000BFF10
:10736000FFF60000000000BFFFFF60000000000B00
:10737000FFFFF60000000000CFFFFF6000000000EC
:107380000CFFFFF60000000000CFFFFF60000000D0
:10739000000CFFFFF00000000000CFFFA000000085
:1073A00000000BFA00000000000000200000780040
:1073B00000000000000AFFB000000000006FFFFBAB
:1073C00000000000004FFFFFB00000000007FFFFBB
:1073D000FB00000000007FFFFFB00000000007FF7F
:1073E000FFFB00000000007FFFFFB000000000076F
:1073F000FFFFFB00000000007FFFFFB00000000067
:1074000007FFFFFB00000000007FFFFFA00000005F
:10741000001EFFFFF000000001CFFFFF5000000042
:107420001CFFFFF500000001CFFFFF500000001C13
:10743000FFFFF500000001CFFFFF500000001CFF20
:10744000FFF500000001DFFFFF500000001DFFFFFF
:10745000F5000000007FFFFF50000000002FFFF547
:10746000000000000003FF500000000000001100B9
:10747000000000000000000000005AA810000000FA
:107480000000000000003FFFFB00000000000000C3
:10749000000005FFFFD00000000000000000006FAA
:1074A000FFFE00000000000000000006FFFFE000FB
:1074B00000000000000000006FFFFE000000000060
:1074C0000000000006FFFFE00000000000000000D8
:1074D000006FFFFE00000000000000000006FFFF3C
:1074E000E00000000000000000006FFFFE00000050
:1074F00000006FFFFFFFFFFFFFFFFFFFFFFC1FFF0D
:10750000FFFFFFFFFFFFFFFFFFFFF7FFFFFFFFFF93
:10751000FFFFFFFFFFFFFF8FFFFFFFFFFFFFFFFFEB
:10752000FFFFFFF79FFFFFFFFFFFFFFFFFFFFFFED4
:1075300020233333338FFFFE333333331000000007
:107540000006FFFFE00000000000000000006FFFE9
:10755000FE00000000000000000006FFFFE0000049
:10756000000000000000006FFFFE000000000000AF
:1075700000000006FFFFE000000000000000000027
:107580006FFFFE00000000000000000006FFFFE0AB
:107590000000000000000000004FFFFC00000000A1
:1075A0000000000000008DDC30000000000001221F
:1075B0002222222222222222221008FFFFFFFFFF86
:1075C000FFFFFFFFFFFFE1FFFFFFFFFFFFFFFFFFE9
:1075D000FFFFFF7FFFFFFFFFFFFFFFFFFFFFFFF842
:1075E000FFFFFFFFFFFFFFFFFFFFFFFF77FFFFFF33
:1075F000FFFFFFFFFFFFFFFFE101222222222222E5
:10760000222222221000000000000026ADEFFEC959
:10761000500000000000000000005CFFFFFFFFFFC3
:10762000FFA2000000000000003CFFFFFFBABDFF0A
:10763000FFFF91000000000008FFFFFD5000001850
:10764000FFFFFE4000000000BFFFFFA000000000A1
:107650003EFFFFF60000000CFFFFFB000039950025
:1076600002EFFFFF700000AFFFFFE000003FFFD21E
:10767000005FFFFFF50007FFFFFF7000003FFFFE08
:10768000100DFFFFFF202FFFFFFF200000AFFFFFC7
:107690008008FFFFFFC0BFFFFFFF00486BFFFFFF39
:1076A000D005FFFFFFF5FFFFFFFE007FFFFFFFFF9D
:1076B000F004FFFFFFF9BFFFFFFF006FFFFFFFFFB9
:1076C000E005FFFFFFF51FFFFFFF201FFFFFFFFF8C
:1076D0009008FFFFFFC006FFFFFF7008FFFFFFFFDE
:1076E000200DFFFFFF2000AFFFFFE000AFFFFFF422
:1076F000005FFFFFF500000BFFFFFB0004ADC810AB
:1077000002EFFFFF70000000BFFFFFA000000000BD
:107710003EFFFFF60000000007FFFFFD50000018CD
:10772000FFFFFE4000000000003CFFFFFFBAACFF7F
:10773000FFFF91000000000000004CFFFFFFFFFF73
:10774000FFA200000000000000000026ADFFFEC9FF
:107750005000000000000440000000000000000095
:107760000000000000000004FF8000000000000096
:10777000000000000000000000EFFFC1000000005A
:107780000000000000000000000008FFFFE3000010
:1077900000000000000000000000000005FFFFF7EF
:1077A000000026ADFFEDB73000000000000002DF52
:1077B000FFFA16DFFFFFFFFFFFD700000000000009
:1077C00000AFFFFFFFFFFFBABEFFFFFE600000003B
:1077D0000000007FFFFFFFC5000003BFFFFFB100F7
:1077E00000000000003EFFFFD0000000007FFFFF10
:1077F000E20000000000001BFFFFC106BA50007F3E
:10780000FFFFE200000000000008FFFFE47FFFC16F
:1078100000BFFFFFD1000000AD200004FFFFFCFF10
:10782000FFC003FFFFFFB000005FFF500002DFFF5B
:10783000FFFFFF500EFFFFFF50000EFFFF90000004
:10784000AFFFFFFFFA00BFFFFFFE0002FFFFFFC216
:1078500000006FFFFFFFB00AFFFFFFF2000EFFFF07
:10786000FFC000003EFFFFFA00CFFFFFFE00005FF9
:10787000FFFFFF0000001BFFFFD20EFFFFFF5000C5
:1078800000BFFFFFF400000007FFFFF8FFFFFF90BD
:10789000000000DFFFFFC000000004EFFFFFFFFF5C
:1078A000C000000002EFFFFF8000000001CFFFFFDB
:1078B000FFE10000000002DFFFFF70000000009FFA
:1078C000FFFFE2000000000001BFFFFFC400000056
:1078D000005FFFFF600000000000006EFFFFFEBAC7
:1078E000B500002DFFFFA000000000000007DFFF33
:1078F000FFFFF800000AFFFFD200000000000000B8
:1079000037BDEFFDB4000007FFFFF50000000000E9
:1079100000000000000000000003EFFFF80000007E
:10792000000000000000000000000001CFFFE000A8
:1079300000000000000000000000000000008FF4C4
:107940000000000000000000000000000000000037
:107950004400000000000000000487100000000048
:1079600000000000000000000005FFFD0000000016
:1079700000000000000000000001EFFFF700000021
:10798000000000000000000000008FFFFFF1000079
:10799000000000000000000000002FFFFFFFA0001B
:1079A000000000000000000000000BFFFFFFFF30A0
:1079B0000000000000000000000004FFFFFFFFFCCB
:1079C0000000000000000000000000DFFFFFFFFFDC
:1079D000F5000000000000000000006FFFFFFFFF47
:1079E000FFE00000000000000000001EFFFFFFFF9E
:1079F000FFFF80000000000000000009FFFF800082
:107A00001EFFFF100000000000000002FFFFF60054
:107A100000EFFFFA0000000000000000BFFFFF7051
:107A2000000FFFFFF3000000000000004FFFFFF811
:107A30000000FFFFFFC00000000000000DFFFFFF7F
:107A400080000FFFFFFF50000000000007FFFFFF56
:107A5000F90001FFFFFFFE000000000001FFFFFF33
:107A6000FFA0002FFFFFFFF800000000009FFFFFB6
:107A7000FFFB0003FFFFFFFFF1000000002FFFFFEF
:107A8000FFFFD1006FFFFFFFFFA00000000BFFFF13
:107A9000FFFFFFFFFFFFFFFFFFFF30000005FFFFBD
:107AA000FFFFFFF501BFFFFFFFFFFC000000DFFF4E
:107AB000FFFFFFF70000EFFFFFFFFFF600007FFF73
:107AC000FFFFFFFF40000CFFFFFFFFFFE0001FFF75
:107AD000FFFFFFFFF80001FFFFFFFFFFFF8009FF2F
:107AE000FFFFFFFFFFF613CFFFFFFFFFFFFF10FFBA
:107AF000FFFFFFFFFFFFFFFFFFFFFFFFFFFFF70E8F
:107B0000FFFFFFFFFFFFFFFFFFFFFFFFFFFFFF6024
:107B10007FFFFFFFFFFFFFFFFFFFFFFFFFFFFFE014
:107B200000489999999999999999999999999871D8
:107B3000000000000000000000000006A20000009D
:107B40000000000000000000000FFE3000000000F8
:107B5000000000000000000FFFE300244444300058
:107B600000000002444FFFFE30FFFFFFFB0000005B
:107B7000003FFFFFFFFFE3FFFFFFFFA0000003FF49
:107B8000FFFFFFFFFEFFFFFFFFF900002EFFFFFFDB
:107B9000FFFFFDFFFFFFFFFF8001EFFFFFFFFFFF84
:107BA000D1122226FFFFA01DFFFFD22FFFFD1000E4
:107BB00000007FFB01DFFFFD100FFFD10000000080
:107BC00008C00CFFFFE2000EFD10000000000000E6
:107BD000BFFFFE200004810000000000000AFFFF3C
:107BE000F3000000000000000000009FFFFF4000C5
:107BF000000481000000000008FFFFF505E2000E10
:107C0000FE20000000007FFFFF604FFD100FFFE22D
:107C100000122226FFFFF703FFFFD22FFFFE20FFF7
:107C2000FFFFFFFF8001EFFFFFFFFFFFE2FFFFFF0E
:107C3000FFF900002EFFFFFFFFFFFDFFFFFFFFA08A
:107C4000000003FFFFFFFFFFFDFFFFFFFB00000041
:107C5000003FFFFFFFFFE224444430000000000229
:107C6000444FFFFE20000000000000000000000F55
:107C7000FFE300000000000000000000000FFE30E5
:107C8000000000000000000000000006A20000004C
:107C90000000000007B2000000000000000000002B
:107CA00008FFE200000000000000000008FFFFE203
:107CB000000000000000000008FFFFFFE2000000DD
:107CC0000000000008FFFFFFFFE2000000000000CE
:107CD00008FFFFFFFFFFE2000000000008FFFFFABF
:107CE0003FFFFFE20000000008FFFFFA003FFFFF38
:107CF000E200000008FFFFFA00003FFFFFE2000083
:107D000008FFFFFA0000003FFFFFE20008FFFFFA54
:107D1000000000003FFFFFE206FFFFFA0000000046
:107D2000003FFFFFE09FFFFA0000000000003FFF60
:107D3000FF11DFFA000000000000003FFF6001A813
:107D400000000000000000003B500001A8000000FF
:107D500000000000003B6001DFFA000000000000AE
:107D6000003FFF609FFFFA0000000000003FFFFFA0
:107D700016FFFFFA00000000003FFFFFD008FFFFE2
:107D8000FA000000003FFFFFE20008FFFFFA0000DA
:107D9000003FFFFFE2000008FFFFFA00003FFFFF87
:107DA000E200000008FFFFFA003FFFFFE2000000D2
:107DB0000008FFFFFA3FFFFFE2000000000008FF9D
:107DC000FFFFFFFFE200000000000008FFFFFFFFD1
:107DD000E20000000000000008FFFFFFE2000000DA
:107DE000000000000008FFFFE200000000000000AB
:107DF000000008FFE2000000000000000000000694
:107E0000A20000000000000000004200000000008E
:107E100000000000000000000000009FF4000000CF
:107E20000000000000000000000000009FFFF400C0
:107E3000005777777777777760000000009FFFFF24
:107E4000F4004FFFFFFFFFFFFFFF700000009FFFE8
:107E5000FFFFF402FFFFFFFFFFFFFFF90000009F9D
:107E6000FFFFFFFFF404FFFFFFFFFFFFFF90000095
:107E70009FFFFFFFEFFFF4000000000000EFF9009C
:107E8000000FFFF4EFF99FFF9000000000000EFFCD
:107E90009000007FF50EFF90AFE2000000000000B0
:107EA000EFF90000003200EFF9004100000000008F
:107EB000000EFF90000000000EFF90000000000088
:107EC000000000EFF90000000000EFF900000000E2
:107ED000000000000EFF90000000000EFF90000068
:107EE000000000000000EFF90000000000EFF900C2
:107EF000000000000019800EFF902A7000000EFFA5
:107F00009000000000000CFFA0EFF92EFF600000C1
:107F1000EFF9000000000000EFFF9EFFADFFF90049
:107F2000000EFFC7777777777304FFFFFFFFFFFC33
:107F3000100000EFFFFFFFFFFFFFF504FFFFFFFF53
:107F4000FC1000000EFFFFFFFFFFFFFFF004FFFF2C
:107F5000FFFC100000009FFFFFFFFFFFFFFA000380
:107F6000FFFFFC1000000000000000000000000007
:107F70000003FFFC100000000000000000000000F3
:107F800000000003DB0000001BFFFFFFFFFC1000F0
:107F9000000000000000BFFFFFFFFFFFC100000066
:107FA00000000000FFFFFFFFFFFFFC1000000000CB
:107FB0000000FFFFFFFFFFFFFFD888888888873019
:107FC000FFFFFFFFFFFFFFFFFFFFFFFFFFF5FFFFCB
:107FD000FFFFFFFFFFFFFFFFFFFFFFFEFFFFFFFFB2
:107FE000FFFFFFFFFFFFFFFFFFFFFFFFFFFFFFFFA1
:107FF000FFFFFFFFFFFFFFFFFFFFFFFFFFFFFFFF91
:10800000FFFFFFFFFFFFFFFFFFFFFFFFFFFFFFFF80
:10801000FFFFFFFFFFFFFFFFFFFFFFFFFFFFFFFF70
:10802000FFFFFFFFFFFFFFFFFFFFFFFFFFFFFFFF60
:10803000FFFFFFFFFFFFFFFFFFFFFFFFFFFFFFFF50
:10804000FFFFFFFFFFFFFFFFFFFFFFFFFFFFFFFF40
:10805000FFFFFFFFFFFFFFFFFFFFFFFFFFFFFFFF30
:10806000FFFFFFFFFFFFFFFFFFFFFFFFFFFFFFFF20
:10807000FFFFFFFFFFFFFFFFFFFFFFFFFFFFFFFF10
:10808000FFFFFFFFFFFFFFFFFFFFFFFFFFFFFFFF00
:10809000FFFFBFFFFFFFFFFFFFFFFFFFFFFFFFFB34
:1080A0001BFFFFFFFFFFFFFFFFFFFFFFFFB1000010
:1080B00000000000031000000000000000000000AD
:1080C00000007FE200000000000000000000000748
:1080D000FFFE20000000000000000000007FFFFF06
:1080E000E200000000000000000007FFFFFFFE208C
:1080F00000000000000000007FFFFFFFFFE2000023
:10810000000000000007FFFFFFFFFFFE200000004F
:108110000000007FFFFFFFFFFFFFE2000000000004
:1081200007FFFFFFFFFFFFFFFE20000000005FFFD3
:10813000FFFFFFFFFFFFFFE0000000006FFFFFFFFA
:10814000FFFFFFFFFFF000000000022222CFFFFF31
:10815000F622221000000000000000BFFFFFF40024
:10816000000000000000000000BFFFFFF40000005E
:1081700000000000000000BFFFFFF400000000004E
:108180000000000000BFFFFFF4000000000000003E
:10819000000000BFFFFFF40000000000000000002E
:1081A00000BFFFFFF400000000000000000000BF5F
:1081B000FFFFF400000000000111111100BFFFFFDC
:1081C000F40011111110BFFFFFFFC0AFFFFFF30C50
:1081D000FFFFFFFBFFFFFFFFF1189999601FFFFFF3
:1081E000FFFFFFFFFFFFFC10000001CFFFFFFFFFBD
:1081F000FFFFFFFFFFFCCCCCCFFFFFFFFFFFFFFF28
:10820000FFFFFFFFFFFFFFFFFFFFFFFFFFFFFFFF7E
:10821000FFFFFFFFFFF41EB08FFFFFFFFFFFFFFF19
:10822000FFFFFFF52EC18FFFEFFFFFFFFFFFFFFFF7
:10823000FFFFFFFFFFFE3788888888888888888846
:1082400088888873000000000000000000000662BB
:1082500000000000000000000000000004FFFEB766
:108260003000000000000000000000BFFFFFFFC062
:108270000000000000000000002FFFFFFFFF0000D3
:108280000000000000000009FFFFFFFFE000000009
:10829000000000000001FFFFFFFFFE0000000000E3
:1082A000000000007FFFFFFFFFC000000000000093
:1082B00000000DFFFFFFFFFA0000000000000000BB
:1082C00000BFFFFFFFFF7000000000000000000083
:1082D000BFFFFFFFF3000000000000000000008F60
:1082E000FFFFFF00000000000000000000007FFF13
:1082F000FF90000000000000000000000AFFFFF4F3
:108300000000000000000000000003FFFFFD00006F
:10831000000000000000000000CFFFFF5000000040
:10832000000000000000009FFFFFC00000000000F0
:1083300000000000006FFFFFF300000000002610A7
:108340000000005FFFFFF80000000004BFFC000019
:10835000006FFFFFFC000000006DFFFFFA0000AFA0
:10836000FFFFFE10000007FFFFFFFFF705EFFFFF15
:10837000FE20000000FFFFFFFFFFFDFFFFFFFE20CC
:108380000000000CFFFFFFFFFFFFFFFFFD200000CC
:1083900000008FFFFFFFFFFFFFFFFA00000000005B
:1083A00004FFFFFFFFFFFFFFE60000000000001FCB
:1083B000FFFFFFFFFFFF9100000000000000DFFF54
:1083C000FFFFFFE9100000000000000009FFFFFFB1
:1083D000D9400000000000000000001776530000A4
:1083E000000000000000000000000599720000007D
:1083F0000000000000002DFFFFF700000000017BDF
:10840000B8101EFFFFFFF700000002EFFFFE38FF6D
:10841000FFEFFFF1000002EFFFFFF4DFFE107FFF30
:10842000500002EFFFFFF50FFF8000FFF70002EFA3
:10843000FFFFF500EFFC004FFF6002EFFFFFF500CC
:108440000AFFFDBFFFF403EFFFFFF500002FFFFF62
:10845000FFFFE5EFFFFFF50000004FFFFFFFFFFF0D
:10846000FFFFF50000000018CDFFFFFFFFFFF50044
:10847000000000000005FFFFFFFFF5000000000006
:10848000000007FFFFFFF70000000000000003EFFF
:10849000FFFFFFE200000000000599EFFFFFFFFF74
:1084A000E2000000002DFFFFFFFFFFFFFFE20000E2
:1084B000001EFFFFFFFFF9FFFFFFE2000008FFFFC4
:1084C000EFFFF605FFFFFFE20000DFFE107FFF5029
:1084D00005FFFFFFE2000FFF8000FFF70005FFFF31
:1084E000FFE200EFFC004FFF600005FFFFFFE20A24
:1084F000FFFDBFFFF2000005FFFFFFE22FFFFFFFC0
:10850000F900000004FFFFFF404FFFFFFB000000E9
:108510000003BEFB300018CDB500000000000000D5
:1085200000000000000144444444420300000000F5
:108530000000DFFFFFFFFF80EB00000000000FFFE7
:10854000FFFFFFF80EFB0000000000FFFFFFFFFF32
:1085500080EFFB000000000FFFFFFFFFF80EFFFBA6
:1085600000000000FFFFFFFFFF80EFFFF4AFFFF40C
:108570000FFFFFFFFFFA0000000FFFFF40FFFFFFAC
:10858000FFFFFCBBBBB3FFFFF40FFFFFFFFFFFFFCD
:10859000FFFF5FFFFF40FFFFFFFFFFFFFFFFF5FF54
:1085A000FFF40FFFFFFFFFFFFFFFFF5FFFFF40FF35
:1085B000FFFFFFFFFFFFFFF5FFFFF40FFFFFFFFFD0
:1085C000FFFFFFFF5FFFFF40FFFFFFFFFFFFFFFF1A
:1085D000F5FFFFF40FFFFFFFFFFFFFFFFF5FFFFF50
:1085E00040FFFFFFFFFFFFFFFFF5FFFFF40FFFFF5F
:1085F000FFFFFFFFFFFF5FFFFF40FFFFFFFFFFFFEA
:10860000FFFFF5FFFFF40FFFFFFFFFFFFFFFFF5F1F
:10861000FFFF40FFFFFFFFFFFFFFFFF5FFFFF40F2E
:10862000FFFFFFFFFFFFFFFF5FFFFF40FFFFFFFFB9
:10863000FFFFFFFFF5FFFFF50AFFFFFFFFFFFFFF53
:10864000FE1FFFFFB0000000000000000000FFFF61
:10865000FFA200000000000000000FFFFFFFFFFF6F
:10866000FFFFFF80000000FFFFFFFFFFFFFFFFF89D
:108670000000000EFFFFFFFFFFFFFFFF6000000094
:108680003788888888888888600000000004888887
:1086900088888888888720000006FFFFFFFFFFFF8B
:1086A000FFFFFF400000EFFFFFFFFFFFFFFFFFFFA7
:1086B00040000FFFFFFFFFFFFFFFFFFFFF4000FF36
:1086C000F90000000000000DFFFF400FFF800000D8
:1086D00000000000BFFFFF30FFF8000000000000B6
:1086E0000BFFFFFE0FFF80000000000000BFFFFF38
:1086F000F3FFF80000000000000BFFFFFF4FFF80BA
:10870000000000000000BFFFFFF4FFFD77777777E0
:1087100077777EFFFFFF4FFFFFFFFFFFFFFFFFFFAA
:10872000FFFFF4FFFFFFFFFFFFFFFFFFFFFFFF4F14
:10873000FFFFFFFFFFFFFFFFFFFFFFF4FFFFFFFF54
:10874000FF8215EFFFFFFFFF4FFFFFFFFF700003EA
:10875000FFFFFFFFF4FFFFFFFFF000000BFFFFFF35
:10876000FF4FFFFFFFFC0000008FFFFFFFF4FFFF44
:10877000FFFFE0000009FFFFFFFF4FFFFFFFFF309B
:108780000000EFFFFFFFF4FFFFFFFFFD10009FFF62
:10879000FFFFFF4FFFFFFFFFFEA9DFFFFFFFFFF41B
:1087A000FFFFFFFFFFFFFFFFFFFFFFFF3AFFFFFF9E
:1087B000FFFFFFFFFFFFFFFFE01AEFFFFFFFFFFFDD
:1087C000FFFFFFFFC30000000000000000000000EA
:1087D00000000DFFFFFFFFFFFFFFFFFFFFFFF5FFA3
:1087E000FFFFFFFFFFFFFFFFFFFFFF8FFFFFFFFF09
:1087F000FFFFFFFFFFFFFFF8AEEEEEEEEEEEEEEE58
:10880000EEEEEEED40000000000000000000000071
:108810000000000000000000000000000000000058
:108820000000000000000000000000000000000048
:1088300000000000000007BBBBBBBBBBBBBBBBBB9E
:10884000BBBBA2FFFFFFFFFFFFFFFFFFFFFFFF7F9D
:10885000FFFFFFFFFFFFFFFFFFFFFFF8EFFFFFFF3F
:10886000FFFFFFFFFFFFFFFF6144444444444444D3
:1088700044444444300000000000000000000000B8
:1088800000000000000000000000000000000000E8
:1088900000000000000000000000000000000000D8
:1088A00000000000000000AEEEEEEEEEEEEEEEEEAA
:1088B000EEEEED4FFFFFFFFFFFFFFFFFFFFFFFF8B3
:1088C000FFFFFFFFFFFFFFFFFFFFFFFF8DFFFFFF2A
:1088D000FFFFFFFFFFFFFFFFF500000000000000AB
:1088E0000000000000001BFFFFFFFFFFFFFFFFFF76
:1088F000FFFFFFB1BFFFFFFFFFFFFFFFFFFFFFFF16
:10890000FFFBFFFFFFFFFFFFFFFFFFFFFFFFFFFF7B
:10891000FFFFFFFFFFFFFFFFFFFFFFFFFFFFAFFFB7
:10892000FFFFFFFFFFFFFFFFFFFFFFFA07FFFFFF54
:10893000FFFFFFFFFFFFFFFFFF70003EFFFFFFFF96
:10894000FFFFFFFFFFFFE300E501BFFFFFFFFFFFAA
:10895000FFFFFFFB105EFF9007FFFFFFFFFFFFFF22
:10896000FF7009FFFFFD203DFFFFFFFFFFFFD30268
:10897000DFFFFFFFF600AFFFFFFFFFFA006FFFFF13
:10898000FFFFFFA106FFFFFFFF600AFFFFFFFFFFE2
:10899000FFFE302DFFFFD203DFFFFFFFFFFFFFFFD2
:1089A000F6007EE7007FFFFFFFFFFFFFFFFFFFB145
:1089B00000001BFFFFFFFFFFFFFFFFFFFFFF9559B9
:1089C000FFFFFFFFFFFFFFFFFFFFFFFFFFFFFFFFB7
:1089D000FFFFFFFFFFFFFFFFFFFFFFFFFFFFFFFFA7
:1089E000FFFFFFFFFFFFFFFFFFFFFFFFFFFFFFFF97
:1089F000BFFFFFFFFFFFFFFFFFFFFFFFFFFB1BFFAF
:108A0000FFFFFFFFFFFFFFFFFFFFFFB10008BBBB42
:108A1000BBBB8000000003FFFFFFFFFF2000000042
:108A20006FFFFFFFFFF000000008FFFFFFFFFB00EC
:108A3000000000AFFFFFFFFF500000000CFFFFFF32
:108A4000FFF100000000EFFFFFFFFB000000000F40
:108A5000FFFFFFFF6000000003FFFFFFFFF10000CA
:108A600000005FFFFFFFFFFFFFFFD207FFFFFFFFD9
:108A7000FFFFFFFF709FFFFFFFFFFFFFFFF10BFFF7
:108A8000FFFFFFFFFFFFF700DFFFFFFFFFFFFFFD1F
:108A9000000FFFFFFFFFFFFFFF5000AFFFFFFFFFD3
:108AA000FFFFB000000000005FFFFFF200000000C9
:108AB0000008FFFFF9000000000000CFFFFE1000DB
:108AC000000000000FFFFF60000000000003FFFF38
:108AD000D00000000000007FFFF400000000000054
:108AE0000BFFFB00000000000000EFFF2000000073
:108AF0000000002FFF8000000000000006FFE000E3
:108B0000000000000000AFF60000000000000009B7
:108B1000FC00000000000000000300000000000056
:108B200000000001430000000000000000000007FA
:108B3000FFFE30000000000000499999FFEFFE9908
:108B400099810000000FFFFFFFA01EFFFFFF9000B4
:108B50000000FFFFFFFA01EFFFFFFA0000000FFF28
:108B6000FFFFFFFFFFFFFFA0000000FFFFFFFFFF71
:108B7000FFFFFFFA0000000FFFFFFFFC64444444C6
:108B800030000000FFFFFFFB0000000000000000BD
:108B90000FFFFFFF20AFFFFFFFA0D60000FFFFFF8A
:108BA000F01FFFFFFFFA0EF6000FFFFFFF01FFFFB0
:108BB000FFFFA0EFF600FFFFFFF01FFFFFFFFA0E21
:108BC000FFF60FFFFFFF01FFFFFFFFA0EFFFF3FF27
:108BD000FFFFF01FFFFFFFFA0444441FFFFFFF01E8
:108BE000FFFFFFFFE1000000FFFFFFF01FFFFFFF9F
:108BF000FFFFFFFF5FFFFFFF01FFFFFFFFFFFFFF23
:108C0000F5FFFFFFF01FFFFFFFFFFFFFFF5FFFFF0D
:108C1000FF01FFFFFFFFFFFFFFF5FFFFFFF01FFF5B
:108C2000FFFFFFFFFFFF5FFFFFFF01FFFFFFFFFFF2
:108C3000FFFFF5AFFFFFF01FFFFFFFFFFFFFFF503C
:108C400000000001FFFFFFFFFFFFFFF50000000035
:108C50001FFFFFFFFFFFFFFF5000000001FFFFFFAE
:108C6000FFFFFFFFF5000000001FFFFFFFFFFFFFFA
:108C7000FF5000000000EFFFFFFFFFFFFFF20000CA
:108C80000000014444444444444200000000000009
:108C900007A20000000000000000000005FFD00057
:108CA0000000000000000000007FFF000000000046
:108CB00000000000028DFFFA5000000000000000DC
:108CC00009FFFFFFFFD40000000000001CFFFFFFB2
:108CD000FFFFF500000000000CFFFFFFFFFFFFF4A7
:108CE0000000000006FFFFFFFFFFFFFFD0000000B5
:108CF00000EFFFFFFFFFFFFFFF500000003FFFFFFF
:108D0000FFFFFFFFFFFB00000006FFFFFFFFFFFF6D
:108D1000FFFFD00000007FFFFFFFFFFFFFFFFF000E
:108D2000000008FFFFFFFFFFFFFFFFF00000009FB4
:108D3000FFFFFFFFFFFFFFFF1000000CFFFFFFFF23
:108D4000FFFFFFFFF4000000FFFFFFFFFFFFFFFF3B
:108D5000FF7000003FFFFFFFFFFFFFFFFFFB000072
:108D600009FFFFFFFFFFFFFFFFFFF10003FFFFFF12
:108D7000FFFFFFFFFFFFFFA001EFFFFFFFFFFFFF70
:108D8000FFFFFFFF70BFFFFFFFFFFFFFFFFFFFFFC2
:108D9000FF3EFFFFFFFFFFFFFFFFFFFFFFF76FFF3C
:108DA000FFFFFFFFFFFFFFFFFFFD100000000000BF
:108DB00000000000000000000000000000000000B3
:108DC0000000000000000003FFFFFFB000000000F3
:108DD000000000000EFFFFF6000000000000000091
:108DE000003EFFF9000000000000000000001573C5
:108DF0000000000000001BFFFFFFFFFFFFFFFFFF61
:108E0000FFFFFFFFFE50BFFFFFFFFFFFFFFFFFFF62
:108E1000FFFFFFFFFFF3FFFFFFFFFFFFFFFFFFFF6E
:108E2000FFFFFFFFFFF7FFFD889FF888FF988EFA8E
:108E300088BFD889FFF8FFF8000FC000CF000AF103
:108E4000004F7000FFF8FFF8000FC000CF000AF1DC
:108E5000004F7000FFF8FFF9001FD000DF100CF387
:108E6000006F9001FFF8FFFFFFFFFFFFFFFFFFFF15
:108E7000FFFFFFFFFFF8FFFFFFDCCEFECCDFFCCDE6
:108E8000FFCCCFFFFFF8FFFFFF2006F6003F80007A
:108E9000FD000AFFFFF8FFFFFF2006F6002F80000D
:108EA000ED000AFFFFF8FFFFFF2006F6003F8000FD
:108EB000FD000AFFFFF8FFFFFFDCCEFECCDFFCCD9C
:108EC000FFCCCFFFFFF8FFFFFFFFFFFFFFFFFFFF1C
:108ED000FFFFFFFFFFF8FFF9001FD00000000000B8
:108EE000006F9001FFF8FFF8000FC00000000000C5
:108EF000004F7000FFF8FFF8000FC00000000000F6
:108F0000004F7000FFF8FFFD889FF88888888888E8
:108F100088BFD889FFF8FFFFFFFFFFFFFFFFFFFFBC
:108F2000FFFFFFFFFFF7BFFFFFFFFFFFFFFFFFFF99
:108F3000FFFFFFFFFFF31BFFFFFFFFFFFFFFFFFF31
:108F4000FFFFFFFFFE5000000000000000000000D7
:108F5000000005720000000000000000000000009A
:108F600006EFFF400000000000000000000018EFC6
:108F7000FFFFD000000000000000000029FFFFFFFD
:108F8000FFE000000000000000003AFFFFFFFFFFCD
:108F900090000000000000004CFFFFFFFFFFFF20DB
:108FA0000000000000006DFFFFFFFFFFFFFB00005F
:108FB000000000017EFFFFFFFFFFFFFFF300000046
:108FC00000018FFFFFFFFFFFFFFFFFC00000000257
:108FD000AFFFFFFFFFFFFFFFFFFF50000004BFFFD9
:108FE000FFFFFFFFFFFFFFFFFD000001BFFFFFFFCF
:108FF000FFFFFFFFFFFFFFF600000BFFFFFFFFFF7C
:10900000FFFFFFFFFFFFE000000FFFFFFFFFFFFF7D
:10901000FFFFFFFFFF7000000DFFFFFFFFFFFFFFDF
:10902000FFFFFFFF10000004FFFFFFFFFFFFFFFF38
:10903000FFFFF90000000003444444444DFFFFFFDC
:10904000FFF20000000000000000000CFFFFFFFF27
:10905000A00000000000000000000CFFFFFFFF3038
:109060000000000000000000000CFFFFFFFB0000FC
:1090700000000000000000000CFFFFFFF4000000F3
:10908000000000000000000CFFFFFFD00000000007
:109090000000000000000CFFFFFF50000000000077
:1090A00000000000000CFFFFFE00000000000000B8
:1090B000000000000CFFFFF70000000000000000AF
:1090C0000000000BFFFFF0000000000000000000A7
:1090D00000000AFFFF800000000000000000000008
:1090E0000002FFFD00000000000000000000000082
:1090F0000017600000000000001444444444441081
:109100003000000DFFFFFFFFFFF40FA00000FFFF86
:10911000FFFFFFFF40FFA0000FFFFFFFFFFFF40F67
:10912000FFA000FFFFFFFFFFFF40FFFFA00FFFFFBB
:10913000FFFFFFF40FFFFFA0FFFFFFFFFFFF40FF58
:10914000FFFF9FFFFFFFFFFFF40BBBBBBBFFFFFF5A
:10915000FFFFFF800000000FFFFFFFFFFFFFFFFF8B
:10916000FFFFFFFFFFFFFFFFFFFFFFFFFFFFFFFF0F
:10917000FFFFFFFFFFFFFFFFFFFFFFFFFFFFFFFFFF
:10918000FFFFFFFFFFFFFFFFFFFFFFFFFFFFFFFFEF
:10919000FFFFFFFFFFFFFFFFFFFFFFFFFFFFFFFFDF
:1091A000FFFFFFFFFFFFFFFFFFFFFFFFFFFFFFFFCF
:1091B000FFFFFFFFFFFFFFFFFFFFFFFFFFFFFFFFBF
:1091C000FFFFFFFFFFFFFFFFFFFFFFFFFFFFFFFFAF
:1091D000FFFFFFFFFFFFFFFFFFFFFFFFFFFFFFFF9F
:1091E000FFFFFFFFFFFFFFFFFFFFFFFFFFFFFFFF8F
:1091F000FFFFFFFFFFFFFFFFFFFFFFFFFFFFFFFF7F
:10920000FFFFFFFFFFFFFFFFFFFFFFFFFFFFFFFF6E
:10921000FFFFFFFFFDFFFFFFFFFFFFFFFFFFFD144D
:1092200044444444444444444410000000000000CA
:10923000000000000000000000000000000000002E
:10924000000369ABCBA96300000000000000000030
:109250000027CFFFFFFFFFFFFFC720000000000037
:109260000003BFFFFFFFFFFFFFFFFFFFB300000092
:1092700000002CFFFFFFFFFFFFFFFFFFFFFFFC20B1
:109280000000008FFFFFFFFFFDBAAABDFFFFFFFF39
:10929000FF800001DFFFFFFFC7300000000037CF75
:1092A000FFFFFFD103EFFFFFF920000000000000E7
:1092B0000029FFFFFFE3EFFFFFB200000000000006
:1092C00000000002BFFFFFE7FFFF6000000000009A
:1092D0000000000000006FFFF707FE2000000048BC
:1092E000BEFFFDB8400000002DF70004100000187C
:1092F000EFFFFFFFFFFFE810000014000000000078
:109300006EFFFFFFFFFFFFFFFE6000000000000098
:1093100001BFFFFFFFFFFFFFFFFFFFB100000000E5
:109320000000BFFFFFFFC87678CFFFFFFFC000003F
:1093300000000008FFFFE70000000007EFFFF80053
:10934000000000000008FF900000000000009FF9EE
:1093500000000000000000064000000000000000C7
:1093600047000000000000000000000000010000B5
:1093700000000000000000000000000000007FFF6F
:109380007000000000000000000000000000007FEE
:10939000FFFF70000000000000000000000000005F
:1093A0000EFFFFFE000000000000000000000000B3
:1093B0000000FFFFFFF000000000000000000000C0
:1093C0000000000CFFFFFC00000000000000000097
:1093D00000000000004FFFFF400000000000000000
:1093E000000000000000003BDB3000000000000037
:1093F00000026777777777777777777777777777F9
:10940000740005FFFFFFFFFFFFFFFFFFFFFFFFFFF0
:10941000FFFFF900DFFFFFFFFFFFFFFFFFFFFFFF81
:10942000FFFFFFFFF10FFFFFFFFFFFFFFFFFFFFF4A
:10943000FFFFFFFFFFFF30FFF8000000000000000B
:10944000000000000004FFFF9FFF800000000000FC
:10945000000000000000004FFFFFFFF80CFFFFFFBF
:10946000FFFFFFFFFFFFFFFF04FFFFFFFF80CFFFB6
:10947000FFFFFFFFFFFFFFFFFFF028CFFFFFF80C0C
:10948000FFFFFFFFFFFFFFFFFFFFFF0008FFFFFFE2
:1094900080CFFFFFFFFFFFFFFFFFFFFFF0008FFF09
:1094A000FFF80CFFFFFFFFFFFFFFFFFFFFFF0008BC
:1094B000FFFFFF80CFFFFFFFFFFFFFFFFFFFFFF07A
:1094C0003FFFFFFFF80CFFFFFFFFFFFFFFFFFFFF66
:1094D000FF04FFFFFFFF800000000000000000000D
:1094E0000000004FFFFEFFFB77777777777777777E
:1094F0007777777779FFFA3FFFFFFFFFFFFFFFFFE7
:10950000FFFFFFFFFFFFFFFF30BFFFFFFFFFFFFF7A
:10951000FFFFFFFFFFFFFFFFFFE001BFFFFFFFFFB8
:10952000FFFFFFFFFFFFFFFFFFFFD3000000000072
:1095300000000000000000000000000000000267C2
:109540007777777777777777777777777774000597
:10955000FFFFFFFFFFFFFFFFFFFFFFFFFFFFFFF921
:1095600000DFFFFFFFFFFFFFFFFFFFFFFFFFFFFF2A
:10957000FFF10FFFFFFFFFFFFFFFFFFFFFFFFFFFF9
:10958000FFFFFF30FFF800000000000000000000B7
:10959000000004FFFF9FFF800000000000000000AB
:1095A000000000004FFFFFFFF80EFFFFFFFFFFFF6F
:1095B000FFFF90000004FFFFFFFF80EFFFFFFFFFB2
:1095C000FFFFFFF900000028CFFFFFF80EFFFFFFAD
:1095D000FFFFFFFFFF9000000008FFFFFF80EFFF8D
:1095E000FFFFFFFFFFFFF9000000008FFFFFF80EF5
:1095F000FFFFFFFFFFFFFFFF9000000008FFFFFFDE
:1096000080EFFFFFFFFFFFFFFFF90000003FFFFFBC
:10961000FFF80EFFFFFFFFFFFFFFFF90000004FFBA
:10962000FFFFFF80000000000000000000000000BD
:109630004FFFFEFFFB7777777777777777777777C7
:109640007779FFFA3FFFFFFFFFFFFFFFFFFFFFFFFD
:10965000FFFFFFFFFF30BFFFFFFFFFFFFFFFFFFF29
:10966000FFFFFFFFFFFFE001BFFFFFFFFFFFFFFF67
:10967000FFFFFFFFFFFFFFD300000000000000001E
:10968000000000000000000000000002677777770C
:1096900077777777777777777777740005FFFFFFAE
:1096A000FFFFFFFFFFFFFFFFFFFFFFFFF900DFFFEF
:1096B000FFFFFFFFFFFFFFFFFFFFFFFFFFFFF10FB8
:1096C000FFFFFFFFFFFFFFFFFFFFFFFFFFFFFFFFAA
:1096D00030FFF8000000000000000000000000045F
:1096E000FFFF9FFF8000000000000000000000005E
:1096F000004FFFFFFFF80EFFFFFFFFFFF500000028
:10970000000004FFFFFFFF80EFFFFFFFFFFF50009F
:109710000000000028CFFFFFF80EFFFFFFFFFFF55E
:1097200000000000000008FFFFFF80EFFFFFFFFFC9
:10973000FF500000000000008FFFFFF80EFFFFFF4A
:10974000FFFFF500000000000008FFFFFF80EFFFB3
:10975000FFFFFFFF5000000000003FFFFFFFF80E7B
:10976000FFFFFFFFFFF5000000000004FFFFFFFF09
:10977000800000000000000000000000004FFFFE1D
:10978000FFFB77777777777777777777777779FFD3
:10979000FA3FFFFFFFFFFFFFFFFFFFFFFFFFFFFF9E
:1097A000FFFF30BFFFFFFFFFFFFFFFFFFFFFFFFFD8
:1097B000FFFFFFE001BFFFFFFFFFFFFFFFFFFFFF16
:1097C000FFFFFFFFD30000000000000000000000CA
:1097D0000000000000000000026777777777777756
:1097E00077777777777777740005FFFFFFFFFFFFC5
:1097F000FFFFFFFFFFFFFFFFFFF900DFFFFFFFFF9E
:10980000FFFFFFFFFFFFFFFFFFFFFFF10FFFFFFF66
:10981000FFFFFFFFFFFFFFFFFFFFFFFFFF30FFF82E
:1098200000000000000000000000000004FFFF9F97
:10983000FF800000000000000000000000004FFF5B
:10984000FFFFF80EFFFFFF10000000000000000403
:10985000FFFFFFFF80EFFFFFF100000000000000AE
:109860000028CFFFFFF80EFFFFFF100000000000F0
:1098700000000008FFFFFF80EFFFFFF10000000085
:1098800000000000008FFFFFF80EFFFFFF10000038
:1098900000000000000008FFFFFF80EFFFFFF10065
:1098A000000000000000003FFFFFFFF80EFFFFFF79
:1098B000100000000000000004FFFFFFFF80000018
:1098C000000000000000000000004FFFFEFFFB77DB
:1098D000777777777777777777777779FFFA3FFFBB
:1098E000FFFFFFFFFFFFFFFFFFFFFFFFFFFFFF3057
:1098F000BFFFFFFFFFFFFFFFFFFFFFFFFFFFFFFFB8
:10990000E001BFFFFFFFFFFFFFFFFFFFFFFFFFFFC4
:10991000FFD3000000000000000000000000000075
:10992000000000000002677777777777777777779F
:1099300077777777740005FFFFFFFFFFFFFFFFFFDB
:10994000FFFFFFFFFFFFF900DFFFFFFFFFFFFFFF4C
:10995000FFFFFFFFFFFFFFFFF10FFFFFFFFFFFFF15
:10996000FFFFFFFFFFFFFFFFFFFF30FFF8000000DA
:1099700000000000000000000004FFFF9FFF8000C7
:1099800000000000000000000000004FFFFFFFF893
:1099900000000000000000000000000004FFFFFFC6
:1099A000FF8000000000000000000000000028CF41
:1099B000FFFFF800000000000000000000000000B1
:1099C00008FFFFFF80000000000000000000000012
:1099D00000008FFFFFF80000000000000000000002
:1099E00000000008FFFFFF800000000000000000F2
:1099F000000000003FFFFFFFF80000000000000033
:109A0000000000000004FFFFFFFF800000000000D6
:109A1000000000000000004FFFFEFFFB7777777724
:109A2000777777777777777779FFFA3FFFFFFFFFD1
:109A3000FFFFFFFFFFFFFFFFFFFFFFFF30BFFFFF45
:109A4000FFFFFFFFFFFFFFFFFFFFFFFFFFE001BF83
:109A5000FFFFFFFFFFFFFFFFFFFFFFFFFFFFD30041
:109A600000000000000000000000000000000000F6
:109A700000000000000000000000000010000000D6
:109A8000000000000000000000000000005EFE403A
:109A9000000000000000000000000000000123FFA3
:109AA000FFF100000000000000000000000001BF06
:109AB000FFFFFFF5000000000000000000000000B4
:109AC0000BFFCDFFFFF400000000000000000000CD
:109AD00000005FE100CFFFC00000000000000000B8
:109AE00000000000DF500007A70000000000000099
:109AF000000210000004FD00000000000000000053
:109B0000000004EFFC20000CF50000000000000045
:109B1000074000004FFFFFE1004FE00000000000A1
:109B200000000CFB2000CFFFFFFA35EF94444444C3
:109B3000444444444DFFF700FFFFFFFFFFFFFFFFDA
:109B4000FFFFFFFFFFFFFFFFFFD0EFFFFFFEBBBBED
:109B5000BCFFCBBBBBBBBBBBBFFFFE508FFFFFF44B
:109B60000000009FA000000000000CFF80000BFF21
:109B7000FF800000000EF200000000000CB20000A8
:109B80000058730000000007FA0000000000000009
:109B900000000000000000000001FF2006DDDDC223
:109BA0000000000000000000000000008FC009FF5E
:109BB000FFF40000000000000000000000000CFFA7
:109BC000DEFFFFF4000000000000000000000000C5
:109BD00001AFFFFFFFF400000000000000000000E4
:109BE0000000000019FFFFF400000000000000006A
:109BF00000000000000008FFFFF40000000000006B
:109C00000000000000000000000000000000000054
:109C100000000000013432000000000000003AEFB4
:109C2000FFFFFB50000000000AFFFFFFFFFFFC10DA
:109C3000000001CFFFFFC7FFFFFFD100000BFFFFB8
:109C4000FFC08FFFFFFC00005FFFFFFFC009FFFFA9
:109C5000FF5000CFFFFFFFC000AFFFFFB002FFFFCC
:109C6000FFFFC0000BFFFFF106FFFFAFFFC0390091
:109C7000CFFFF50AFFF903EFC03F901DFFF80CFF7F
:109C8000FD103EC02FB00CFFFA0EFFFFD103B02B2A
:109C900000AFFFFC0FFFFFFD10100009FFFFFD0FDD
:109CA000FFFFFFD100007FFFFFFE1FFFFFFFFD1042
:109CB00005FFFFFFFE1FFFFFFFFB0003FFFFFFFE8F
:109CC0000FFFFFFFB000003FFFFFFD0FFFFFFB0096
:109CD000201104FFFFFD0EFFFFB005C02D105FFF38
:109CE000FC0CFFFB005FC02FD007FFFA09FFFB054C
:109CF000FFC03F601DFFF705FFFFDFFFC03601DF3C
:109D0000FFF401FFFFFFFFD0001DFFFFF000AFFFDA
:109D1000FFFFD001DFFFFFA0002FFFFFFFD01DFFDF
:109D2000FFFF200006FFFFFFD1CFFFFFF80000007C
:109D30006FFFFFECFFFFFFB000000002AFFFFFFF6F
:109D4000FFE700000000000158ABBA8400000000EB
:109D50000000001444444300000000000000001F05
:109D6000FFFFFFF9000000005888888CFFFFFFFF0D
:109D7000F88888881FFFFFFFFFFFFFFFFFFFFFFF3F
:109D8000F7FFFFFFFFFFFFFFFFFFFFFFFF8BFFFF5F
:109D9000FFFFFFFFFFFFFFFFFFE4000000000000E8
:109DA000000000000000002888888888888888884B
:109DB00088860004FFFFFFFFFFFFFFFFFFFFC000DB
:109DC0004FFFFFFFFFFFFFFFFFFFFC0004FFFFFF50
:109DD000FFFFFFFFFFFFFFC0004FFFF55FFF92FF98
:109DE000FC1CFFFC0004FFFF22FFF60EFFA0AFFFEC
:109DF000C0004FFFF22FFF60EFFA0AFFFC0004FFE4
:109E0000FF22FFF60EFFA0AFFFC0004FFFF22FFFB3
:109E100060EFFA0AFFFC0004FFFF22FFF60EFFA02E
:109E2000AFFFC0004FFFF22FFF60EFFA0AFFFC0008
:109E300004FFFF22FFF60EFFA0AFFFC0004FFFF2AE
:109E40002FFF60EFFA0AFFFC0004FFFF22FFF60E6F
:109E5000FFA0AFFFC0004FFFF22FFF60EFFA0AFF35
:109E6000FC0004FFFF22FFF60EFFA0AFFFC0004F73
:109E7000FFF22FFF60EFFA0AFFFC0004FFFF55FF1F
:109E8000F92FFFC1CFFFC0003FFFFFFFFFFFFFFF24
:109E9000FFFFFB0002FFFFFFFFFFFFFFFFFFFFA031
:109EA0000009FFFFFFFFFFFFFFFFFFF20000047844
:109EB0008888888888888861000000000000000089
:109EC000000000000066100000000000000000001C
:109ED000000002DFFE300000000000000000000073
:109EE00002EFFFFF3000000000000000000002EF62
:109EF000FFFFFF300000000000000000009FFFFF98
:109F0000FFFF30000000000000000100BFFFFFFF66
:109F1000FC0000000000000002EC00BFFFFFFFF0AB
:109F200000000000000002EFFC00BFFFFFFB00008C
:109F30000000000002EFFFFC00BFFFFE1000000069
:109F4000000002EFFFFFFC00BFFE20000000000049
:109F500002EFFFFFFFFC00BE20000000000002EF48
:109F6000FFFFFFFFFC0010000000000002EFFFFFFA
:109F7000FFFFFFFA00000000000002EFFFFFFFFFFD
:109F8000FFFE20000000000002EFFFFFFFFFFFFECA
:109F900020000000000002EFFFFFFFFFFFFE200097
:109FA0000000000002EFFFFFFFFFFFFE20000000A7
:109FB000000002EFFFFFFFFFFFFE20000000000097
:109FC00002EFFFFFFFFFFFFE20000000000002EF96
:109FD000FFFFFFFFFFFE20000000000001EFFFFF7A
:109FE000FFFFFFFE200000000000005FFFFFFFFFFB
:109FF000FFFE2000000000000007FFFFFFFFFFFE44
:10A0000020000000000000009FFFFFFFFFFE200077
:10A010000000000000000BFFFFFFFFFE200000001B
:10A020000000000000DFFFFFFFFE20000000000036
:10A030000000000FFFFFFFFE2000000000000000F6
:10A040000000EFFFFFEC2000000000000000000017
:10A050000376420000000000000000000000000045
:10A0600000000008EFFFFFFFFFFFFFFFFFFFFFD52E
:10A07000000000000BFFFFFFFFFFFFFFFFFFFFFFE0
:10A08000FFF50000000BFFFFFFFFFFFFFFFFFFFFDB
:10A09000FFFFFFD000000BFFFFFFFFFFFFFFFFFFF1
:10A0A000FFFFFFFFFF00000BFFFFFFFFFF99FFFF18
:10A0B000FF99FFFFFFFFF0000BFFFFFFFFFF80088E
:10A0C000FFFF8007FFFFFFFF000BFFFFFFFFFFE029
:10A0D0000008FF80000EFFFFFFF00BFFFFFFFFFFF8
:10A0E000FF800008800008FFFFFFFF0BFFFFFFFF5E
:10A0F000FFFFFF8000000008FFFFFFFFFAFFFFFFE8
:10A10000FFFFFFFFFF80000008FFFFFFFFFFFFFFD3
:10A11000FFFFFFFFFFFFFF400004FFFFFFFFFFFA0D
:10A12000FFFFFFFFFFFFFFFF80000008FFFFFFFFB3
:10A13000FF0BFFFFFFFFFFFFFF8000000008FFFF96
:10A14000FFFFF00BFFFFFFFFFFFF8000088000080C
:10A15000FFFFFFFF000BFFFFFFFFFFE00008FF8096
:10A16000000EFFFFFFF0000BFFFFFFFFFF8008FF67
:10A17000FF8008FFFFFFFF00000BFFFFFFFFFF99BD
:10A18000FFFFFF99FFFFFFFFF000000BFFFFFFFF46
:10A19000FFFFFFFFFFFFFFFFFFFF0000000BFFFFC0
:10A1A000FFFFFFFFFFFFFFFFFFFFFFD00000000AE0
:10A1B000FFFFFFFFFFFFFFFFFFFFFFFFF5000000B6
:10A1C0000008EFFFFFFFFFFFFFFFFFFFFFD50000CD
:10A1D0000000178888888887500000001DFFFFFF57
:10A1E000FFFFFFC100002DFFFFFFFFFFFFFFA000EB
:10A1F0002EFFFFFFFFFFFFFFFF002EFF201FA00E1F
:10A20000D008FFF02EFFF201FA00ED008FFF3EFFB5
:10A21000FF201FA00ED008FFFEFFFFF201FA00EDA5
:10A22000008FFFFFFFFF201FA00ED008FFFFFFFFE2
:10A23000FFFFFFFFFFFFFFFFFFFFFFFFFFFFFFFF2E
:10A24000FFFFFFFFFFFFFFFFFFFFFFFFFFFFFFFF1E
:10A25000FFFFFFFFFFFFFFFFFFFFFFFFFFFFFFFF0E
:10A26000FFFFFFFFFFFFFFFFFFFFFFFFFFFFFFFFFE
:10A27000FFFFFFFFFFFFFFFFFFFFFFFFFFFFFFFFEE
:10A28000FFFFFFFFFFFFFFFFFFFFFFFFFFFFFFFFDE
:10A29000FFFFFFFFFFFFFFFFFFFFFFFFFFFFFFFFCE
:10A2A000FFFFFFFFFFFFFFFFFFFFFFFFFFFFFFFFBE
:10A2B000FFFFFFFFFFFFFFFFFFFFFFFFFFFFFFFFAE
:10A2C000FFFFFFFFFFFFFFFFFFFFFFFFFFFFFFFF9E
:10A2D000FFFFFFFFFFFEFFFFFFFFFFFFFFFFFFFE90
:10A2E0008FFFFFFFFFFFFFFFFFFF80AFFFFFFFFFBD
:10A2F000FFFFFFFF900024444444444444442000B2
:10A300000000000000000000000000000004000049
:10A31000000000000000000000000009F100000043
:10A3200000000000000000000009FF100000000015
:10A330000000000000000009FFF10000005C500078
:10A34000000000000003FFFF1000007FFD00000080
:10A35000000000004FFFF100008FFFD00000000060
:10A36000000004FFFF10009FFFFD00000000000040
:10A37000004FFFF100AFFFFFD0000000000000041D
:10A38000FFFF10BFFFFFFFFFFFFFFFFFFFFFFFFF0C
:10A39000F1AFFFFFFFFFFFFFFFFFFFFFFFFFFF1C0E
:10A3A000FFFFFFFFFFFFFFFFFFFFFFFFFFF12EFF9C
:10A3B000FFFFFFFFFFFFFFFFFFFFFFFE001DFFFF8F
:10A3C000FE55555555555555555510001CFFFFD098
:10A3D00000000000000000000000000CFFFD000075
:10A3E000000000000000000000000BFFD000000093
:10A3F0000000000000000000000AF900000000005A
:10A40000000000000000000001000000000000004B
:10A4100000000000000000000000000000009007A5
:10A420000000000000008007051401003200F00A5F
:10A430000908010C5600B013131400001401601138
:10A44000101A01FDE401A01716140100C002301318
:10A45000121501FF7D03E0050408010C8D0370094E
:10A46000071A02FBE8037009071A00FB4304300BCC
:10A470000B0B000A800450100E0D0104DB04600673
:10A48000050801FCEF04C00A09030107FD0460068A
:10A49000050401000705E0090C1BFFFDA905B0122A
:10A4A000111401005306600A08140000A3061010DE
:10A4B00010140000430700100F140000D907C01249
:10A4C000121401008D081010101400002D09401105
:10A4D00010140100CD09C010101400006D0A1012F4
:10A4E000101401000D0B401110140000AD0B60069C
:10A4F000050F0100D30B6006051301FC030C50107F
:10A500000E0D01035E0C50100E0901059D0C50103C
:10A510000E0D0103F80C10100F1400008E0DF01C2E
:10A520001B1901FBE00E80141614FF00BC0F301540
:10A530001214020070104014131401002E11201781
:10A5400014140200F611C012101402009612C01169
:10A550000F1402002C13A01513140100EA13C016E7
:10A56000121402009E14B00804140200C614600EF7
:10A570000D14FF0048152014131402000616A01035
:10A580000F1402009C16C01A161402007817C01689
:10A59000121402002C188017161401000819301428
:10A5A00011140200B2198017171801FCC61A6014A2
:10A5B000121402007A1B6011101401001A1C701092
:10A5C00011140000C41C201612140200781DF01390
:10A5D0001514FF004A1E801F1F140000801FE01288
:10A5E000131400003E2020121414FF0006216012F4
:10A5F00011140100B0215009071A02FB0B22E009D7
:10A600000D1BFEFDBB225009071A00FB162350103C
:10A610000D0C02046423000E0E0200FE7223D01003
:10A62000080403118223C0100E0F0100EB23201336
:10A6300010150200932400100F0F010004252013B1
:10A6400010150100AC2520110F0F01001D26E00997
:10A650000B15000091265013101401FB3127101325
:10A660000F150200CF27D00704150200F927F007C5
:10A67000091AFDFB6E284011101502001629D0079B
:10A68000041502004029A01D1A0F0200032A10130E
:10A690000F0F0200742AC011100F0100EC2A2013C2
:10A6A000101402FB8C2B2013101401FB2C2C800B9C
:10A6B000090F0200702C000E0E0F0000D92C900B19
:10A6C0000B130000422DF0120F0F0200B32DA00F4C
:10A6D000110FFF00332E3019190F0000EF2E700FED
:10A6E000100F0000672FA00F1114FFFB1130900E08
:10A6F0000D0F01007330D009091A01FBE830600822
:10A70000041A02FB1C31D009091A00FB91315010C8
:10A710000E050108B431C00B0A0A010BE631D0085E
:10A7200006060105F831001C1C1D00FC8E33001CC0
:10A730001C150000B434001C1C1900FE1236001C4D
:10A740001C15000038374013141500000A38001C8F
:10A750001C1D00FCA039001C1B1D01FC283B801F98
:10A76000201900FEB83C001C1C1D00FC4E3E801F42
:10A77000201500009E3F001C1C1D00FC3441000EF3
:10A780000E1700FFD5410015151700FFC742801FA7
:10A79000201B00FD7744001C1C1500009D45401344
:10A7A000141D00FCBF468018121A03FDA94780182B
:10A7B000191D00FC14498018191900FE4D4A801813
:10A7C000191900FE864B8018121A03FD704C801870
:10A7D0001A19FFFEB54D8011101901FE7D4E801132
:10A7E000101901FE454F8018191900FE7E5080187F
:10A7F00019070007D650801F20150000265200239D
:10A80000231D00FC2254801F211DFFFC0156001C4B
:10A810001C1900FE5F578018190F00031B58801881
:10A82000190F0003D758002323160000585A001CA4
:10A830001C1500007E5B001C1C1D00FC145D001C30
:10A840001D1DFFFCB95E8018191900FEF25F80180B
:10A85000191D00FC5D618018191900FE96628018B0
:10A86000191700FFB663001C1C150000DC64801182
:10A87000131DFFFCF0658018191D00FC5B67801834
:10A88000191D00FCC668801F20150000166A001CF8
:10A890001E1DFFFCC96B0015151D00FCFA6C002382
:10A8A000231A00FEC16E0023231300010E70002343
:10A8B000231300015B71002323130001A8720023FE
:10A8C00023130001F57300232313000142750023B5
:10A8D000241700FFE0768018161D01FC1F788018F1
:10A8E000191D00FC8A79001C1D1DFFFC2F7B002315
:10A8F000231500009F7C0015151D00FCD07D301C29
:10A900001D1300010000721F51EF58EF5BEF5CEF69
:10A910005DEF61EF63EF65EF69EF6CEF71EF76EF7D
:10A9200077EF78EF8EEF93EF98EF9BEF9CEF9DEF33
:10A93000A1EFA2EFA3EFA4EFB7EFB8EFBEEFC0EF28
:10A94000C1EFC4EFC7EFC8EFC9EFCBEFE3EFE5EF1F
:10A9500014F015F017F019F030F037F03AF043F03A
:10A960006CF074F0ABF03BF190F191F192F193F156
:10A9700094F1D7F1E3F13DF254F2AAF412F7F2F7B1
:10A98000200000005F000100000000000000000047
:10A9900000000200B0000000F3F7600004A9040802
:10A9A000000000003E000300000001020003040557
:10A9B00002060708090A090A0B0C000D0E0F1011F8
:10A9C00012130C14140000001516171819161A1B70
:10A9D0001C1D1D1E1F201D1D1621222303241E25A4
:10A9E00025262728292A2B002C002D2E2F30313206
:10A9F000332D343435302D2D2E2E36373839333A29
:10AA00003A3B3A3C290000093D09000000000000E3
:10AA10000000000000000000000000000000000036
:10AA20000000000000000000000000000000000026
:10AA30000000000000000000000000000000000016
:10AA400000000000000000000102000304050206EF
:10AA50000708090A090A0B0C0D0E0F10110C12132E
:10AA600014151500000016171819171919191719B8
:10AA7000191A1919191917191719031B1C1D1D1E4D
:10AA80001F202122230024002526272727002726F0
:10AA9000282926262A2A272A272A2B2C2D2E2E2F14
:10AAA0002E300000230931090000000000000000E2
:10AAB0000000000000000000000000000000000096
:10AAC0000000000000000000000000000000000086
:10AAD0000000000000000000000000000000000076
:10AAE0000000000000010000000000000001000064
:10AAF000040000000003000000000000000000004F
:10AB00000000000000000100000000000000000044
:10AB100000000000000114000CF600000000E7E552
:10AB200003150A08EE03160113040E0000000000CE
:10AB30000000000000001B04FD00000000000000F9
:10AB400000000000000900F30000000000F7080901
:10AB50000000FC00FD0400FC00FCFEF7000000000B
:10AB6000FC0000FAF90000FC00F700000000000003
:10AB7000000000FCFC00F900F400CA0000F7000926
:10AB80000D0000F704040F09F8090000E6000000BA
:10AB90000000000000000000EF00000000000000C6
:10ABA00000000000000000F4FBEA00EEFD000000E1
:10ABB00000011100F3FCFF0100F80000FDDF0000C0
:10ABC000000000000000000000DCFC11000000009C
:10ABD0000000000000000000EE0000000000000087
:10ABE0000000000F00040000F7000000000000005B
:10ABF000000000000000000000001104010000003F
:10AC00000000000000000000000000000000000044
:10AC10000000000000000000000000000000000034
:10AC200000000000EF000000000000000000000035
:10AC300000000000000000000000000309040DFCFB
:10AC4000000009FCF1C3030C0901FA0010000E001A
:10AC50000E00D600FB0D000FFC0904000001FC00F3
:10AC600000F8240024000D001306080D000000EF7A
:10AC70000000000001FD0003F8FAF70300FC0000EB
:10AC800000EE0000000000000000000000E30000F3
:10AC90000000000000000000000000000001E700CC
:10ACA000E400000000FD002CFBFA0404FC00FA04A0
:10ACB0000000E80000000000000000000000D500D7
:10ACC00004000000000000000000000000E4001B81
:10ACD0000000EF000F00E2D5E2F70D0000E20005F2
:10ACE000F600F90000000000000000000000000C69
:10ACF0000DC9000000000000000000000000150069
:10AD00000300000000000303FBF700FFFFFC00004E
:10AD1000FD000000F700FC00F6F700F5F1F1F70088
:10AD2000F700F700000000FC0000040003FC000135
:10AD300000000004FD000000FD0404FF000000F717
:10AD400000FF0000000000010006FD00FB00F8000D
:10AD500000FD000D0000FC0000000000FF01FDFDF3
:10AD60000000FC00FC000000000000000000FEFEEF
:10AD700000FCFB0000000000010000FD00FCFCFCEA
:10AD8000000000000000000000FD00000000FDFACF
:10AD900000F900F3FDF3090000F704090C00F5FFCA
:10ADA000FB00FFEB04FD03E804000001E900E8FC00
:10ADB000D9FD00EA00090D0006000000000100F8BE
:10ADC000FA00F3000000FC000000FC00000000009E
:10ADD000FEFE00FEFA00000000000000FCFC00FD8A
:10ADE000FBFC0000FC000000000000000000000070
:10ADF000FCFC00FB00FD00F7040000FB0204040063
:10AE00000000000000FD0000000000030000FC0046
:10AE1000FCFDFB000000000000000400FC0000003E
:10AE200000FBF900F7000DFD01F200000CEAE9ED6E
:10AE3000F70400FCE3F800F800F707F8E300F4007B
:10AE40000002FF04FD000400F3EF00EAF5F7F5F35C
:10AE5000FBF4FFF7F403000100FC00000003000412
:10AE60000000000000000000000000FC00FE00FFE9
:10AE7000FC00F8F6F6FF00F3000000000000FC0004
:10AE800000000002FD0000000400000000000000BF
:10AE9000001600000000000003000000FC0000009D
:10AEA0000000000000000000F800040000000000A6
:10AEB0000000000000000000FD000000F70000009E
:10AEC00000EAF3000000F9EA0000FC0400F40000CE
:10AED0000000000000000000F90000F70000000082
:10AEE00000000000000000000400F8000000000561
:10AEF0000003F7F700FCFCFB000000000000F3007B
:10AF0000FC00F9FC00F6F5F3FC00F700F30000008C
:10AF100000240000020000FA000400ED0000000020
:10AF200000D6F80F0DFCED0004F900EAFEFA04E18A
:10AF3000FC060007F0F9EFF1ED0000E5001A000053
:10AF4000FE000000FEFEFCF4F1FFD6000000000051
:10AF500000000000010000000000000000000000F0
:10AF60000000000000FC00FEFCF90000F700FC00FF
:10AF70000000000000000000000000000000FF00D2
:10AF8000F7000009FF0600F604FDFFF4FC00FAFCE0
:10AF9000FD00F9F80000FCFFFDF8FB0000FC0004D8
:10AFA000FD00F6000000F700F800F8F804000000CB
:10AFB0000000000000F70400FA00FDFBF2FDFDFDBB
:10AFC000FFFDFBFF0000000000FCFCFC0000000097
:10AFD00005FD00FD000000FDFBFDFCFBFC00041274
:10AFE000FF00F400FD0900FCEDFA070000EBF80497
:10AFF000F80300FDFCF200F9020000F80000000474
:10B0000004F7F700F8FCF9FCFC00F802F7F80D0073
:10B01000000000000000000004000000000000002C
:10B020000000000000000000000000000000000020
:10B03000F800000000000000000000000000000018
:10B040000000000000000000000000000000000000
:10B05000000000000000000000000000FD000000F3
:10B0600000000000000000000000000000000000E0
:10B0700000000000000000000000FCFC00000000D8
:10B080000000000000000000F90000FA0000FCFCD5
:10B0900000000000FC00000000FE0000000000FDB9
:10B0A00000000000F900F7000000F10003F60901BC
:10B0B000FDEB0000F6FC00EEF5F30000EDFCEEEF1A
:10B0C000EA00F400041EFA00F6FCFFFCF8F4F8EFC6
:10B0D000EEF6FC0000FD00010000E1FC0D0AF6EFB9
:10B0E0000001F200EAFDFC09D7FA010000E3FBE9E8
:10B0F000FCDF0000E1001A0100FD00000000FEFD81
:10B10000EFFD00E300000000F200FC00FFF3EB00A5
:10B1100000FEF9F3FC00FD00000000ECFCF1F2FC85
:10B12000F8F5FCF800F7FCF1F900FBF7FCF700027A
:10B1300000FDF1000900F800000000050003F7120F
:10B1400000FCFCFB000000000000F300FC00F9FC28
:10B1500000F6F5F3FC00F7041200000000240000E4
:10B16000020000FA00040000000000000000FF00E0
:10B1700000000000FDF70000000000FE000000FCE1
:10B18000FC0000F7FC0000F70008FE0000000000D3
:10B19000000200000000070904FC00F2F9000DF1B4
:10B1A000F2F7F7120804D9FD09FC00FC05FCF000D9
:10B1B000FC04FAFCF3FC00000D0900F300E7FA0DB3
:10B1C000FAEF01FAF1F1FC120400F900F400040FA7
:10B1D000F6EFEEF50D0001DFFC04F8FDF600F6EFEA
:10B1E000F9F9FC0000F6F7FC000D0AFCE700E7FAAD
:10B1F00000F0E6FFF2F8F1F30C0000FA00F7FC00B3
:10B20000FCF80008F1040000E800FCF6F8FDF3F596
:10B21000F1F600F3FCF6F7F3FC00000115F800F37B
:10B22000FC00FCF7F6F4F3EFFAF70900F900EAFB8B
:10B230000309F2EFF7F10FFC02D6F809F6F8EF0078
:10B24000F3EDFBFCFCFCF7F3FF00000D0DFDE3004C
:10B25000E5F60BEFE2F7F0EDEAF10900000000FB84
:10B26000000004FB0903F7090000F2FF00FF0001E2
:10B2700001FC000000000000FC00000000040D01C3
:10B2800000FB00000000FDFDFB00000001040000C9
:10B2900000000400FC001100080101FA0009000090
:10B2A000000400000000000000000000000D000D80
:10B2B0000000000000000000000000000000E500A9
:10B2C000FC08000D00002C05F7F70404FD01EA005E
:10B2D0000016E50000000000000000000000E21180
:10B2E0003F000000000000000000000000E500003A
:10B2F000000000000000000000000000000000004E
:10B300000000000000000000F90000F7FC00000051
:10B31000000000000000000000000000000000002D
:10B32000FD00F40000010000043AF7FC0E0CF404E8
:10B3300000000404FA00000000000000000000000B
:10B34000C60D00000000000000000000000000002A
:10B35000000000F3000000F400000000F6FE000012
:10B3600000F600FB00EB0000000000000000000001
:10B3700000E20000000001000000000000FC0000EE
:10B38000F700F900F4000000F804FB0000F4FCF6FC
:10B390000000F400FC00EB00FB0000DCF7EEFBF02B
:10B3A0000000E200F4FE0000000000000000F9F8D8
:10B3B000FCF800000000F600F606FB0900FDF6FDB3
:10B3C000F8F700FBFEFD03F4FF000000D9FCFA00D3
:10B3D000F600FDEBFC0000FDFC000000000300FD9A
:10B3E000F8FD080000000000000000000000000060
:10B3F000000000000000000000000000000000004D
:10B400000000000000000000000000000000060036
:10B410000000000000F600FD000000F7040000003E
:10B42000F4FCF70000F300FC00EB00000000D50086
:10B43000F7EFEA0000E200FDF90000000000000064
:10B4400000FCF9FEF901000008FA000E16FCFCF3FE
:10B450000516080AF40513050D0A0C00000000008B
:10B460000000000000001C15F8FC00FC2413240060
:10B470000000040000110000F900000000000000BE
:10B480000000FD00000000000000000600000000B9
:10B49000DAFBFCEEEA0000E2000000000000000021
:10B4A000000000000000000000F9000000000000A3
:10B4B000000000FD00000000000000000600000089
:10B4C00000DAFBFCEEEA0000EE00000000000000E5
:10B4D000000000000000000000000000FC00000070
:10B4E000F60400FC040804F300FFFC040004000060
:10B4F0000000F500FCFDF700FCEE001CFC00F6FD72
:10B5000000FDF800FCF3F7FB000000F9000000006C
:10B510000000000000FD0000000000000000060028
:10B52000000000DAFBFCEEEA0000E2000000000090
:10B53000001600000000000000000000F900F2FB0F
:10B54000FC0DFCFCEE01FD01FDF4010A0104010407
:10B55000F5EEFB00EFF7F4EDEF00F9F7FBFAFCFD79
:10B56000FBFD00FDFF070007FD000E0000000000CE
:10B5700000000000000000FDFCFC0000F400FE00E4
:10B58000F80000000000000000000000E5000000DE
:10B590000000000000000000FCFC00FA00000000B9
:10B5A000FC0000F8FC0400F8F7FD00F3FDF6FDFBDD
:10B5B00000F80000000000000000000000E2000EA3
:10B5C0000000F800000000FA00FC0000FE0000FD92
:10B5D00000F6000013FAF1F2030505FFF303070379
:10B5E0000D030FFDF40000EE0000F3F40000F7007F
:10B5F000FAF800F900F900FD0700FCF3FC11000067
:10B60000FC00F7000006F60004FC040000F100FD59
:10B61000FF00FC05FC000000EEFBF600F30000EB71
:10B620000011FC00F8000300FC00FCF300FC040027
:10B63000000000FD000004FA010000FBFD00FB001B
:10B6400000000000000000000000000000000000FA
:10B65000E4000A0000FC000000000100FCFC000007
:10B660000009000A0000000000E4E601130D08EEE6
:10B67000031300110009000000000000000000009A
:10B6800000180000000000000000000000000000A2
:10B6900000000000E4AA0408A8A9040846AA0408B7
:10B6A0003D3100003025040814A4040880A90408D2
:10B6B00094B6040810000228780201249DE40108D1
:10B6C000A5E301081E00050000FE0100A4B6040861
:10B6D0000000000000000000F206E8EC993661D698
:10B6E0003A9624BE055E05FA04B14D6A8E09CEE78E
:10B6F000FF47FE00FCC0FAA47AA963F19CF3EA8A32
:10B70000E38EECD3FE7AFF5DEA0FF312F476FDDAF6
:10B71000FF3DAA37BB59CC9BE5FCF73E7AB893B9FD
:10B72000B4FBD63DEF3E5B587C399D5BC65DEF5E5A
:10B73000453E65BE965FBEFFE79F2DBE4E1E86BF8F
:10B74000B73FE7BF263B4E9C86FDB75EE7BF25337C
:10B750004DB58658B6FBE79E65CD8630A6B4CF3989
:10B76000EFBD9E6CAEB0C714DF79F7DDD70ADF2ED0
:10B77000E773F7B8FFDCFF6BFF8EFFB3FFD8FFFC6A
:10B78000FE45FEA9FF10FF76FFDCFD24FDA9FE703B
:10B79000FF16FF9CFB88FC4CFD52FE77FF5C8B6C18
:10B7A000A44FBD54D679EF5D7C939535B5F8CEDBCB
:10B7B000EF7EBDF7E71CEF7DF7BEFFDFE1C6D16589
:10B7C000C145B0E3D8CCC0CBA8AA8869893578F444
:10B7D00068D348B159B65175413430D23A5531F336
:10B7E00029B2190F1C5C1BBA13380A3404DC045A42
:10B7F00003B702B3057804B40411030C044F03CD5E
:10B80000034B026845083C672BE61AE47D886CE729
:10B8100054453343C646ADA59CE483A2FEC6FE054F
:10B82000FD44F3E2FD80FD00FC60FB60FC60F3E0A2
:10B83000EB60E280F283E243DA02B9A16A685A0659
:10B8400049A53924536F42CC3229218773AE630C4A
:10B850004208210400003C027804B306EE08280BDD
:10B86000610D990FD01106143A166C189D1ACB1C55
:10B87000F71E212148236C258E27AC29C72BDF2DED
:10B88000F32F0332103418361C381C3A173C0E3E86
:10B89000FF3FEC41D443B64593476A493C4B084DC2
:10B8A000CD4E8D504652F953A5554B57EA58825A02
:10B8B000135C9C5D1F5F9A600D627963DD6439667D
:10B8C0008D67D9681D6A596B8C6CB76DD96EF36F33
:10B8D00004710C720B730174EE74D275AD767F77C0
:10B8E00047780679BB79677A0A7BA27B327CB77C82
:10B8F000337DA57D0D7E6C7EC07E0B7F4B7F827F6E
:10B90000AF7FD27FEB7FFA7FFF7F00000000000057
:10B9100000040404040404040404040000000000FF
:10B9200006060606060605000000000000000000EE
:10B930000000000000000000020000000000000005
:10B9400000000400000200020200000000000000ED
:10B9500002020202000200000002000000000000DB
:10B9600002000000000101050505010500000000BE
:10B9700000100101000000001002020C0C12120065
:10B9800000000000C09003080DF7010871F70108DE
:10B9900000000000B5F70108D127D127800300007F
:10B9A00030313233343536373839414243444546F5
:10B9B00040305800303132333435363738396162EF
:10B9C00063646566403078000400000800000000F1
:10B9D0000000000200010000100000000000000054
:10B9E0000000000030313233343536373839616287
:10B9F00063646566787000303132333435363738F9
:10BA0000394142434445465850000000024000007E
:10BA1000000000A00000000005400000000000C879
:10BA2000000000000C4000000000409C00000000EE
:10BA3000194000000020BCBE00000000344000009F
:10BA4000BFC91B8E00000004B5400000504BCFD092
:10BA50006607E2CF010000006C4100003E8251AA5F
:10BA6000DFEEA73401000000D9420000DCB5A0E2FF
:10BA70003A301F97FFFFFFFFB4450000FD25A0C827
:10BA8000E9A3C14FFFFFFFFFFF3F00000000008060
:10BA900000000000FF3F00000000008000000000E8
:10BAA000446562756755695461736B0050726F74B9
:10BAB0006F636F6C5461736B0000000041726D43E3
:10BAC0006F6E74726F6C5461736B000044696167D0
:10BAD0006E6F73746963735461736B0043616E526C
:10BAE000785461736B00000055736254785461732D
:10BAF0006B00000054656C656D65747279546173F8
:10BB00006B0000006F6B20256C752068656C7020E1
:10BB100073747265616D20636F6D6D616E64733DEA
:10BB20006A6F696E74732C6D6F746F72732C6F66AD
:10BB3000662072617465733D6A6F696E74735F31FC
:10BB40005F35302C6D6F746F72735F315F31300011
:10BB50006F6B20256C752073686F77206D6F746F25
:10BB600072206A6F696E743D256C75206573633D44
:10BB700025303278206D61737465723D25303278DE
:10BB80002073746174653D257320706F735F646505
:10BB9000673D000054454C20256C75204D4F544F97
:10BBA000525F535441544520745F75733D256C7545
:10BBB0002076616C69645F6D61736B3D25752066ED
:10BBC00061756C745F6D61736B3D2575206472697E
:10BBD0007665723D000000003D0000006F6B20257F
:10BBE0006C752073686F7720646961672075736274
:10BBF0002072785F6C696E65733D3F206261645F9F
:10BC00006C696E65733D256C752072785F6F766523
:10BC100072666C6F773D256C752074785F64726F07
:10BC2000705F646174613D256C7520627573795F26
:10BC30006D61785F6D733D3F000000006F6B2025E4
:10BC40006C752073686F772064696167206D6F740D
:10BC5000696F6E206163746976653D256C7520702F
:10BC600072656469637465645F6D733D256C7520EE
:10BC7000656C61707365645F6D733D256C75206DD7
:10BC800061785F6572726F725F6465673D252E3300
:10BC9000660000006F6B20256C752068656C702055
:10BCA00073686F7720636F6D6D616E64733D696E4D
:10BCB000666F2C73746174652C6A6F696E74732C73
:10BCC0006D6F746F72732C6D6F746F722C636F6E07
:10BCD0006669672C64696167000000006F6B20254E
:10BCE0006C752068656C702062656E636820636F98
:10BCF0006D6D616E64733D696E69742C6D6F646502
:10BD00002C6D69742C656E61626C652C6A6F672C92
:10BD10006D6F76652C73746F702C64697361626CDF
:10BD2000652C636C656172006F6B20256C752073E8
:10BD3000686F7720696E666F206D63753D2573208F
:10BD40007472616E73706F72743D7573625F636459
:10BD5000632063616E3D636C61737369635F316D12
:10BD6000206D6F746F723D733335313920647269A1
:10BD70007665723D646D33353230206275696C646E
:10BD80003D2573006F6B20256C752073686F7720DD
:10BD900073746174652073746174653D25732061EB
:10BDA0006C69676E65643D257520656E61626C65C2
:10BDB000643D25303278206D6F76696E673D25755C
:10BDC000206163746976653D256C75206661756CCC
:10BDD000743D2573000000006F6B20256C75207387
:10BDE000686F772064696167206C6F6F705F6D6149
:10BDF000785F75733D256C7520646561646C696E50
:10BE0000655F6D6973733D256C752063616E5F6559
:10BE100072726F723D256C75207573625F64726F0C
:10BE2000703D256C75206661756C743D257300004E
:10BE30006F6B20256C752073686F7720646961676C
:10BE40002072746F7320636F6E74726F6C5F7374A3
:10BE500061636B3D25732063616E5F737461636B17
:10BE60003D25732070726F746F636F6C5F737461C4
:10BE7000636B3D2573207573625F737461636B3D03
:10BE8000257320686561705F6D696E3D256C752056
:10BE900074656C656D657472795F737461636B3D15
:10BEA000257320646961675F737461636B3D2573FB
:10BEB0002075695F737461636B3D257320737461D2
:10BEC000636B5F756E69743D776F72647300000019
:10BED0006F6B20256C752068656C7020746F7069BD
:10BEE00063733D73686F772C73747265616D2C6139
:10BEF000726D2C62656E6368206578616D706C652B
:10BF0000733D73686F775F73746174652C61726DD4
:10BF10005F6D6F76652C62656E63685F6D69740036
:10BF20006F6B20256C752073686F7720636F6E666A
:10BF30006967206D61703D2530386C7820726571BD
:10BF400075697265643D2530326C7820766572695A
:10BF5000666965643D2530327820656E61626C6586
:10BF60005F72656164793D25750000006F6B202567
:10BF70006C752073686F7720646961672063616EF8
:10BF80002072783D256C752074783D256C75206491
:10BF9000726F703D256C75206572726F723D256CF5
:10BFA00075206275736F66663D256C7520717565C9
:10BFB00075655F68776D3D256C7500006F6B20259A
:10BFC0006C752068656C6C6F2070726F746F636F36
:10BFD0006C3D616574686F722D746578742D76316F
:10BFE0002066773D25732070726F66696C653D250C
:10BFF0007320646F663D257520626F6F743D256CFC
:10C0000075207761746368646F675F6D733D256C3D
:10C0100075000000646F6E6520256C752062656E8A
:10C02000636820696E697420726573756C743D2550
:10C0300073206964656E746974793D2530327820A7
:10C040006D6F64653D253032782072616E6765736F
:10C050003D253032782076657273696F6E3D2530EC
:10C060003278000025732070726573656E743D250B
:10C0700030327820656E61626C65643D25303278BF
:10C08000206D6F76696E673D2530327820686F6C61
:10C0900064696E673D25303278207374616C653D4C
:10C0A0003030206661756C743D25303278000000B8
:10C0B0006461746120353032206D6F746F7273204B
:10C0C00070726573656E743D2530327820656E61DF
:10C0D000626C65643D25303278206D6F76696E67DD
:10C0E0003D25303278207374616C653D30302066B8
:10C0F00061756C743D25303278000000E9878DE56C
:10C10000A48DE8AFB7E6B18200000000E7BB93E67C
:10C110009E9CE5BE85E5A484E7908600E58F82E6D7
:10C1200095B0E697A0E6958800000000E9809FE5BD
:10C13000BAA6E8B685E9999000000000E6B8A9E53E
:10C14000BAA6E8B685E9999000000000E8BDACE722
:10C150009FA9E8B685E9999000000000E58F82E884
:10C160008083E5B7B2E58F98E58C9600E5819CE683
:10C17000ADA2E5B7B2E99481E5AD9800E58AA8E4FF
:10C18000BD9CE5BF99000000E58F82E695B0E69C76
:10C19000AAE6A087E5AE9A00E8AFB7E6B182E8BFAD
:10C1A00087E69C9F00000000E58F8DE9A688E8BF28
:10C1B00087E69C9F00000000E5B09AE69CAAE5B0E7
:10C1C000B1E7BBAA00000000E5B0B1E7BBAA0000E0
:10C1D000E58FAAE8AFBBE9858DE7BDAE00000000A2
:10C1E000E8B685E587BAE88C83E59BB400000000DB
:10C1F000E69CAAE88EB7E69CACE59CB0E68EA7E587
:10C2000088B60000E58F8DE9A688E5BC82E5B8B860
:10C2100000000000E8BE93E585A5E68896E698BE96
:10C22000E7A4BAE5BC82E5B8B8000000E5B09AE63C
:10C230009CAAE5A4B1E883BD00000000E58887E67C
:10C240008DA2504F53000000E58887E68DA24D492E
:10C25000540000004B6400004B7000004D4954E452
:10C26000BF9DE68C810000004D495420E69C89E981
:10C270009990E4BF9DE68C8100000000E5A4B1E840
:10C2800083BDE6B885E7908600000000EF808B0054
:10C29000EF818B00EF818C00EF818D00E58887E6D0
:10C2A0008DA2E6A8A1E5BC8F00000000EF80910000
:10C2B000EF809300E6B885E999A4E69585E99A9C14
:10C2C00000000000EF80A10053544F5020E5819CF6
:10C2D000E6ADA200E79BB8E5AFB9E8A792E5BAA63C
:10C2E00000000000E7AD89E5BE85E8BF9BE5BAA682
:10C2F00000000000E9809FE5BAA60000E6ADA3E5D6
:10C300009CA8E8BF90E58AA800000000504F53E7C2
:10C31000A7BBE58AA80000004D4954E7A7BBE58A02
:10C32000A8000000504F5320E79BB8E5AFB9E7A73E
:10C33000BBE58AA8000000004D495420E79BB8E502
:10C34000AFB9E7A7BBE58AA800000000E6A0A1E915
:10C35000AA8CE58F82E695B000000000EF81B10065
:10C36000E4BF9DE68C81E697B6E997B40000000033
:10C37000E794B3E8AFB7E69CACE59CB0E68EA7E5E2
:10C3800088B60000E9878AE694BEE69CACE59CB0DE
:10C39000E68EA7E588B60000E58F91E78EB0E794BA
:10C3A000B5E69CBA00000000E4BD8DE7BDAEE8AF85
:10C3B000BBE580BC00000000E8AFB7E6B182E5A4B1
:10C3C000B1E883BD00000000E6ADA3E59CA8E4BD94
:10C3D000BFE883BD000000004CC504080000012434
:10C3E0000C030000080300084CC5040800000024EA
:10C3F00000690000640300084CC5040800800024A4
:10C40000008000006403000840C604080C030124F7
:10C4100044BB010064030008000000000000F07F3E
:10C420001C00000043000000F8FFFFFF0C000000AC
:10C430000E0000000F0000002E00000010010000A0
:10C4400043000000F8FFFFFF0040404040404040F4
:10C4500040404141414141404040404040404040D7
:10C46000404040404040404040050202020202027B
:10C4700002020202020202020220202020202020CA
:10C4800020202002020202020202909090909090DE
:10C49000101010101010101010101010101010109C
:10C4A0001010101002020202020288888888888810
:10C4B00008080808080808080808080808080808FC
:10C4C0000808080802020202400000000000000004
:10C4D000000000000000000000000000000000005C
:10C4E000000000000000000000000000000000004C
:10C4F000000000000000000000000000000000003C
:10C50000000000000000000000000000000000002B
:10C51000000000000000000000000000000000001B
:10C52000000000000000000000000000000000000B
:10C5300000000000000000000000000000000000FB
:10C540000000000000000000000000000130135D4A
:10C55000B01B088D041A99041AC1041AED041A3D7F
:10C56000041A6904411704030904120114020202A7
:10C5700016408304405726020102030114050F0CE4
:10C580001C0107101721031A1A0313A1311B089B62
:10C59000041A97041AC5041AED04193F1182103CBD
:10C5A00090D0030401831AAA018114810182130A25
:10C5B0000629DF2A40B01C090243FB1125C03209BD
:10C5C000041B01020B130524161001052401100998
:10C5D0000104240202052406170107058203081539
:10C5E0001009040133020A2E0705010240072A81BF
:10C5F00007111309AB140875A91408ABAC42081352
:10C6000005AA1408C1A81B083714C11A89181A49A9
:10C61000041AC9041A3D04015802272D02520102CE
:10C620002080C5D4C3B2A1021B70180E6549020850
:10C6300085480208FD4702081D0C1A350C1A5D04D6
:04000005080002CD20
:00000001FF
