:020000040800F2
:1000000080C0022419050008B39B0008CB960008A5
:10001000B19B00089531000819C4000800000000D9
:10002000000000000000000000000000590400086B
:100030006136000800000000B504000849A6000869
:1000400033050008330500083305000833050008B0
:1000500033050008330500083305000833050008A0
:100060003305000833050008330500082532000871
:100070003305000833050008330500083305000880
:100080003305000833050008E9300008853600080C
:100090009D36000891360008A9360008330500088F
:1000A0003305000833050008330500083305000850
:1000B0003305000833050008330500083305000840
:1000C0003305000833050008330500088DA000083B
:1000D0003305000833050008330500083305000820
:1000E0003305000833050008000000003305000850
:1000F0003305000833050008330500083305000800
:1001000033050008330500083305000833050008EF
:1001100033050008330500083305000833050008DF
:1001200033050008330500083305000833050008CF
:1001300033050008330500083305000833050008BF
:1001400000000000000000000000000000000000AF
:10015000330500083305000833050008330500089F
:10016000330500083305000833050008330500088F
:1001700033050008519C000833050008000000000A
:10018000330500083305000833050008330500086F
:10019000330500083305000833050008330500085F
:1001A000330500083305000833050008000000008F
:1001B000330500083305000833050008330500083F
:1001C00033050008330500080000000000000000AF
:1001D00000000000000000003305000800000000DF
:1001E000000000000000000000000000000000000F
:1001F000000000000000000033050008330500087F
:10020000330500083305000800000000330500082E
:1002100033050008330500083305000833050008DE
:10022000330500080000000033050008000000004E
:1002300033050008330500080000000033050008FE
:1002400033050008330500083305000833050008AE
:10025000330500083305000833050008330500089E
:10026000330500083305000833050008330500088E
:1002700033050008330500083305000800000000BE
:10028000330500083305000833050008330500086E
:1002900000000000330500083305000800000000DE
:1002A000000000003305000833050008330500088E
:1002B000330500083305000833050008B53600088B
:1002C000C1360008D1A700083305000800F002F885
:1002D00000F0B2F80AA090E8000C82448344AAF12E
:1002E0000107DA4501D100F0A7F8AFF2090EBAE82C
:1002F0000F0013F0010F18BFFB1A43F0010318475A
:100300006C840400AC8404000A444FF0000C10F824
:10031000013B13F0070408BF10F8014B1D1108BF83
:1003200010F8015B641E05D010F8016B641E01F823
:10033000016BF9D113F0080F1EBF10F8014BAD1C73
:100340000C1B09D16D1E58BF01F801CBFAD505E091
:1003500014F8016B01F8016B6D1EF9D59142D6D3EB
:10036000704700000023002400250026103A28BF13
:1003700078C1FBD8520728BF30C148BF0B60704717
:100380006E2900F0BF85702900F06382662930F085
:100390006780652930F06480672930F061806129C9
:1003A00030F0608003681B0A28BF41F08001692992
:1003B00000F0D481642900F0D181752900F0CE814C
:1003C0006F2901F0BA80782900F02F82E92901F025
:1003D0005580E42901F05280F52901F04F80EF2982
:1003E00001F0B780F82900F02E820368DB0928BFEE
:1003F00041F08001632900F0D687732900F0DB8784
:10040000E32901F02583F32901F02A8300207047B6
:100410001FB52FF0B6FF01F001F904000020002104
:100420002FF098FE401C6060002000212FF07CFE21
:10043000E0601FBD10B510BD01F0E2FB1146FFF7F3
:10044000E7FF25F0D7FD01F05BFE03B4FFF7F2FFF5
:1004500003BC00F0D7FC00002C4B19680868B0E81A
:10046000F04F80F30988BFF36F8F4FF0000080F3E7
:10047000118870470000000008480068006880F399
:1004800008884FF0000080F3148862B661B6BFF3AD
:100490004F8FBFF36F8F00DF00BF00BF08ED00E09C
:1004A000DFF80C00016841F470010160704700BF83
:1004B00088ED00E0EFF30980BFF36F8F134B1A68EC
:1004C0001EF0100F08BF20ED108A20E9F04F1060D9
:1004D00009B44FF0500080F31188BFF34F8FBFF382
:1004E0006F8F2FF013FB4FF0000080F3118809BCD1
:1004F00019680868B0E8F04F1EF0100F08BFB0ECA4
:10050000108A80F30988BFF36F8F7047DC000124E5
:10051000EFF305807047000009488047094800470D
:10052000FEE7FEE7FEE7FEE7FEE7FEE7FEE7FEE7A3
:10053000FEE7FEE704480549054A064B7047000000
:1005400011A70008CD02000880BA022480C002244E
:1005500080BC022480BC02240048704720BA0224D8
:1005600053EA020C00F069802DE9F04B4FF00006D1
:10057000002B1FBFB3FA83F503FA05F424FA05F63E
:100580005E4012BF1643B2FA82F502FA05F4C5F1D5
:1005900020051EBF22FA05FC44EA0C04203556EA69
:1005A000044C4FEA144418BF641C4FF000084FF08D
:1005B0000009904271EB030C39D3002919BFB1FA3D
:1005C00081F701FA07F6B0FA80F700FA07F6C7F1EB
:1005D00020071EBF20FA07FC46EA0C062037B6FBB0
:1005E000F4FCA7EB0507103F07F01F0BCBF120062B
:1005F0000CFA0BFB2CFA06F644BFB3460026202F5C
:10060000A4BF5E464FF0000B5BEA060C08BF4FF03C
:10061000010B19EB0B09ABFB027C48EB0608C01B76
:1006200006FB02CC0BFB03CC71EB0C01C1E70B46C4
:10063000024641464846BDE8F08B13B54FF0000036
:100640004FF00001AFF30080BDE81C407047000090
:100650007CB51D4616460C00009001D02044401E7B
:10066000074B7B442A4669460190304600F071FEF4
:1006700005461CB10020694600F07EFE28467CBD80
:100680001D0D00000FB47CB50C0009AA009001D02C
:100690002044401E084B7B4469460190089800F0B6
:1006A00058FE05461CB10020694600F065FE28464C
:1006B0007CBC5DF814FB0000E90C000070B504463A
:1006C00085690068C10601D5302600E02026C007F4
:1006D00007D070BDD4E9012130469047206A401C04
:1006E00020626D1EF6D570BD70B504468569007830
:1006F000C00707D170BDD4E9012120209047206AAE
:10070000401C20626D1EF6D570BD70B50C460546C6
:10071000012A05D02878800600D5EA69002302E086
:10072000012305E05B1C934202D2E05C0028F9D172
:10073000A869E618C01AA861286A184428622846E1
:10074000FFF7BCFF04E0D5E9012114F8010B904745
:10075000B442F8D32846FFF7C7FF70BD2DE9F0413A
:100760000646002410687529314616A510D000F001
:100770005EFB002802DA404213A507E031688A07D1
:1007800001D512A502E0490704D511A5012401E015
:1007900000F056FB00210A2206F1240709E0B0FB15
:1007A000F2FCB0FBF2F302FB1C0030307854184628
:1007B000491C0028F3D123462A463046BDE8F041C3
:1007C00000F047BB000000002D0000002B000000DF
:1007D00020000000F0B40D460188090502D5214C27
:1007E0007C4402E01F4C7C440E34002100F12406BE
:1007F00008E002F00F071209E75D42EA03721B09E5
:100800007754491C52EA0307F3D1027800231207F8
:1008100004D5702D06D009B1022311342246F0BC54
:1008200000F017BB01231034F8E770B504460D46FD
:100830002146106800F004FB024629462046BDE828
:1008400070400023C6E7D21D22F00703D3E900233E
:10085000C0E70368126843F0200303600823C36104
:100860000023B7E7A87404002DE9F05F8946044629
:100870004FF0000ADFF874B1FB44C0F820A0204616
:10088000E1688847002874D0252806D0D4E90121E2
:100890009047206A401C2062F1E700265F46204610
:1008A000E16888472028054607DB312D05D27819F5
:1008B00010F8200C08B10643F1E7B00701D526F087
:1008C0000406C4F81CA00027C4F818A02A2D09D0DB
:1008D00028460BF0DDFF38B304EB8708303DC8F83D
:1008E000185019E059F8041B204604EB8702916167
:1008F000E1688847012F054618D1E069002820DA11
:1009000026F020061DE0D8F8180000EB800005EB6B
:1009100040003038C8F818002046E168884705468E
:100920000BF0B6FF0028EED1012F0AD02E2D08D1F2
:100930002046E16888477F1C0546022F46F02006C6
:10094000C4DBA069002803DA404246F00106A0613A
:10095000F00701D026F010066C2D0BD0682D09D0C1
:100960004C2D39D06A2D35D0742D35D07A2D33D019
:1009700016E038E0E1682F4620468847B842054631
:1009800009D16C2F26D04FF48060E16806432046E1
:100990008847054604E06C2F1AD04FF48070064358
:1009A0000DB3A5F14100192802D8203546F40066A0
:1009B0004A462946204626604E46FFF7E1FC80B1B4
:1009C00001280BD0F61D26F0070000F1080956E7B4
:1009D0004020E4E78020D8E70020D6E706F10409AC
:1009E0004DE7284652E7206ABDE8F09F38740400BE
:1009F00010B5002000F00AFEFFF71CFDBDE8104016
:100A0000012000F0FFB9401ECAB210F8011F8A424F
:100A100002D00029F9D10020704740EA010310B547
:100A20009B070FD1042A0DD310C808C9121F9C427E
:100A3000F8D020BA19BA884201D9012010BD4FF070
:100A4000FF3010BD1AB1D30703D0521C07E00020BD
:100A500010BD10F8013B11F8014B1B1B07D110F81A
:100A6000013B11F8014B1B1B01D1921EF1D118461D
:100A700010BD40EA0103024630B59B0710D14FF08C
:100A8000013400E008C208C91D1B9D4315EAC41FBC
:100A9000F8D013F0FF0102F8011B0DD01B0AF8E794
:100AA00011F8013B002B02F8013B05D011F8013B86
:100AB000002B02F8013BF3D130BD10B5431C02E01E
:100AC00010F8011B71B18107FAD14FF0013202C851
:100AD0008C1A8C4314EAC211F9D0C01A0A0603D04A
:100AE000C01E10BDC01A10BD0A0401D0801E10BD6A
:100AF0000902FCD0401E10BDCBB22AB101788B4256
:100B000003D0401C521EF9D10020704740EA010377
:100B100070B59B072ED14FF00136042A2AD308C89E
:100B200010C99D1B9D43121F15EAC61517D0D8B2D8
:100B3000E1B2401A50EA056110D198B2A1B2401A50
:100B400050EA05410AD123F07F4024F07F41401A4A
:100B500050EA052102D1180EA0EB146070BDA3422B
:100B6000DBD018BA21BA884201D9012070BD4FF0FC
:100B7000FF3070BD0AB9002070BD10F8013B11F8BC
:100B8000014B63B1A3420AD1521E08D010F8013BB9
:100B900011F8014B1BB1A34201D1521EEDD1181B1C
:100BA00070BD032A40F2308010F0030C00F0158075
:100BB00011F8013BBCF1020F624498BF11F801CB60
:100BC00000F8013B38BF11F8013BA2F1040298BFC5
:100BD00000F801CB38BF00F8013B11F0030300F02F
:100BE0002580083AC0F0088051F8043B083A51F8D3
:100BF00004CBA0E80810F5E7121D5CBF51F8043BD8
:100C000040F8043BAFF30080D20724BF11F8013B4A
:100C100011F801CB48BF11F8012B24BF00F8013BAC
:100C200000F801CB48BF00F8012B704710B5203AFF
:100C3000C0F00B80B1E81850203AA0E81850B1E895
:100C40001850A0E81850BFF4F5AF5FEA027C24BF4B
:100C5000B1E81850A0E8185044BF18C918C0BDE842
:100C600010405FEA827C24BF51F8043B40F8043B0B
:100C700008BF7047D20728BF31F8023B48BF11F8C0
:100C8000012B28BF20F8023B48BF00F8012B70471A
:100C900002F0FF0343EA032242EA024200F002B8F4
:100CA0004FF000020429C0F0128010F0030C00F095
:100CB0001B80CCF1040CBCF1020F18BF00F8012B13
:100CC000A8BF20F8022BA1EB0C0100F00DB85FEAE1
:100CD000C17C24BF00F8012B00F8012B48BF00F8AD
:100CE000012B70474FF0000200B51346944696461C
:100CF000203922BFA0E80C50A0E80C50B1F120012F
:100D0000BFF4F7AF090728BFA0E80C5048BF0CC0DC
:100D10005DF804EB890028BF40F8042B08BF70473A
:100D200048BF20F8022B11F0804F18BF00F8012BAC
:100D3000704700004FF0013C50F8042B51F8043B81
:100D40009A4215D1A2EB0C03934313EACC130BD1B7
:100D500050F8042B51F8043B9A4209D1A2EB0C0342
:100D6000934313EACC13E7D04FF00000704700BF65
:100D7000D01A01BAB1FA81F101F0180122FA01F09A
:100D8000CB40C1F12001DBB2C0B2C01A2CFA01F392
:100D9000D11A914311EAC311E6D1704770477047E9
:100DA0007047A0E8004FF0C040F804DB01B5AFF396
:100DB0000080BDE8024001C10020A1EC068BA1EC3F
:100DC00002BBA1EC06CBA1EC02FB704700F12C08A2
:100DD0000C46B8EC068BB8EC02BBB8EC06CBB8EC12
:100DE00002FB00F12C0858F8040DAFF3008058F80E
:100DF000040D8546200008BF012038E9F00018E9FD
:100E0000004F704701491820ABBEFEE726000200E4
:100E10000048704720BA022410B5FFF79DFB006818
:100E200010BD10B50446FFF797FB046010BD0968BC
:100E30004A0501D540B27047C905FCD500B27047DC
:100E400009684A0501D5C0B27047C905FCD580B212
:100E500070472DE9F0470D4699469246044600F149
:100E600024080168880604D5E06921F0100121609A
:100E700000E00120A84201DD471B00E00027A16936
:100E80007A1902EB0900081AA0612078C00602D482
:100E90002046FFF713FC002608E0D4E901211AF8E8
:100EA00006009047206A401C761C20624E45F4DB09
:100EB0002078C0060AD52046FFF700FC06E0D4E9FA
:100EC000012130209047206A401C2062381EA7F183
:100ED0000107F4DC07E0D4E9012118F80500904788
:100EE000206A401C2062281EA5F10105F3DC204683
:100EF000FFF7FAFB2078000602D50220BDE8F08754
:100F00000120FBE711680268006A530501D50870EB
:100F10000AE0D30501D5088006E0130603D5C21701
:100F2000C1E9000200E008600120704770472DE928
:100F3000FF4F0C461E464FF0FF378BB0D2E9000141
:100F4000DDF860800A908A46C1F30A5505B93D462E
:100F5000002108464FF00000BAF1000F00F44000F5
:100F600005DA00EB80004FF4400101EA50004FEA3F
:100F70009059B9F1010F00DDB9460A9850EA4A00CC
:100F80000ED044F61050A5F2FF3545432F14B8F1AA
:100F9000000F1ED07542291E1EDDC9F100021CE0A3
:100FA000B8F1010F4FF0000001D0302103E0F2430F
:100FB00005E02154401CB042FBDB304600220021FA
:100FC00021540B99C1F80880C1E900200FB0BDE899
:100FD000F08FBD1B6D1CDEE74A4600DA694206A8A9
:100FE00000F062FD06AB93E8070003AB83E807005F
:100FF00050460A9901F0F9FA8DE80700A0F5005073
:101000001F3800900398002D09DD42F21F014A4667
:10101000084403A90390684601F083FD08E0A0F5A9
:1010200000504A461F3803A90390684601F0A1FD0D
:101030008DE807000004000C03D04FF0FF3041089A
:1010400000E01046B8F1000F03D0002200921546D0
:101050001EE0751E05D400F0E5FA303262556D1EB3
:10106000F9D5B3460122084302D000227F1C04E0D8
:101070002078302801D100227F1E002A099786D0CF
:101080001DE0112D07DA00F0CDFA303262556D1CEB
:1010900050EA0102F5D1084302D00098C8B10EE031
:1010A0000021681E05E0235C625C63542254401EEC
:1010B000491C8142F7DBAB46A81B401E099000206B
:1010C00004F80B000B98099AC0F80880C0E9002BBF
:1010D0007CE711264FF0000859E72DE9F04F8846CC
:1010E0000446D21D22F0070191B0D1E90001CDE9FB
:1010F0000A010BF092F902460B98C00F01D02D2087
:1011000007E02068810701D52B2002E0202101EAB9
:10111000C000032A099001D0072A05DB0346414697
:10112000204600F04BFC0BE12078800601D5E069F9
:1011300000E00620B8F1650F814606D0B8F1660FD1
:1011400018D0B8F1670F70D131E00020B9F1110F5C
:10115000009001DB112301E009F101030AAA01A9B2
:101160000CA8FFF7E4FEDDE90C70002609F101058B
:10117000834647E001204B4600904FF000470AAA03
:1011800001A90CA8FFF7D3FEDDE90DB00C995D466F
:10119000002610B909F101000D18B9EB050003D4C0
:1011A000C0F1FF3609F10105A5EB09002BE0B9F10B
:1011B000010F01DA4FF001090020B9F1110F009081
:1011C000484601DD112300E003460AAA01A90CA844
:1011D000FFF7ADFEDDE90C704D4600268346207812
:1011E00000070AD4AB4500DA5D4601A8012D04DDF5
:1011F000411911F8011C302907D04F4502DA17F1C7
:10120000040F04DA012082460FE06D1EEEE7002F86
:1012100002DCED1B3E4403E0781CA84200DD7D1C8F
:10122000B81B00F1010A4FF000472078000703D4F3
:10123000AA4501DB4FF0FF3A0021B7F1004F0DF155
:1012400043088DF8431024D002202B23002F01DA0D
:101250007F422D230A21021EA0F1010000DC5FB1B4
:1012600097FBF1FC97FBF1F201FB1C7C17460CF19C
:10127000300C08F801CDEEE7A8F1010003702188D9
:10128000090501D5452100E06521A0F1010800F81C
:10129000011C09980FA9A1EB0807FF1D00B101204F
:1012A000411901EBEA70A1693844081A401EA06197
:1012B0002078C00602D42046FFF700FA099828B12A
:1012C000D4E901219047206A401C20622078C006A2
:1012D00022D52046FFF7F2F91EE0002E04DBB345CD
:1012E00002DD01A8805D00E03020D4E901219047B3
:1012F000206A401C2062761CAAF101005FEA000A05
:101300000AD100F08BF9C0680168405CD4E9012182
:101310009047206A401C2062281EA5F10105DCDCF4
:1013200007E0D4E9012118F8010B9047206A401C1E
:101330002062381EA7F10107F3DC2046FFF7D4F93D
:10134000032011B043E6000001694A1C02610878DD
:10135000704700B58FB0CDE90131002105910549F5
:101360007944CDE9031011466846FFF77DFA0FB0C6
:1013700000BD0000E5FFFFFF0A6802F8010B0A60EC
:101380007047D1E900239A4202D2531C0B601070BF
:10139000704710B5436913B1AFF3008001E0FFF768
:1013A000B4F9012010BD127800F124010A70002266
:1013B0004A700122EDE711684FF0FF32E9E70000C3
:1013C0002DE9FF5F15468A460446DFF8AC80F844F5
:1013D0000027D8E900103E46CDE9001010E03AF8A9
:1013E00016106A4602A800F0CDFB411C07D02178F8
:1013F000890603D5E269391891420DD80744761C55
:101400002078800602D5E069B84205DDAE42E6DB11
:101410003AF816000028E2D1A069C01BA06120465E
:10142000FFF74CF9D8E90010CDE90010002017E0D3
:101430003AF818106A4602A800F0A4FBB0F1FF3F8A
:1014400081460BD000250DF1080B05E0D4E9012100
:101450001BF8050090476D1C4D45F7D308F10100BE
:10146000B0428046E4DB206A384420622046FFF721
:101470003BF9BDE8FF9F0000F66804002DE9F0414C
:101480008046D21D22F007020025D2E90002F5298C
:1014900015A614D0011E72F1000106DA0023D0EB6C
:1014A000030063EB020211A608E0D8F800108B07D6
:1014B00001D50FA602E0490701D50EA60125114668
:1014C000002408F1240704E000F0ACF830323A556B
:1014D000641C50EA0102F7D12B46324621464046B1
:1014E000BDE8F041FFF7B5BC000000002D00000092
:1014F0002B0000002000000030B4002100F1240483
:1015000008E002F00705D208303542EA4372DB08F2
:101510006554491C52EA0305F3D10468002310A264
:10152000250707D5A40600D421B1C46901230DA263
:10153000641EC46130BCFFF78CBC10B50446214664
:101540001068FFF77DFC02462046BDE810400023EE
:10155000D2E7D21D22F00701D1E90023CCE7000039
:1015600000000000300000000FB4002300B589B077
:101570000CA900910B99CB60214B7B440693214B26
:101580007B44079304236FF00042CDE901321E4AE9
:101590007A446B460892024600202EF0C5FF09B03F
:1015A0005DF814FB70B506464FF0FF3015460C464B
:1015B000324686B00091CDE90101694600200490D1
:1015C00004A8FFF7D1FF02460498211825B108B1FD
:1015D000084600E020462860049800280DD0002A24
:1015E00002DD0098884208D03246081B6946009404
:1015F000CDE9010404A8FFF7B7FF06B070BD0000F5
:10160000EB040000030500001B01000010B500F012
:10161000DFFABDE8104000F0D5BA704700487047C7
:1016200040BA022430B5B0F10A024FEA900E71F1CF
:1016300000034EEA817EB0EB0E0061EB91014FEAB0
:10164000101E4EEA017E10EB0E0041EB11114FEA25
:10165000102E4EEA016E10EB0E0041EB11214FEA05
:10166000104E4EEA014E10EB0E0041EB11414018B6
:1016700041F100014FEAD00040EA41704FEAD10148
:1016800010EB80054FEA810444EA907444EB0104B6
:101690006D1944EB0404521BA3414FF0000348BFF3
:1016A0000A3200D530BD401C41F1000130BD10B5FB
:1016B000044600F0CBFA0068005D00F0010010BDA8
:1016C0002DE9F04F04460D46D21D22F0070089B0E7
:1016D000D0E90097484639460AF09FFE0246F80FC7
:1016E00001D02D2307E02068810701D52B2302E0DC
:1016F000202101EAC0038DF820300BB1012000E069
:101700000020032A824601D0072A04DB294620460E
:1017100000F054F93FE12078800601D40D2500E067
:10172000E569C7F30A560D2D49DA00214FEA175B28
:1017300008464FF00000002F00F4400007DA00EBED
:1017400080004FF4400100EBD07001EA6000811589
:10175000012901DD4FF0FF3100224FEA850CBCF179
:10176000180F06D31346ACF118004FF08052C24058
:1017700003E04FF4801323FA0CF30CF10C0CBCF1D2
:10178000200F04D3ACF1200C09FA0CF001E007FAA9
:101790000CF000294FF0004801DD18B90FE00ED120
:1017A00040450CD319EB02095F4121B9404502D1F4
:1017B0009F4329EA0209BBEB175F00D0761C208803
:1017C000000502D57B48784402E07A48784419380D
:1017D00008AA302302F80A30037C0AF10101002E26
:1017E0000AF1020A53546A4602DC4FF0300101E06C
:1017F0004FF031014FF001088DF8001002D0A6F231
:10180000FF3603E059EA470100D06B4E002D02DCA1
:101810002178090704D54FF002082E218DF8011018
:10182000C44600210BE0C7F303433F01C35C491CDE
:101830006D1E02F80830052908F1010801DA002DB3
:10184000F1DC00210CE000EB1973491C1B786D1EC4
:10185000082902F808304FEA091908F1010801DAED
:10186000002DF0DC21688B0602D516E0A8F10108F6
:10187000E04505DD02EB080313F8013C302BF5D001
:10188000B8F1000F09DD02EB080313F8013C2E2B21
:1018900003D1090701D4A8F10108002D05DD3E217F
:1018A00002F808106D1E08F10108407C002E02F8B5
:1018B000080008F1010804DA2D20764202F8080039
:1018C00002E02B2002F808000A214FF47A708642C9
:1018D00008F101080BDB96FBF0F3303302F8083017
:1018E00096FBF0F308F1010800FB136601E0642E9B
:1018F0000CDB642096FBF0F3303302F8083096FBE3
:10190000F0F308F1010800FB136601E00A2E06DB84
:1019100096FBF1F0303002F8080008F1010896FB60
:10192000F1F001FB1060303002F80800A16908F105
:10193000010808EB050202EB0A00081AA0612078F2
:10194000C00602D42046FEF7B9FE216A08AE01EBBC
:101950000A00206204E0D4E9012116F8010B904747
:10196000BAF1010AF7D22078C00602D52046FEF768
:10197000A5FE6E4609E016F8010B3E280FD0D4E90B
:1019800001219047206A401C2062B8F10108F2D280
:101990002046FEF7A9FE09B00320BDE8F08F206ABB
:1019A0002844206203E0D4E90121302090476D1ED5
:1019B000EBD3F8E71965040002FCFFFF2DE9F041C5
:1019C0001F46044603260168072A01F4006004DB71
:1019D00008B116A505E016A503E008B115A500E0BD
:1019E00015A521F010002060A069C01EA0610FB1F4
:1019F000401EA0612046FEF761FE4FB1D4E90121EF
:101A000038469047206A401C2062C01C206206E0D5
:101A1000206AFAE7D4E9012115F8010B9047761EF8
:101A2000F8D22046FEF760FEBDE8F0814E414E0040
:101A30006E616E00494E4600696E660010B54369DE
:101A400013B1AFF3008001E0FFF7BAFC012010BD35
:101A5000128800F1240182840022C2840122EDE771
:101A600011684FF0FF32E9E7426842B1016811F8AE
:101A7000013B23B1521EC0E90012184670470121F4
:101A8000C160881E704742685AB1C368016843B993
:101A900083688B4205D0491E521CC0E90012002009
:101AA00070474FF0FF3070472DE9F04781461646EA
:101AB0008AB0334878440DC88DE80D00304878442A
:101AC000801C03AC0DC884E80D0041F69B3008442F
:101AD000372190FBF1F290FBF1F5A5F1800501FBB8
:101AE00012041B3C02D56442012000E00020DFF814
:101AF00090A080460027FA44AAF1BE0A0DE0E00754
:101B000009D03246684607EB47010AEB810101F034
:101B100030F88DE8070064107F1C002CEFD1184FBF
:101B20007F44AC3F18E0E80714D007EB04100DF138
:101B3000180A90E80E008AE80E00C068F04201D151
:101B400098190890324606A903A801F012F803ABD1
:101B500083E807006D10641C002DE4D1324669460D
:101B6000B8F1000F03A802D000F0DBFF01E001F0A4
:101B700000F8C9E90001C9F808200AB0BDE8F087FB
:101B8000BC62040070B516460C46054600F05EF8CF
:101B9000036893F80101012806D0FF2C0FD8185DC7
:101BA00068B101202C7070BDD3F807013246214680
:101BB00003F2071303442846BDE8704018474FF06E
:101BC000FF3070BD002801D0FFF71CB9704700003E
:101BD00010B5002102A000F09CFA012010BD000009
:101BE000534947414252543A2041626E6F726D61CF
:101BF0006C207465726D696E6174696F6E000000AF
:101C00007546FFF705F9AE4605006946534620F0D4
:101C10000700854618B020B5FEF78CFCBDE82040D3
:101C20004FF000064FF000074FF000084FF0000B98
:101C300021F00701AC46ACE8C009ACE8C009ACE84B
:101C4000C009ACE8C0098D467047000010B5FFF729
:101C5000E5FC001D10BD00BFFDE402002DE9FF4FB3
:101C6000064689B00878FF2806D0491C2D2805D0E3
:101C700000244FF0000908E000200CE00124F8E700
:101C800009EB8903491C00EB43090878FF28F7D1C9
:101C900014B1C9F100008146107800252C46AA46EF
:101CA00029462D2801D02B2804D1521C2D2813D0D1
:101CB000002082468B461078FF280FD04FF0000C92
:101CC0000A21521CA5FB017804FB018105FB0C11C4
:101CD000C5194BEB0104EEE70120EAE700210846B5
:101CE0004FF00000BAF1000F02D000EB8000400876
:101CF000C0F38158B8F1010F01DD4FF0FF380C98A7
:101D000009EB000755EA040009D04FF0020917F566
:101D1000FA7F0BDA4FEACA70C6E900B012E04FEA68
:101D2000CA70C6E900B00DB0BDE8F08FB7F5FA7F14
:101D30000DDDF0487844D0E90010C6E9001040EA13
:101D4000CA707060FEF708FCC0F80090EBE7391E1F
:101D500002DAC8F1000200E0424600DA794206A841
:101D6000FFF7A2FE06AB93E8070003AB83E807008A
:101D700044F23E005BEA04010090584604D144F26C
:101D80001E012C465D460091210C0904014306D139
:101D90000099240444EA15442D041039009104F0FC
:101DA0007F41014306D10099240244EA15642D02C3
:101DB0000839009104F07041014306D100992401D3
:101DC00044EA15742D01091F009104F040410143BC
:101DD00006D10099A40044EA9574AD00891E0091D3
:101DE00004F00041084304D100986D196441401E7D
:101DF000009042466846002FCDE9014503A902DD67
:101E000000F0CBFE01E000F0A0FEBAF1000F0446A6
:101E10000D4601D084F0004440F2FF7724F00040EA
:101E2000284303D0C4F30A50B84212D1FEF794FB02
:101E3000C0F80090C4F30A50B8420AD1AE487844C2
:101E4000D0E90010C6E9001004F0004108437060BA
:101E500069E7C6E9005466E72DE9FF4F1F464FF0DA
:101E6000000A4FF0FF38454691B0D7E90146CDF85A
:101E70003CA0FFF7D3FBC0680168405C1090B969D3
:101E800012986D1C8847396A814688470028F6D128
:101E9000B9F1FF3F0AD0002E24F4D06411DDB9F16E
:101EA0002B0F08D0B9F12D0F0BD102E0404615B031
:101EB0003AE744F48064B96912986D1C8847761E2D
:101EC0008146600504A901D52D2000E02B20002EBD
:101ED00001F1010B0DF130088DF810003FDDB9F173
:101EE000690F08D0B9F1490F05D0B9F16E0F02D0D2
:101EF000B9F14E0F1CD13B4601A8009580E8500275
:101F0000DDE912126FF002002EF012FBC11CCED1DF
:101F10000EE0B96912986D1C884781461398761EA9
:101F200044F4007405600F98401C002E0F9016DDDD
:101F3000B9F1300FEDD0B9F1780F02D0B9F1580FE7
:101F40000DD10F9801280AD13B46CDE90054DDE9B7
:101F50001212001F02962EF0E9FAC11CA7D11099A7
:101F600089453ED144F0800406E01399681CAAF12B
:101F7000010A44F400740860B9696D1C1298761E59
:101F8000884730288146F0D02BE01099894505D14B
:101F9000200603D4761E44F0800418E048460AF078
:101FA00077FC08B3761E0DF123018B4544F40074D1
:101FB00008D2A9F130000BF8010B200607D5AAF1D1
:101FC000010003E0200602D40AF101008246A005C8
:101FD00002D51399681C0860B96912986D1C88476E
:101FE0008146002ED1DC53E0002E51DDB9F1650FA2
:101FF00002D0B9F1450F4BD1A00549D5B9696D1C87
:102000001298761E24F440748847002E81460CDD19
:102010002B2804D0B9F12D0F07D144F48074B9698D
:1020200012986D1C8847761E8146E00501D52D214A
:1020300000E02B2108F8011BCDF8008021E0761E7E
:102040000DF13901884544F400740CD2A9F1300037
:1020500010F0FF0088F8000002D10099884509D9E6
:1020600008F1010806E0E00501D5244801E042F24C
:102070000F708246B96912986D1C88478146139883
:102080000560002E04DD48460AF002FC0028D6D187
:10209000F96912988847FF2053468BF8000088F8AA
:1020A000000000200A900B9004AA0CA90AA8FFF7D0
:1020B000D5FDA00502D46FF00100F8E614F0240F5E
:1020C0000AD0E00714D13868DDE90A12031D3B602D
:1020D0000068C0E900120BE00AA968460AF028FB74
:1020E000E00705D13868009A011D39600068026078
:1020F0002846DCE6746A04006A690400F1D8FFFF30
:1021000010B50446AFF300802046BDE81040FEF74E
:102110009CB970B505460C460A2000E06D1C00F025
:1021200011F835B128780028F8D102E0641C00F0DD
:1021300009F814B120780028F8D1BDE870400A20D1
:10214000AFF3008008B569468DF800000320ABBEF0
:1021500008BD00002DE9FF4F1F464FF03C0987B036
:102160004FF00042DDE9141001F10108DDF858A03C
:1021700002EA40500390002005908346054604463D
:102180000490B969461E08988847AAF1010A02908E
:10219000BAF1000F3BDD02982E2815D0102100F077
:1021A00016FA00282EDB4FF0010B0599014317D0DA
:1021B000B9F1000F0BDB4A46C11700F0F5F90543F2
:1021C0000C43A9F1040905E0012004900BE008B1DB
:1021D00045F0010501200590049820B9361D02E064
:1021E000049800B1361FB969089808F101088847BA
:1021F000BBF1000FAAF1010A0290C9D00999C1F8F8
:102200000080C5E70298702808D0502806D0F969E8
:1022100008988847BBF1000F14D04FE000200290CF
:102220000120BBF1000F049009D0B969089808F1AA
:1022300001088847AAF10109B9F1000F07DCF96923
:10224000089888476FF001000BB0BDE8F08F2B288D
:1022500004D02D280CD14FF0FF300490B9690898B4
:1022600008F101088847A9F10109B9F1000FE6DD7D
:10227000411CE4D00A2100F0AAF90028DFDB029912
:1022800008F1010801EB810100EB41000290B969FE
:10229000089888470A2100F09AF9099AA9F10109DA
:1022A000B9F1000FC2F8008001DD0028E7DAF96912
:1022B000089888470499029800FB016655EA0400D3
:1022C00004D004F04041090002D006E0039898E0F1
:1022D000A40044EA9574AD00B61E04F00041080065
:1022E00002D16D196441761E159810F0240F03D0A9
:1022F0004FF00B095C4803E04FF028096FF07D00B8
:102300008246564507DAAAEB06018944B9F1410F26
:1023100001DD4FF0410901200021A9F1010200F087
:1023200043F9024628400B462140084301D00121D1
:1023300000E00021501E029143F1FF31284021406E
:10234000084301D0012000E000200299834651EAB1
:102350000B014FD0002108464FF00000039900F414
:10236000400039B100EB80004FF4400100EBD07029
:1023700001EA60008015012802DD4FF0FF3000E027
:1023800013D0401C36D0029860B3BBF1000F0CD1C3
:102390004A460120002100F007F928402140084367
:1023A00001D0012000E00020E0B101204A460021D8
:1023B00000F0FAF8034640190A4661412D1A8C4193
:1023C00011D3B9F1400F09DD159810F0240F02D098
:1023D000AAF1340603E0AAF1170600E0761C0025F6
:1023E0004FF0004406E05B1E42F1FF3220EA030595
:1023F00021EA0204CAF10100B04206DA1B4903983F
:1024000008430190002000900EE0039AC4F3D3210A
:10241000E80A0A43164940EA44500A433146CDE9E6
:10242000000268460AF0D8F9159810F0240F0BD076
:102430001598C00715D13868DDE90012031D3B600F
:102440000068C0E900120CE002A869460AF070F9C1
:102450001598C00705D13868029A011D39600068D7
:1024600002604046F0E6000002FCFFFF0000F07F43
:102470000000F03F2DE9FF4F92461D4685B04FF01A
:102480000041DDE9124BDDE914727F1E01EA4B5079
:10249000414940F0FF4940EA0108002122F02000B4
:1024A0004928049102D04E2828D04CE03BA00126B8
:1024B00007C88DE80700A9690698641C88477F1E35
:1024C000014606D41DF8060018B121F02001814212
:1024D0000BD0E96906988847032E34D0082E32D0F5
:1024E0006FF0010009B0BDE8F08F761C032E01D01B
:1024F000082EE0D1601CCAF80000DCE7A969069844
:10250000641C88477F1E2AD420F02000412826D151
:10251000A9690698641C88477F1E20D420F02000FB
:102520004E281CD1A9690698641C88477F1E48F470
:10253000002849F48009CAF8004001D4282806D0B0
:10254000E969069888475FEACB7012D022E0A96952
:102550000698641C88477F1E01D4002803DAE969C5
:1025600006988847BCE72928F1D1641CCAF80040C6
:10257000E9E71BF0240F07D028680499031D2B609E
:102580000068C0E9001805E02868021D2A6000689C
:10259000C0F800902046A5E70000F07F494E46496C
:1025A0004E49545900000000B2F120030AD5C2F18F
:1025B000200301FA02F120FA03F300FA02F041EAE3
:1025C0000301704700FA03F14FF0000070473A280A
:1025D00000D2303820F02002412A01D3A2F1370086
:1025E000884201D34FF0FF3070475FEA400C08BFCC
:1025F00091F0000F4FEA8C234FEAC12243EA515178
:102600004FEA1C5018BF00F5F0404FEA300018BFE9
:1026100041F000415FEA6C5C00F02980BCF1FF3FB3
:1026200008BF40F080407047130C06BF12044FF003
:10263000100C4FF0000C130E04BF12020CF1080C2A
:10264000130F04BF12010CF1040C930F04BF92008E
:102650000CF1020CD30F04BF52000CF1010C114617
:102660004FF00002A0F11F00A0EB0C00704711F02A
:10267000004F08BF704731F000413FF4D5AF0B0C5D
:1026800006BF09044FF0100C4FF0000C0B0E04BFF6
:1026900009020CF1080C0B0F04BF09010CF1040C2A
:1026A0008B0F04BF89000CF1020CCB0F04BF490053
:1026B0000CF1010CCCF12003A0EB0C0022FA03F387
:1026C00002FA0CF241EA030100F10100704720F028
:1026D0007F4C80EA030023F07F47ACEB070303F550
:1026E0007C5300F0004003F1FF032DE980494FEADD
:1026F000154B09B44FEA144325EA0B4E24EA03486C
:102700000FF2042606EB132749083E785FEA3202EF
:1027100003FB0667C7F5000707FB06F64FEA5437C9
:102720004FEAD64606F1020607FB066CCCF1005CC8
:102730004FEA1C472CEA074C07FB06F40CFB06F596
:1027400004EB15464FEA961634BF00204FF00040C8
:102750004FEAD13706FB07FC4FEA1C4C0CFB0BF78A
:10276000D21B03FB0CF761EB07010CFB0EF7B0EB80
:10277000074072EB17420CFB08F734BFA2EB07428D
:10278000B2EB074261EB17414FEA0C444FEA910765
:1027900006FB07FC4FEA1C4C0CFB0BF7B0EBC740E9
:1027A00072EB573203FB0CF734BFA2EBC742B2EB1C
:1027B000C74261EB57310CFB0EF7B0EBC70072EB71
:1027C00057720CFB08F734BFA2EBC702B2EBC7028B
:1027D00061EB5771039F4FEA816141EA921104EB6B
:1027E000CC044FEAD1374FEA826206FB07FC42EA8B
:1027F00090124FEA80604FEA1C4C0CFB0BF7D21B87
:1028000003FB0CF761EB07010CFB0EF7B0EB074085
:1028100072EB17420CFB08F734BFA2EB0742B2EB96
:10282000074261EB17414FEA8C554FEA910704EBE1
:102830009C2406FB07FC4FEA1C4C0CFB0BF7B0EB8F
:10284000C74072EB573203FB0CF734BFA2EBC74211
:10285000B2EBC74261EB57310CFB0EF7B0EBC70090
:1028600072EB57720CFB08F734BFA2EBC702B2EB56
:10287000C70261EB577115EB4C254FEA816141EAC4
:1028800092114FEA82624FEAD13742EA901206FB78
:1028900007FC44F100044FEA80604FEA1C4C0CFB3B
:1028A0000BF7D21B03FB0CF761EB07010CFB0EF7D8
:1028B000B0EB074072EB17420CFB08F734BFA2EBFA
:1028C0000742B2EB074261EB174115EB1C154FEACB
:1028D000813141EA92414FEA823242EA90424FEA24
:1028E00080304FEA0C7644F1000448EA03434EEA94
:1028F0000B484FF0000EB2EB080C71EB030724BF3E
:10290000624639464EEB0E0E4FF0000B0018524156
:1029100049414BEB0B0BB2EB080C71EB03077BF15E
:10292000000B24BF624639464EEB0E0E4FF0000BF3
:102930000018524149414BEB0B0BB2EB080C71EB09
:1029400003077BF1000B24BF624639464EEB0E0EA7
:1029500051EA020718BF46F0010616EB0E7655F154
:10296000000254F1000103D5BDE88901BDE80088EB
:10297000BDE88901BDE80048B619524141EB0101AB
:10298000A3F10103704780807F7E7D7C7B7A79781C
:10299000777676757473727171706F6E6E6D6C6C24
:1029A0006B6A6A69686867666665646463636261C6
:1029B0006160605F5F5E5E5D5D5C5C5B5B5A5A5947
:1029C00059585857575656555555545453535252B3
:1029D0005251515050504F4F4F4E4E4D4D4D4C4C0B
:1029E0004C4B4B4B4A4A4A49494948484847474754
:1029F0004746464645454544444444434343434291
:102A0000424242414141000046EA0646A3F5705366
:102A10004FEA164646EA42564FEAD22242EA41526D
:102A200010B54FEAD121A3F1010300F017F820F00F
:102A3000004000F1010C00F0004701EB005011468E
:102A4000BCF5006F40EA070000D210BD02484FF00D
:102A5000000140EA070010BD0000F07F002B26D4E3
:102A6000770021D01CB54FEA370703B44FF01000B0
:102A70004FF010014FF000000FBCBDE810400BF10B
:102A8000010BBBF1010F08BF5FEA170722BF12F16C
:102A9000010211F101014FF0004143F1000300F088
:102AA000004043EA00007047F9D35708DAE746EAE6
:102AB000064613F1400F4FEA16461FDD13F1200FB3
:102AC000DFBF16430A46002120335B42C8D0C3F162
:102AD000200746EA064602FA07F74FEA164646EA94
:102AE0000706C3F1200722FA03F201FA07F721FAD9
:102AF00003F14FF0000342EA0702B1E746EA02069B
:102B000046EA06464FEA164646EA0106BCBF46EAD2
:102B10000646360C4FF000034FF000024FF0000164
:102B20009EE72DE9C048934630B491E8380007C8C5
:102B300031EA400C48BF34EA430C03D5FFF7C7FD28
:102B4000FFF78CFFF0BCBDE800882DE9C048934634
:102B500030B491E8380007C831EA400C48BF34EA85
:102B6000430C03D5FFF7B3FDFFF74EFFF0BCBDE804
:102B700000882DE9C048934630B491E8380007C872
:102B800010F0804F08BF13F0804F03D100F019F808
:102B9000FFF764FFF0BCBDE800882DE9C04893460C
:102BA00030B491E8380007C810F0804F08BF13F028
:102BB000804F03D100F005F8FFF726FFF0BCBDE819
:102BC000008820F07F4780EA030023F07F4C07EB6A
:102BD0000C03A3F57C5300F00040A3F1FE0392F038
:102BE000000F00F0B38095F0000F00F077802DE922
:102BF00001494FEA11404FEA144621EA004800FB20
:102C000006FC24EA064708FB06F607FB08F800FB6B
:102C100007F718EB06484CEB164C4FEA124B18EB33
:102C200007484FEA15464CEB174022EA0B4E0BFBC8
:102C300006FC25EA06470EFB06F607FB0EFE0BFB1D
:102C400007F71EEB064E4CEB164C4FF000061EEB42
:102C5000074E4CEB174B18EB0B0840F1000018EB3C
:102C60000E0B58EB000840F100008F1A4FF00001E6
:102C70003CBFC943661B14BFB5EB040C00213CBF2D
:102C8000C943F61B4FEA17444EEA8E0E27EA044565
:102C90004FEA1C4704FB07622CEA074C05FB07F7C9
:102CA0000CFB05F604FB0CFC16EB074642EB174247
:102CB00016EB0C4642EB1C421BEB060658EB0202DD
:102CC000414146EA9E0601D5BDE80189B619524147
:102CD00041EB0101A3F10103BDE801894FEA14456D
:102CE0004FEA114724EA054621EA074C05FB07F4A1
:102CF00006FB07F70CFB06F105FB0CFC11EB07418B
:102D000044EB17444FEA124711EB0C4144EB1C44CF
:102D100022EA074C05FB07F206FB07F70CFB06F659
:102D200005FB0CFC16EB074642EB174216EB0C4674
:102D300042EB1C456A1854F1000148BF7047B619B0
:102D4000524141EB0101A3F10103704795F0000FDF
:102D500037D04FEA11424FEA144721EA024624EAEB
:102D6000074C02FB07F106FB07F70CFB06F402FB1E
:102D70000CFC14EB074441EB17414FEA154714EBE9
:102D80000C4441EB1C4125EA074C02FB07F506FB0E
:102D900007F70CFB06F602FB0CFC16EB074645EBAF
:102DA000174516EB0C4645EB1C42121951F1000178
:102DB00048BF7047B619524141EB0101A3F101032D
:102DC00070474FEA14454FEA114724EA054621EAC5
:102DD000074C05FB07F106FB07F70CFB06F24FF06B
:102DE000000605FB0CFC12EB074241EB174112EB0E
:102DF0000C4251EB1C4148BF7047921841EB010156
:102E0000A3F101037047000010B532490446006881
:102E1000884202D0304A904202D1D1F8080302E041
:102E20002E48D0F8080310F4403F10D005F0B0FB56
:102E30006168B1F5803F06D0B1F5003F03D0B1F530
:102E4000403F26D101E0090C17E0800821E0002175
:102E50004FF4002004F054FC61688A03920B18D1EF
:102E60008A140C2A15D2DFE802F0140606060606BC
:102E7000060B0D0F1113890C4900B0FBF1F008E0AF
:102E8000000906E0400904E0800902E0C00900E012
:102E9000000A13494008884204D82068816821F458
:102EA000407108E00F49884207D82068816821F402
:102EB000407141F48071816010BD0B4988422068E7
:102EC000816804D821F4407141F40071F3E741F4C2
:102ED0004071F0E7002002400021024000600258EB
:102EE000105E5F0020BCBE0040787D012DE9F041FE
:102EF0000027044600680D4606F00EFC06462068D2
:102F000006F006FC30435DD020682F4EC168890171
:102F100005D5617E012902D1217E01290BD0022D28
:102F20001DD0206806F0F8FBB8B120688168C1F3B5
:102F3000400169B111E02549012502E08F4232D2FA
:102F40007F1C0268D2435206F8D440210160E8E7B2
:102F50008168314041F010018160012D11D020685D
:102F600006F0D6FB48B120688168C1F3400121B961
:102F70008168314041F020018160022D08D0032D8D
:102F800004D0042503F056FB064617E00C25F9E7AC
:102F90000825F7E703F04EFB801B05280ED92068B3
:102FA000806828420AD0206E40F010002066606ED3
:102FB00040F0010060660120BDE8F0812068806873
:102FC0002842E7D10020F7E7C0FFFF7F00DC0C00BC
:102FD00070B50446006881688268C1F3400112F050
:102FE000010F28D039BB816801F00D01012914D1EE
:102FF0008168124A1140891C8160216803200860A1
:1030000003F018FB054612E003F014FB401B0228F6
:103010000DD920688068C00709D0206E40F01000EC
:103020002066606E40F001006066012070BD20687F
:103030008068C007E8D1002070BD0000C0FFFF7F9E
:1030400070B504460068816811F0010F40D18168B5
:10305000204A11422DD18168D5432940491C816005
:1030600003F0E8FA1C49064620681C4B884201D050
:10307000984201D11A4A00E01A4A9268984202F036
:103080001F0200D0014681421DD0E2B120E08168DC
:1030900011F0010F03D181682940491C816003F0C0
:1030A000C9FA801B02280ED920680068C043C007F7
:1030B00009D0206E40F010002066606E40F00100E4
:1030C0006066012070BD20680168C943C907DED170
:1030D000002070BD3F00008000200240002102401F
:1030E00000230240006302581AF0D6BA70B50C46AD
:1030F00005462CF065FB05480DB1816829600CB1CF
:10310000C0682060BDE870402CF07ABB000001244C
:103110002DE9F0412CF054FB164C03F08BFA217C86
:103120000022B9B125684FF47A73D4E90271461BC5
:103130002060B81951410025C4E90201A0FB0342F7
:1031400001FB032100FB05152CF05AFB2046294604
:10315000BDE8F08120600021C4E902024FF47A73D7
:1031600001252574A0FB034502FB035200FB01254A
:10317000EAE70000380301240448C069002804D0AD
:103180000023022219462CF08FBE70470000012454
:10319000FFF7BEBFFEE70020704700207047000029
:1031A00005490022054810B507F070FD04490348A1
:1031B00007F05FFD002010BDF88001241C7401247D
:1031C000F878012410B518B111B109682BF0BEF9D7
:1031D0000449054807F04DFD034807F023FD002092
:1031E00010BD0000F87801241C74012410B52BF0E8
:1031F000D1F9002010BD00000A46094910B5D1F8E8
:10320000BC1211B1D1F8141209B1012010BD014650
:10321000034807F03BFDBDE81040014807F0ACBD96
:103220001C7401241AF014BB294A016891423AD057
:10323000274A1832914236D0254A3032914232D054
:10324000234A483291422ED0214A603291422AD0FC
:103250001F4A7832914226D01D4A9032914222D0A4
:103260001B4AA83291421ED01A4A91421BD0194AD9
:103270001832914217D0174A3032914213D0154A72
:10328000483291420FD0134A603291420BD0114A1A
:103290007832914207D00F4A9032914203D00D4AC2
:1032A000A832914211D1CAB21823103AB2FBF3F2FC
:1032B0006FF30901032A02F00703074AD25CC265D3
:1032C00000D9091D81650846704721F0FF01F9E723
:1032D00010000240100402404406030830B5224AA0
:1032E000012301689142CAB21BD01F4C1434A14281
:1032F00017D01D4C2834A14213D01B4C3C34A142A2
:103300000FD0194C5034A1420BD0174C6434A14259
:1033100007D0154C7834A14203D0134C8C34A14211
:103320000CD11421114C083AB2FBF1F10F4A803252
:1033300001F01F0504EB8101AB4010E00C4D182497
:10334000103A0D44B2FBF4F1A82D00D80831094A17
:1033500001F01F0402EB8101064AA3408032603075
:1033600080E80E0030BD0000085402580058025892
:10337000F0FBFDBF0008024010B50279531E072B79
:103380002DD8174C0168A1421BD0154C1434A14212
:1033900017D0134C2834A14213D0114C3C34A14215
:1033A0000FD00F4C5034A1420BD00D4C6434A142CD
:1033B00007D00B4C7834A14203D0094C8C34A14285
:1033C00003D10849074C443102E00749064C443117
:1033D00004EB8202C0E91B2101219940416710BD25
:1033E00008540258FC580258FC08024010B5836982
:1033F0004FF0C074826A0146002053B1B3F5005FFC
:1034000015D072B1012A0CD0022A0AD0032A09D1A0
:1034100004E01AB1012A06D0022A03D1C96AC901FF
:1034200000D5012010BDC96AA142FAD010BD002A02
:10343000F7D0012AF2D0022AF3D0032AF3D010BD2C
:103440002DE9F04F804E804FDFF8FC911836DFF801
:10345000F8A148370468856D0AF1300ADFF8ECB14D
:103460004C45DFF8ECC1DFF8ECE16DD0B4426BD035
:10347000544569D0BC4267D0DFF8D081A8F1180864
:10348000444561D05C455FD064455DD074455BD0F8
:10349000DFF8C481444557D0DFF8BC8108F1180833
:1034A000444551D0DFF8B08108F1300844454BD095
:1034B000DFF8A48108F14808444545D0DFF8988139
:1034C00008F1600844453FD0DFF88C8108F17808A6
:1034D000444539D0DFF8808108F19008444533D065
:1034E000DFF8748108F1A80844452DD0DFF86C811D
:1034F000444529D0DFF8648108F11408444523D0FD
:10350000DFF8588108F1280844451DD0DFF84C81C8
:1035100008F13C08444517D0DFF8408108F1500815
:10352000444511D0DFF8348108F1640844450BD0DC
:10353000DFF8288108F17808444505D0DFF81C81C0
:1035400008F18C08444509D1D0E91948C4F8048031
:10355000C46E1CB1D0E91C48C4F8048004684C4512
:103560002ED0B4422CD054452AD0BC4228D0374E5D
:10357000183EB44224D05C4522D0644520D0744526
:103580001ED0354EB4421BD0334E1836B44217D03D
:10359000314E3036B44213D02F4E4836B4420FD09D
:1035A0002D4E6036B4420BD02B4E7836B44207D045
:1035B000294E9036B44203D0274EA836B44215D1D6
:1035C00090F85C603F2406F01F06B440AC600468CD
:1035D000256825F4802525602EE09A600068C1608A
:1035E000BDE8F08F99600068C260F9E71B4EB442F5
:1035F0001BD01A4E1436B44217D0184E2836B44297
:1036000013D0164E3C36B4420FD0144E5036B4424E
:103610000BD0124E6436B44207D0104E7836B44206
:1036200003D00E4E8C36B442DAD190F85C6001249F
:1036300006F01F06B4406C60046863608368402B2A
:103640000368CFD1C9E700001000024088000240A3
:10365000A0000240B8000240100402400854025882
:10366000704702F0E7BF10B52AF0D6FABDE8104067
:10367000012024F09CBD2CF0A3B872B6FEE72CF01C
:10368000BFB80000014802F049BA0000F0710124FF
:10369000014802F043BA0000F0710124014802F031
:1036A0003DBA000090720124014802F037BA0000D0
:1036B00090720124014802F031BA000030730124F5
:1036C000014802F02BBA000030730124F0B5036802
:1036D0004FF6FC716D4C426BD3F884508D4345EA34
:1036E0008205C3F88450036853F8845F068F25F47D
:1036F0007F0545EA06451D60836B654D9F1802688E
:10370000D2F888308B4343EA8703C2F888300268D6
:1037100052F8883F868F23F4FE0343EA0643136082
:10372000066856F8A03FC26B8B4307EB420243EAA0
:1037300082033360076857F8A03FB0F8406023F475
:10374000FE0343EA06433B60D0E9103603FB062242
:103750000368D3F8B0608E4346EA8206C3F8B060CF
:103760000368B0F84860D3F8B07027F4FE0747EA62
:103770000646C3F8B060D0E91267036806FB07226B
:10378000D3F8AC608E4346EA8206C3F8AC60D0E959
:103790001467036806FB0722D3F8F0608E4346EAFD
:1037A0008206C3F8F0600368B0F85860D3F8F07090
:1037B00027F47C1747EA0646C3F8F0600368876D74
:1037C00053F8C06F02EB47028E4346EA820119604C
:1037D0000168B0F85C20D1F8C03023F47C1343EAD0
:1037E0000242C1F8C020016890F86020D1F8C030D2
:1037F00023F07C5343EA0262C1F8C020416B04EB22
:103800008101C166826B01EB82020267C36B02EB2E
:10381000C3024267D0E91034634302EB830282673C
:10382000D0E91234634302EB8302C267D0E9143457
:10383000634302EB8302C0F88020836D02EBC30375
:10384000C0F88430C46D826E544303EB8403C0F827
:103850008830046E544303EB8402C0F89020AA42DF
:103860000AD9D0F89C20032142F02002C0F89C2005
:1038700080F898100120F0BD002200E004C1D0F8CB
:1038800090308B42FAD80020F0BD000000AC004020
:10389000FCD30040F0B58E680C69D1E9005744EACA
:1038A0000604DFB145F080452C43866ED1E906C59C
:1038B0004F695E4391F8203045EA0C05B1F80CC021
:1038C000D0F884E0002047EA03630C4F1D430EEB61
:1038D000860345EA0C45E3E802450AE044EA8544EC
:1038E000E3E71418155C001DD4F8014045EA0424F0
:1038F00010C3CC683C5D8442F3D8F0BD4C0603088D
:103900007047704770477047704700002DE9F047D7
:103910000F4690F85C109CB0044601294FF0000956
:1039200015D00026DFF8F880012084F85C00189696
:103930001996216841450ED13A4D0095284605F06B
:10394000EFFE8246206805F0EBFE60B10EE002203B
:103950001CB0BDE8F087206E84F85C6040F0200069
:1039600020660120F4E7BAF1000F09D0216E4FF074
:10397000010941F020002066484684F85C60E7E7D2
:1039800020684146884201D0A84201D1264800E083
:10399000264840F61F72D7F800C0254BBCF1000F37
:1039A00023D0D0F808C0D7F804802CF4404C4CEA5F
:1039B000080CC0F808C0D4F800C08C4501D0AC4554
:1039C00007D18968AB6801F0010103F001031943D5
:1039D00002E0996801F001010029CDD1BD68396884
:1039E000836829439343194317E0876827F44047C6
:1039F000876027688F4201D0AF4207D18968AB68E2
:103A000001F0010103F00103194302E0996801F09C
:103A100001010029B0D1816891438160ACE70000C9
:103A200000200240002102400023024000630258AF
:103A3000006002582DE9F84F4FF0000B0446FE4E8F
:103A40000D46CDF800B0DA4690F85C00FB4F012837
:103A500008D04FF0010984F85C90206805F05CFE06
:103A600018B154E20220BDE8F88F286800280FDB67
:103A70002168B1420CD0CA69030327D090FAA0F0A4
:103A8000B0FA80F000F01F0309FA03F00243CA61A4
:103A9000D5E900124FF00C0C20681F23C1F384619C
:103AA0000CEA921C02F01F02604493409140026BAA
:103AB0009A430A430263206805F02EFE8046206880
:103AC00005F026FE58EA000003D048E1C0F3846008
:103AD000D8E7AA682968206805F02EFE2068B04261
:103AE00004D1C2686969C2F3C1020BE0D44A12680A
:103AF000B9EB127F02D0C168C90605D4C2686969F2
:103B0000C2F38202520004E0C268696902F0100246
:103B1000520891402A69042A5AD02B6800EB82028D
:103B2000B04202F1600207D103F0F8401368084385
:103B300040F00040106008E0D2F800C003F0F84008
:103B400008430CF00041014311602068B0421CD1D1
:103B50002A69E96900EB8200026E22F080720A4352
:103B6000026695F8201020682A6901290AD00021F0
:103B7000B042AAD100EB8200026E22F000720A432A
:103B80000266ECE04FF00071F2E795F82120296918
:103B9000012A17D05FF0000200EB8100016E21F0D6
:103BA000004111430166297E20682A6901290CD051
:103BB0000021036902F01F02914023F4F0420A43FE
:103BC0000261CCE04FF00042E6E74FF40061F0E71D
:103BD000B04273D1002105F095FD000320684FF03D
:103BE00000016DD005F08EFD90FAA0F0B0FA80F1E2
:103BF0002868020369D090FAA0F0B0FA80F0814200
:103C000004D100222068114605F0A6FD206801219C
:103C100005F078FD000320684FF0010158D005F051
:103C200071FD90FAA0F0B0FA80F12868020354D038
:103C300090FAA0F0B0FA80F0814204D1206800220E
:103C4000012105F089FD2068022105F05BFD0003DC
:103C500020684FF0020143D005F054FD90FAA0F027
:103C6000B0FA80F1286802033FD090FAA0F0B0FAD1
:103C700080F0814204D120680022022105F06CFD11
:103C80002068032105F03EFD000320684FF003018A
:103C90002ED005F037FD90FAA0F0B0FA80F1286838
:103CA00002032AD090FAA0F0B0FA80F0814256D1F7
:103CB00020680022032105F04FFD50E020E0FFE7DF
:103CC00005F020FDC0F3846192E7C0F3846096E7BD
:103CD00005F018FDC0F38461A7E7C0F38460ABE78B
:103CE00005F010FDC0F38461BCE7C0F38460C0E759
:103CF00005F008FDC0F38461D1E7C0F38460D5E727
:103D0000016E2A7801F0F841B1EB826F03D1016EA8
:103D100021F00041016620682978426E02F0F842E5
:103D2000B2EB816F03D1416E21F000414166206802
:103D30002978826E02F0F842B2EB816F03D1816E76
:103D400021F00041816620682978C26E02F0F842B5
:103D5000B2EB816F03D1C16E21F00041C1662068D2
:103D6000816811F0010F71D1364AB042EB682968C1
:103D70000FD1D0F8B0C003F01808C1F3130322FA32
:103D800008F20A402CEA030C4CEA020CC0F8B0C05E
:103D90000EE0D0F8C0C003F01808C1F3130322FAF4
:103DA00008F20A402CEA030C4CEA020CC0F8C0C02E
:103DB0002548E96881427DD1286801031BD090FA2B
:103DC000A0F1B1FA81F1491C01F01F0109294FEA64
:103DD00000313CD8002911D090FAA0F1B1FA81F15C
:103DE00001F1010101F01F0109FA01F209D100BF3F
:103DF000C0F3846109E0C0F38461E4E7C0F3846147
:103E0000EEE790FAA0F1B1FA81F101F1010101F0C0
:103E10001F0142EA816102D1C0F3846003E090FA9D
:103E2000A0F0B0FA80F000F1010000F01F0000EBFC
:103E3000400041EA005140E0006002580021024089
:103E40000010005CFFFF0F000000FF4765E0002945
:103E50000FD000BF90FAA0F1B1FA81F101F1010198
:103E600001F01F0109FA01F206D100BFC0F384611D
:103E700006E0C0F38461F1E790FAA0F1B1FA81F1B4
:103E800001F1010101F01F0142EA816102D1C0F399
:103E9000846003E090FAA0F0B0FA80F0434A00F1A9
:103EA000010000F01F0000EB400002EB005041EA6F
:103EB000000100E005E041F00071AA68206805F00B
:103EC0003BFCD5F800C0BCF1000F26DA384B206867
:103ED0003849DFF8E490984201D0B84201D10A464F
:103EE00000E04A469268984202F0E07201D0B8427F
:103EF00009D19D68D7F8088005F0010508F0010890
:103F000045EA080502E0B56805F001054DB1216EEE
:103F10004FF0010A41F020002066504684F85CB062
:103F2000A1E5264DAC451CD115021AD4B042F4D1FE
:103F3000984202D0B84200D049468B6842F4000053
:103F400023F0E07202438A601E491D480968B1FBF4
:103F5000F0F04000801C00E0401E00900028FBD1E3
:103F6000DBE7194DAC450CD1D5010AD4B042D4D110
:103F7000984202D0B84200D049468B6842F0807027
:103F80000EE0124DAC45C8D15502C6D4B042C4D1E2
:103F9000984202D0B84200D049468B6842F4800073
:103FA00023F0E07202438A60B7E70000000020FEC1
:103FB000002002400023024000630258000052C764
:103FC000400D0300B0000124000021C3000084CB99
:103FD000114970B588421AD110490F4D80354A7881
:103FE000B2B16A7DA2B100264E7000F027F8A5F1AB
:103FF0001004C0F30B00208002F01CFBA060012124
:104000006068401C60602173BFF35F8F6E7570BD88
:104010002869401C286170BD6C9E0224EC010124BB
:104020000549884206D101F18000C168491CC16080
:1040300017F0C6BC704700006C9E02240068006C3C
:10404000704700002DE9F05F044600680668456887
:10405000DFF87082DFF870B2DFF87092404501D06F
:10406000484501D1584600E09948806800F01F0794
:10407000B0070ED5A8070CD5206EC00603D4206E5D
:1040800040F4006020662046FFF73AFC21680220D9
:104090000860700701D5680703D4300737D52807B3
:1040A00035D5206EC00603D4206E40F40070206623
:1040B000206805F039FB20B32068484501D142460D
:1040C00000E00246824208D03FB1052F05D0092FFB
:1040D00003D0484503D1414602E0C16801E00146F2
:1040E000C96889040DD4016809070AD505F014FBD5
:1040F00058B3206E40F010002066606E40F0010062
:1041000060662046FFF764FF21680C200860B00657
:1041100001D5A80603D4700658D5680656D5206E7A
:10412000C00603D4206E40F4005020662068C16CA5
:1041300011F4C07F1AD000218A4605F0F5FA024634
:104140002068484514D1434613E02068416821F0B7
:104150000C014160206E20F480702066206EC00447
:10416000CFD4206E40F001002066CAE70121E3E7CA
:104170000346834208D03FB1062F05D0072F03D056
:10418000484503D1414602E0C16801E00146C968E3
:10419000BAF1000F14D08B0102D58AB18A040FD472
:1041A000026852060CD589020AD405F0B1FAE8B3C8
:1041B000206E40F010002066606E40F001006066E6
:1041C0002046FFF79EFB21686020086030060BD573
:1041D000280609D5206E40F480302066204600F085
:1041E000CDF9216880200860F0050CD5E8050AD5D6
:1041F000206E40F4003020662046FFF784FB2168E3
:104200004FF480700860B0050CD5A8050AD5206E63
:1042100040F4802020662046FFF776FB21684FF4AB
:1042200000700860F00631D5E80600E00AE02DD500
:10423000E06BE8B12068EFB3404501D0484512D1AA
:10424000584611E02068416821F060014160206E0D
:1042500020F480502066206EC005B1D4206E40F05E
:1042600001002066ACE71A48806800F4404050B175
:10427000206E40F480602066606E40F00200606650
:104280002046FFF7CDFE216810200860700517D585
:10429000680515D5216E4FF4806041F48041216698
:1042A000616E41F008016166216808602046BDE842
:1042B000F05F00E001E0FFF725BBC0688007D6E7AC
:1042C000BDE8F09F00200240002302400021024090
:1042D000006302582DE9F8434FF0000504002E4614
:1042E000009502D0206E18B108E00120BDE8F883E7
:1042F000204600F044F9656684F85C5020688168C7
:10430000C1F3407119B181688E4A11408160206803
:104310008168C1F3007181B981688B4A114041F015
:10432000805181608A4989480968B1FBF0F0401CDE
:1043300000E0401E00900028FBD120688168C1F396
:10434000007141B9216E012641F010012166616EB4
:1043500041F00101616605F0DFF9216EC90600D464
:1043600020B1206E012640F01000E0E0206E20F425
:10437000807040F00200206620688168754D11F061
:10438000010F1ED1744B754A984201D0904207D15B
:104390009968976801F0010107F00107394302E0CD
:1043A000A96801F0010161B9984201D0904201D1A0
:1043B0006B4800E06B488268616822F47C120A4313
:1043C00082602168A9421FD1637ED4E90207E26BB3
:1043D0005B033A43082805D00C280FD01C280FD0C7
:1043E00018280FD05FF0000000F00C0794F82000B0
:1043F00043EA47031A4342EA00400FE00420F3E790
:104400000820F1E71C20EFE7627E94F82030A768CF
:10441000E06B520342EA03423843104394F82020F1
:10442000012A04D1A28C504B03EB42421043A26AF2
:104430002AB1E36A02F47872024343EA0200CA68CE
:10444000A9420BD1494B1A400243CA602068626BF3
:10445000016921F040611143016103E0444B1A40BE
:104460000243CA60206805F057F90746206805F046
:104470004FF907434ED12068A946484506D1217E11
:1044800094F83820890341EA420103E0227E216B3F
:1044900041EA8231C26844F203039A430A43C2608C
:1044A00094F844000128206803D0016921F001013B
:1044B00022E048450ED1D4E9121CD4E91435026932
:1044C0002C4F41EA0C012B433A401943114341F070
:1044D000010111E0D4E91317B4F848C0DFF898805F
:1044E000636D026908EB0C4C224D394343EA0C031F
:1044F0006D1E2A401943114301612068236C026933
:1045000022F070421A4302612068484502D02046DA
:10451000FEF77AFC2069012820680BD0016B21F09E
:104520000F010163206E20F0020040F001002066C0
:104530003046DBE6E269016B521E21F00F011143A8
:10454000EFE70000C0FFFF5FC0FFFF7F400D0300EB
:10455000B000012400600258002002400021024007
:1045600000230240006302580000FEFF0740F0FFF6
:1045700003C0F0FF1FF800FC0100FFFF7047704709
:104580002DE9F0415B4D044600685B4FA84201D025
:10459000B84201D1594900E05949896801F01F0624
:1045A00005F0BAF818B102221046BDE8F08194F87F
:1045B0005C0001280CD0012084F85C002046FEF746
:1045C0003FFD02004FF0000104D084F85C10EBE7DF
:1045D0000220EAE7236E40F6016C206823EA0C0310
:1045E000B84243F48073236601D12B4600E00346B2
:1045F000834200D01EB9236E23F480132366236EFA
:10460000DB0404D5636E23F00603636600E0616695
:104610001C23036084F85C102068416821F01C01B1
:104620004160606908282068416802D041F00401B7
:1046300001E041F008014160E06B20B92068416869
:1046400041F0100141602068B84201D1294600E0E4
:104650000146814220D0FEB1052E1DD0092E1BD06F
:10466000216EB84241F48011216600D00546E96808
:10467000890199D5216E636921F40051082B41F419
:104680008051216641682BD021F0400141602068B3
:10469000416841F020012AE0C168890119D5236EE3
:1046A000616923F40053082943F480532366416869
:1046B00007D021F0400141602068416841F02001AD
:1046C00006E021F0200141602068416841F040018E
:1046D000416020680B4B81681940091D816063E7C8
:1046E00021F0200141602068416841F040014160B3
:1046F0005AE700000020024000210240002302404F
:1047000000630258C0FFFF7F10B5044690F85C00BC
:10471000012808D0012084F85C0003212046FEF720
:10472000E5FB10B110E0022010BD2068416821F0C7
:104730001C0141602046FEF74BFC28B9216E21F494
:10474000885141F001012166002184F85C1010BD00
:104750002DE9F05F28B190F83510022904D08021AE
:1047600041650120BDE8F09F904C904B0168183CDA
:1047700018338E4ADFF83C92A1428D4CDFF838E2C4
:104780008E4FDFF83CB2DFF83CA28F4D8F4E31D018
:1047900091422FD099422DD0A1422BD0494529D00A
:1047A000714527D0B94225D0DFF810C20CF1180CA2
:1047B00061451FD0DFF808C2ACF1600C614519D02B
:1047C000DFF8FCC1ACF1480C614513D0DFF8F0C153
:1047D000ACF1300C61450DD0DFF8E4C1ACF1180C40
:1047E000614507D0594505D0514503D0A94201D0B4
:1047F000B1422CD1DFF8B4C14FF0040880F8358005
:10480000ACF1180C61451DD091421BD0994219D0D2
:10481000A14217D0494515D0714513D0B94211D0E6
:104820006648183081420DD065486038814209D011
:1048300063484838814205D061483038814201D010
:104840005F481838086820F001000860ABE0D1F834
:1048500000C02CF00E08DFF854C1C1F80080ACF1A4
:10486000180C0168614527D0914225D0994223D088
:10487000A14221D049451FD071451DD0B9421BD05E
:10488000DFF838C10CF1180C614515D0DFF830C1E4
:10489000ACF1600C61450FD0DFF824C1ACF1480CDD
:1048A000614509D0DFF818C1ACF1300C614503D087
:1048B000DFF80CC1ACF1180CD1F800C02CF0010CE1
:1048C000C1F800C0DFF8E4804FF0010C0168A8F1E6
:1048D0001808414546D0914244D0994242D0A14265
:1048E00040D049453ED071453CD0B9423AD0334AD8
:1048F0001832914236D0324A603A914232D0304A30
:10490000483A91422ED02E4A303A91422AD02C4A2F
:10491000183A914226D0594524D0514522D0A94277
:1049200020D0B1421ED02A4A91421BD0284A1432CC
:10493000914217D0264A2832914213D0244A3C3261
:1049400091420FD0224A503291420BD0204A643219
:10495000914207D01E4A7832914203D01C4A8C32D1
:10496000914218D1016E0A6822F480720A6090F8B0
:104970005C20816D02F01F020CFA02F24A60D0E95D
:1049800019124A60C16E31B10A6822F480720A605D
:10499000D0E91C124A600022016D80F835C080F811
:1049A000342001B188470020DCE6000028000240E6
:1049B000580002407000024088000240A0000240FF
:1049C0007004024088040240A0040240B80402407F
:1049D00008540258406D70472DE9FC5F0446F74EBD
:1049E0000020DFF8D88300904FF41652F44808F105
:1049F0001808A56DDFF8C493DFF8C0A3016809F1BA
:104A0000300920680AF1480AB1FBF2F1B042019185
:104A10002F68D5F800C0DFF8ACB335D041468842E6
:104A200032D0484530D050452ED058452CD0E5499D
:104A30001831884228D0E3493031884224D0E149F6
:104A40004831884220D0E04988421DD0DE491831E3
:104A5000884219D0DC493031884215D0DA494831D2
:104A6000884211D0DFF860E30EF1600E70450BD084
:104A7000D54A7832904207D0D34B9033984203D036
:104A8000D149A83188427DD194F85C20082102F0F8
:104A90001F0201FA02F23A424AD0B04232D04045F7
:104AA00030D048452ED050452CD058452AD0C54A44
:104AB0001832904226D0C34A3032904222D0C14AA6
:104AC000483290421ED0C04A90421BD0BE4A183293
:104AD000904217D0BC4A3032904213D0BA4A483282
:104AE00090420FD0B84A603290420BD0B64A78322A
:104AF000904207D0B44A9032904203D0B24AA832D2
:104B0000904203D1026802F0040202E0026802F05F
:104B100008026AB1026822F00402026094F85C00A4
:104B200000F01F008140A960606D40F001006065E9
:104B300094F85C00012100F01F008140394240D010
:104B40002068B04234D0404532D0484530D050453E
:104B50002ED058452CD09B4A1832904228D0994AE2
:104B60003032904224D0974A4832904220D0964A20
:104B700090421DD0944A1832904219D0924A303255
:104B8000904200E0AFE113D08F4A483290420FD0FC
:104B90008D4A603290420BD08B4A7832904207D0D7
:104BA000894A9032904203D0874AA83290427DD100
:104BB000406910F0800F04D0A960606D40F00200E1
:104BC000606594F85C00042100F01F0081403942C8
:104BD0003ED02068B04232D0404530D048452ED03B
:104BE00050452CD058452AD0764A1832904226D0CB
:104BF000744A3032904222D0724A483290421ED0DB
:104C0000714A90421BD0704A1832904217D06E4AB7
:104C10003032904213D06C4A483290420FD06A4AE8
:104C2000603290420BD0684A7832904207D0664A90
:104C30009032904203D0644AA83290424ED100682C
:104C400010F0020F04D0A960606D40F004006065B0
:104C500094F85C00102100F01F008140394258D0C8
:104C60002068B04234D0404532D0484530D050451D
:104C70002ED058452CD0534A1832904228D0514A51
:104C80003032904224D04F4A4832904220D04E4A8F
:104C900090421DD04C4A1832904219D04A4A3032C4
:104CA000904215D0484A4832904200E014E00FD0BC
:104CB000454A603290420BD0434A7832904207D046
:104CC000414A9032904203D03F4AA832904207D1E5
:104CD000006800F0080006E0006872E70068B7E7C7
:104CE000006800F00400A0B1A960206801684903D1
:104CF00004D50068000308D5A16C07E00168C90568
:104D000003D4016821F008010160216C09B120463B
:104D1000884794F85C00202100F01F008140394250
:104D200079D02068B04232D0404530D048452ED0AE
:104D300050452CD058452AD0224A1832904226D0CD
:104D4000204A3032904222D01E4A483290421ED031
:104D50001D4A90421BD01C4A1832904217D01A4A62
:104D60003032904213D0184A483290420FD0164A3F
:104D7000603290420BD0144A7832904207D0124AE7
:104D80009032904203D0104AA832904203D100687A
:104D900000F0100002E0006800F00200B0B3A9606B
:104DA00094F835000428206801680FD049037ED5A7
:104DB000006800032BD4616C2AE000001000024060
:104DC000B0000124700002401004024021F01601DE
:104DD00001602068416921F080014161206C08B9BF
:104DE000A06C20B12068016821F00801016094F8EE
:104DF0005C303F21012003F01F0300229940A9608D
:104E000084F8350084F83420216D65E003E0E16B1F
:104E100009B120468847606D00287DD0606DC007CD
:104E200059D02068042184F83510B0422BD0404579
:104E300029D0484527D0504525D0584523D09D49F5
:104E4000884220D09B49183188421CD09949303182
:104E5000884218D09849884215D09749183188421D
:104E600011D09549303188420DD09349483188425C
:104E700009D091496031884205D08F497831884204
:104E800001D08D499031016821F001010160206855
:104E90000099019A491C0091914202D80168C90702
:104EA000F6D10068C00710D003200FE0FFE70168CB
:104EB000C905ACD403680121002223F0100303606C
:104EC00084F8351084F83420A1E7012084F83500F7
:104ED000002084F83400E16C00291DD002B0204687
:104EE000BDE8F05F0847754988421DD07349143109
:104EF000884219D071492831884215D06F493C3118
:104F0000884211D06D49503188420DD06B496431CF
:104F1000884209D0694900E084E07831884203D0B2
:104F200066498C3188427DD194F85C800427016801
:104F300008F01F0807FA08F717EA0C0F009746D089
:104F40004F0744D500980F04686003D5C8033CD4CC
:104F5000A16CC1E7880638D42068B0422DD05549ED
:104F60006039884229D0484527D0504525D058453A
:104F700023D05049884220D04E49183188421CD055
:104F80004C493031884218D04B49884215D04A49A3
:104F90001831884211D04849303188420DD04649F5
:104FA0004831884209D0704507D0904205D09842D8
:104FB00003D04149A831884203D1016821F008019A
:104FC00002E0016821F004010160216C84E70227FE
:104FD00007FA08F717EA0C0F00974ED08F074CD549
:104FE00000980F04686003D5C80344D4616C73E76C
:104FF000880640D42068B0422FD02E4960398842BC
:105000002BD0484529D0504527D0584525D029498F
:10501000884222D02749183188421ED02549303194
:10502000884200E044E018D02349884215D0224944
:105030001831884211D02049303188420DD01E49A4
:105040004831884209D0704507D0904205D0984237
:1050500003D01949A831884203D1016821F0140115
:1050600002E0016821F00A010160012184F8351095
:10507000002084F83400E16B2EE7082202FA08F2DF
:1050800012EA0C0F14D0090712D5016821F00E01A5
:10509000016094F85C100120002201F01F0100FA69
:1050A00001F16960606584F8350084F8342012E706
:1050B000BDE8FC9F880002401004024008540258DA
:1050C0002DE9F05F044601F0B5FA002C07467DD0CB
:1050D000E24E022120684FF00308DFF884934FF07E
:1050E0000005DFF880A3B042DFF87CB334D0DB4AA0
:1050F0001832904230D048452ED050452CD05845DB
:105100002AD0D94A1832904226D0D74A303290421B
:1051100022D0D54A483290421ED0D44A90421BD069
:10512000D24A1832904217D0D04A3032904213D02F
:10513000CE4A483290420FD0CC4A603290420BD0D7
:10514000CA4A7832904207D0C84A9032904203D07F
:10515000C64AA83290427DD184F83510B04284F816
:1051600034502ED0BD49183188422AD0484528D025
:10517000504526D0584524D0BB491831884220D00C
:10518000B949303188421CD0B7494831884218D0DB
:10519000B649884215D0B5491831884211D0B34973
:1051A000303188420DD0B1494831884209D0AF49E9
:1051B0006031884205D0AD497831884201D0AB4991
:1051C0009031016821F00101016008E025E100BF94
:1051D00001F030FAC01B052801D920211AE120680E
:1051E0000068C007F4D1D4E90203216810341843E1
:1051F0008E4694E88410D4E9033809683A43104392
:105200009B4A40EA0C00676918431140103C40EA91
:105210000800042F40EA010003D1D4E90B12114326
:1052200008436168A1F12902052A0BD9163A032A1D
:1052300008D9083A012A05D9083A032A02D974394B
:10524000032901D840F48010CEF800002068676A76
:10525000406900E020E0042F20F0070047EA000743
:105260000DD1D4E90A01074349B12046FEF7BEF843
:1052700028B140206065012184F83510CDE0206818
:1052800047612046FDF7D0FF94F85C203F2102F0F3
:105290001F029140816055E0764A90421BD0754BC9
:1052A0001433984217D0734B2833984213D0714B64
:1052B0003C3398420FD06F4B503398420BD06D4B1C
:1052C0006433984207D06B4B7833984203D0694BD4
:1052D0008C3398427ED184F8351084F83450664B74
:1052E0000168A26801EA030E402A74D0802A73D0B4
:1052F0005FF00002D4E90378D4E9053142EAD7022D
:1053000042EAD8085B4AD4E9077C48EAD30848EA6D
:10531000D10141EAD701524241EA1C11142341EA6A
:105320000E01016020681044B0FBF3F08000E065DE
:105330002046FDF779FF94F85C20012102F01F025E
:10534000914041602068B04257D0444918318842AA
:1053500053D0484551D050454FD058454DD0424983
:105360001831884249D040493031884245D03E49C1
:105370004831884241D03D4988423ED03B491831AE
:1053800088423AD039493031884236D0374948319D
:10539000884232D03549603188422ED03349783145
:1053A00088422AD031499031884226D02F49A831ED
:1053B000884222D02F4988421FD02E49143188427A
:1053C0001BD02C492831884217D02A493C318842C9
:1053D00013D002E01DE017E018E026495031884262
:1053E0000BD024496431884207D022497831884261
:1053F00003D020498C31884229D12046FDF76EFF29
:10540000A06880280CD00CE0102273E74FF4804293
:1054100070E74021616584F835800120BDE8F09F88
:105420006560216E20790860D4E9190141606068E7
:10543000401E072808D82046FDF79EFFE06E056055
:10544000D4E91C01416002E0E5662567656701203B
:10545000656584F835000020E0E700001000024098
:105460004000024058000240700002401004024018
:105470003F8010FE085402580F00FEFF2DE9F84F40
:1054800004008C464FF00000009014D094F83400D3
:10549000012812D094F835500120002184F83400FE
:1054A000012D0CD0C00260650120009084F83410FA
:1054B0000098BDE8F88F0120FBE70220F9E78C4D4A
:1054C0000226206884F83560A8428A4D61658A4EBC
:1054D0008A4FDFF82C82DFF82C92DFF82CA2DFF85D
:1054E0002CB226D0A84224D0B04222D0B84220D03C
:1054F00040451ED048451CD050451AD0584518D0BC
:105500008349884215D082491831884211D0804998
:10551000303188420DD07E494831884209D07C49DB
:105520006031884205D07A497831884201D0784983
:105530009031016821F00101016061462046FDF7CC
:105540007FFF6B49206888422CD0A8422AD0B04205
:1055500028D0B84226D0404524D0484522D05045D6
:1055600020D058451ED06A4A90421BD0684A183253
:10557000904217D0664A3032904213D0644A483283
:1055800090420FD0624A603290420BD0604A78322B
:10559000904207D05E4A9032904203D05C4AA832D3
:1055A00090420CD1026822F01E0242F01602026004
:1055B000206C88B12068026842F008020BE00268A3
:1055C00022F00E0242F00A020260206C20B1206834
:1055D000026842F004020260206888424BD0A84270
:1055E00049D0B04247D0B84245D0404543D0484565
:1055F00041D050453FD058453DD0454A90423AD0E1
:10560000434A1832904236D0414A3032904232D02A
:105610003F4A483290422ED03D4A603290422AD0D2
:105620003B4A7832904226D0394A9032904222D07A
:10563000374AA83290421ED0364A90421BD0354A93
:105640001432904217D0334A2832904213D0314A54
:105650003C3290420FD02F4A503290420BD02D4A0C
:105660006432904207D02B4A7832904203D0294AC4
:105670008C3290420DD1206E0268D20303D50268AD
:1056800042F480720260E06E18B1026842F48072E7
:1056900002602068884226D0A84224D0B04222D09E
:1056A000B84220D040451ED048451CD050451AD0A5
:1056B000584518D01649884215D0154918318842E6
:1056C00011D01349303188420DD0114948318842F8
:1056D00009D00F496031884205D00D4978318842A0
:1056E00001D00B499031016841F001010160DFE612
:1056F00010000240280002404000024058000240D2
:105700007000024088000240A0000240B800024041
:10571000100402400854025870B5044600F08AFF95
:105720000546601C02D004480078044400F082FF63
:10573000401BA042FAD370BDA400012410B590F81C
:105740009830012B09D0022B07D0D0F89C1041F0E3
:105750000201C0F89C10012010BD03689C6D0C4232
:1057600003D1DC6D44F0010404E09C6D31EA0404D3
:105770001FD00324DC658B0505D50368D3F8E04012
:105780001443C3F8E0404B0505D50368D3F8E44063
:105790001443C3F8E4400068084A01EA0203446D78
:1057A000074A1C434465106840EA9170106000206D
:1057B00010BDDC6D44F00204DCE70000FFFFCF3FCA
:1057C00014A8004070B5044690F89800022804D050
:1057D000D4F89C0040F008000DE02068D0F8C030FC
:1057E00013F07C5F0BD0D0F8C4309B020CD5D4F8FA
:1057F0009C0040F40070C4F89C00012070BDD4F8F7
:105800009C0040F02000F6E7D0F8C400C0F3044547
:1058100020462B46FEF73EF821680120A840C1F83B
:10582000D000C4F89400002070BD704790F8983004
:10583000012B07D0D0F89C1041F00401C0F89C1057
:105840000120704761B10068012913D0D0F8B01071
:1058500021F0FE4141EA0261C0F8B010002070471B
:105860000068D0F8F01021F07C5141EA0261C0F8E4
:10587000F010F3E7D0F8A01021F0FE4141EA0261F8
:10588000C0F8A010EAE770B590F89820012A09D076
:10589000022A07D0D0F89C1041F00201C0F89C10F9
:1058A000012070BD0B68CA6883B10B69072A43EAFF
:1058B000427325D00C7A4A6942EA84724968006FC3
:1058C00000EBC100C0E90032002070BD072A0DD0F6
:1058D0000C7AD6060D8A4B6943EA847246EA054380
:1058E000C06E49681A4340F82120EDE70B8A4FF05B
:1058F0006055D1E9062442EA034245EA0423EFE772
:105900008A69DBE730B590F89850039C012D07D0E9
:10591000D0F89C1041F00401C0F89C10012030BD6B
:105920000D01016845EA820040EA43002043C1F8C6
:105930008000002030BD7047084A10B590420BD15E
:10594000880109D506480EF0C4FC0648002180F8FD
:105950004C104169491C416110BD0000F0710124E7
:10596000C0090224A05F02240068402905D0D0F8B5
:10597000B40000BF00F07F007047D0F8A400F9E742
:10598000F0B590F898500024022D04D0D0F89C1067
:1059900041F0080129E0402905D0412929D0056DB1
:1059A0008D4219D942E00568D5F8A06016F4FE0FC3
:1059B00012D0D5F8A460760613D0D5F8A460F6010D
:1059C00005D5D5F8A06016F0004F00D50124D5F814
:1059D000A470466F456C24E0D0F89C1041F0200183
:1059E00003E0D0F89C1041F48071C0F89C100120B5
:1059F000F0BD0568D5F8B06016F4FE0FECD0D5F810
:105A0000B4607606EDD0D5F8B460F60105D5D5F8CA
:105A1000B06016F0004F00D50124D5F8B470866F41
:105A2000C56CC7F305273C44654302E0456DC66F6E
:105A30004D4306EB85052E6816F0804656602E68AD
:105A400036D026F060461660D5F800C000262E4FEE
:105A50000CF0005CC2F808C0D5F800C00CF0004C97
:105A6000C2F810C0B5F804C01FFA8CFCC2F81CC004
:105A7000D5F804C0CCF3034CC2F80CC0D5F804C070
:105A80000CF4801CC2F814C0D5F804C00CF4001C3F
:105A9000C2F818C0D5F804C0CCF3066CC2F820C018
:105AA000D5F804C008354FEADC7CC2F824C008E011
:105AB000C6F38A46C7E700BF15F806C003F806C05C
:105AC000761CD2F80CC017F80CC0B445F4D84029A5
:105AD0000AD041290CD020294FF001020CD20068D5
:105AE0008A40C0F898200DE00068C0F8A84009E09E
:105AF0000068C0F8B84005E0006801F01F018A4066
:105B0000C0F89C200020F0BD4C0603080068D0F8C7
:105B1000C40000F03F007047704700002DE9FF5FB0
:105B2000DFF80CB304460BF10401DBF80000256834
:105B30000F68AA468007D5F85090696DD5F8508057
:105B40006E6D2A6DD5F854C02B6D00EA87700090F9
:105B500009F470496F6D286D01EA09010191DAF8C5
:105B60005410DAF85490DAF8505008F00F0806EAAA
:105B70000806029602F0F00203F071536FEA09067C
:105B80001F4000F060700CEA020CCDF80CC0F2056A
:105B900001EA00090CD4E843C00509D400214FF400
:105BA0008073CAF85030CBF800102046FFF7B4FFDE
:105BB000700512D4E84340050FD4206800234FF449
:105BC0008068D0F8DC20D0F8E410C0F85080CBF822
:105BD00000301140204600F014FCDFF858A2009875
:105BE00050B12268830F00EA0A001065CBF800303C
:105BF00020460099FFF719FE019850B12268830FE3
:105C000000EA0A001065CBF800302046019900F048
:105C1000FAFB029850B12268830F00EA0A0010656F
:105C2000CBF800302046029900F012FB039850B1E7
:105C30002268830F00EA0A001065CBF80030204686
:105C4000039900F07FFB30050CD4E843000509D42C
:105C5000236800204FF400621A65CBF8000020464C
:105C600000F0D2FBB00512D4E84380050FD42068C1
:105C700000234FF40078D0F8D820D0F8E010C0F816
:105C80005080CBF800301140204600F0BBFB3003C1
:105C90000CD4E843000309D4236800204FF4002209
:105CA0001A65CBF80000204600F0D0FAF0030CD4BF
:105CB000E843C00309D4236800204FF480321A65FA
:105CC000CBF80000204600F09BFB70030CD4E843A7
:105CD000400309D4226800204FF480231365CBF8D9
:105CE0000000204600F08BFBB0030FD4E843800394
:105CF0000CD4236800204FF400321A65CBF8000062
:105D0000D4F89C0040F08000C4F89C00B9F1000F6A
:105D10000BD022684FEA997309EA0A001065CBF8A4
:105D2000003049462046FFF707FE5FB12268BB0FEF
:105D300007EA0A001065CBF80030D4F89C0038431D
:105D4000C4F89C003C492068884268D1606881465C
:105D50008068800763D0D9F82060D9F82410D9F87A
:105D60002080D9F82400D9F820C0D9F82470D9F8B7
:105D70002030D9F82450D9F8202003F4FC4306F051
:105D80000F0AD9F824601D40D9F824B008F0300873
:105D90000CF4C07C02F4F02211EA0A0100EA0808BF
:105DA00007EA0C0706EA0206D9F820A004D0C9F8D1
:105DB0002010204600F020FBB8F1000005D06168FB
:105DC00008624146204600F019FB6FEA0B004006CE
:105DD0000ED46FEA0A0040060AD460684021C36B03
:105DE000C26B01622046190C02F03F0200F005FB75
:105DF0002FB1606807623946204600F0FCFA35B1E1
:105E000060680562D4F89C002843C4F89C0036B151
:105E100060680662D4F89C003043C4F89C00D4F853
:105E20009C00002802D02046FFF785FDBDE8FF9FBB
:105E300010A80040FFFFCF3F00A000402DE9F04137
:105E400094B08D494C2204466846FAF7EFFE64B1DF
:105E50008A4D2068A84202D100F58070606094F8F5
:105E600098004FF0000820B108E0012014B0BDE810
:105E7000F081204684F8998000F002F92068816959
:105E800021F01001816100F0D5FB0327064604E0F4
:105E900000F0D0FB801B0A2811D820688069000719
:105EA000F6D42068816941F00101816100F0C2FBF4
:105EB00006460DE000F0BEFB801B0A2808D9D4F886
:105EC0009C0040F00100C4F89C0084F89870CCE776
:105ED00020688069C007EDD02068816941F0020127
:105EE0008161207C01282068816937D041F0400120
:105EF0008161607C01282068816932D021F4804171
:105F00008161A07C0128206881692DD041F48051F5
:105F100081612068A268816921F440711143816127
:105F20002068816921F0A40181612068016921F064
:105F300010010161E068012819D010B302281BD0BC
:105F40002068816941F0800181612068016941F028
:105F500010010161E06803280ED012E021F0400139
:105F6000C6E741F48041CBE721F48051D0E72068B7
:105F7000816941F0040103E02068816941F020015A
:105F80008161207E6FF0FF02D4E90773A68A1102B7
:105F9000400602EB0727A0F10070384327685B1E1C
:105FA000184301EB06463043F861A068B0F5407F26
:105FB00011D104F12800A68C6FF00F0C89C801EBF9
:105FC0000641401E02EB0322104322680CEB07132C
:105FD00018430843D060206E30B12068626ED0F85C
:105FE000C0101143C0F8C010D4E917126846D1425E
:105FF00009D02168A36E51F8C82F50F8233022F041
:1060000007021A430A60216C49B12168626C51F899
:10601000BC3F50F8226023F0070232430A60A16CB3
:1060200051B12168E36C51F8BC2F50F8233022F0B5
:10603000700242EA03120A60216D51B12168626D5B
:1060400051F8BC3F50F8220023F4E06242EA0020FD
:1060500008602068A84204D16068816821F00301CB
:106060008160C4F894800121C4F89C8084F8981061
:106070002046FDF72BFBF9E65C06030800A0004074
:106080002DE9F047B4B0814614212EA8FAF72AFE74
:10609000B8216846FAF726FE664C0026D9F80000BB
:1060A0004FF08051644A0C3C614F4FF00208614D43
:1060B0009042DFF888A14FF0090938D100201B91E8
:1060C0004A13CDE90020684601F068FC08B1FDF7ED
:1060D000D4FA3868401C3860012807D1286840F499
:1060E00080702860286800F480703390206840F049
:1060F00008002060206803222E922EA900F00800DC
:10610000CDE92F863196CDE93290504600F07EF9E8
:1061100000220521132000F05BFB132000F04AFB56
:1061200000220521152000F053FB15203BE0444AD6
:1061300090423DD100201B914FF40042CDE9002058
:10614000684601F02BFC08B1FDF797FA3868401C4F
:106150003860012807D1286840F4807028602868DA
:1061600000F480703390206840F0020020602068C6
:1061700060222E922EA900F00200CDE92F863196E2
:10618000CDE932902F4800F041F90022052114207A
:1061900000F01EFB142000F00DFB0022052116204C
:1061A00000F016FB162000F005FB34B0BDE8F087C8
:1061B000254A9042F9D100201B914FF40042CDE9CD
:1061C0000020684601F0EAFB08B1FDF756FA38688E
:1061D000401C3860012807D1286840F4807028608E
:1061E000286800F480703390206840F00800206038
:1061F00020684FF440512E91052200F00800CDE9AF
:106200002F862EA93196CDE93220504600F0FEF8B7
:10621000002205219F2000F0DBFA9F2000F0CAFA3F
:1062200000220521A02000F0D3FAA020BBE7000047
:106230002C000124EC44025800A00040000C02583D
:1062400000A400400004025800D400407047000041
:106250002DE9F04F374A97B082464FF00007904241
:1062600064D1C80762D00026334DB1464EE02821E4
:1062700004A8FAF737FD402150460EABCDF8389010
:1062800004AACDF83C90FFF77BFB18B16868401C6E
:10629000686041E0059830BB069820BB0A9810BBA7
:1062A000099800BB0498B0F5006F1CD2DDF81C8083
:1062B00000240DF1480B204601A928F013F970B114
:1062C000019941450BD18BF800400EAA04989DF826
:1062D000483081B213A80DF0D2FF20B907E0641C4A
:1062E000E4B2082CE7D96868401C68600AE01348EB
:1062F00013A90EF021F818B1A868401CA86001E0AD
:106300007F1CFFB2761CF6B2202E05D240215046EB
:10631000FFF72AFB0028AAD1002F07D00848006801
:10632000002803D017B0BDE8F04F004717B0BDE814
:10633000F08F0000F0710124A05F0224C009022444
:10634000D0000124704790F89810012907D0D0F8A8
:106350009C1041F00401C0F89C10012070470221FC
:1063600080F89810002201688B6923F001038B618B
:10637000C0F89C201046704710B590F89810002285
:10638000022906D0D0F89C1041F00801C0F89C10FA
:1063900012E0016803238C6944F001048C610168F8
:1063A0000DE0322A0AD900BFD0F89C1041F001015B
:1063B000C0F89C1080F89830012010BD521C8C69E8
:1063C000E407EED08C69002224F010048C6101688F
:1063D00002E0322AE8D8521C8C692407F9D48C696F
:1063E0000023012244F002048C61C0F8943080F84C
:1063F0009820184610BD7047704770477047704727
:106400007047704770477047704700002DE9F84F9C
:1064100003247A4D00234FF001094FF0B04B4FF0A9
:106420000F0AE4E009FA03F6324078D00F7907F05A
:106430000307012F01D0022F1AD187684FEA430EBC
:10644000D1F80CC004FA0EF827EA08070CFA0EFC83
:106450004CEA070CC0F808C0476891F804C0B7437D
:10646000CCF3001C0CFA03FC4CEA070CC0F804C087
:106470000E79F643B6070BD0C6684FEA43088F681B
:1064800004FA08FC26EA0C0607FA08F73743C76047
:106490000E7906F00306022E12D1DE080F694FEACC
:1064A000437C00EB8606B646366A4FEADC6C0AFA95
:1064B0000CF807FA0CF726EA08063743CEF82070E6
:1064C0000F7906684FEA430807F0030704FA08FC4F
:1064D00007FA08F726EA0C06374307604E6816F4F9
:1064E000403F1CD0464E376847F002073760366899
:1064F0009F0706F00206009623F0030606F1B04659
:10650000B6463F0FD6F80864DFF8F8800AFA07FCB1
:10651000404526EA0C0603D14FF0000C3AE065E056
:10652000DFF8E4C0604502D14FF0010C32E0DFF843
:10653000DCC0604502D14FF0020C2BE0DFF8D0C088
:10654000604502D14FF0030C24E0DFF8C8C060457D
:1065500002D14FF0040C1DE0DFF8BCC0604502D151
:106560004FF0050C16E0DFF8B4C0604502D14FF0E3
:10657000060C0FE0DFF8A8C0604502D14FF0070C11
:1065800008E0DFF8A0C0604502D14FF0090C01E03F
:106590004FF00A0C0CFA07FC4CEA060CCEF808C4C3
:1065A0004F68DBF80060FF0226EA020600D51643BA
:1065B0005F46CBF80060D1F804C0DBF804605FEA06
:1065C0008C2C26EA020600D516437E606E684F6862
:1065D00026EA0206BF0300D516436E602E684F6898
:1065E00026EA0206FF0300D516432E605B1C0A68EC
:1065F00032FA03F67FF416AFBDE8F88F800000583A
:10660000F4440258000002580004025800080258DE
:10661000000C0258001002580014025800180258CA
:10662000001C0258002402580AB181617047090415
:10663000FBE700000148806870470000A4000124C7
:10664000014800687047000000E8F11F0148006839
:106650007047000004E8F11F01480068704700001F
:1066600008E8F11F02488168027811448160704790
:10667000A4000124032010B500F0CAF801F0CEFFF9
:106680000F4A104914681368C4F3032203F00F0380
:106690008A5CC95C02F01F0201F01F01D0400A4A67
:1066A00020FA01F11160094908600F2000F010F88C
:1066B00008B1012010BD00F04DF8002010BD000011
:1066C00018440258A8060308B4000124B0000124AD
:1066D00010B5102804468AB02AD200220146A12013
:1066E00000F076F8A12000F065F815480460154820
:1066F000016841F080710160006808A900F08070B5
:106700000990684601F016FF01F076FF0E4940003F
:1067100000220E4CB0FBF1F10D4840F2E73304606B
:10672000C0E90332491EC0E9011202F098FE10B11F
:1067300001200AB010BD064802F0C4FEF9E70000CF
:10674000A8000124EC44025840420F0000E0004041
:10675000D0730124074882B0016841F00201016052
:10676000006800220F2100F002000090901E02B08D
:1067700000F02EB8F4440258002809DB410900F06B
:106780001F028900012001F1E0219040C1F8800240
:10679000704700280DDB410900F01F02890001202D
:1067A00001F1E0219040C1F88001BFF34F8FBFF3AA
:1067B0006F8F7047002809DB410900F01F02890034
:1067C000012001F1E0219040C1F800017047000074
:1067D0000E4BF0B41B680D46C3F30223C3F107064A
:1067E000042E00D90426191D072901D2002300E038
:1067F000DB1E012404FA06F19C40491E2940641E58
:10680000994014402143F0BC05F071BE0CED00E04E
:10681000064900F0070210B54FF6FF040868044B64
:10682000204040EA02201843086010BD0CED00E053
:106830000000FA0501680123C0F8D834002280F86E
:10684000CC248869044A40F000608861486D104398
:106850004865002070470000030000107047006882
:10686000416200207047F0B503685D6A39B19F6AE4
:106870004C1E00204FF4827605EB17450BE045EAED
:106880000240986210E0471C06EB800053F800C0FD
:10689000F8B205EB1C45A042F5D34FF4807000EB35
:1068A000810045EA02421A500020F0BDD0F8E00411
:1068B00004F003BD01EBC10200EB8202D0F8E0045A
:1068C000126A04F056BC01EBC10200EB8202D0F860
:1068D000E004D2F8602204F0A8BCD0F8E00404F090
:1068E000EEBC0A0601F00F0101EBC10100EB8101D2
:1068F00001D5143101E001F51571006805F0D8BB30
:1069000001F00F020B0670B502EBC20104464FF016
:1069100001004FF0000504EB810102D548751431E8
:1069200003E081F8555201F515710A7094F894242A
:10693000012A08D084F89404206805F0DBF80020D0
:1069400084F8945470BD022070BD70B5027904467D
:1069500001F00F00904201D9012070BD01F00F023B
:106960004FF000050B0602EBC2014FF0010204EBF1
:10697000810102D54A75143103E081F8555201F5C1
:1069800015718D70087094F89404012808D084F86B
:106990009424206805F018FA002084F8945470BDFF
:1069A000022070BD01F00F0101EBC10100EB81007D
:1069B000D0F8680270472DE9F04101F00F06044657
:1069C0000D064FF0010006EBC6014FF0000504EB89
:1069D000810102D54875143103E081F8555201F563
:1069E00015714F788A600B710E7007B14E83022BC0
:1069F00000D14D7194F89424012A09D084F89404AC
:106A0000206804F0BFFF284684F89454BDE8F08164
:106A10000220FBE770B501F00F05002405EBC5016E
:106A200000EB810101F5187181E81C0001F80B4CA5
:106A300001F80C5D8379012B00D1CA61827900686D
:106A400005F01AFA002070BD70B50D4601790446B4
:106A500005F00F00884201D9012070BD29064FF0D2
:106A600000064FF0010206D500EBC00104EB8101E6
:106A70004A75143107E005EBC50104EB810181F88B
:106A8000556201F515718A70087094F89404012814
:106A900007D084F89424206805F0C2F9280702D0B2
:106AA00007E0022070BDA17904F29C42206805F045
:106AB0005FF9002084F8946470BD70B501F00F0494
:106AC000002504EBC401012600EB8101203181E89F
:106AD0002C0001F80B6C01F80C4D8379012B00D1CF
:106AE000CA618279006805F0C7F9002070BD000016
:106AF0002DE9FC5F05680446284605F075FB002873
:106B00007ED1206805F09CFB002879D0D5F80808D4
:106B1000C0F30D20C4F8D404206805F091FB800771
:106B200004D52068416901F002014161206805F047
:106B300087FBC10604F29C40009035D5206881692E
:106B400021F0100181612F6A07F00F01C7F3434064
:106B500001EBC101022804EB810606F5157602D08F
:106B6000062812D01BE047F6F070074217D0C7F393
:106B70000A12F1681746284605F066FB7169F0684D
:106B8000394471613844F06009E0009908222846D0
:106B900005F05AFB7069C7F30A1108447061206858
:106BA000816941F010018161206805F049FB000313
:106BB0004FF0080B4FF0000A4FF001097CD5206818
:106BC000002605F01CFB074674E0F80770D020682B
:106BD000F1B205F02DFB8046C00707D005EB46114A
:106BE000C1F8089B3146204603F038F85FEA087088
:106BF00024D505EB4611C1F808BBFA49206800E02E
:106C00003EE2026C00EB461001928A42D0F8081B6B
:106C100005D9090403D54FF40041C0F8081B2046EC
:106C200000F001FBEF490198884207D9A0790128BB
:106C300004D120680121009A05F09AF85FEAC86043
:106C400004D505EB46111020C1F8080B5FEA8870E7
:106C50001DD56869000605D5D5F8040840F48061A3
:106C6000C5F8041806EBC60004EB800090F8571234
:106C700000F51570012905D180F803A02046F1B276
:106C800000F004FA05EB46110220C1F8080B5FEA98
:106C9000886004D505EB46112020C1F8080B5FEA97
:106CA000884005D505EB46114FF40050C1F8080B9C
:106CB0007F08761C002F88D1206805F0C1FA4003B8
:106CC0006ED5206805F094FA0026074666E0F807BE
:106CD00062D02068F1B205F099FA8046C00723D04F
:106CE000D5F8342806F00F0105EB461309FA01F137
:106CF0008A43C5F83428C3F80899A07901280FD130
:106D000006EBC60004EB8000D0E9072111440162C4
:106D100036B9606A20B920680121009A05F028F888
:106D20002046F1B2FFF7C6FD5FEA087003D505EB18
:106D30004611C1F808B95FEAC86004D505EB4611F1
:106D40001020C1F808095FEA486004D505EB461138
:106D50004020C1F808095FEA887016D531462846F8
:106D600005F017FA06EBC60004EB8000C17D143075
:106D7000012905D180F803A02046F1B200F082F984
:106D800005EB46110220C1F808095FEA086003D547
:106D90003146204602F0C8FF7F08761C002F96D1AE
:106DA000206805F04DFA002811DAD5F8040820F023
:106DB0000101C5F8041894F8CC0401283BD0204602
:106DC00000F016FA2068416901F000414161206835
:106DD00005F036FA00050BD5D5F80808C00702D033
:106DE000204600F049FA2068416901F400614161E0
:106DF000206805F025FA00010AD52068416901F0F4
:106E00000061416194F8CC04E0B1204600F034FA0E
:106E1000206805F015FAC00472D5D5F8040820F0F2
:106E20000101C5F804182068102105F0B2F900210D
:106E30004FF67F322DE00021204684F8CCA4FFF7E6
:106E40000DFDBFE784F8CC942068406D0121C0F3AC
:106E50008300C4F8D0042046FFF700FDD8E700BF48
:106E600005EB4110C0F80829D0F8003923F40013CD
:106E7000C0F80039C0F8082BD0F8003B23F4001309
:106E8000C0F8003BD0F8003B43F00063C0F8003B83
:106E9000491C20798842E3D8D5F81C0840F001113C
:106EA000C5F81C18E07B68B1D5F8840840F00B01E8
:106EB000C5F88418D5F8440840F00B012846C5F8F9
:106EC00044180DE0D5F8140842F22B010843C5F828
:106ED0001408D5F8100840F00B012846C5F8101822
:106EE000D0F8000820F4FE61C5F80018A1792068E8
:106EF000009A04F03DFF2068416901F4805141612E
:106F0000206805F09DF9800415D5206804F07AFD0D
:106F1000206805F05CF9E07101F03AFBE279014686
:106F2000206805F0F1F9204600F04CF9206841692D
:106F300001F400514161206805F082F9000707D58E
:106F4000204600F059F92068416901F008014161CB
:106F5000206805F075F9000616D5A869012620F00D
:106F60008001A9610DE000BF06EBC60004EB8000C4
:106F700090F85702012803D12046F1B2FFF7B1FC87
:106F8000761C2079B042EFD8206805F059F9C0028C
:106F90001FD501264F4614E006EBC60105EB46104F
:106FA00004EB8101D0F800090A7E012A08D10028EB
:106FB00006DAF0B2CF7540F080012046FFF791FC71
:106FC000761C2079B042E7D82068416901F480112D
:106FD0004161206805F034F9800234D501204B4628
:106FE00029E000000A30544F00EBC00205EB4011CD
:106FF00004EB8202D1F8001B92F85862012E19D1DD
:10700000002917DA94F8D46401F4803106F00106FF
:10701000B1420FD182F85732A96941F08002AA61CA
:107020006969090606D4D5F8040840F40070C5F86B
:10703000040803E0401C21798142D5D820684169C9
:1070400001F400114161206805F0FAF8400007D50D
:107050002046FFF72BFC2068416901F08041416127
:10706000206805F0EDF840070AD5206845686807F4
:1070700002D52046FFF731FC206841682943416072
:10708000BDE8FC9FD0F8E00404F071B9D0F8E0044A
:1070900004F081B9F8B5040004D094F895040025F3
:1070A00010B106E00120F8BD204684F8945400F0A9
:1070B00057F8032084F89504206804F053FE207CE0
:1070C0008DF8000094E80F0004F0AAFC0226B0BB83
:1070D0002068002105F0D8F888BB002001270CE0CB
:1070E00000EBC001421C04EB81014F750D76CD61B0
:1070F0000D624D620875C885D0B221798142EFD802
:10710000002011E000EBC001421C04EB810181F87A
:10711000555281F85852C1F85C52C1F86052C1F81A
:10712000645281F85402D0B221798142EAD8207C9D
:107130008DF8000094E80F0004F05EFD10B184F8B3
:107140009564AFE7207B657484F89574012802D1BB
:107150002046FFF76FFB206804F040FD0020F8BDDB
:1071600010B5B0B00446B8216846F9F7BBFD134925
:107170002068884220D100204FF480214FF4401233
:107180002192CDE90010684600F008FC08B1FCF738
:1071900074FA00F0B3F80A48016841F00071016028
:1071A00000680022052100F000702E904D20FFF7AE
:1071B0000FFB4D20FFF7FEFA30B010BD0000044079
:1071C000D844025870B50446C079012570B1022830
:1071D00001D0FCF752FAD4F8E004294604F04AF949
:1071E000D4F8E004BDE8704004F0FEB80025F2E7F2
:1071F000D0F8E00404F027B9D0F8E00404F02DB989
:1072000010B5044690F8940401280AD00120617456
:1072100084F89404206805F066F8002084F894044B
:1072200010BD022010BDD0F8E02400F29C411046B1
:1072300004F02CB910B590F89414044600680129A4
:1072400009D0012184F89414C168490609D5617BED
:10725000012902D005E0022010BD816B41F480318C
:107260008163206804F073FF206804F0A9FC00200B
:1072700084F8940410BD000010B50446D0F8E00472
:1072800004F046F92068D0F8001E41F00101C0F872
:10729000001EE07A002804D00248016841F006018F
:1072A000016010BD10ED00E0134970B50A68D243CB
:1072B000520705D5096801F00701814213D118E092
:1072C0000A6822F0070202430A60FFF7B3F90A4D89
:1072D0004FF47A760446083D07E000BFFFF7AAF9AD
:1072E000001BB04201D9012070BD2868C043800452
:1072F000F4D4002070BD00000C4802580248016818
:1073000041F08071016070470C48025810B501F0DF
:107310003FF905490968054AC1F30211515C01F0C2
:107320001F01C84010BD000020440258A8060308F1
:107330004A4930B5494C0B1D0A680C3409681D6870
:10734000246802F0030305F00102C1F30511C4F340
:10735000CC04002914FB02F200EE102AF8EE400AD9
:1073600076D0414A9FED3E1ADFED3E1AB7EE000A95
:1073700023B1012B5AD0022B18D15CE0374C283CAA
:1073800023689B0612D5394B246801EE901A1168C8
:10739000C4F3C104F8EE612AE34001EE903AC1F370
:1073A0000801F8EE611A81EEA22A07E002EE101A37
:1073B0001168F8EE422A81EEA22A45E001EE901A09
:1073C0001168F8EE611A40EE811A71EE800A62EEE1
:1073D000200AC1F3462101EE101AB8EE411A31EE2F
:1073E000001AC0EE811ABCEEE11A80ED001A116895
:1073F000C1F3064101EE101AB8EE411A31EE001A3F
:10740000C0EE811ABCEEE11A80ED011A1168C1F3D9
:10741000066101EE101AB8EE411A31EE000A80EE54
:10742000801ABCEEC10A80ED020A30BD01EE901A4E
:10743000DFED0F2A03E001EE901ADFED0E2A11684E
:10744000F8EE611A82EEA12AC1F30801B6E7FFE760
:10745000002101604160816030BD00002844025875
:10746000000000390024744C304402580090D003CE
:107470000024744A001BB74B494930B5484C0B1DDA
:107480000A68143409681D68246802F00303C5F310
:107490000012C1F30531C4F3CC04002914FB02F23D
:1074A00000EE102AF8EE400A75D03F4A9FED3D1AD3
:1074B000B7EE000A6BB1DFED3D1A012B01D0022BB4
:1074C00064D002EE101A1168F8EE422A81EEA22A68
:1074D00021E0334C283C23689B0612D5344B2468AA
:1074E00001EE901A1168C4F3C104F8EE612AE3407A
:1074F00001EE903AC1F30801F8EE611A81EEA22A7A
:107500000BE001EE901ADFED2B2A00BFF8EE611AB6
:10751000116882EEA12AC1F3080101EE901A1168E8
:10752000F8EE611A40EE811A71EE800A62EE200ACE
:10753000C1F3462101EE101AB8EE411A31EE001ADD
:10754000C0EE811ABCEEE11A80ED001A1168C1F399
:10755000064101EE101AB8EE411A31EE001AC0EEE3
:10756000811ABCEEE11A80ED011A1168C1F30661BF
:1075700001EE101AB8EE411A31EE000A80EE801AC0
:10758000BCEEC10A80ED020A30BD04E001EE901AA3
:10759000DFED092ABAE70021016041608160F3E76D
:1075A0002844025800000039384402580024744A24
:1075B0000090D0030024744C001BB74B494930B5F0
:1075C000484C0B1D0A681C3409681D68246802F0C9
:1075D0000303C5F30022C1F30551C4F3CC04002911
:1075E00014FB02F200EE102AF8EE400A75D03F4A72
:1075F0009FED3D1AB7EE000A6BB1DFED3D1A012B8E
:1076000001D0022B64D002EE101A1168F8EE422A63
:1076100081EEA22A21E0334C283C23689B0612D538
:10762000344B246801EE901A1168C4F3C104F8EEDB
:10763000612AE34001EE903AC1F30801F8EE611AC5
:1076400081EEA22A0BE001EE901ADFED2B2A00BF9B
:10765000F8EE611A116882EEA12AC1F3080101EE69
:10766000901A1168F8EE611A40EE811A71EE800AE4
:1076700062EE200AC1F3462101EE101AB8EE411A5B
:1076800031EE001AC0EE811ABCEEE11A80ED001A4C
:107690001168C1F3064101EE101AB8EE411A31EE3D
:1076A000001AC0EE811ABCEEE11A80ED011A1168D1
:1076B000C1F3066101EE101AB8EE411A31EE000A6C
:1076C00080EE801ABCEEC10A80ED020A30BD04E0F3
:1076D00001EE901ADFED092ABAE70021016041604E
:1076E0008160F3E728440258000000394044025802
:1076F0000024744A0090D0030024744C001BB74B44
:107700002DE9F04FA14A0546DFF87CA280F4807095
:10771000DFF8809289B013119F4C08439C48AAF16E
:1077200004064FF0805C4FF0005828D0DFF858B2C4
:1077300085F480670F430BF1080B4FD085F4006789
:107740000F4360D085F480570F4372D085F4005703
:107750000F434FF480394FF4003E69D085F4002781
:107760000F4373D085F480370F4370D085F4804683
:107770000E436DD085F400420A436AD02AE0DAF85D
:10778000001001F00701052924D2DFE801F0F9AA71
:107790006A259F0006A8FFF7CBFD079809B0BDE852
:1077A000F08F6846FFF768FE0098F7E703A8FFF739
:1077B00005FF0398F2E72068C0F3C10022FA00F049
:1077C000ECE72268D2056ED561456CD11846E5E735
:1077D0004145E3D00020E1E74846DFE7DBF8001051
:1077E00001F46001B1F5800F3BD005DC00294AD0DF
:1077F000B1F5001FEED174E0B1F5C00FECD0B1F5DA
:10780000000FE7D162E0DBF8001001F0E061B1F1B8
:10781000007F26D004DCB1B3B1F1807FDAD160E023
:10782000B1F1407FD8D0B1F1806FD3D14EE000E00C
:107830001BE0DAF8001001F4E041B1F5005F10D070
:1078400008DC01B3B1F5805FC4D14AE035E058E00F
:1078500065E088E0B1F5405FBED0B1F5804FB9D1A9
:1078600034E020688000B5D5A0E7DAF8001001F414
:10787000E021B1F5403F6DD006DC61B149457BD0D8
:107880007145A7D158E07BE0B1F5802F66D0B1F506
:10789000A02F9FD10DE000F09DFE7FE76846FFF727
:1078A000EBFD01987AE728E003A8FFF787FE04982C
:1078B00074E7216889038AD48CE7DBF8001011F49F
:1078C00040310ED0494510D0714583D131682568CB
:1078D00001F040516D077FF574AF00297FF471AF5F
:1078E00069E720680001E7D55BE720688000E3D501
:1078F00003A8FFF763FE059850E722689203DBD5E3
:1079000066E7306810F480303AD04845D4D120681A
:107910000001D1D56846FFF7AFFD02983EE7DBF8DE
:10792000001001F0E041B1F1405F13D008DC71B10B
:10793000614521D04145BFD120688000B4D449E7DA
:10794000B1F1804F0AD0B1F1A04FB2D042E7FFF7BA
:10795000DDFC23E720684007AED52CE72068C00592
:10796000AAD533E708E0DAF8001011F04051A0D0B2
:10797000614505D041459FD1206800018ED429E79B
:107980002068800198D505E7504402580090D00344
:1079900000366E010080BB00004402582DE9FE4F06
:1079A0000546DFF800A450F8081B0024FD4FC9432A
:1079B000019005F1280026460AF1240A00900801EA
:1079C0001DD4686E50B1B0F5801F0CD0B0F5001F0B
:1079D0000ED0B0F5401F1ED001240FE0386840F4EF
:1079E0000030386017E00198022102F02FFA03E01E
:1079F0000098022102F0BAFA04000CD0264628882A
:107A0000C043C00523D4A86D05281ED2DFE800F0CE
:107A10000C11161B1B006A6EDAF8001021F44011DD
:107A20001143CAF80010EAE7386840F400303860C3
:107A300009E00198002102F009FA03E00098002112
:107A400002F094FA0446C4B100E0012426462888D6
:107A5000DFF85083C04308F12C0840052FD4D5F837
:107A6000A400B0F5C00F28D010DCB8B1B0F5001FED
:107A700019D0B0F5800F0FD11AE0AA6DDAF8001016
:107A800021F007011143CAF80010E0E7B0F5000F3C
:107A900013D0B0F5200F10D001240FE0386840F467
:107AA0000030386009E00198002102F0CFF903E0CE
:107AB0000098002102F05AFA044694B1264628881C
:107AC000C043000530D4D5F8A800B0F1407F29D0DC
:107AD00011DCC0B1B0F1807F1AD0B0F1007F10D1BD
:107AE0001BE0D5F8A420D8F8001021F46001114360
:107AF000C8F80010E3E7B0F1806F13D0B0F1A06FC9
:107B000010D001240FE0386840F40030386009E0FC
:107B10000198002102F09AF903E00098002102F098
:107B200025FA044694B126462868DFF878B2C043A7
:107B30000BF1200B80011FD4E86CD8B110280FD0B6
:107B4000202812D0302815D0012414E0D5F8A82020
:107B5000D8F8001021F0E0611143C8F80010E3E705
:107B6000386840F40030386004E00198022102F0E7
:107B70006DF9044674B126462888C043C0042BD44E
:107B8000E86DB0F5005F20D00DDCA0B1B0F5805FEE
:107B90000FD115E0EA6CDBF8001021F03001114341
:107BA000CBF80010E8E7B0F5405F13D0B0F5804F98
:107BB00010D001240FE0386840F40030386009E04C
:107BC0000198002102F042F903E00098002102F040
:107BD000CDF904468CB126462888C043800429D4B8
:107BE000286EB0F5403F23D010DC08B3B0F5803FDD
:107BF00014D0B0F5003F0FD115E0EA6DDAF80010AF
:107C000021F4E0411143CAF80010E5E7B0F5802FF8
:107C10000ED0B0F5A02F0BD001240AE0019801216D
:107C200002F014F903E00098012102F09FF90446E4
:107C300094B126462888C04340042AD4D5F8AC0025
:107C4000B0F1405F23D010DC08B3B0F1805F14D0F6
:107C5000B0F1005F0FD115E02A6EDAF8001021F4C0
:107C6000E0211143CAF80010E4E7B0F1804F0ED0D4
:107C7000B0F1A04F0BD001240AE00198012102F0DD
:107C8000E5F803E00098012102F070F9044674B1B0
:107C900026462888C04300041FD4E86ED8B1B0F14E
:107CA000805F0ED0B0F1005F10D0012414E0D5F851
:107CB000AC20D8F8001021F0E0411143C8F80010C2
:107CC000E7E7386840F40030386004E001980121AB
:107CD00002F0BCF8044674B126462868C043C001CF
:107CE0001ED4A86CD0B101280ED0022811D00328D0
:107CF00014D0012413E0EA6EDAF8001021F04051AC
:107D00001143CAF80010E8E7386840F400303860E2
:107D100004E00198022102F099F804466CB126466D
:107D20002868C043400255D41F48016841F480715F
:107D30000160FEF77FFC81460EE0AA6CDBF80010C4
:107D400021F003011143CBF80010E9E7FEF772FCC4
:107D5000A0EB090064283BD813480068C005F5D59E
:107D6000BCBBDFF84090B5F8B01009F14409D9F870
:107D7000000001F4407100F44070884211D0D9F83D
:107D80000010D9F8002021F4407142F48032C9F883
:107D90000020D9F8002022F48032C9F80020C9F868
:107DA000001003E02C44025800480258D5F8B000F7
:107DB000B0F5807F19D1FEF73DFC029011E000BFC5
:107DC000FEF738FC0299411A41F28830814208D905
:107DD000032426462878DFF81494C043C00721D036
:107DE0003CE0D9F800008007EAD5D5F8B010C1F31F
:107DF00001200328FE480DD0016821F47C51016068
:107E0000B5F8B020D9F80010C2F30B021143C9F83D
:107E10000010DFE7F74A036802EA111223F47C51ED
:107E20001143ECE7A86F182816D005DCA0B108288C
:107E300008D0102804D10AE020280DD028280BD023
:107E400001240AE00198012102F000F803E0009803
:107E5000012102F08BF8044664B126462878C0431D
:107E600080071ED4686F062819D2DFE800F0160CD0
:107E700011161616AA6FD9F8001021F03801114317
:107E8000C9F80010EAE70198012101F0DFFF03E0E3
:107E90000098012102F06AF804467CB100E0012458
:107EA00026462878C04340071FD4D5F890000628FE
:107EB00019D2DFE800F0160C111616166A6FD9F801
:107EC000001021F007011143C9F80010E9E70198FB
:107ED000012101F0BBFF03E00098012102F046F808
:107EE0000446A4B100E0012426462878C043800659
:107EF0002BD4D5F88C00B0F1405F24D011DC10B346
:107F0000B0F1805F15D0B0F1005F10D116E0D5F868
:107F10009020D8F8001021F007011143C8F8001094
:107F2000E3E7B0F1804F0ED0B0F1A04F0BD00124A9
:107F30000AE00198002101F089FF03E00098022186
:107F400002F014F8044694B126462878C04340064F
:107F50002BD4D5F89800B0F5406F24D011DC10B3C5
:107F6000B0F5806F15D0B0F5006F10D116E0D5F8E0
:107F70008C20D9F8001021F0E0411143C9F800101D
:107F8000E3E7B0F5805F0ED0B0F5A05F0BD0012421
:107F90000AE00198002101F059FF03E00098022156
:107FA00001F0E4FF044694B126462878C043000659
:107FB0002BD4D5F89C00B0F5C04F24D011DC10B301
:107FC000B0F5005F15D0B0F5804F10D116E0D5F8B0
:107FD0009820D8F8001021F4E0511143C8F800109F
:107FE000E3E7B0F5004F0ED0B0F5204F0BD00124E1
:107FF0000AE00198002101F029FF03E00098022126
:1080000001F0B4FF044654B126462878C043000767
:108010001ED4D5F88000B0F5805F0AD00FE0D5F807
:108020009C20D8F8001021F460411143C8F80010DA
:10803000EBE70098022101F099FF00B10126D5F885
:108040008020D9F8001021F440511143C9F80010E4
:108050002878C043C00613D4D5F89400B0F5807FCB
:1080600005D10098022101F081FF00B10126D5F869
:108070009420D8F8001021F440711143C8F8001082
:108080002868C043000316D4D5F8A00038B1B0F575
:10809000803F09D0B0F5003F0BD001240AE00198E1
:1080A000002101F0D3FE03E00098022101F05EFF01
:1080B00004468CB126462868C043400322D4D5F834
:1080C0008400B0F5801F11D0B0F5001F13D0B0F5BB
:1080D000401F15D0012414E0D5F8A020D8F80010D6
:1080E00021F440311143C8F80010E4E7386840F447
:1080F0000030386004E00098012101F037FF0446A9
:108100005CB126462868C043C0031CD4286D70B1FA
:10811000B0F5803F10D0012414E0D5F88420D9F8C0
:10812000001021F440111143C9F80010EAE7386843
:1081300040F40030386004E00198022101F086FE2E
:108140000446DCB126462868C043800005D4009868
:10815000022101F00BFF00B101262868C043800313
:108160001BD4E86FB8B1B0F5807F10D0B0F5007FB8
:1081700011D0B0F5407F0ED001240DE02A6DDBF860
:10818000001021F480311143CBF80010DBE7386890
:1081900040F4003038607CB326462868C043C002F3
:1081A00007D42A6FDAF8001021F000411143CAF811
:1081B00000102868C043800207D4AA6EDAF80010C5
:1081C00021F080711143CAF800102868C0434000B4
:1081D00009D40748016821F4004101600168D5F81D
:1081E000B420114301602868C04306E0544402589B
:1081F00010440258CFFFFF001DE007D46A6DDBF882
:10820000001021F040511143CBF800102868C04302
:10821000000208D4D5F88820D9F8001021F44001D4
:108220001143C9F8001028790024C04300F0010070
:10823000204309D00EE0EA6FD9F8001021F4407114
:108240001143C9F80010A8E70198002101F0FEFDD4
:1082500000B106462879C04300F00200204305D152
:108260000198012101F0F2FD00B106462879C043D2
:1082700000F00400204305D10198022101F0E6FD41
:1082800000B106462879C04300F00800204305D11C
:108290000098002101F06AFE00B106462879C0432B
:1082A00000F01000204305D10098012101F05EFE8E
:1082B00000B106462879C04300F02000044304D1F1
:1082C0000098022101F052FE00B916B10120BDE86C
:1082D000FE8F0020FBE700002DE9F05F04000F4651
:1082E0007ED0DFF83882D8F8000000F00F00B842E6
:1082F0000CD2D8F8001021F00F013943C8F8001053
:10830000D8F8000000F00F00B84269D12078844D01
:1083100040070AD52069296801F07001884204D914
:10832000296821F070010143296020787C4E361DB8
:1083300000070AD56069316801F07001884204D9EC
:10834000316821F07001014331602078C0060AD500
:10835000A069316801F4E061884204D9316821F4F0
:10836000E061014331602078DFF8B4B180060BF1A1
:10837000080B0CD5E1695846DBF8002002F07002CA
:10838000914204D9026822F070020A430260207808
:1083900080070AD5E068296801F00F01884204D9F6
:1083A000296821F00F01014329602078C0073ED0E1
:1083B0005B49A2682868183920F47060104328606F
:1083C0006068022818D0032819D00968012819D03C
:1083D000490700294ADADFF848A1AAF1080A00E0B3
:1083E00044E0DAF8002022F007020243CAF8002035
:1083F000FEF720F9814612E009688903E9E7096878
:108400008901E6E7C905E4E7FEF714F9A0EB0901E5
:1084100041F28830814202D90320BDE8F09F6168B3
:10842000DAF8000000F03800B0EBC10FECD1207892
:1084300080070AD5E068296801F00F01884204D25C
:10844000296821F00F0101432960D8F80010404647
:1084500001F00F01B9420BD9016821F00F01394336
:108460000160006800F00F00B84201D00120D4E79D
:10847000207840070AD52069296801F070018842F8
:1084800004D2296821F07001014329602078000797
:108490000AD56069316801F07001884204D2316800
:1084A00021F07001014331602078C0060AD5A0692F
:1084B000316801F4E061884204D2316821F4E0615E
:1084C00001433160207880060CD5E1695846DBF81D
:1084D000002002F07002914204D2026822F0700281
:1084E0000A43026000F09AF80E492A682B68C2F32A
:1084F000032203F00F038A5CC95C02F01F0201F043
:108500001F01D040084A20FA01F1116007490860B4
:1085100007480068BDE8F05FFEF7DAB800200052B7
:1085200018440258A8060308B4000124B00001242E
:10853000A800012470B5144C3F220260124A24683E
:108540000832131D114D04F00704446016681C1D09
:1085500006F470668660166806F00F06C66012683C
:1085600002F0700202611A6802F0700242611A6839
:1085700002F4E0628261226802F07002C26128683F
:1085800000F00F00086070BD104402580020005237
:1085900030B500F043F80B4A0B490C4B15681468D2
:1085A000C5F3032204F00F048A5C095D02F01F0288
:1085B00001F01F01D040064A20FA01F11960106055
:1085C000084630BD18440258A8060308B400012428
:1085D000B000012400B5FFF7DBFF05490968054A33
:1085E000C1F30211515C01F01F01C84000BD000041
:1085F0001C440258A806030800B5FFF7C9FF054947
:108600000968054AC1F30221515C01F01F01C8400D
:1086100000BD00001C440258A8060308454970B577
:1086200045480968434B103B11F0380208D001114E
:10863000082A03D0102A0BD0182A0BD0084670BD88
:1086400019688906FBD51968C1F3C101C84070BD1E
:108650003A4870BD3749374D18310C1D24350A682A
:10866000096826682D6802F0030406F00102C1F3D0
:108670000511C5F3CC0515FB02F200EE102AB8EE89
:10868000400AE9B32F4ADFED2E0AB7EE001A6CB1AB
:10869000DFED2D1A012C01D0022C43D002EE101A6E
:1086A0001068F8EE422A81EEA22A1EE01C68A40699
:1086B00011D51B6801EE901A1168C3F3C103F8EEDF
:1086C000612AD84001EE900AC1F30800F8EE611A61
:1086D00081EEA22A0BE001EE901ADFED1C2A00BF0A
:1086E000F8EE611A106882EEA12AC0F3080001EECC
:1086F000900AF8EE611A40EE201A31EE810A00E08D
:1087000015E022EE000A1068C0F34620401C00EE7F
:10871000900AF8EE600A80EE201ABCEEC10A10EE54
:10872000100A70BD01EE901ADFED092AD8E700208B
:1087300070BD0000104402580090D00300366E0156
:1087400000000039304402580024744A0024744C5C
:10875000001BB74B2DE9F05F04007DD0FF4F207860
:10876000FE4D1837DFF8F483103DC00748D0D8F825
:108770000000396800F03800102815D0182803D1FF
:1087800001F0030002280FD06068B0F5803F12D0DE
:1087900010B1B0F5A02F18D0286820F480302860E0
:1087A000286820F4802009E02868800328D56068C4
:1087B0000028D2D024E0286840F480302860606827
:1087C00088B1FDF737FF064609E0286840F48020AD
:1087D0002860F0E7FDF72EFF801B64287ED828680C
:1087E0008003F7D50CE0FDF725FF064605E000BF46
:1087F000FDF720FF801B6428F0D828688003F7D499
:108800002078800756D5D8F80000DFF850933968F3
:1088100010F03800A9F10C090ED0182801D18807F2
:108820000AD0E068A8B3296821F019010143296042
:10883000FDF700FF064628E02868400702D5E068FB
:1088400000288AD0E168286820F0190008432860D1
:10885000FDF7F0FE064606E0D2E000BFFDF7EAFEB7
:10886000801B0228BAD828684007F7D5217CD9F8A0
:10887000002022F0FE4242EA0161C9F8001019E02E
:10888000FDF7D8FE801B0228A8D828684007F7D536
:10889000ECE7FFE7286820F001002860FDF7CAFE3A
:1088A000064604E0FDF7C6FE801B022896D828681D
:1088B0004007F7D42078C00646D5D8F80000DFF886
:1088C0009C92396800F03800A9F10409082812D0F8
:1088D000182805D101F00300012800E0CEE00AD0FD
:1088E000E0690028286820D040F080002860FDF76B
:1088F000A1FE064615E02868C00502D5E06980287B
:108900007ED194F82010D9F8002022F07C5242EA5F
:108910000161C9F8001017E0FDF78CFE801B0228EA
:10892000A0D82868C005F7D5EBE720F080002860C4
:10893000FDF780FE064604E0FDF77CFE801B022862
:1089400090D82868C005F7D42078000729D5834837
:108950006169643000298146016811D041F001014C
:108960000160FDF767FE064605E000BFFDF762FE09
:10897000801B022888D8D9F800008007F6D510E0BF
:1089800021F001010160FDF755FE064605E000BF3C
:10899000FDF750FE801B022870D8D9F80000800730
:1089A000F6D42078800623D5A0690028286810D046
:1089B00040F480502860FDF73DFE064605E000BF0C
:1089C000FDF738FE801B022858D828688004F7D5A8
:1089D0000EE020F480502860FDF72CFE064604E0EF
:1089E000FDF728FE801B022848D828688004F7D4A9
:1089F0002078400751D5DFF86891D9F8001000E0E1
:108A000015E141F48071C9F80010FDF713FE064628
:108A100005E000BFFDF70EFE801B64282ED8D9F8B4
:108A20000000C005F6D54D4EA068603601280AD07A
:108A300008B1052813D0306820F00100306030689C
:108A400020F0040002E0306840F001003060A068CF
:108A500041F2883A98B1FDF7EDFD81460AE03068B1
:108A600040F004003060EEE7FDF7E4FDA0EB090103
:108A7000514503D830688007F6D50EE072E0FDF767
:108A8000D9FD814606E000BFFDF7D4FDA0EB09014A
:108A9000514567D830688007F6D4606A00287CD0DA
:108AA000DFF8B8A0D8F800100AF1200A4FF6F87BDA
:108AB0000AF10408C1F3C2010329AAF104096DD027
:108AC0000228286820F08070286003D0FDF7B2FDEE
:108AD000044681E0FDF7AEFD064604E0FDF7AAFD81
:108AE000801B022875D828688001F7D4E26A40F21A
:108AF000F331386854F8283F884340EA021018439D
:108B00003860217B4FF4FE0C22894FF0FE47208A0B
:108B10004902267D521E401EA1F5007189B2C2F3A2
:108B200008021143761E0CEA00400143484607EA5A
:108B300006621143CAF80010D9F8001021F00101B3
:108B4000C9F80010D8F80030266A23EA0B0343EA7C
:108B5000C601C8F80010D9F8001004E0104402580B
:108B60000048025835E0A26921F00C011143C9F810
:108B700000100168E26921F00201114301600168FF
:108B800041F480310160016841F400310160016805
:108B900041F480210160016801E06CE020E041F0D7
:108BA00001010160286840F080702860FDF742FDF7
:108BB000044604E0FDF73EFD001B022809D82868A2
:108BC0008001F7D557E000BFFDF734FD001B0228F8
:108BD00002D90320BDE8F09F28688001F4D44AE060
:108BE00039680128DAF8000021D0A26A01F00303F5
:108BF00093421CD1E26AC1F305118A4217D1216B5D
:108C0000C0F30802491E8A4211D1616BC0F34622AB
:108C1000491E91420BD1A16BC0F30642491E9142FD
:108C200005D1E16BC0F30660491E814201D00120ED
:108C3000D0E7A16C4646D8F80000C0F3CC008142D2
:108C400019D0D9F800004D4620F00100C9F8000005
:108C5000FDF7F0FC4FEA0007FDF7ECFCB842FBD053
:108C6000A26C306820EA0B0040EAC200306028683D
:108C700040F0010028600020ACE700000F4910B56B
:108C800088421AD10E4C617991B10E49002262716D
:108C9000CA6A521CCA62D0F884000863FDF7CAFC95
:108CA000024608486169BDE81040503814F068BFBA
:108CB00004485038416B491C416310BDE09C0224BC
:108CC000D4010124309E02242DE9F04104460068BD
:108CD000002102694369876894F8816002EA03050C
:108CE0005FEA035C0AD5120708D5816941F4006187
:108CF0008161204600F0B6F9BDE8F08115F0600F03
:108D000008D1680706D5616F20468847216F204645
:108D10008847012105F04100012805D1680703D4E7
:108D2000216F20468847012105F02200022806D144
:108D3000680704D4616F2046BDE8F0410847002968
:108D4000DAD128074FF0010859D52068816941F030
:108D5000080181612068816941F01001816120680A
:108D6000816941F4006181612068016921F0080195
:108D700001612068806810F4404F1ED021E0E06857
:108D80000F2806D92068616E006B0860606E001DB8
:108D90000DE0616E0728206804D9008E0880606E9F
:108DA000801C04E090F830000870606E401C606623
:108DB000B4F86A00401EA4F86A00B4F86A000028FB
:108DC000DDD1204601F064F984F88180D4F8840074
:108DD00018B12046FFF752FF8EE7052E07D0042E6C
:108DE00009D0032E88D1204600F016FB84E72046E8
:108DF00000F031FB80E7204600F033F97CE715F402
:108E0000587FE9D068060AD5D4F8840040F0040001
:108E1000C4F884002068816941F040018161A8059F
:108E20000AD5D4F8840040F00100C4F8840020681A
:108E3000816941F400718161E8050AD5D4F88400A4
:108E400040F00800C4F884002068816941F4807112
:108E50008161A8060AD5D4F8840040F08000C4F8E7
:108E600084002068816941F020018161D4F8840088
:108E70000028B1D0206840F26B32C7F3813103681B
:108E8000032923F0010101602068016921EA020140
:108E9000016102D084F881809BE72068104D8168D1
:108EA00021F440418160E06F50B10565E06FFBF750
:108EB0004FFC28B1D4F8840040F04000C4F884008E
:108EC000A06F002888D00565A06FFBF741FC002843
:108ED0008CD0D4F8840040F04000C4F884000BE744
:108EE0004DA100082DE9F047040029D0594A4FF060
:108EF00000092068584B594D9042C4F8289006D07C
:108F0000984204D0A84202D0E1680F2918D8E1683D
:108F10004FF0010AE76B0831C9080AEB5716714395
:108F2000904205D0984203D0A84201D0082907D822
:108F3000904203D0984201D0A84204D1102902D90E
:108F40000120BDE8F08794F8810020B9204684F81C
:108F5000809000F085F8022084F881002068016884
:108F600021F0010101602068A1698268B1F1806F80
:108F700002F4F81110D16268B2F5800F01D01AB175
:108F80000AE0A26B22B107E0A26BB2F1805F03D1CD
:108F9000026842F4805202606068400209D5E068CD
:108FA000072806D32068236D026822F480721A43D2
:108FB00003E02068026822F480720260A66AE06919
:108FC000E26B25683043E3680A4310431843A86006
:108FD000D4E90D02D4E90581636A25691843D4F800
:108FE00020C00A43266810432843A56DD4E90172C6
:108FF000D4E9123140EA080040EA0C003843084343
:10900000104318432843F060606868B9206881689D
:1090100021F4C05141F4006181602068816821F42D
:10902000C06141F4806181602068016D21F001011F
:1090300001656068400206D52068626DC16821F054
:1090400000411143C160C4F8849084F881A00020DD
:1090500077E700000030014000380040003C00404D
:109060007047704770472DE9F84F994617468A4672
:109070000446FDF7DFFA064694F88100012839D14D
:10908000BAF1000F7CD0002FFCD094F880000128AA
:1090900030D0A26800254FF0010884F880800321B9
:1090A00084F88110C4F88450C4F85CA06566A4F804
:1090B0006850656725672C34B2F5C02FA786E78610
:1090C000E58754F82C0D18D0C16821F4C02141F473
:1090D0000031C160206841686FF30F01394341607E
:1090E0002068016841F0010101606068B0F5800FFF
:1090F00008D00CE00220BDE8F88F016841F400615F
:109100000160E7E72068016841F400710160E068F0
:109110000F281CD820E02068416989070BD5E16D34
:1091200009680162E06D001DE065B4F86200401E50
:10913000A4F862000BE0FDF77DFA811B494503D3DB
:10914000B9F1FF3F03D09BE0B9F1000F31D0B4F883
:1091500062000028DFD177E007282ED870E0206871
:10916000416989071DD5B4F8621001290DD9E16B59
:1091700059B1E16D09680162E06D001DE06500E034
:109180007CE0B4F86200801E08E0E16D098801848B
:10919000E06D801CE065B4F86200401EA4F8620037
:1091A0000BE0FDF747FA811B494503D3B9F1FF3FB7
:1091B00003D065E0B9F1000F62D0B4F86200002876
:1091C000CDD141E02068416989072DD5B4F86210FE
:1091D00003290CD9E16B402909D9E16D09680162C5
:1091E000E06D001DE065B4F86200001F19E0B4F8FE
:1091F000621001290BD9E16B49B1E16D0988018445
:10920000E06D801CE065B4F86200801E09E0E16D4D
:10921000097880F82010E06D401CE065B4F8620029
:10922000401EA4F862000BE0FDF704FA811B4945DB
:1092300003D3B9F1FF3F03D022E0B9F1000F1FD0F3
:10924000B4F862000028BDD100224B460821204618
:10925000009600F0B7FF28B1D4F8840040F0200059
:10926000C4F88400204600F013FF84F88180D4F80D
:10927000840084F8805000283FF43DAF01203AE795
:10928000204600F005FFD4F8841084F8805041F4A3
:109290008071C4F8841084F8818003202BE70000DB
:1092A0002DE9F041044690F88100164601283DD191
:1092B00000293AD0002E7FD094F88000012835D0C4
:1092C000A2680025012784F88070032084F88100BB
:1092D000C4F88450656665672567E165A4F8685041
:1092E0002C34B2F5C02FA686E686E58754F82C0DFF
:1092F0001FD0C16821F4C02141F40031C0F80C1026
:10930000E1684FF480420F2903D9A06F8069904231
:1093100009D1A06F07294FF400530FD980699842F3
:109320001DD090421BD084F8805045E00220BDE85B
:10933000F081016841F400610160E1E781699942CF
:1093400005D1B4F86210491C4908A4F8621080697C
:1093500090420ED1B4F86200C01C800807E00F29CB
:1093600007D8904205D1B4F86200401C4008A4F828
:109370006200A06F25490164A16F2548C863A16FF1
:109380002448C864A06F05652068816821F4004105
:109390008160B4F862302268E16DA06F2032FCF782
:1093A0006DF858B1D4F8840084F8805040F0100073
:1093B000C4F8840084F881700120B8E7A06FC06908
:1093C000B0F5807F206841686FF30F0100D0314312
:1093D00041602068816841F4004181602068016932
:1093E00041F4487101612068016841F001010160A8
:1093F0006068B0F5800F04D12068016841F4007105
:109400000160002084F8805091E7000093A10008DB
:109410009DA1000867A100080B4910B5884211D131
:109420000A4C207950B100202071FDF703F96169E1
:109430000246BDE81040064814F08DBB0448416B5D
:10944000491C416310BD0000E09C0224D4010124AA
:10945000E09D02247047704770477047704710B511
:10946000040003D094F83D0010B107E0012010BDC6
:10947000002084F83C00204600F022F8022084F806
:109480003D002068211D01F0A9F9012084F8480061
:1094900084F83E0084F83F0084F8400084F84100DE
:1094A00084F8420084F8430084F8440084F84500BE
:1094B00084F8460084F8470084F83D00002010BD81
:1094C0007047000090F83D10012901D0012070473D
:1094D0001A4A022180F83D100168CB6843F001036D
:1094E000CB60006890421AD0B0F1804F17D0144979
:1094F000884214D01349884211D0134988420ED0B3
:10950000124988420BD01249884208D0114988423A
:1095100005D01149884202D01049884207D181689C
:109520000F4A1140062906D0B1F5803F03D00168EB
:1095300041F001010160002070470000000001407F
:109540000004004000080040000C004000040140FE
:10955000001800400040014000E0004000E40040EE
:109560000700010070472DE9F0410446006800271C
:10957000C6680569A90713D5B10711D5FA1E02619E
:1095800001212177206880698007204602D0FFF7FB
:10959000E9FF04E000F08BF8204600F089F8277717
:1095A000680716D5700714D5226802206FF00401F1
:1095B000116120772068806910F4407F204602D036
:1095C000FFF7D0FF04E000F072F8204600F070F8DA
:1095D0002777280715D5300713D5226804206FF0A8
:1095E0000801116120772068C0698007204602D0F9
:1095F000FFF7B8FF04E000F05AF8204600F058F8F2
:109600002777E80616D5F00614D5226808206FF0F3
:109610001001116120772068C06910F4407F204656
:1096200002D0FFF79FFF04E000F041F8204600F071
:109630003FF82777E80708D0F00706D021686FF0D9
:1096400001000861204600F035F8280601D4A8047E
:1096500008D5300606D521686FF40250086120460F
:10966000FFF7FBFEE80508D5300606D521686FF444
:10967000807008612046FFF7EFFE680608D5700687
:1096800006D521686FF040000861204600F01CF804
:10969000A8060AD5B00608D521686FF02000086139
:1096A0002046BDE8F041FFF7D9BEBDE8F081704724
:1096B0007047000000680349884201D1FCF7D2BF1F
:1096C0007047000000E000407047FEE7F0B500235F
:1096D0000A251C463026372711E000BFB5EB107F66
:1096E00002D906EB107C01E007EB107C01F813C0F7
:1096F00001EB430C00015B1C8CF80140DBB2934290
:10970000ECD3F0BD00EB8100006E00F0F840704734
:109710008068C0F3C00070478068C0F38000704765
:109720008068C0F380007047C06810F4406F01D0BB
:10973000002070470120704710B5042404EAD1547A
:109740000723C1F3045120448B408A404169994367
:109750001143416110BD000000EB8101034B51F842
:10976000600F20F00040104308607047006002580E
:109770002DE9F0411A480021184F012400F1140886
:109780004FF03B0C14268160022507600D27C16055
:109790000823047404224174847488E85010C0E9DA
:1097A0000864C0E90A5707248463C0E90F23C0E9AD
:1097B0001123C0E90C51C0E91325C0E91523C36585
:1097C0000366C0E91912FCF739FB002803D0BDE895
:1097D000F041F9F752BFBDE8F081000000A0004061
:1097E000F07101241C4801232DE9F041194D00249A
:1097F00084604FF0140C05603B25C46000F1240820
:109800000374022644740D278374042143610822E3
:10981000C0E906C5C0F820C040F2064588E8C80087
:109820008163C0E90C350323C0E90F12C0E91112AE
:10983000C0E91313C0E91512C2650266C0E91941F7
:10984000FCF7FCFA002803D0BDE8F041F9F715BF9A
:10985000BDE8F08100A40040907201241B48002262
:109860002DE9F041184F00F11408826001250760CE
:109870001426C2603B2702740224427404218274BD
:10988000082388E8E000066240F61206C0E90954A1
:10989000C0E90D61C0E90F13C0E911134FF00D0CC1
:1098A000C0E90BC4C0E91314C0E91513C36503660E
:1098B000C0E91921FCF7C2FA002803D0BDE8F04145
:1098C000F9F7DBBEBDE8F08100D40040307301241D
:1098D00010B55649B2B0564807F034FE55495648BF
:1098E0000B68002243F080730B604260016841F016
:1098F0000101016051491C226846F7F797F90021E0
:1099000068461EF060FC4E4C1C224C491C316061C4
:1099100007A8F7F78BF9002107A81EF054FC474968
:109920001C22A0610EA83831F7F780F900210EA89B
:109930001EF049FC41491C22E06115A85431F7F79B
:1099400075F9002115A81EF03EFC3C491C2220623E
:109950001CA87031F7F76AF900211CA81EF033FC2F
:1099600036491C22606223A88C31F7F75FF9002189
:1099700023A81EF028FC31491C22A0622AA8A83185
:10998000F7F754F900212AA81EF01DFC606090B181
:109990006069C0B1A069F0B1E06920B3206A50B33A
:1099A000606A80B3A06A78B3264A2749274824F022
:1099B000A7FD32B010BD502080F31188BFF34F8F48
:1099C000BFF36F8FFEE7502080F31188BFF34F8FF6
:1099D000BFF36F8FFEE7502080F31188BFF34F8FE6
:1099E000BFF36F8FFEE7502080F31188BFF34F8FD6
:1099F000BFF36F8FFEE7502080F31188BFF34F8FC6
:109A0000BFF36F8FFEE700E007E0502080F311887E
:109A1000BFF34F8FBFF36F8FFEE7502080F31188A5
:109A2000BFF34F8FBFF36F8FFEE700007F36000854
:109A300077360008FCED00E0001000E06405030844
:109A4000000001241D9C0008E99B0008B59B00084C
:109A50002DE9F04786B014216846F7F743F93A48F4
:109A6000016841F080010160016801F08001059109
:109A7000016841F008010160016801F008010591E9
:109A8000016841F001010160016801F001010591E7
:109A9000016841F002010160016801F002010591D5
:109AA000016841F01001016000680122DFF89C802C
:109AB000D50300F01000294605904046FCF7B4FDA0
:109AC000DFF88C904FF44066002231464846FCF7A0
:109AD000ABFDDFF880A06F11002239465046FCF73D
:109AE000A3FD002469460120CDE90104404600950C
:109AF0000394FCF78BFC694648460096FCF786FC0D
:109B0000694650460097FCF781FC0321124E202045
:109B1000CDE9000169463046FCF778FC082069462B
:109B200000904846FCF772FC802069460090504641
:109B3000FCF76CFCCDE90054694630460294FCF712
:109B400065FC06B0BDE8F087E044025800100258FA
:109B500000040258000C025800000258104901226B
:109B6000104810B501F0E0FA08B1F9F786FD0E498A
:109B70000C4801F0F8FC08B1F9F77FFD0B490948E2
:109B800001F06CF808B1F9F778FD064801F070FDB6
:109B900008B1F9F772FDBDE81040FDF7AFBB00005A
:109BA000300001241C7401249C0101249000012434
:109BB000FEE7FEE70A48002108B500918069002809
:109BC0000DD0694625F00AFF0098002807D0054906
:109BD0004FF080500860BFF34F8FBFF36F8F08BD09
:109BE0000000012404ED00E00A48002108B50091BE
:109BF000C06900280DD0694625F0F0FE00980028C5
:109C000007D005494FF080500860BFF34F8FBFF376
:109C10006F8F08BD0000012404ED00E00A48002118
:109C200008B50091006A00280DD0694625F0D6FEDF
:109C30000098002807D005494FF080500860BFF316
:109C40004F8FBFF36F8F08BD0000012404ED00E0CB
:109C50000148FCF74DBF0000188B01242DE9F041AD
:109C6000044680790D462027236801284FF40046DA
:109C700004F29C4203EB4511D3F840C0D1F8080B25
:109C800009D0DFF89CE0F4453AD1020433D500BF97
:109C9000C1F8086B40E0234B5FEA007E04D59C4589
:109CA0003AD90004F4D437E05FEA806E02D5C1F8F7
:109CB000087B31E010F0280F2ED19C4501D900041B
:109CC000E6D4D1F8101B05EBC50004EB8000C1F30E
:109CD0001201D0F87432A3EB0101C0F8681200F54C
:109CE0001570ADB903691BB1C2681144C1600FE0C2
:109CF000206801210AE080060AD5C1F8087B07E048
:109D000035B9D4F8640218B90021184602F030F8C9
:109D10002046E9B2FCF7D7FD0020BDE8F081000045
:109D20000A31544F0A30544F2DE9F84F0E4605685A
:109D3000814601EBC60100EB8104D4E9092014340B
:109D4000904202D90120BDE8F88FA168101A814223
:109D500000D20846C01C05EB461887081BE000BF70
:109D6000A268A0EB010A524500D2924699F806106B
:109D70000AF1030000911FFA8AF3E1688708284678
:109D8000F2B202F035FBE16801EB0A00E0606169C4
:109D900001EB0A006061D8F8180980B2B84205D317
:109DA000D4E90401814201D20028D9D1D4E90401C7
:109DB000884208D8D5F83418012006F00F029040E8
:109DC0008143C5F834180020BDE7000070B50600D7
:109DD00001D000241EE0502080F31188BFF34F8F84
:109DE000BFF36F8FFEE700BF04EB440000EBC4102D
:109DF00006EB800525F0E4FC95F80A02C8B1B5F839
:109E00000812012828461AD024F098FB25F0F8FC07
:109E1000641CE4B296F81804A042E5D80A48006A27
:109E200000280FD00023BDE870400222194626F01A
:109E30003BB8B5F80812284624F070FBE6E724F09A
:109E400075FBE3E770BD0000000001242DE9F04739
:109E5000454D044689464FF0000A2868C0438007F4
:109E60000AD0414E283E306820F080603060FCF718
:109E7000E1FB0746B04608E00120BDE8F08700BFDF
:109E8000FCF7D8FBC01B022867D8D8F800000001F7
:109E9000F6D4206829684FF4FE0721F47C313E0295
:109EA00041EA00302860207AA389B4F804C0400257
:109EB0002D4D2D495B1E227CACF1010C1035091D86
:109EC000A0F5007080B2521ECCF3080C07EA0343E1
:109ED00040EA0C00184306EA026210432860086852
:109EE000626920F0C000104308600A68A06922F08F
:109EF000200202430A60281D0A6822F010020A604C
:109F000002684FF6F873E4699A4342EAC4020260B9
:109F10000868B9F1000F40F010020A6011D008681B
:109F2000B9F1010F11D040F400100860D8F800001A
:109F3000444640F08060C8F80000FCF77BFB054613
:109F40000DE0086840F40020EFE740F48010ECE7F3
:109F5000FCF770FB401B022801D903208DE7206825
:109F60000001F5D5504688E7284402582DE9F0470E
:109F7000454D044689464FF0000A2868C0438007D3
:109F80000AD0414E283E306820F080503060FCF707
:109F900051FB0746B04608E00120BDE8F08700BF4E
:109FA000FCF748FBC01B022867D8D8F800008000E7
:109FB000F6D4208829684FF4FE0721F07C713E0218
:109FC00041EA00502860207AA389B4F804C0400216
:109FD0002D4D2D495B1E227CACF1010C1835091D5D
:109FE000A0F5007080B2521ECCF3080C07EA0343C0
:109FF00040EA0C00184306EA026210432860086831
:10A00000626920F44060104308600A68A06922F485
:10A01000007202430A60281D0A6822F480720A60F6
:10A0200002684FF6F873E4699A4342EAC402026098
:10A030000868B9F1000F40F480720A6011D0086816
:10A04000B9F1010F11D040F080700860D8F800001D
:10A05000444640F08050C8F80000FCF7EBFA054693
:10A060000DE0086840F48000EFE740F40000ECE702
:10A07000FCF7E0FA401B022801D903208DE7206895
:10A080008000F5D5504688E72844025813F0B6BC46
:10A0900010B5026840F26F335169946944F00804C6
:10A0A00094610268946944F0100494610268146831
:10A0B00024F001041460026814699C43146102686E
:10A0C000936823F44043936090F88120042A0CD0D5
:10A0D0008A060AD5D0F8842042F08002C0F8842095
:10A0E0000268936943F02003936190F88120032A6A
:10A0F0000CD04A060AD5D0F8842042F00402C0F8F9
:10A1000084200268936943F0400393618A050AD56D
:10A11000D0F8842042F00102C0F8842002689369DC
:10A1200043F400739361C9050AD5D0F8841041F057
:10A130000801C0F8841001688A6942F480728A615B
:10A140000021A0F86210A0F86A1010BD10B5806B55
:10A1500000210122A0F86A10A0F8621080F8812086
:10A16000FEF78CFD10BD10B5846BFAF733FC0228A6
:10A170000ED02046FFF78CFFD4F88410012041F068
:10A180001001C4F8841084F881002046FEF776FDA3
:10A1900010BD10B5806BFFF75DF910BD10B5806B79
:10A1A00090F88110072909D0816FC969B1F5807FC6
:10A1B00005D00068016941F00801016110BDFFF799
:10A1C0002BF910BD2DE9F0411C4616460D460746F9
:10A1D000DDF818800AE000BFFCF72CFAA0EB0800BD
:10A1E000A04202D3601C01D00BE054B13868406932
:10A1F00035EA000007D00020B042EDD00020BDE8D5
:10A20000F0810320FBE70120F6E70178407841EA7E
:10A21000002070479AB025F0B9FEDFF8D890DFF83B
:10A22000D8A0DFF8D880DFF8D8B01890D9F800208F
:10A23000D8F80470B2FBFAF6F8F76AFF04460D4648
:10A2400006F0C8FC60B1DBF81C0048B10023022214
:10A25000194625F029FE03E0002015A924F07EF818
:10A2600015A806F0BDFA0028F6D1684606F098FA5F
:10A2700088B10721684624F079F860B122462B4660
:10A2800006F0E2FB38B1DBF81C0020B1002302220B
:10A29000194625F009FE19AB204615AA294606F0F5
:10A2A0005DF9012804D19DF8640015A924F056F841
:10A2B000072024F005F8C6B1D8F804105846DBF89A
:10A2C0000820C91BB1FBF6F1914200D981600178E9
:10A2D00039B1D0E90321791AB1FBF6F1914200D9E5
:10A2E000C160012107618BF80010042118A825F036
:10A2F0002FFB9BE7B000012440420F00001000E05C
:10A3000000000124DFF858804FF080560EB54FF062
:10A31000FF39002411E000BFF8F7FAFE05460F46AA
:10A3200025F04EFA2A463B46684606F06FFB25F0BC
:10A3300067FA641CE4B2202C0BD2684623F0BAFF03
:10A340000028E9D0202C04D20120494624F0DAFE6E
:10A35000DFE7C8F80060BFF34F8FBFF36F8FD8E718
:10A3600004ED00E028480BF057FA274C06210220A4
:10A3700084F88C1684F88D0609F0E4FD234920301A
:10A380000863FCF757F9014604F5D4600AF04CFB6A
:10A3900013F0B4F81E4800210AF05CFA1D4D6870F5
:10A3A000FCF748F9C5F81000FCF744F91AF050FD25
:10A3B00023F032FC94F8C104B0B994F8C20498B9FF
:10A3C00094F8C30480B994F89A0668B994F89D0685
:10A3D00050B994F86F06012806D0FCF72BF91AF053
:10A3E0003BFD08B10120A870287848B1687838B1E1
:10A3F0001AF0D8FC20B1084800210AF02BFA687046
:10A4000005201DF0D4FECFE7A89F022484B20224C9
:10A410005DA60108F801012495A60108BAB025F04F
:10A42000B5FD4FF000094FF0FF3A0DF1B00BC846F3
:10A430004F46379023F0E0FF40491C220446554622
:10A4400024A8F6F7F3FB88216846F6F74BFC3C4856
:10A45000002641692C9181692D91C1692E91016A73
:10A460002F91416A3091816A31914068CDF8C800DE
:10A470005BF8260060B125F055F9694601EBC6018D
:10A4800024AAA842086552F826204A6500D205464B
:10A49000761CF6B2072EEBD3A1690091E168019119
:10A4A000A16802912169039161690491E1690591B3
:10A4B000216A0691616A0791A16A0891E16A09918E
:10A4C000216B0A91616B0B91A16B0C91E16B0D916A
:10A4D000216C0E91616C0F91A16CCDE9101A12954F
:10A4E00025F00AFC1390684608F07CF8A168002566
:10A4F000494500D901256069404501D945F002056B
:10A50000226CBA4201D945F00405894680461746B7
:10A510007DB1F8F7FDFD02460B46284606F0B4FA79
:10A5200038B10748406920B100230222194625F0BE
:10A53000BBFC642137A825F00BFA7BE7280603084B
:10A5400000000124ADF5C56DFFF708FB4FF0FF36A5
:10A5500000243146012024F0D5FD02E001A8FFF7D8
:10A5600035FC01A806F076F90028F7D1F8F7D0FD00
:10A5700005F00EF8002540F2012800BF0DF224621C
:10A5800041460DF58460ADF8245623F0BFFF070067
:10A5900002D0052F12D018E0F8F7BAFD01AF02463D
:10A5A0000DF584600B46BDF82416009706F010FAEE
:10A5B00001A8FFF70BFC641CE4B20AE001A805F057
:10A5C00005FE10B901A8FFF701FC641C052FE4B2D9
:10A5D00001D1042CD2D3F8F79BFD01AA05F0F8FDB8
:10A5E00010B101A8FFF7F2FBF8F792FD04F0D0FFDD
:10A5F000042CADD30548002302221946C06925F07A
:10A6000053FC012025F07EF9A2E7000000000124A0
:10A6100008B525F0BBFC074C0090E06920B1002391
:10A620000222194625F040FC0A21684625F090F9DF
:10A63000F3E70000000001240121084624F062FD38
:10A6400023F096FFF8E70000502010B580F3118842
:10A65000BFF34F8FBFF36F8F25F09EFC18B10449F5
:10A660004FF080500860002080F3118810BD00007A
:10A6700004ED00E030B59DB04C216846F6F732FBA2
:10A68000202113A8F6F72EFB0220FCF70DFE1F4831
:10A69000016821F4404101600168002401F4404157
:10A6A0001B9101688904FCD50220099028252122EC
:10A6B0000092C3030193012106910A900C23CDE976
:10A6C0000B050FAD062285E8190012946846CDE906
:10A6D0000D12FEF73FF808B172B6FEE740201A905F
:10A6E00008230501CDE9163013ABCDE918053F214C
:10A6F000032283E8160013A81146FDF7EDFD00289C
:10A7000001D072B6FEE71DB030BD000018480258F7
:10A710002748F0B5274A016841F4700101601068CC
:10A7200000F00F00072804D2106820F00F00C01DB1
:10A73000106021490020204C10340B681F4D43F05D
:10A7400001030B6020600B682B400B60136803F063
:10A750000F03072B04D9136823F00F03DB1D1360CD
:10A76000154C174A1834174B261D371D2060124C04
:10A77000154D28343060261D3860371D23603B1D81
:10A7800035601C1D3A60251D2E1D1860331D22608A
:10A790002860326018600A6843F2D204064B0B4D01
:10A7A00022F4802260330A6018602C60F0BD000043
:10A7B00088ED00E000200052004402587FEDF6EAE8
:10A7C00080020101000202020000FF01004000526D
:10A7D0000148FEF7C8BE0000D07301242DE9F04700
:10A7E0002D4B4FF0804A2D4D026898422C4E2D4F34
:10A7F0002D4C09D0504507D0A84205D0B04203D017
:10A80000B84201D0A04205D1D1F804C022F07002B4
:10A810004CEA0202DFF894C0DFF894809842DFF837
:10A82000949015D0504513D0A84211D0B0420FD00B
:10A83000B8420DD0A0420BD0604509D0404507D0AA
:10A84000484505D01C4DA84202D01C4DA84203D15A
:10A85000CD6822F440722A434D6922F080022A43D7
:10A86000026098428A68C2620A68826207D0A04287
:10A8700005D0604503D0404501D0484501D1096964
:10A880000163012141610169C90703D0016921F018
:10A8900001010161BDE8F0870000014000040040B3
:10A8A00000080040000C004000040140004001404E
:10A8B000004401400048014000E0004000E4004046
:10A8C0002DE9F0410C46D0F8D412D0F8C83200EB94
:10A8D0008101D1F8C01229B304F00F02002702EB66
:10A8E000820500EB8506B5694DB102EBC20203EBB0
:10A8F0008202D269B5FBF2F302FB1352A2B1C1F896
:10A900001472D0F8D42200EB8200D0F8C40203699C
:10A910002BB1D1F8080201F50471224698470020B6
:10A92000BDE8F0810320FBE7002321461A46B7610A
:10A9300000F0FBFDF3E770B50546D0F8D40205EB57
:10A940008000D0F8C04294B1284600F0C8FCC4F89A
:10A950000C02D5F8D40205EB8000D0F8C412D4F86C
:10A960000402CA6804F503719047002070BD0320FB
:10A9700070BD000070B5224D0446297800F0F0FB50
:10A980002878002600F00F0000EB800004EB800028
:10A9900086842046697800F0E3FB687800F00F00B9
:10A9A00000EB800004EB8000A0F864612046A978E9
:10A9B00000F0D6FBA87800F00F0000EB800004EB5D
:10A9C00080008684C684D4F8D40204EB8000D0F8DA
:10A9D000C01299B1D0F8C40240688047D4F8D402BC
:10A9E00004EB8000D0F8C00200F0C7FFD4F8D40216
:10A9F00004EB8000C0F8C062C4F8BC62002070BDE7
:10AA00004801012410B5D0F8D41200EB8100D0F831
:10AA1000C04284B1D0F8C41259B194F80002FF28A2
:10AA200007D08B68214694F801229847FF2084F8CC
:10AA30000002002010BD032010BD00000A2101808B
:10AA4000004870474C01012470B5822106460D482C
:10AA500000F092FA012105460A4800F08DFA8121A2
:10AA60000446084800F088FA0DB11021A9714FF092
:10AA7000400104B1A18000B18180432030800148B1
:10AA800070BD00005801012470B5822106460D48B2
:10AA900000F072FA012105460A4800F06DFA8121A2
:10AAA0000446084800F068FA0DB11021A9714FF46E
:10AAB000007104B1A18000B1818043203080014841
:10AAC00070BD00005801012470B5822106460D4872
:10AAD00000F052FA012105460A4800F04DFA8121A2
:10AAE0000446084800F048FA0DB11021A9714FF052
:10AAF000400104B1A18000B1818043203080014831
:10AB000070BD0000580101242DE9F0474FF407758E
:10AB10000446284600F032FF06004FF0000965D0D9
:10AB20002946F6F7DFF8D4F8D40201273C4D4FF45C
:10AB3000007A4FF0100804EB8000C0F8C062C4F83F
:10AB4000BC62207CF0B3297840230222204600F02A
:10AB500036FC2878402300F00F0000EB800004EB67
:10AB60008000878402226978204600F028FC6978FA
:10AB700008230322204601F00F0101EB810104EBC1
:10AB80008101A1F86471A97801F00F0101EB810145
:10AB900004EB8101A1F82680A97800F010FCA978C7
:10ABA000C84601F00F0101EB810104EB81018F84A4
:10ABB000C6F80492D4F8D40204EB8000D0F8C402A2
:10ABC000006800E01AE006F501768047C6F81080BC
:10ABD000C6F8148032687AB1207CF8B140236978D5
:10ABE000204600F0F8FB0020BDE8F087D4F8D4122E
:10ABF00004EB8101C1F8C0920220F5E72978022216
:10AC00005346204600F0DBFB2878534600F00F0047
:10AC100000EB800004EB80008784A3E75346DEE767
:10AC20004801012410B5D0F8D41200EB8101D1F80D
:10AC3000C01259B1027C084C002AD1F8042207D076
:10AC40004023617800F0C7FB002010BD032010BD39
:10AC50004FF40073F5E700004801012439B1D0F842
:10AC6000D42200EB8200C0F8C412002070470320F9
:10AC70007047D0F8D42200EB8200D0F8C00218B19F
:10AC8000C0F804120020704703207047D0F8D43277
:10AC900000EB8300D0F8C00228B1C0F81022C0F841
:10ACA000081200207047032070472DE9FC4106463A
:10ACB000D0F8D4020C46002106EB80000D46D0F8F7
:10ACC000C0728DF80010ADF8041037B1217811F082
:10ACD00060022CD0202A48D102E00320BDE8FC818C
:10ACE000E288E2B109060BD5D0F8C4023946836880
:10ACF00060789847E288072A00D9072239462CE075
:10AD0000607887F80002E088402800D34020394668
:10AD1000C2B2304687F8012200F07FF82AE0D0F86E
:10AD2000C4020022214683686078984722E0607858
:10AD300030B101281ED00A2809D00B2815D110E007
:10AD400096F89C02032810D1022201A905E096F88A
:10AD50009C02032809D101226946304600F077F8A9
:10AD600008E096F89C02032804D02146304600F003
:10AD700049F803252846B1E710B5D0F8D41200EB06
:10AD800081020121D2F8C0221AB1D2F8143213B1D3
:10AD900016E0032010BD0B490123C2F81432D2F88B
:10ADA0001032097801F00F0404EB840400EB8404F2
:10ADB000A361D2F81032D2F8082200F0B6FB0021CD
:10ADC000084610BD4801012410B5D0F8B82200246F
:10ADD0005268904700B10324204610BD0020704700
:10ADE0000020704713460A46002110B500F0F3FA20
:10ADF000002010BD13460A46002110B500F095FB57
:10AE0000002010BD10B58021044600F06FFB2046E5
:10AE1000BDE81040002100F069BB10B5C0F8582112
:10AE20000323C0F89432C0F85C2113460A4600217F
:10AE300000F0D1FA002010BD10B50521C0F8941221
:10AE400000231A46194600F0C6FA002010BD10B5BE
:10AE500082610223C0F89432C26113460A4600217F
:10AE600000F063FB002010BD10B50421C0F894125F
:10AE700000231A46194600F058FB002010BDF8B513
:10AE800004460D460020ADF800004888010A062956
:10AE900047D006DC01290FD0022912D0032962D144
:10AEA0001DE0072946D00F295DD1D4F8B402C2694C
:10AEB00020E0694690473BE0D4F8B412207C0A6851
:10AEC000F7E7207C02260028D4F8B80205D0C16A32
:10AED000684688470146467036E0816AF8E7C0B2A6
:10AEE000062840D2DFE800F003090D111519D4F847
:10AEF000B4024268B2B3207CDBE7D4F8B4028268C3
:10AF0000F8E7D4F8B402C268F4E7D4F8B4020269EE
:10AF1000F0E7D4F8B4024269ECE7D4F8B4028269ED
:10AF2000E8E7207CF0B9D4F8B802416B684688475E
:10AF3000014609E0207CA8B9D4F8B802016B684644
:10AF40008847014607204870EA888AB1BDF80000AA
:10AF500040B1824200D902462046ADF80020FFF7FA
:10AF600076FFF8BDFFE729462046FFF74BFFF8E7DD
:10AF70002046FFF779FFF4E778B542880D4601785F
:10AF8000002604468A4212D9ADF800100AE069464C
:10AF900000F019F84178052904D181780646A942C4
:10AFA00005D000266188BDF800209142EFD83046D8
:10AFB00078BD002102E0491C401CC9B20278002A79
:10AFC000F9D1084670470A8803781A440A80017844
:10AFD0000844704770B5002816460D4620D0044638
:10AFE000FFF7E7FF02220146100202EB4101814216
:10AFF00004D82046FFF7DDFF4000801C3080337806
:10B00000032102202B700022697006E0431C2954A2
:10B01000D8B2411C641C2A54C8B221780029F5D149
:10B0200070BD01004FF0000004D0012901D00229B9
:10B0300001D00320704701207047000004A00A4699
:10B04000024910B5FFF7C6FF004810BDF87601248D
:10B0500043444320436F6E666967000012200880F6
:10B06000004870475400012404A00A46024910B564
:10B07000FFF7B0FF004810BDF87601244344432099
:10B08000496E746572666163650000000420088083
:10B09000004870475000012404A00A46024910B538
:10B0A000FFF798FF004810BDF876012453544D690E
:10B0B00063726F656C656374726F6E6963730000B1
:10B0C00004A00A46024910B5FFF784FF004810BDEE
:10B0D000F876012453544D333220566972747561E9
:10B0E0006C20436F6D506F727400000010B51A2011
:10B0F00008800B480A490830021F09680068146874
:10B10000081809D007490822FEF7E0FA0549042289
:10B1100020461031FEF7DAFA0248801E10BD00000A
:10B1200000E8F11F7600012478B10023C0F8B8329E
:10B13000C0F8C432C0F8D03209B1C0F8B41201214D
:10B14000027080F89C1200F0CFB80320704710B551
:10B15000D0F8C802FBF7F9FBBDE81040FFF761BF6C
:10B1600010B5D0F8C802FBF7CBFBBDE81040FFF7E5
:10B1700058BF2DE9F041174604464FF0000521B1B4
:10B1800094F89C02032842D04CE0D4F8941204F1C5
:10B190001400022935D1D0E902639E4206D9F21A81
:10B1A000394682602046FFF725FE0FE0B34214D1F6
:10B1B0004068984211D3D4F8981288420DD20022E8
:10B1C00020461146FFF716FEC4F8985200231A468F
:10B1D0001946204600F0FFF813E094F89C0203287B
:10B1E00008D1D4F8B802C16821B1C4F8D452C168FA
:10B1F000204688478021204600F078F92046FFF756
:10B200001BFE94F8A00268B184F8A0520AE0D4F8BA
:10B21000B802426932B1C4F8D4524269204690471C
:10B22000002800D10020BDE8F08170B51346044627
:10B230004FF0000221B194F89C02032830D03AE08C
:10B24000D4F8941204F5AA70032934D1D0E902513C
:10B250008D420AD96A1A82600846824200D30246A9
:10B2600019462046FFF7BEFD25E094F8AA0210F02B
:10B270001F0003D0012802D0022800D0002294F839
:10B280009C02032808D1D4F8B802016921B1C4F89E
:10B29000D4220169204688472046FFF7E5FD0AE0F1
:10B2A000D4F8B802836933B1C4F8D4228269204645
:10B2B0009047002800D1002070BD0020704710B5D5
:10B2C000D0F8B812012280F89C22002429B1037919
:10B2D0004A68D9B2904700B10324204610BDD0F887
:10B2E000C802FBF75FBB000070B50178012929D1C6
:10B2F00015490925154C02230022C1F8E004C0F8C5
:10B30000C81208460C600D71CB718A714B728A723B
:10B31000CA720A738A73CA730A74FBF7BBFE08B158
:10B32000F8F7ABF908484FF40071FBF798FA0648B4
:10B3300080220021FBF797FA034801214FF4BA72EB
:10B34000FBF791FA002070BD188B01240000044027
:10B35000D0F8C82201F07F000B0600EBC00002EB22
:10B36000800001D5807D704790F85602704710B577
:10B37000D0F8D42200EB8202D2F8B82222B190F8A1
:10B380009C32032B02D004E0032010BD126A02B1EC
:10B390009047002010BD10B5D0F8D42200EB8202F7
:10B3A000D2F8B82222B190F89C32032B02D004E0EC
:10B3B000032010BD526A02B19047002010BD10B5A5
:10B3C0001C46D0F8C80213462246FBF7F4FABDE843
:10B3D0001040FFF726BE10B5D0F8C802FBF71AFBE5
:10B3E000BDE81040FFF71DBE2DE9F04104460125E0
:10B3F0000020D4F8B812064684F89C52C4F894028F
:10B400006060C4F8A40284F8A00231B14A6822B195
:10B4100000212046904700B1032620460022402309
:10B420001146FFF7CCFF4027A4F8645100223B46A9
:10B4300080212046C4F86071FFF7C1FFA584304623
:10B440002762BDE8F08190F89C12042903D190F89E
:10B450009D1280F89C120020704710B590F89C1245
:10B46000032905D1D0F8B81211B1C96901B18847D3
:10B47000002010BD01740020704710B5D0F8C8023C
:10B48000FBF7BEFEBDE81040FFF7CBBD70B504462C
:10B4900000F2AA20054600F051F894F8AA02012310
:10B4A000B4F8B01210F01F02C4F89432C4F8981225
:10B4B0000AD0012A0ED0022A12D000F080012046C4
:10B4C000BDE8704000F012B829462046BDE8704043
:10B4D00000F0D0B829462046BDE8704000F013BA0D
:10B4E00029462046BDE8704000F05BB910B5D0F8A1
:10B4F000C802FBF7A9FABDE81040FFF792BD10B5EE
:10B50000D0F8C802FBF796FEBDE81040FFF789BDF2
:10B5100090F89C12042903D090F89C1280F89D1298
:10B52000042180F89C120020704710B5D0F8C802A2
:10B53000FBF7C3FABDE81040FFF773BD70B50546D1
:10B5400008788C1C2870487868702046FEF75DFEED
:10B55000A41C68802046FEF758FEA880A01CFEF7B9
:10B5600054FEE88070BD38B504460020ADF80000F8
:10B57000A1B1C4F8B812D4F8D40204EB8000D0F81A
:10B58000B802C16A19B168468847C4F8D002D4F835
:10B59000D802401CC4F8D802002038BD032038BDB2
:10B5A000D0F8B83202460020002B02D01B681046AB
:10B5B000184770472DE9F0412C4E04468878002545
:10B5C0008846C1B20129317006D941462046FFF7AD
:10B5D00019FC0320BDE8F08194F89C0202270228A0
:10B5E0000CD003281DD041462046FFF70BFC3178D4
:10B5F0002046FFF7E9FB03252846EBE789B3204601
:10B600006160FFF7CDFF050004D041462046FFF7FB
:10B61000F9FB1DE02046FFF727FC032084F89C027D
:10B62000EAE7C1B1606888421BD0C1B22046FFF78B
:10B63000CBFB317820466160FFF7B2FF050010D0E8
:10B6400041462046FFF7DEFB21792046FFF7BCFB91
:10B6500084F89C72D0E7616084F89C722046FFF702
:10B66000B3FB2046FFF700FCC6E7000044010124BD
:10B67000FFF745BF2DE9F0410A784FF0000512F0C1
:10B6800060020CD0202A01D0402A7DD1D0F8D422EB
:10B6900000EB8202D2F8B8229268904731E04B78F2
:10B6A000002201260A2B6FD2DFE803F041666E58B4
:10B6B0006E08056E2D29FFF7E2FB67E004468888D7
:10B6C000D8B9C888C8B94888802816D294F89C226E
:10B6D00000F07F07032A10D03946204684F89E7276
:10B6E000FFF7CBFE2046FFF7BFFB1FB1022084F817
:10B6F0009C024BE084F89C6248E0204644E0FFF75F
:10B7000059FF054642E0CB88012B3DD190F89C3291
:10B71000012B04D0022B02D0032B35D104E000F121
:10B7200008018260012216E00122011D13E090F859
:10B730009C22012A03D0022A01D0032A24D1CA88DC
:10B74000022A21D1D0F8A412C66009B10321C16038
:10B75000022200F10C01FFF77AFB17E04A88012A68
:10B7600002D0022A03D00FE0C0F8A46216E0898854
:10B77000090A80F8A01211E090F89C32012B08D041
:10B78000022B06D0032B04D0FFF73CFB2846BDE874
:10B79000F08149880129F9D1C0F8A422FFF764FBA0
:10B7A000F4E72DE9F0410A780E460979054612F0D2
:10B7B00060004FF00008CCB20BD0202801D0402808
:10B7C0006AD121462846FFF709FBFF2800D0D8B3ED
:10B7D00096E07078C8B3012824D003285CD195F88E
:10B7E0009C02022802D0032856D10CE0002C53D032
:10B7F000802C51D021462846FFF778FE802128462C
:10B80000FFF774FE7CE0708840B93CB1802C05D015
:10B81000F08818B921462846FFF768FE2846FFF74A
:10B8200023FB6DE095F89C020228DFD0032863D14A
:10B83000708880BB600603D021462846FFF787FC4E
:10B840002846FFF711FBBCE700E00AE0C5F8D40288
:10B85000D5F8B8028268F2B1314628469047804652
:10B860004EE095F89C020027022802D0032843D11D
:10B8700013E00CB1802C3FD1200604F07F0000EBD8
:10B88000800005EB800101D5143101E001F5AA71BA
:10B8900002220F602CE033E02EE0200604F00F00BF
:10B8A00000EB800005EB800009D5808C20B304F00C
:10B8B0007F0000EB800005EB800614360AE0B0F84C
:10B8C0006401C8B104F07F0000EB800005EB800646
:10B8D00006F5AA764CB1802C07D021462846FFF702
:10B8E00037FD10B10120306000E0376002223146A0
:10B8F0002846FFF7ACFA03E031462846FFF782FA04
:10B900004046BDE8F08170B5054608780E464FF018
:10B91000000410F0600003D0202801D0402827D177
:10B9200095F89C02012803D0022801D003281FD1DA
:10B93000B088C1B201291AD8C1B22846FFF750FA1F
:10B94000FF280CD058B9D5F8B8128A683AB1C5F8B2
:10B95000D40228468A6831469047044600E0032412
:10B96000F088204307D12846FFF77EFA03E03146EE
:10B970002846FFF747FA204670BD704700487047D9
:10B98000F888012470B54D7801230A78012D1C4CEC
:10B9900002F00F0503FA05F3D0F81C5817D000EB9E
:10B9A000421245EA0343C0F81C38D2F8000B0004E9
:10B9B0000BD40B890979D2F8000BC3F30A0318439F
:10B9C00044EA81410843C2F8000B002070BD9EB2DA
:10B9D0003543C0F81C5800EB4213D3F800090004AB
:10B9E000F3D40D890979D3F80009C5F30A05890450
:10B9F000284341EA825108432043C3F80009E4E7A1
:10BA000000800010D0F800196FF30A01C0F8001987
:10BA1000D0F8041841F48071C0F804180020704771
:10BA200070B50D460446C2F307211E46049801294D
:10BA300022D0E06840F04000E060204600F03CF892
:10BA4000C6F307210029A16B2ED021F48031A16318
:10BA5000C5F3074101290ED1E16D154A89B2E165AF
:10BA6000E16D1143E165A16841F00601A160A168A3
:10BA700041F02001A16070BDA26BC3B20D49012B42
:10BA800022F48030A063E06800EA0100E060E06832
:10BA900020F44010E06003D1E06840F48010E060E2
:10BAA000204600F009F8D3E741F48031CFE70000E9
:10BAB0000000EE03BFFFBDFF08B500214FF070622C
:10BAC0000091009B5B1C009393420CD80369002BF0
:10BAD000F7DA0091016941F0010101610099491C07
:10BAE0000091914201D9032008BD0169C907F5D130
:10BAF000002008BD70B50A7801234C78012C00EBBA
:10BB000042122CD0D2F8004B002C0BDAD2F8004BAA
:10BB100044F00064C2F8004BD2F8004B44F080447B
:10BB2000C2F8004B0C78D0F83C5804F00F0403FA2C
:10BB300004F425EA0444C0F83C480978D0F81C48CD
:10BB400001F00F018B401C4924EA0343C0F81C3864
:10BB5000D2F8000B0840C2F8000B002070BDD2F8EC
:10BB60000049002C0BDAD2F8004944F00064C2F816
:10BB70000049D2F8004944F08044C2F800490D78E9
:10BB8000D0F83C4805F00F050C4E03FA05F5ADB2B0
:10BB9000AC43C0F83C48D0F81C48097801F00F01CC
:10BBA0008B4099B28C43C0F81C48D2F80009304051
:10BBB000C2F80009D1E700000078F3EF007833EC19
:10BBC000D0F8001E21F00301C0F8001ED0F80418C0
:10BBD00021F00201C0F8041800207047D0F8001EC0
:10BBE00021F00301C0F8001ED0F8041841F0020152
:10BBF000C0F80418002070472DE9F04F00250F46CB
:10BC0000904604462E46284604EB8001C1F80451B4
:10BC1000401C0F28F8D3C3F307405FEA0009204611
:10BC200010D0806B40F40011C4F83810C8F307201E
:10BC3000C4F8005E0128204617D0D0F8001841F063
:10BC4000030119E0D0F8040840F00201C4F8041818
:10BC5000A06B20F40011A163206840F04001216036
:10BC6000206840F080012160E0E7D4F80018380E29
:10BC7000204601D041F00101C0F80018102100F069
:10BC800088FA00B10126204600F067FA00B10126CB
:10BC90004FF67F3A4FF0006CC4F810584FF0904BBD
:10BCA000C4F81458C4F81C580020FAB214E000BFBD
:10BCB00004EB4011D1F80039002B06DA10B1C1F8BD
:10BCC00000B904E0C4F800C901E0C1F80059C1F8A6
:10BCD0001059C1F808A9401C8242E9D8002013E09D
:10BCE00004EB4011D1F8003B002B06DA10B1C1F88B
:10BCF00000BB04E0C4F800CB01E0C1F8005BC1F870
:10BD0000105BC1F808AB401C8242E9D8D4F8100897
:10BD1000C7F30742002A6FF0804120F48072C4F814
:10BD20001028A561616103D1A06940F01000A061F5
:10BD3000A069C8F30741094A1043A06119B1A0697D
:10BD400040F00800A061B9F1010F03D1A0690449D6
:10BD50000843A0613046BDE8F08F000000383C8009
:10BD600004000040816821F00101816000207047DB
:10BD700010B5144C036CA34203D9D0F8003B002B40
:10BD80001EDB0023C0F8103B0129D0F8101B41F442
:10BD90000021C0F8101BD0F8101B41F01801C0F8AA
:10BDA000101BD0F8101B41F0C041C0F8101B07D188
:10BDB000C0F8142BD0F8001B41F08021C0F8001B04
:10BDC000002010BD0A30544F0B784A78012A00EB4E
:10BDD00043100BD0D0F8002B22F40012C0F8002B37
:10BDE0000979032914D0022912D017E0D0F80029CC
:10BDF00022F40012C0F800290979032901D0022990
:10BE00000CD1D0F8001941F08051C0F8001905E0BC
:10BE1000D0F8001B41F08051C0F8001B0020704793
:10BE20000A784B78D1B2012B00EB421012D0D0F837
:10BE3000002B002A06DB29B1D0F8001B21F080413D
:10BE4000C0F8001BD0F8001B41F40011C0F8001B23
:10BE500000207047D0F80029002A06DB29B1D0F86D
:10BE6000001921F08041C0F80019D0F8001941F400
:10BE70000011C0F80019EBE7F8B50B786FF06046D9
:10BE80004F788A4DDCB2012F00EB43132BD0D3F84F
:10BE9000107B002C07EAC544C3F8104BD3F8104BB5
:10BEA00004EA0504C3F8104B7ED00D69002D7CD048
:10BEB0008C6825446D1EB5FBF4F5ADB26C430C6285
:10BEC00006EAC545D3F8104B2C43C3F8104BD3F802
:10BED000104B0D6AC5F3120554EA0504C3F8104B64
:10BEE000012A6ED0C9E00F6937B3D3F810796FF328
:10BEF0001207C3F81079D3F8107907EA0507C3F8D9
:10BF000010794CB30F698D68D3F810C92F447F1E88
:10BF1000B7FBF5F506EAC54545EA0C05C3F8105927
:10BF20000E69D3F81059C6F312063543C3F81059F9
:10BF30000D79012D1CD027E0D3F810692E40C3F8ED
:10BF40001069D3F8105945F40025C3F81059D3F8F7
:10BF500010596FF3120515E00E698D68AE4200D9D5
:10BF60000D61D0F8106946F40026C0F81069D7E7D3
:10BF7000D3F8105925F0C045C3F81059D3F810591B
:10BF800045F00055C3F81059012A1BD000EB4413AB
:10BF9000D3F8004944F00444C3F800490C79012C5B
:10BFA00031D00A6972B301E042E055E00B78D0F875
:10BFB0003418012203F00F039A401143C0F83418DB
:10BFC00071E056E0CA691AB100EB4413C3F81429B2
:10BFD000097901290ED1D0F80818C90500EB4411E0
:10BFE000D1F8002902D442F0005201E042F0805220
:10BFF000C1F8002900EB4410D0F8001941F00441C9
:10C00000C0F800194FE0D0F80848E405D3F800491B
:10C0100002D444F0005401E044F08054C3F80049D5
:10C0200000920B8A0A78C9689BB200F0E1F93AE005
:10C030000C690CB18C680C618C680C62C4F312053D
:10C04000D0F8104B2C43C0F8104BD0F8104B44F4F0
:10C050000024C0F8104B43E78D68D3F8104BC5F3AC
:10C0600012052C43C3F8104BD3F8104B44F40024B2
:10C0700034E7CA680AB1C3F8142B097901290CD135
:10C08000D0F80808C005D3F8000B02D440F00050E7
:10C0900001E040F08050C3F8000BD3F8000B40F0F3
:10C0A0000440C3F8000B0020F8BD0000FFFF07E0CC
:10C0B00038B5002242F21074002300920A784D78BD
:10C0C000012D00EB421219D0D2F8005B002D3CDAB2
:10C0D000D2F8005B45F00065C2F8005B0A7800EB1F
:10C0E0004212D2F8005B45F08045C2F8005B009A2E
:10C0F000521C0092A24221D9012326E0D2F8005915
:10C10000002D22DAD2F8005945F00065C2F8005936
:10C110000A7800EB4212D2F8005945F08045C2F887
:10C120000059009A521C0092A242E5D80A7800EB0E
:10C130004212D2F80029002AF3DB06E00A7800EB6D
:10C140004212D2F8002B002AD1DB184638BD816894
:10C1500041F0010181600020704708B500214FF0D7
:10C1600070620091009B5B1C009393420AD80369A4
:10C17000002BF7DA0091102303610099491C00910C
:10C18000914201D9032008BD0169C906F5D40020F8
:10C1900008BD18B500224FF070630092009C641C2B
:10C1A00000949C420CD80469002CF7DA20240092F9
:10C1B00044EA811101610099491C0091994201D919
:10C1C000032018BD01698906F5D4002018BDD0F8F8
:10C1D000080810F0060004D0022803D0062801D079
:10C1E0000F20704702207047406900F0010070473F
:10C1F000D0F81818D0F81C08084080B27047D0F862
:10C200001818D0F81C080840000C704710B5D0F87A
:10C21000102801F00F0300EB4114D0F83418D4F8C3
:10C220000809D94001F0010142EAC111084010BDDE
:10C2300000EB4111D1F8081BD0F8140808407047F2
:10C2400041698069084070470346084630B5940844
:10C2500002F00301002203F5805303E01D68521C25
:10C2600040F8045BA242F9D300290CD01C680023DB
:10C27000491EDD00090403F10103090C24FA05F24B
:10C2800000F8012BF4D130BD70B50446C068012917
:10C290004FF0000520F0C040E06001D079B120E00F
:10C2A000E06840F00050E0600A20F9F735FA606974
:10C2B0000A3510F0010F10D1C82DF5D30DE0E0685C
:10C2C00040F08040E0600A20F9F726FA60690A35FC
:10C2D00010F0010F01D0C82DF5D3C82D01D00020DA
:10C2E00070BD012070BDD0F800284FF4FE6303EA52
:10C2F000011322F4FE62C0F80028D0F80018194398
:10C30000C0F8001800207047022A3ED1264A274B69
:10C310000A449A4201D20F2138E0254A254B0A44AB
:10C320009A4201D20E2131E0234A244B0A449A4218
:10C3300001D20D212AE0224A224B0A449A4201D21C
:10C340000C2123E0204B214A0B44934201D20B21C4
:10C350001CE01F4B1F4A0B44934201D20A2115E0F7
:10C360001D4B1E4A0B4493420FD31D4B1D4A0B44D9
:10C37000934201D2082109E01B4B1C4A1944914207
:10C3800001D2072102E0062100E00921C2684FF432
:10C39000705322F47052C26003EA8123C1681943CA
:10C3A000C160002070470000405327FF00350C009B
:10C3B000401E1BFF40420F0000DC0BFF804F1200AD
:10C3C000808CF9FE20D6130060B6E5FE60E316000F
:10C3D00000D3CEFE40771B00C05BB3FEC0912100AE
:10C3E00000CA91FE20753800E05459FEE09C4100DF
:10C3F00010B5029C74B900EB0232DB1C00209B08D4
:10C4000002F5805204E000BF51F8044B1460401C58
:10C410009842F9D3002010BDFEE703B40198410013
:10C42000009850EAC12018BF04204A0D18BF40F000
:10C43000010040F2FF72B2EB515F08BF40F0020012
:10C44000012808BF052002B07047000013B5054859
:10C450000199090DB0EB415F01D001201CBD002006
:10C460001CBD00000000E0FF6FEAD05010F0FF009C
:10C4700000D0012070476FEAD05010F0FF0000D0CC
:10C48000012070476FEAD05010F0FF0000D001206B
:10C4900070476FEAD05010F0FF0000D001207047C5
:10C4A0006FEAD05010F0FF0000D0012070476FEA13
:10C4B000D05010F0FF0000D0012070476FEAD0503C
:10C4C00010F0FF0000D00120704700280DDB41096B
:10C4D00000F01F02890001F1E0210120D1F80011D4
:10C4E0009040014201D001207047002070470907A9
:10C4F00000284FEA116104DB00F1E02080F800140D
:10C50000704700F00F0000F1E02080F8141D704724
:10C510002DED020B9FED340BDDE90010C0F30A5244
:10C520009FED331BA2F2FF32142A2DDA9DED002B72
:10C530009FED2D0B002A32EE000B10DAB4EEC01B7B
:10C54000F1EE10FA49D20028BCBF4FF000400021A4
:10C5500043DB50EA010218BF274813D13DE0274BC7
:10C56000D34000EA030C5CEA010C17D0B4EEC10B17
:10C57000F1EE10FA31DD002803DD4FF48011D140D7
:10C5800008449843002128E0332A07DCA2F1140371
:10C590004FF0FF3C2CFA03F3194203D19DED000B41
:10C5A00002B070479DED002B30EE420BB4EEC10B94
:10C5B000F1EE10FA11DD00280EDD142A08BF401C30
:10C5C0000AD0C2F134024FF0010C0CFA02F20A4414
:10C5D0008A4238BF401C11469943CDE900109DEDB9
:10C5E000000B02B0704700009C7500883CE4377E69
:10C5F00000000000000000000000F03FFFFF0F00FF
:10C6000010B52DED028BB0EE608AF0EE408A18EE88
:10C61000101A18EE900A23F015FE00F07040B0F1E9
:10C62000005F0CD018EE100A20F00040C0F1FF406F
:10C63000C00F02BFB0EE480ABDEC028B10BDB0EED9
:10C64000680ABDEC028B10BD10B52DED028BB0EE6B
:10C65000608AF0EE408A18EE101A18EE900A23F065
:10C66000F1FD00F07040B0F1004F0CD018EE100A50
:10C6700020F00040C0F1FF40C00F02BFB0EE480AFA
:10C68000BDEC028B10BDB0EE680ABDEC028B10BD94
:10C6900010B52DED028BB1EEC08A18EE100A20F015
:10C6A0000040C0F1FF40C00F0AD010EE100A20F089
:10C6B0000040C0F1FF40C00F04BF0120F4F7B1FB00
:10C6C000B0EE480ABDEC028B10BD00000000000077
:10C6D00000B583B09FED080B0A4601468DED000BB7
:10C6E0006846F4F75FFF9DED000B03B0B7EEC00B9B
:10C6F00000BD00000000000000000000000000007D
:10C700009FED030B20EE000B7047000000000000BF
:10C7100000000000000000709FED030B20EE000BF6
:10C720007047000000000000000000000000001042
:10C7300010B504462DED048B82B06A4691ED008B56
:10C7400051EC180B0DF0D4FC00989FED1D9B7E3032
:10C750000090002822DCB4EE498BF1EE10FA1DD0D7
:10C76000002140F608004FF00000B7EEC88B40F6FD
:10C770000801014040F608004FF000009FED120A4A
:10C78000B4EE408AF1EE10FA04BF0220F4F749FB40
:10C7900084ED008A02B0BDEC048B10BDFF28B8BF49
:10C7A000B7EEC88BF4DB0220F4F73BFBB4EEC98B89
:10C7B000F1EE10FAACBF9FED058A9FED058AE7E721
:10C7C0000000000000000000000000000000807F6A
:10C7D000000080FF0000000030B504462DED048B02
:10C7E00085B040F2FF7590ED008B0A4618EE900A76
:10C7F0008DED008B35EA10501EBF9FED239BB4EEEC
:10C80000498BF1EE10FA23D051EC180B23F05EFEA9
:10C8100041EC180B18EE900A8DED008B35EA1050A4
:10C820001CD0B4EE498BF1EE10FA11D10220F4F7CE
:10C83000F8FAFFF771FF10EE901A18EE900A8DEDDE
:10C84000000B8DED028B61F31E0001909DED008BBE
:10C8500084ED008B05B0BDEC048B30BD0220F4F7F5
:10C86000E0FAFFF74DFF10EE901A18EE900A8DEDEA
:10C87000000B8DED028B61F31E0001909DED008B8E
:10C88000E6E70000000000000000000000000000DB
:10C8900030380A2801D2012070470020704700007C
:10C8A0000848442110B500F089FD074800221421F2
:10C8B00018F07AFF054CA06005F0C6FF002020703C
:10C8C00010BD000044B9022401290108C00201245E
:10C8D0002DE9F84F0E46814617461146304600F0C6
:10C8E00023F940B100223946304600F0C9F828B19A
:10C8F0000020BDE8F88F4FF0FF30FAE7B6F906C028
:10C900000020B6F90210421EB6F904E0B6F900B0F4
:10C91000ACEB010CB7F802800CF1010CAEEB0B0391
:10C920008A465B1C02FA83F302FA8CFCA8EB0A012C
:10C9300009B21AB200920FFA8CF200290EDD6BF3E5
:10C940000F040AEB01036EF30F056AF31F44C9F8E5
:10C95000004063F31F45C9F804500120B7F90610E1
:10C960007388CB1AD21A12B2002A15DDB6F9063036
:10C97000994211DAB6F8008009EBC003B6F804C09A
:10C980000A44401C68F30F046CF30F0561F31F4465
:10C990001C6062F31F455D60B7F90220B6F9021012
:10C9A0008A4200DD1146B7F90630B6F906209342F7
:10C9B00000DA1A46B7F800C0B6F90030521A0FFA7A
:10C9C00082F8ACEB030C0FFA8CF2002A13DDB8F1FD
:10C9D000000F10DD63F30F04134401EB080C63F345
:10C9E0000F0509EBC00361F31F44421C1C606CF38C
:10C9F0001F4510465D60B7F904203388D61A009BA6
:10CA00009B1B1BB2002B7FF778AF62F30F0401EB87
:10CA1000080661F31F44134409EBC00163F30F05DB
:10CA2000421C0C6066F31F4510464D6061E770B50F
:10CA3000B1F90040B2F900309C4200DD234603808A
:10CA4000B1F90250B2F90240A54200DD2C46448003
:10CA5000B1F90460B2F90450AE4200DA354685807F
:10CA6000B1F90610B2F90620914200DB1146C180EF
:10CA7000AB424FF0010001DC8C4200DD002070BDB4
:10CA8000F8B50D46B1F900100446B0F9000016469D
:10CA9000884247DBB4F90210B5F90220914241DB2C
:10CAA000B4F90410B5F9042091423BDCB4F9061046
:10CAB000B5F90620914235DC96B3ADF80000324658
:10CAC00060886946ADF80200284600F049F8002861
:10CAD00027D0A0883246ADF8000069466088ADF8DE
:10CAE0000200284600F03CF800281AD02088324680
:10CAF000ADF800006946E088ADF80200284600F075
:10CB00002FF800280DD0A0883246ADF80000694605
:10CB1000E088ADF80200284600F022F8002800D096
:10CB20000120F8BD0020F8BDB0F90020B1F90430B3
:10CB30009A4213DCB0F90420B1F900309A420DDBBF
:10CB4000B0F90220B1F906309A4207DCB0F90600CC
:10CB5000B1F90210884201DB0120704700207047C4
:10CB60002DE9FC410546B1F900000E461446B5F921
:10CB7000001088423ADBB5F90470B84236DCB6F9E9
:10CB80000200B5F90230984230DBB5F90620904238
:10CB90002CDC002C75DD781AD21A401C521C00B215
:10CBA00012B200EBD07002EBD272401052109042E1
:10CBB00000DB1046844200DD0446ADF800102888F2
:10CBC000002231462044ADF804006888ADF8020028
:10CBD00068882044ADF806006846FFF7C1FF40B101
:10CBE000BDF804002044ADF804003FE00020BDE89B
:10CBF000FC81E88800223146001BADF80200E8887D
:10CC0000ADF806006846FFF7ABFF28B1BDF8040099
:10CC10002044ADF8040011E0A88800223146001B32
:10CC2000ADF80000A888ADF804006846FFF798FF4B
:10CC300050B1BDF80000001BADF80000BDF80200C7
:10CC4000001BADF8020016E068880022ADF8020073
:10CC5000314668882044ADF806006846FFF780FF3B
:10CC600070B1BDF80000001BADF80000BDF8060073
:10CC70002044ADF806003146684618F077F8B6E76C
:10CC8000FFE70120B3E710B5B1F90040B2F9003079
:10CC90009C4200DA23460380B1F90240B2F9023027
:10CCA0009C4200DA23464380B1F90440B2F90430D3
:10CCB0009C4200DD23468380B1F90610B2F90620BC
:10CCC000914200DC1146C18010BD0000F8B5054658
:10CCD00018F056FD364C00260746009635B1E86838
:10CCE0006060284618F032FE606802E011F0CCFB6C
:10CCF0006060006917F076FF6068406908B117F05E
:10CD000071FF6068C06917F06DFF6068006A17F016
:10CD100069FF6068016991B118F060F920F0E2F8EC
:10CD20001FF032FF6068B0F85011D9B30068017C81
:10CD3000C9071DD0C0684068D0B1002513E0A0F835
:10CD40005061F8BD411991F8301151B900F5AC703E
:10CD500000F08BFB616801EBC5010A6B0260496B57
:10CD600041606D1CADB26068B0F85011A942E9D8BD
:10CD700060684FF48071303014F018FE6068202134
:10CD800000F5987014F012FE6068A0F85061384603
:10CD900018F0EFFC009060680068436A13B12268E5
:10CDA0000099984714F0C2FCBDE8F84000F016B8AE
:10CDB00058020124084949680AE04A68824202D0C0
:10CDC0000A68824203D10A7E42F001020A7649696A
:10CDD0000029F2D1704700002C02012470470000A6
:10CDE0000148042100F0EABA38B9022401482021A0
:10CDF00000F0E4BA50B902240023491E8180521E7B
:10CE0000C2800380438070472DE9F041124C1546E3
:10CE10000E46074618F0B4FC80462B46324639468B
:10CE2000204613F03DFD20B1E1690020A06251B120
:10CE300010E02C21204614F0B9FD4FF00040A06214
:10CE40000020BDE8F081404618F093FCE06108B98D
:10CE50000120E0612046F4E774B902240A48142155
:10CE600010B500F0ABFA13F0DDFC40B107490160EA
:10CE700007494160074981600749C16010BDBDE8AD
:10CE8000104007F0F1BD00005CB90224D501020892
:10CE90005505020841070208A101020870B50D46B8
:10CEA00004461021284614F081FD206800780128EE
:10CEB00004D0022807D0042807D008E0A08A2880E0
:10CEC000E08A688003E0E06800E00A20686020688B
:10CED0004268002A03D02946BDE87040104770BD63
:10CEE0002DE9FE430446808A10B9E08A002874D0F8
:10CEF000D4F82C805FEA080010D120460CF03CFEEC
:10CF00005FEA000869D020460EF0B6FA00224046DB
:10CF1000092112F0EFFC607880075ED44FF480792D
:10CF2000454600274E460021284616F0C2FA3844EE
:10CF300007B22846002116F0CEFAC11700EB1160A7
:10CF4000001210FB06F006B2284615F0DBFC0500C7
:10CF5000E9D10FB94E450CD04FF480306B4690FBB1
:10CF6000F6F07942009509B202B204F1140017F00C
:10CF700063FEADF80450ADF8085094F8400000F09E
:10CF80000F000328404616D015F0EEFD0646404639
:10CF900015F0C4FC034632460C200090B4F916107C
:10CFA00040460CF057FAADF80800404615F008FD71
:10CFB000C10713D018E015F06BFD0646404615F08A
:10CFC00007FD0246334603200090B4F91410404692
:10CFD0000CF040FAADF80400E7E736E0BDF90410C4
:10CFE000002901DDADF80450810705D4BDF9041016
:10CFF000002901DAADF80450410705D4BDF9081045
:10D00000002901DDADF80850000705D4BDF908007E
:10D01000002801DAADF8085002AA01A9204620F044
:10D0200033FDBDF908204046BDF9041000F093FA25
:10D030006078800709D4208BBDF80420618B1044F0
:10D040002083BDF8080008446083BDE8FE832DE915
:10D05000FC5F0446C06A5FEA000B71D094F84000A0
:10D0600000076DD013F0E0FC019040210068457E80
:10D07000584616F007FB4FF0000818B9A4F81E80B8
:10D08000A4F81C80584615F061FD8246584615F0FC
:10D0900064FD064694F840004FF0640900F00F006C
:10D0A0000C2802D003284CD09AE0A4F81C8056B17A
:10D0B000B4F91E50002713F0B7FC01684846497EBA
:10D0C000C1F1640122E0E18BC5F1640211FB02F1C0
:10D0D00091FBF9F0E083584615F020FC05465846D0
:10D0E00015F042FD02462B460C200090B4F91E10AC
:10D0F00058460CF0AFF900230246E0831EE011FB16
:10D1000005F27B1992FBF0F21FB215B2002DF6D199
:10D11000ADF8007000216A462046A4F81E8020F079
:10D12000B3FC41F6FF72BDF90030514258460CF095
:10D13000BBFEBDF800100123084402B200214CE000
:10D140009BE0BAF1000FA4F81E800AD0B4F91C507D
:10D15000002713F069FC00684946407EC0F1640076
:10D1600022E0A18BC5F1640211FB02F191FBF9F001
:10D17000A083584615F02CFC0546584615F088FC4F
:10D1800003462A4603200090B4F91C1058460CF0C0
:10D1900061F900230146A0831EE010FB05F27B1914
:10D1A00092FBF1F21FB215B2002DF6D1ADF800706E
:10D1B000002269462046A4F81C8020F065FC41F658
:10D1C000FF72BDF90030514258460CF0E5FDBDF844
:10D1D00000100123084401B20022584617F086F9D6
:10D1E000A08B002849D1E08B002846D1C6B958460B
:10D1F00015F0BAFC0546584615F090FB002D06DCEC
:10D2000000280DDD002D02DA01232A4604E0002863
:10D2100006DA0123404202B25846002117F066F9AF
:10D22000BAF1000F19D1584615F0D2FB0546584601
:10D2300015F02EFC002D07DC00280EDD002D03DA92
:10D2400001232946002205E0002806DA01230022F6
:10D25000404201B2584617F049F9019A0A2158464E
:10D2600012F048FB6078800707D494F84010C4F8A7
:10D270002C8021F00F0184F84010BDE8FC9F0000D5
:10D280007FB504000E4603D111F0FEF804002ED045
:10D2900011F064F900282AD094F82800400726D419
:10D2A0004FF0000526B3ADF800502046ADF802500F
:10D2B00011F002F9401EADF80400204611F038F9D3
:10D2C000401E6A463146ADF8060002A8FFF7AFFBE4
:10D2D00000280CD02068017C89070CD5DDE90012FC
:10D2E00060680123A4F85031C4E90C1280BB7FBDF3
:10D2F000A4F850517FBD82690AB102A99047002667
:10D300000BE000BF04EBC6010022303102A8FFF79A
:10D31000B7FB0028EED1761CB6B2B4F85001B0428B
:10D32000F0D880B2202804D204EBC000303002A92B
:10D3300004E004F130006946A4F8505110F0A0FD5B
:10D34000B4F850116068491CA4F850110028D1D0DD
:10D3500018F008FB7FBD70B5054600F012F80446D2
:10D360000CE02146284600F01EF8064621462846D5
:10D3700000F0A2F8204614F04FFA3446002CF0D109
:10D3800070BD002800D0406870470022034600B5F9
:10D39000FFF7F7FF03E0521C184600F004F8010005
:10D3A000F9D1104600BD0068091D4058704700685B
:10D3B00040587047002800D08068704700224260C3
:10D3C000C91C826021F003010160704770B50446FA
:10D3D0000068083014F08EF9050013D000220146D1
:10D3E00020461AF040FE6268294620461AF035FEB3
:10D3F000616819B12A4620461AF035FEA0686560BA
:10D4000000B9A560284670BD2DE9F04106000C4624
:10D410000AD04CB1FFF7B5FFA04208D13046FFF764
:10D42000D5FF051E01D01EE00020BDE8F081306868
:10D43000083014F05FF9051EF7D030682A46075906
:10D44000304639461AF009FE3A46294630461AF067
:10D450000AFE2A46214630461AF005FE2246294693
:10D4600030461AF0FAFD2846DFE770B5044600683A
:10D47000083014F03FF9050013D000220146204681
:10D480001AF0EBFDA268294620461AF0ECFDA168CF
:10D4900019B12A4620461AF0E0FD6068A56000B97F
:10D4A0006560284670BD28B1416809B9806808B137
:10D4B000002070470120704770B504000ED0FFF7C0
:10D4C00060FF88424FF00002204608D1FFF76BFF53
:10D4D000011E606001D000221EE0A26070BDFFF757
:10D4E00069FF8842206808440AD10168A16029B117
:10D4F0002046BDE8704000221AF0AFBD626070BDEA
:10D5000005682046FFF74FFF06460246294620469B
:10D510001AF0A3FD2A4631462046BDE870401AF0B5
:10D52000A2BD10B50446006882680AB12146904742
:10D5300020680068002801D02060F5E710BD8068F1
:10D54000002801D0B0F9160070478068002801D08B
:10D55000807E8009704770B516460C46054651EA34
:10D5600006001AD0284614F011FBA86801233246A1
:10D57000018A21440182A868418A314441822146BE
:10D58000284616F06DFA002228460B2112F0B2F957
:10D59000012803D1284616F0DFF9012070BD77B5C8
:10D5A00005000E4681B017D0622215F019FF040065
:10D5B00012D0206880B163222846314615F010FF52
:10D5C00010F0FF0208D02368204603999847009086
:10D5D000BDF80000ADF80C00039804B070BD000069
:10D5E0002DE9F04792B00746408C994690468A460E
:10D5F0001A9E40F00800788438463A84328915F043
:10D60000EFFEA7F82090054632895146384615F0BE
:10D61000E7FE0446788CA54220F00800788403D108
:10D620002904B1EB044F68D0A7F820805146328915
:10D63000384615F0D5FE0546804651463846A7F8CF
:10D6400020900CF0B5FF00682A46318917F0EEFFF4
:10D6500030890B2823D147F6FF794D4501D04C4541
:10D660001DD1384616F008F800EBD070451038464A
:10D6700015F007F900EBD0704010C84506D1691CC1
:10D68000431C994200DA00E0194688464C4506D111
:10D69000691C421C914201DA6C1C00E014461A48D5
:10D6A000FFF794FE05002BD02F60C5E90384308975
:10D6B000A8806846C5F808A010F03AFB1348FF217F
:10D6C000CDE90050124802901248039000200890C3
:10D6D000CDE9090130880B9070889DF842104042D6
:10D6E0000C90F0680790002060F300018DF8421064
:10D6F00030690690684610F06FFB12B0BDE8F08705
:10D7000007F0B2F9F9E7000068B902248DEC0208CD
:10D7100091EE0208EDED020801481421FFF74EBE1C
:10D7200068B902242DE9F84F042790460025894660
:10D7300006462C46E5E000BFF16807EBC400085838
:10D7400082017AD480B230EA090211D05FF000027F
:10D7500030EA08000ED0002082426ED051F834A08A
:10D7600010216A46504617F0CBFD002871D103E026
:10D770000122EDE70120EFE711216A46504617F03C
:10D78000BFFD002865D112216A46504617F0B8FD4A
:10D7900000285ED113216A46504617F0B1FD0028DB
:10D7A00057D115216A46504617F0AAFD002850D1DE
:10D7B00014216A46504617F0A3FDE8BB0A216A46C9
:10D7C000504617F09DFDB8BB6B216A46504617F0D6
:10D7D00097FD88BB6C216A46504617F091FD58BBF7
:10D7E00001216A46504617F08BFD28BB04216A468A
:10D7F000504617F085FDF8B902216A46504617F0E9
:10D800007FFDC8B903216A46504617F079FD98B9E3
:10D8100005216A46504617F073FD68B906216A462D
:10D82000504617F06DFD38B932216A46504617F060
:10D8300067FD08B96A4601E00BE061E06E215046E1
:10D8400017F05EFD28B96D216A46504617F058FD65
:10D8500010B10320BDE8F88F69216A46504617F0E1
:10D860004FFDE8BB6A216A46504617F049FDB8BB38
:10D870006E216A46504617F043FD88BB6D216A460B
:10D88000504617F03DFD58BB37216A46504617F009
:10D8900037FD28BB38216A46504617F031FDF8B9EC
:10D8A00035216A46504617F02BFDC8B940216A461B
:10D8B000504617F025FD98B945216A46504617F0A5
:10D8C0001FFD68B941216A46504617F019FD38B965
:10D8D00042216A46504617F013FD08B96A4600E037
:10D8E0000AE04321504617F00BFD28B949216A464A
:10D8F000504617F005FD08B1022501E005B90125E4
:10D90000641C708CC0F30510A0423FF615AF28468A
:10D91000A0E7000001484068704700005802012459
:10D920007047C0F30410072800D907207047000093
:10D93000A0F57F41FF3905D0002804D0712803D21B
:10D9400008490AE01F2070470749713880B209680A
:10D9500029B1064A5268904201D2085C7047002003
:10D9600070470000FC7B0408EC0201240003012442
:10D970000448182110B5FFF721FD03490120087064
:10D9800010BD000014B90224080301242DE9F04160
:10D99000094D90460E461C46074619466A68904750
:10D9A000306020B1206800216A6838449047C8F888
:10D9B0000000BDE8F08100001C0301242DE9F04FB8
:10D9C00087B01F4693468A4604464FF00001DDE9C2
:10D9D000105805B1298064B1207800280AD0BAF126
:10D9E000000F06D018F0060F4FF0000615D00020EB
:10D9F00004E0002007B0BDE8F08F401C215C0A293C
:10DA000004D00D2902D00029F7D100E0401C002DE0
:10DA1000F0D04FF0FF312980ECE75FEA887001D544
:10DA200041F6FF77894608468DF81410049126E0E8
:10DA30000498CDF8189060B3002351460DF1180CEE
:10DA400005AACDE90223CDE9008C20443B465A4685
:10DA500018F0C8F80699A7EB0102314417B20EB2CC
:10DA600088B104990144049120780A280BD00D282C
:10DA700009D0605C0A280ED00D280CD00846205C26
:10DA800008B1002FD4DC049840B105B12E80049871
:10DA9000B0E70123D1E7481C0490F4E7064A04A943
:10DAA000204652689047002D0146F0D00022504693
:10DAB00012F01EF806B2E9E71C03012402782329BC
:10DAC0004FF0000302D0012A0ED012E032B1012A39
:10DAD0004FF0000104D0022A04D00AE0012106E040
:10DAE000017006E00123FBE7202901D1022101702A
:10DAF00001231846704700002DE9F0471E461446E2
:10DB00000D468246DDF8209015E000BF4FEA54082C
:10DB10004A46504608FB065739469047002808DD1C
:10DB200044F30000C0EB540407EB0605A4F1010424
:10DB300001E005DA4446002CE8D12046BDE8F08734
:10DB40003846FBE72DE9F0414FF0000480B14F1E4D
:10DB50000D463942064601D006F086FF7019401E78
:10DB6000B843B0F5004F03D20C2800D80C2004466F
:10DB70002046BDE8F08100000F4991F864000928B3
:10DB800006D00A2804D0012814D191F8690088B180
:10DB900091F8100314280DD2DFE800F00C0C0C0CE7
:10DBA0000C0C0C0C0C0C0A0A0A0A0A0A0A0A0A0AC9
:10DBB0000120704700207047D8FE01242DE9FF5F47
:10DBC000DFF8488484B0DFF848B415461C4698F85E
:10DBD000101398F866A00A2905D00B2908F52A70B9
:10DBE000009018D02EE09BF88013022902D0032960
:10DBF0000BD0B4E19BF890133AEA0100F9D10498F4
:10DC000008B0BDE8F05F02F0AFBECDE9002300220E
:10DC100008210220E1E198F8150398F828118842BC
:10DC2000E7D3009A5146049802F04EFF50B1049891
:10DC30000022514602F0B2FF90B90498514602F01A
:10DC400069FF68B1F14E4FF0000998F8100306F132
:10DC500080070C2806F538760AD00D2848D07FE0DA
:10DC6000049808B02A462346BDE8F05F04F0D2BC11
:10DC70009BF8A803042802D0052836D06FE198F855
:10DC8000640001280BD198F8690040B1284621466C
:10DC900004F01AFC00212A4623460846A6E102F0B9
:10DCA00073FDFB220146DA485346009719F09AFCAF
:10DCB00020B102F039FC0022014614E00D2288F860
:10DCC000102388F8149388F81593049800F0B2FC98
:10DCD000D04A002328462146009600F02DFC00285B
:10DCE0007ED100220821042075E1002208215FE195
:10DCF00098F8151398F828018142BFD3009A51462D
:10DD0000049802F0E1FE58B30498514602F002FF75
:10DD100030B302F039FDFC220146BD48534600975E
:10DD200019F060FC20B102F0FFFB0022014615E073
:10DD30000E2388F81033012288F8142388F81593ED
:10DD4000049800F077FCB34A002328462146009649
:10DD500000F0F2FB0028C3D10022082105203AE19F
:10DD600098F8100347460E281BD197F8150397F82B
:10DD7000281188427ED3009A5146049802F0A4FEEE
:10DD800078B104980122514602F008FF48B187F8A3
:10DD900018A32A46049808B02346BDE8F05F04F0B3
:10DDA00091B897F810030F2806D0102878D01228C1
:10DDB00074D0112873D0B1E002F0D2FC060002D179
:10DDC00002F0B6FCB8B197F86400092813D1D7E97E
:10DDD000BA106A1A74EB00020AD34CF2503300E016
:10DDE000DBE0691A64EB00000022591A824102D27A
:10DDF0000022062147E002F09BFCA8B1049802A98A
:10DE00002A4623468DF80890009102F0C5FA30B1F9
:10DE10002846214604F002F808B0BDE8F09F9DF8BE
:10DE200008000028E4D115E0049802F03FFC88B116
:10DE30004EB1D7E9622CD7E96413AA1A64EB0C003F
:10DE4000511A984106D308B028462146BDE8F05F34
:10DE500003F0E4BFD7E9B81051EA000203D0691A11
:10DE600074EB0000C4D297F8150397F82811884284
:10DE700075D300E073E046B12846214600F010FB60
:10DE800018B1002208210620A5E002F051FC08B1DB
:10DE9000C7E9BA5487F8159361E001E023E029E06F
:10DEA00097F86700022806D097F8150397F828110D
:10DEB000884209D253E0D7E9B80150EA01020BD0F9
:10DEC000281A74EB010007D3049808B02A462346A9
:10DED000BDE8F05F03F062BF97F8150397F82811CB
:10DEE0008842D7D23BE097F8150397F8281188426B
:10DEF00076D234E097F8150397F8281188422ED38C
:10DF0000009A5146049802F0DFFD38B104980022CF
:10DF1000514602F043FE00287FF4B8AE97F8100394
:10DF200013281CD197F8150397F82811884216D3A7
:10DF300097F81913009A049802F0C6FD78B197F883
:10DF400019130022049802F029FE40B12846214608
:10DF500004F0BAFA97F812132A46234645E04146E0
:10DF6000D1E9B80250EA02034DD0281A74EB02003E
:10DF700049D391F810030A2810D00B2812D00C288E
:10DF800014D00D2816D00E2817D0102818D011281C
:10DF90001ED0132825D012282DD034E000220621CF
:10DFA000022018E000220721012014E000220621AF
:10DFB000032010E00022072195E600220721CDE68C
:10DFC00098F8670002281ED000220621072002E0F0
:10DFD000002207210820CDE9005400F067F81BE774
:10DFE00009E098F812132A462346022008B0BDE83B
:10DFF000F05F00F049BC049808B02A462346BDE80B
:10E00000F05F03F091BE002006E70000D8FE012477
:10E0100088A9012420A107002DE9FC41002614460F
:10E020001D46804604F0E8FB1C4F97F81003B8B17A
:10E030001B4822462B4618F075FD97F86400092806
:10E0400001D00A2805D100F0FFFC0022082102F0CF
:10E05000EBFC0521224602202B4600F015FC06466B
:10E06000224605202B4602F095F840EA06070C48A8
:10E0700005214246C038CDE9004504F05EFF09485D
:10E080001AF074FD08490020087004490448B039AA
:10E0900019F098F93846BDE8FC810000D8FE01244B
:10E0A00088A90124C8AE0124B80001242DE9F04F4D
:10E0B000DFB014460F4680461C21DDE9685650A8A3
:10E0C000F2F710FE1C2157A8F2F70CFE2246394643
:10E0D000404602F0A9FC4FF4987104A8F2F702FE42
:10E0E00000216B480DF1100B2A463346CDF808B0DD
:10E0F000CDE90001674819F0E5FB804602F03AF8E7
:10E10000654C94F86A00012806D104F59C6090F8EB
:10E11000910408B1012700E0002702F033F894F8D9
:10E120001103012800D1BFB194F8661084F81913C7
:10E13000A1B1594F02284FF000094FF0130A07F11F
:10E14000800711D003280FD094F8182321EA020089
:10E1500050EA08001ED07FE00021E7E74D482A463C
:10E16000334618F0DFFC8BE04A483A4619F02EF9A6
:10E17000074648482A46334618F0D4FC002F7FD182
:10E1800084F810A304A884F8149384F8159300F07D
:10E1900051FA68E09DF83C0131EA00005CD104A826
:10E1A00002F0B8FCC0B394F81913012204A802F0DD
:10E1B000F5FC88B30020D8460DF5A07200EB800373
:10E1C00002EB800C08EBC303411C93ED000AC8B2BC
:10E1D00007288CED000AF1D394F867000097022815
:10E1E0000FD094F8191357AB2A4819F03DFA2A4674
:10E1F00033468046274818F095FCB8F1000F0CD044
:10E2000014E004F1500094F8191357AB90EC030A92
:10E21000204819F03DF9EAE71EE0122184F81013B6
:10E22000012284F8142384F815931CE002F0ACFA60
:10E230000097FD2294F819330146164819F0D2F9D7
:10E2400084F810A3074684F8149304A884F815935F
:10E2500000F0F0F937B906E00E482A46334618F0C8
:10E2600061FCE3E70CE00D4800230D4A31460090C5
:10E27000284600F061F918B100205FB0BDE8F08FCA
:10E2800094F8121302202A46334600F0FDFAF4E710
:10E29000A086010088A90124D8FE0124B801022427
:10E2A00020A107002DE9FC412C4E14461D46804656
:10E2B0002B4806F1800296F8661019F087F85FF097
:10E2C00000020346B8F1000F06D002EB820108EB12
:10E2D000C101D1E9060101E00020014606EBC207B9
:10E2E000C7E9AA0196F86AC0BCF1010F0FD196F8F0
:10E2F00064C0BCF1090F05D0BCF10A0F02D0BCF11B
:10E30000010F04D1001BA94101D2C7E9AA45521C43
:10E31000D2B2072AD6D32BB1184602F005F9002253
:10E32000014615E00B2286F81023002086F814031E
:10E3300086F8150303460B4920460B4A00912946EF
:10E3400000F0FAF810B10020BDE8FC81002208219D
:10E350000120CDE90045FFF7A9FEF5E7D8FE01242D
:10E3600088A90124B801022420A107002DE9F04169
:10E370000E4601EB86012DED048B00EBC100B0B021
:10E3800090ED008AD0E9065418EE100A6FEAD050DA
:10E3900010F0FF0F73D0501BA34170D302F0C8F9E7
:10E3A0003B4F50B307EB8600D0ED4C9A90ED9B9A13
:10E3B000304601F0E1FFDFED370A60EE208AF0EE33
:10E3C000490AB0EE690AFEF73FF930EE680AB4EE8A
:10E3D000C80AF1EE10FA0CDCF0EE490AB0EE690A58
:10E3E000FEF70EF930EE280AB4EEC80AF1EE10FA84
:10E3F00022D20B2087F8130341E0D7E9BA104A1B59
:10E4000070EB040201D20D46044623480DF10808C2
:10E410002A462346CDF800800DF0CEFC78BB08EBF1
:10E4200086001E4990ED000A38EE400AB0EEC00AA0
:10E4300010EE100A884222DC97F86A00012824D1E5
:10E44000761C1DA9F0B200F035FDC0B19DF8740036
:10E45000A8B11E98FEF70FF888B11F98FEF70BF8C9
:10E4600068B19DED1E0AB4EEC80AF1EE10FA06DCA2
:10E470009DED1F0AB4EEC80AF1EE10FA05D2002095
:10E4800030B0BDEC048BBDE8F0810120F8E700005E
:10E49000D8FE012435FA0E3C0800022435FA0E3C61
:10E4A0002DE9F0419CB0054620480DF108080F46C3
:10E4B0002A460B46CDF800800DF07EFC18B10C20EA
:10E4C0001CB0BDE8F0811A4C04F1800694F8640099
:10E4D0000A280DD0009604F5227394F8661002AA5B
:10E4E000144819F0C1F80028EAD1C4E9BA57E7E79F
:10E4F00000254746284601F03FFF07EB8500691CD1
:10E50000D0ED070ACDB2072D80EE801A80ED071AF4
:10E51000F0D3009604F1500094F8661009AB02AAFB
:10E5200090EC030A034818F0B3FFC9E7080002247F
:10E53000D8FE012488A9012470B5049C2CB1C643DF
:10E54000CD43961B73EB050501D3002070BD8018E9
:10E550005941C4E90001012070BD000010B504005C
:10E560002DED048BB0EE418AF0EE608AB0EE409A59
:10E5700037D019EE100AFDF77EFF90B318EE900A1F
:10E58000FDF779FF68B318EE100AFDF774FF40B38A
:10E59000B5EEC08AF1EE10FA23D9B7EEE80A9FED86
:10E5A000195B9FED1A2B9FED1B1BB7EEC94AB7EE07
:10E5B000C83A30EE440BB0EEC00B80EE034B24EEB5
:10E5C000050B30EE020B30EE018B51EC180BFDF712
:10E5D0003DFF30B19FED110BB4EEC08BF1EE10FAA0
:10E5E00003DB0020BDEC048B10BDB0EE480BFDF743
:10E5F0008FFF51EC100B21F0C9FEC4E9000101208E
:10E60000F0E700000000000080842E4100000000C0
:10E61000006A08410000000080843E4100000000C4
:10E620000000F0431CB50321CDE90023002203F0D4
:10E63000A5FE1CBD30B50A4C002330B103EB8301AD
:10E6400000EBC102D2E9061201E000210A4604EB08
:10E65000C3055B1CDBB2072BC5E9AA12EDD330BDA5
:10E66000D8FE01242DE9FF5F904699462DED028BDF
:10E6700082B0129E002E7DD07C480021317090F82F
:10E680001013122976D2DFE801F0DFDFDFDFDFDFF2
:10E69000DFDFDFDFDFDFDFDF0B090D0F062704E041
:10E6A000052702E0072700E008274FF0010A0024B1
:10E6B00083465D460AFA04F09BF86610C0B2014238
:10E6C00079D0049919B191F82C11014205D1641C3B
:10E6D00086F800A00521E2B20BE0049804EB840167
:10E6E00000EBC100416931B1641C86F800A004212F
:10E6F000E2B23846B5E095F86A10012970D195F874
:10E7000064100A296CD195F81013112953D004EB29
:10E710008402B0EE001A04EB041102EBC4029FED78
:10E72000540A0090534800EB82025348D2ED860A07
:10E7300000EB810000F51070019060EE810A0098F6
:10E7400080EE808A8068FDF796FE08B300984068E6
:10E75000FDF791FEE0B100980068FDF78CFEB8B1BE
:10E760000098C068FDF787FE90B100980069FDF73A
:10E7700082FE00E068E058B10098404990ED020A3E
:10E78000B0EEC00A10EE100A884203DD102532E018
:10E79000132530E0009890ED010A0198B0EEC00A10
:10E7A000D0ED080A70EE880AB4EEE00AF1EE10FA35
:10E7B00002DD11251FE042E0009890ED000A01986B
:10E7C000D0ED050AB4EEE00AF1EE10FA06D3D0ED72
:10E7D000060AB4EEE00AF1EE10FA02DD0B250AE0BB
:10E7E0001BE000992648C968814203DC0099096949
:10E7F000814212DD12258BF81353224828220099FA
:10E80000F2F714FA1C48641CE2B2082180F848555B
:10E8100080F8492586F800A06BE795F810030F28CB
:10E820000DD195F86400092809D195F8690030B137
:10E83000049842464B462146FFF798FD58B1641CA8
:10E84000E4B2072CFFF435AF002002B0BDEC028B20
:10E8500004B0BDE8F09F641C86F800A008210620E3
:10E86000E2B2CDE90089FFF721FCEEE7D8FE0124F2
:10E8700000F07F4588A90124B8030224000060400D
:10E8800000005C42D80802242DE9F0479AB01646F1
:10E890001F468846682105466846F2F723FA664C0B
:10E8A00032463B462146E06D1290206E139068463A
:10E8B00001F008F89DF85C0048B9022D07D194F8E2
:10E8C0006A00012803D194F813038DF85C000EABA5
:10E8D00094F86420022D8DF850208DF85150ADF839
:10E8E0005480D4E90E0183E8C30094F866008DF8E3
:10E8F000560094F869108DF8571094F811338DF87C
:10E90000523094F812138DF8531011D194F86A1004
:10E91000012902D094F87E1051B14BB994F810132C
:10E9200006290CD006218DF8521007238DF853309C
:10E9300094F81713072A8DF8581002D045E00821E3
:10E94000F1E7EDBBDFF8F4A05FF000014FF0010943
:10E9500001EB810C0CEBC10C09FA01F30AEB8C0CF6
:10E96000DBB21842BCF844C229D06FEA0C085FEA57
:10E97000887805D19DF85D8048EA03088DF85D80B0
:10E980005FEA4C7805D59DF85E8048EA03088DF86B
:10E990005E80CCF3C508B8F13F0F05D19DF85F80CC
:10E9A00048EA03088DF85F80CCF3422CBCF1070FD6
:10E9B00005D19DF860C04CEA030C8DF860C000E002
:10E9C00009E0491CC9B20729C2D3062A03D194ED34
:10E9D000C30A8DED070A684603F0A2FC002827D081
:10E9E000022D1BD194F86A00012802D094F87E0011
:10E9F000A0B101F0BFFB9DF85B0028B99DF856005F
:10EA000032463B4600F08AFD0D4890F84404032846
:10EA100002D0032000F094FF01F0B4FB06484FF44D
:10EA20004871F2F75FF9074A0020C2E904000120AB
:10EA30001AB0BDE8F0870000D8FE012488A901249F
:10EA4000B8030224B8000124134890F810131429C5
:10EA50001FD2DFE801F01E1E1E1E1E1E1E1E1E1EE1
:10EA60000A0C0E101214161C1818022070470120F0
:10EA70007047032070470420704705207047062028
:10EA800070470720704790F811030028FAD108203A
:10EA90007047002070470000D8FE01242DE9F04F98
:10EAA0000446007FD1B0DFF834A2401E164600F0C5
:10EAB000FF091D46DDF868B1204609EB0912CDF8C3
:10EAC00000B00AEB8207324607F5107700F014F920
:10EAD000207B082821D0206AFDF7CDFC00287DD0BE
:10EAE000606AFDF7C8FC0028F9D0A06AFDF7C3FCF6
:10EAF0000028F4D0E06AFDF7BEFC0028EFD0206BC0
:10EB0000FDF7B9FC0028EAD06168DAF850048142C8
:10EB100008D0062051B0BDE8F08F714859461DF06D
:10EB200055F9F7E7D4E90410721A75EB000207D320
:10EB30006C4B711A65EB00000022591A824101D218
:10EB40000520E7E7387808B9787850B1634832464D
:10EB50002B4605F0FBFF30B100F080F928B1012011
:10EB6000D8E70420D6E70A20D4E74FF4987104A828
:10EB7000F2F7B8F800215C4804AA2B46029232460C
:10EB8000CDE90001594818F09DFE207B38B10128DD
:10EB900005D09AF84414574601297BD175E009EB5A
:10EBA0008901524801EBC9029AF8E01400EB820097
:10EBB00000F5057859B9387818B1D8F8200002283E
:10EBC00011D0787818B1D8F8200001280BD0002790
:10EBD00004A800F085FD00289CD100E063E0207BC4
:10EBE000012802D00AE00127F2E79AF8441429B17B
:10EBF0009AF8900410B1217F81424BD13FB1B8F80F
:10EC000030003B49B1EBC05F09D00E2082E79BF892
:10EC100066009DF83C11884301D008207AE709EB93
:10EC2000890104A800EBC10797F8200070B9786843
:10EC3000FDF721FC50B197ED010A2E49B0EEC00A54
:10EC400010EE100A884201DC786908B1092061E7FA
:10EC5000224805F0FFFF012801D00C205AE7207B55
:10EC600088B1002000F06CFE227F00218AF89024F9
:10EC70000846CAF84864CAF84C548AF891148AF8CD
:10EC8000E01447E706E00120ECE7217F97F89024A5
:10EC9000914201D007203DE7052806D1607F012879
:10ECA00003D0022801D0032034E70020324604A913
:10ECB0002B460090584601F087F80028A6D1084856
:10ECC00059461DF083F80028A0D1022187F844148A
:10ECD00007F24447C7E901651CE70000B8030224B6
:10ECE000C8AE012490D00300A086010088A90124A9
:10ECF000000080FFCDCC4C3D2DE9F0410546007F62
:10ED000080211646069C401EC7B298462046F1F761
:10ED1000E9FF287884F86A0068682066A868E065DA
:10ED2000D5E90402A6630126C4F83C80C4E91C02AC
:10ED3000A969A167297B06FA07F084F86B1084F8AB
:10ED40006600384684F8696084F87C6084F87D60E9
:10ED500001F004FBD5ED080A04EB870020EE200A41
:10ED600080ED000A95ED090A80ED070A384601F0AA
:10ED7000F5FAD5ED0A0A4FF47A70364B022280EE8E
:10ED8000801A84ED141A95ED0B0A84ED150A95EDA1
:10ED90000C0A84ED160A696BA1FB0001C4E912019B
:10EDA00084F86760287B811E072908D2DFE801F01C
:10EDB0000409091721213300092084F86400BDE803
:10EDC000F0810A2084F8640084F86720287B0328F7
:10EDD00003D0022084F86500F1E70120FAE784F807
:10EDE0006460687F12E0022000E0012084F8670080
:10EDF000E5E707280DD0052084F8640007EB8701BC
:10EE000001EBC70003EB8000D0F834020128ECD1FD
:10EE1000E9E70420F0E707EB870101EBC7010320D6
:10EE200084F8640003EB810084F87E60D0F834023B
:10EE30000128C4D1084807EB071184F8672000EBCC
:10EE4000810090ED9D0A84ED140A90ED9E0A84EDF8
:10EE5000150AB4E788A90124B8030224124810B5A2
:10EE600090F81003E8B9114890F84A15C9B990F81C
:10EE70003C02B0B90E4890F84D1F90F84E2F9142C9
:10EE80000FD190F84F1F90F8502F914209D1D0F830
:10EE90001C1F31B9D0F8200F18B901F055F900281E
:10EEA00000D0012010BD0000D8FE0124B8030224C8
:10EEB000C8EE012470B504460D480D46407918B1DE
:10EEC00015B10CB1072C01D9002070BD01F052F929
:10EED000084904EB0410442201EB8001284601F5A7
:10EEE000FE71F1F7A3FE01F04DF9012070BD0000A5
:10EEF000B8000124B80302242DE9F04FD7B015461D
:10EF000082468946FE48407900287CD0002D7FD07B
:10EF100001F030F94FF49A612846F1F7E3FE4FF41F
:10EF2000987104A8F1F7DEFE182150A8F1F7DAFE77
:10EF30000021524604A80290F2484B46CDE9000158
:10EF4000F14818F0BFFCF04850A9C03803F0BCFFEE
:10EF50005046494600F08CFCDFF8B0B33822C5E9D2
:10EF600000A9EB4C0BF500710BF24446DBF854049E
:10EF7000401CCBF85404A860D4F8080FE860DBF814
:10EF8000500428619BF84404287505F13800F1F716
:10EF90004DFE28220BF21C4105F17000F1F746FEF0
:10EFA000DC484FF0010841692967416A6967C16B14
:10EFB000A967816AC5F88810016DC5F88C100168D1
:10EFC000C5F890104068C5F8940085F8C78485F8A6
:10EFD000C88485F8C98496F84C0085F8C40496F86E
:10EFE0009C0085F8C60405F2C245584605F032FE7D
:10EFF00000212872584605F057FD28700121A5F21E
:10F00000C245584600E003E005F04EFD38B903E084
:10F01000002057B0BDE8F08F9BF84A0500B10120F1
:10F0200085F8C30494F8570FB8B1BB4944F6E060C3
:10F03000405801F58041BAEB0003D1F8E41E79EBAA
:10F0400001020AD3B54FBAEB000069EB01020023BD
:10F05000381A934101D3012000E0002085F8C5044F
:10F060009DF8400185F8CB049DF8410185F8CC045A
:10F07000FFF7F4FE85F8C104082794F8280F2876D6
:10F08000D4F82C0FE861D4F81C0F286294F8290FEB
:10F0900085F82400A24ED4F8300FA862D4F8200FCF
:10F0A000E86296F8100380B396F86A002876306E0E
:10F0B000E861F06D286296F866005C3685F8C00459
:10F0C000FFF7C2FC85F8300096F8B402142818D275
:10F0D000DFE800F0840A0C0A0E1218101212848461
:10F0E0008484848484841418032008E0022006E0C9
:10F0F000052004E0042002E0062000E0072085F857
:10F1000030006BE085F8307068E0FFE794F8500F4E
:10F1100094F84F1F884205D194F84E0F94F84D1F74
:10F12000884228D094F8500F94F84F1F884201D09D
:10F130007C4809E094F84E0F44F2084200F00701C1
:10F14000754800EBC110104490F8661085F8C014A3
:10F1500090F86420032A04D19BF8E024114385F839
:10F16000C01490F86A202A76026EEA61C06D2862A7
:10F1700085F8308032E000205B46024603EBC21186
:10F1800091F8784054B191F87C403CB910B10C7BB7
:10F19000082C03D10C7B0846082C03D0521CD2B299
:10F1A000042AEBD3D0B190E8160005F1180383E8E8
:10F1B0001600027F521E08FA02F2D2B285F8C0246D
:10F1C00085F83080017B082908D113C80C3383E807
:10F1D00013009BF8E004024385F8C0249BF83C121E
:10F1E0000022584669B190F8E06495F8C044314374
:10F1F000214385F8C01485F81880D0F85014C5E96B
:10F20000071290F84A1561B195F8C0340B4385F8A0
:10F21000C03485F8307085F81880DBF85014C5E9E3
:10F22000071295F8C0246AB10021434603FA01F49D
:10F23000224201F1010102D085F8C41402E0C9B2F2
:10F240000729F3D35FF00006DFF8BCE004A806EB63
:10F25000860106EB460400EBC10104EB0614884668
:10F2600006EB8607D1E9060107EBC60705EBC404E8
:10F270009834BAEB00030EEB870779EB010207F530
:10F28000057704D3BAEB000069EB010102E04FF00F
:10F29000FF3001461C4B06EBC60C06F1010B84F84F
:10F2A00000B003EBCC03012293F84530A3709DF826
:10F2B0003C31B240134201D0012200E000226270D2
:10F2C00000234FF47A72F1F74BF94FF0FF3C0246FE
:10F2D0000023BCEB00008B4101D2604600E01046E9
:10F2E000206198F82000012800D00020E07098F8F4
:10F2F00020002071304601F031F8D8ED000A13E00B
:10F30000B8000124A086010088A90124B8030224C2
:10F31000C8EE01241CA80124C8AE012440420F00FD
:10F32000D8FE0124D0F6012480EE801A84ED061A5E
:10F3300098ED010A84ED070A98ED020A84ED080AA7
:10F3400098ED030A84ED090A98ED040A84ED0A0A8F
:10F35000D8F81400606197F83000C043800715D0DA
:10F360000020607197F83000C0F38000A071388EE3
:10F37000C0F3C5003F280BD00020A179E07151B146
:10F38000386A012806D0022804D004E00120E8E70A
:10F390000120F2E72072DFF8788108EB8600D0F8D0
:10F3A0005804E060304600F0D9FFD7ED000A06EBC4
:10F3B0000611442280EE801A08EB810104F13C0022
:10F3C00001F5107184ED0B1A97ED010A84ED0C0A1A
:10F3D00097ED020A84ED0D0A97ED050A84ED0E0AF9
:10F3E000F1F724FC304600F0B9FFD4ED100A3046A6
:10F3F00080EE801A84ED101A00F0B0FFD4ED110AEF
:10F40000304680EE801A84ED111A00F0A7FFD4ED8B
:10F41000120A304680EE801A84ED121A00F09EFF28
:10F42000D4ED140A304680EE801A84ED141A00F0F0
:10F4300095FFD4ED150A304680EE801A84ED151A3A
:10F4400000F08CFFD4ED160A304680EE801A84ED71
:10F45000161A00F083FFD4ED180A304620EE200A79
:10F4600084ED180A00F07AFFD4ED190A304620EE38
:10F47000200A84ED190A00F071FFD4ED1C0A25481A
:10F4800020EE200A84ED1C0A90F83405B04235D1F4
:10F49000DFF88480002698F8380084F89400D8F8C3
:10F4A0002800C4F8900000BF08EBC602D2E90202AF
:10F4B000BAEB000379EB020109D3BAEB000069EB68
:10F4C000020100234FF47A72F1F74AF802E04FF09C
:10F4D000FF30014608EB860C04EB86079CED000A22
:10F4E0000022D0F1FF338A4187ED200A01D24FF08C
:10F4F000FF30C7F88800761C022ED5D30BF0FF062C
:10F50000072EFFF4A1AE00F03DFE012081E50000D2
:10F51000B803022488A9012488AE012470B50B4CDD
:10F520000125002194F8E064064384F8E06400BFFC
:10F5300005FA01F6064204D004EBC10606F59D6605
:10F540000CC6491CC9B20729F2D370BDB803022406
:10F5500010B5044600F00EFE0448214605F02FFBCE
:10F56000044600F00FFE204610BD0000B803022440
:10F5700010B5044600F0FEFD0448214605F044FBAA
:10F58000044600F0FFFD204610BD0000B803022431
:10F590002DE9F04704464F48C0B00D464079002899
:10F5A00078D000F0E5F900F0E5FD2046294600F0AE
:10F5B0005FF9494822462B4605F06EFBDFF81891AB
:10F5C0004FF0010A99F84404022808D1FFF746FCDD
:10F5D00028B9484605F03EFB08B989F844A400263E
:10F5E0003E4F02E00EB1002106E097F84F0F97F86A
:10F5F000501F884262D10121374802AA05F0EFFB73
:10F6000060B3202118A8F1F76DFB02A80DF1600886
:10F6100090E80E0020A888E80E009DF814102246FD
:10F62000CDE91C452B468DF86C10009002A8FFF721
:10F6300035FA8DF86D0090B15FF000008DF878001C
:10F64000254818A905F018FA9DF87800B0F10008CF
:10F6500007D09DF8140020B1012802D02EE001202F
:10F66000ECE7202110A8F1F73DFB02AB93E807007F
:10F6700010AB83E807009DF814008DF84C009DF84E
:10F680006D00CDE914458DF84F009DF8780010B15C
:10F69000002101E01BE002218DF84D100E4810A959
:10F6A0008DF84EA08DF85D8005F01EFA9DF878006B
:10F6B00020B9D9F82814491CC9F82814761CF6B2C8
:10F6C000022E8FD340B0BDE8F04700F05BBD40B0E4
:10F6D000BDE8F087B8000124B8030224C8EE012475
:10F6E0002DE9F04707461F4897F82C1190F8E06481
:10F6F00036EA010119D1DFF870A000244FF00108AB
:10F70000814600BF04EB840108FA04F0304207EBA5
:10F71000C10520D009EBC400D5E90613D0F8E824D0
:10F72000D0F8EC04521A984102D30820BDE8F087C3
:10F7300095F8200068B9686958B96868FCF79BFEBD
:10F7400038B195ED010AB0EEC00A10EE100A50452E
:10F7500001DD0920EAE7641CE4B2072CD2D30020C3
:10F76000E4E70000B8030224CDCC4C3DF0B53C4E9C
:10F7700001255FF000042DED028BB0EE008A95B0FC
:10F7800004EB041105FA04F006EB8107400607F5C7
:10F7900010775CD044216846F1F7A4FA314811AAE9
:10F7A000214618F033F8E8BB9DED110A20EE080A57
:10F7B00010EE100AFCF75FFEA0B38DF80050204653
:10F7C0009DED110AF1EE400A20EE081ACDED010A76
:10F7D0008DED020A8DED031ADDED141ACDED041A3C
:10F7E0008DF80150CDED050A8DED060A8DED071A55
:10F7F000CDED081A00F0B2FDDFED1B1A9FED1B1ACC
:10F800006420C1EE800A4FF47A71CDED0D0ACDED82
:10F810000A0ACDED090A8DED0E1A8DED0C1A8DED4B
:10F820000B1A00E001E0CDE90F0144226946384699
:10F83000F1F7F3F858B1442269463846F1F7F6F982
:10F8400006EB8400D0F85814491CC0F85814641C06
:10F85000E4B2072C94D315B0BDEC028BF0BD0000D0
:10F86000B803022488A901240000A042CDCC4C3E5C
:10F8700070B5FFF77BFF114D0020114C00EB8001AC
:10F8800001EBC00204EB800105EB8202D1F8583491
:10F89000D2F83462B2F8442246EA02221BB1D1F80F
:10F8A0007464964204D05B1CC1F85834C1F87424C7
:10F8B000401CC0B20728E1D370BD000088A9012414
:10F8C000B8030224F0B5054691F86A00D1B0164697
:10F8D00001F16A041F4685F8590091F86B0085F81C
:10F8E0005A0000F047FC14F86A09012806D11148B3
:10F8F00090F8910410B10A2085F85C0000F042FCF9
:10F900004FF4987104A8F1F7EDF900210A4804AA10
:10F910003B4602923246CDE90001084817F0D2FF7B
:10F9200094F86610002204A801F038F985F85B000D
:10F9300051B0F0BDB8030224A086010088A90124BB
:10F940000949D1F85024521CC1F8502402D1012297
:10F95000C1F8502481F8440408B1012100E00021DD
:10F96000024880F8381F7047B8030224C8EE01240B
:10F9700030B5A3B000F0FEFB304D0024304808A99C
:10F980001BF0FAFCF0B39DF87900012852D1202138
:10F990006846F1F7A7F99DF879008DF800001B98EB
:10F9A00001901A9802909DF87A008DF80C009DF84D
:10F9B00071008DF80D009DF872008DF80E009DF815
:10F9C0007C008DF80F00DDE91801CDE90401BDF8D8
:10F9D00074006946ADF818009DF873008DF81A00A0
:10F9E0009DF876008DF81B009DF878008DF81C00BE
:10F9F0009DF87B008DF81D00104805F075F808B1E2
:10FA000008A900E016E00E481BF024FDDDE918010E
:10FA100005F5896203C29DF87100022806D195F8A8
:10FA20004404032802D00320FFF78AFF641CE4B2D9
:10FA3000082CA3D300F0A6FB23B030BDB8030224EA
:10FA4000C8AE0124F0B5D1B005460E4600F092FBD9
:10FA5000324C94F8E004C8B1FFF700FAB0B94FF4A3
:10FA6000987104A8F1F73EF900212D4804AA334605
:10FA700002922A46CDE900012A4817F023FF04A884
:10FA8000FFF72EFE10B9002084F8E00494F8440437
:10FA900038B1032805D021482A46334605F056F8E8
:10FAA00010B100F06FFB36E01F49382201F52670D7
:10FAB000F1F7BCF804F59A601C4F60C094F8440458
:10FAC00084F8D80497F81003C4F8DC040320FFF787
:10FAD00037FF012084F89104D4F82C04401CC4F8AA
:10FAE0002C0400F04FFB97F81003A0B197F86A00C0
:10FAF000012810D197F8640003280CD0FEF7A4FF6A
:10FB000000B90420CDE9005694F890240621FEF7B0
:10FB1000CDFA51B0F0BD0020FBE70000B80302248D
:10FB2000A086010088A90124B8050224D8FE01247A
:10FB30002DE9F04FF1B0924607460E464FF000080F
:10FB400000F018FB814805F06FF9814D044695F8E7
:10FB5000500F95F84F1F884201D095F86E8800200D
:10FB60007A4A012302EBC01191F878C0BCF1000F72
:10FB700010D091F87CC0BCF1000F0BD191F80CC0F3
:10FB8000BCF1080F06D1097F491E03FA01F1C9B281
:10FB900041EA0808401CC0B20428E3D392F84A05A1
:10FBA000914638B900F0D8FA08B944EA080499F83F
:10FBB0004A0520B199F84A1528EA01000443DFF804
:10FBC00094B1ECB399F8E02444EA08049BF81033AC
:10FBD000224314461BB19BF8660040EA020495F8E4
:10FBE0004E0F5D4B0BE000BF00F00702401C03EB23
:10FBF000C21202F58042C0B292F86E24144395F806
:10FC00004D2F8242F0D195F8500F95F84F2F90422A
:10FC100002D095F86E08044399F84A05C8463A465A
:10FC20002043334689F84A05FFF778FC98F84404E6
:10FC3000032802D00320FFF783FE4848381800E06D
:10FC400005E046F10001C8F85415C8F8500500F069
:10FC500099FA99F84A05002875D04FF0000894B138
:10FC60003F483A46334616F05DFF8BF8168344460C
:10FC700089F84B8599F84A153A4A394817F0A6FB96
:10FC800008B189F800469BF8100368B100F064FAE7
:10FC900050B100213A4603203346FEF7F5FD9AF8AD
:10FCA000001008438AF800005FF0000400F054FAE6
:10FCB00090B1294850A91BF081FB68B150A83A4681
:10FCC0003346FEF7AFFC9AF80010641CE4B2084318
:10FCD0008AF80000092CE9D34FF4987104A8F1F7D1
:10FCE00001F80021204804AA334602923A46CDE9A1
:10FCF00000011B4817F0E6FD00F03CFA9BF81003EA
:10FD0000F0B995F84E0F95F84D1F884218D195F827
:10FD1000500F95F84F1F884212D199F84B054C4669
:10FD200099F8001688420BD304A8FFF7D9FC28B134
:10FD300004F5AA6003C8381A8E4101D384F84A85B5
:10FD400000F020FA012071B0BDE8F08FB803022462
:10FD5000C8EE0124D8FE0124C8AE012420A107006A
:10FD600088A9012410090224A086010010B50446C8
:10FD70000C48407948B100F0FDF90B48214604F0E9
:10FD8000B7FF0C28044602D007E00E2010BD06483D
:10FD9000D0F83014491CC0F8301400F0F3F92046B4
:10FDA00010BD0000B8000124B803022410B50446B9
:10FDB00000F0E0F90348214605F03FF8BDE81040A7
:10FDC00000F0E0B9B80302242DE9FF5F00251746D3
:10FDD0001E4604462DED028BC0B000F0CBF938462C
:10FDE0003146FFF745FDDFF84C83216ED8F850040B
:10FDF000814201D0062593E1D4E91C107A1A76EBF2
:10FE0000000209D3509A4AB9CB4B791A66EB00002D
:10FE10000022591A824101D2052581E1C5483A469E
:10FE2000334604F093FE38B198F84414012905D004
:10FE3000022903D0072573E10A2571E10026C34694
:10FE4000BE4906EB860000EBC60294F8640006EBA0
:10FE5000860301EB8201439A0A2802EBC30901F5EC
:10FE6000057A0CD0012803D194F86710022906D036
:10FE70000021092888460DD00A2802D005E001217A
:10FE8000F7E794F86510022904D00021509A3D91BB
:10FE900012B10DE00121F9E7092803D00A2801D0A9
:10FEA000012805D1DAF82000012805D0022803D066
:10FEB00000223B92012008E0439890F82C11012089
:10FEC0003B90B0400142F5D1002004EB86013A910D
:10FED00006EB0612D9ED000A91ED000A0BEB820742
:10FEE000399024A9009107F510774422394630EE65
:10FEF000208A01A8F0F79AFEB8F1000F0FD097ED15
:10FF0000050A8DED020A97ED060A8DED030A97EDBD
:10FF1000070A8DED040A97ED080A8DED050A009891
:10FF2000442201A9F0F782FE442224A913A8F0F785
:10FF30007DFE012094F86610B040014247D094F84D
:10FF40006410042908D0052906D0B8F1000F11D09B
:10FF50009DF84D208AB102E09DF84D2052B10BEB87
:10FF60008603A26FD3F858349A427FF443AF3B9A8A
:10FF70002AB10BE09DF84C20ECE70425D0E0439A31
:10FF800092F82C21024201D10825C9E0BAF83000CC
:10FF90006B4AB2EBC05F01D00E25C1E0042917D037
:10FFA000052915D099F8200080B9D9F80400FCF78C
:10FFB00062FA58B199ED010A6249B0EEC00A10EE3A
:10FFC000100A884202DCD9F8140008B109259DE026
:10FFD0003D98E8B33A989DED160AD0ED000AF0EE90
:10FFE000E00AF4EEC00AF1EE10FA39DC90ED070AEF
:10FFF000DDED170AB4EEE00AF1EE10FA30DC3998C4
:020000040801F1
:10000000D8B118EE100AFCF736FA48B39DED140A81
:10001000B4EEC80AF1EE10FA22DC9DED150AB4EE3A
:10002000C80AF1EE10FA1BD39AED000AF0EEC80AE6
:10003000F4EEC00AF1EE10FA12DC3A98DAED050A95
:1000400090ED070AB4EEE00AF1EE10FA08DC00E0E9
:1000500008E0DAED010AB4EEE00AF1EE10FA01DD93
:100060000B2553E094F864000A284FD194ED140A4C
:10007000DDED1C0AB4EEE00AF1EE10FAF0D3DDED8E
:100080001D0AB4EEE00AF1EE10FAE9DC94ED150A6F
:10009000DDED1E0AB4EEE00AF1EE10FAE0D3DDED7C
:1000A0001F0AB4EEE00AF1EE10FAD9DC94ED160A5C
:1000B000B5EEC00AF1EE10FAD2D1229B4FF47A725B
:1000C000D4E91201A3FB0237C31A71EB0703C7D3AC
:1000D000239BA3FB0232181A8A41C1D33998A8B1D5
:1000E000D9F80000FCF7C7F90028B9D099ED000A4B
:1000F000DDED140AB4EEE00AF1EE10FAB0D3DDED56
:10010000150AB4EEE00AF1EE10FAA9DC761CF6B29C
:1001100035B9072EFFF494AE20461CF095F805463D
:1001200000F030F840B02846BDEC028B04B0BDE8CA
:10013000F09F0000B803022490D0030088A9012496
:10014000000080FFCDCC4C3D024881784078081AF1
:10015000C0B27047B8000124054881784078081A79
:10016000C0B2042801D2012070470020704700006F
:10017000B800012402488068002800D0004770477A
:10018000B80001240248C068002800D0004770472A
:10019000B800012470B5C2B0144602A91D46064637
:1001A00009481BF04EFE00280CD09DF86E1022AAC4
:1001B00005481CF021F902213246CDE9004502A88C
:1001C00002F0DCF842B070BDC8AE012418F028BEC1
:1001D000F8B50446084816460D46407950B14EB170
:1001E000204602F071F9054822462B46009619F088
:1001F00023F9F8BD0020F8BDB8000124C8AE0124E1
:100200002DE9FC412D4D0024904606462C480F4612
:100210004FF4C161AC60EC60F0F764FD2849012047
:10022000C1F85004084604F0C3FC0020C5E90400EE
:10023000244807F02CFF02F0EDFB224A0146224839
:10024000CDE9006702F05EFE02F0E4FB01461E48C5
:1002500020300CF090F802F0DDFB01461A48C03067
:1002600017F044FB060005D117484021C03016F0B6
:10027000E7FF0646154841461AF0EEFD1448AA214C
:10028000F0F70EFD12484FF448712C70B030F0F7C3
:1002900029FD10484FF4D071F0F724FD08482021C3
:1002A0006C702038AC70F0F71DFDEC702C711EB135
:1002B00000206871BDE8FC810120FAE7B800012444
:1002C000B803022400900124C8A80124C8AE012468
:1002D00028FE0124F8010224F0B540B139B132B151
:1002E00090F869301BB190F868307F2B01D0002066
:1002F000F0BD9FED0D0A00235D1C00EB830401EBB4
:100300008306D4ED000A02EB8307EBB260EE800AAD
:10031000072BC6ED000AD4ED070A60EE800AC7ED90
:10032000000AE9D30120F0BD35FA8E3C1CB504214A
:10033000CDE900230246064802F0FFFD05490020F2
:1003400008700348BDE81C400349C03017F03AB8B4
:10035000C8A80124B800012428FE0124072806D2D9
:1003600001218140480602D09FED020A7047B7EE96
:10037000000A704727A09941064991F86A20012A8E
:1003800004D191F8691009B1FFF7E8BFB7EE000A90
:1003900070470000D8FE01242DE9F05F17461E4685
:1003A00001004FF000022DED028BDDF830B08BF82C
:1003B000002014D0DFF858910020012399F866201E
:1003C00000EB800403FA00F801EBC40C12EA080FFA
:1003D000DCE9065404D1401CC0B20728F0D371E018
:1003E00091F82C21012181400A4217D0DCF800103D
:1003F0006FEAD15111F0FF0F10D0DCF8141069B979
:10040000791B76EB040109D3DFF808817B1B66EBCF
:1004100004020021B8EB0303914105D20020C9F882
:10042000F802C9F8FC024DE0D9F80083CE46D9F8AD
:100430000413B8EB050271EB040243D2DFF8D4A039
:10044000B5EB080364EB01014FF00009BAEB0302BE
:1004500079EB010904D20021CEF8F812CEF8FC1293
:100460000EEB8002CEF80053F046CEF804439CED2C
:10047000000AD2ED9B0A30EE600AB0EEC08AFFF7A8
:100480007BFFC8EE000A244910EE900A88421BDC6C
:100490004046C0E9BC76D0E9BE12114301D1C0E9A3
:1004A000BE54D0F8F812D8F8FC021C4A691A64EB62
:1004B0000004881A74F1000004D30120BDEC028B03
:1004C000BDE8F09F0020F9E700214046144BC0E949
:1004D000BE1198EDC20A30EE600A10EE101A994271
:1004E00006DBC0EDC20AC0F8F072C8F8F462E9E7B2
:1004F000D0F8F012D8F8F4020A4A791A66EB00062E
:10050000881A76F10000DDD301208BF80000D9E7CE
:10051000D8FE0124A086010035FA0E3C400D0300F0
:1005200088C3E43A80841E00102815D2DFE800F06A
:10053000121414141408081408141014140A0C0EBD
:100540000120704702207047032070470420704745
:100550000520704700207047082070472DE9F843B8
:1005600004464C481E460D46407930B142B13EB17A
:10057000494890F84A0558BB04E00520BDE8F883D7
:100580000420FBE7DFF81481404698F810130B298C
:1005900024D1034690F86A0001281FD193F8640023
:1005A000092803D00A2801D0012817D198F866C07D
:1005B00000204FF0010900BF09FA00F71CEA070FFD
:1005C00008D008EBC003D3E9AA733F1BAB4101D3AA
:1005D0000220D3E7401CC0B20728EDD398F81503DA
:1005E000474698F8283198423BD200EB400007EB91
:1005F0008000D0F880101160D0F884105160D0F8DD
:100600008800906097F81503401CC0B287F8150366
:1006100097F8281188421FD197F810030B2810D0A3
:100620000D280ED00E280CD0102806D0112808D086
:10063000122806D0132804D00EE097F8670002288D
:100640000AD017480023174A294600902046FDF794
:1006500073FF08B9C7E9B84597F814033070012053
:100660008CE701294FF003070DD003290BD00C298B
:1006700009D00D482B460092224617F09DFA01281A
:10068000A7D137707AE708482B460092224617F028
:10069000E5F9F4E7B8000124B8030224D8FE0124E8
:1006A000B801022420A1070088A901242DE9F04700
:1006B00006001D482DED028B90F8665029D096F863
:1006C0002C1135EA010124D1DFF860A000240127B4
:1006D000814600BF07FA04F0C0B205421ED004EB09
:1006E0008401204609EB840206EBC108D2ED9B0A87
:1006F00098ED000A30EE600AB0EEC08AFFF73CFECB
:10070000C8EE000A10EE900A504502DCD8F814003A
:1007100020B10020BDEC028BBDE8F087641CE4B280
:10072000072CD7D30120F5E7D8FE012435FA0E3C7B
:100730000A4991F86A2091F86600012A0CD191F8D3
:100740006420092A08D191F8691029B120B1411E0D
:10075000084201D10120704700207047D8FE0124D3
:10076000084910B591F864000A2809D0092805D174
:1007700091F8690010B1FFF7DBFF08B1002010BD50
:10078000012010BDD8FE0124044890F8670002281B
:1007900002D04FF48070704700207047D8FE0124CB
:1007A0000C4910B5497991B188B10B4991F84A15B6
:1007B00069B90A4C94F8161349B1542204F506712C
:1007C000F0F7EFF9002084F81603012010BD002097
:1007D00010BD0000B8000124B8030224D8FE012493
:1007E0001A4A10B5517971B168B1194B117893F863
:1007F000A8408C421DD803F5B26191F84B2591F8C1
:1008000000369A4201D3002010BD02EB420201EBF8
:100810008202D2F858350360D2F85C354360D2F8D2
:100820006025826091F84B05401C81F84B05012042
:1008300010BD01EB4104491C03EB84031C680460F8
:100840005C6844609B6883601170F0E7B800012425
:1008500028FE012410B504460648407940B13CB159
:10086000FFF786F821460448BDE810401AF008BE9C
:10087000002010BDB8000124C8AE0124F0B5B9B005
:1008800005461CA80E467021F0F72CFA1F4C94F870
:10089000670002280ED000208DF8DC0002AF58B1AE
:1008A0001B482A46334600970BF042FBD8B1012083
:1008B00039B0F0BD0120EFE768213846F0F712FAB1
:1008C0000020CDE9185604EB800207EB800192ED81
:1008D000760A431C81ED000A92ED6F0AD8B2072810
:1008E00081ED070AEFD30A4802A90A4B783000903D
:1008F000A3F1A0021CA80BF085F808B10320D7E7EC
:10090000012084F816030020D2E70000D8FE01245D
:100910007800022488A9012410B59CB002460F4833
:1009200002AC0B46009404460BF046FA10B10120CD
:100930001CB010BD094802A9094BE8300090A3F192
:10094000A00220460BF05EF808B10320F0E705494D
:10095000012081F816030020EAE7000008000224C5
:1009600088A90124D8FE01242DE9F0410746174843
:1009700015461E4690F86A2090F8661090F864407C
:10098000012A05D1092C0AD00A2C08D0012C06D046
:10099000A7B197F82C0131EA000002D00EE02A46F8
:1009A0000EE0092C03D0384600F0CEF830B12A46CC
:1009B00033463846BDE8F04101F02CBE2A463346A6
:1009C0003846BDE8F041FDF76DBC0000D8FE0124BB
:1009D0002DE9FE4307460B4814461D46DDF82880E6
:1009E0000E46407960B11046194601F06DFD8DE864
:1009F00030010548324639461AF0CAFEBDE8FE838A
:100A00000620FBE7B8000124C8AE01240449497957
:100A100019B10146034816F06CB905207047000073
:100A2000B800012488A90124064B10B593F811439E
:100A3000002C05D183F8110383F8121383F81723D0
:100A400010BD0000D8FE012470B506460C481446BF
:100A50001D46407930B10B4890F81003082803D0A8
:100A6000092801D0002070BD3046FFF75FFC224608
:100A70002B463146BDE870400220FDF705BF00005F
:100A8000B8000124D8FE01240D4930B54C79A4B139
:100A900098B10C79CD78641BE4B2022C0BD2094DCD
:100AA0000C7904F0010405EB04142260C4E9013060
:100AB0000879401C0871012030BD002030BD0000C5
:100AC000B800012498030224F0B5D0B1CAB190F85F
:100AD0002C3131EA030314D15FF0010505FA03F468
:100AE000E4B221420FD003EB830602EBC30400EB18
:100AF000C606D4E90074D6E906C6B7EB0C07B441C4
:100B000001D30020F0BD5B1CDBB2072BE6D3012034
:100B1000F0BD000010B590F82C2131EA02020BD193
:100B20005FF0010404FA02F30B4207D002EB8203E8
:100B300000EBC3035B690BB1002010BD521CD2B2A5
:100B4000072AEFD3012010BD70B5E8B190F82C2131
:100B500031EA020218D1104D012400BF04FA02F359
:100B6000DBB2194212D002EB820300EBC30393F80D
:100B700020604EB95E693EB993ED010AB0EEC00A3D
:100B800010EE103AAB4201DD002070BD521CD2B213
:100B9000072AE3D3012070BDCDCC4C3D30B590F891
:100BA0002C3131EA03030DD15FF0010505FA03F49E
:100BB0000C4209D003EB830400EBC40494F82040FA
:100BC000944201D0002030BD5B1CDBB2072BEDD37B
:100BD000012030BD2DE9F04FFA4FADF55D7D4FF0AE
:100BE000000905460C464E468DF80C90787998B36E
:100BF000DFF8D48300260FE000F0030000EB800153
:100C000001EBC001F14808EBC1011BF06DF848B1E0
:100C100078780126401C7870B9787878091A11F034
:100C2000FF0FE9D128462146FEF70CFF9DF80C1076
:100C300008438DF80C00D8A9DBA801F0D9FB28B136
:100C4000DDE9D823DB98FDF7E7F9D2E003AA2846CF
:100C50002146FEF76DFF10B19DF80C00C9E0D7E901
:100C6000041251EA020010D0681A74EB02000CD38F
:100C7000691A64EB02000022D1F1FF33824101D2F4
:100C80004FF0FF31D24807F070FAC7E904544FF42F
:100C90009871BB4604A8F0F725F80021CD4804AAB6
:100CA000234602922A46CDE90001CB4816F00AFEFF
:100CB000070006D1C84804A92A462346A0380BF0ED
:100CC0000FFCC5482A462346C03802F06BF91821AC
:100CD00092A8F0F707F8C04892A9C03802F0F4F8DB
:100CE0009DF85E02DFF8F4A230B99DF85F0218B9F2
:100CF000FCF742FF002870D0002104A801EB81021C
:100D000000EBC202526942B101EB8102491C00EBC7
:100D1000C200406961F31F6004E0491CC9B20729A1
:100D2000ECD348469DF85E1211B99DF85F227AB166
:100D300008B1072712E011B99DF85F0240B11FB951
:100D40009DF83C017F2803D09DF83C01082705E071
:100D5000A348D0F8340803283FD30627804601F083
:100D60004BFD9D482A46234615F0DCFE9AF81013E9
:100D7000A9B1062F0BD19AF86400092801D00A28DE
:100D800005D1FDF761FE00220821FFF74DFE02208C
:100D90002A4623463946FDF777FD8DF80C002A4692
:100DA00023463846FFF7F6F99DF80C104246CDE988
:100DB000005408438DF80C0087483946C03802F0CB
:100DC000BCF886498448B0398BF8009016F0FAFADE
:100DD0007E4817F0CBFE3FE7FFE7DAA82A46234616
:100DE000009004A8FDF73EFC8DF80C009DF86813F8
:100DF00021B10DF55D7D3043BDE8F08FFFF7BAF905
:100E0000784890F8440460B97648012103F04CFE1C
:100E100038B99AF86A10012903D09AF87E00D046B2
:100E200010B1FFF7AFF94DE0FFF7ACF9FCF7A4FE06
:100E3000F0BB66482A4623461BF092FAC0B301F085
:100E4000DBFC65482A46234615F06CFE98F8100333
:100E500028B100212A4603202346FDF715FD032073
:100E60002A462346FFF796F99DF80C102A4623469A
:100E700008438DF80C005848C03802F013F8534866
:100E800017F074FE55495448B0398BF8009016F0AD
:100E900099FA682170A8EFF725FF53480B2101222A
:100EA000D0F80C0F8DF8101283908DF8112200E00D
:100EB00008E0CDE9805470A801F032FA9DF80C10DA
:100EC000084399E09AF81003D046E8B3FFF744F9D5
:100ED000D8B33E4870A91AF03FFCB0B3414A40462F
:100EE0009DF8261298F866C09DF83E3292F8E024EC
:100EF00011438DF826120AB1012200E000221343AB
:100F00008DF83E3290F86A20012A02D090F87E20B7
:100F100002B101221A438DF83E2241EA0C018DF8FC
:100F2000261290F8671023468DF827122A4690ED76
:100F3000140A8DED840A90ED150A8DED850A98ED61
:100F4000160A8DED860A01E059E015E0224815F0F9
:100F5000E9FD00212A4603202346FDF795FCCDE953
:100F6000005404A9804670A83A4600F0F7FA48EA0F
:100F700000018DF80C106FE698F86400032836D154
:100F8000FFF7EAF890BB98F86610B8AA0F481BF074
:100F900033FA58B39DF8461398F86600814226D07C
:100FA0000E49802298A8EFF741FE9DF846032A4695
:100FB0008DF8C6022346084815F0B4FD04A93A4648
:100FC00098A87CE0B8000124F8010224C8AE0124EE
:100FD00000900124A086010088A90124D8FE0124E4
:100FE00000A00124B8030224C8EE0124FFE704A8EE
:100FF0002A46234600F06CF88DF80C002CE6FFF72B
:10100000ABF8E0B3304898A91AF0A6FBB8B32F4864
:101010004FF000089DF8C61290F8E0249DF8DE021B
:1010200011438DF8C6120AB1012100E000210843E6
:101030008DF8DE02244870A91AF003FF40B39DF832
:101040002A129DF8DE02012900D000212A46084319
:101050008DF8DE029DF8C60223469DF8261208434D
:101060008DF8C6029DF827028DF8C7029DED840A0F
:101070008DEDAC0A9DED850A8DEDAD0A00E011E025
:101080009DED860A70A88DEDAE0AFDF7CBFA80467D
:101090003A46CDE9005404A998A800F05FFA40EA66
:1010A0000800A9E7FFF750F80028A7D1064850A983
:1010B0001AF084F90028A1D004A93A4650A8CDE935
:1010C000005400F04BFA97E7C8AE0124B80302249D
:1010D0002DE9F04FB3B015461C468246FE4A92F801
:1010E0001003002878D0A0F10A01092906D833B0EE
:1010F0002A465046BDE8F04FFCF760BDF74901288D
:10110000934691F8A83315D01646F34AF44F15EBE1
:10111000070892F8662044F1000902281FD003282E
:101120003DD096F8151396F82831994255D30428E6
:101130003AD052E0042B02D0052B22D0C6E1E7487A
:101140002A469BF867102346C03801F067FE10BBA3
:1011500000212A462346084669E1022067E191F80A
:101160008003022802D0032815D0AFE191F8900344
:1011700032EA0000E2D1D9484FF4807115F0F0FF57
:1011800018B102212A462346E7E7032186F8101307
:10119000C6E9B889CDE101212A462346DDE7042BC3
:1011A000D6D0052B7ED091E196F8690008B11146A2
:1011B00000E07F2150460122FFF7F0FC68B196F86D
:1011C00069000028C4D1C5482A462346C03801F02A
:1011D00054FE0028BCD079E1CCE0BF48374696F8F1
:1011E000101300F50276082900F5987001900ED0D2
:1011F000092966D097F8150397F82821904201D362
:1012000005297CD0904201D3062979D040E1702194
:1012100008A8EFF767FDB14808A9A0380BF086F8D9
:1012200030BB2BAA24A908A8FFF756F800B324A8BE
:101230002A46234601F00CF901F0ECFB04AB014611
:10124000A848002283E845009DF888002BAB009059
:1012500024AA0198CDE902540AF01AFF97F8150262
:1012600030B19E482A462346C03801F0BDFD20B16A
:1012700097F81613384629B128E100212A4623465B
:10128000084675E090F89C11012909D0D0F8881122
:10129000D7F88C2185EA010084EA020108439AD13B
:1012A000284600E041E12146FFF736FB002892D0B6
:1012B00002202A462346FFF739F802212A46234610
:1012C00055E0D7E97E10D7E9802311EB020940EB06
:1012D0000308702108A8EFF705FDB5EB090174EBD1
:1012E00008002AD37D4808A9A0380BF01FF820BBBE
:1012F0002BAA24A908A8FEF7EFFFF0B101E03CE01B
:101300009EE001F087FB0146764A00200696CDE973
:1013100002542BABCDE904209DF8880024AA00904C
:1013200001980AF0B5FE97F8150230B16B482A46CD
:101330002346C03801F058FD18B197F8160328B1BC
:10134000C4E000212A460120234611E097F86700F7
:10135000022843D128462146FFF790FAF0B3042033
:101360002A462346FEF7E2FF04212A4623460220AE
:10137000FDF78AFA33B0BDE8F08F9AF82C0101220C
:1013800097F8661031EA000000D000224FF0010EFD
:101390000020BB460EFA00F3DBB219421AD000EB74
:1013A00080070BEB800C0AEBC706DCED530A96EDC9
:1013B000000A30EE600AB5EEC00AF1EE10FA01D272
:1013C000B1EE400A10EE103A474FBB4201DC7369A0
:1013D00003B10022401CC0B2072800E076E0D9D358
:1013E0009BF864005E4603281AD196F87E30BBB1A4
:1013F000394A3A48803215F0E9FF010002D02A4606
:101400002346AAE6062286F81023002086F8140355
:1014100086F815035046C6E9B889FDF70BF988E050
:1014200052B1032832D000202A460021234633B08F
:10143000BDE8F04FFDF728BA00208BF8150345E012
:1014400097F87E0018B997F86A00012806D197F836
:1014500066105046254AFFF737FBC8B197F8690078
:1014600010B197F8661000E07F2150460022FFF788
:1014700095FB68B197F8690028B918482A462346B1
:10148000C03801F0E3FC97F86400CAE70120CBE71D
:1014900097F8150397F82811884217D397F8100387
:1014A000072813D197F866105046FFF733FB68B151
:1014B0000A482A462346C03801F074FC00283FF44D
:1014C00047AE97F8690000287FF442AEDBE9B81216
:1014D000691A74EB02010BE0D8FE012488A90124EB
:1014E00020A10700400D030035FA0E3C80010224C4
:1014F0001FD39BF81003042804D0082810D0092813
:101500000ED012E00C482A46234601F0CBFC0B49D2
:101510000020087008480A49C03015F053FF04E065
:1015200003202A462346FEF701FF03212A462346CD
:1015300013E600201EE70000C8A80124B80001241B
:1015400028FE0124044A18B111B1C2E90201704712
:1015500000209060D0607047B80001242DE9FF4F53
:101560000026044668212DED028BF5B004A8DDE9C4
:101570008457EFF7B7FBE06D2A4616903B46206E86
:101580002146179004A8FEF79DF994F864004FF0E7
:1015900002098DF8600012AA8DF86190D4E90E015D
:1015A00082E8A30094F8660060A98DF8660094F8BC
:1015B00069008DF86700FE4801F086FC9DF8820105
:1015C000022809D04FF4807094F86A104FF0010897
:1015D0000290012902D015E00020F5E794F864009C
:1015E00003280FD00020009078992A463B462046D9
:1015F000FEF7EAFB8DF86C0020B18DF862808DF863
:10160000638066E094F87E0018B194F864000328C3
:1016100007D094F86A00012806D194F864000428E1
:1016200002D17898FDF706F894F8640058B30728BB
:1016300058D0E04915EB010947F1000A012872D0A2
:10164000DFF874B302286DD0ABF18001DB4B01F5FC
:10165000A6722D92EA1801F502715F9147F100011F
:101660000328CDE95D1275D0042874D0052873D005
:1016700009285BD00A2859D008289FEDD18A6CD060
:1016800006286BD010E3799818B10320ADF86400F8
:101690001FE0C7482246CDE90057789920300AF06C
:1016A0006FFDADF86400A0B9C1482A463B4601F081
:1016B0005CFC70B9002021461C228DF86100ADF859
:1016C000640004A8EFF7B2FAB9480BA920300AF079
:1016D0000BFE04A800F024FE75B0BDEC028B04B034
:1016E000BDE8F08FB24894F86610C03015F0A8FD40
:1016F0000600C7D1B0484FF448718038EFF7F2FACE
:10170000AD48802221468038EFF790FAAA48AD4ACA
:101710008038AA1847F1000180F81093C0E9B82179
:1017200081E200E02EE094F8690030B178992A4611
:101730003B46204600F058FDCEE794F867000228AB
:101740000DD04FF480719A48C03015F006FD0600A8
:1017500007D0A9E264E064E180E1B2E165E2002142
:10176000F1E795484FF448718038EFF7BBFA92489B
:10177000802221468038EFF759FA8F48803880F868
:10178000108327E094F8690038B3894894F86630EC
:10179000C03090F8900333EA000001D0062683E2BF
:1017A0008348FC22111DCDF800B0C03015F01AFF9F
:1017B0000600CED18048802221468038EFF736FAE5
:1017C0007D4804238038002580F8103380F8148386
:1017D00080F81553C0E9B89A25E275487F2302992D
:1017E000FC22C030CDF800B015F0FCFE0600B0D1F0
:1017F0006F482A463B4601F09CFA0028A9D16E4862
:10180000802221468038EFF711FA6B480425803892
:10181000002380F8105380F8148380F81533D9E73B
:1018200094F86900E8B31C211EA8EFF75BFA1C21AD
:1018300025A8EFF757FA002045461EAA94F866300F
:1018400005FA00F1C9B20B4213D0789B93F82C3102
:101850000B4220D0789900EB800301EBC30191F893
:101860002030012B17D191ED000A02EB800181EDB0
:10187000000A401CC0B20728E0D394F86700CDF8F6
:1018800000B0022811D04A4825AB94F86610C03049
:1018900015F0EAFEA8B146485A4694F86610C030E2
:1018A00000E035E015F092FDB7E004F1500094F847
:1018B000661025AB90EC030A3D48C03015F0E8FDFA
:1018C000E8E73D48802221468038EFF7AFF93A4CEF
:1018D00005210020803C1C2284F810131EA984F8E6
:1018E000145384F8150304F544742D98EFF79EF90A
:1018F00044E90C9A97E13048802221468038EFF77E
:1019000095F92D4800210624803880F81043D3E053
:10191000702138A8EFF7E6F97998E0BB244838A998
:1019200020300AF003FDB0BB56AA66A938A8FEF71E
:10193000D3FC80B301F06EF81EAE0095B7EE000A3E
:1019400056AACDE9017666A90AF080F918BB1848B5
:101950002A463B4601F0D1F9E8B917484FF44871DF
:101960008038EFF7BFF91448802221468038EFF71E
:101970005DF9154868221EA9EFF758F90E4880381E
:10198000C0E96257DDE93621C0E9642194F8673087
:10199000022B3FD000E037E04FF0000C80F89CC1F4
:1019A000002300BF06EB830C03F101080EE00000EA
:1019B000C8A8012420A1070058FF0124C0912100DC
:1019C00035FA8E3C00127A00780002249CED0E0A53
:1019D00000EB830C08F0FF03072B8CED530AE1D3D7
:1019E000DDE95D364FF0090C80F810C392195941BA
:1019F000C0E9B8215F980AF035F828463946FEF765
:101A00003DFF00283FF498AEC1484FF44871EFF70E
:101A100069F91EE04FF0010CC0E706003FF46BAF20
:101A200042E194F86900A0B194F86A0001280BD053
:101A30004FF48070CDF800B094F86630FD22014676
:101A4000B44815F0CFFDE8E794F8670000F0CCFE4D
:101A5000F0E7B048594615F0B5FCDEE794F86900A8
:101A6000072588B194F86A00012808D04FF48070E7
:101A7000CDF800B094F86630FB2201460EE094F8F1
:101A8000670000F0B1FEF3E79DF8820100287BD0EB
:101A9000CDF800B0FB2294F8663002999D4815F00D
:101AA000A1FD060070D19A4880222146EFF7BEF8CA
:101AB0009748002180F8105380F8141380F815130C
:101AC00088E64FF00009DFED948A1C218DF808901C
:101AD00026A8EFF707F91C211EA8EFF703F900204D
:101AE0000DF1780294F8663008FA00F1C9B20B42A1
:101AF00037D0789B00EB800604EB800103EBC60631
:101B0000D1ED000A96ED000A26AB03EB800300EE50
:101B1000880A02EB800683ED000A91ED070A20EEA9
:101B2000080A86ED000A91ED000AB5EEC00AF1EE52
:101B300010FA02D2F1EE400A01E0F0EE400A91ED17
:101B4000071AC0EE811AF4EEE81AF1EE10FA08DD79
:101B5000B5EEC00AF1EE10FA01D2B1EE400AC0EEC5
:101B6000018A401CC0B20728BCD302A826ABCDE92D
:101B7000002094F866206748789916F099F90600D5
:101B800022D194F8661000E08EE008FA00F2D2B29A
:101B900011420CD0789A00EB800302EBC30292F85A
:101BA0002020012A03D00C268DF808000CE0401CF0
:101BB000C0B20728E7D357481EAB26AACDF800B01D
:101BC00015F052FD06000CD030468DF86280FEF70D
:101BD000ABFC8DF863009DF80800401C8DF8680090
:101BE00062E04B4880222146EFF720F8484C052060
:101BF0001C2226A984F8100384F8148384F8159312
:101C00002D98EFF713F89FED450A28EE800A10EEA5
:101C1000100A1EF0F7FB424A40197941801841F141
:101C20000001C4E9B801002056E594F867000228D5
:101C30000CD00020702106461EA8EFF753F8354857
:101C40001EA9A0380AF072FB10B12CE00120F1E7C8
:101C50006EAA56A91EA8FEF73FFB20B3002066A976
:101C600004EB8003421C93ED000A01EB8003D0B229
:101C700020EE080A072883ED000AF1D300F0CAFE1F
:101C80003AA9009566AA3346CDE9017194ED070A99
:101C900056A909F003FF30B91E482A463B46C03812
:101CA00001F062F818B10C26ADF8646011E518482F
:101CB0004FF44871EFF716F8154880222146EEF7E9
:101CC000B5FF184870223AA9EEF7B0FF1048082176
:101CD000DDE95D2380F81013DDE95241E31851413D
:101CE000C0E9B8315F9809F0BDFE28463946FEF7D5
:101CF00013FE002898D001202A463B46FEF716FB2B
:101D000001212A4602203B46FCF7BEFDE4E4000028
:101D1000D8FE012488A90124000000000024744991
:101D200020A1070008000224F8B515461E46074604
:101D3000FEF72AFD014616480090FD22A0F180041E
:101D4000144894F8193315F04DFCB0B9132184F8F8
:101D50001013002084F8140384F815033846FCF7A8
:101D600069FC04F538700C4A00233146009028467F
:101D7000FCF7E2FB08B10020F8BD94F8121301B0A3
:101D80002A4633460220BDE8F040FCF77DBD000046
:101D900058FF012488A9012420A107002DE9FC4156
:101DA00014461D460746FEF7EFFC01461748009013
:101DB000FD22A0F18006164896F8663015F012FC58
:101DC00020B1FEF7B1FB0022014618E0112186F890
:101DD0001013002086F8140386F815033846FCF724
:101DE00029FC0C4800230C4A294600902046FCF7A9
:101DF000A3FB10B10020BDE8FC81002208210820CF
:101E0000CDE90045FCF752F9F5E7000058FF012441
:101E100088A90124B801022420A1070070B58AB066
:101E2000044602A80D461C21EEF75CFF214E304609
:101E300000F1800196F8673000F51B7290F866009B
:101E40000091022B01461C4802AB07D015F00CFC98
:101E500058B1FEF769FB0022014624E006F1500C60
:101E60009CEC030A15F014FBF2E7102386F81033FC
:101E7000012286F814231148002186F815130090DA
:101E800096F86700022809D00D4A0023204629460B
:101E9000FCF752FB28B100200AB070BDD6E912232E
:101EA000F4E7002208210720CDE90045FCF7FEF801
:101EB000F2E70000D8FE012488A90124B801022419
:101EC00020A107002DE9F04F4FF000011446070054
:101ED0001D462DED088B89B08A468B4606D0B84941
:101EE00097F82C2191F86600904305D00022052137
:101EF0000620CDE9004310E191F8640088460A28E5
:101F000003D198F86500012828D0FEF729FC0028A5
:101F10004FF001097DD09FEDAB8BAC487021EEF7FF
:101F2000E1FE0026CA46C1469FEDA9ABC8E962455D
:101F300088F89CA106EB860209EB860807EBC20233
:101F40000AFA06F192ED000AC9B288ED4C0A99F836
:101F500066200A420BD0D8ED9B0A0AE020461946BB
:101F6000FFF75CFF09B0BDEC088BBDE8F08FF0EE29
:101F7000400AC8ED530A99F8660008422CD0B7EE23
:101F8000C02AD8ED9B0AB7EE0E1B3046B7EEE00A2A
:101F900030EE420BB0EEC00B20EE01BBFEF7ECF9C9
:101FA000B7EEC01AD8EDA20AB7EEE00A21EE000B98
:101FB0008BEE009B51EC190BFAF748FA00287CD005
:101FC000B4EECA9BF1EE10FA77DCB4EEC89BF1EEEA
:101FD00010FA01DDB0EE498B761CF6B2072EA9D3BC
:101FE00051EC180BFAF732FA002867D0B4EECA8B1E
:101FF000F1EE10FA62DC9FED780B28EE000BFAF799
:1020000087FA51EC100B1EF0C1F94FF47A624E467C
:1020100000E02CE0C6E96401801A71F1000003D2EF
:1020200000211046C6E9640120462946FCF738FA2B
:10203000002878D101E008216CE006A80090684AE9
:10204000D6E964018218204641F100032946FCF7D5
:1020500073FA98B30F2186F8101386F814A30022A0
:1020600086F81523DDE90601C6E9B801A6E00026D9
:1020700098F8661009FA06F0C0B201422BD030463B
:10208000FEF77AF908EB86000490D0ED9B0A304603
:1020900080EE808AFEF770F906EB8600F0EE400ACB
:1020A00007EBC00090ED001A049881EE200A90ED35
:1020B000A21AF0EE480A02A801E031E033E0FCF792
:1020C0004DFA68B3DDE90201BAEB00027BEB0103D4
:1020D00001D282468B46761CF6B2072EC8D306A8DC
:1020E00052465B46294600902046FCF725FAD0B1BF
:1020F00033488030009000F5F67298F8661000F5CD
:1021000002733848924615F0AFFA70B1FEF70CFA38
:10211000002201460620CDE90045FBF7C7FF21E775
:10212000761CF2B287E7002285E7FEF701FB88B351
:10213000404600221646C0E9BA45C8F80023C0E967
:10214000BE22C8E9BC45C8F8042300BF06EB8601DF
:10215000444609FA06F007EBC10208EB860192ED4E
:10216000000A81ED4C0A98F8663003420ED091EDDA
:102170009B0AD2ED000A304630EE600AB0EEC08A0B
:10218000FEF7FAF8C8EE000AC4EDC20A761CF6B2F1
:10219000072EDBD30D481C2251461C30EEF746FDBE
:1021A0000F2288F8102388F81493002188F815135B
:1021B000DDE90612C8F8E422C8F8E0120020D1E6F2
:1021C000D8FE0124000000000000000008000224E6
:1021D0005AEBB5A0F7C6B0420000000080842E4143
:1021E000C091210088A901242DE9F04F16461F4611
:1021F0008B4605462DED028B83B045484FF4487160
:10220000EEF770FD424880222946EEF70FFDDFF819
:10221000008100249FED3F8A4FF0010995F8661078
:1022200009FA04F0C0B2014236D095F864000128E2
:1022300026D095F87C00002805EB840090ED000A7C
:1022400001D120EE080A08EB840080ED9B0A95F886
:102250007D1049B104EB84020BEBC201D1ED000A01
:1022600030EE200A80ED9B0A95F87C10002905EBE2
:10227000840191ED070A01D120EE080A80EDA20A3F
:1022800008EB840ADAF86C02FAF7F5F828B3DAF802
:102290008802FAF7F0F800B3641CE4B2072CBDD34F
:1022A0001D48444695F8661090F89003814388F8DD
:1022B0001A1317D0184814F0C3FFE8B1FEF734F929
:1022C000002201465FF00200CDE90067FBF7EEFE59
:1022D00003B0BDEC028BBDE8F08F641C0821012027
:1022E000E2B2F1E703B032463B465846BDEC028B02
:1022F000BDE8F04FFEF738BB08480A2184F81013F8
:10230000301847F10001C4E9B8010020E0E70000FF
:10231000D8FE012435FA8E3C88A9012400127A00E7
:1023200070B5050003D0FDF70FFF10B108E00020E5
:1023300070BD0F48294619F0D7FC08B1012070BDC7
:10234000FDF70AFF0028FAD00A4C6822A07800F0B6
:10235000030000EB800101EBC000074901EBC00066
:102360002946EEF763FCA078401CA070E6E7000069
:10237000C8AE0124B8000124F80102242DE9F0417F
:102380009AB0904604000F46DDE9205625D068211A
:102390006846EEF7A7FCE06D2A4612903346206EA1
:1023A000214613906846FDF78DFA94F864000EAA52
:1023B0008DF85000022F8DF85170ADF85480D4E99B
:1023C0000E0182E8630094F866008DF8560094F8D8
:1023D00069008DF8570004D006E000201AB0BDE86F
:1023E000F08108208DF853006846FFF799FFF5E764
:1023F000F0B54FF0000328B321B300240460124A63
:10240000124FC1E9004416E0D47804F0010407EB50
:10241000041670CE92F803C00CF1010C82F803C0D0
:10242000D0F800C04CEA060CC0F800C00BB9C1E9F6
:1024300000455B1CDBB2D4781579AC42E4D10BB11A
:102440000120F0BD0020F0BDB80001249803022453
:10245000F0B505002DED028B9DB02BD0174802AFD3
:10246000009709F0A9FC002824D1164E0024DFEDC6
:10247000148A00BF05EB840007EB8401D0ED000A4D
:1024800091ED000A30EE600AB0EEC00A80EE288AB4
:1024900018EE100AF9F7EFFF40B196EDC30AB4EE5B
:1024A000C80AF1EE10FA01D286EDC38A641CE4B2C8
:1024B000072CDFD31DB0BDEC028BF0BD0800022459
:1024C00035FA8E3CD8FE01242DE9F047ADF53A7D72
:1024D000064604A888464FF43671EEF703FCFDF774
:1024E00049FE3C4804A900F0EFFC3A480AA9203014
:1024F00009F01CFF0021384826AA434602923246C2
:10250000CDE900013348C03015F0DCF9334872A939
:1025100005F0A5FDDFF8BC9000244FF0010A09F199
:10252000C00900BF04EB840101EBC4020AFA04F005
:1025300009EB82016A46C5B22648B1F84472C03040
:10254000214615F063F998B904A89DED000A00EB47
:10255000840080ED9E0A9DED010A80EDA50A9DEDA7
:10256000020A80EDAC0A9DF8DC0228438DF8DC02FB
:10257000F843800704D19DF8DD0228438DF8DD0281
:10258000780704D59DF8DE0228438DF8DE02C7F3F4
:10259000C5003F2804D19DF8DF0228438DF8DF02F3
:1025A000C7F34220072804D19DF8E00228438DF8A4
:1025B000E002641CE4B2072CB4D3094804A9CDE9B5
:1025C000A06819F02EFEFDF7DDFD0DF53A7DBDE8A2
:1025D000F0870000C8A80124A08601000090012413
:1025E000C8AE012410B504460848407900280BD035
:1025F000002C09D0FDF7BEFD0548214605F0E2FD9F
:10260000BDE81040FDF7BEBD10BD0000B8000124BC
:10261000009001242DE9F0476E4CB6B08246164674
:1026200000201F468DF8B40004F51B7994F86A0069
:102630004FF00108012830D194F86400092803D034
:102640000A2801D001282CD1624845465146CDF8D0
:102650000080FDF7B9FB28B1002284F8130308219C
:102660000120A4E094F8662005FA00F10A4210D097
:1026700094F87D1069B100EB800204EB80010AEB55
:10268000C202D1ED000A92ED000A30EE200A81ED7F
:102690009B0A401CC0B20728E4D394F864000928C0
:1026A00060D094F866105046FEF74EFA30B194F8B8
:1026B00064000A2804D0092854D06AE00C205DE0A8
:1026C0001C212EA8EEF70EFB5FF0000594F86610B3
:1026D00008FA05F0C0B2014232D094F86500012832
:1026E00006D03D4801AA294615F090F8F8B90EE049
:1026F00005EB850104EB85000AEBC101DFED370A2C
:1027000091ED000A80ED9B0AC0EDA20A18E004EBEF
:10271000850090EDA20AB5EEC00AF1EE10FA06D9D6
:10272000DDED040AB4EEE00AF1EE10FA03DD0E204E
:102730008DF8B45022E02EA800EB850080ED000A51
:102740006D1CEDB2072DC1D301A8009004F150001B
:1027500094F866102EAB4A4690EC030A1E4814F01B
:1027600097FE0AE02DA91E484B46CDE9000194F8DA
:1027700066205146184815F09BFB50B1FDF7D4FE7A
:10278000CDE9006701469DF8B400401CC2B20120AB
:102790000FE0FDF7F9FF94F8662001460E4814F0AB
:1027A000DFFC58B1FDF7C0FE002201460320CDE951
:1027B0000067FBF77BFC36B0BDE8F08709480C21C9
:1027C00084F81013301847F10001C4E9B801002063
:1027D000F1E70000D8FE012488A9012400000000D0
:1027E0006001022420A10700022802D04FF480706B
:1027F00070470020704700000A4800B500F59C6152
:10280000A1B090F8102391F8E01412B190F866008E
:102810000143002903D004486A4619F0EDFD21B0B8
:1028200000BD0000D8FE0124C8AE012410B5441834
:102830004A1EA4F10104114224EA020401D002F06C
:1028400013F9204610BD000010B5084C012020707F
:102850000748FAF796FD0028A06803D0BDE81040AD
:1028600013F080B8BDE8104013F070B8C002012426
:1028700044B9022470B5044690F84200A26B810767
:1028800009D4B4F8401049B1A1F57F43FF3B1BD0F8
:10289000491EA4F84010B4F84010A9B90AB1810744
:1028A00012D516482146FAF707FEFFF7CDFFE1687B
:1028B00009B120468847216909B12046884720464A
:1028C000BDE870400EF0A8BFE16B002AC1F1000125
:1028D000216311D0810702D4616B49422163A56A4B
:1028E0004110236A491CA362E36A61F34100256237
:1028F000E26284F84200A36370BD000044B9022480
:1029000070B5304D686812F034FF0646687880F084
:102910000100687048E00020287094F8420069784F
:10292000C0F380028A4243D061F38200216B84F8B5
:102930004200020701EB060219D4002917DC002A25
:1029400015DBC00709D1616939B120468847216A82
:10295000A26A014421621044A062A16809B1204624
:10296000884794F8420040F0080084F84200206B49
:102970008019206316D4E16A884200DD2163204675
:10298000E16988470146606A884204D062686162F2
:102990000AB120689047D4E90B01814202DB20464E
:1029A000FFF768FF287818B10748FAF7EAFC03E058
:1029B00005482146FAF7F7FC0400ACD112F0E0FE1E
:1029C000686070BDC002012444B9022470B5044699
:1029D00040680D4608B1FFF7F9FF2268002A04D0CD
:1029E00029462046BDE87040104770BDB4EE400A4D
:1029F000F1EE10FA0BD110EE100AB0F1FF4F06DA2B
:102A000010EE100A10F5000F01D2012070470020CF
:102A10007047000000487047DC06030870B50C469C
:102A2000054600F021F8002812D000226068C2EBB1
:102A30000211521C05EB8101D2B291F83C10C9433E
:102A4000C9B2072A40EA01006060EFD308B1002054
:102A500070BD012070BD10B50368047A0B4303609C
:102A6000FF2C00D1027210BD2DE9F04707468846C1
:102A700008005DD00020C8F80000FF2288F8082078
:102A8000C8F8040037B33878072803D0022140463D
:102A9000FFF7E1FF00244FF4006A00BFC4EB04100D
:102AA00007EB800515F8040FA04204D0042122464C
:102AB0004046FFF7D0FF688828B1504503D2A88868
:102AC00008B1504504D3082122464046FFF7C3FF12
:102AD00000261FE0FF2240460121FFF7BCFF26E051
:102AE000C6EB0610698807EB8009B9F80600814239
:102AF00004D1102122464046FFF7ADFFA988B9F85E
:102B00000800814204D1202122464046FFF7A3FF5E
:102B1000761CF6B2A642E3D34146284600F00CF8F4
:102B2000641CE4B2072CB9D3D8F8000010B100201F
:102B3000BDE8F0870120FBE72DE9F041856B0F46EA
:102B400006780446280A05D04FF40051324638462C
:102B5000FFF781FFE8070AD094F90600411C06D070
:102B6000012804D0402132463846FFF774FFA807F9
:102B700017D594ED020AFFF739FF68B194ED030A07
:102B8000FFF734FF40B194ED020AD4ED030AB4EE2E
:102B9000E00AF1EE10FA04DB802132463846FFF7F6
:102BA0005AFF680711D594ED040AFFF71FFF30B1F3
:102BB00094ED040AB5EEC00AF1EE10FA05D84FF410
:102BC000807132463846FFF746FF280711D594ED4D
:102BD000050AFFF70BFF30B194ED050AB5EEC00A08
:102BE000F1EE10FA05D84FF4007132463846FFF77F
:102BF00032FFE8061DD594ED060AFFF7F7FE90B107
:102C000094ED070AFFF7F2FE68B194ED060AB5EEFF
:102C1000C00AF1EE10FA06D394ED070AB5EEC00A29
:102C2000F1EE10FA05D24FF4806132463846FFF7D4
:102C300012FFA80629D594ED080AFFF7D7FEF0B1D8
:102C400094ED090AFFF7D2FEC8B194ED0A0AFFF726
:102C5000CDFEA0B194ED080AB5EEC00AF1EE10FA6F
:102C60000DD994ED090AB5EEC00AF1EE10FA06D9B5
:102C700094ED0A0AB5EEC00AF1EE10FA05D84FF449
:102C8000006132463846FFF7E6FE680611D594ED3E
:102C90000B0AFFF7ABFE30B194ED0B0AB5EEC00A9C
:102CA000F1EE10FA05D84FF4805132463846FFF75E
:102CB000D2FE28061FD594ED0C0AFFF797FE90B1BF
:102CC00094ED0D0AFFF792FE68B194ED0C0AB5EE93
:102CD000C00AF1EE10FA06D994ED0D0AB5EEC00A5D
:102CE000F1EE10FA07D832463846BDE8F0414FF40D
:102CF0008041FFF7B0BEBDE8F08110B548B1C17F9B
:102D000039B1017A052906D0062904D0072906D150
:102D100001E0012010BD417F09B1417A09B10220D3
:102D200010BD0724047201218177C0E9042300202B
:102D300010BD10B528B1C17F19B1017A032908D19E
:102D400001E0012010BD017F19B1817A09B1417AFA
:102D500009B1022010BD002104240472417781775B
:102D6000C0E90423084610BD10B528B1C17F19B1D0
:102D7000017A052914D101E0012010BD017F79B14C
:102D8000417F69B1817F59B9417A49B9817A39B1B5
:102D90000624047201218177C0E90423002010BDBC
:102DA000022010BD10B528B1C17F19B1017A0829E0
:102DB00012D101E0012010BD417F69B9817F59B96D
:102DC000417A012908D0022906D0047F00214172EE
:102DD00081611CB1032102E0022010BD02210172B9
:102DE000C0E90423002010BD10B538B1C17F29B15E
:102DF000017A062904D0072906D101E0012010BD7F
:102E0000417F09B1417A09B1022010BD0524047245
:102E100000218177C0E90423084610BD10B528B110
:102E2000C47F1CB1012903D0022901D0012010BDAB
:102E3000047A032C03D1447F0CB9847F0CB10220A7
:102E400010BD8172C0E90423002010BD30B528B147
:102E5000C17F19B1017F19B1032502E0012030BD06
:102E60000225447A002105724177032C8177C0E95D
:102E7000042300D14172002030BD30B530B1C17F94
:102E800021B1017A042903D0022030BD012030BDD8
:102E9000052404720121417700258577C0E90423C8
:102EA000284630BD30B568B1C17F59B108250572DB
:102EB0000324447200210261C0E905314177817722
:102EC000084630BD012030BDD0B1C9B1C27FBAB112
:102ED000027A0A70427A4A70827A8A70D0E90423B0
:102EE000C1E9022382690A61026802B112780A7597
:102EF000027F4A75427F8A75807FC87501207047BE
:102F000000207047FEB515460028DDE9082313D0E0
:102F10000160002404720126447284728461047783
:102F2000447784774560C677C0E90423CDE900641F
:102F30002846029405F0C0F8FEBD70B5DDE9043501
:102F400088B1C47F7CB171B101290CD002290AD0AB
:102F50000024082606724172826144778477C0E9B2
:102F60000435204670BD012070BD30B538B1C17F39
:102F700029B1017A02290AD0032906D101E00120F2
:102F800030BD417F09B9817F09B1022030BD0021E8
:102F9000032404720125057741778177C0E9042372
:102FA000084630BD2DE9F0430400154687B01E46A3
:102FB00026D0E07F002823D0606805F0FCF8207A56
:102FC00000274FF0020802281AD2DFE800F00109BA
:102FD00001202072C4E90456CDE90087029724E05D
:102FE000206803A9FFF740FD68B1206803A9FFF737
:102FF00015FD84F808806772E8B1103484E8E000B9
:1030000007B0BDE8F083039F0121082061722072A0
:1030100004F110004FF0030980E8E000606805F05B
:103020009CF8CDF80090CDE9018760682A463346C8
:1030300005F042F8E4E704982561C4E90560DFE79C
:10304000F0B504004FF6FF7004D0002241F22105D4
:10305000064614E0002900D00020F0BDA75C002344
:1030600080EA0720070403D585EA400080B201E02A
:1030700006EA40005B1CDBB2082BF3D3521C8A42E9
:10308000ECD3F0BD70B54FF0FF3210B10C4E002400
:1030900011E091B1002070BD035D5A405FF0000364
:1030A00002F001056D4235405B1CDBB2082B85EA5E
:1030B0005202F5D3641C8C42EED3D04370BD0000A5
:1030C0002083B8ED2DE9F04716460C4680464FF0B8
:1030D0000009089F0FB1C7F80090B8F1000F08D0A1
:1030E0003EB137B12CB1B4F5FD7F04D90220BDE863
:1030F000F0870120FBE7A51DA81C834201D2082010
:10310000F5E70A4641463046EDF74BFD214640467D
:10311000FFF796FF4FF0200C014606F804C0301967
:103120000E4A01F00F0C4FF00A08C1F30324C1F35B
:10313000031602EB11312A2343706D1C0B78837048
:10314000135DC370935D037112F80C20427180F817
:10315000068080F8079000203D60C8E7B8060308A5
:10316000012910B50BD00B290BD004290BD00D2948
:103170000DD00E290DD00F290DD0002010BD072035
:1031800010BD062010BD02F058FB401C10BD0220EF
:1031900010BD042010BD032010BD00002DE9F04F2C
:1031A00093B005460CF0A3FB044628460CF065FBE3
:1031B000002C82467ED0BAF1000F7BD094F8DC015F
:1031C000D326864D4FF4867703286FF07F4922D0AF
:1031D0001D204FF00C08CDE90107CDF8008000223A
:1031E000CDE9030501231146504600F097FACDE9D9
:1031F00001670022CDF8008001231146CDE9036567
:10320000504600F08BFA00BF94F8DC01012819D079
:1032100002287DD0B0E02020C846CDE900090C216D
:103220003B460246504600F0EFF9D3223B460C21C4
:103230005046CDE9006800F0E7F92146504600F01D
:10324000E7FAE1E794F8DD014FF0030BB4F9DE6132
:103250004FF00108801CB0FBFBF26023CDE9008534
:103260000BFB120106F11A02504600F0EFF90220A2
:103270004F46CDE9000994F8DD114E2306F17402A2
:10328000504600F0E3F994F8DD1106F1E602CDE9CD
:103290000085491C5046B1FBFBF30BFB1311602367
:1032A00000F0D4F90025B9466FF00B0BE80702D007
:1032B000B42701E08EE06427022D01D38E2600E0C2
:1032C0004026E80701D0584600E00C20022D01D32B
:1032D000594600E00C21384488460022012311465B
:1032E000CDE9016000975046CDE9036900F016FA78
:1032F00006EB080150460022CDF810900123CDE9DD
:103300000271CDE90076114600F008FA6D1C00E06C
:1033100002E0042DCAD32FE00AA80BF025FC3048A8
:103320000A9030480AF0EAFE00260090BDF800003E
:103330003727DFF8B4804FF0230B3546ADF8340063
:1033400005EB0510D8E908310BEB400207EB400014
:10335000CDE90131ADF80A0005EB85000AA9ADF809
:10336000062004EB001350464C33009601AA0BF0E4
:1033700059F96D1C052DE3D394F8ED01052829D9E1
:103380004FF4487194F8EE21B1FBF0F6401F4FF472
:1033900088740123C6F1A0015143144AB1FBF0F532
:1033A00026210492C6200022CDE90041CDE9024049
:1033B00011465046263500F0B1F9A91950460022B1
:1033C000CDF810900123CDE90241CDE90045114629
:1033D00000F0A4F913B0BDE8F08F00007777770014
:1033E0009CAE030866666600B40A0308555555008E
:1033F000F0B58DB0074692F88C0615460E46129C25
:10340000072800D300200B2B00EB400101EB00103C
:1034100005EBC00000F1980011D00E2B16D00F2B39
:103420001BD00D2B21D0042B39D0012B5AD0032CCB
:1034300072D2002C71D0012C70D047A384E00620FA
:10344000B4FBF0F100FB1140474903E0464904F0AA
:103450000300183151F8203076E00320B4FBF0F17E
:1034600000FB114040492831F4E7817951B1007ADD
:1034700024B10121884203D13CA004E00221F9E7F4
:103480003DA000E03FA000903CB142A3314642A2E3
:103490003846EDF7F7F80DB0F0BD41A3F6E710465A
:1034A00002F0CBF9844207D30DB0314638463DA235
:1034B000BDE8F040EDF7E6B82846E1B202F0CBF9FE
:1034C0000428044600D900243021234605F59A62D9
:1034D00001A800F057F901A800902348343050F8B3
:1034E0002430D3E7072C01D2204600E0002000EB77
:1034F000400101EB001002EBC00595F8A0009835E3
:1035000013F012F8697861B1696909B129A10DE078
:10351000E97821B129A109E015E010E011E029A125
:1035200004E0A97809B129A100E02DA1631C2EA215
:10353000CDE9000131463846EDF7A4F8ABE72EA3FC
:1035400002E02FA300E007A331460DB0384613A2D6
:10355000BDE8F040EDF796B8E69CACE59CB0E68E91
:10356000A7E588B600000000DC0A0308E5B7B2E86A
:10357000AFBBE59B9E000000E5BE85E98089E68B38
:10358000A9000000E6A8A1E5BC8FE69CAAE6A0A1E0
:10359000E9AA8C004D4954002573202025730000B2
:1035A000504F5300E9A284E8A788E5B9B6E689A799
:1035B000E8A18C00E69585E99A9C0000E4BDBFE88F
:1035C00083BD0000E5A4B1E883BD0000E4B88AE64D
:1035D000ACA1E58F8DE9A688E8BF87E69C9F000037
:1035E000E69CAAE79FA500004D25303275202025D6
:1035F0007320202573000000E794B5E69CBA000014
:10360000E8AF8AE696AD000030B591B00546DDE939
:103610001404ADF83810ADF83C30ADF83A20ADF8F0
:103620003E0068460BF06AFB20460AF067FD1090EA
:103630000EAABDF840006946ADF80400FF208DF8E1
:10364000030028460BF046FB11B030BD2DE9F04FCA
:1036500085B0984691468346DDE90EA7F9B1012968
:1036600021D0134E0A25002406EB840090F90310A4
:1036700090F9022090F901300497CDE902210193DD
:10368000534690F90000424649460090584600F0E3
:1036900045F8641CAC42E7D305B0BDE8F08F044E9A
:1036A000503E0C25DFE7024E203E0825DBE70000F8
:1036B000BC0B0308F0B585B005460020164F0E463A
:1036C0000090B5F9084019E03A68694630469047DD
:1036D0000023024601A928460CF05BF970B1BDF841
:1036E0000C0058B1B5F90810B5F90A30BDF9102031
:1036F000C91A081A801AA04200DA04460098305C01
:103700000028E1D1B5F90800A04202D1002005B09F
:10371000F0BD2046FBE7000020030124F0B587B090
:1037200006461C46DDE90C0C0E9FDDE90F3500FB5B
:10373000041007FB04110CFB042703FB0422ADF863
:10374000000002A8ADF80410ADF80270ADF8062034
:103750000BF09EFA28460AF0D1FC0590012CBDF82A
:103760001400ADF8080001DD032000E002206A46E5
:1037700001ABADF80A0002A930460BF07CFA07B0A5
:10378000F0BD00007CB50C46054663B1012B14D09A
:10379000022B20D0032B21D0536B02B013A2BDE823
:1037A0007040ECF76FBF92ED080A02F08BF9B7EEAC
:1037B000C00A10A28DED000B08E092ED090A02F09C
:1037C00081F9B7EEC00A0DA28DED000B2146284607
:1037D000ECF758FF7CBD92ED0A0A01E092ED0B0A6E
:1037E00009A2B7EEC00A8DED000BF1E7256C75203C
:1037F0006D730000252B2E3166C2B000252E316678
:10380000C2B02F7300000000252E326600000000B9
:103810002DE9F34F4FF0000B894683B05F466FF000
:103820007F4500BF99F8EF11282000EB4714B942FB
:1038300030D104F117004FF0010ACDE900050398DB
:10384000621D0A2140F20113FFF7DEFEDFF87081EE
:103850000026A219CDE9002518F80610A1F20110E2
:10386000434203980A31FFF7CFFEA21B1C32CDE979
:10387000002518F80610A1F20110434203980A31FE
:10388000FFF7C2FE761C052EE3D3BAF1000F03D07A
:10389000002202E04FF0000A2A46611D0398CDE99C
:1038A000001B07EB87010292122309EB0116454921
:1038B00006F14C0200F004F9BAF1000F01D000202B
:1038C00000E028460121A41D0094CDE901103E49E5
:1038D000F923039806F1740200F0F2F87F1C052F1B
:1038E000A0D3039800F0A4F8C4240398382240F22F
:1038F00007131121CDE90045FFF786FE0398382212
:10390000132140F20513CDE9004BFFF77DFE2C4F4C
:103910001037002404F13002CDE90025395D9046CE
:10392000A1F20710434203981131FFF76DFEC4F175
:10393000CC06CDE90065395D3246A1F2071043425D
:1039400003981131FFF760FE022C1BD3DFF870A043
:103950004246CDE9008B0AF1180A1AF80410A1F2C8
:103960000710434203981131FFF74EFECDE9006B7B
:103970001AF804103246A1F207104342039811319D
:10398000FFF742FE641C082CC4D39020CDE900054B
:103990000398F1238F222721FFF736FEB9F9F011A2
:1039A000A1F12700CA2808D89420CB1CCDE9000536
:1039B00003988A22C91EFFF727FE05B0BDE8F08FE5
:1039C000B40A03089CAE0308A45C04082DE9F84F70
:1039D0008A460546904611465046FFF7C1FBB8F1AE
:1039E000110F074604D20AEB080090F85D6600E06C
:1039F0000026022085F8DC010024A14604EB8400A7
:103A0000A11905EB0010B94280F84C9006D24C3059
:103A10004346524600915021FFF7EAFC641C052CF6
:103A2000ECD3A86C0121BDE8F84F1AF0C6BA00002B
:103A30002DE9F041064621488AB0D0E90210CDE9CF
:103A40000610D6E90080B26881880088081A401CF8
:103A500007B206A904A8F8F7EAFF00282BD004A9AA
:103A600072680846F8F7E3FF002824D0BDF9125029
:103A70001DE000BFBDF9104014E06019C00710D16F
:103A80000AF0F4FA02907068BDF80810B0F902204C
:103A9000B0F90000AA1A02FB0742121A08EB420012
:103AA0000180641CBDF91400A042E6DA6D1CBDF96A
:103AB0001600A842DEDA0AB0BDE8F081B40A0308B5
:103AC0002DE9F0478EB01C4691460D468246DDF842
:103AD000588006A8DDE917760BF046F830460695C3
:103AE0000AF00CFB00900026BDF800003346ADF84C
:103AF000240047F6FF702A4649460296CDE9006049
:103B000005A812F00FF917B1BDF91400241A49469F
:103B10002846ADF80C40FFF7CDFDA8EB0000ADF84E
:103B20000E00BDF80C104B46BDF814201144ADF842
:103B30001010298903AA00960844401EADF812000F
:103B400006A950460AF06EFD0EB0BDE8F0872DE9DB
:103B5000F04781460C4608A81D46114690E8C00172
:103B60002046FFF7A7FD301A02B2484629B210F0EE
:103B700060FEB4F9082039B2484610F079FE002200
:103B80002146484610F0A4FF00224846114610F096
:103B90007FFF00224846114610F07FFF414648460D
:103BA000BDE8F047002210F082BF000011EE101AAD
:103BB0002548B2EE042A814203DD10EE901A8142BC
:103BC00006DB70EE601A71EE600A81EEA00A7047A3
:103BD000B4EEE00AF1EE10FA02D89FED1C0A70472D
:103BE000B4EEC10AF1EE10FA02DBB7EE000A70473C
:103BF00010EE101A814202DB70EE421A01E072EE02
:103C0000401A10EE101A814202DB71EE420A01E006
:103C100072EE600AB2EE022A10EE101A31EE820A3B
:103C200030EE822AB6EE001A8142C1EE802AC0EE42
:103C3000821A62EE810A80EEA10A02DB30EE010AEE
:103C4000704731EE400A704700002041000000003C
:103C500070B5044640680D46800801D100F004FFAD
:103C60006868616820F00300001D08446060204619
:103C700000F044F8204670BD4068103120F0030089
:103C8000884201D301207047002070472DE9FC478E
:103C90000546486801AA0C4620F00300694612F068
:103CA0002DFCDDE9007005EBC711804601EB8009B2
:103CB000D9F838600EB900F0D7FE0CB900F0D4FE88
:103CC000C4E90265F46004F1080604213046FEF7F9
:103CD000ADFD864201D000F0C7FE0120C9F8384092
:103CE0002A6905EB870100FA07F31A432A614A693A
:103CF00000FA08F002434A61BDE8FC8710B50446AB
:103D000000F08DF8046010BD2DE9FC4705464FF02A
:103D100000005FEA010806460090019045D0802926
:103D20000C4601AFE94607D308461AF0A7FF411F2A
:103D300001208840401E04443A464946204612F07D
:103D4000DDFB009C092C30DA05EB840201994FF071
:103D5000FF30576900FA01F10F400FD1641C296947
:103D6000A0400140080020D01AF080FF04460090D7
:103D700005EB800047690FB900F076FE38461AF06F
:103D800075FF05EBC411019001EB8000866B66B1F5
:103D9000706820F00301414501D200F065FEDDE9C5
:103DA00000233146284619F057F93046BDE8FC8714
:103DB00010B50446FFF7A2FF416841F002014160DF
:103DC000606840F00100606010BD10B5044600F06E
:103DD00026F8416821F002014160606820F001008E
:103DE000606010BD70B506460D46084600F017F835
:103DF000040001D100F038FE2079C0070DD06868BA
:103E0000800801D100F030FE2146304600F03FF836
:103E100021462846FFF71CFF0546284670BD10B511
:103E2000426800F1080122F00300001F0C189008FE
:103E300001D100F019FE204610BD70B50C001546EA
:103E400006464FF0000021D00DB900F00DFE20799C
:103E5000C00701D100F008FE29462046FFF70CFFFD
:103E600078B12946204600F023F805462046FFF7A2
:103E700045FF6868294640F0020068603046FFF759
:103E800005FF2046FFF7A1FF04F1080070BD7CB5D7
:103E90000546486801AA0C4620F00300694612F066
:103EA0002DFBDDE900232146284619F0D5F87CBD1D
:103EB0002DE9F0410D46044600F10801281F0E18B7
:103EC000606806F1080720F00300401BA0F1040819
:103ED00038460421FEF7AAFC874201D000F0C4FD59
:103EE000616808EB0500001D21F00301814201D04B
:103EF00000F0BAFD307900F0030040EA080070607D
:103F000020F003000C2801D200F0AEFD207900F073
:103F10000300284360603046FFF74AFF3046BDE8A3
:103F2000F081B4EEE00AF1EE10FA02D2B0EE600ACF
:103F30007047B4EEC10AF1EE10FAF9DDB0EE410AB5
:103F40007047000000487047840803082DE9F14FCE
:103F500000221146009810F00BFC009800210FF091
:103F600096F90021044600980FF02EFA20440FFA2B
:103F700080F9009800210FF0F1F920440FFA80F841
:103F800000980FF03DF9DFF8A0A000EB090101EB6C
:103F9000080005B2009854460EF0B4FB0026074610
:103FA0002AE0009821498068006850F8260083467E
:103FB0000FF06FFBF8B958460FF026FD40BB00210B
:103FC00058460FF041F918B3012821D002281FD01C
:103FD00003281DD0002158460FF095FA58B9BBF8B8
:103FE0001A10BBF81600081A401C00B24844A04240
:103FF00000DB044624B2761CBE42D2D3544504D022
:1040000004EB080000B2A84200DC2846BDE8F88FA7
:104010000098BBF91A10B0F91600081A411CA14209
:10402000E8DB0C46E6E7000001E0FFFF01000400CA
:104030002DE9F84F00228046114610F083FB002145
:1040400040460FF024F90021044640460FF0AAF93B
:1040500020440FFA80FA404600210FF091F92044E5
:104060000FFA80F940460FF0D9F800EB0901DFF8AC
:1040700068B101EB0A0005B25C4640460EF042FB17
:104080000021074640460FF0E8F801284FF00006EF
:1040900044D092E0D8F808005049006850F8260053
:1040A00000900FF0F6FAC0BB00980FF0ADFC50B1D5
:1040B0000098B8F91810B0F91400091A481CA04269
:1040C0002ADB4C1C28E0009800210FF0BDF858B105
:1040D000032809D0062807D0082805D00098002119
:1040E0000FF00BFA58B118E00098B8F91810B0F9B1
:1040F0001400081A411CA1420EDB0C460CE000988B
:104100001430009009F0EFFE5044A04204DB009808
:1041100009F0E9FE00EB0A0424B2761CBE42B9D3D2
:104120005C4555D004EB09004DE000BFD8F808000D
:104130002A49006850F8260000900FF0AAFAC0BB88
:1041400000980FF061FC50B10098B0F91810B8F960
:104150001400091A481CA0422CDA20462BE00098D3
:1041600000210FF071F858B1012809D0042807D0B8
:10417000072805D0009800210FF0C5F958B11BE0C1
:104180000098B0F91810B8F91400091A481CA04298
:104190000EDB4C1C0CE000981430009009F0A3FEDC
:1041A0004844A04204DB009809F09DFE00EB09049E
:1041B00024B201E0481C04B2761CBE42B6D35C4572
:1041C00006D004EB0A0000B2584501D0A84200DC3A
:1041D0002846BDE8F88F000001E0FFFF0100040061
:1041E0002DE9F843F2F726FA154C06461549002545
:1041F000A0682F46084040F00040A060DFF84880EB
:104200000DE06D1CF2F716FA801B0A2801D2454515
:1042100005D3A068C00F05D00020BDE8F883A068D2
:10422000C00FEED14FF48061CDF80070BFF35F8F07
:104230000098401C00908842F8D30120EDE7000070
:1042400000200240C0FFFE3FA08601001CB50B8885
:1042500004892344ADF800304B8844892344ADF8E9
:1042600002308B8804892344ADF80430C98843891F
:104270001944ADF806104369694698471CBD10B54E
:10428000144608B114B90BB1012010BDB1F5006F8F
:1042900001D3022010BD082B01D9032010BD0180DD
:1042A00000228370C0F80320C0F8072023B1C01C8F
:1042B0001A462146ECF775FC002010BD10B504002D
:1042C00006D04FF4CE71ECF70DFD012084F89B0170
:1042D00010BD00280BD090F89B11002907D00121B8
:1042E00080F89A11D0F89411491CC0F894117047C5
:1042F00070B558B190F89B2142B139B190F899212D
:1043000090F89831934203D1012070BD032070BD15
:1043100002EB42032124521CB2FBF4F600EB8303B0
:104320001D680D605D684D609B688B6004FB162204
:1043300080F89921002070BD70B5E8B190F89B21FC
:10434000D2B1C9B10A88B2F5006F15D28A78082AAD
:1043500012D890F89831212490F899515A1CB2FB48
:10436000F4F604FB1622954208D1D0F89011491CAE
:10437000C0F89011022070BD032070BD03EB430311
:104380000C6800EB83031C604C685C608968996072
:1043900080F89821D0F88C11491CC0F88C110020AD
:1043A00070BD10B590F89032146803EB830300EBF6
:1043B00083031C6054685C6092689A601973D0F83B
:1043C00080121961D0F88012491CC0F8801290F850
:1043D0009012491CC9B280F8901290F89122914233
:1043E00001D980F8911210BD40B10188B1F5006F7C
:1043F00004D28078082801D8012070470020704737
:1044000010B5040006D04FF42571ECF76BFC0120C9
:1044100084F8920210BD00002DE9F041044600210D
:1044200008460A4694F8905218E000BF02EB820357
:1044300004EB83031E7B7EB160B101EB810704EBCB
:10444000870797F80CC0664504D805D11B693E69FB
:10445000B34201D901201146521CD2B29542E5D88F
:10446000002808D0204600F047F8D4F88C02401C01
:10447000C4F88C020120BDE8F08100002DE9F04174
:104480000C464FF0000148B190F8923233B12CB194
:1044900022B190F8907227B101231BE00220BDE801
:1044A000F0810120FBE700BF03EB830601EB8105F0
:1044B00000EB860600EB850596F80CC095F80CE03D
:1044C000F44504D304D136692D69AE4200D21946B1
:1044D0005B1CDBB29F42E7D801EB810300EB830357
:1044E0001D6825605D6865609D68A5601B7B137015
:1044F00000F002F80020D2E770B505460C460AE04D
:1045000004EB8400142205EB800000F11401ECF7A9
:104510008DFB641CE4B295F89002401EC0B2A0422C
:10452000EED895F89002401E85F8900270BD70B5E7
:1045300004000D4616460AD094F8920238B110468F
:10454000FFF752FF18B1032D03D9032070BD0220DD
:1045500070BD94F89002202804D355B92046FFF787
:104560005BFF30B1324629462046FFF71AFF002094
:1045700070BDD4F88402401CC4F88402042070BDCD
:104580002DE9F041050016460F4621D095F892021C
:10459000F0B1EFB1072E1BD15FF0000404EB440033
:1045A00007EB8000FFF720FF90B1641CE4B2B44237
:1045B000F4D395F89002C0F12000C0B2B04209D205
:1045C000D5F88802401CC5F888020520BDE8F081B6
:1045D0000220FBE75FF00004012104EB440007EB3D
:1045E00080022846FFF7DDFE641CE4B2B442F3D338
:1045F0000020EBE72DE9FF4F83B00446109FDDF864
:104600004890DDE91356DDF810A04FEA47000FFA95
:1046100080F8B9F1040F22D0B9F1060F1FD0B9F11B
:10462000050F5FD0B9F1140F59D1A388E288CDF8F6
:1046300004804FF00008B4F90200B4F90010121A17
:1046400007FB001C591A491C0FFA81FB521C0FFA78
:1046500082F90AEB4C0A4FEA4B00009085E02046B5
:1046600009F032FC0146019030460DF0C7F9A188EF
:10467000AB46CDF80880B4F90280B4F9000007FB1E
:104680000802081A401C00B200900AEB42074FEAE9
:10469000400A0DE05246394658460DF0FDF80298A2
:1046A00008F101080FFA88F8074400980BEB400B5B
:1046B000B4F906004045EDDAB9F1060F0FD100223A
:1046C0004EF207001146ADF8000005E035F8113054
:1046D000834200D17254491C019B9942F6D307B022
:1046E000BDE8F08FB4F902200023A188B4F806C019
:1046F000B4F90000ACEB020C0C1A07FB0201641CBD
:1047000022B2B81A0CF1010C00EB400701EB410199
:104710000FFA8CF40FFA87F801EB0A0015E000217C
:104720000BE08778775490F801C0077807EB0C2CE2
:104730004F1C25F811C039B2C01C9142F1DB5B1C43
:104740001BB2404405EB42051644A342E7DBC6E733
:10475000009A514628460DF09FF8019A08F1010091
:104760000FFA80F805EB4B059244C845F0DB05983D
:10477000B4F90220069B4500B4F900100498002407
:1047800005FB030007FB02110D1808E05A462946F5
:1047900030460DF081F8641C24B25E443D444C4523
:1047A000F4DB9CE7DFED020A20EE200A70470000F0
:1047B00035FA8E3CF0B52DED028B83B01F46060016
:1047C0000D46B0EE408A0A9C22D0002D20D004B9BC
:1047D00011A462B1B0EE480A05F0EEFB38B1B7EEB5
:1047E000C80A02948DED000B47B10BA307E00BA2A2
:1047F000234629463046EBF745FF05E009A3294645
:104800000AA23046EBF73EFF7119002001F8010CB7
:1048100003B0BDEC028BF0BD000000002D2D202563
:1048200073000000E8BF87E69C9F20002573252EBB
:104830003166202573000000044810B50078002878
:1048400003D003480121ECF7C1FA10BDF4010124A3
:10485000089F02242DE9F04105000F4602D00A4CC2
:10486000207810B10020BDE8F0810848ECF799FAF3
:104870004FF0000608B12670F4E70120207038469A
:10488000A84701202670EEE7F4010124089F0224C6
:1048900030B568B161B190F821204AB1B43000243C
:1048A00090E82C0081E82C0000F8934C012030BDEA
:1048B000002030BD10B568B161B190F823204AB135
:1048C00000F154021CCA81E81C00002106F0D8FF48
:1048D000012010BD002010BD2DE9F04704001D4649
:1048E00090460F46DDF820904FF0060616D0494658
:1048F00007F004F890B1A9EB0500322836D2A07E6B
:1049000078B1E16A404606F061FF70B3216B28463A
:1049100006F05CFF48B3A07E18B10BE00020BDE8B4
:10492000F087616AA9420DD0284606F04FFFE0B13A
:10493000A07E38B1206B281A322803D302212046EA
:1049400006F01EFFC4E90B850121A17649462046E9
:10495000678006F098FEB7F5805F0CD300202076C4
:104960004FF6FF71A18060764DE0FFE74946204693
:1049700006F089FED2E7607E032802D2217E032959
:1049800001D9ECF735F804EB400003214782607E43
:10499000401CB0FBF1F201FB12006076207E032880
:1049A00001D2401C2076C0B203282CD1628AA18A91
:1049B0008A4201D2104600E0084600D91146E28A38
:1049C000824204D38A4201D9084600E01046A08002
:1049D00066788046134F062E06D237F81610C82286
:1049E000404606F0E2FF70B95FF0000640469622AE
:1049F00037F8161006F0D9FF08B1F6B203E0761CBE
:104A0000062EF3D306262A463146204606F0DCFD64
:104A10004946204606F037FE204606F07DFF01207D
:104A20007DE700006C09030870B504000D460CD04A
:104A3000C021ECF757F965620620A5624FF6FF71B9
:104A40002070607020746180A18070BD10B504007A
:104A500008D006F018FE002804D02046BDE810401B
:104A600006F05ABF10BD0000024901200870FFF790
:104A7000E3BE00001002012470B50D0008D095E8D7
:104A80000E0000F049F8040002D094F87A0008B152
:104A9000002070BD2022294604F13800ECF7C6F84A
:104AA000012084F87A0070BD002810B513D011B130
:104AB00090F83C2272B9002200EBC21393F87840C0
:104AC00064B193F87C404CB91B7B082B04D00023C5
:104AD0008B4203D1012010BD0123F9E7521CD2B251
:104AE000042AE9D3002010BD70B50D0008D095E868
:104AF0000E0000F011F8040002D094F87C0008B118
:104B0000002070BD2022294604F15800ECF78EF8F1
:104B1000012084F87C0070BDF0B5050014D000249D
:104B200005EBC41090F8786056B1067801F0FF0EDE
:104B3000D0E9017C764503D1974201D19C4504D050
:104B4000641CE4B2042CEBD30020F0BDF0B50028C7
:104B500029D090F81E1200F5007029B3C17F19B357
:104B6000017F09B3417FF9B18169E9B9D0E9005406
:104B7000511B73EB040117D3D0E90210561A73EBE3
:104B8000000611D3094F551B63EB040400267D1B5F
:104B9000A64109D3511A3D4663EB00030024681A6D
:104BA0009C4101D30120F0BD0020F0BDF04902007E
:104BB000002803D04FF41071ECF794B870470B46FF
:104BC000010010B510D07BB1002001EBC01494F8A7
:104BD00078202AB194F87A2012B194F87B202AB177
:104BE000401CC0B20428F0D3002010BD202218467B
:104BF00004F13801ECF71AF8012084F87B00204614
:104C000000F03DF8012010BD0B46010010B510D09A
:104C10007BB1002001EBC01494F878202AB194F8FD
:104C20007C2012B194F87D202AB1401CC0B2042827
:104C3000F0D3002010BD2022184604F15801EBF7F4
:104C4000F5FF012084F87D00204600F018F80120CF
:104C500010BD000002004FF000000ED05FF0000118
:104C600002EBC11393F8783003B10123491C1844B7
:104C7000C9B20429C0B2F3D370470020704790F83E
:104C80007B10002906D090F87D10002902D08021E9
:104C9000ECF728B870470000F0B5002824D0D0E920
:104CA000845100F500708D421ED0817F00291BD0F9
:104CB000017F002918D0417F002915D08169002982
:104CC00012D1D0E90041161B73EB01060CD3074F3C
:104CD000141B63EB010100263C1B8E4104D345618C
:104CE0000121C177C0E90223F0BD0000F0490200B4
:104CF0002DE9F04105000C464FF000060ED06CB1D6
:104D0000207801280AD1A06840B1616831B1217FC3
:104D100021B1072902D8217B082902D90320BDE847
:104D2000F081D5F83822904201D80D20F7E7082904
:104D30004FF0010801D0002718E001272846394626
:104D4000FFF7B2FE20B92846FFF784FF04280DD3F1
:104D5000227F95F83C12521E08FA02F0014385F8B2
:104D60003C12A068C5F838020F20D8E7394628461B
:104D7000FFF79AFE08B10120D1E705EBC01191F8C9
:104D8000782022B1097B082901D0761CF6B2401C9C
:104D9000C0B20428F1D30FB9032E0ED22846FFF774
:104DA00059FF042809D2002005EBC01696F87810A8
:104DB00029B1401CC0B20428F6D30C20AFE78021F3
:104DC0003046EBF78FFF382221463046EBF72EFFB7
:104DD00086F87880A068C5F8380200209FE770B593
:104DE00013460A46F0B1EBB1002100EBC11494F870
:104DF00078509DB194F8795085B9257B082D0BD05A
:104E0000002595420AD1382221461846EBF70EFFBD
:104E1000012084F8790070BD0125F2E7491CC9B270
:104E20000429E2D3002070BD002805D090F83C1280
:104E3000002280F83C220846704700282FD0002925
:104E40002DD00A69D0F810329A4205D0C0F810224D
:104E5000D1E90023C0E980238A7F80F81E220A7FDF
:104E600080F81C224A7F80F81D228A69C0F8182227
:104E700091F8202080F820224A8CA0F8222291F874
:104E8000242080F824228A6AC0F82822CA6AC0F83E
:104E90002C220A6BC0F83022496BC0F834127047DC
:104EA00010B504002DD094F8C00405F098F800283F
:104EB00028D194F8C60405F092F8002822D194F87D
:104EC000C10428B994F8C20410B994F8C30420B1FD
:104ED00094F8C404411E062914D994F89C0628B1FC
:104EE00094F89E0605F07BF800280BD194F89A06FA
:104EF00010B994F8980620B194F85C05411E062973
:104F000000D9002010BD70B505000C460ED0002C55
:104F10000CD005F5A861204618F0E2FB002805D06A
:104F2000207E85F89B06607B85F86E0670BD0000CC
:104F3000F0B504001746A3B00D4601D0072D02D9E5
:104F4000002023B0F0BD00F02DFB84F86E0618B1F0
:104F5000204613F08DF8F3E7284606F04BFD064691
:104F6000204618F01AFE00F13C01324611A800F06C
:104F700087FD4422684611A9EBF758FE382104F555
:104F80009A60EBF7AFFE84F8DC54204684F8ED74A9
:104F900018F003FE007884F8EC04204618F0FDFDBC
:104FA000C068032DC4F8E8040DD0B7EE000AFFF77F
:104FB000F9FBDDED030AB4EEE00AF1EE10FA05DDCF
:104FC000B0EE600A06E09FED2C0A03E0B7EE000A9F
:104FD000FFF7E8FB04F5806080ED3C0AB2EE040ABE
:104FE000FFF7E0FBDDED040AB4EEE00AF1EE10FAA3
:104FF00002DDB0EE600A03E0B2EE040AFFF7D2FB76
:1050000080ED3D0A9DED0D0A80ED3E0A9DED0E0AF4
:1050100080ED3F0A0F98C4F80405204618F0BDFD46
:10502000C068032DC4F884062069C4F888061BD024
:105030005FF0000094F86F16002584F88F060329AE
:1050400005D084F89F5684F89C5684F86F56204605
:1050500000F0F3FB50B10421204612F0D1FF84F898
:105060008D5684F88E5604E00220E3E7204604F0D3
:10507000ABFA012065E70000000000002DE9F041D7
:1050800004000E4644D0002E42D004F5A8613046FC
:105090000D4618F025FB04F5B66728B939463046A9
:1050A00018F01EFB002833D02022314604F5BD60E5
:1050B000EBF7BCFD0120294684F89F06304618F026
:1050C0000FFB4FF0000508B184F89A563946304678
:1050D00018F006FB38B184F89D5684F89C56707F12
:1050E00008B184F86F56F07B84F86E06204618F0FD
:1050F00043FF84F8080694F89A0630B994F89D06A0
:1051000018B994F86F06012802D1062084F8080621
:10511000BDE8F0812DE9F04704000D4637D0002DA1
:1051200035D02878052808D0697800264FF0010886
:10513000012914D0022837D03DE04878012826D133
:1051400094F8C10430B994F8C20418B994F89A06D6
:1051500000281CD02046BDE8F04717F0C2BF012848
:1051600002D0022815D026E094F8C12442B994F860
:10517000C2242AB994F89A2612B994F8C324D2B159
:10518000204617F0AEFF84F8958684F89486BDE833
:10519000F08784F8968684F8956684F8946684F897
:1051A0009766C4F88066F2E794F80826052A02D1CB
:1051B00094F8942642B194F89226002AE7D0062962
:1051C000E5D0012905D023E084F8956684F8968619
:1051D000DDE701281CD194F894060028D7D194F873
:1051E00095060028D3D194F8C104474684F89486E4
:1051F00040B994F8C20428B994F89A0610B994F802
:10520000C30428B1204617F06CFF84F89576BEE7FA
:1052100094F80826062ABAD02878052A07D001284B
:1052200045D00428B3D168780128B0D042E00128E5
:1052300002D16978022924D069780129A7D194F88C
:1052400095160029A3D1012827D003289FD194F8CF
:10525000970600289BD094F89406002897D0D4F89D
:105260007C06D5E90121101A814200D80846C4F80D
:105270008006B0F5487F8AD32046BDE8F04719F094
:10528000DDB994F84816204612F0BAFEC4F88066DC
:1052900084F8966684F8976679E794F8960600286D
:1052A00096D084F897866868C4F87C066FE76878BB
:1052B00001281AD0C0B2032817D00027C0B2042892
:1052C00015D0052816D00021112A04F59A6A04F594
:1052D000C2692DD2DFE802F0106D7FFCE32C2CFBBD
:1052E000FB38DF83FAB4C1F9F8000127E6E74FF095
:1052F000FF31E9E70121E7E751B194F88E06032277
:10530000C91C084490FBF2F102FB110084F88E06E0
:10531000002F0DD094F88E0658B101280BD009212A
:10532000204684F84A6612F06BFE207D012805D0E5
:1053300032E1012128E184F84B66FDE0002220469D
:105340000121FFF7F5FD27E1022808D00128A3D1AC
:1053500094F8C60430B1204617F0C3FE1CE194F85F
:105360004A1611E1207D012806D0002120460022A6
:10537000FFF7DEFD10B10FE10121F7E7207D0328E3
:1053800016D1204618F009FC007894F8C41488421D
:105390000ED194F86E060E2803D0092801D00828F3
:1053A00006D1204618F0F9FB0178204617F09CFE44
:1053B000F2E00722204612F003FE94F88E0684F8ED
:1053C0008C061FB10B21204612F01AFE68780228C5
:1053D00033D10021D8E002282FD10B21D4E00622BE
:1053E000204612F0EDFD27B394F88E0660B1042834
:1053F0000DD005280ED0012812D000BF4FF00102B9
:1054000011D14FF0020111E04FF0020104E04FF022
:105410000D0101E04FF00E01204612F0F1FD08E011
:105420004FF00202ECE7022808D003212046FFF7E4
:105430007FFD687802283FF47CAFADE00421F5E7FA
:105440000222204612F0BCFD17B394F88E0610B16C
:10545000012205210FE00222FBE70422204612F080
:10546000AFFDAFB194F88E06022808D0032808D00B
:1054700078B1072100222046FFF75AFD22E00A21D9
:1054800003E00E2084F84A060921204612F0B8FDF8
:1054900018E00621EEE702287ED10E2174E02046B6
:1054A00000F0CBF9401CC2B2204612F089FD4FB18A
:1054B000204600F0C2F994F88E168842204608D1A2
:1054C00004F082F8687886E738E020E00CE03CE001
:1054D00030E000F0C0F93822514684F88F06484683
:1054E000EBF7A4FB0C21D0E719B14942204603F0A9
:1054F00013FF6878022804D001287FF454AE0421F9
:1055000042E0382249465046EBF790FBF7E703228A
:10551000204612F055FD3FB194F88E06032184F821
:105520009006204612F06CFD6878022834D194F879
:105530004B1629E002282FD10F2125E0022801D0A7
:105540000128DAD194F849161EE0032805D10F216D
:10555000204684F84B2612F053FD6878022801D0CB
:105560000128CAD1204600F088F9070002D06878E7
:10557000012805D00B21204612F042FD47B10BE077
:105580000B2084F84A060921204612F039FD03E079
:1055900084F89F6684F86F6668780128ADD184F836
:1055A0009586F4E52DE9F04104000D4601D0082D63
:1055B00003D94FF00300BDE8F08109D190F8C80489
:1055C00018B100BF4FF00000F5E74FF00200F2E71E
:1055D00018F0E3FA064694F89106002872D0D4E950
:1055E0000023D4F87016D4F874068F1A70EB0307F2
:1055F00068D3864F8A1A60EB0303D21B73F1000253
:1056000060D294F8C824002ADFD094F8C724002A76
:10561000DBD0032D01D0042D03D194F8C924002A36
:10562000D3D094F892266AB394F8932652B394F8A0
:1056300054203AB394F8552022B394F856200AB374
:1056400094F85720F2B1D4E90E7CCA1B70EB0C021F
:1056500018D3D4E91023B1EB020E70EB030E11D373
:10566000DFF8A8E1CF1B60EB0C0CB7EB0E077CF169
:10567000000707D2891A774660EB0300C91B70F157
:10568000000001D30A2096E794F8C104D8B994F831
:10569000C204C0B994F8C304A8B994F89A0690B9A2
:1056A00094F8980678B994F8990660B994F89D062C
:1056B00048B994F86F06012805D094F8CA1421B1AE
:1056C0000C2078E76CE0012075E7032803D03DB19A
:1056D000012D05D009E0072D0AD0062D67D107E07E
:1056E00094F8C60480BB012D06D07DB1012D13D0E6
:1056F000207D01280ED108E094F8C40460B1217D1A
:1057000051B13178814205D106E02DB9207D18B123
:10571000032801D007204EE7307A022801D0012863
:1057200019D1022D28D0032D26D0042D24D0052DEB
:1057300022D00DB1012D0ED194F8C61459B902280A
:1057400003D0012804D006E031E096F83C0001E0E7
:1057500096F83D0080B9707810B3B07800B3306926
:1057600096281DD296ED060A04F026FCC0B196EDEF
:10577000070A04F021FC98B194F88C063178401C9B
:1057800081422BD1707948B3F07938B3B07928B31E
:10579000307A18B3072D3FF415AFF07838B901E02F
:1057A000082008E70DB1012D03D1307908B1092097
:1057B00001E796ED070A04F0FFFB78B11449F069A0
:1057C00088420BDC1349884208D8706920B994F8E4
:1057D000CC0428B1012D03D0062D01D00E20EAE61D
:1057E000284606F007F9014606F13C00044612F08F
:1057F00014FD00287FF4E6AE012D05D101212046DD
:1058000012F00BFD0028F5D10420D4E6F049020087
:10581000CDCC4C3DCDCC4CBD10B504000CD04FF4DC
:10582000D461EBF75FFA002284F808260E2184F891
:105830006E160120C4F8780610BD002808D090F834
:10584000DC04022804D0042803D0032800D0002060
:10585000704705207047024600B5FFF7EEFF88420B
:1058600001D8FF2000BD92F8DC04032803D00020FB
:105870000844C0B200BD0220FAE7002817D090F813
:105880006F16032914D090F8C61489B990F89F16A2
:1058900061B190F8051649B990F8F405082807D0C9
:1058A000022805D0032803D0042801D00020704727
:1058B0000120704770B504000D4623D0002D21D083
:1058C00084F86E260026287B082811D10F2A12D1D1
:1058D00004F5B661284617F003FF30B1012184F8C2
:1058E0009D66062084F86F160AE0287B082802D0FF
:1058F00084F89A6603E084F89D6684F89C66082024
:1059000084F8080670BD70B504000B460DD063B175
:1059100094F89906002550B13822184604F5B6616E
:10592000EBF784F984F899560DE0002070BD94F8E7
:1059300098060028FAD03822184604F5AF61EBF734
:1059400075F984F89856012070BD00002DE9F041EA
:105950000400DDE906877AD004F5CE6084F89286EB
:1059600084F893764FF000060CC059B14FF49A6258
:105970002046EBF75BF9012084F89106204619F0E8
:1059800013FC19E094F89106B0B1D4E900013B4D45
:10599000101A63EB0103401B73F100000CD30020CD
:1059A000014600EB410202EB0111401C04EBC10176
:1059B000072881F89960F3D394F80806042803D0E7
:1059C0000C2801D0052824D194F8DC142046FFF7D8
:1059D000E9FD21690546D4F8880688420FD12046A2
:1059E00018F0DBF8C068D4F88416884207D1204646
:1059F00018F0D3F8007894F8EC14884201D006250A
:105A000000E035B184F86E562046C4F8806617F081
:105A1000BFFB94F8C104E0B994F8C204C8B994F883
:105A2000C304B0B994F89A0698B994F89D0680B961
:105A300094F86F0601280CD094F80806062806D1C1
:105A4000204618F099FA84F8080684F89C66BDE8A8
:105A5000F081062184F80816B8F1000F01D0002F5C
:105A6000F5D1207E012803D094F89A060028EED0C4
:105A70002046BDE8F04117F034BB0000F0490200B9
:105A800070B592B01546442206460C466846EBF7C0
:105A9000CDF87DB194ED050A8DED010A94ED060A6D
:105AA0008DED020A94ED070A8DED030A94ED080AC4
:105AB0008DED040A442269463046EBF7B7F812B080
:105AC00070BD0000DFED020A20EE200A70470000E2
:105AD000E02E6542142803D2024951F82000704795
:105AE00001A0704778090308E69CAAE79FA5E58E08
:105AF0009FE59BA00000000010B504002CD094F896
:105B0000790B002828D000F029F8002824D094F838
:105B1000EC01002820D00FF033FED4F8E811411A30
:105B2000142919D3D4F8E411C4F8E801401A8C28D8
:105B300003D3002084F8EC0107E0B4F9E011C0F1D0
:105B40008C028C20514391FBF0F0A4F8DE01206818
:105B5000BDE810400DF000BF10BD00000348007804
:105B600008B1002070470120704700001002012496
:105B70002DE9F84F04007DD040F67C31EBF7B2F808
:105B80000AF09EF90028C4F8740B74D000210AF0C2
:105B9000CFFA00200CF056FA002820606BD0884D18
:105BA00000212A460EF025FC2068F0224FF48C716B
:105BB0000EF05EFE20680022FF210EF049FF08F083
:105BC00055FA0022014620680EF036FF20681021A9
:105BD0000CF0A8F97B491622206823460BF03AFF07
:105BE00020680CF02FFA0028A06444D00021AB46B6
:105BF0002A460EF0FEFBA06C302210210EF019FE9A
:105C0000A06CA022F8210EF033FE08F02FFA00223B
:105C10000146A06C0EF010FFA06C0022FF210EF0D8
:105C200017FF08F03FFB00220146A06C0EF015FFA5
:105C3000A06C002202210EF01CFFA06C00220821A3
:105C40000EF030FFA06C01210BF054FFA06C12216C
:105C50000CF068F91A2600964FF484752068022229
:105C60002B46082106F0DAFCD422606008212B467E
:105C7000009601E085E09FE0206806F0CFFC6368B5
:105C80006062002B7DD000287BD000221846FF21C7
:105C90000EF0DEFE08F0EAF90022014660680EF020
:105CA000CBFE606A0022FF210EF0D2FE08F0DEF982
:105CB00000220146606A0EF0BFFE08F0F3FA0022EF
:105CC0000146606A0EF0F8FE1827AA465FF000054C
:105CD0004FF022084FF01E09009705EB450220689F
:105CE0000821534608EBC20206F098FC04EB850637
:105CF0001C232222B0601021CDF80090206806F00D
:105D00008DFCB062B168002958D0002856D02E49C9
:105D100000220EF0DDFE08F0C5FA00220146B06A4E
:105D20000EF0CAFE05EB8501B06804EB411101F2EB
:105D300012710BF0A7FCB06A24A10BF0A3FC6D1C40
:105D4000072DC9D320680CF07DF90028606433D09A
:105D500000215A460EF04DFB606CCF220A210EF056
:105D600068FD606C032201210EF082FD606C002250
:105D7000FF210EF06DFE08F095FA00220146606CDE
:105D800000E01BE00EF058FE606C01210BF0B2FE4B
:105D9000606804F5F9710BF075FC606A04F2A261A9
:105DA0000BF070FC002184F8781B206808F0E4FBFD
:105DB000FFF7D4FE84F8790BBDE8F88F0020FBE7ED
:105DC000FFFF0F009D3101080C4304080000000094
:105DD0002DE9F04F2DED028B06001746D5B00C468D
:105DE0000FF298380FF2BC394FF0FF3054907BD04F
:105DF000002CFCD0002FFAD096F8790B0028F6D0B2
:105E0000FFF7ACFE0028F2D094F8080611286BD2F8
:105E100094F88C16072900D3002196F8782B01EB13
:105E2000410303EB0113824204EBC30505F198051E
:105E300001D086F8780B00204FEA000100EB8002C9
:105E4000401C06EB4212072882F84212F6D394F85F
:105E500008060D2881F0E382DFE810F00D001A013A
:105E60007503C6047D077D07FE0ABE0BBE0B9700B7
:105E7000430416017D070FF2343900202246014603
:105E800001EB410303EB011302EBC30393F89D30D5
:105E900003B1401C491C0729F2D3009094F8C704B1
:105EA00008B1C6A300E0C7A3A021CAA204A8EAF7CC
:105EB000E9FB0021304604AA17F080F900202246B1
:105EC0004FEA000101EB410303EB011302EBC303B3
:105ED00093F8993003B1401C491C0729F2D3009074
:105EE00094F8C50418B100E0F4E3BFA300E0C1A337
:105EF000A021C3A204A8EAF7C5FB0121304604AAE9
:105F000017F05CF994F8CC0408B1C4A205E0207D38
:105F1000012832D0032832D0C7A23046022117F020
:105F20004DF903213046CBA217F048F90421304641
:105F3000D0A217F043F9207D012822D0D5A2304607
:105F4000052117F03BF9207D01281CD000212046B7
:105F5000FFF728FBFFF7BEFD06210246304617F08B
:105F60002DF994F88E160320B1FBF0F200FB12100D
:105F70000FF23438C01C01F051BAD3A2CDE7D9A238
:105F8000CBE7DEA2DBE70121E1E70FF28439287AD3
:105F900010F0CAFAA97909B1E2A100E0E5A1E9A2ED
:105FA000CDE9000194F88C36A02104A85B1CEAF727
:105FB00069FB0021304604AA17F000F994F8C804E0
:105FC00008B1E4A200E0E9A23046012117F0F6F89A
:105FD000E87908B1ECA000E0EDA00090687908B184
:105FE000E9A300E0EAA3A021EBA204A8EAF74AFB98
:105FF0000221304604AA17F0E1F8A87860B12869B8
:106000000090687808B1E0A300E0E9A3A021EAA22B
:1060100004A8EAF737FB04E0A021EBA204A8EAF702
:1060200031FB0321304604AA17F0C8F895F83C006C
:1060300008B1E9A200E0EEA23046042117F0BEF854
:10604000207D012812D000212046FFF7ABFAFFF790
:1060500041FD05210246304617F0B0F894F8C80417
:1060600030B194F8C60428B1E7A204E00121EBE7BF
:10607000E9A200E0EFA23046062117F09FF80620C3
:106080005490F1A08046FAE30FF2DC39FAA0F9E768
:106090000FF20C494FF0000A94F88D1601EB0A003C
:1060A000834600EB400101EB0B1104EBC10595EDBC
:1060B0002C0A9835FFF706FDFDA000906B78502163
:1060C000AA782CA8FEF776FB68690028287A16D0F3
:1060D00010F02AFA69786A6909B1F6A300E0F7A31B
:1060E0000BF10101CDE90220CDE9001394F88C16E3
:1060F000594501D1F5A300E0F5A3F6A221E010F087
:1061000013FAA9782CAA49B1697829B1E97809B1BB
:10611000F4A308E0F5A306E0A5A304E0697909B1BA
:10612000F4A300E09AA30BF10101CDE90202CDE94D
:10613000001394F88C16594501D1E4A300E0E4A3C0
:10614000EFA2A02104A8EAF79DFA04AA514630461E
:1061500017F034F894F88C16594501D1CDF850A1B8
:106160000AF1010ABAF1050F96D305213046E8A2DB
:1061700017F024F894F88D36581DD7E1E5B7A6201E
:10618000E8BF94E59B9E2020E4B88AE4B88B20E920
:106190008089E68BA92020E4B8AD20E8BF9BE58587
:1061A000A5000000E680BBE8A7880000E7B3BBE7D6
:1061B000BB9FE680BBE8A78800000000E58FB0E643
:1061C0009EB60000E7949FE4BAA7E58FAAE8AFBBAC
:1061D000000000002573202F20E5B7B2E58F91E77E
:1061E0008EB02025752F3700E5B7B2E8BF9EE68E4A
:1061F000A5000000E69CAAE8BF9EE68EA500000070
:106200005553422025732020E58F8DE9A688E69C12
:1062100089E695882025752F37000000E7B3BBE796
:10622000BB9FE69585E99A9C202F20E69FA5E79CD9
:106230008BE8AF8AE696AD00E68EA7E588B6E69DC8
:10624000833A20E8BF9CE7ABAF202F20E58FAAE878
:10625000AFBB0000E794B5E69CBAE58897E8A1A833
:10626000202037E58FB0202F20E6AF8FE9A1B5358C
:10627000E8A18C00E8AF8AE696ADE4BFA1E681AF65
:106280002020E68C89E994AE202F20E698BEE7A472
:10629000BA000000E794B3E8AFB7E69CACE59CB069
:1062A000E68EA7E588B60000E4B88AE4B88B20E95A
:1062B0008089E68BA92020E4B8AD2FE58FB320E8D4
:1062C000BF9BE585A5000000E68EA7E588B6E69DA4
:1062D000833A20E69CACE59CB0E5B7B2E68E88E652
:1062E0009D830000E68EA7E588B6E69D833A20E60A
:1062F0009585E99A9CE99481E5AE9A00E9878AE65A
:1063000094BEE69CACE59CB0E68EA7E588B600009E
:10631000E69CACE59CB0E68EA7E588B6E6A380E6F1
:106320009FA50000E6A8A1E5BC8FE5B7B2E6A0A155
:10633000E9AA8C00E6A8A1E5BC8FE69CAAE6A0A18C
:10634000E9AA8C0049442575202573202F20257348
:1063500000000000E69CACE59CB0E68EA7E588B6A0
:106360003A20E5B7B2E5BC80E694BE00E69CACE519
:106370009CB0E68EA7E588B63A20E59BBAE4BBB6AA
:10638000E58FAAE8AFBB0000E69C89E6958800008F
:10639000E69CAAE79FA50000E58F91E78EB0202537
:1063A00073202F20E88C83E59BB420257300000028
:1063B000E8BF87E69C9F0000E58F8DE9A688202531
:1063C0007320256C756D7300E58F8DE9A6883A20E2
:1063D000E69CAAE79FA50000504F53E6A087E5AED4
:1063E0009A3A20E5B7B2E9858DE7BDAE000000001E
:1063F000504F53E6A087E5AE9A3A20E5B09AE69C66
:10640000AAE9858DE7BDAE00E4B8ADE994AE20E51C
:10641000819CE6ADA2000000E58FAAE8AFBB202F6B
:1064200020E69CACE5B18FE4B88DE58FAFE68EA792
:10643000E588B600E4B8ADE994AE20E9878DE6962C
:10644000B0E6A380E69FA500E5B7A620E8BF94E5E7
:106450009B9E2020E58FB320E794B5E69CBAE8AF79
:10646000A6E6838500000000E794B5E69CBAE693B3
:106470008DE4BD9C00000000E5B7A620E58897E804
:10648000A1A82020E4B88AE4B88B20E98089E68BB3
:10649000A92020E4B8AD20E8BF9BE585A500000059
:1064A000E794B5E69CBAE58897E8A1A8000000004B
:1064B000C2B00000E69585E99A9C0000E69585E962
:1064C0009A9CE8BF87E69C9F000000003E00000009
:1064D000200000002573257520257320256C75206C
:1064E00025730000E4BDBFE883BD0000E5A4B1E86A
:1064F00083BD0000E5B7B2E58F91E78EB0000000E4
:106500002573257520257320257320257300000031
:10651000E4BD8DE7BDAE3A20E794B5E69CBAE8BE8F
:1065200093E587BAE8BDB420C2B00000A021009076
:106530005B1CF9A204A8EAF7A5F80621304604AAD4
:1065400016F03CFE9FE5AFF2F009287A0FF0ECFF61
:10655000A97849B1697829B1E97809B1F7A104E0CE
:10656000F9A102E0FBA100E0FEA1CDE9000194F851
:106570008C36AFF23022A0215B1C04A8EAF782F827
:106580000021304604AA16F019FE95ED060AFFF721
:1065900099FAAFF2E400009050216B782CA8AA7809
:1065A000FEF708F9A0212CABF2A204A8EAF76AF8DA
:1065B0000121304604AA16F001FE95ED070AFFF707
:1065C00081FAEFA000906B785021AA782CA8FEF7F2
:1065D000F1F8A0212CABECA204A8EAF753F80221B1
:1065E000304604AA16F0EAFDEAA000906B7850212C
:1065F000AA782CA895ED080AFEF7DCF8A0212CABB0
:10660000E5A204A8EAF73EF80321304604AA16F0F2
:10661000D5FDA87898B1697889B195ED0A0AA021CD
:10662000E0A2B7EEC00A04A88DED020B95ED090AB1
:10663000B7EEC00A8DED000BEAF724F809E008B1C7
:10664000E1A301E0AFF2B823A021E3A204A8EAF796
:1066500019F80421304604AA16F0B0FDA87888B1D4
:10666000687840B16869A0210090DFA22B6904A876
:10667000EAF708F80BE02B69A021E2A204A8EAF7E8
:1066800001F804E0A021E5A204A8E9F7FBFF052139
:10669000304604AA16F092FD94F88E0607281CD006
:1066A00094F86E06D8B1FFF715FA0090E2A294F8BC
:1066B0008E06E04900F0070051F82030A02104A820
:1066C000E9F7E0FF0621304604AA16F077FD062020
:1066D000549000E0FAE3DBA0D4E4E2A0E5E7E5A013
:1066E000E3E70FF2A03994F88C36A021E9A25B1CF5
:1066F00004A8E9F7C7FF0021304604AA16F05EFDA2
:106700004FF000084FF0010B95F894100BFA08F0C9
:10671000014217D005EB88014FF0010A91ED200AE4
:1067200010EE100A6FEAD05010F0FF0F0CD0B7EE49
:10673000C00A8DED000BD1F88800B0F5FA7F24D2A5
:1067400087A323E04FF0000A5021D9A22CA8E9F733
:1067500099FF2CA80090A02108F15003D5A204A80D
:10676000E9F790FF0BEB4801304604AA16F026FD2E
:10677000BAF1000F10D005EB8800A021D0A2D0F80C
:10678000883004A8E9F77EFF0BE0D1A35021D2A204
:106790002CA8E9F777FFDCE7A021D1A204A8E9F74C
:1067A00071FF0221304601EB480104AA16F006FDF4
:1067B00008F10108B8F1020FA6D3D5F89030A02156
:1067C000CBA204A8E9F75EFF0521304604AA16F023
:1067D000F5FC687808B1CBA200E0CFA230460621D4
:1067E00016F0ECFCD3A04DE494F890060FF2583963
:1067F00028B101285DD03B6B002B7DD159E2787A1E
:1068000040B17868A0210090D3A23B8804A8E9F7A2
:1068100039FF04E0A021D6A204A8E9F733FF002144
:10682000304604AA16F0CAFCB87A10B1AFF2A840FC
:1068300000E0D5A000903B7AA021D7A204A8E9F7F8
:1068400021FF0121304604AA16F0B8FCFB68A02104
:10685000D5A204A8E9F716FF0221304604AA16F0D3
:10686000ADFCF869A0210090D4A23B6904A8E9F727
:1068700009FF0321304604AA16F0A0FC00E0C0E3A3
:106880003B6AA021D4A204A8E9F7FCFE042130460B
:1068900004AA16F093FC7B6AA021D5A204A8E9F70C
:1068A000F1FE0521304604AA16F088FCBB6AD7A287
:1068B00046E2236FA021DCA204A8E9F7E3FE002151
:1068C000304604AA16F07AFC636FA021DBA204A86C
:1068D000E9F7D8FE0121304604AA16F06FFCA36F39
:1068E000A021DAA204A8E9F7CDFE0221304604AACD
:1068F00016F064FCD9A200E0DDE1E36FA02104A85A
:10690000E9F7C0FE0321304604AA16F057FCA02187
:10691000D7A204A8B6E10000E8A18C2025752D259A
:1069200075202F20372020E69CACE6ACA1E4B88A85
:10693000E794B5E99BB6E782B9000000E5B7B2E499
:10694000BDBFE883BD000000E5B7B2E5A4B1E883B0
:10695000BD000000E78AB6E68081E8BF87E69C9F1D
:1069600000000000E78AB6E68081E69CAAE79FA5C2
:1069700000000000E4BD8DE7BDAE202573000000DF
:10698000C2B02F7300000000E9809FE5BAA6202561
:10699000730000004E6D0000E8BDACE79FA9202504
:1069A00073000000E6B8A9E5BAA6204D4F53202594
:1069B0002E3066202F20E8BDACE5AD9020252E308E
:1069C00066C2B04300000000E58F8DE9A688E8BFED
:1069D00087E69C9F00000000E6B8A9E5BAA6202D36
:1069E0002D202F2025730000E58F8DE9A688202516
:1069F0006C756D732020E69585E99A9C20256C7551
:106A000000000000E8BF87E69C9F20256C756D7331
:106A10002020E69585E99A9C202D2D00E58F8DE9B3
:106A2000A688202D2D2020E69585E99A9C202D2DE5
:106A300000000000F80B03083E2573207C2025731E
:106A400000000000E8BE93E587BAE8BDB4202F201F
:106A5000E5B7A620E8BF94E59B9EE6938DE4BD9C38
:106A600000000000E4B8AD2FE58FB320E8BF9BE540
:106A700085A50000E4B8ADE994AEE7BC96E8BE9108
:106A800000000000E4BD8DE7BDAEE8AFBBE580BC13
:106A9000000000004944257520E58E9FE5A78BE5A1
:106AA00080BC202F20E69CAAE6A0A1E9AA8C0000C9
:106AB0002D2D000052494425303258202573000006
:106AC000E6A0B7E69CAC20256C756D730000000055
:106AD000E8BF87E69C9F20002573252E36670000BF
:106AE000E6A0B7E69CAC20E69CAAE79FA5000000C4
:106AF000E8AFBBE58F96E8B685E697B620256C75BE
:106B000000000000E78AB6E68081E58F8DE9A6885F
:106B100020E69C89E6958800E78AB6E68081E58FC5
:106B20008DE9A68820E69CAAE79FA52FE8BF87E607
:106B30009C9F0000E58FAAE8AFBB202F20E5B7A6F9
:106B400020E8BF94E59B9E00E8AF8AE696ADE4BFDF
:106B5000A1E681AF000000004144432025752020BC
:106B6000E6A0B7E69CAC20256C756D7300000000B4
:106B7000414443202D2D2020E6A0B7E69CACE69CA6
:106B8000AAE79FA500000000E8BE93E585A5E69C66
:106B9000AAE5B0B1E7BBAA00E68C89E994AE20254E
:106BA0007520202573000000E8BE93E585A5E695D5
:106BB00085E99A9C20256C7500000000444D41E950
:106BC0009499E8AFAF20256C752020E59D9720258E
:106BD0006C756D73000000005549E6A088E4BD990E
:106BE000E9878F20256C7520776F726400000000A4
:106BF000E68EA7E588B6E88097E697B6E69C80E53E
:106C0000A4A720256C75207573000000E68EA7E50B
:106C100088B6E591A8E69C9FE69C80E5A4A7202580
:106C20006C75207573000000E68EA7E588B6E8B69F
:106C300085E69C9F20256C750000000043414EE4D2
:106C4000B8A2E5BC8320256C75000000555342E4D2
:106C5000B8A2E5BC8320256C75000000E68B92E7A6
:106C6000BB9DE8AFB7E6B18220256C75000000003F
:106C7000E581A5E5BAB7E5819CE6ADA220256C7556
:106C800000000000D4F88030E9F7FCFC0421304615
:106C900004AA16F093FAD4F88430A021D9A204A84B
:106CA000E9F7F0FC0521304604AA16F087FADAA2CB
:106CB0004BE0AFF20423A021E0A204A8E9F7E2FC34
:106CC0000021304604AA16F079FA54F8883FA02132
:106CD000DDA204A8E9F7D6FC0121304604AA16F08B
:106CE0006DFA6368A021DDA204A8E9F7CBFC0221BC
:106CF000304604AA16F062FAA368A021DCA204A818
:106D0000E9F7C0FC0321304604AA16F057FAE368FD
:106D1000A021883CDDA204A8E9F7B4FC0421304698
:106D200004AA16F04BFA7B69A021DEA204A8E9F7B9
:106D3000A9FC0521304604AA16F040FABB69E0A27E
:106D4000A02104A8E9F79EFC04AA3046062116F00B
:106D500035FAE2A0C0E4052818D004F59A61884607
:106D60000B7F591E062905D803EB430101EB0312E3
:106D700004EBC20504280CD0DFA0814698F80C0073
:106D8000092808D2E04951F8200005E004F5A16186
:106D9000E5E7DEA0F1E7E1A00090A021E3A204A8CE
:106DA000E9F770FC0021304604AA16F007FA98F8BB
:106DB0000C00052835D098B301284ED006284CD0B9
:106DC00007284AD098ED090AFEF77CFEB7EEC08A84
:106DD00098ED080AFEF776FEB7EEC00A8DED028B3D
:106DE000A021D4A204A88DED000BE9F74BFC0121F2
:106DF000304604AA16F0E2F998F80C00032847D0B0
:106E0000042845D0A87820B1687810B12869962860
:106E10005DD302213046CFA216F0D0F9D1A27AE09C
:106E20001BE098F81D000FF07FFB8246287A0FF0D8
:106E30007BFBA0210346D2A2CDF800A004A8E9F76D
:106E400021FC0121304604AA16F0B8F9022130468F
:106E5000CFA216F0B3F9D6A25DE098B1012813D005
:106E6000062813D0DBA23046012116F0A7F9022133
:106E70003046DFA216F0A2F994F86E06FEF72AFE5D
:106E8000024648E0E1A2EEE7E7A2ECE7EDA2EAE77E
:106E900098ED0B0AA021F2A2B7EEC00A04A88DED6E
:106EA000020B98ED0A0AB7EEC00A8DED000BE9F768
:106EB000E9FB0221304604AA16F080F9D8F83430F4
:106EC000A021ECA204A8E9F7DDFB23E0F1E395EDB6
:106ED000060AFEF7F7FDB7EEC00AA021ECA204A84F
:106EE0008DED000BE9F7CEFB0221304604AA16F027
:106EF00065F995ED060AD8ED080A30EE200AFEF78E
:106F0000E1FDB7EEC00AA021E6A204A88DED000BBA
:106F1000E9F7B8FB04AA3046032116F04FF998F8B8
:106F20000C0003282CD004282AD005283FD0E2A248
:106F30003046042116F042F998F80C00022838D0A7
:106F4000042836D0032834D0072832D0E2A23046B5
:106F5000052116F033F994F8080605282BD098F887
:106F60000C0002283CD004283AD0032838D0052849
:106F700034D0E0A23046062116F020F9E4A04BE21E
:106F800095ED150AFEF79EFDB7EEC08A95ED140A41
:106F9000FEF798FDB7EEC00A8DED028BA021E4A2AA
:106FA00004A88DED000BE9F76DFB04AAC0E7E6A28B
:106FB000BEE7ECA2CBE794F8960668B1D4F8803629
:106FC000A021F0A204A8E9F75DFB04AA304606213F
:106FD00016F0F4F8F2A01FE2FAA2F7E7FEA2C9E762
:106FE00094F86E0660B1FEF775FD00BF94F88F1639
:106FF0000522B1FBF2F302FB1311434AF432F9E12B
:1070000025E20CE2E7BB93E69E9CE7A7AFE58E8BFB
:1070100020256C7500000000E8BDAFE4BBB6E69526
:10702000B0E68DAE202F20E69CAAE5819AE5AE9EC3
:10703000E789A9E9AA8CE8AF81000000E59BBAE4E2
:10704000BBB620257300000043414E205458E994FC
:1070500099E8AFAF20256C7500000000E981A5E636
:10706000B58BE4B8A2E5BC8320256C750000000058
:10707000E69C80E5B08FE6A088E4BD99E9878F2083
:10708000256C7520776F726400000000E69C80E537
:10709000B08FE5A086E4BD99E9878F20256C752027
:1070A00042000000E698BEE7A4BA535049E7B4AFE7
:1070B000E8AEA1E99499E8AFAF20256C7500000017
:1070C000E698BEE7A4BAE5889DE5A78BE58C96E92E
:1070D0009499E8AFAF20256C75000000E58FAAE811
:1070E000AFBB202F20E5B7A620E8BF94E59B9EE527
:1070F0008886E7B1BB000000E4BA8CE6ACA1E7A14A
:10710000AEE8AEA400000000240B0308E58AA8E462
:10711000BD9CE88D89E7A8BF00000000E69CAAE7B7
:107120009FA5E6938DE4BD9C0000000049442575B1
:1071300020257300E79BB8E5AFB920252B2E3166DB
:10714000C2B02020E9809FE5BAA620252E3166C274
:10715000B02F7300E58AA8E4BD9CE5898D202D2D14
:1071600000000000E79BAEE6A087E69CAAE79FA58B
:10717000202F20E7AD89E5BE85E58F8DE9A6880043
:10718000E6A8A1E5BC8F202573202D3E20257300A5
:10719000E6A8A1E5BC8FE8AFBBE59B9EE5908EE637
:1071A000898DE7A1AEE8AEA4E68890E58A9F00004D
:1071B000E58887E6A8A1E5898D3A20E5A4B1E883B2
:1071C000BDE4B894E9809FE5BAA6E8BF91E99BB613
:1071D00000000000E5819CE6ADA2E5B9B6E8AFB7D6
:1071E000E6B182E794B5E69CBAE5A4B1E883BD00B8
:1071F000E7BB93E69E9CE4BBA5E5BA94E794A8E5BB
:107200008F8DE9A688E4B8BAE5878600E794B3E8ED
:10721000AFB7E69CACE59CB0E6938DE4BD9CE69DE3
:1072200083E9999000000000E4BAA4E8BF98E8BFA1
:107230009CE7ABAFE6938DE4BD9CE69D83E9999016
:1072400000000000E6B885E999A4E5BD93E5898DC5
:10725000E794B5E69CBAE69585E99A9C00000000A3
:107260004B7020252E326620204B6420252E32665E
:1072700000000000E4BF9DE68C8120256C756D73D5
:107280002020E5898DE9A68820304E6D00000000A1
:10729000E58AA8E4BD9CE5898D20252E3166C2B023
:1072A00000000000E9A284E8AEA1E79BAEE6A0875B
:1072B00020252E3166C2B000E8BE93E587BAE8BD4E
:1072C000B4202F20E69CACE6ACA1E4B88AE794B5E4
:1072D000E99BB6E782B90000E7BB93E69E9C3A20A3
:1072E000E7AD89E5BE85E5BA94E794A8E7A1AEE8E5
:1072F000AEA40000E4B8ADE994AEE69FA5E79C8B90
:10730000E6938DE4BD9CE7A1AEE8AEA400000000CA
:10731000E5B7A620E58F96E6B6882020E4B8AD2034
:10732000E69FA5E79C8BE7A1AEE8AEA400000000B5
:107330004D4954E88C83E59BB420252E31667E258B
:107340002E3166C2B0000000E58887E68DA2E59088
:107350008EE4BB8DE4BF9DE68C81E5A4B1E883BDDE
:1073600000000000E7BB93E69D9F3A20E5A4B1E84A
:1073700083BDE5B9B6E6A380E69FA5E58F8DE9A6B6
:1073800088000000E5868DE68C89E4BD8FE4B8AD09
:10739000E994AE20256C75202F203830306D7300B5
:1073A000E5B7A620E58F96E6B6882020E69DBEE5E7
:1073B000BC80E5908EE995BFE68C89E7A1AEE8AE8A
:1073C000A4000000E8AFB7E58588E69DBEE5BC8077
:1073D000E4B8ADE994AE0000E4B8ADE994AEE69F40
:1073E000A5E79C8BE58887E6A8A1E7A1AEE8AEA457
:1073F0000000000052F82130A021B7A2009004A89C
:10740000E9F740F90621304604AA15F0D7FE94F8B2
:1074100008060C281ED0B4A0804606205490549A2A
:107420002146304605F0B8F994F808060C2879D0C2
:107430000D2878D00E2877D00F2876D0102875D058
:10744000092874D0072873D00828FCD058E3AFF27D
:107450003C40CBE5AEA0DFE72046FDF721FD94F8E8
:107460009C16054694F8C024002011B194F89E168D
:107470000A4300215FF0010303FA01FC1CEA020F3A
:1074800000D0401C491C0729F6D3217E39B994F855
:10749000C11411B994F8C21409B1A7A100E0AAA1BE
:1074A0000FF2B42955B101280ED9CDE90001A02170
:1074B0002B46ADA204A8E9F7E5F80DE0A021AEA2A5
:1074C00004A8E9F7DFF807E02B46AFF2A03204A8E2
:1074D0000091A021E9F7D6F80021304604AA15F062
:1074E0006DFE94F86F06012804D094F89C0618B13C
:1074F000A8A207E0AFA205E094F89B0608B1B5A2E8
:1075000000E0BBA23046012115F058FE94F830008F
:1075100016F040FE02210246304615F04FFE45B1FE
:10752000681E07E0FFE2C7E0CBE0CDE0CFE0CFE2AE
:10753000E0E2002000EB400101EB001104EBC10090
:1075400000F1980890ED2C0AFEF7BCFAAFA000906D
:1075500025B198F8020008B1012200E0002298F855
:10756000013050212CA8FDF725F945B12CA82B4658
:10757000A0210090A6A204A8E9F784F805E0A021C4
:107580002CABA4A204A8E9F77DF80321304604AA95
:1075900015F014FE94F8C80408B1A3A200E0A8A254
:1075A0003046042115F00AFE05213046ADA215F043
:1075B00005FE94F86E06FEF78DFA06210246304667
:1075C00015F0FCFD94F8C8140420549011B1AEA03D
:1075D000FEF758BDB5A0FBE7082824D0BDA0814622
:1075E00094F86F06022820D003281ED094F89F0636
:1075F000E8B194F8F505E0B101281CD003281CD0AF
:10760000B8A23046002115F0D9FD94F86E06FEF7B9
:1076100061FA01210246304615F0D0FD94F86F065C
:1076200068B1B4A00FE0BAA0D9E7BFA2E9E7C6A24B
:10763000E7E7C9A2E5E7CCA2E3E7CFA2E1E794F848
:10764000F60516F0A7FD02210246304615F0B6FDFC
:1076500094F86F06022806D038B994F89F0620B136
:1076600094F8050608B1C8A200E0CDA23046032177
:1076700015F0A4FD94F86F0608B1D1A20AE0B4F8A1
:107680000006A0210090D5A294F8023604A8E8F7DD
:10769000F9FF04AA3046042115F090FD052130467B
:1076A000D4A215F08BFD06213046D9A215F086FD37
:1076B00000E0C2E2DEA08BE70FF298390FF2A438A7
:1076C00054E20FF2C43951E20FF2CC3926E20FF244
:1076D000D839F9A00AE20000E7BC96E8BE913A204A
:1076E0002573202025730000E4B88AE4B88B20E9D4
:1076F0008089E68BA92020E4B8AD20E7BC96E8BEDF
:10770000912020E5B7A620E8BF94E59B9E000000ED
:10771000E4B88AE4B88B20E8B083E580BC2020E49C
:10772000B8AD20E4BF9DE5AD982020E5B7A620E5E3
:107730008F96E6B688000000E8BF9CE7ABAFE58A0D
:10774000A8E4BD9C00000000E69CACE59CB0E8AF5E
:10775000B7E6B18200000000E689A7E8A18CE78ABD
:10776000B6E680810000000049442575E7AD892513
:1077700075E58FB020257300E79BAEE6A087E69CF9
:10778000AAE79FA5202F20E7AD89E5BE85E5BFAB21
:10779000E785A70053544F50E5B7B2E8AFB7E6B15D
:1077A00082202F20E7AD89E5BE85E6B885E7908683
:1077B00000000000E5819CE6ADA2E5B7B2E9948146
:1077C000E5AD98202F20E7AD89E5BE85E58F8DE9F1
:1077D000A6880000E5B7B2E58F97E79086202F20B6
:1077E000E7AD89E5BE85E7BB88E680810000000043
:1077F000E8AFB7E6B182E4B8AD202F20E5B09AE655
:107800009CAAE7A1AEE8AEA400000000C2B0000050
:1078100049442575E8BE93E587BAE8BDB4E4BD8D5B
:10782000E7BDAE2025730000E4B8ADE994AEE7AB48
:107830008BE58DB3E8AFB7E6B1822053544F5000CB
:10784000E58FAAE8AFBBE6A8A1E5BC8F202F20E614
:107850009CACE5B18FE4B88DE58FAFE5819CE6ADDA
:10786000A2000000E8BF90E8A18CE4B8ADE4B88DB8
:10787000E58FAFE7BC96E8BE91E68896E68DA2E775
:1078800094B5E69CBA000000E4B8ADE994AE20538C
:10789000544F50202F20E4B88DE4BE9DE8B596E506
:1078A000BD93E5898DE784A6E782B900E58FAAE854
:1078B000AFBBE79B91E8A786202F20E8AFB7E4BDD8
:1078C000BFE794A8E8BF9CE7ABAFE68EA7E588B614
:1078D00000000000E58AA8E4BD9CE7BB93E69E9CFF
:1078E00000000000E58AA8E4BD9CE5A4B1E8B4A5C9
:1078F00000000000E6A0B9E68DAEE69C80E696B0FA
:10790000E794B5E69CBAE58F8DE9A68800000000F3
:10791000E69585E99A9C202F20E6B885E79086E7D2
:10792000BB93E69E9C000000E5819CE6ADA2E99435
:1079300081E5AD98202F20E6B885E79086E5B7B2BF
:10794000E7BB93E69D9F0000E8AFB7E6B182E69CF7
:10795000AAE5AE8CE6889000E58AA8E4BD9CE5AE79
:107960008CE6889000000000E58AA8E4BD9CE5B79D
:10797000B2E5819CE6ADA200E58AA8E4BD9CE5B72E
:10798000B2E58F96E6B68800E58F8DE9A688E5B763
:10799000B2E7A1AEE8AEA4E5A4B1E883BD00000063
:1079A000E5A4B1E883BDE69CAAE7A1AEE8AEA420B9
:1079B0002F20E4BF9DE68C81E99481E5AE9A00001A
:1079C000E7BB93E69E9CE4BBA5E794B5E69CBAE5CD
:1079D0008F8DE9A688E4B8BAE5878600E99499E82E
:1079E000AFAF2025752020E8AFA6E683852025755A
:1079F00000000000E4B88DE4BC9AE887AAE58AA8F4
:107A0000E9878DE58F91E58AA8E4BD9C0000000020
:107A1000E5868DE6ACA1E689A7E8A18CE99C80E823
:107A2000A681E9878DE696B0E7A1AEE8AEA4000096
:107A3000E4B8AD2FE5B7A620E5B7B2E8AFBBE8BF25
:107A400094E59B9E2020E58FB320E8AF8AE696ADB3
:107A500000000000E5B7A5E4BD9CE6A8A1E5BC8F49
:107A600000000000E5B7A620E8BF94E59B9E20201B
:107A7000E4B8AD2FE58FB320E7A1AEE8AEA4E5886A
:107A800087E6A8A100000000E681A2E5A48DE4B885
:107A90008EE5A4B1E883BD00E8AF8AE696ADE5883F
:107AA00086E7B1BB00000000E6938DE4BD9CE69C38
:107AB000AAE68F90E4BAA400E4B8AD2FE5B7A620FB
:107AC000E8BF94E59B9EE4BFAEE694B900000000D9
:107AD00094F8C80420B194F8C60418B184A005E055
:107AE00089A003E0207D012802D08EA0804615E009
:107AF00094A0FBE72046FDF7C0FE08B10FF2642812
:107B000094F808060C280ED004280CD00B282DD091
:107B10000D282BD00E2829D0022827D097F82C002A
:107B2000A8B399A035E094F8DC04022807D0042813
:107B300007D098A097F82C1029B193A104E098A041
:107B4000F8E79AA0F6E76FA194F808260C2A0BD064
:107B500099A202915021CDE9000294F8EC3499A247
:107B600040A8E8F78FFD1BE09AA2F2E797F82C00F7
:107B700008B185A100E063A199A240A8CDE90091D8
:107B800094F88C3650215B1CE8F77CFD08E0FFE799
:107B90005CA04B46502100908CA240A8E8F772FDF3
:107BA00006F5F971706850220D4640AB17F042F8A7
:107BB00006F2A261706A70224346884617F03AF8CE
:107BC00094F808060C283DD07068022208210CF0B9
:107BD00030FE4FF4847470681A2221460CF048FE7F
:107BE000706AD42208210CF024FE706A1A22214601
:107BF0000CF03EFE7D49002270680CF069FF7B4965
:107C00000022706A0CF064FF706A002201210CF0FF
:107C10004EFF7068002204210CF03AFF70680022C9
:107C200002210CF03AFF706A002204210CF030FFB0
:107C3000706A002202210CF030FF55B0BDEC028BBF
:107C4000BDE8F08F94F8DC0402284CD004284CD016
:107C500067A0009094F8EC34502168A240A8E8F79F
:107C600011FD7068502240AB294616F0E3FF706AA0
:107C7000702265A3414616F0DDFF0122DA210820BB
:107C80008DE807006A490C2370682A46FBF75FFFFE
:107C90000222DB204FF48C718DE807006549002338
:107CA000706A4246FBF753FF97F82C000028C4D0B7
:107CB000306C61A109F0E6FC03221C210B208DE849
:107CC00007005E49F023306C5BA2FBF740FF06F033
:107CD000E9FA00220146306C0CF0EEFE306C012116
:107CE00016F06BF9A9E756A0B3E758A0B1E700007A
:107CF000E5B7A620E8BF94E59B9E2020E4B8AD2020
:107D000053544F5000000000E58FAAE8AFBBE6A334
:107D100080E69FA5202F20E5B7A620E8BF94E59B2D
:107D20009E000000E5B7A620E8BF94E59B9E2020BA
:107D3000E4B8AD20E6A380E69FA5E5B9B6E794B325
:107D4000E8AFB700E5B7A620E8BF94E59B9E2020EA
:107D5000E4B8AD20E9878AE694BEE7A1AEE8AEA418
:107D600000000000E4B8AD20E6A380E69FA5202037
:107D7000E5B7A620E8BF94E59B9E2020E58FB320C1
:107D8000E8AF8AE696AD0000205BE6A8A1E68B9FEF
:107D90005D0000004D4954E4BF9DE68C8100000069
:107DA000504F53E7A7BBE58AA80000004D4954E7B0
:107DB000A7BBE58AA8000000202F20E58F82E6956A
:107DC000B00000004D2530327520257325732573D2
:107DD00000000000202F20E695B0E580BC000000E8
:107DE0004D25303275202573257300009CAE0308A5
:107DF0004D495420E4BF9DE68C810000253032754A
:107E0000202F202573000000E4B88AE4B88B20E816
:107E1000B083E580BC202020E4B8AD20E4BF9DE520
:107E2000AD98202020E5B7A620E58F96E6B688001D
:107E3000C86B04084C58040853494D00D44F04083B
:107E4000504F5320E7A7BBE58AA800004D495420B6
:107E5000E7A7BBE58AA800002DE9F04F0746C87ADE
:107E600089B0154602280E4603D8012009B0BDE8A6
:107E7000F08F32691846B168F4F7C6FF041EF5D0DA
:107E8000207D00F01F0008F082F94FF4807808B1DF
:107E9000062011E0207D00F01F000E2806D01428D7
:107EA0000AD008F065F930B1052005E031884FF0BF
:107EB0000E0931B902E00420814606E07088404591
:107EC00003D000214FF00509A161226A22B12946A1
:107ED000384616F07AF8BEE0A069E8B302A8294651
:107EE00005F0D7FFB6F900005FEA000A02D17088FA
:107EF00040452DD0EA88331DB5F80280A988B5F831
:107F000000C0A2EB08027088521CCDE90003A1EB6F
:107F10000C015346491C12B209B202A8F4F76CFFD7
:107F2000BDF8080029880844ADF80800BDF80A002B
:107F300069880844ADF80A00BDF80C002988084497
:107F4000ADF80C006988BDF80E000844ADF80E00CD
:107F5000B96802AA04A800E012E0F4F768FD00285E
:107F600079D0D7F8088004A8B8602A46CDF80090E8
:107F70003146A369384606F033FBC7F808806AE04B
:107F8000B96804A82A46F4F752FDE8B3BDF8140016
:107F9000BDF81010401A401C0FFA80FB0BEB4B0091
:107FA00009F0DAFB039004A9D7F8088001A805F0CE
:107FB00070FF012101A805F0C5FFB5F90000B5F972
:107FC0000210BDF91020BDF91250101A0690A5EB51
:107FD000010A37E001AA414607A8F4F728FD80B35B
:107FE00003980FFA8AF200905B46069801B2204689
:107FF00008F0B8FC01280ED0204608F001FC0398D8
:1080000009F0F8FB204600E025E008F0F9FB00202D
:10801000C7F808802AE707A8B860039B01AA314681
:108020003846CDF8009006F0DBFABDF806000AF1FC
:10803000010A401CADF80600BDF80A00401CADF86E
:108040000A006D1CBDF91600A842C3DAC7F8088003
:10805000039809F0CFFB204608F0D2FB05E70B465A
:1080600010B540B13BB100F5C0511846B822E8F751
:10807000DDFD012010BD002010BD10B528B1016844
:108080004A1C01D0491C016010BDE8F7B1FC10B5D5
:10809000040010D041F6C801E8F724FEA4F2E4740D
:1080A0004FF0FF3004F50054012120606060E06073
:1080B000C4F89C10206210BD2DE9F05F0600174641
:1080C0009846DDE90AA9DDF830B00CD006F58054F9
:1080D000B4F8C208B0F5807F03D8B4F8C058FF2DBB
:1080E00004D9E8F785FC0020BDE8F09FFF2805D8FB
:1080F000411CA4F8C2182844C5B20CE0681C41F623
:10810000BC02C1B2A4F8C018B018FFF7B6FFD4F88B
:10811000BC08C4F87C0805EB450006EBC000C0E9CC
:108120000078D4F8B818816080F80CA080F80D9021
:10813000C0F810B0D4F8B808401CC4F8B80802D190
:108140000120C4F8B808B4F8C208D4F8181881425D
:1081500001D2C4F818080120C6E7002804D041F66F
:1081600004010844FFF789BF7047002810B51ED0EE
:1081700000291CD000F5C054A06A6162421C01D0E5
:10818000884200D9A162E06A884200D2E162B1F57A
:108190007A6F0DD904F13000FFF76FFF04F134005E
:1081A000FFF76BFFD4E90D01814200D2A06310BD3F
:1081B0000020606310BD002803D000F5C050FFF719
:1081C0005CBF704770B5002845D0002943D000F54A
:1081D000C0500B680022144683604B68C3608B68F4
:1081E0000364CB6843640B6983644B69C3648B6924
:1081F0000365CB6943650B6A83654B6AC3658B6A0C
:108200000366CB6A43660B6B83664B6BC3668B6BF3
:108210000367CB6B43670B6C83674B6CC3638B6CDF
:10822000C361CB6CC0F8203001EBC2035D6D5033ED
:108230003DB11B68AB4204D800EBC206C6E920354D
:1082400005E000EBC203C3F88040C3F88440521C31
:10825000D2B2072AE8D370BD2DE9FC410600904652
:108260000C4647D0002C45D0B8F1000F42D0B4F9ED
:1082700000300127204D002B38DBB4F90220002A02
:1082800034DBB4F90410B1F58C7F2FDAB4F90600B1
:10829000F0282BDA8B4229DC824227DC287828BBA5
:1082A000FDF75CFC10B32088ADF800006088ADF8E5
:1082B0000200A088ADF80400E088ADF80600A088B0
:1082C00021886288401AE188401C6E60891A491C26
:1082D00010FB01F04400EBF7C4F903462246414687
:1082E000684605F073FA002804D168602F703046A4
:1082F00006F0C4F8BDE8FC811C02012410B5EBF7C0
:10830000B0F905F053FBBDE81040EBF7ACB9000045
:108310000A493D2070B50A4B01220A4D40F6F87417
:1083200088601A60AC61BFF34F8F0B20EEF724FA20
:108330002320EEF721FABFF34F8F70BD00000240FB
:10834000840802400030014070B50646C8788EB0FF
:108350000C4602285ED909A8114605F0ACFDB4F917
:108360002000012829DD94F82200FD2825D320884B
:1083700018B394F82300BDF824104008C0F380021D
:10838000C0F340038818ADF82400BDF82600184457
:10839000ADF8260094F82310BDF828004908C1F371
:1083A000C001401AADF8280094F82310BDF82A0047
:1083B000C1F34001401AADF82A00B26809A90BA820
:1083C000F4F735FB002825D0E07B10F0070523D01B
:1083D000E088ADF81C006189BDF81C00884200D11E
:1083E000002568461C21E8F77DFCA0788DF819006F
:1083F000BDF81C00ADF80800208800280AD1002D27
:1084000008D109A80090E07869468DF81800304638
:1084100006F0BCFC0EB070BD60680790DBE72DE98C
:10842000F0410646086992B0154600280C467DD0FA
:10843000A07E02287AD9B2680EA82946F4F7F7FA86
:10844000002873D0D6F808800EA8B060206908F024
:108450009CFA022806D0206902A908F0F5F9012843
:1084600049D0C6E041F6FF70002702973B46CDE9B0
:108470000070D4E9041210A80DF054FCA8882A88D2
:10848000801A401C01B2BDF9400001EBD17102EB32
:10849000610100EBD072A1EB6201ADF80C10084451
:1084A000401EADF81000E8886A88801A401C01B2AE
:1084B000BDF9420001EBD17102EB610100EBD0721A
:1084C000A1EB6201ADF80E100844401EADF8120099
:1084D00005A806F049FB606903AA059005A9208B51
:1084E000ADF82000A07E8DF82E003046009723695D
:1084F00006F098F87DE003A806F07AF8A0784FF02F
:10850000FF378DF81800208BADF81400E07E8DF851
:108510001600A07E8DF81700207F40B10299688870
:10852000ADF8020007EB515108445AE063E0A88817
:108530002A88801A401C01B2029801EBD17102EB2B
:108540006102C0F38A21A2EB5103ADF80030EA8842
:10855000491E6D88521B521C12B202EBD27205EBFF
:108560006202A2EB9052ADF8022007EB505558186A
:10857000ADF804005119ADF80610236903A96A4645
:10858000304606F001F834E002992888ADF8000082
:10859000C1F38A21491E084410E0236903A96A46F1
:1085A000304605F0F1FF0298BDF80010C0F38A20B4
:1085B0000144ADF80010BDF804100844ADF8040003
:1085C000B5F90410BDF900008842E6DD0298BDF857
:1085D000021001EB5051ADF80210BDF8061001EB8E
:1085E0005050ADF80600B5F90600BDF90210814201
:1085F000CADDC6F8088012B0BDE8F081F0B50746C4
:1086000091F8220087B0164602280C466BD9208CC0
:10861000002868D094F8230010F03E0F63D0C00704
:1086200061D1B1883388F0887288C91A491CB4F9BD
:108630000050801A401C09B200B2814200DA08469C
:10864000B5EB600F00DD4510314604A805F033FCA2
:1086500094F82300BDF91020C0F344014807B4F991
:10866000200001D4284440421044ADF81000B4F971
:1086700020000907BDF9141001D428444042081A0B
:10868000ADF8140094F82300BDF9121040088007DB
:10869000B4F9200001D4284440420844ADF8120047
:1086A00094F82300BDF916104008C007B4F9200063
:1086B00001D128444042081AADF81600208C281A2F
:1086C00000B2002800DA0020A27894F822102B468D
:1086D000CDE90212E18B04AAADF8041031460090F6
:1086E000384600F002F807B0F0BD38B5DDE90534D2
:1086F000FF2C00D3FF24009400F001F838BD2DE9D1
:10870000FF478EB015460C4682461C211A9E02A8D1
:1087100009F04CF9CDF808D0BDF84400ADF81000D0
:108720008DF82060B4F90200B5F90210884201DC2E
:10873000012700E00027B4F90600B5F906108842C9
:1087400001DB012600E00026B4F90000B5F90010B5
:10875000884201DC012100E00021B4F90420B5F9D0
:10876000043089469A4201DB012100E00021ADF886
:108770000000A0888846ADF804006088ADF80200CB
:108780006888A0F10100ADF806001FB102A95046AB
:1087900006F0FCFAE88800F10100ADF80200E0887C
:1087A000ADF806001EB102A9504606F0EFFA208887
:1087B000ADF800002888A0F10100ADF8040017B161
:1087C000B5F9020001E0B4F90200ADF8020016B1FB
:1087D000B5F9060001E0B4F90600B9F1000FADF8F3
:1087E000060003D002A9504606F0D0FAA888B8F1D6
:1087F000000F00F10100ADF80000A088ADF8040002
:1088000003D002A9504606F0C1FA12B0BDE8F087C5
:108810002DE9F0412E4D0746686805F049FE0446F3
:108820003868C66B716B09B1304688476868E16883
:1088300000680288408812FB00F0884201D10120C4
:1088400000E00020216859B1616849B128B107E012
:1088500068680068816A01B1884720690028F7D1FB
:108860000120206169680968C9688A69D20702D055
:108870008969890700D400206061606908B1012519
:1088800000E000253868416971B1016911F0300FCD
:1088900006D0490704D5D6E9001000F01BF803E024
:1088A000D6E90021FBF7D2FC206800280BD06168D4
:1088B000002908D03A68127CAA43D20703D1A268E3
:1088C000824202D1A160BDE8F081A060FBE7000018
:1088D000580201242DE9F34F05468C4893B04168B6
:1088E0000E683069820701D542076ED4C0F30110CB
:1088F00002281ED0012801D0032866D100200F9045
:10890000084605F0D5FD10904FF4A051AB88B5F99D
:108910000000EC88B5F902201B1A5B1CA71A1CB2D8
:10892000B1FBF4F37F1C3FB2BB420FDAB1FBF4F1B1
:108930000DE0149A2946304600F0F4F8149A15B068
:1089400029463046BDE8F04FFBF780BC3946337C02
:108950000B910792C3F30111012906D0611E6880B3
:108960000844E8804FF0000BC1E07188081A401EEF
:10897000E880011B491C6980F4E700BF0B99A7EB55
:108980000B00884200DD08464FF0010100B2019063
:108990001098BBF1000F016121D1A7421FDB0194A8
:1089A000307CC0F30110032810D00020149A214617
:1089B00000F0EBF8307CC0F30110012808D03188BA
:1089C0000798081A401E011B56E09BE00120EDE7C6
:1089D0000798079920442980401EA8804FE00F98EF
:1089E00020B94FF4205008F0B7FE0F90307CC0F350
:1089F000011003281BD00020019986460F980C9087
:108A0000601E14FB01F24843DDF85090521ECDE980
:108A10000D2000208842824621DA0E9ABEF1000F16
:108A200002EB0A0001D00D9A101A002211E0012079
:108A3000E2E700BF0C9BBEF1000F39F8028B03EB9D
:108A4000400CACF8008001D0084400E0401A521CF1
:108A500012B2A242EEDB0AF1010000B2DAE7307C8A
:108A6000C0F3011001281BD031880798091AA1EB27
:108A70000B000199401E411AA880491C29800199C8
:108A80000BEB0108B84514DB10988069C00710D0C3
:108A90001098806980070CD51099012048610BE07F
:108AA000079901EB0B00019928800144491EA98018
:108AB000E5E71098002141610F9828B10246294648
:108AC0003046FBF7C3FB05E0149AF8E7B16A09B139
:108AD00030468847109800690028F7D101990FFAAD
:108AE00088FB04FB01F0149901EB40001490BB4596
:108AF000FFF644AF0F98002804D015B0BDE8F04F42
:108B000008F078BE15B0BDE8F08F000058020124CF
:108B100030B50D880488058010880880188810807A
:108B20001C8030BDF8B58B8800240D88CE884F8816
:108B30005B1B5B1CF51B6D1C13FB05F35B1E0DE043
:108B400002EB430602EB44075B1E3588641CADF85C
:108B50000050B7F800C0A6F800C03D80A342EFD88F
:108B600043884C88CA881B1B5B1ECB8043889A1A9B
:108B7000521E4A8003880C888A881B1B5B1E8B80D0
:108B80000088801A401E0880F8BD2DE9F0470C4689
:108B900017460026824601EBD47936E0601C00259A
:108BA00000EBD0782CE0A01B621B401E01B2A2F1AA
:108BB000010210B2BAF1000F0ED015FB041211FB26
:108BC000040110FB046C07EB420307EB410216FBA8
:108BD000045007EB4C010DE011FB040C10FB046288
:108BE00015FB041116FB045007EB420307EB4C0284
:108BF00007EB410107EB4000FFF78AFF6D1C2DB228
:108C0000B5EB680FCFDB761C36B2B6EB690FC5DB70
:108C1000BDE8F0872DE9FF4F99B0987B00F00F0475
:108C20001A98032CDDF89880827E18D0012C1DD074
:108C3000022C21D0042C13D0082C7DD18D4D610144
:108C40004FF0FF0AFD2A2BD28B4E3078904202D192
:108C50007068A04221D0DFF824C200201BE0042469
:108C6000844D4FF0F00A103D1021EBE7814D4FF09D
:108C7000800A163D0221E5E77E4D4FF0C00A143D03
:108C80000421DFE72F5CFF2F1BD017FB02F73F0A01
:108C90000CF80070401C8842F4D3784D3270746038
:108CA0001998B3F8069081681B98B0F900201889CC
:108CB0000390B1F9003009FB04F09A4203DB002372
:108CC00002E01746E4E79B1AB1F9046002EB0907DA
:108CD0009B46B74201DC4E4601E0B61A761C1B9A51
:108CE000B1F90230B2F902209A4201DB002300E020
:108CF0009B1A039FB1F9061017440C938F4201DCB5
:108D0000039901E0891A491C169103FB00F20BFB41
:108D1000042000F0070708EBD00126911C210FA8C2
:108D200008F044FE1A988089ADF844001A98807EB5
:108D30008DF854001A9800E099E0807FC0F3C200DB
:108D40008DF85500F4F7E6FD05F0B6FB039A09FB34
:108D500002F1814200DC0846189008F0FDFC0A9000
:108D600009EB0B031290C4F108011B98A6F1010C4A
:108D700007AAB0F8008000200291991BDDF830901E
:108D800008EB0B0361430E91ADF81C301B99098869
:108D90006144ADF820101B994B880F9203EB090139
:108DA000ADF81E10ADF8221014924AE00023594687
:108DB0002AFA07F820E0269ADDF808C0ACEB070C89
:108DC000127802EA080232FA0CF205D015F802C055
:108DD0000A9A02F800C001E00A9A1354029A9742D4
:108DE00003D228FA04F8274404E0269AD046521CFD
:108DF00026920027401C491CB142DCDBA6EB0B018C
:108E00000A1818998A4203D2BDF82210491C0CE0B6
:108E100002208DF84C0019980FA905F0B7FFBDF896
:108E200022100020491CADF81E10ADF8221009F1E7
:108E300001090E99269A394401F0070702EBD10285
:108E4000269216998945B1DBBDF91E10BDF92200A5
:108E5000814209D002218DF84C10401EADF822004D
:108E600019980FA905F092FF0A9808F0C3FC1DB0ED
:108E7000BDE8F08FF2AE03086002012414B80224AA
:108E8000F0B5B1F902600C46B3F900100546761E44
:108E9000B2F900008DB0771006F0010688423E441A
:108EA00000DB0846ADF80400B2F90000B3F9001089
:108EB000884200DC0846401EADF80800508801A931
:108EC000801BADF8060050883844ADF80A00AA6847
:108ED0000846F3F7ACFD002818D0E08818B1A08848
:108EE00008B1002600E001261C2103A808F05EFD61
:108EF00001A803902088002EADF81400207A8DF888
:108F0000240003D003A9284605F040FF0DB0F0BDB2
:108F100070B50546B1F902008AB00C46401E1688AD
:108F2000411000F001000844301AADF8000010882C
:108F30000844ADF80400B2F90200B3F90210884207
:108F400000DA0146ADF80210B2F90220B3F90200CE
:108F5000824200DC02466946521EADF80620AA682D
:108F60000846F3F764FD002818D0E08818B1A088FF
:108F700008B1002600E001261C2103A808F016FD18
:108F8000CDF80CD0002E2088ADF81400207A8DF892
:108F9000240003D003A9284605F0F8FE0AB070BDEE
:108FA0002DE9F04796B0054606F09FFC044628469A
:108FB00006F063FC04A90646204609F0C7FB94F8B6
:108FC00034000025C10600D50125800601D545F0F5
:108FD0000205204600210AF08AFAA0F51C51D13979
:108FE00004D1608C000501D445F0040509A805F002
:108FF000BBFD208E0021ADF83A0009AA608EADF8C5
:109000003C0020468DF841500AF07CFB9DF8400062
:10901000012708B98DF840704FF6FF700A9041F6AD
:10902000FF7A0B9094F8340000F00700022801D07A
:1090300003281ED19DF84000022801D0032818D132
:10904000BDF9361007A8CDE9001A0295BDF93830F0
:10905000616A099A0CF066FEBDF81400BDF8102094
:10906000BDF91C10801A401C00B2884201DA8DF84C
:1090700040700027B26804A913A8F3F7D8FC0028B1
:109080007DD094F8340040070BD1204609F06CFDE8
:10909000404202B2002104A804F03FFF608BADF80B
:1090A00016000DF14C0994F8340000F00700022876
:1090B00013D0032811D0009704AA636A09A9304687
:1090C00005F0B0FAB068C6F80890804694F834000D
:1090D00000F0070003280FD05BE0D6F8088004AA50
:1090E000C6F8089009A900973046636A05F09AFA15
:1090F0004046C6F80880E6E7BDF9361008A8CDE975
:10910000001A0295BDF93830616A099A0CF00AFE1E
:10911000BDF81400BDF81020BDF92010801A401CC5
:1091200000B2884217DA20220998114606F0E0FCC6
:10913000218E00EB4000BDF8202011440844ADF81A
:109140003A00608E04AAADF83C0009A900973046A9
:10915000636A05F067FABDF81600BDF81220BDF984
:109160002210801A401C00B2884212DA208EADF81C
:109170003A000998628E11440089084400E00AE030
:10918000ADF83C0004AA009709A9636A304605F0CF
:1091900049FAC6F8088016B0BDE8F08770B50546F4
:1091A00091F82A0088B00C4602285FD9E08C00288C
:1091B0005CD004A8114604F07EFE208DBDF810108E
:1091C000401E091AADF81010BDF81210091AADF8BA
:1091D0001210BDF814100144ADF81410BDF81610AB
:1091E0000844ADF8160004A906A804F064FEBDF812
:1091F0001810E08CBDF81060091AADF81810BDF811
:109200001C10BDF812300844ADF81C00BDF81A005F
:10921000E18C401AADF81A00BDF81E00E18C08443C
:10922000ADF81E00BDF81400BDF81610801BB4F98F
:109230000020C91A401C491C00B209B2884200DA59
:109240000146B2EB610F00DD4A10A178E38C94F87F
:109250002A001344CDE90201A08C1BB206A9ADF887
:1092600004002846009204AAFFF73FFA08B070BD38
:1092700070B5A4B00C4620AA054622A909F08AFCC4
:1092800022A804F021FE20B920A804F01DFE002829
:109290003DD012A9284614F040FC012837D12146C0
:1092A000684609F05BF802221A48D103CDE90102B1
:1092B00012A80D91049022A804F006FE80B122A805
:1092C0006A461A210390284606F014FB22AA20467B
:1092D00012A905F0FFFC1B216A46284606F00AFB8E
:1092E00020A804F0F1FD002811D01A216A4620AE12
:1092F0002846039606F0FEFA20AA204612A90396F5
:1093000005F0E8FC1B216A46284606F0F3FA24B073
:1093100070BD0000B8AE030870B592B00E460546A9
:1093200090F8DC0402F066FB0446284614F035FC95
:1093300000F13C0122466846FCF7A2FB00EE106AF1
:1093400095F8DC14B8EEC01A022903D0032901D025
:1093500004291ED195F88F0605F58064D8B101283F
:109360002ED0022853D0032860D0042811D106EB58
:10937000C602D5F8040502EB06120F9900EB820035
:10938000814200DD08461099814200DA0846C5F89E
:10939000040512B070BD0329FBD0B7EE000AFBF73D
:1093A00001FAD4ED3C0A41EE000A9DED031AB0EE3D
:1093B000600AF1EE410AFAF7B4FD84ED3C0AE8E7F1
:1093C000B7EE000AFBF7EEF9DDED040AB4EEE00AB1
:1093D000F1EE10FA02DDB0EE600A03E0B7EE000A2B
:1093E000FBF7E0F9F0EE401AB7EE000AFBF7DAF906
:1093F000D4ED3D0A41EE000A9DED041AB0EE600A7C
:10940000F0EE610AFAF78DFD84ED3D0AC1E794EDB7
:109410003E0ADFED0E0A01EE200A9DED0A1ADDED8F
:10942000090AFAF77EFD84ED3E0AB2E794ED3F0AA1
:10943000DFED070A01EE200A9DED0C1ADDED0B0AA7
:10944000FAF76FFD84ED3F0AA3E70000CDCCCC3DD9
:109450000AD7233C2DE9FF5F93460C462021804626
:109460000E9E0AF00FF9002872D0032E40461DD040
:1094700009F073FB814607F0E7FA032E4FF000076F
:1094800005463E463946404613D009F097FF002175
:109490008246404609F05CFFB9F1010F494658D0B9
:1094A00002295DD0B9F1030F60D136E009F04EFB1F
:1094B000E0E709F05FFF00218246404609F06CFFBB
:1094C000B9F1010F49461ED0022921D0B9F1030F8D
:1094D0004CD1B8F81820B8F81410521A521C13B214
:1094E000A3EB0A02101A00EBD0720AEB62000844E8
:1094F000A98A07B2288B401A401C00B200EBD0703A
:1095000001EB600022E0B8F81410B5F9146024E013
:10951000B8F81810B5F9186026E0B8F81A20B8F8AD
:109520001610521A521C13B2A3EB0A02101A00EBC7
:10953000D0720AEB62000844698B07B2E88A091A04
:10954000491C09B201EBD17100EB610006B20DE0DC
:109550002EE0B8F81610B5F9166001EB0A0004E029
:10956000B8F81A10B5F91A60081A07B20399A01EC4
:1095700000B2002910DAB9F1000F15D0BE4221DC8B
:1095800012E0002C01DDA41C24B2E01704EB907063
:10959000801004B0BDE8F09FBBF1000F12DAB9F102
:1095A000000F01D0BE420DDB002CEADA0446E8E7EA
:1095B0000398E04202D50398404204B2BBEB04009A
:1095C00000D55C462046E4E770B500F59A61044694
:1095D0000D4616F0C9FA84F86E0620B12046BDE8A3
:1095E00070400EF045BD94F808063822294684F8EC
:1095F000480604F5A160E7F719FB052120460EF0A7
:10960000FFFC0020012184F89516C4F8800684F838
:10961000970684F8960670BD70B5044607F004FA04
:1096200048B1006882680AB1217A9047207E81079C
:1096300042D4C0077BD16068002109F00DF90025F4
:1096400018E0017ACA0910D0802904D0227A21F0CA
:109650008001914209D14168E16001682046884754
:10966000207E810728D4C00761D16D1C606829461F
:1096700009F0F2F818B101680029F6D0E1E70020FE
:10968000214609F017F8050053D06068002109F061
:10969000E3F8002619E0016891B1017A0A060FD4B7
:1096A00011B1227A91420BD14168E16001682046F4
:1096B0008847207E810701D5012070BDC00736D1C3
:1096C000761C6068314609F0C7F810B1012DE2D070
:1096D0002FE0012D2DD16068416851B3217E4907EB
:1096E00027D4217A232919D0242917D0A90309F0D6
:1096F000C9FFF0B1207A11381C280FD2DFE800F042
:1097000019191919191919191919190E0E190E0EF5
:10971000191919190E0E0E0E19190E1960684068E4
:1097200060602046FFF778FF0128054601D0002041
:1097300070BD284670BD00002DE9FF4F0A88044621
:10974000888885B0CB884988A0EB0200DDE91295B6
:10975000A3EB010100F1010001F1010106B20FFAD2
:1097600081FA75B1BDF82010B9F1FD0F01EB014090
:1097700000907CD31FFA81F94FF0000BA6F104088A
:1097800051E1B9F1FD0F0FD3002508E008993246E9
:10979000204604F093FC07986D1C04EB40045545EB
:1097A000F4DB09B0BDE8F08FBDF8001000204A4698
:1097B00060F3020189B260F3C70189B260F30C2142
:1097C00089B260F34F31ADF8001088B20090BDF857
:1097D000000002900146089804F03EFD0146009109
:1097E000089909F104004FF0000B89B2C0084B073B
:1097F000C006C1F3C402000EC1F3042C9B0E12FB81
:1098000000F21CFB00FC03EB513162F30F0511FB6E
:1098100000F16CF30F07C0F1FF0E61F31F45CDE9B6
:1098200003575EE04FF0000954E000BF34F8191010
:10983000BDF80800884246D004EB49000088ADF826
:109840000400BDF80410ADF808000398C1F3C40784
:1098500082B2030C04984FEA417C17FB0E2285B2BA
:10986000BDF800004FEA9C67C1F3042800E0E1E086
:1098700007EB5137009118FB0E5517FB0E3102EB29
:10988000C21303EBC23201EBC11303EBC13C05EB86
:10989000C517C2F3C45307EBC53701EBC1154FEA37
:1098A0009C6263F3C70005EBC13562F30200C5F3A8
:1098B000C252C7F3C45162F34F3061F30C20ADF8CC
:1098C000000080B2009004EB4902BDF8001009F1DD
:1098D00001091180B145A9DB07980BF1010B04EBDD
:1098E0004004D3459EDB5CE7002710E02A78FF2A7E
:1098F00012D02088ADF804000199089804F0ACFC5F
:109900000190BDF804002080A41C6D1C7F1CB74290
:109910005EDAA807EAD15BE0A4F80090F4E72868D3
:10992000411C44D0F0B32A78FF2A54D02088ADF8E7
:1099300004000199089804F08FFC0190BDF8040020
:10994000A4F80000A41C15F8012FFF2A46D0208897
:10995000ADF804000199089804F07EFC0190BDF870
:1099600004002080A41C15F8012FFF2A39D020887C
:10997000ADF804000199089804F06EFC0190BDF860
:1099800004002080A41C15F8012FFF2A2CD0208869
:10999000ADF804000199089804F05EFC0190BDF850
:1099A000040000E011E02080A41C6D1C0FE0A00763
:1099B00007D00220A4F8009000990151A4F8069065
:1099C00003E0009820600098606008342D1D3F1D62
:1099D0004745A4DD1CE0A4F80090B3E7A4F800908C
:1099E000C0E7A4F80090CDE7A4F80090DCE72A785F
:1099F000FF2A1CD02088ADF804000199089804F0D3
:109A00002BFC0190BDF804002080A41C6D1C7F1C61
:109A1000B742ECDB07980BF1010B821B1498811BFA
:109A200004EB42040D44D345FFF65EAFB9E6A4F85B
:109A30000090EAE72188002293469046ADF8001096
:109A400033E0002727E0287818B3904205D0FF289C
:109A50002ED000FB09F31B0A9B46904203D134F839
:109A60001700814210D0BBF1FF0F23D004EB470059
:109A70005A460088ADF800000099089804F0ECFB05
:109A8000009034F817102A7804EB4703BDF8000063
:109A900018806D1C7F1CB742D5DB149808F10108B3
:109AA000831B07981D4404EB4004D045C9DB78E6CE
:109AB0004B46D1E70898E3E72DE9FF4F83B00C460A
:109AC000DDF84480F3F726FFBDF818A0B8F1000FC9
:109AD00081460CD0A18800262288E3886088891AF4
:109AE000491C181A401C0FB20FFA80FB41E0B4F970
:109AF000026017E0B4F900500FFA86F80DE01098F4
:109B00002BB20290ADF804A0CDF80080D9F8000087
:109B1000059A0399C769B8476D1CB4F90400A842B7
:109B2000EDDA761CB4F90600B042E3DA07B0BDE81E
:109B3000F08F002518E000BF18F8050098B11099C3
:109B4000ADF804A04843000A02906088304400B297
:109B50000090D9F800002188059A2944D0F81CC04B
:109B60000BB20399E0476D1CBD42E5DB1299761CF0
:109B700088445E45DDDBD9E72DE9F04F4FF0000961
:109B8000044691B0CB4606F04FFF0268CA46218BCF
:109B9000A38AD4F82480CDF820A0C818117E0391A0
:109BA0002083608BE18A08446083DEE00020464623
:109BB0004FF48075074605900FE00021304609F00C
:109BC00078FC384407B23046002109F084FC454354
:109BD00030462D1208F096FE0646002EEDD1A06903
:109BE000029017B9B5F5807F09D04FF4803191FB11
:109BF000F5F2784201B205AB02A80BF01DF8BDF9F1
:109C00000810002900DC4942BDF90A00002800DCE8
:109C1000404281424FF0010001DD824600E00890A1
:109C20001021404609F02EFD00287DD0089D5746A2
:109C30004046CDF800A02E4608F0C2FEC10700D174
:109C40000027810701D400210091410700D400259D
:109C5000000700D40026404608F086FF0F904046DB
:109C600008F05CFE0E90404608F0B2FE0D904046B3
:109C700008F00EFF0F99002902DC0E9900290FDD74
:109C800025B1BDF90A2003998A4206DA46B1039943
:109C9000BDF90A2049428A4202DCC1464FF00C0B52
:109CA0000D99002901DC002810DD27B1BDF908203D
:109CB00003998A4207DA009941B10399BDF9082056
:109CC00049428A4202DCC1464FF0030B0F9900293A
:109CD00000DC00250E99002900DC00260D990029E2
:109CE00000DC0027002801DC0020009027B1BDF92E
:109CF00008100398814214DA009828B10398BDF93E
:109D00000810404281420CDD25B1BDF90A100398CC
:109D1000814206DA46B10398BDF90A1040428142F9
:109D20000EDCBAF1000F00E00AE001D0032100E0F0
:109D30000C2194F8400061F3030084F8400018E01F
:109D40004FF48071404609F09DFC3AEA000010D1C2
:109D50004FF40071404609F095FC0146089888438D
:109D600007D1404608F0CEFD8046B8F1000F7FF4E1
:109D70001DAFB9F1000F0AD094F840100020C4F8CC
:109D80002C9020836BF3030184F84010608311B0A2
:109D90004846BDE8F08F00002DE9FF4F83B08B46A9
:109DA000824608F0D3FE060012D041F6FF785046F6
:109DB0000021444609F0DEFA00210090504609F0E7
:109DC000EBFA0190504608F09DFC002507465FE045
:109DD000002007B0BDE8F08FDAF8080031490068CC
:109DE00050F82500814609F054FCE8BB4FF480513F
:109DF000484609F047FCB8B3012E04D0022E08D023
:109E0000032E44D11AE0BAF81420B9F914000099CD
:109E100032E0BAF818200199B9F91800511A069AD7
:109E200009B2104400B2584531DB059A90422EDC4D
:109E3000401A00B2002821DD014620E0B9F81810D0
:109E4000B9F81400BAF81830091ABAF81420491CE5
:109E500009B201EBD17100EB6100991A491C0BB2F8
:109E6000009900B25B1A00E011E00199591A01EB68
:109E7000D173009901EB63011144D0E74142002CFA
:109E800001DD224600E06242914200DA04466D1C88
:109E9000BD42A1D3444501D1002000E0604200B2A0
:109EA00097E70000010004002DE9FF4F83B08B46C7
:109EB000824608F052FE060012D041F6FF78504666
:109EC0000021444609F07AFA00210090504609F03A
:109ED0003FFA0190504608F015FC002507465FE068
:109EE000002007B0BDE8F08FDAF8080031490068BB
:109EF00050F82500814609F0CCFBE8BB4FF48051B7
:109F0000484609F0BFFBB8B3012E04D0022E08D09A
:109F1000032E44D11AE0BAF81620B9F916000099B8
:109F200032E0BAF81A200199B9F91A00511A069AC2
:109F300009B2104400B2584531DB059A90422EDC3C
:109F4000401A00B2002821DD014620E0B9F81A10BD
:109F5000B9F81600BAF81A30091ABAF81620491CCE
:109F600009B201EBD17100EB6100991A491C0BB2E7
:109F7000009900B25B1A00E011E00199591A01EB57
:109F8000D173009901EB63011144D0E74142002CE9
:109F900001DD224600E06242914200DA04466D1C77
:109FA000BD42A1D3444501D1002000E0604200B28F
:109FB00097E7000001000400B4EE400AF1EE10FA49
:109FC0000BD110EE100AB0F1FF4F06DA10EE100AB6
:109FD00010F5000F01D201207047002070470123C7
:109FE000002103FA01F2024201F1010101D0C8B2DD
:109FF0007047C9B20729F4D3002070472DE9F74F05
:10A000000546007F9346C1074FF00000824661D1AC
:10A01000EC684FF001080026C1467CB9287FC0F3E8
:10A02000C000401E304254D1B9F1000F51D0019907
:10A03000284688474FF000080446C1460EB926005E
:10A0400047D0B8F1000F06D05A462146284690471F
:10A05000B04204463DD0002C4FF00108DED020680D
:10A0600009F0EAF80006D8D427681FE00121384635
:10A0700009F008FBB0B12FB10121384609F002FB0D
:10A080000028CAD1E868A04223D0B0B1284600F029
:10A0900007F90246E8680F21006805F02BFC01284B
:10A0A00017D106E0384608F02DFC0746002FDDD119
:10A0B000E8E7E868006809F04FFC2846EC6000F02B
:10A0C000EFF80246E8680E21006805F013FC01284D
:10A0D00002D05046BDE8FE8FE868006809F03CFCFD
:10A0E000296909B1284688470120F3E700000000EC
:10A0F00082B04FF0000CCDE90001009BC2F800C017
:10A10000DFF864C021F00040604529DA034327D01E
:10A11000B0F5801FA8BF13680EDA9DED000B9FED10
:10A12000141B6FF0350320EE010B10EE901A8DED2D
:10A13000000B136021F00040DFF83CC06FF31E51AC
:10A140000CEB20501844106041F0FF5040F00050DC
:10A1500001909DED000B00BF51EC100B02B0704759
:10A160009DED000BF8E700000000F07F000000000C
:10A17000000000000000504302FCFFFF2DE9FC47F7
:10A180000D0024D00469616929B10868A84202D190
:10A190004868BDE8FC87628A00200427C2F30802F1
:10A1A0000EE000BFA36800EB800653F826C007EB63
:10A1B00086069E5BA5EB0C039E420AD2401C80B231
:10A1C0008242EFD819B10D6000206169486000201B
:10A1D000DFE700EB8006A16812224FF0060902EBD0
:10A1E00086000027085C02280DD04FF00C0A78B1D9
:10A1F000DFF8A8C003284FF010084FF008020FD076
:10A20000012826D043E009EB8600085AC7183EE033
:10A210000AEB860209EB86068858895BC05C35E04C
:10A22000ADF8043008EB860302EB8608CDF800C0D9
:10A2300001A8CA5A022351F80810F3F75DFC30B3A5
:10A24000A16809EB860351F80820C95A801A40100A
:10A250001CE0ADF8043008EB860302EB8608CDF86D
:10A2600000C001A8CA5A022351F80810F3F744FCB1
:10A2700068B1A1680AEB860209EB860351F8086011
:10A280008A58801BC95A401032F810000F186069B4
:10A2900010B105606069476038467AE76DF10208E1
:10A2A0002DE9F041002607463546304610E000BF54
:10A2B00006F0EBFB616DB94209D1022802D00428F7
:10A2C00003D003E02046BDE8F0812646254620461F
:10A2D00006F0B0FB0400EBD10EB13046F3E70DB150
:10A2E0002846F0E7BDE8F041002006F0A3BB0000DF
:10A2F0007CB503690025DC685B8AA0689B042BD4CD
:10A30000830F16D00123B3EB907F31D101EB0241D3
:10A31000266818480423CDE90001A068314620F0E2
:10A32000404201A8F3F7E8FB10B3801B616880107E
:10A330001DE0266801EB02210F4A0223009220F063
:10A34000404201A8ADF804103146F3F7D5FB78B1CF
:10A35000801B616840100AE06368805C595C39B119
:10A3600030B1637B491E2268401E11FB03210D564C
:10A3700028467CBDE1C50108F5C501082DE9F0417D
:10A380000F46418C0426C26805460020C1F3051320
:10A390000FE000BF06EBC00414595FEAC41C07D5E8
:10A3A00024F07F44BC4203D152F83000BDE8F08174
:10A3B000401C8342EED84FF0806000EBB1204FEAA2
:10A3C000B0506884C0F30510C100104607F048FA89
:10A3D000E86008B9FAF748FB688CC0F30514641EFE
:10A3E00016D06FF003014B00E86801EBC4028258FD
:10A3F0005FEAC21C0CD492010AD403EBC40C84445F
:10A4000000EBC402641EDCE9000CC2E9000CEBD1D5
:10A41000E868082100EBC40007F0C8FA082007F03C
:10A4200069F9E96841F834000BF00FF8EA6806EBC7
:10A43000C400115841F080711150EA6867F31701A8
:10A440001150E86850F83400B0E700002DE9FC41F5
:10A450000068C068C068B0FBF1F4944200DD1446A7
:10A46000154F78680068806920B30020ADF80000BF
:10A4700025B2ADF80400ADF80200681E06B2ADF8D2
:10A48000066078686946006882699047BDF80600F2
:10A49000BDF80210401A401C00B2A04202DD351E79
:10A4A000EBDC01E0002D02DC0020BDE8FC81BDF901
:10A4B0000640641C2046F8E7580201242DE9FF4FAE
:10A4C00083B01F4605460598F3F72BFA0122B5F82D
:10A4D000209095F82230002482406FEA09014FF065
:10A4E000FF3688B24FF0040B02F0FF080190C3F36F
:10A4F000C00A1FE0E96801EBC4004268920140D540
:10A50000BAF1000F15D10BEBC4028958049AC1F3BC
:10A510000741090491420CD10068817911EA080FC2
:10A5200007D005996A460AF0EBFE012830D00228D0
:10A5300031D0641C688CC0F30510A042DAD820E04A
:10A54000E96851F83400827912EA080F18D00BEB51
:10A55000C40289581FFA81FAC1F307421104049A10
:10A5600091420DD1019A1AEA020F09D1B24507DDD5
:10A5700005996A460AF0C4FE01280FD002280AD0C5
:10A58000641C688CC0F30510A042D9D8002E0DDBE6
:10A5900000983860012007B0BDE8F08FCA45F7D0B9
:10A5A0005645EDDA009856463860E9E70020F2E7B4
:10A5B0002DE9F041468C0423C2680D460446002074
:10A5C000C6F305110BE000BF03EBC007D7595FEAE4
:10A5D000871C03D527F07F47AF4202D0401C814241
:10A5E000F2D8814203D002EBC000BDE8F0814FF009
:10A5F000806000EBB6204FEAB0506084C0F30510D5
:10A60000C100104607F02CF9618CE060C1F3051021
:10A61000401E0DD06FF00703E16803EBC0020A444F
:10A6200001EBC006401ED2E90012C6E90012F3D1C8
:10A63000E068082107F0BAF9082007F05BF8E16844
:10A6400008600AF002FFE168486840F00070486066
:10A65000E16865F317004860E068C6E710B506F0EA
:10A66000F9FA0AF0B5FB00280ED00848FBF780FA8B
:10A67000002809D00548D0F8740B0AF04BFC0028DC
:10A6800002D003490120087010BD000008A7022471
:10A69000F801012470B5EBF7CDFF134D044628698E
:10A6A000201A0BF077F82C61104EA87820B1306892
:10A6B00009F052F90020A8700D4996F8780B91F82E
:10A6C0000816884203D1E868201A642805D3094A8D
:10A6D00007490648FBF77CFBEC600448FBF70CFAE3
:10A6E000BDE870400BF096B8F801012408A70224D9
:10A6F000A89F022484B202240021A0F13002092A7A
:10A7000001D8D1B216E0612801D32038C0B2413857
:10A7100006280FD2DFE800F0030507090B0D0A2118
:10A7200008E00B2106E00C2104E00D2102E00E21DF
:10A7300000E00F210846704701230B7002694A6050
:10A74000D0F878268A60D0F87826521CC0F878268F
:10A7500001D1C0F87836D0F87026D0F87406C1E977
:10A76000042070472DE9F0410446806D0D46002815
:10A770002BD0AA680223A97B03EB820330F9227055
:10A780000129C65E0AD1B4F91000B84203D1B4F968
:10A790001200B04202D0201D00F0BEFC201D00F0CF
:10A7A00069FD002811D127816681A87B012804F169
:10A7B00004000CD000F0B0FC201D00F05BFD002870
:10A7C00003D12089618920826182BDE8F08100F097
:10A7D000B1FBF1E770B5254C04210546606808F02F
:10A7E00051FF002828D0296B6068814224D008F0EE
:10A7F00043F80646286B08B108F03EF886421CD1A3
:10A800001EB1606805F08EFB0FE0286B40B1A268B6
:10A810000F2105F06FF8284600F02CFD00280BD121
:10A820000E21D4E9010205F065F8284600F022FD6A
:10A83000002801D16068286370BD78B12B6B53B1DB
:10A84000A26888B11021184605F054F8284600F097
:10A8500011FD0028F0D1002EE2D0D2E7286B0028AD
:10A86000F9D0A2680F21EFE70F21ECE738020124AD
:10A870002DE9F0470D46897B0446407901294FF0C8
:10A8800000082AD0010708D520F0080121F00101B5
:10A890006171C4F8488084F80880A87B277A207208
:10A8A0006868E060D4F854905FEA09007ED005F053
:10A8B000A3FBBF4E0028706078D0A87B08B1A5F834
:10A8C0000C80484605F098FB002870606ED0A97B8C
:10A8D000012905D000296AD00FE1000766D4DCE722
:10A8E00017B1012F36D008E10AF04AFFA064696869
:10A8F0000A2906D0142917D0132918D01B291AD0D9
:10A9000024E0706809F065F820B97068102108F03B
:10A91000B9FE08B1012700E00027484605F066FBB4
:10A920008743D9D101216BE0A889401E01E0A889A5
:10A93000401CA881E1E01B21484605F0C7FB201D13
:10A9400000F098FC002831D1202159E0484605F05C
:10A95000BDFB59E06079C0073FD1A06C0AF009FF48
:10A960002168898B8842607935D940F00100607197
:10A970000AF006FFE06468680A281CD1706809F0D4
:10A9800028F820B97068102108F07CFEC0B1484654
:10A9900005F039FB01280ED9484605F027FB80F069
:10A9A0000101484605F0A3FB202101E08FE031E0E2
:10A9B000706807F0F2FA607940F0010060719CE085
:10A9C0000521D6E9010204F095FF201D00F052FC9C
:10A9D00000287CD1EFE7C0071BD0E06C0AF0C9FE6D
:10A9E0002168C98B884214D90AF0CAFEE0646968FC
:10A9F0000A2904D0142997D01329A7D197E7062153
:10AA0000D6E9010204F076FF201D00F033FC002897
:10AA10005DD172E0012F70D169680A2967D108F011
:10AA2000D8FF20B97068102108F02CFEA8B3484662
:10AA300005F0DCFA002860794FEAC07052D020B1EE
:10AA4000484605F0E0FA012847D80821D6E9010276
:10AA500004F050FF201D00F00DFC00286ED10421F1
:10AA6000D6E9010204F046FF201D00F003FC002897
:10AA700064D10721D6E9010204F03CFF201D00F05B
:10AA8000F9FB00285AD10A21484605F01FFB201D7A
:10AA900000F0F0FB002851D129E0FFE70821D6E9BA
:10AAA000010204F027FF201D00F0E4FB002845D13F
:10AAB0006079C00704D10421D6E9010204F01AFF2D
:10AAC000201D00F0D7FB002838D1072100E035E039
:10AAD000D6E9010204F00EFFD9E77068202107F0E3
:10AAE0005CFA04E018B90121484605F000FB6179E1
:10AAF000C4F8488021F001016171C6F80480A8897A
:10AB000000281BD0484605F071FA0028B5F90C0062
:10AB100028D0002814DA4FF000060AE04FF01401A4
:10AB2000484605F0D3FA201D00F0A4FB002805D10B
:10AB3000761CB5F90C004042B042EFDCBDE8F0876E
:10AB4000FCDD002609E01321484605F0BFFA201D70
:10AB500000F090FB0028F1D1761CB5F90C00B04252
:10AB6000F1DCEBE7002811DA4FF0000608E0484678
:10AB700005F020FA201D00F07DFB0028DED1761CB8
:10AB8000B5F90C004042B042F1DCD7E7D6DD002633
:10AB900008E0484605F0B0F9201D00F06BFB0028E6
:10ABA000CCD1761CB5F90C00B042F2DCC6E700004F
:10ABB0003802012470B50446C06A002870D194F8A8
:10ABC0004100C0076CD1656A4FF4004603E0284697
:10ABD00007F098FE0546002D62D03146284608F061
:10ABE00051FD0028F3D1B4F91400002801DD01461D
:10ABF00000E041422B4A926813689B7E994209DA31
:10AC0000B4F91610002900DC4942994202DA002109
:10AC1000A187E187A18FE38FE68A084400B2A0876D
:10AC2000991909B2E187002801DD034600E043429B
:10AC30001668F67EB34206DC002901DD0B4600E013
:10AC40004B42B3422CDD012384F84130002801DD62
:10AC5000034600E04342002901DD0E4600E04E427B
:10AC6000B34209DD002894F8400020F0F00001DD37
:10AC700020300AE0103008E094F84000002920F06D
:10AC8000F00001DD803000E0403084F840000C210D
:10AC9000284604F02FFE2046BDE8704000F0EABAD6
:10ACA00070BD0000380201242DE9F0470E46897B73
:10ACB0000446407901294FF0000823D0010708D548
:10ACC00020F0080121F001016171C4F8488084F886
:10ACD0000880D4F854905FEA09007CD005F08CF924
:10ACE000664D0028686076D0802108F0D7FCE168C6
:10ACF00007467068E060B27B207A2272B27B012A3C
:10AD000003D003E0000766D4E3E708B1AFB3B0E0D7
:10AD10000AF036FDA0647168092903D00B2909D017
:10AD200087B1A6E00021484605F0E1F9484605F064
:10AD3000E3F856E00021484605F0D9F9484605F009
:10AD400039F94EE00A2902D01B290BD016E00A215E
:10AD5000484605F0BBF9201D00F08CFA00283AD1D6
:10AD6000012137E01B21484605F0B0F9201D00F015
:10AD700081FA00287FD120212CE003E0484605F02D
:10AD8000A5F92EE0012A01D032B372E0012870D17A
:10AD900070680A2809D10221D5E9010204F0AAFD50
:10ADA000201D00F067FA002865D16079C00720D126
:10ADB000A06C0AF0DEFC2168898B8842607916D984
:10ADC00040F00100607170680A2852D10AF0D8FC86
:10ADD0000521E06401E04EE01FE0D5E9010204F046
:10ADE00089FD201D00F046FA002844D141E0C0074B
:10ADF0003FD0E06C0AF0BDFC2168C98B884238D98D
:10AE00000AF0BEFCE06471680A2904D0092989D0DF
:10AE10000B29B3D18EE70621DCE7012829D10A29C5
:10AE2000716020D10821D5E9010204F063FD201DE5
:10AE300000F020FA00281ED16079C00709D1042152
:10AE4000D5E9010204F056FD201D00F013FA002898
:10AE500011D10721D5E9010204F04CFD201D00F0BD
:10AE600009FA002807D16179C4F8488021F001016E
:10AE70006171C5F80480BDE8F08700003802012444
:10AE800070B5044600680D4609880069A18269888A
:10AE9000E1820268117CC1F30111022901D003296A
:10AEA0000AD111882A88891A491E298001686A886E
:10AEB0004988891A491E69800168097CC1F301111A
:10AEC000012901D0032907D12A8869886A8000688E
:10AED0004088401A401E28802068006903F0ECFA80
:10AEE0002068006903F024FB206D78B1B4F91020CC
:10AEF000B5F900108A4205D1B4F91220B5F9023033
:10AF00009A4203D0B5F9022009F093FC28882081E9
:10AF1000688860812079012804F1040006D000F0DF
:10AF2000FBF8208961892082618270BD00F002F8FF
:10AF3000F7E700002DE9F041764D0446406A68606D
:10AF4000617809077ED4A9684FF0000609680F6987
:10AF500030B1E16A39BB4FF4005108F093FB10BBEC
:10AF6000384603F0BFFA211D05F034FE686070B961
:10AF7000384603F0BFFA211D05F02CFE686030B999
:10AF8000384603F0BFFA211D05F024FE6860A06A70
:10AF900048B1A6832046E683F2F759F8204600F030
:10AFA00069F900284ED1606A696888423CD0A1885E
:10AFB000E288A181E28140B1AA68032104F09AFCF1
:10AFC000204600F057F900283CD168686062A06212
:10AFD00050B30AF0D5FB60640121607820F00100D5
:10AFE00060702683668394F8400020F0FF0084F8A8
:10AFF000400084F84160A687E687A682E682D5E90C
:10B00000010204F077FC204600F034F900287FD1DB
:10B01000A868417909077BD4001DFFF7DBFB2046B8
:10B0200000F028F9002873D1A088A189401A01B244
:10B03000A182E088E289801A00B2E082B4F91C2083
:10B04000114400E064E001EBD1714910A183B4F92F
:10B050001E10084400EBD0704010E083E0692062CD
:10B060006868002854D0AA68022104F043FC2046F6
:10B0700000F000F900284BD1A8684079000747D4B8
:10B080002046F1F72DFF204600F0F4F800283FD1CC
:10B090002046FFF78FFD204600F0ECF8002837D15E
:10B0A000E06A002834D16078C0071DD1606C0AF0D6
:10B0B00060FBAA681168898B88420FD968680521EE
:10B0C00004F018FC204600F0D5F8002820D1607864
:10B0D00040F0010060700AF053FBA064E06A0028B1
:10B0E00016D16078C00713D0A06C0AF042FBAA68A2
:10B0F0001168C98B88420BD96868062104F0FAFBF5
:10B10000204600F0B7F8002802D10AF039FBA0640D
:10B11000BDE8F081380201242DE9F8430446407867
:10B12000434E0025000711D5606A0321B26804F080
:10B13000E1FB204600F09EF8002877D16078656238
:10B14000A56220F008006564A5646070606A7060A4
:10B15000D4F82C8000285ED0B268082104F0CAFB25
:10B16000204600F087F8002860D1B8F1000F16D112
:10B170006078C00709D10421D6E9010204F0BAFBC6
:10B18000204600F077F8002850D10721D6E90102C7
:10B1900004F0B0FB204600F06DF8002846D165624F
:10B1A000B8F100006564A56440D04FF48079009543
:10B1B00000274E46054600216E2208F011F938445A
:10B1C00007B2284600216D2208F00AF900B2C11723
:10B1D00000EB1160001210FB06F006B2284607F0E3
:10B1E00091FB0500E7D10FB94E4514D04FF48030E4
:10B1F0006B4690FBF6F079420DB2294606B204F197
:10B200001C00324609F018FD04F120006B4632465E
:10B21000294609F011FDB8F1000F07D02046F1F7DB
:10B2200016FF2046BDE8F84300F024B8BDE8F883D7
:10B23000380201244279910718D500218162C16248
:10B2400022F0030201638164C1648183C18390F8A9
:10B25000443023F00F0380F8443001844184A0F887
:10B260004010A0F842104271014841607047000050
:10B27000380201244078810702D5034A0021516039
:10B28000C0F3400070470000380201242DE9F0436C
:10B2900087B014216846E5F725FD2C48016841F088
:10B2A00002010160016801F002010591016841F0AD
:10B2B00008010160016801F008010591016841F091
:10B2C0001001016000680122214FD40300F010003A
:10B2D000214605903846EBF7A7F9DFF878804FF460
:10B2E0004065002229464046EBF79EF9DFF868905A
:10B2F0006611002231464846EBF796F900200121FD
:10B30000CDE901106946009403903846EBF77EF8CA
:10B31000694640460095EBF779F86946484600963D
:10B32000EBF774F8022005210822CDE90020CDE9D1
:10B33000030169464046EBF769F8802069460090B2
:10B340004846EBF763F807B0BDE8F083E0440258E5
:10B350000010025800040258000C0258F0B5AFB0BB
:10B36000B8216846E5F7BEFC002017904FF48051E5
:10B370000446CDE900106846ECF710FB002862D1C6
:10B380003948016841F480510160006800F4805040
:10B390002E9035481838016841F0010101600068BD
:10B3A00000F001002E9030485838016841F4805177
:10B3B0000160BFF34F8F016821F4805101602B4879
:10B3C0008821E5F78FFC294878218830E5F78AFC49
:10B3D000264F2621264840228837031587E8070094
:10B3E000C7E903437C610320BC61FC613C62C7E99F
:10B3F0000940FC6238463C63E9F762FE18BB1B4813
:10B400004FF480031B4A07211E015D1102601204E4
:10B41000C0E90314C0E90546C0E907244462C0E955
:10B420000A414463C9078463C46304644464846454
:10B43000C464C0E9144187678465C0E90135B86315
:10B44000EDF750FD10B100202FB0F0BDFCF760FF0C
:10B45000002208210B20EBF7BBF900220821232052
:10B46000EBF7B6F90120EFE7F0440258E09C022424
:10B4700010000240003001402DE9F843C56A8021E8
:10B480000446284608F0FEF84E4F41F6FF76C8B154
:10B49000284607F062FB01281DD0022828D0032887
:10B4A00037D0E7866687284607F050FB012847D04B
:10B4B000022850D003285AD0A7862687A08E0028BD
:10B4C00072D072E004F13400334639463A460096B1
:10B4D00002F031FDF2E7E88A00233246401C01B257
:10B4E0002846FEF7E1FCE086E88A401E02B209E049
:10B4F000B5F91A10002332462846FEF7D5FCE0863F
:10B50000B5F91A20002339462846FEF7CDFC60879E
:10B51000C9E7688B0023E98A3246401A401C00B212
:10B5200000EBD07001EB600808F1010001B2284681
:10B53000FEF7BAFCE086A8F1010002B20023E2E7C0
:10B54000B5F91410002332462846FEF725FCA086E4
:10B55000B5F9142009E0B5F9181000233246284641
:10B56000FEF71AFCA086B5F91820002315E0298BF8
:10B570000023A88A3246091A491C09B201EBD1718D
:10B5800000EB610808F1010001B22846FEF704FC57
:10B59000A086A8F1010002B2002339462846FEF732
:10B5A000FBFB20878AE7FFE7A786208F00B9268765
:10B5B000E08E00B9E786608F002800D16687BDE87D
:10B5C000F883000001E0FFFF2DE9F0410D4601780E
:10B5D00017460446A9424FF00108457006D0A07FE7
:10B5E00020B1204684F8208000F068F9207CA84231
:10B5F00001D025746763062D4FF000060ED0E67665
:10B60000B5B126772078A84219D0616B791A142930
:10B6100015D32946204600F062F820E0E07E267728
:10B62000002803D1A16A84F81B80A163BDE8F081E2
:10B63000207F0028E6D1E76384F81C80E2E794F8D5
:10B64000201061B1A8420AD1606B381A142806D3C1
:10B65000A06A84F82060A064E06484F82260002D71
:10B66000E4D120780028E1D1207F0028DED0E06BF3
:10B67000381AC828DAD384F8078084F8068026723E
:10B6800084F82160D2E770B50D46044600F036F923
:10B69000002823D0A07E08B1206B00E0606A281A41
:10B6A000322801D3022115E0E07E28B1A06B281AD0
:10B6B000322801D301210DE0607F70B1E07910B133
:10B6C0002078012809D1206C42F21071281A884292
:10B6D00003D30321204600F053F8012070BD70B55C
:10B6E00001290D46044602D00026304603E0E07FE3
:10B6F000D0B100260120A17FE07761B121782046FA
:10B7000000F0DCF8616CA06A2278431A204602211E
:10B7100000F073F858B100202570691EA077042945
:10B7200007D84FF0010206E04FF00106E2E716BB32
:10B7300070BD4FF00002A16A6277216484F8200096
:10B7400014D8E27992B161644FF00102A1644FF024
:10B750000003E1644FF00101A2772A4684F8220039
:10B76000204600F04AF80028E1D070BD002EFCD041
:10B77000207A0428F9D12046BDE8704000F02FB8A7
:10B7800010B5027A8A4204D0C268531C01D0521C00
:10B79000C2600022C2718271062404704FF6FF73EA
:10B7A000447004290474838002764276C27602775C
:10B7B0004277827780F8202080F8222080F82320AA
:10B7C000017202D0C27780F8212010BD401A04D047
:10B7D000B0F1004F01D2012070470020704710B532
:10B7E0000121826A052480F8B440002380F8B51056
:10B7F000C0E92E2380F8211010BD2DE9F041044648
:10B8000090F823001F46164608280D4601D9E5F793
:10B81000EFF8032D01D0042D15D1002111E001EB2B
:10B82000410204EB820292F85430AB4207D192F805
:10B830005520B24203D1204600F022F803E0491C13
:10B84000C9B28842EBD894F82300082812D000EB44
:10B85000400004EB800080F8545080F85560A16AE5
:10B86000C0E9161794F82300401C84F82300012037
:10B87000BDE8F08104212046FFF782FF0020F7E7B2
:10B8800070B590F823208A4201D8E5F7B1F8521E2E
:10B8900080F823200CE000BF01EB4102491C00EBC3
:10B8A000820202F160035432C9B238CB82E8380018
:10B8B00090F823208A42EFD870BD000070B50024B4
:10B8C0000E46054610E000BF04EB440005EB800186
:10B8D00091F855005431B04204D10878032808D0BB
:10B8E000042806D0641CE4B295F82300A042EBD8EB
:10B8F00070BD21462846FFF7C3FFF5E770B50C463B
:10B90000816A0546A14204D02046FFF75FFF002868
:10B9100001D00120AC6270BD2DE9F0410446807970
:10B92000002840D0E07900283DD0A07F00283AD000
:10B9300060782278904236D1207C904233D194F8BE
:10B94000200000282FD1A16CA06A451AB5F5FA7F16
:10B9500029D3E16C814226D003212B46E0642046A6
:10B96000FFF74BFF00281ED02278012A1BD094F845
:10B97000220020B1216DA06A401A962813D3962187
:10B98000A76AA5F5FA70B0FBF1F6012384F822301E
:10B990002B4601FB1600381A20652046BDE8F04111
:10B9A0000421FFF72ABFBDE8F081884201D3401A85
:10B9B00000E0081A904201D801207047002070472B
:10B9C0000A49002030B4A1F11004074A1C23207357
:10B9D000087548755060136005494870BFF34F8F74
:10B9E00030BC1220EAF7C8BE00200240EC9E0224C0
:10B9F000EC010124032803D0042801D00020704763
:10BA000001207047F0B58FB01D4604001746149E04
:10BA100008D039B137B12DB126B194F86C0020B1FE
:10BA2000012802D001200FB0F0BD08A8009001ABA2
:10BA3000384601F11C0200F0B4FC08B10220F2E724
:10BA400094F86C0001280BD04FF48071284608ABA5
:10BA5000009601AA0BF046FC0028E4D00320E2E7A0
:10BA60000021F3E7002804D00021016041608160DB
:10BA7000C1607047B4EE400AF1EE10FA0BD110EE3F
:10BA8000100AB0F1FF4F06DA10EE100A10F5000FA1
:10BA900001D2012070470020704700002DE9F04FCF
:10BAA0005FEA0009984617460E462DED068B85B0D5
:10BAB000F0EE408ADFED619A169DB0EE698A08D0FB
:10BAC0003EB137B12DB1B8F1000F08D0B8F1010F78
:10BAD00005D0012005B0BDEC068BBDE8F08F6946AE
:10BAE0004846F6F79BFF80B1B0EE680AFFF7C2FF49
:10BAF00048B118EE900A5249884204DB18EE900AC9
:10BB0000B0F17E5F03DD0520E4E70220E2E70024D8
:10BB1000B0EE699AC4EB041106EB840B09EB8100CB
:10BB20009BED000A00F1040AFFF7A4FFD0B107EB78
:10BB30008400039090ED000AFFF79CFF90B10398FA
:10BB4000DAED020A90ED000AB4EEE00AF1EE10FA26
:10BB500006D3DAED030AB4EEE00AF1EE10FA03DDE3
:10BB60000420B7E70320B5E7DBED000AB8F1010FC9
:10BB700030EE600ADAED040A60EEA80AB0EEC00A00
:10BB800080EE20AA11D1F7EE0E0A9FED2E1A20EEBC
:10BB9000011A2AEE20AADAED050A60EEA80A81EE63
:10BBA000200AF0F775FDB0EE409A8AFE090AB4EE5D
:10BBB000C80AF1EE10FA01DDB0EE408A641CE4B26E
:10BBC000072CA5D370212846E5F78CF8DDE9140190
:10BBD000B0EE480AC5E9160100F028FAC5ED1A8A48
:10BBE0009FED198A85F86C800024C5E9180100BF13
:10BBF000D5E9180114F04FFB01EE100A06EB8400A2
:10BC000005EB840190ED000A07EB840281ED000A48
:10BC100092ED000A641C81ED070AD2ED000A90ED56
:10BC2000000AE4B2072C70EEC00A81EE080A80EE2A
:10BC3000801A81ED0E1ADBD300204BE700000000D4
:10BC40000AD7233C89C0B840002474492DE9F04F3D
:10BC5000060015460C462DED028B9DB028A8F0EE8F
:10BC6000408A90E8000E9FED518A1ED0ECB1E5B1FC
:10BC70005FEA0B0019D01AA93046F6F7CFFEB0B133
:10BC8000B0EE680AFFF7F6FE48B118EE900A484990
:10BC9000884204DB18EE900AB0F17E5F09DD0520D2
:10BCA0001DB0BDEC028BBDE8F08F0120F8E702204B
:10BCB000F6E7002704EB870090ED000AFFF7DAFEB5
:10BCC000E8B305EB870898ED000AFFF7D3FEB0B3A1
:10BCD000C7EB0711D8ED000A06EB810090ED060ACC
:10BCE000F0EEE00A20EE281A80EE810AB4EEC80ACF
:10BCF000F1EE10FA01DDB0EE408A7F1CFFB2072F93
:10BD0000D8D368216846E4F7EDFFB0EE480ACDE9E4
:10BD1000169A00F08BF9CDE9180114F0BCFA00EE88
:10BD2000100ADFED241A00236946B6EE001AC0EEB1
:10BD3000210A00BFC3EB031004EB830200E028E0FC
:10BD400092ED000A01EB830C05EB83078CED000AF2
:10BD500097ED000A06EB80008CED070AD7ED001A7C
:10BD600092ED000A61EE811A01EEA00A8CED0E0A36
:10BD7000D0ED031A001DB4EEE10AF1EE10FA06D37D
:10BD8000D0ED031AB4EEE10AF1EE10FA03DD04205F
:10BD900086E7032084E75B1CDBB2072BCAD368224B
:10BDA0005846E4F743FF00207AE700000000000057
:10BDB0000AD7233C002474492DE9F04704001546B6
:10BDC0001F462DED048B0C9E24D01EB3D4E9180120
:10BDD00008431FD068213046E4F784FFC6E91657B0
:10BDE000D4E918018046894614F055FA824600EEDF
:10BDF00010AADFED4A8AB7EE009ADFED490AD4E9CE
:10BE00001620C0EE209A511B70EB070107D3B0EE4D
:10BE1000688A1BE00120BDEC048BBDE8F087AA1AFC
:10BE200067EB0001B2EB080071EB090005D30120BC
:10BE300086F86000B0EE498A08E0104614F02BFA4C
:10BE400000EE100A00EE90AA80EE208A94F86C00B2
:10BE500060B1B5EEC08AF1EE10FA04D918EE100AFE
:10BE6000B0F17E5F05DBB0EE680A32E0B0EE498AE1
:10BE7000F9E79FED2C1A68EE080ADFED2B5A68EE01
:10BE8000011ADFED2A4A20EE880AF3EE0E2A40EE70
:10BE9000E51A20EEA22AB2EE045A60EE080AB2EECB
:10BEA0000E4A00EE412A40EE241A20EE051A20EE3A
:10BEB000880A29EEA93AF1EE083A00EEC41A00EE1B
:10BEC000A22AC1EE838A00EE231AB0EE418A82EEE6
:10BED000290A002004EB800106EB8002D1ED070A5D
:10BEE00091ED001A70EEC10A00EE881A82ED001A78
:10BEF00094F86C3073B120EE801A00BF60EEA80A8F
:10BF0000401C82ED071AC0B20728C2ED0E0AE1D329
:10BF1000002080E791ED0E1AF0E70000000000001D
:10BF20000024744900007042000034430000F042D5
:10BF30002DE9F047060015461F462DED048B0C9C9D
:10BF400021D004B3D6E9180108431CD0682120464B
:10BF5000E4F7C8FEC4E91657D6E9180180468946B9
:10BF600014F099F900EE100ADFED2F9AD6E91620A9
:10BF7000DFED2C8A80EE299A511B70EB070107D365
:10BF8000B0EE688A19E00120BDEC048BBDE8F087B3
:10BF9000AA1A67EB0001B2EB080071EB090005D3A8
:10BFA000012084F86000B0EE498A06E0104614F0E3
:10BFB00072F900EE100A80EE298A002094F86020C1
:10BFC00006EB800191ED070AC0EE090A52B191ED2E
:10BFD0000E0A04EB800181ED000AC1ED078AC1ED74
:10BFE0000E8A19E0F0EE401AF6EE002A91ED001AE2
:10BFF00040EEC81AB1EE602A60EEA20A00EE081AFE
:10C0000004EB800120EE880A00EE481A81ED001A48
:10C01000C1ED071A81ED0E2A401CC0B20728CDD30E
:10C020000020B1E70000000000247449B7EEC00A08
:10C030009FED111B10B520EE010BF0F769FA9FED93
:10C04000101BB4EEC10BF1EE10FA03D200214FF435
:10C050007A6010BD9FED0C1BB4EEC10BF1EE10FA2F
:10C0600003DD4FF0FF30014610BDBDE8104051EC3C
:10C07000100B14F08BB900000000000080842E41EA
:10C08000000000000040AF40000000000000F0434E
:10C090002DE9F04F99464FF00107DFED380ADDE951
:10C0A0000EE3DDE90B54DDF824C0DDF834B088B1CF
:10C0B00081B17AB1B9F1000F0CD05BB1BCF17F0F47
:10C0C0004FF0000A08D083F80CA0062083F80DA0DA
:10C0D000BDE8F08F0120FBE75FF0000600EB860C67
:10C0E00002EB86089CED070A98ED001A09EB860C16
:10C0F00030EE410A9CED001AB0EEC00AB4EEE00A40
:10C10000F1EE10FAB0EEC11A01DDF0EE400AC6EB16
:10C11000061C01EB8C0CDCED0D1AF4EEC01AF1EEEE
:10C1200010FA06D39CED0E0AB4EEC10AF1EE10FA35
:10C1300000D20027761CF6B2072ECFD3C3ED020A39
:10C140009FB1187B0122A8B1D3E900012E1A74EB2C
:10C15000010608D3281A64EB0104B0EB0B0074EB62
:10C160000E0400D35A730020B2E783F80CA083F8C2
:10C170000DA0F8E71A73C3E90054F4E700000000CB
:10C180002DE9F05F040015460E462DED028BDDF81B
:10C1900030B011D086B17DB194F8990060B12068BB
:10C1A00000F074F850B196F82C017F2808D00320D5
:10C1B000BDEC028BBDE8F09F0120F9E70220F7E714
:10C1C0009FED318A00274FF0040900BFC7EB07122B
:10C1D000216805EB870A09EB82009AED000A01EB62
:10C1E000000800F06DF888B19AED000AD8ED020A57
:10C1F00020EE080AF4EEC00AF1EE10FA06DCD8EDE3
:10C20000030AF4EEC00AF1EE10FA01D20420CFE7DF
:10C210007F1CFFB2072FD9D3002349462068C3EB08
:10C22000031703EB830201EB8707384406EBC207D1
:10C23000D0ED0B0A90F9062004EB830097ED001A6D
:10C2400000EE102A05EB83025B1CF8EEC01A92ED9B
:10C25000000ADBB2072B21EE811A20EE080AC1EE9C
:10C26000201A30EE610A80ED1E0AD7D30D9B012003
:10C2700084F898005A4631462046BDEC028BBDE852
:10C28000F05F00F02DB9000035FA8E3C3EB5044653
:10C290006946F6F7E9FB00280BD000215FF0430068
:10C2A000C1EB011204EB8202D26B30EA020201D030
:10C2B00000203EBD491CC9B20729F1D301203EBD73
:10C2C000B4EE400AF1EE10FA0BD110EE100AB0F104
:10C2D000FF4F06DA10EE100A10F5000F01D2012010
:10C2E000704700207047000010B5C8B1C1B190F888
:10C2F0009920AAB190F89820A2B19FED0B0A0022D4
:10C30000531C00EB8204D4ED1E0A01EB8204DAB266
:10C3100060EE800A072AC4ED000AF1D3002010BDA8
:10C32000012010BD052010BDE12E65422DE9F04130
:10C3300004000F460BD057B194F8990038B100258E
:10C3400004F10808D4F89460F0070ED102E001204F
:10C35000BDE8F081702241463846E4F767FCD4F826
:10C360009400864201D1C007F2D06D1CEDB2032DBE
:10C37000E8D30620ECE770B504000D460DD065B19A
:10C38000A021E4F7AFFC0120256084F8990028463D
:10C39000FFF77CFF18B1002070BD012070BD0220A6
:10C3A00070BD2DE9FF4F060091460F462DED028B23
:10C3B0008FB03DD0E7B3B9F1000F7CD01498B8B37B
:10C3C0001E98A8B396F8990090B396F8980080B399
:10C3D00000244FF0040A3168C4EB041207EB840810
:10C3E0000AEB82000D1895F9060000EE100AB8EE6F
:10C3F000C08A98ED000AFFF763FFF0B309EB840BE6
:10C400009BED000AFFF75CFFB8B398ED000AD5ED8D
:10C41000020AB4EEE00AF1EE10FA45D3D5ED030AB4
:10C42000B4EEE00AF1EE10FA3EDC95ED0B1A01E0F5
:10C4300041E042E006EB8402684621EE081AD2EDA4
:10C440001E0A00EB840007A930EE600A01EB8401AC
:10C4500020EE011A80ED001A95ED0B0ADBED000AC3
:10C4600020EE080A20EE200A81ED000AD5ED080A28
:10C47000F1EE601AB4EEE11A00E015E0F1EE10FA08
:10C4800012D3B4EEE01AF1EE10FA0DDCD5ED090A84
:10C49000B1EE601AB4EEC10AF1EE10FA04D3B4EEB4
:10C4A000E00AF1EE10FA0ADD04200FB0BDEC028BB9
:10C4B00004B0BDE8F08F0120F7E70520F5E7641C24
:10C4C000E4B2072C87D314981C226946E4F7AEFB2C
:10C4D0001E981C2207A9E4F7A9FB0020E5E700004D
:10C4E000F0B5040016469DB01F460D4671D0002DD4
:10C4F0006FD094F89900E0B370216846E4F7F2FB3E
:10C50000CDE91667D5F828011890E06E401C199007
:10C5100094F898008DF8690094F8980050B30020C2
:10C520006E46DFED2E0A04272168C0EB001300EBF6
:10C53000800207EB8303194405EBC20291ED0B1A4D
:10C5400091F90630D2ED001A00EE103A04EB8003A8
:10C55000B8EEC00A93ED1E2A06EB800361EE802A36
:10C56000C2EE811A31EE821A21EE201A83ED001AF2
:10C5700001E02EE017E0D2ED011A91ED0B1A401CFC
:10C5800021EE800AC0B20728C0EE011A21EEA00AEF
:10C5900083ED070A92ED020A83ED0E0AC4D395F8E3
:10C5A0002C018DF86800D4F894006946401CC4F84A
:10C5B0009400702204F10800E4F738FBD4F89400EA
:10C5C000401CC4F8940094F8980020B100201DB0DD
:10C5D000F0BD0120FBE70520F9E70000E12E6542F0
:10C5E00003880A88934201D0981A70474088498886
:10C5F000401A704703780A78934201D0981A70471E
:10C6000040784978401A70470348002243684B60DD
:10C6100000788873CA737047240201242DE9F04121
:10C62000984616460F46069D04F06AFB041E2CD061
:10C6300032B239B208F0FDF82AB220460FFA88F17A
:10C6400008F016F912490022204608F041FA01F0DC
:10C6500029FE00220146204608F02EFA002220463C
:10C66000042108F015FA172D01DA002100E002215B
:10C670002046002208F011FA0421204604F086FF2B
:10C680001221204605F04EFC2046BDE8F081000056
:10C690009CAE03082DE9FC41144688460646D8079F
:10C6A00029D004F1080001250746002206F11401F3
:10C6B000F0F7E6F958B100206A4612218DF8000023
:10C6C0003046019703F016F99DF8000098B1608993
:10C6D000218A0844401EE081B4F90E10B4F9060026
:10C6E000814200DDE08102B02A4621464046BDE895
:10C6F000F04102F05FBA0025EEE72DE9F04188B085
:10C700001D461646074688460846F0F718FF02A958
:10C710000446404606F07CF8224602A8114601F085
:10C72000EEFB022E05D0012E29D0002008B0BDE876
:10C73000F081DDE9020100231A46CDE9040104A9D4
:10C74000404606F0E6FEB96804AA6846F0F76FF9BD
:10C750000028EBD0DDE9000101230022CDE906012C
:10C7600006A9404606F0D5FE06A902AA0846F0F73B
:10C770005EF90028DAD006982860079809E0B968C1
:10C7800002AA6846F0F753F90028CFD00098286035
:10C79000019868600120C9E72DE9F04F2DED048B69
:10C7A0000D460446D1B0284691F80816F6F7D8FC95
:10C7B000074695F88C0694F8DC110728009100D301
:10C7C00000204FF0000B84F8DCB1594600EB40022A
:10C7D00084F8EDB102EB001005EBC00000F1980801
:10C7E000A06C11F0EAFB606C002111F0E6FBA06C7C
:10C7F0000022FF2108F02CF9A06C0022022108F091
:10C8000038F90026002104EB8609D9F8080011F058
:10C81000D4FBD9F82800002111F0CFFB761C072E9D
:10C82000F0D395F8080688B995F8C10470B995F861
:10C83000C20458B995F89C0640B995F8CC0428B9BB
:10C8400095F8920610B195F8930618B984F8ECB1F2
:10C85000A4F8DEB1F7B395F88DA6052F01D8002016
:10C8600003E0791F8A4501D9781F824684F8ED716B
:10C870004FF0000984F8EEA13AE00096A02195F867
:10C88000083607A82A46F6F7B3FD95F88E366FF0FE
:10C890007F41FD4A9E4202D14FF0010C01E04FF072
:10C8A000000C4FF01E08CDE905120DF1080E2046D0
:10C8B00007AB26218EE80818FC2601EB49134946F0
:10C8C0000C22CDE9006811F0A7FB00220A2104EB3D
:10C8D000890600E011E0B06808F0DAF8B0680022DC
:10C8E000072108F0DAF809F10109B9F1050F4AD278
:10C8F0000AEB0906BE42C0D345E095F8080604F2EB
:10C90000422704F2E22A4FF00109072804F2C2414B
:10C910002F9178D00DDC04F282313191F0B30228EE
:10C9200072D0052804F2026130916ED0062806D13B
:10C93000F7E30828EDD00C2868D0102867D000262F
:10C940004FF0170924276FF07F484FF4807ACE49C3
:10C9500006EB860CCDF80CB0CDE904B804EB4C1016
:10C96000CDF800A000F2422006910C223146CDE91C
:10C97000019006EB460007EBC003204611F04CFB8C
:10C98000761C072EE3D395F8080605280BD0A06C7B
:10C990003022102107F04DFFA02200E00BE0A06C38
:10C9A000F82107F065FF206806F0D6FF51B0BDEC16
:10C9B000048BBDE8F08F00984E4684F8DC91012886
:10C9C00034D194F8DD0195F88E2690422ED095F85A
:10C9D000C11459BB95F8C21441BB95F89C1629BBEC
:10C9E00095F8CC1411BB95F89216F9B195F89316F9
:10C9F000E1B10321401CB0FBF1F301FB13009042B5
:10CA000006D11C2006E0EAE253E344E25AE0A5E244
:10CA10006FF01B00A4F8E001A4F8DE0108F0B0FEFE
:10CA2000C4F8E401C4F8E80184F8EC61032095F847
:10CA30008E265E46DFF854B24FF4807AB2FBF0F1F6
:10CA4000DFF844924FF01608232300FB112284F8EC
:10CA5000DD210C22CDF800A00021CDE9046BCDF83A
:10CA6000189020460396CDE9018711F0D5FA6FF0B2
:10CA70007F41CDF818900396CDE9046195F88E06B4
:10CA8000E0B101281CD082A102911A20BE229A2373
:10CA9000CDE9002050222046012111F0BDFACDE958
:10CAA000046B3198BA23CDF818900C22039602211A
:10CAB000CDF800A0CDE9018020468FE278A1E3E720
:10CAC00079A1E1E795F88F76052F00D3002795F837
:10CAD00061962846F8F7B1FE0290032084F8DC0145
:10CAE00095F85006484503D3A0EB0900C1B200E019
:10CAF000FF214FF0FF3205F59A602F90A4F8F02146
:10CB00005FF0000684F8EF11502106EB860004EB7D
:10CB1000001A0AF14C000190E4F7E4F8029909EBDD
:10CB20000600884215D2C1B22846F8F794FE604A42
:10CB300001460090019852F8213028215DA2E3F7C8
:10CB4000A1FD009B28212F9A0AF17400F6F71AFE26
:10CB50000CE00BD1019858A24FF02801E3F792FDA9
:10CB600028210AF1740058A2E3F78CFD761C052EEB
:10CB7000CAD304AA554E6FF07F415846CDF80CB089
:10CB8000012F82E843007DD0494850F8270000BFBC
:10CB900018214FF0E00ACDF800A03B23CDE90110A9
:10CBA0001C222046002111F037FA3B204FF00209E9
:10CBB000CDE9000ACDF808901C23444904F2127212
:10CBC000A068F6F7C4FF2F9AA02107A83B46F6F706
:10CBD000D9FD0DF1100C3E4B00204FF0DC0B6FF037
:10CBE0007F41CDF800B0039007AA8CE80B00262601
:10CBF0002046CDE9016260231E22012111F00CFACA
:10CC00006022CDF80890CDE9002B31491E23E06861
:10CC100004F2B272F6F79BFF95F8DC0404287DD08D
:10CC200003287BD0002040A9814608F13C068846B5
:10CC3000442231462FA8E3F7F9FFB9F1000F0FD0D6
:10CC400096ED050A8DED300A96ED060A8DED310A56
:10CC500096ED070A8DED320A96ED080A8DED330A3E
:10CC6000442240462FA9E3F7E1FFF7EE009A05F5CD
:10CC700080664FF07E5837B1012F75D0022F72D0E9
:10CC8000032F27E05EE061E09CAE0308AAAAAA0099
:10CC9000E69CACE59CB0E68EA7E588B600000000F7
:10CCA000E794B5E69CBA0000E8AF8AE696AD0000CE
:10CCB000100B030825730000E9A284E8A788E5B9F2
:10CCC000B6E689A7E8A18C003E000000C86B040806
:10CCD000A879040861D0D5F80405DDED4F0A9DED73
:10CCE000501A00EE100AF8EE608AB8EE418AB8EEEB
:10CCF000409A00BF19EE100AEFF7E0FB90B318EE70
:10CD0000900AEFF7DBFB68B318EE100AEFF7D6FBDB
:10CD100040B3B4EEE88AF1EE10FA00E014E064DD0E
:10CD2000012F41D079EE680A38EE681A80EE810A48
:10CD3000DFEDFD0AB5EEC00AF1EE10FA3DD2B0EE1D
:10CD4000600A40E0F9A023E701206CE79DED430A6B
:10CD5000F8F7B8FEB0EE408A96ED3C0AF1EE488A4C
:10CD60000FE001E041E011E09DED440AF8F7AAFE72
:10CD7000B0EE408A18EE100A96ED3D0A404569FE75
:10CD8000888AF8F79FFEB0EE409AB3E796ED3E9A98
:10CD9000DDED498A9DED4A8AACE796ED3F9ADDEDDF
:10CDA0004B8A9DED4C8AA5E7B0EE481AF0EE680A72
:10CDB000B0EE490AF6F7FAFEBAE710EE100A40455F
:10CDC00001DDB0EE690ADFEDDD1A9FEDDD1A012FFE
:10CDD000B6EE002A00EE211A02FE200A31EE000A09
:10CDE000BDEEC00A10EE100A14E019EE100AEFF7BB
:10CDF00065FB88B118EE900AEFF760FB60B1B4EE06
:10CE0000688AF1EE10FA07D1B4EE689AF1EE10FAE2
:10CE100002D18C20A4F8F001CA480026CA496FF05C
:10CE20007F4903964FF0140B04969E23CDE905909D
:10CE300051F827200221CDF800A0D0462046CDE9A8
:10CE400001B21C2211F0E8F89E21CDE9001802275A
:10CE50000297BC491C23206904F65202F6F777FEBC
:10CE6000B84A0FF2E82C0396B82304960321CDE9C3
:10CE700005928DE800191C22204611F0CDF8B8214A
:10CE80000297CDE90018AF491C23606904F6F2024D
:10CE9000F6F75DFE77E595F8482629462046F6F731
:10CEA00095FDA06C2622102107F0C3FCA06CAA22DD
:10CEB000F82107F0DDFCDFF8A4A200266FF07F4820
:10CEC0005F461623E82106EB8602CDE9001304EB4A
:10CED000421202F2422206EB46010DF1100BCDE99F
:10CEE000022701EBC6012C2000EB410331468BE801
:10CEF00080051822204611F08FF8761C062EE0D30C
:10CF0000CDE90379CDE9058A309E1823E8208DE824
:10CF10004900B32320461822062111F07DF895F828
:10CF200096060028B6D0D5F88076002FB2D04FF400
:10CF30004876B74200D93746606CCC22182107F0FA
:10CF400078FCE8204743B7FBF6F001B2606C07F0CD
:10CF5000D3FD606C012111F030F814E595F84926F5
:10CF600029462046F6F732FD7DA203927DA2DFF826
:10CF7000EC81E027CDF810B01E210097CDE9011219
:10CF80006FF07F46204642231C220021CDE9056830
:10CF900011F042F895F86E06F8F79CFD2C22CDF8BA
:10CFA0000CB000975946CDE9012004A86F231C223C
:10CFB00080E842010121204611F02EF86DA24FF0C9
:10CFC000190C6DA3CDF810902046CDE90232AE23A6
:10CFD0001C22CDE9007C0221CDE9056800E20B228C
:10CFE00029462046F6F7F2FC6FF07F405E46DFF8F8
:10CFF0006C813923CDF80CB04FF0E40BCDE904601F
:10D000001820CDF800B0CDF818801A22CDE901071C
:10D010000021204611F000F86FF07F40CDF800B0FD
:10D020001727CDF8188003965723CDE904601A22FC
:10D0300020460121CDE9017A10F0EEFF6FF07F412B
:10D04000CDF800B004F22240CDF818800396742386
:10D05000CDE90461CDE901701A222046022110F0C9
:10D06000DBFF2F9B1A22039620460496CDF800B0D2
:10D07000CDE9017342499123CDE90518032110F050
:10D08000CBFF2846F8F7F9FB08B13EA000E042A02C
:10D09000CDF800B01823CDF8188003AFCDE90130EA
:10D0A0006FF07F4C2046AF231A2287E840120421FC
:10D0B00096E11721DFF8A4A00DF1100C58464FF4AB
:10D0C0008076CDE9027BCDE900616FF07F498CE885
:10D0D0000106232320460C22002110F09DFF98F822
:10D0E000020010B198F80100E0B198ED060AF8F7D7
:10D0F000E9FC2DA0009098F80120A02107A8134674
:10D10000F7F758FB294A07A9CDF80CB02427CDF82A
:10D1100010B040230096CDE905920C22CDE90171B3
:10D1200071E095E044E0000000000000E8BE93E5F7
:10D1300087BAE8BDB4E9809FE5BAA60000004A437B
:10D1400000001C424C580408E40B0308E4BB85E4CF
:10D15000BFAEE694B9E88D89E7A8BF009CAE03088E
:10D16000EF81B100E6938DE4BD9CE69CAAE68F902A
:10D17000E4BAA400EF819300E8BF94E59B9E000011
:10D18000AAAAAA00E8BF9BE585A5E68EA7E588B612
:10D19000E6A380E69FA50000E5B7B2E8AFBBE8BF15
:10D1A00094E59B9E00000000C2B00000104F0408F0
:10D1B00098ED060AF8F786FC10EE100A6FEAD050D8
:10D1C00010F0FF0F0CD0B7EEC00AD8F81000A02165
:10D1D000029085A207A88DED000BE3F753FA04E057
:10D1E000A02187A207A8E3F74DFA0DF110088B4A9A
:10D1F00007AF5846CDE9027B222188E80504402389
:10D200000C22CDE900610121204610F005FF022724
:10D21000B0461726CDF80CB007EB870CCDF818A058
:10D22000CDE904B904EB4C10CDF8008000F24220A7
:10D2300007EB47010C22CDE901603B2000EBC10365
:10D240003946204610F0E8FE7F1C062FE2D321E687
:10D250002846F7F725FE411E062900D9002100289F
:10D2600001EB410202EB011005EBC00606F1980646
:10D270000CD0B07850B196ED060AF8F723FC10EE0A
:10D28000100AEFF71BF908B1012000E000204FF071
:10D2900000086FF07F413290614A15204FF4807B87
:10D2A000CDF80C80CDE90481CDF800B0232306929F
:10D2B0000C22CDE901074146204610F0ADFE0DF1EC
:10D2C000100C574A6FF07F414046CDF800B0172749
:10D2D000CDF80C803A238CE807000C22204601216F
:10D2E000CDE9017A10F098FEDFF830A152234C4AC4
:10D2F000204606920C22CDF80C80CDE9048A3199A3
:10D30000CDF800B0CDE90171022110F085FE96ED57
:10D31000060AF8F7D7FBAFF270100090A021329BFD
:10D3200007A81A46F7F746FA6FF07F423D4907AF64
:10D33000CDF80C8006916A23CDE904822222CDF833
:10D3400000B0CDE901270C222046032110F064FE35
:10D35000329860B130690090707808B132A300E073
:10D3600037A3A0213CA207A8E3F78CF904E0A02191
:10D370003CA207A8E3F786F93A46DFF8A480002626
:10D38000CDF800B01521CDF8188003968C23CDE997
:10D3900001120C225F4606212046CDE9046A10F0F6
:10D3A0003BFE6FF07F42CDE90528CDE903692F9858
:10D3B0001A2300970C220421CDE90130A323204633
:10D3C00010F02AFE30981523CDF818800C22009713
:10D3D00005210396CDE90130BE232046CDE9046A3C
:10D3E00010F01AFE56E50000E4B88AE6ACA120254C
:10D3F0002E3166C2B0202F20256C756D73000000A1
:10D40000E4BD8DE7BDAE202D2D202F20E58F8DE9C9
:10D41000A688E697A0E6958800000000AAAAAA00C0
:10D420009CAE0308104F0408E8BE93E587BAE8BD38
:10D43000B4E5BD93E5898DE4BD8DE7BDAE00000088
:10D44000E4B88AE6ACA1E8BE93E587BAE8BDB4E4E7
:10D45000BD8DE7BDAE0000002573202F20256C7523
:10D460006D730000E8BE93E587BAE8BDB4E4BD8DF6
:10D47000E7BDAEE69CAAE79FA500000070B5044694
:10D4800005F040F90025064606E0A068006850F85F
:10D490002500FFF7F3FF6D1CB542F6D3608CC10782
:10D4A0001AD020F001006084204606F039FD2046A5
:10D4B00006F053FC86B10021204605F000FF58B16C
:10D4C0000C494968884207D80B49096801EBC0003C
:10D4D00050E9022120469047608C810708D520F052
:10D4E000020060842046BDE87040002106F079BB50
:10D4F00070BD00004C020124D80201242DE9F04146
:10D50000C0B000F0A2FB5E494A7D12B111F032FEBC
:10D51000B3E000240C75884659495A4810390C73F9
:10D520001421047044703BA8E3F7DCFBB8210AA87F
:10D53000E3F7D8FB2421389401A839943A94E3F70F
:10D54000D1FB5148016841F00101016000683BAA2C
:10D55000032100F001000090202082E813004B48D6
:10D560003BA9E8F753FF022000224FF400210A9163
:10D570001023CDE90B20CDE90D30C0250F90109080
:10D580000AA8CDE9115413943294EAF707FA28B1A6
:10D59000D8F80010491CC8F800106EE03A48083866
:10D5A000016841F020010160006800F02000009057
:10D5B00035486038016841F020010160BFF34F8FAA
:10D5C000016821F0200101602D4870218038E3F7C7
:10D5D00089FB2B4804212E4D0823803840F2FF7C24
:10D5E0004FF4E012012605600727C0E90441C0E9B5
:10D5F0000123047606234476C66180F820408462C5
:10D60000C4620463C463046480F8444001A8214AEE
:10D610003894CDE9051480E88C1019488DF8254020
:10D620008038E6F757FE08BB154838A98038E6F77A
:10D630006DF9D8B9124801A98038E6F7FBF9A8B905
:10D64000F6F7CEFD90B11C2028601220E9F794F87F
:10D65000002208211220E9F7BBF8012088F81460A5
:10D6600011F088FD012040B0BDE8F081D8F800102D
:10D67000491CC8F80010FEF7A3F90020F3E70000EA
:10D68000EC9E0224EC010124E04402580000025800
:10D69000002002400000B84F1D482DE9F0411B4D0D
:10D6A0000068A84204D0BDE8F0411220E9F764B850
:10D6B000174C2F688034207D88B1607D78B1F806E2
:10D6C00013D4E8F7B7FF134E7168401A322810D30D
:10D6D000A068401CA060BDE8F041FEF771B9206968
:10D6E0001C21401C20612960DDE7E068401CE060EF
:10D6F000F1E768683840C0F3800070700448E6F7CE
:10D70000A1FC00207070BDE8F08100000020024004
:10D710006C9E0224EC01012470B50C00054619D062
:10D7200000F093FA0C4E0146D6E91D30326FF66FC9
:10D73000C4E90023084AC4E902068032127D12B10E
:10D74000281A322801DB00202073BDE8704008460B
:10D7500011F010BD70BD00006C9E022470B505462E
:10D7600000F073FA174C0646207D28B31648617DF9
:10D7700039B14068281A32281ED3A068401CA06026
:10D7800014E0017819B14168691A052914D345607C
:10D790000121017012206175E8F7EEFF0948803819
:10D7A000E6F7EEFE40B16068401C6060FEF708F9E5
:10D7B00004488038E6F7A8FF3046BDE8704011F015
:10D7C000D9BC0000EC9E0224EC0101242DE9F843B1
:10D7D000984615460C46814600F04BFA0746194814
:10D7E00000260078022821D117480078F0B12A4697
:10D7F0002146484600F007FAC0B1B4F1105F15D3D6
:10D800001248844212D205F11F01001B21F01F02B1
:10D81000214682420AD80B482B460A4649465038D0
:10D82000CDF8008000F058F9064604E0054850386D
:10D83000416A491C4162384611F0A4FC3046BDE8FB
:10D84000F8830000309E0224D401012400800024CB
:10D850002DE9F041194C207818B3194A0126194DC9
:10D8600010686B6C11690707526A6361667101D5B4
:10D870004B0707D4430701D5890703D4C00715D048
:10D88000100613D50F4810225030C16A491CC0E958
:10D890000B12E8F7CFFE696C02460A4800F070F9F7
:10D8A00008E0BDE8F0410B20E8F766BF054878388E
:10D8B000E7F792F800206071BDE8F081D4010124FF
:10D8C00000000240E09D022470B504001DD000F06D
:10D8D000D0F90E493C2205462046E3F7A7F90B494B
:10D8E0002422201D3439E3F7A1F908485038017E7D
:10D8F0006170416C6163007E00B1012084F83800E2
:10D900002846BDE8704011F03DBC70BD309E022439
:10D910002DE9FF47214A8946804601AB07CA83E8C3
:10D92000070000F0A6F905461D48007E18B12846FC
:10D9300011F028FC1CE01B4C207820B1002010F0D6
:10D9400039FE0028F3D000252570FDF79FFC00204C
:10D9500010F0F2FAFDF702FD114E503618B1607862
:10D96000012748B110E0B06A0321401CB062317059
:10D97000002004B0BDE8F0870B4B0022084801A945
:10D98000009500F00CF967700320C4E90289277044
:10D990002571357011F0F6FB0120EAE7A80A0308AB
:10D9A000E09D0224D401012479EF020870B50646F7
:10D9B00000F05FF905460F480078A8B10E4C2078BA
:10D9C000012802D1304610F049FA0B483146503850
:10D9D00000F0FCF808485038007E022804D10320EB
:10D9E0002070002010F0A8FA2846BDE8704011F021
:10D9F000C9BB0000D4010124309E022470B51A4C2A
:10DA00002078B0B119491A4D486910F4587F15D0E3
:10DA100005F1500100F45872C86A401CC1E90B02BC
:10DA2000E8F708FE696C02462846BDE8704000F041
:10DA3000A7B8BDE870402320E8F79EBE6A6C62611B
:10DA40002A7E012A05D109690140080701D5012074
:10DA500000E000202071074801216171EBF734F9E3
:10DA600000202071607170BDD4010124003001409C
:10DA7000E09D0224E09C02242DE9F041074600F0DD
:10DA8000F8F8124C0546207830B1114E307818B9AC
:10DA9000A6F15000007E28B1284611F073FB00204B
:10DAA000BDE8F0810B4800224FF40061E8F7BCFDAF
:10DAB000002010F041FA0020A070E07001212761E1
:10DAC0002846317011F05EFB0120E9E7D401012402
:10DAD000309E0224000402582DE9F84304001D463C
:10DAE00016468846089F02D0207EA8B902E0002092
:10DAF000BDE8F883206878B1606868B1A06858B163
:10DB00001A463146404600F07EF828B1606C01218B
:10DB1000401C606404D004E0606A401C6062E6E778
:10DB200061640023A764626CE0692664E564401CBC
:10DB300063762B4621764146E06100923246D4F866
:10DB400000C0E068E04720B903213A4620460FF0C4
:10DB5000ACFA0120CCE7002808D0037E012B02D1CB
:10DB6000436C8B4203D0416B491C41637047816C0D
:10DB7000511A322901D3022100E000210FF095BA99
:10DB8000002808D0037E012B02D1436C8B4203D0C6
:10DB9000416B491C4163704703210FF086BA2DE9A0
:10DBA000F04104001E4617460D46DDF818800BD0E4
:10DBB0005021E3F797F81DB195E8070084E80700C6
:10DBC000C4F81480C4E90376BDE8F081002819D0B8
:10DBD000027E022A09D0012A14D1826C8A1A322AC2
:10DBE00010D30A4602210FF060BA427E42B9826C1D
:10DBF0008A1A322A04D3826A02234376521C826232
:10DC000011F05EBA704710B5E8B1E1B1C9061AD19A
:10DC1000CAB1B2F5525F16D8048881888C4212D8F6
:10DC20004388C08883420ED8B1F58C7F0BD2F02890
:10DC300009D2091BC01A401C491C414348008242BA
:10DC400001D1012010BD002010BD4FF0E02010B523
:10DC5000D0F8000110F4802F01D0012400E000244E
:10DC60001220E8F796FDBFF34F8FBFF36F8F20466A
:10DC700010BD0B2010B5EEF728FC04462320EEF76C
:10DC800024FC44EA40040B20E8F783FD2320E8F756
:10DC900080FDBFF34F8FBFF36F8F204610BD000094
:10DCA0002DE9F0410026884607461448EFF769FB46
:10DCB00004461DE011482146EFF775FB0546206834
:10DCC000B84200D09FB96168414502D0B8F1000F59
:10DCD0000DD10A482146EFF7EFFB216909B1204633
:10DCE0008847204603F098FDF4F7AEFD01262C4648
:10DCF000002CDFD13046BDE8F081000044B9022499
:10DD000070B50C4605460948EFF73BFB0BE0016890
:10DD1000A94204D14168A14207D0002C05D0014698
:10DD20000248EFF740FB0028F1D170BD44B902244E
:10DD300070B54421044603F039FE09484FF4FA75E2
:10DD4000E061002194F84230642221620120C4E99C
:10DD50000A25A4F8400043F0010184F8421070BD88
:10DD600099DD010838B5044600234FF4806500951D
:10DD7000D4E90B20194603F09FFC002140F2B63392
:10DD80004FF46172009500F0E2F8226AA16A891AE4
:10DD9000414302EBA12038BD38B5044600234FF4BF
:10DDA00080600090D4E90B20194603F085FC226ABC
:10DDB000A16A891A414302EBA12038BD8B1A002BBE
:10DDC00000DC531A4FF47A714B43B3FBF0F0002898
:10DDD00000D101207047000070B54168054611B1BF
:10DDE0002868FFF75DFF1B48EFF75DFB1A4E10B187
:10DDF00007F0C6FC70601748EFF7E8FA040024D07B
:10DE00004422294603F048FD2868A84200D1246036
:10DE1000717894F8420061F3820084F84200C107EF
:10DE20000FD0616939B120468847226AA16A02444D
:10DE300022620844A06262681AB1206808B1216AAF
:10DE40009047F4F701FD204670BDF6F70DFE002067
:10DE500070BD000044B90224C00201240A88028077
:10DE60004A8842808A888280C988C18070470A882F
:10DE700002804A8842808A888280C988C18070472F
:10DE80000A8802804A8842808A888280C988C18044
:10DE900070470A8802804A8842808A888280C988BE
:10DEA000C18070470A8802804A8842808A888280BE
:10DEB000C988C18070470A8802804A8842808A885F
:10DEC0008280C988C180704710B5B0F90410B0F9DC
:10DED0000020B0F90630B0F90240881A401C191B26
:10DEE000491C484310BD81880088081A401C00B2B4
:10DEF000704781880088081A401C00B2704770B5CE
:10DF00000388848846885B1AC5880C440380B11A4C
:10DF100084802A444180C28070BD70B503888488A3
:10DF200046880B44C5880C440380B11884802A4479
:10DF30004180C28070BD10B5029C01804280838008
:10DF4000C48010BD4288491E1144C1807047F0B59D
:10DF5000C0F5806400FB00F604FB04F5B70ADDF8A9
:10DF600014C0AD0A05FB04F67C43454347435543C3
:10DF7000B00A5C434843BA0A05EB4503810A180D11
:10DF800002FB0CF204EB4403014401EB135000EBE1
:10DF90009220F0BDF0B54FF4FA660446C1F341306B
:10DFA0004FF06405771001280BD121F4C040B04236
:10DFB00007DCB84201DDC0F57A70584390FBF5F0FC
:10DFC00001B2C2F3413001280BD122F4C040B0426B
:10DFD00007DCB84201DDC0F57A70584390FBF5F0DC
:10DFE00002B2944201DA204600E01046884201DA8B
:10DFF0000846F0BD944201DA2046F0BD1046F0BD5F
:10E00000F0B54FF4FA660446C1F341304FF06405B1
:10E01000771001280BD121F4C040B04207DCB84290
:10E0200001DDC0F57A70584390FBF5F001B2C2F300
:10E03000413001280BD122F4C040B04207DCB84285
:10E0400001DDC0F57A70584390FBF5F002B29442BE
:10E0500001DA204600E01046884201DA0846F0BDA9
:10E06000944201DA2046F0BD1046F0BD0022114670
:10E07000104608B500F055F80090BDF8000008BD46
:10E0800000221146104608B500F077F80090BDF860
:10E09000000008BD00221146104608B500F083F8C4
:10E0A0000090BDF8000008BD00221146104608B5DA
:10E0B00000F0A5F80090BDF8000008BD07B5810785
:10E0C000BDF8043002D0521E20F8023BBDF8041007
:10E0D00001EB014109E0016041608160C1600161C3
:10E0E00041618161C1612030103A102AF3D802E009
:10E0F000521E20F8023B002AFAD10EBDF82101EA97
:10E10000104108B5C0F3423200F4E053114300F06F
:10E11000F80041EAC30141EA4010ADF8000080B2C6
:10E1200008BD38B54C09C508BDF80030D2088908CB
:10E1300064F3020398B265F3C70080B262F30C2067
:10E1400080B261F34F30ADF8000080B238BD38B511
:10E150004C09C508BDF80030D208890864F30203F1
:10E1600098B265F3C70080B262F30C2080B261F30D
:10E170004F30ADF8000080B238BD38B54C09C50845
:10E18000BDF80030D208890864F3020398B265F341
:10E19000C70080B262F30C2080B261F34F30ADF85B
:10E1A000000080B238BD38B54C09C508BDF8003054
:10E1B000D208890864F3020398B265F3C70080B2FD
:10E1C00062F30C2080B261F34F30ADF8000080B2F2
:10E1D00038BD38B54C09C508BDF80030D2088908EB
:10E1E00064F3020398B265F3C70080B262F30C20B7
:10E1F00080B261F34F30ADF8000080B238BD38B561
:10E200004C09C508BDF80030D208890864F3020340
:10E2100098B265F3C70080B262F30C2080B261F35C
:10E220004F30ADF8000080B238BD38B54C09C50894
:10E23000BDF80030D208890864F3020398B265F390
:10E24000C70080B262F30C2080B261F34F30ADF8AA
:10E25000000080B238BD000038B584B2104B88B2DF
:10E260002502010241EA102045EA1424A1B280B23D
:10E27000121D41EA014140EA004019401840D2080D
:10E28000091A514300EB5110184040EA104080B287
:10E29000010241EA1020ADF8000080B238BD000054
:10E2A0001FF8E007FF221146104608B5FFF739FFB7
:10E2B0000090BDF8000008BDFF221146104608B5C9
:10E2C000FFF771FF0090BDF8000008BD2DE9F04197
:10E2D0001E4617460D4604461C2103F067FBC4E9A1
:10E2E0000057C4E90256BDE8F0810000F8B550219E
:10E2F000044603F05BFB20694FF4A0732380F025F4
:10E3000065804FF0FF32A28020F04000E2800021C3
:10E310008226218140F008006181582166F3D010E7
:10E3200020614EF20700ADF800000090BDF800003B
:10E33000208702482064C4E91101F8BDE5F2010814
:10E34000F8B505464948EFF741F8040024D0E86BDA
:10E3500048B9A86C03F0CEF906001DD02A6C01461E
:10E3600028469047EE634FF4B471204603F01EFB3D
:10E37000012025600821C4F8540104F5AC70EFF7C2
:10E380001DF83B4E14213B482246F768F46007F025
:10E390000BFA606018B107E0F6F766FB5EE0F6F78F
:10E3A00063FB6068002856D0286981070AD5298850
:10E3B0006A88EB6811FB02F1DA68914202D920F019
:10E3C00002002861BDF8002007201F2160F302022F
:10E3D00092B261F3C70292B261F30C2291B260F380
:10E3E0004F31ADF8001088B20090BDF800000090E9
:10E3F000BDF800006085FF2084F82900002003F0AC
:10E4000021FE2061002003F01DFEE061002003F0EA
:10E4100019FE194D00212062E0692A4605F0E9FF46
:10E42000206A00212A4605F0E4FFE069022103F09A
:10E4300079FD206A022103F075FDE069002106F0F4
:10E4400003FA206A002106F0FFF9206905F084FA3A
:10E45000F7602FB105E0204603F0DEF90020F8BD9B
:10E46000F460606807F075FA2046F8BD20B9022410
:10E47000A8020124CDCC0008FFFF0F00C2680021D4
:10E480001161C068416170470148C0687047000071
:10E49000A802012410B90548C06820B100680069CD
:10E4A000C0F3C9107047822070470000A802012401
:10E4B0000068C0687047000018B90948C0680028A3
:10E4C00009D00068017CC1F30111012904D003299E
:10E4D00002D0B0F900007047B0F9020070470000A8
:10E4E000A802012410B518B9FFF7CEFF002800D00C
:10E4F000006A10BD10B518B9FFF7C6FF002800D09C
:10E50000C06910BD10B518B9FFF7BEFF002800D0D4
:10E51000006910BD10B518B9FFF7B6FF002800D08C
:10E52000406910BD10B508B9FFF7AEFF806810BD97
:10E5300018B90948C068002809D00068017CC1F3F7
:10E540000111012904D0032902D0B0F9020070475B
:10E55000B0F9000070470000A802012410B518B9F6
:10E56000FFF792FF002804D0D0F85401002801DD05
:10E57000012010BD002010BD08B500210B460A4641
:10E58000009106F093FD08BD2DE9F0411D001746EE
:10E590000E4604461AD0F07A02281AD9D4F81CC0C4
:10E5A000BCF1000F03D02046E047012811D02B46D4
:10E5B0003A4631462046F9F74FFC012809D006A219
:10E5C00039462046BDE8F0410FF0FFBC02A23946B3
:10E5D000F8E7BDE8F08100004E6F0A6461746100E5
:10E5E00038B58469049D002C01D00095A04738BD42
:10E5F00038B51821044603F0D9F900221146104617
:10E60000FFF7A5FD0090FF22BDF80000511C00900F
:10E61000BDF8000020810120E2726180207538BDC4
:10E62000704700002DE9FF4FB5B0887E1E46924628
:10E6300002280C46429F7CD92068002879D0359862
:10E64000006A002875D0202223A8E2F7EFFA20689C
:10E65000002E04906DD0307800286AD0359851464D
:10E6600082682DA8EEF7E3F9002862D0207FB0F190
:10E67000000B01D14FF0010B607F810707D4BAF87E
:10E680000410BAF80000081A401C03B20FE0B4F9F5
:10E69000121041F6FF7200913146CDE90120B4F924
:10E6A000143006A8226807F03DFBBDF918304FF082
:10E6B000000504984FF0FF32BAF80010B4F912C008
:10E6C000B0F90890ADF80C10BAF802100CEB090084
:10E6D0000C90ADF80E10B4F91800B4F916C001444E
:10E6E000CDF8B0C0ADF80E10FFB1F0B9BAF9020024
:10E6F00000281ADAD7F808C0ACEB0001002901DCC9
:10E70000A0EB0C010C984FF4806C40420CEB4000E5
:10E71000814200DD3A603868002806DBBA88054689
:10E72000BDF80E108818ADF80E00607F00212F9301
:10E7300000E0A5E0CDE90010B4F9142070190499A7
:10E74000EFF73CF900EB050829E0617F00202F9BE3
:10E75000CDE90001B4F9142006EB08000499EFF7A5
:10E760002DF94546BDF80E1000EB05080C9808443D
:10E7700000B2ADF80E007FB110F5806F0CDB386889
:10E78000002809DA3D60BDF90E10BAF90200081A36
:10E790007860BAF90200B860705D002870D03598D2
:10E7A000BDF90E2002EB09018068B0F90200814238
:10E7B000CBDBBBF1020F5846CDF8C0B002D0032826
:10E7C00016D029E0607FA8EB050100907019B4F91C
:10E7D0001430049A07F004FB07465046FFF789FB04
:10E7E000C01BBDF80C1000EBD07001EB600011E015
:10E7F000607FA8EB050100907019B4F91430049AF9
:10E8000007F0EEFA07465046FFF773FBBDF80C2001
:10E81000C01B1044ADF80C00D4E9019BD94502D9C6
:10E820004846D9468346A07F800717D011A800F03C
:10E830002FFAA089ADF84400049890F90E0000B9B1
:10E840000120ADF84600A07E8DF84C00A17F9DF818
:10E850004D00C90861F301008DF84D0000200890BB
:10E86000FFF70EFC3290FFF70BFC0F9014A800F09E
:10E8700045FA208AADF85400BDF90C00319069E1E9
:10E880006CE100BFBDF80C102C9801447019229067
:10E89000A8EB05002B900027ADF80C100B97B9E002
:10E8A00000210791A9F57F42FF3A09D0ABF57F41DE
:10E8B000FF3905D0AB4A29183046126890470790B7
:10E8C0000BAB229809AA0AA9EFF760F8607FC0078E
:10E8D0000AD00A98232802D0012F13D004E047B1B0
:10E8E000012F0AD0022F0BD0E068022F0F904DD0DD
:10E8F0004EE00B98012708908CE0E068002746E086
:10E90000002787E0202840D10B990898081A07288B
:10E9100001D0A08937E0089A69462298104406225F
:10E92000521E10F8013B01F8013BF9D100208DF88F
:10E9300006009DF80100FBF7DFFE07469DF800008A
:10E94000FBF7DAFE07EB001007909DF80300FBF7DA
:10E95000D3FE07469DF80200FBF7CEFE07EB001042
:10E960000D909DF80500FBF7C7FE07469DF80400D3
:10E97000FBF7C2FE07EB0010C2B20D98C1B20798B8
:10E98000C0B2FFF7FAFB0227329043E032980F90B3
:10E990000498DDE9092101F0ABF833904FF6FF70E0
:10E9A000814522D0834520D0079949451DD359453B
:10E9B0001BD2BDF80C100C9BADF83410BDF80E0046
:10E9C0005B1EADF83600339A1844A38A521E1944D0
:10E9D0001144ADF83810ADF83A000DAA359814A9D5
:10E9E00000F078F9E089ADF83C0003AABDF83C00DE
:10E9F00023A9ADF898000A9B359800F037F93398B1
:10EA0000002807DDA18ABDF80C00014433980844B2
:10EA1000ADF80C002B990B9881423FF641AFA07FD7
:10EA2000800723D53198ADF800002068BDF9461065
:10EA3000BDF80E20B0F9080000EBD07301EBD170E7
:10EA4000591001EB6000BDF80C101044ADF808102F
:10EA5000ADF8020002ABADF80A0011A9BDF83C0008
:10EA60006A46ADF84400359800F005F9A07FC0076C
:10EA70001FD03198ADF8000020680499BDF80E2031
:10EA80000389408991F90D101A44101A6A46401AF8
:10EA9000BDF80C10ADF8081002ABADF8020011A9DA
:10EAA000ADF80A00BDF83C00ADF84400359800F020
:10EAB000E2F8617F00202F9BCDE9000106EB080002
:10EAC000B4F9142004990746EEF778FF4546BAF8E2
:10EAD000001000EB05083098ADF80C10022802D0A9
:10EAE000032816D029E0607FA8EB05010090384686
:10EAF000B4F91430049A07F073F907465046FFF74B
:10EB0000F8F9C01BBDF80C1000EBD07001EB6000F1
:10EB100011E0607FA8EB050100903846B4F914308D
:10EB2000049A07F05DF907465046FFF7E2F9BDF891
:10EB30000C10C01B0844ADF80C00BDF80E100C986A
:10EB4000084400B2ADF80E0035998968B1F9061095
:10EB5000884203DC705D00287FF494AE39B0BDE8D4
:10EB6000F08F00002C03012438B52021044602F068
:10EB70001DFFFF20A076FFF783FA0090BDF800008C
:10EB8000A0814FF6FF700A49C4E90010A060FFF7AA
:10EB900077FA0090BDF80000E081052006F03CF80F
:10EBA0000090BDF8000020820020E07638BD000013
:10EBB000ECED0308036C002B00D018477047436C42
:10EBC000002B00D0184770472DE9F0410546C06B77
:10EBD00017460E46002824D0E86C02F08BFD040096
:10EBE0001CD0E96C02F0E2FEEEF794FE29683A468A
:10EBF00021626968E161A968A16121460068007C21
:10EC0000C0F3801084F82400306820607068606071
:10EC10002846EB6B9847050005D007E0F5F724FF81
:10EC20000020BDE8F081204602F0F6FD2846F8E716
:10EC300070B50C46054600F015FE206A2860E069B4
:10EC40006860A069A860EEF765FE006894F824206B
:10EC5000016962F386110161AA6C12B1214628464E
:10EC600090472046BDE8704002F0D6BD30B4046A3B
:10EC7000A44630BC604730B44C88002C06D00C7AD7
:10EC8000022C03D9446AA44630BC604730BC7047AC
:10EC900038B50A21044602F089FE01216180FF2077
:10ECA0002072BDF80010002060F3020189B260F309
:10ECB000C70189B260F30C2189B260F34F31ADF81E
:10ECC000001088B20090BDF800000090BDF8000070
:10ECD000208038BD30B4D38854881B1B5B1C1BB20A
:10ECE000012B09DB938814881B1B5B1C1BB2012BB7
:10ECF00002DB036930BC184730BC704738B5382197
:10ED0000044602F053FEFFF7D7FA0090BDF800006A
:10ED100024F8040FFFF7D0FA0090BDF800006080DF
:10ED2000FFF7B8F90090FF25BDF80000E080022051
:10ED30002572A072FFF7AEF90090BDF80000608365
:10ED4000FFF7A8F90090BDF800002085E07F04F8E7
:10ED5000015CA57520F03E0084F826501E30A57792
:10ED6000024984F832502161E07738BDECED0308A8
:10ED7000704770B514460D460646F9F7E5FA224687
:10ED800029463046BDE87040F9F749BB7CB50446DA
:10ED9000087E0D4602280ED9A26868462968EDF75C
:10EDA00046FE002807D0616B09B120468847626D96
:10EDB0002946204690477CBD2DE9F04FCD6887B0AD
:10EDC0000C46074615B1207C002872D0207C012813
:10EDD00000D10025786881880088081A401C00B29C
:10EDE0000690BA6804A82168EDF721FE002860D0DB
:10EDF000EEF790FD83460068D7F80080C16951BBEB
:10EE0000017C490610D47968BDF91020BDF9123093
:10EE1000B1F90060B1F90210921B5B1A069901FB6F
:10EE2000032208EB420115E07A684146BDF9123031
:10EE3000BDF91060B2F902C0B2F90080A3EB0C0278
:10EE4000069BA6EB08065A4302EB420306EB46027A
:10EE5000194411448846D4F804A05FEA0A0117D087
:10EE60002168BDF91030BDF91260B1F804C0B1F9E4
:10EE70000020B1F90210ACEB020C9A1A0CF1010C53
:10EE80000FFA8CF9731A09FB03220AEB420A01E01C
:10EE90004FF0000935B3007C000710D46069FFF71C
:10EEA00013F80146002008E02A5C802A02D9FF22DC
:10EEB00001E035E000222A54401C8842F4DB6069FE
:10EEC000BDF91020BDF912308688B0F90010B0F9F4
:10EED0000200761A511A181A761C36B2294406FB1B
:10EEE000001500E0002678684188008849420AB28F
:10EEF000404201B204A8FFF710F8DBF80000C06937
:10EF0000D0B160680028207E0DD001A9CDF8009016
:10EF1000534681E86100069A04A9404607F080FA4A
:10EF200007B0BDE8F08F8DE86100A36804A9069AD8
:10EF30004046FAF7C1FDF3E7607E0028F0D1606833
:10EF40000028207E0BD001A9CDF80090534681E81F
:10EF50006100069A04A9404607F0CEF8E0E78DE884
:10EF60006100A36804A9069A4046FAF7E5FBD7E7D3
:10EF70002DE9F04790461D460A9ADDE90809B5F9E2
:10EF80000240B5F804C0B2F90230B2F90070B5F928
:10EF9000002003FB09F314FB08F6ACEB020C00EBBA
:10EFA00043000CF1010C0FFA8CF301EB460100EB6E
:10EFB000470601EB42074FEA430A0AE05246314650
:10EFC000384602F069FC641C24B207EB480706EBE4
:10EFD0004906B5F90600A042F0DABDE8F0872DE950
:10EFE000FF4F9DB00D4614461D98816817A8FEF787
:10EFF00059FF2888002618B96888B0F5807F01D0AD
:10F00000012000E0002016901C210EA802F0CEFC8A
:10F01000E97A0DF1180A16984FF002088DF8501091
:10F020000028287BCDF838A000F00F008DF85100A3
:10F0300029D12A98042804D00E2809D0142820D0D9
:10F0400021E0A87AF8B920980EA9CDE90E4012E087
:10F050001D98214682686846EDF7E9FC00280DD02E
:10F0600020980F96139411902989ADF840108DF8CF
:10F0700048800E944DE01D98FFF788FE21B0BDE852
:10F08000F08FA87A80B31D9881680888ADF81800C1
:10F090008988ADF81C10091A1D98491C0EB21D99DB
:10F0A00080684088ADF81A008968C988ADF81E10DC
:10F0B0000B1AA78820885B1CE1880FFA83F9628805
:10F0C0003F1A7F1C881A401C00B239B2CDE90A10E1
:10F0D000EEF720FCFFF7F0F9074606A8FEF7F4FE6E
:10F0E000B84218D84F4618E0FFE7A0882188E58885
:10F0F0006688411A491C209AA81B8DF8488009B2DD
:10F10000401C00B24900CDE90E4201FB00201394DF
:10F1100011900EA9AFE7B7FBF6F706FB07FB4FEA26
:10F120004B0002F019FB0890584602F015FB0C90BA
:10F130007F1E11908DF8488008980F902A98159797
:10F14000BDF81A100428BDF91E00CDF84CA0099096
:10F1500001EB0700ADF81E0005D1288818B96888B2
:10F16000B0F5807F01D0022000E001208DF848003A
:10F17000AAE006A919A8FEF795FE608821884042FA
:10F1800002B2494209B219A8FEF7C7FE16982A9A98
:10F19000089900280C980ED0CDE90252CDE9041050
:10F1A000DDE90A10209ACDE900010A9B19A91D98F2
:10F1B00000F037FB0BE0CDE90310CDE901520A98CE
:10F1C000009019A82099DDE90A23F5F713FAA87A27
:10F1D000022866D92A89C0F1FF0992B25707C2F303
:10F1E000C406BF0EC2F3042C16FB00F607EB523226
:10F1F0001CFB00FC12FB00F266F30F016CF30F0323
:10F200001B9362F31F418E46002148E008981FFAC5
:10F210008EF64FEA1E4700EB410001900088ADF8E2
:10F220000C00BDF80C201B98C2F3C408530718FB50
:10F2300009664FEA936808EB5238C2F3042318FBBF
:10F24000097206EBC6171FFA80FCBDF8080007EB31
:10F25000C63613FB09C302EBC21707EBC237C6F36E
:10F26000C45602EBC21CBF0E0CEBC23266F3C700E1
:10F2700003EBC31808EBC33367F30200C2F3C256B3
:10F28000C3F3C45266F34F30491C62F30C20ADF84F
:10F29000080080B202900198BDF80820028059450C
:10F2A000B4D31D980EA9FFF771FDBDF81E00159986
:10F2B000401CADF81A00014408B20999ADF81E00CF
:10F2C000884201DDADF81E10BDF91A10099881427F
:10F2D0007FF74FAF0C9802F08DFA089802F08AFA87
:10F2E000CCE6000010B50C465821204602F05EFB2B
:10F2F0000F492C2061610F4921610F4921630F499A
:10F3000021620F49A1610F4961620F49A1620F4952
:10F3100061630F49A1630F49E1630F4921640F49FC
:10F3200061640F49A1640F496165E06410BD00008C
:10F3300071ED0108F3F7010873ED01083DF50108CF
:10F34000DFEF010853F60108F1F7010821F8010881
:10F3500071EF010841F4010869F30108BBF30108EA
:10F3600037F50108B9ED01082DE9F04117460C46C3
:10F370000646EEF7CFFA0546F8070ED0A16A606997
:10F3800021F0004102F012FBA06A40F00041A162AE
:10F390002868016941F0400107E0A06A20F00041BF
:10F3A000A1622868016921F04001016160690834A7
:10F3B000C6E90004B460BDE8F081FEB5054600680A
:10F3C0000C4616460290009820F0E0000090686815
:10F3D00081880088081A0099401C60F394210091EC
:10F3E0006868C1884088081A0099401C60F35F5122
:10F3F0000091A06A002801DA052100E004210098AC
:10F4000061F304000090206A2860E0696860A069E8
:10F41000A860EEF77FFA00686B4694F82420016933
:10F4200062F38611016104F1080231462846FFF7B4
:10F43000ABF8284600F016FA684600F07EFEFEBDE6
:10F4400070B515460646D0070C4672D1A80742D5BE
:10F45000A06A00F0004000F5C040A0622046FEF720
:10F4600033FDA16A400021F00042824202D960F3DC
:10F470001E01A162A06A20F0004002F03BF9214683
:10F48000606168B9A06A00F0004000F54060A062C9
:10F4900020F0004002F02EF900282146606146D09D
:10F4A000084661886668A36A0268826023F00042A9
:10F4B000E660E18123F000412689A089801B401C81
:10F4C00000B292FBF0F200EB400391FBF3F02082DC
:10F4D000521062822AE00846096862688160E26030
:10F4E000FEF7F2FC0146A06A490061F31E00A0622B
:10F4F00020F0004002F0FEF86061A16A21F00041B6
:10F5000002F054FAA06A05F00105616965F3DF7045
:10F51000A06269B104F10800C6E90010B060EEF71E
:10F52000F9F90068016965F386110161204670BD33
:10F53000FFE70020FBE7486902F06EB9F0B597B02D
:10F540001C4607460868002315460E46224601A9B8
:10F5500000F01FFAF0B3BDF80C1000293FD0BDF841
:10F560000A20002A3BD0BDF80E002B88184400B2B8
:10F57000ADF84C00336802446D88B3F808C05B896D
:10F58000ACEB030CBDF8103065446D1AEB1A1DB2DC
:10F59000ADF84E50BB68B3F900C062451FDBB3F94C
:10F5A000042090421BDCB3F902002944814216DB9F
:10F5B000B3F90600854212DC0198214600F0DDF91E
:10F5C00000280CD00199097B890708D101AB31468D
:10F5D00013AA00E005E000903846F9F71BFB17B0CE
:10F5E000F0BD202CFBD3A4F57840FF38F7D0A4F56C
:10F5F00000500C38F3D06A88BDF810402888BDF858
:10F600000E302244BDF80C1012B218448B1801B20F
:10F6100018B20090BDF80A00084403B214A8FEF71F
:10F620008AFC05A8FFF76AFB02208DF817008DF809
:10F630003E0001218DF84A0014AA8DF82E00B089F1
:10F64000ADF832003846ADF8341005A93B6998474B
:10F65000C5E72DE9F0470E46B1F9021096B01C46F9
:10F660000029154681467ED0307A02287BD9B5F92B
:10F670000020B4F90000824205D1B5F90230B4F996
:10F680000270BB426FD0824200DA104601EBD171AA
:10F69000A0EB6100ADF84400B5F90000B4F900102A
:10F6A000B6F90220884200DC084602EBD27100EB7A
:10F6B0006100ADF84800B5F90210B4F90200B6F9DE
:10F6C0000220814200DA084602EBD271A0EB610011
:10F6D000ADF84600B5F90210B4F90200B6F90220FF
:10F6E000814200DD084602EBD27100EB6100ADF80B
:10F6F0004A0011A9D9F808200846EDF798F9002822
:10F7000073D0D9F808A011A9C9F80810B5F90200FA
:10F71000B4F90210884206D123462A4631464846AB
:10F72000F9F7AEFB0BE0B5F90000B4F90010884220
:10F7300005D123462A4631464846F9F7E9FB707A57
:10F74000010701D440074ED502A8FFF7D7FA308849
:10F7500047F6FF71ADF80C00ADF80810307A8DF85F
:10F760000B00727A00E040E0B6F90210520741F354
:10F7700000004FEA610700F1010818D528886A46A1
:10F78000C01BADF800006888C01BADF802002888D7
:10F79000C119A1EB0800ADF804006888C119A1EBFC
:10F7A0000800ADF8060002A94846FFF793FA707A00
:10F7B000000718D520886A46C01BADF80000608895
:10F7C000C01BADF802002088C119A1EB0800ADF8FC
:10F7D00004006088C119A1EB0800ADF8060002A979
:10F7E0004846FFF777FAC9F808A016B0BDE8F087D9
:10F7F000704770B514460D460646F8F7A5FD22463B
:10F8000029463046F8F70BFE224629463046F8F7DF
:10F81000F5FE224629463046BDE87040F9F7BEBCE9
:10F8200070472DE9FF4F87B09B460400DDE918655E
:10F83000DDE91687DDE914A901D1F5F715F9D4F84A
:10F840002CC0BCF1000F0AD0CDE90465CDE90287D8
:10F85000CDE900A9DDE908125B462046E0470BB080
:10F86000BDE8F08F416B002900D008477047007A4F
:10F8700020F08000704740687047017A15290BD04E
:10F88000142909D0162907D0182905D0172903D023
:10F89000192901D00020704700697047017A0129B9
:10F8A0001FD002291DD003291BD0042919D00529F6
:10F8B00017D0062915D0072913D0082911D00929F6
:10F8C0000FD00A290DD00B290BD00C2909D00D29F6
:10F8D00007D00E2905D00F2903D0102901D0002010
:10F8E0007047006970470069704700687047C068DA
:10F8F0007047000010B588B0C0B10023009001909F
:10F900008DF808100A4CCDE903329DF8180020F05C
:10F9100007008DF81800606805906846C4F804D0A8
:10F92000F9F77AFE0599616008B010BD0120FBE788
:10F930002C020124027A132A06D10069B0F90020B2
:10F940008A4200DD1146018070477047092910B5D1
:10F9500000D120210469FAF711FC002806D0618A41
:10F960006268890B02EBC00001D0002010BD006866
:10F970002168C0F31300084410BD70B504000D46A3
:10F9800001D1F5F771F8626829462046BDE870405C
:10F9900010472DE9F04707009A4690460C4601D1E2
:10F9A000F5F762F80CB9F5F75FF84FF000093D463E
:10F9B0004E46C4F800900FE0D5F800C053464246CA
:10F9C00021462846E04730B1A07BC00601D425601F
:10F9D0000CE006B92E466D69002DEDD14EB13568AB
:10F9E0005346424621463046A84726600120BDE8DE
:10F9F000F087B8F1200F20D3A8F57841FF391CD04B
:10FA0000A8F500510C3918D0B7F9080000EBD070F8
:10FA10004008E080801CA080C4F8009039892181D2
:10FA2000A4F80A90A4F80C90A07B20F00F00401CD2
:10FA300040F01000A0730020D9E74846A4F80690D3
:10FA4000E9E700002DE9F047092A9A460C4681466D
:10FA500049D00027D9F810501146FAF78FFB061E3F
:10FA60003FD0E9684FF0000851B151464846FAF7D7
:10FA700085FB020004D031464846FAF739FC80463F
:10FA8000298A6868002F00EBC60001FB08F10368B3
:10FA90004FEA21124FEA135102D000BF4FEA410151
:10FAA000114401F108014FEA1111A180417921812E
:10FAB0000179E18090F90620628190F90700A08128
:10FAC0006A8AA07B4FEA522262F3030020F0100002
:10FAD000A07304D04FF6FF7000EA4100E0804FF0C1
:10FAE0000100BDE8F0874FF001074FF02002B1E7B9
:10FAF0007FB5040015460E4601D1F4F7B5FF2B463D
:10FB0000324669462046FFF744FFBDF8040004B0C2
:10FB100070BD70B504464068B0B1C268B2B121682A
:10FB2000904705466068408840B1A06830B1C06821
:10FB300008B101F071FEA06801F06EFE00202060A7
:10FB40006060A060284670BD0B2070BD092070BDAC
:10FB500010B504460748EDF714FC08E00868007883
:10FB6000A04201D1086810BD0248EDF71CFC01005D
:10FB7000F4D110BD38B9022410B50446E0F79DFF5A
:10FB800040B1215C2E2907D02F2903D05C2901D058
:10FB9000401EF6D102A010BD2044401C10BD000044
:10FBA0000000000010F8011F3A2900D1401C7047E6
:10FBB0002DE9F0410E00174605461FD03078FFF7BB
:10FBC000C7FF04001DD0616809B18847D8B1A0689B
:10FBD000D8B13046FFF7E6FFA36801463A46204613
:10FBE0009847A0B1411C12D0C5E900046088E8B173
:10FBF000102001F07FFDA86058B10CE00B20BDE89B
:10FC0000F0810320FBE70120F9E70920F7E70C204A
:10FC1000F5E7F4F729FFA868102101F0C7FEAA68EC
:10FC20004FF0FF3148001160A96848600020E6E706
:10FC30007CB51C004FF0000500D02560436853B12F
:10FC40001B6953B1019545686B88002B01AB06D049
:10FC500000F012F80BE00B207CBD09207CBD009366
:10FC6000134600680A462E6901462846B047002C14
:10FC7000F4D0019921607CBD2DE9FC5F0546144656
:10FC80008B4699460027D5E901C0BCF802A0D0E90F
:10FC90000021D0E90260B242804648D88E4246D266
:10FCA000B01A80B2891BAAEB00068E4200D30E4622
:10FCB000B44208EB000106D82246584601F0ECFD9C
:10FCC000C9F8004069E03246584601F0E5FD4FF0C2
:10FCD00000000190544501A8009008D9D5E9001012
:10FCE000A31B0BEB06020769B847074617E0D5E9E7
:10FCF0000010534642460769B8470746A868A11B4B
:10FD000043680360AA68019881420344536000D2AB
:10FD10000846414682B20BEB060001F0BDFD01989A
:10FD20003044A04200D20446C9F8004034E05445B3
:10FD30000AD9CDF800902346DCF810605A462968AD
:10FD40006046B047074627E0B8F1000F0AD1504699
:10FD500001F0D0FCA968C86008B9F4F785FEA8686E
:10FD6000D0F80C80002101A853464246CDE900019D
:10FD7000D5E900100769B847A96807460E60A8686A
:10FD8000019AB1189442416000D222464146584639
:10FD9000C9F8002001F080FD2FB9A868D9F800103B
:10FDA0008268114481603846BDE8FC9FF8B545681B
:10FDB0000446E5B1AE69E6B16B880020C3B3D2B1A9
:10FDC000012A21D0022A11D1206813460A46014691
:10FDD0002846B047002809D1D4E900106A46C36913
:10FDE0009847002802D1A26800999160F8BD0B20C5
:10FDF000F8BD0920F8BDA26891600A46A3681D6895
:10FE0000A9420CD3596808E0A3689A680A449A602A
:10FE1000A1680B689A4202D349688A42EAD9D4E9B8
:10FE200000100023846901B0A446BDE8F04060479B
:10FE3000FFE7206801B013460A4601462846B4464B
:10FE4000BDE8F040604770B506000C4636D0084665
:10FE500000F0F0F83046EDF794FA05E00868A042AB
:10FE60002CD03046EDF79FFA0100F7D1204602F082
:10FE700003FD40B1A168896829B1C9680968A14238
:10FE800001D100F0C2F8A06810B9204601F07EFE52
:10FE9000A06886603046EDF7E8FA05000AD03046E3
:10FEA0002C60EDF76EFAA84208D13046BDE87040EC
:10FEB00000F0ABB8BDE87040F4F7D6BD70BD0000EF
:10FEC0000C4810B5EDF782FA04000FD00421EDF7CD
:10FED00075FA217F0020E060206121F0030160615C
:10FEE00041F00C01A0612046217710BDF4F7BCFD64
:10FEF000002010BD50B9022410B5084A0446084934
:10FF0000FAF77CF86269002A06D0002804D120465E
:10FF1000BDE810400121104710BD0000A7D3000824
:10FF200083D3000870B5060043D002F0A5FC04009E
:10FF30003FD0207FC0073CD10021204600F0D7F8F9
:10FF40002046EDF71EFA32E02868B0422BD1E06877
:10FF500088B10068B0420ED02046FAF7A1F90246F7
:10FF6000E0680F210068FFF7C5FC012821D1E06897
:10FF7000006803F0F1FC002DE5601AD0216909B199
:10FF8000204688472046FAF78BF90246E0680E21A2
:10FF90000068FFF7AFFC01280BD1E0680068BDE8FE
:10FFA000704003F0D9BC29462046EDF7FCF9050066
:10FFB000CAD170BD10B5084A04460849FAF71EF8C0
:10FFC0006269002A06D0002804D12046BDE810400E
:10FFD0000021104710BD0000AFD30008B5D30008C2
:10FFE000014800687047000034020124002802D054
:10FFF000007FC0F340007047002803D0C06800288D
:020000040802F0
:1000000000D000687047EDF7C0B970B50446007FB6
:1000100040F00801C0F3C00521774807204602D40C
:10002000FFF76AFF01E0FFF7C5FF207F65F3C3001C
:10003000207770BD2DE9F041064602F01DFC04005A
:100040003DD0E068002740B30068B04220D1207F57
:10005000C10702D020F0010020772046EDF791F98A
:10006000E16888420FD12046EDF7A4F9E1688842A3
:1000700009D12046FAF714F90246E0680F2100681A
:10008000FFF738FC02E02046FFF7BFFFE06820B131
:10009000E0680068B04200D1E7602046EDF771F9F2
:1000A00011E028682946B04220460AD1EDF704FA4B
:1000B000284601F0B1FBB068002800D08760BDE899
:1000C000F081EDF770F90500EBD1F8E713B5FFF714
:1000D00093FF040003D0802103F0E0FA08B101206F
:1000E0001CBD0D21204601AAFFF704FC1CBD70B504
:1000F00004001CD0207FC0F340028A4217D061F375
:10010000410020772046FFF777FF05000FD02046FB
:10011000FAF7C6F80246E0680E210068FFF7EAFB2E
:10012000012804D12846BDE8704003F015BC70BD1D
:10013000027F61F3C30202777047704701460020D7
:100140000F290AD2DFE801F009090909080A080C99
:100150000E10120C0E10120010207047182070475D
:100160000120704702207047042070470820704724
:10017000811E00200D2909D2DFE801F007080807D9
:10018000080707070707070707000120704703282C
:1001900001464FF0000001D0062900D10120704730
:1001A00070B54C6A0D46002C12D0287C012802D173
:1001B0002046FFF7AEFCE06808B101F02DFB206996
:1001C00008B101F029FB204601F026FB00206862FF
:1001D00070BD00007FB514460D46084600F0D5FB03
:1001E00020B1012817D0022839D035E02A6802F062
:1001F0001F00001F11282FD22168900A60F394215C
:1002000021602868400D60F35F512160287860F319
:10021000040121602FE02846FFF7AEFC17A1E0F7AC
:1002200089FDC8B9022229466846FFF7C1FC68B9B2
:100230000422214603AB6846FFF7FAFC05466846F0
:10024000FFF767FC45B90398042805D1207800F032
:100250001F00001F11280ED3002004B070BD2068BD
:10026000012161F39420C0F3140000F5001020F088
:100270001F000B3020600120EFE7000062696E0074
:100280002DE9FF4F804692465AA00F4687B05AA2EA
:1002900003685AA104930020126805921EC98DE8D4
:1002A0001E00B8F808108AB2D1B2120A08E000BFE6
:1002B000149C00EB40031D19401CE15400B26A700D
:1002C0000A9B9842F4DB98F814004FF0000900F004
:1002D0001F00FFF733FF8346D8F8140001210025E3
:1002E00001FA0BF1491E2C4600F01F022E4689B27E
:1002F00006910B2A06D00C2A13D00D2A1ED00E2AE6
:1003000030D12BE0C0F38A20C01D04EBE702C50802
:1003100007F0070315FB0A240DF11009C3F10706C6
:1003200020E0C0F38A210622C91C07F003038D08D0
:1003300005A804EBA704A2EB43060BE0C0F38A2157
:1003400068460422491C07F001034D0804EB6704CA
:10035000A2EB8306814615FB0A4403E0C0F38A251D
:1003600015FB0A74D8F82470284601F0F5F95FEA05
:10037000000A14D098F81000A8B100223846211DB8
:10038000FFF714FD00232A4651463846FFF750FC7C
:100390004FEA0A01CBF10802002053B222E000200C
:1003A0000BB0BDE8F08FD8F8040080680119F1E7C0
:1003B0000A7898F8144004F01F05069CF240224089
:1003C0000E2D01D019F80220A6EB0B0466B2149C86
:1003D00000EB40052C44002EA27001DA491C1E4699
:1003E000401C00B20A9A9042E2DB504601F002FA49
:1003F0000120D5E700FF00000055AAFF00112233BD
:10040000445566778899AABBCCDDEEFF2DE9FF4FF6
:100410008046007D81B0914600F01F000E46FFF738
:100420008DFE8246D8F814000121002501FA0AF158
:10043000491E2F4600F01F022C461FFA81FB072A97
:1004400006D0082A12D0092A1FD00A2A32D12BE05E
:10045000C0F38A20C01D04EBE601C50806F00702C0
:1004600015FB0914C2F10707083423E0C0F38A2002
:10047000C01C04EBA6018508062315FB091406F031
:1004800003021034A3EB420714E0C0F38A20401C9F
:1004900004EB66014508042315FB091406F001026C
:1004A0004034A3EB820705E0C0F38A2515FB0964FD
:1004B00004F58064D8F82490284601F04DF9061E12
:1004C00044D098F8100068B100224846211DFFF77B
:1004D0006DFC00232A4631464846FFF7A9FB31460A
:1004E00000202CE0D8F8040080680119F8E70A78A9
:1004F000A7EB0A0CD9F80C5000EB40030E9CFA4015
:1005000002EA0B024FFA8CF7DDF838C005EB420522
:100510001C44002F2D88ADF800500CF80350BDF896
:1005200000304FEA13236370D9F810309A5CA27040
:1005300003DACAF10802491C57B2401C00B2049AFF
:100540009042D4DB304601F055F9012005B0BDE8FA
:10055000F08F00002DE9FE430646087C0C4601287A
:1005600001D060B32FE06068FFF706FB73A1E0F7EE
:10057000E1FB002822D1616802226846FFF718FBE0
:100580000028F7D1606A58B9142001F0B3F860620E
:1005900018B9F4F769FA606A68B1142101F006FA33
:1005A000D4F824000C226946521E11F8013B00F8D1
:1005B000013BF9D107E06846FFF7ABFABCE06068A1
:1005C0008068002876D0616901F01F000E2816D0DF
:1005D000142814D004283BD0052839D0062837D059
:1005E000072839D0082837D0092835D00A2833D031
:1005F0000B2828D00C2826D00D2824D098E0227C67
:10060000F2B1C1F38A22490D142812FB01F01BD06C
:1006100001264643304601F06DF805000FD0676AA9
:10062000002204213846FFF7C1FB00233246294649
:100630003846FFF7FDFA48B1284601F0EDF87BE0B7
:1006400060688068A06170E00326E2E7A5616CE065
:10065000207C0028F4D068E0FFF770FD0127616A74
:10066000874061B9142001F045F8606220B9F4F7C1
:10067000FBF9606A002859D0142101F097F9656AE6
:10068000780001F037F8E86008B9F4F7EDF938467A
:1006900001F030F8286108B9F4F7E6F9E86870B3BA
:1006A000286960B3207C012805D060680024D0F858
:1006B000088038E03AE0002228460421FFF776FB64
:1006C000002419E00023694604222846FFF7B0FA07
:1006D0009DF800209DF801109DF80200FDF779FDBE
:1006E0000190E968BDF8040001EB44010880296924
:1006F0009DF803000855641CBC42E3D315E017E0E5
:1007000008EB840618F824207178B078FDF761FDB5
:100710000090E968BDF8000001EB440108802969F8
:10072000F0780855641CBC42EAD30120BDE8FE8382
:1007300021463046FFF734FD0020F7E762696E007E
:100740002DE9F84F087D1D4616460C46DDE90A32B4
:10075000002100F01F00042816D0052814D0062818
:1007600012D00B283CD00C283AD00D2838D00E28B7
:1007700036D007283BD0082839D0092837D00A2896
:1007800035D00020BDE8F88F277C012F36D1D4F872
:1007900024A098469146FFF7D1FC074660690022E5
:1007A000C0F38A2015FB00607843C1105046091D34
:1007B000FFF7FCFA4FF0000100BBFC080D466B464A
:1007C000504604FB08F4009149462246FFF730FAF0
:1007D00010B90098844201D029460FE001210DE0B4
:1007E0003146204600922A46FFF74AFD05E0314691
:1007F000204600922A46FFF709FE01460846C1E757
:1008000010B50446006800280BD0C2680AB1214622
:100810009047207C012804D1606800F0FDFF002093
:10082000606010BD074810B5ECF7D0FD040004D09F
:10083000142101F0BBF8204610BDF4F715F9002093
:1008400010BD00005CB902242DE9F0410F460546B9
:100850000421384601F0AAF825B1284600F095F8A1
:1008600018B105E00020BDE8F081A8680028FAD0A2
:100870000A480026ECF785FD0BE023682BB13A46C9
:10088000294698470128064605D004482146ECF73A
:100890008AFD0400F1D13046E5E700005CB902248E
:1008A0002DE9FF411D460E462821044601F07EF841
:1008B000AEB1304600F069F808B9B16879B1BDF859
:1008C000081001282181E56020740CD066600027A3
:1008D0002348ECF756FD04F11408054635E00020E6
:1008E00004B0BDE8F0813046E0F7E7F8401C00F0C6
:1008F00001FF606020B9F4F7B7F860680028EFD016
:100900003146E0F7B6F8E2E72B68CBB16868B8B1DA
:1009100042463146284698470128074610D12560AF
:1009200021466A682846904701280746D8D0042106
:10093000404601F03BF800202062A0616062E06167
:1009400029460748ECF72FFD0546002DDCD1207C19
:10095000012802D1606800F05FFF3846C0E7000060
:100960005CB902242DE9FC4105680E460021089F70
:10097000AC683CB1CDE90037134601463246284603
:10098000A04701460846BDE8FC814FF0030130B1A5
:100990000078A0F120015F2903D8012070470846A4
:1009A0007047802801D3022070470020704770B53F
:1009B0002021044600F0FAFF002626700A20207647
:1009C00060764FF4C871A1836422E2833223E37618
:1009D0000325A57670BD000070B50546006920B9F5
:1009E000FDF752FD0028286114D00D48ECF7EEFC0D
:1009F000040010D05C2100F0D9FF2560052160794A
:100A0000224640F002006071064804F0CDFE2168E5
:100A10004861204670BDF4F727F8002070BD000043
:100A20002CB90224950A020801488068704700002A
:100A30003802012418B101460248ECF7B4BC014861
:100A4000ECF79FBC2CB902240148406870470000B5
:100A500038020124002806D001680978012903D052
:100A6000032901D00020704790F8440000F00F00E7
:100A70007047002806D001680978012903D00329AE
:100A800001D000207047006B7047002801D000683B
:100A9000007870477FB52A4CC068A060016809697A
:100AA00000294CD0FAF7C6FBA0684179490746D423
:100AB000006800694069002841D10025A0686946A6
:100AC000ECF7ECF99DF80F60A068FAF7B3FB6560EE
:100AD000A1689DF80E000128087106D0086800780A
:100AE000042809D1BDF80C00D0B104F049FEA1687A
:100AF00009680969C1F86401A068016809780129D9
:100B000006D0022908D004290AD003290DD00FE00D
:100B10006946FAF7B5F90BE06946FAF7C5F807E058
:100B2000A0686946F9F7A4FE02E06946F9F71AFEE3
:100B3000A068FAF77FFB002EC0D1A56065607FBD7D
:100B40003802012470B5224E0C464FF00005E8B182
:100B5000417941F002014171B168814200D1756073
:100B600001680978012901D002290ED114B1416B25
:100B7000A14201D1456314B1816AA14201D18562CC
:100B800014B1C16AA14200D1C56270BD002018E055
:100B9000417941F00201417101680978012901D0D0
:100BA00002290ED114B1416BA14201D1456314B1A8
:100BB000816AA14201D1856214B1C16AA14200D10A
:100BC000C562FFF737FF0028E2D1756070BD0000F5
:100BD00038020124F8B50C460546012102F052FD09
:100BE00068BB20680123002269460090284603F074
:100BF000CAFF6946284602F056FD0022064605F166
:100C000014006946EBF7ACFF28B94FF400212846E1
:100C100002F038FD80B1284601F074FD401E04004A
:100C20000AD4A8686946006850F82400FFF7D2FF8C
:100C3000002803D1641EF4D50EB12846F8BD00206B
:100C4000F8BD02681278022A01D0042A00D1416559
:100C50007047000010B5144C2078002823D100F014
:100C6000F1FDECF785FEECF7BBF8EBF719FEECF7BE
:100C7000BDF8FDF7D5FCECF74FFD0C484FF4B4710F
:100C8000ECF79CFB0A485C21ECF798FBECF748FE7C
:100C9000ECF7E4F84420112801D1F3F7E5FEFEF764
:100CA00054FE0120207010BD4402012420B902240A
:100CB0002CB9022410B50C4691F834200020411EB6
:100CC000E16222F01802606202F0F801208660867C
:100CD000A06201F0BF00022184F83400204601F038
:100CE00021F90021204600F051FC2046BDE81040CB
:100CF00001A100F085BC000054657874000000007C
:100D00000146044810B501F05FF8044601F0D0F840
:100D1000204610BD707C040810B508460C4600F053
:100D20000AF894F83400000702D4606A00F074FDF9
:100D30000020606210BD10B5044690F834004006F3
:100D400003D5A06A08B100F067FD94F834000021D3
:100D5000A16220F0400084F8340010BD2DE9FF4767
:100D60003F480E4601F0A6FC012876D13046FEF73A
:100D70007EFD04463046FEF7B8FD2A2C05461CD001
:100D8000132C0BD0292C18D02C2C1ED0152C64D150
:100D900004B03046BDE8F047F8F702B9002102F090
:100DA00079FBB0F9080004B0C11700EB9170811015
:100DB0003046BDE8F047FEF7BDBD00F0B5FB04B01E
:100DC0002846BDE8F04700F04FB9002102F062FB71
:100DD00000218146284602F060FB0021804628461B
:100DE00002F061FB074695F834000024C10600D5E7
:100DF0000124800601D544F00204284601F0EEFCEF
:100E00000021284602F073FBA0F51C51D13905D111
:100E1000688C000502D441F6FF7002E0284601F01C
:100E2000DDFC00974346CDE90104696A03A84A4600
:100E300004F078FF3046FEF756FDB0F90020BDF90A
:100E40000C108A4200DD11460180B0F90220BDF984
:100E50000E108A4200DD11464180BDE8FF87000088
:100E6000707C04082DE9F04F0D0080468BB001D155
:100E7000F3F7FAFD00214046122202F0B1FA298868
:100E80001022081A002160F30F04404602F0A8FA6D
:100E90006988081A08A960F31F444046A14601F07A
:100EA00055FCBDF824000025BDF820102C46D8F8CC
:100EB0002470401A2946401C00B20590404602F0BA
:100EC000E9FA00210290404602F0EDFA002100907C
:100ED000404602F0E2FA0390AB4602985E4698F86C
:100EE0003410B0F908000790C80600D5012688061E
:100EF00001D546F002064046002102F0F8FAA0F5BE
:100F00001C51D13905D1B8F82200000501D446F0B2
:100F10000406D8F824200021404600F045FF079A37
:100F20008246009902EB010820E00020CDE900068E
:100F3000059B7819DDE90212ECF740FD079A4FEAAC
:100F4000294104445A4491420BDC444A69460094C6
:100F50003846126890470A280BD0385D48B9641C9F
:100F600007E008EB0B0025460FFA80FB785D0028B0
:100F7000DBD1BAF1020F4FF0000807EB050B03D0ED
:100F8000BAF1030F16D025E0611B5846DDE90223B4
:100F9000009604F025FFBDF8241000EBD073BDF8D7
:100FA0002020881A401C00B200EBD0704010A0EB4B
:100FB00063000DE0611B5846DDE90223009604F052
:100FC0000FFFBDF82410BDF82020891A491C081A0B
:100FD0000FFA80F800208DF81800824604903CBB80
:100FE0002AE004AB6A4601A95846ECF7CFFCF007AB
:100FF00006D0049906A81BF80110ECF75FFDB8B9FC
:10100000009ADDE90110FEF773FD00B20FFA89F2D4
:10101000404482421EDB04994A19A2421AD00AEBCC
:101020000502BA5CB2B18A46039908440FFA80F807
:1010300004982844A042D4D3094C58460499226805
:101040009047226806462946384690470BB0304400
:10105000BDE8F08FCDF810A0EEE7000028030124D2
:101060002C030124406A70472DE9F04F0446406A82
:1010700099B000287DD003A9204601F067FBBDF898
:101080001000BDF80C10401A401C0FFA80F82046E2
:10109000002102F0FFF900210546204602F003FA84
:1010A00000210746204602F0F8F9814694F8340002
:1010B0000026C10600D50126800601D546F00206AD
:1010C0002046002102F013FAA0F51C51D13904D1B9
:1010D000608C000501D446F00406009706A84B4634
:1010E0002A46CDE90186616A04F01CFE204603F021
:1010F0009AF894F834004FF0030B4FF6FF7A4FF054
:10110000000800F00700022804D003287ED0012840
:101110007DD0F4E10021204602F09CF80604360C54
:1011200007D1204601F07AFBFDF7B4F990FBFBF004
:1011300086B207A8FCF7FCFD4FF496700794ADF853
:101140005CA0002714901690BDF81010BDF80C009C
:10115000BDF91820081A401C00B2904233DA002171
:101160000F91801ACDE91010E848089001462046FA
:1011700000E0C7E1FCF7C4FD39460A4620B190F80B
:101180004220016BC2F34002129888420FDD9DF8A5
:101190005E00139120F001008DF85E003AB140F03E
:1011A00002008DF85E0011990F980F911190304652
:1011B000119A0F99FCF702FE1290159007A8FCF700
:1011C0000BFE012705E0D1492046FCF769FDA4F894
:1011D0003080BDF81200BDF80E10BDF91A20401A7B
:1011E000401C00B290427DDA002F7BD1821AB5F903
:1011F000080000210F91101ACDE91010C448089082
:1012000001462046FCF77CFD394601E022E0C2E0C1
:101210000A4620B190F84220016BC2F340021298B6
:1012200088420FDD9DF85E00139120F001008DF8DB
:101230005E003AB140F002008DF85E0011990F98FF
:101240000F9111903046119A0F99FCF7B7FD12904B
:1012500015909CE000212046642202F0C1F8002194
:101260000646204601F0F6FF07043F0C07D1204652
:1012700001F0D4FAFDF70EF990FBFBF087B207A856
:10128000FCF756FDADF85CA04FF00009BDF810204A
:10129000BDF80C30BDF91810D01A0794401C00B2EC
:1012A000884233DA202228461146FEF721FCBDF998
:1012B000181000EB4002CDE90F9950184946404202
:1012C00011909248119A08903846FCF777FD8F49A3
:1012D00012902046FCF714FD00B1006B36B1306B64
:1012E000139000E026E0F06B169009E0129981421D
:1012F00006DD13909DF85E0020F001008DF85E0081
:1013000007A8FCF769FD4FF0010905E07F49204679
:10131000FCF7C6FCA4F83080BDF81200BDF80E2022
:10132000BDF91A10801A401C00B2884202DAB9F1E5
:10133000000F06D076492046FCF7B2FCA4F83280B4
:10134000DDE0B5F9082000200F90109050184042C1
:1013500011906F48119A0F9908903846FCF72EFDAE
:101360006B4912902046FCF7CBFC00B1006B26B114
:10137000306B1390F06B169009E01299814206DDF4
:1013800013909DF85E0020F001008DF85E0007A824
:10139000FCF722FDB3E0BDF812004FF0FF36BDF8B8
:1013A0000E10411ABDF91A00491C09B2814209DA2E
:1013B000B5F90810884205DD5649606A0968884712
:1013C000032801D8E6629AE0BDF810002E22BDF88D
:1013D0000C10461A1146761C2846FEF789FB484435
:1013E000BDF80E10A0EB80003044ADF80000BDF851
:1013F0001200401A401C00B2ADF80200B5F90820F6
:10140000D11990FBF1F301FB13018A42A0EB01001B
:1014100004DCADF802002989084400E0C01B6946DD
:10142000ADF802002046FFF71DFD8146606ADFF738
:1014300044FB394A0746606A494612689047374D6F
:10144000019005E02A6801A9606A9047A9F10109A5
:101450000198C01CB842F5D8DFF8C4B00025019E41
:10146000AA46606A01990844DBF8001088472D4AB3
:10147000284401A9C5B2606A12689047032D07D8B5
:101480000198B84204D80AF1010ABAF1030FE8D969
:10149000616A2046274601EB060AFFF74CFC042D43
:1014A00012D9681C00F026F9B86240B32A465146AA
:1014B00000F0F2F9B96A01F8058097F8340040F0BD
:1014C000400087F834000BE097F834002A46514674
:1014D00020F0400087F8340007F1280000F0DCF924
:1014E0002E210020626A3318401C0328D154F9D3FE
:1014F000626AF61C09F1030002F80680E0622046E9
:1015000002F02AFA19B0BDE8F08F000061DF02088E
:1015100067DF020830030124240301242803012487
:101520001C030124200301242DE9F0410446054653
:1015300090F8340000F00700012823D1E96A481C24
:1015400020D0114AC91E686A1268904794F8341076
:1015500002460020490601D5A16A06E004F12801EF
:1015600003E00F5C401CF754C0B26E6A1318F75CBE
:10157000002FF6D1095C104431542046FFF7DBFB05
:10158000781EE862BDE8F0812403012470B50D46A1
:1015900019490446FCF784FB18492046FCF780FBF8
:1015A00000202086022D60860FD0032D0DD0042D43
:1015B0000BD094F8340020F0200100BF01F00700A8
:1015C00084F83410012805D00AE094F8340040F083
:1015D0002001F3E7E06A401C02D02046FFF7A4FF99
:1015E00094F8340065F3020084F834002046BDE826
:1015F0007040FFF739BD000061DF020867DF0208B5
:1016000070B50D46044602F0A7F905B9656A606A2F
:10161000A84211D194F8341009070DD4DFF74DFA20
:10162000411C606A00F01CF9606228BBF3F71CFAE9
:10163000606A002825D01FE038B194F834100907FB
:1016400003D400F0E9F8002161622846DFF735FA9B
:10165000401C00F04FF8606220B9F3F705FA606AA9
:1016600000280ED0606A2946DFF703FA94F83400A8
:1016700020F0080184F834102046BDE87040FFF7E0
:10168000F3BC70BD70B5044690F834000D460007F9
:1016900005D4606A18B100F0BFF80021616235B16D
:1016A00094F83410656241F0080184F83410204643
:1016B000BDE87040FFF7D8BC30B58A42039C01DB1F
:1016C000904207DA8A4201DB884209DD8A4203DC64
:1016D000904201DC204630BD8A4203DC884201DBB7
:1016E000184630BDE41A451A501A654395FBF0F0D0
:1016F000184430BD70B5050010D00B4C0146606831
:1017000004F0BFF906000BD0A0682844A060E1688F
:10171000884200D80846E060304670BD024870BD7F
:10172000F3F7A2F9F8E70000F002012470B5094DC3
:101730000026344655F8340038B100F06DF805EB5A
:10174000C40045F8346086718680641CE4B2102CB5
:10175000F0D370BDA0B902242DE9F04105000BD0F3
:10176000234C012600224FF0FF3000BF04EBC201E2
:101770008B79DB0703D014E00020BDE8F081898875
:10178000A9420ED305D104EBC200867154F8320091
:10179000F3E7002804DB04EBC0039B88994200D2E6
:1017A00050B2521CD2B2102AE0D3002805DB04EB61
:1017B000C0018E7154F83000DFE7002704EBC7004A
:1017C0008079C00704D07F1CFFB2102FF6D30CE045
:1017D00054F83700294600F043F830B104EBC70154
:1017E0008E718D8044F83700C7E7F3F73DF9C3E702
:1017F000A0B90224074A002152F83130834204D1B3
:1018000002EBC101002088717047491CC9B2102940
:10181000F2D37047A0B90224094910B588420DD00F
:1018200000280BD0064C0146606804F0F9F8A16866
:10183000814201D9081A00E00020A06010BD00001C
:10184000F002012404484FF4004110B504F0DAF826
:101850000249486010BD000000800024F00201240D
:1018600010B539B10B4A904208D1BDE81040084686
:10187000FFF740BFFFF7D0FF064810BD0A460146FC
:101880000448406804F010F90028F6D1F3F7ECF8AA
:10189000002010BDF002012430B500F0030403461F
:1018A00001F00305A54243D14EE00C78203A1C70AC
:1018B0004C785C708C789C70CC78DC700C791C71E6
:1018C0004C795C718C799C71CC79DC710C7A1C72CE
:1018D0004C7A5C728C7A9C72CC7ADC720C7B1C73B6
:1018E0004C7B5C738C7B9C73CC7BDC730C7C1C749E
:1018F0004C7C5C748C7C9C74CC7CDC740C7D1C7586
:101900004C7D5C758C7D9C75CC7DDC750C7E1C766D
:101910004C7E5C768C7E9C76CC7EDC760C7F1C7755
:101920004C7F5C778C7F9C77CC7F2031DC772033B9
:10193000202ABAD805E000BF11F8014B521E03F867
:10194000014B002AF8D130BDFCB1C4F1040405E01C
:1019500011F8015B521E641E03F8015BACB1002A52
:10196000F6D112E00C68203A1C604C685C608C6810
:101970009C60CC68DC600C691C614C695C618C69A2
:101980009C61CC692031DC612033202AEAD802E056
:1019900010C9121F10C3042AFAD804E011F8014B31
:1019A000521E03F8014B002AF8D130BD002210F07E
:1019B000030315D0C3F1040304E000BF491E5B1EFE
:1019C00000F8012B63B10029F8D170470260426032
:1019D0008260C260026142618261C261203020394E
:1019E0002029F3D801E0091F04C00429FBD802E034
:1019F000491E00F8012B0029FAD17047FF2310F08F
:101A000003020BD0C2F1040204E000BF491E521EC3
:101A100000F8013B12B10029F8D170474FF0FF32B6
:101A200009E0026042608260C260026142618261DC
:101A3000C261203020392029F3D801E0091F04C0F9
:101A40000429FBD803E000BF491E00F8013B002930
:101A5000FAD170472DE9F0411D4616460F4604465F
:101A600000F094F8A0684FF08061827E01EBB21123
:101A70004FEAB1618176A06801F03F0101EB4101BD
:101A8000C0688900FFF7ECFEA168C86008B9F2F7EA
:101A9000EBFFA1686FF00B006FF00302031D91F8DC
:101AA0001AC0C9680CF03F0C0CEB4C0C00EB8C0C12
:101AB00041F80C70A1688F7EC96807F03F0707EBFB
:101AC000470702EB87028E54A1688A7EC96802F03C
:101AD0003F0202EB420203EB82028D50A1688A7E34
:101AE000C96802F03F0202EB420200EB82000844A8
:101AF000BDE8F0812DE9FF410C46074601F084FF67
:101B00000646E00702D0384601F026FFF869E107F3
:101B100040EA0400F86111D00221384601F0BEFD10
:101B200060B1384600F0A8FE050007D0FEF7E4F9E2
:101B30002846FEF761FA08B101F00EFF384601F0C1
:101B400063FFB04202D114F0C07F07D0384600F0E6
:101B5000D9FE01F06FFF384601F06CFFE0060CD5AE
:101B600002AA6946384601F015F86946384601F080
:101B700016FF02A9384601F012FFBDE8FF81028C72
:101B800011438A4201D002F07FBE704710B504466F
:101B90008068002818D10D484168491C41601C200C
:101BA000FFF7A8FDA06020B9F2F75EFFA06800284B
:101BB0000AD01C21FFF7FAFEA1680F204876A06822
:101BC000017E41F00301017610BD000044020124B2
:101BD0002DE9FC410E460546012101F053FDE0BB15
:101BE000284600F093FE044600F018FE0746FCF776
:101BF00089FCA0420ED03846FCF78CFCA04209D0EC
:101C00003846FCF777FCA04204D03846FCF76AFC63
:101C1000A04237D14FF400242846214601F039FD77
:101C200028BB2846EBF78BFC05F1140107466846F4
:101C3000FCF71DF9BDF80000C01BADF80000BDF8B1
:101C40000200C01BADF80200BDF804003844ADF836
:101C50000400BDF80600384400E013E031466A464F
:101C6000ADF806000846EAF7E2FE00280BD0002394
:101C700031460122284601F04CFC1CE0012101F014
:101C800001FD10B10020BDE8FC812146284601F08D
:101C900000FD80B9D5E9050100230122CDE900014D
:101CA0006946284601F035FC31466A460846EAF79F
:101CB000BEFE0028E7D0284600F024FE051EDDD138
:101CC0000120E0E72DE9F04100270D4640220646BD
:101CD00001F086FB04B284B345223046294601F068
:101CE0007FFBC0B2022834D904EBD470012101EB90
:101CF000600430464322294601F072FB2044294605
:101D00000FFA80F83046412201F06AFB04B23046F7
:101D10004222294601F064FB00B2002C01DD21467D
:101D200000E06142002801DD024600E042429142AB
:101D300006DD002C02DD204605E00AE0604202E0FC
:101D4000002800DC4042404400B2002800DA384657
:101D500007462946304601F0F5FA04000ED0294620
:101D6000304601F0E3FA022808D92946304601F04E
:101D7000E3FA2044B84200DB07463FB2304669220E
:101D8000294601F02DFB04B230466A22294601F0B3
:101D900027FB00B2844200DC0446002C01DD381928
:101DA00007B23846BDE8F08170B55B220D460646A5
:101DB00001F016FBC4B230461622294601F010FB92
:101DC00004B90124204670BD2DE9F04100260D46DE
:101DD0003649074600E00068B8B182690A42FAD085
:101DE0008069C0F30F108046FFF784FC041E31D0D9
:101DF0004146FFF7DBFDC4E900756FF003074FF0C4
:101E0000010825B1A86878B332E03046EBE7FCF76B
:101E10003BFB05001AD0EA68F2B1686A401C6862B0
:101E200081001046FFF71CFD696AE86007EB81013D
:101E30004450A6820020E682FCF73EFB401E208331
:101E40000020FCF775FB401E608323E02046FFF76F
:101E5000E3FC0020BDE8F0810420FFF74BFCE860C4
:101E60000460C5F82480E4E7FFE72846FFF78EFE0C
:101E7000A868016881B14168491C4160A86889006F
:101E80000068FFF7EDFCA9680860A968496807EBDE
:101E9000810144502046DDE70420FFF72BFCAA68AF
:101EA00010600460A868C0F80480F3E7F0FF0F003A
:101EB00070B5054601F0BEFD002000F057FA284637
:101EC00003F038FC284600F070F8012000F04EFACC
:101ED0004FF470214FF6FF72284602F0BBF92846F6
:101EE00002F0A1F9FEF77CF8030007D0284601F0C4
:101EF0007DFD18B129461846FDF7A5FF284600F0DC
:101F000001FD04000DD022212A46FDF7F3FC232118
:101F10002A462046FDF7EEFC2846BDE8704001F059
:101F20001BBD70BD7FB50C46064601F06DFD054634
:101F3000E0060CD502AA6946304600F02BFE694641
:101F4000304601F02CFD02A9304601F028FDF06971
:101F5000E10720EA0400F0610ED0304601F0FCFCFD
:101F6000304601F051FD38B1304600F0CBFC01F0B5
:101F700061FD304601F05EFD304601F045FDA842AE
:101F800002D114F0C07F07D0304600F0BBFC04B093
:101F9000BDE8704001F04EBD7FBD028C22EA010118
:101FA0008A4201D002F070BC704770B504680546E3
:101FB000206818B128602846FFF7F7FF2C602046FC
:101FC0006268002A03D02946BDE87040104770BD02
:101FD0002DE9F0414D680C46EDB1284600F0F8FCC3
:101FE0000646284600F0C0FD00210746102228467C
:101FF00001F0F6F9E98A12220844C01BE082411E72
:1020000028466183002101F0EBF9A98A0844801B6E
:10201000A082411E2183002D41F20200E06106D022
:1020200043F20200C4F81C0043F20230E06140F0C9
:10203000740040F40060E06102D040F40040E061D0
:10204000BDE8F0810146044810B5FFF7BDFE044627
:10205000FFF72EFF204610BDB8AE030870B5054649
:1020600001F07AFC284600F04DFC0400284610D010
:1020700006F006F8204602F091FB002220462221BD
:10208000FDF738FC2046BDE8704000222421FDF712
:1020900031BC00F0C3FB040007D02069A8422846E9
:1020A00004D105F0EDFF0020206170BDBDE8704057
:1020B00005F0E6BF70B50C460846EAF77BFE002047
:1020C00000F054F9144A0021204602F092F9012050
:1020D00000F04CF900212046FBF7E2FD204600F01D
:1020E000CBFB10B12046FDF7A5FFA068002811D05A
:1020F0000068002518B1FFF78FFBA0680560A06895
:10210000C06818B1FFF788FBA068C560A068FFF73A
:1021100083FBA56070BD0000FFFF0F002DE9F047B5
:10212000A2B08046FDF7A3FB06464046FDF7DDFB67
:10213000122E04464FF001074FF0000566D0DFF87D
:102140001892152E72D0182E5DD14046FDF795FBE2
:10215000824601462046F7F78BF80021204601F021
:102160008EF800284FD002A8FCF7C8FD8DF80B5060
:10217000002102AA20468DF822508DF832508DF8A9
:102180003E5001F006FB0021204601F09EF900219F
:102190008046204601F093F904F114010646684692
:1021A000FBF75CFEBDF80010A1EB0800BDF80410C1
:1021B000ADF8000001EB0800ADF80400BDF8020026
:1021C0005146801BADF80200BDF806003044ADF862
:1021D000060010A800F0C2F802A8149068461D95E9
:1021E0001A21CDF8449010AACDE912702046FDF7CF
:1021F00081FB02A96A465046FCF76CFD1B21204674
:1022000010AAFDF777FB22B0BDE8F0874046FDF746
:102210006AFB064600780228F5D0002120461722E6
:1022200001F0DEF818B102203070ECE745E00B2237
:10223000AA462946204601F0D3F80FFA80F9204635
:10224000002101F042F900218046204601F037F9D3
:1022500004F1140105466846FBF700FEBDF80010C6
:102260004A46A1EB0800BDF80410ADF8000001EBF0
:102270000800ADF80400BDF802006946401BADF847
:102280000200BDF806002844ADF806007068EAF7C1
:10229000F7FB68B10021204600F0EBFFFD2807D3D3
:1022A00000212046602201F09BF8C0B2FD2801D237
:1022B0003770A8E786F800A0A5E74046FDF7DDFAED
:1022C000804602A8FCF71AFD0021204600F0D7FF47
:1022D00028B19DF82B0040F001008DF82B00002163
:1022E000204602AA01F055FA0021204601F0EDF83F
:1022F00000210646204601F0E2F804F114010746E9
:102300006846FBF7ABFDBDF800004146801BADF809
:102310000000BDF804003044ADF80400BDF8020030
:10232000C01BADF80200BDF806003844ADF8060049
:1023300010A800F013F802A814906846CDF8449055
:102340001A2110AACDE9125020461D95FDF7D2FAA8
:1023500002A96A4640464FE7B8AE030870B50D467D
:1023600004464821FFF722FB256070BD0149087033
:1023700070470000540201242DE9FF4188460846B9
:10238000FDF775FA04464046FDF775FA012C05463F
:1023900023D0082C23D0032C3ED02A2C3ED00D2C49
:1023A0004CD00E2C7DD0092C7CD00A2C7BD00F2C4D
:1023B0007AD0292C79D0222C78D0242C77D0132CC9
:1023C00076D0152C03D0182C01D0122C34D104B0A7
:1023D0004046BDE8F041FFF7A1BE2021FAE02021F0
:1023E000FFF7DBFD4046FDF759FAFEF742FB0028F8
:1023F00022D10821284601F045F900281CD095F883
:1024000020004FF00101C007284602D0FFF7C5FDAC
:1024100030E0FFF7B4FB2DE02021F8E000F072F986
:102420000024064606E0A868006850F8240001F081
:1024300001FB641CB442F6D3BDE8FF81082101F022
:1024400021F9F8B14046FDF74EFA0478132C06D076
:10245000112C04D0142C07D0122C05D008E0012137
:102460002846FFF78CFB03E001212846FFF795FD86
:102470000A2CE1D004B0284600221C21BDE8F0411E
:10248000FDF738BA4FF40161284601F0FBF8002847
:10249000D2D0284601F09DFA0028CDD10027284649
:1024A00007E06DE095E09AE0B0E0B5E0D1E0F2E061
:1024B000F6E000F08DFA0646284600F0E9FA0446F8
:1024C0004046FDF710FA007812281BD011280CD0D6
:1024D00013282BD01428AFD1284600F071FA8007BA
:1024E00003D0002E38DC002C36DC284600F0C9F979
:1024F0000446284600F046FBE11704EB9171A0EB7F
:10250000A1000BE0284600F0BCF90446284600F084
:1025100039FBE11704EB917100EBA1003A4604B0DE
:1025200001B22846BDE8F04102F022B9284600F089
:1025300047FA8007E6D0002E01DC002CE2DD2846B9
:1025400001F09AF80446284600F015FBE11704EB69
:10255000917100EBA1000BE0284601F08DF80446D4
:10256000284600F008FBE11704EB9171A0EBA100F5
:102570003A4604B001B22846BDE8F04102F0E2B8A4
:102580004FF4806101F07EF818B10121284602F075
:10259000BCF8284600F070F9FDF728FD0224064635
:1025A000FEF742FA10B94046FDF778F9FEF76DFAEA
:1025B000022801D0042800D106241EB144F00801ED
:1025C000284607E021462846FFF7D9FA0821284681
:1025D0001DE0402104B0BDE8F041FFF7D0BA402132
:1025E000FFF7DBFC284600F003FE02287FF424AF4F
:1025F00002AA6946284600F0CDFA6946284601F04D
:10260000CEF902A9284601F0CAF915E70E2104B057
:10261000BDE8F041FFF7C1BC002100F00FFE002132
:102620000446284600F045FE204302D0284601F02B
:1026300001FA284600F066F80024064606E0A8687D
:10264000006850F8240001F0F5F9641CB442F6D398
:10265000F2E60021012200F0C3FE06B22846002166
:10266000042200F0BDFE04B22846002100F0E6FD81
:1026700000210746284600F01CFE384305D142F2EF
:10268000D170864201D08442BFD104B02846BDE853
:10269000F04101F0CFB9688C40F002006884F4E7A3
:1026A0000021FFF70FFB04B001464046BDE8F041B2
:1026B000FDF740B910B50C4600B96068006868B114
:1026C00001690029FAD00021E160026921469047A2
:1026D000217E0120C90700D0002010BD012010BDBF
:1026E0008068002809D0002902DA4268511803D412
:1026F00043680A468B4201D800207047006850F8B2
:10270000220070478068002800D04068704770B58C
:102710000C46054600F114012046FBF7A8FBA8680B
:10272000002812D0808A2188081A2080A968A088F1
:10273000898A0844A080A9686088898A401A6080D4
:10274000A968E088898A0844E08070BD70B50C46AD
:102750000546002100F09BFD06462146284600F074
:1027600057F8704202B220461146FBF7C8FB002121
:10277000284600F005FE21880844208000212846D4
:1027800000F010FEA188081AA0800021284600F061
:102790001BFE6188084460800021284600F0DEFDB1
:1027A000E188081AE08070BD70B50021044600F091
:1027B0000BFE00210546204600F0D0FD0021064614
:1027C000204600F064FD0246204600F05AF8401B07
:1027D0005142801B00EB410000B270BD70B500217A
:1027E000044600F0CDFD00210546204600F0DAFD4C
:1027F00000210646204600F04AFD0246204600F031
:102800003BFF401B5142801B00EB410000B270BDFA
:102810000A4600F114011046FBF729BB10B54168C8
:1028200009B100F073F804460A48EAF7AAFD0EE081
:10283000426A002105E0C36853F82130A34208D062
:10284000491C8A42F7D801460248EAF7ACFD002845
:10285000EED110BD20B902248068002805D0827E08
:1028600002F03F028A4201D800207047C06801EBA5
:10287000410100EB810070478068002800D080682B
:102880007047418BC08A081A401C00B2704770B56F
:10289000064600F037F8050001D000240AE00020C9
:1028A00070BD21462846FFF71BFFB04201D12046EC
:1028B00070BD641C2846FFF725FFA042F1D84FF0F9
:1028C000FF3070BDF0B4468C04250024C6F3051615
:1028D00013E000BFC76805EBC40C57F80C705FEA43
:1028E000C71C09D527F07F479F4205D1C06850F823
:1028F0003400F0BC02F004BD641CA642EAD8F0BC6F
:1029000000207047002800D04068704700B501469D
:10291000FFF7F8FF0028FAD1084600BD2DE9F0477F
:10292000DFF8948006464446FFF7ECFEDFF88CA003
:10293000002507460EE0B0685146006850F82500B3
:10294000814600F0A6FE20B9B9F91A00A04200DBCA
:1029500004466D1CBD42EED30021304600F03AFD26
:1029600000218146304600F0FFFC0021074630463A
:1029700000F093FC4445054604D0708BC01B401BFF
:10298000201A04B2304600F03BFC80463046FFF788
:1029900078FF6942A0EB0900C01B00EB4101304603
:1029A000A8EB010100F0EEF8081A00B2844200DD45
:1029B0002046BDE8F087000001E0FFFF01000400B1
:1029C000806818B1407E00F00F0070470F207047FC
:1029D0002DE9F84F0021064600F045FC012807D0FC
:1029E000B068002802D0008A404200B2BDE8F88FEB
:1029F0000021304600F0DCFC00210090304600F061
:102A0000C5FC00218146304600F047FC41F6FF7AC4
:102A1000804654463046FFF775FE002507460EE017
:102A2000B0681949006850F82500834600F031FE6F
:102A300020B9BBF91400A04200DC04466D1CBD4265
:102A4000EED3544506D0B28A09EB08001044001BAF
:102A500004B200E00D4C304600F0E0FB0546304685
:102A600000F00AFE0099C8F10002411AA1EB09002A
:102A700000EB4200291A304600F07DF8084400B20D
:102A80008442B3DD2046B1E70100040001E0FFFF0E
:102A90002DE9F0470021064600F0E5FB01280AD0A9
:102AA000DFF8A08030464446FFF72CFEDFF898A000
:102AB0000025074615E0B068002801D0B0F91000E5
:102AC000BDE8F087B0685146006850F8250081469F
:102AD00000F0DFFD20B9B9F91800A04200DB044680
:102AE0006D1CBD42EED30021304600F061FC002198
:102AF0000746304600F04AFC00218146304600F08F
:102B0000CCFB4445054604D0308BC01B401B201A2B
:102B100004B2304600F082FB8046304600F0ACFD47
:102B2000C11B6A42A1EB090000EB42013046A8EB51
:102B3000010100F020F8081A00B28442C0DD2046EE
:102B4000BEE7000001E0FFFF0100040080680028EC
:102B500002D0007EC0F3810070478068002802D058
:102B6000007EC0F3011070478068002802D0408AC0
:102B7000404200B270478068002802D0008A40427C
:102B800000B270478068002802D0408A404200B2FC
:102B9000704700002DE9F04F91B0164600220C4618
:102BA0004FF0FF3705463B46114620460097FBF79E
:102BB000C2F900223B46114630460097FBF7BBF9AD
:102BC0001021284600F05EFD002816D0284600F0AF
:102BD0000FFB070011D00020FDF72CFF022F8046CD
:102BE00008D010E0FDF745FFA84209D04046FDF7A8
:102BF00021FF8046B8F1000FF4D111B0BDE8F08F8D
:102C0000B8F1000FF9D02846FFF7AEFF059028462F
:102C1000FFF784FE0A902846FFF7DAFE099028465F
:102C2000FFF736FF08902846FFF7CAFE10F00C0F9A
:102C300081464FF000000B9014D0012F10D0032FCD
:102C400002D0022F07D00DE00598002808DC0A9872
:102C5000002805DC06E04046FDF7FCFE0C2801D10B
:102C600001200B905FEA89714FF00000079014D0AB
:102C7000012F10D0032F02D0022F07D00DE00998AA
:102C8000002808DC0898002805DC06E04046FDF72F
:102C9000E1FE032801D1012007900B990798084312
:102CA000ABD04FF480372846394600F0DCFA0128D3
:102CB00000D0002039460E90284600F08BFB3946A4
:102CC0000490284600F050FB39460F90284600F04B
:102CD0005DFB80463946284600F06AFB01228146AA
:102CE0002846394600F07CFB0FFA80FB2846FFF7A8
:102CF000C8FD0090284600F0BFFC02900B9800B180
:102D000058460799824609B1584600E000203946E6
:102D100021221090284600F063FBC0B2022808D29E
:102D200031223946284600F05BFBC0B20228FFF48E
:102D300064AF05994FF0A007009801440B98002854
:102D40000A98084400B20B9070D00028FCD0E98AA1
:102D50000E9871800028688BF08008D0AA8AABF1A9
:102D6000010102EB080030800144B18007E0298BAB
:102D7000A1EB0900B080A0EB0B01491C3180049944
:102D80000098411A0F98091A1098081A00990C9087
:102D900048430B9990FBF1F000B205900020FBF73F
:102DA00079FB00EB8001502000EB4100B0F5A07FE3
:102DB0000ADB0020FBF76EFB00EB8001502000EBEC
:102DC000410090FBF7F000E001200599884201DA0C
:102DD000084616E00020FBF75DFB00EB8001502069
:102DE00000EB4100B0F5A07F0ADB0020FBF752FBAF
:102DF00000EB8001502000EB410090FBF7F000E079
:102E00000120009A0B9900B2891A0AB20C99091A8A
:102E100009B2002A0BDCE98A049808447080698BA7
:102E20000F98091A1098081A401EF08090E00A9B2B
:102E3000401E11FB03FCEB8A9CFBF2F2891A049AF8
:102E40001144194409B271800844F080B5F9162084
:102E500004981044814238DA70800020FBF71AFB96
:102E600000EB8001502000EB4100B0F5A07F0ADBB1
:102E70000020FBF70FFB00EB8001502000EB41002E
:102E800090FBF7F000E00120B6F90210B6F9062039
:102E90000844904219DD0020FBF7FCFA00EB8001AA
:102EA000502000EB4100B0F5A07F0ADB0020FBF7CB
:102EB000F1FA00EB8001502000EB410090FBF7F0AD
:102EC00000E0012071880844F080B5F91A201098BC
:102ED000B6F90610121A0F98101A814238DDF080E8
:102EE0000020FBF7D7FA00EB8001502000EB4100F7
:102EF000B0F5A07F0ADB0020FBF7CCFA00EB8001E5
:102F0000502000EB410090FBF7F000E00120B6F903
:102F10000610B6F90220081A904219DA0020FBF7D1
:102F2000B9FA00EB8001502000EB4100B0F5A07F22
:102F30000ADB0020FBF7AEFA00EB8001502000EB2B
:102F4000410090FBF7F000E00120F188081A708042
:102F5000099902980144079800280898084400B28B
:102F600000903FF44AAE0028FBD0698B0F98081AF6
:102F70000299E080A1EB0802A0EB0B01A2EB090291
:102F8000A2EB0A00029A0490491C6180A98A50436E
:102F90002180009990FBF1F1288BA08008B203906A
:102FA0000020FBF777FA00EB800050264FF4A07B5F
:102FB00006EB4000584509DB0020FBF76BFA00EBFD
:102FC000800006EB400090FBF7F000E00120039941
:102FD000884201DA084613E00020FBF75BFA00EBB9
:102FE000800006EB4000584509DB0020FBF752FA51
:102FF00000EB800006EB400090FBF7F000E00120C2
:10300000029A009900B2891A0AB20499091A09B2FF
:10301000002A18DC0E9850B1AA8AAAF1010002EB2E
:10302000080108442080298BA1EB090009E0A98A46
:1030300001EB08002080298BA1EB0901A1EB0A001C
:10304000401EA080D9E5089B11FB03FC0E9B9CFB56
:10305000F2F2A1EB020109B2EBB3AB8A08EB0A0270
:10306000401E1944114409B221800844A080B5F9DA
:1030700014001044884233DD20800020FBF70AFA58
:1030800000EB800006EB4000584509DB0020FBF711
:1030900001FA00EB800006EB400090FBF7F000E047
:1030A0000120B4F90010B4F904200844904217DD5F
:1030B0000020FBF7EFF900EB800006EB40005845DD
:1030C0000ADB0020FBF7E6F900EB800006EB40008E
:1030D00090FBF7F001E03AE0012021880844A0804D
:1030E000B5F91820B4F9041078E0A0800020FBF7AF
:1030F000D1F900EB80005D4606EB4000A84273DB8F
:103100000020FBF7C7F900EB800006EB400090FBC6
:10311000F7F000BFB4F90410B4F90020081A904287
:1031200090DA0020FBF7B6F900EB800006EB4000D8
:10313000A8425BDB0020FBF7ADF900EB800006EB5B
:10314000400090FBF7F0A188081A208055E5AA8A74
:103150004144401E114409B221800844A080B5F9C1
:10316000142002EB0800814232DA20800020FBF7B5
:1031700091F900EB800006EB4000584509DB002088
:10318000FBF788F900EB800006EB400090FBF7F0BE
:1031900000E00120B4F90010B4F904200844904282
:1031A00016DD0020FBF776F900EB800006EB40000F
:1031B000584509DB0020FBF76DF900EB800006EBBA
:1031C000400090FBF7F000E0012021880844A08037
:1031D000B5F91820B4F90410A2EB0A02A2EB090019
:1031E000814282DC09E5FFE7012093E70120AAE79D
:1031F000806818B1007E00F003007047032070471C
:10320000054908B56A46496800912C21FCF772FB14
:10321000BDF9020008BD0000D4AE0308054908B599
:103220006A46096800912C21FCF764FBBDF9000097
:1032300008BD0000D4AE0308008C7047092210B509
:1032400000F0CEF8C0B210BD092210B500F0C8F8E9
:10325000C0B210BD662200F0C3B8162210B500F04F
:10326000BFF8C0B210BD162210B500F0B9F8C0B258
:1032700010BD212210B500F0B3F8C0B210BD342249
:1032800010B500F0ADF8002800D0012010BD3222AA
:1032900010B500F0A5F800B210BD322210B500F054
:1032A0009FF800B210BD042210B500F099F800B2EA
:1032B00010BD0A2210B500F093F880B210BD0A22AA
:1032C00010B500F08DF880B210BD602210B500F08E
:1032D00087F8C0B210BD70B50E460546FFF7F5FF82
:1032E00002281BD9FD284FF0FF0402D2C0EB0020BA
:1032F000040A0EB1002603E02846FFF703FB05464B
:1033000055B131462846FFF7E0FF022806D9FD28CF
:10331000F2D24443240AEFE7022C01D8002070BD0A
:10332000FD2C01D3FF2070BD204670BD372210B5A3
:1033300000F056F8C0B210BD382210B500F050F8B9
:1033400000B210BD352210B500F04AF800B210BD31
:10335000112210B500F044F800B210BD112210B5D2
:1033600000F03EF800B210BD112210B500F038F8A0
:1033700000B210BD122210B500F032F800B210BD3C
:10338000122210B500F02CF800B210BD122210B5B8
:1033900000F026F800B210BD132210B500F020F89E
:1033A00000B210BD132210B500F01AF800B210BD23
:1033B000132210B500F014F800B210BD102210B5A1
:1033C00000F00EF800B210BD102210B500F008F8A1
:1033D00000B210BD102210B500F002F800B210BD0E
:1033E0002DE9F8438846064601211446104602F0AE
:1033F0009FF80025074615E06B46224641463046B9
:10340000F7F75CF80128054627D07FB1022D05D0DB
:10341000B8F1000F02D04FF0000803E03046FFF78C
:1034200071FA0646002EE7D1012D16D0B8F1000F33
:1034300003D1012C05D0042C03D0204602F00EF855
:103440000AE031680FE0012C0AD0C88A50B161B19E
:10345000012C0CD0B1F9160000900098BDE8F8835B
:10346000888AF3E709680029EDD10020F4E7B1F973
:103470001400F1E770B555220C460546FFF7B0FF82
:10348000024621462846BDE87040EAF788B8572230
:10349000FFF7A6BF5722FFF7A3BF582210B5FFF7CB
:1034A0009FFF00B210BD592210B5FFF799FF00B27F
:1034B00010BD6E2210B5FFF793FF00B210BD6A2257
:1034C00010B5FFF78DFF00B210BD692210B5FFF7F0
:1034D00087FF00B210BD6D2210B5FFF781FF00B26B
:1034E00010BD012210B5FFF77BFF00B210BD012215
:1034F00010B5FFF775FF00B210BD072210B5FFF73A
:103500006FFF00B210BD082210B5FFF769FF00B2CF
:1035100010BD2DE9FF41074608880C461D46ADF851
:10352000000016464888ADF802000888ADF804008F
:10353000C888ADF806008888ADF808004888694654
:10354000ADF80A00A088ADF80C00E088ADF80E00D8
:10355000384601F018FB01A92B463246384601F0E7
:1035600012FB02A92B463246384601F00CFB03A998
:103570002B463246384601F006FBBDF90030BDF956
:103580000400834201DA1D4600E00546BDF908103B
:10359000BDF90C20914201DA0E4600E01646B54214
:1035A00005DA834201DA1A4604E0024602E091425B
:1035B00000DA0A462280BDF90030BDF904108B42C2
:1035C00001DD1D4600E00D46BDF90800BDF90C20E7
:1035D000904201DD064600E01646B54205DD8B420D
:1035E00001DD1A4604E00A4602E0904200DD024690
:1035F000A280BDF90230BDF90620934201DA1D46D2
:1036000000E01546BDF90A10BDF90E00814201DA4D
:103610000E4600E00646B54205DA934201DA184646
:1036200004E0104602E0814200DA08466080BDF9FD
:103630000230BDF906108B4201DD1D4600E00D464B
:10364000BDF90A00BDF90E20904201DD064600E0FA
:103650001646B54205DD8B4201DD184604E00846FA
:1036600002E0904200DC1046E08005222046114630
:10367000FAF745FCBDE8FF81018B808A081A401CDF
:1036800000B27047C069814301D00020704701201B
:103690007047C069084000D001207047008C084086
:1036A00000D0012070477FB50D4606460221FFF786
:1036B000E9FF002820D080213046FFF7EFFFE8B96E
:1036C00002A93046FFF723F80022294602A8E9F7AD
:1036D00047FA040012D04FF480313046FFF7D2FF92
:1036E00070B101206A46112100958DF80400304622
:1036F000FCF700F99DF8040004B070BD0020FBE762
:103700002046F9E7F8B514460D4656220646FFF75F
:1037100067FEC0B2A076022807D929463046FFF7D7
:10372000DAFD022802D80020A076F8BDFD2804D2D8
:10373000A17E11FB00F0000AA076A07E0228F4D939
:1037400029463046FFF796FE00905822BDF800004B
:103750002946A0813046FFF743FE59222946A08220
:103760003046FFF73DFE5A22294660823046FFF779
:1037700037FEA17F60F302013046A1772946FFF7AB
:1037800086FE5B22294620603046FFF729FE20771F
:10379000F8BDF8B514460D460646FFF79CFD0746F2
:1037A0005DB1022F09D80020E070A07684F82200D5
:1037B00084F82A0084F83600F8BDE078B0B1212200
:1037C00030462946FFF70CFEC0B2E07002280DD942
:1037D000202229463046FFF703FE0246294630469E
:1037E000E9F7DDFE0090BDF80000A08032223046EF
:1037F0002946FFF7F5FD00B2208428B394F8220093
:1038000010B3312230462946FFF7EAFDC0B284F8F2
:103810002200022818D9302229463046FFF7E0FD61
:10382000024629463046E9F7BAFE00903322BDF839
:1038300000002946E0833046FFF7D2FD94F82310BC
:1038400060F3450184F8231029463046FFF77AFDDE
:10385000E084E8B194F82A00D0B129463046FFF759
:1038600065FD022884F82A0012D929463046FFF760
:1038700063FD3622294620853046FFF7B1FD02461A
:1038800029463046E9F78BFE0090BDF80000A08481
:10389000A07E80B3282230462946FFF7A1FD206193
:1038A00048B3292230462946FFF79AFDC0B2A076D8
:1038B000022820D92069FDF768F802283ED02A2284
:1038C00029463046FFF78CFD024629463046E9F787
:1038D00066FE00902B22BDF800002946208330466A
:1038E000FFF77EFD2C222946E0763046FFF778FD73
:1038F00000B101202077FD2FBFF45EAFE278A57EF6
:1039000094F8223094F82A0012FB07F294F836104B
:1039100015FB07F513FB07F3160AE67010FB07F01B
:103920002A0AA27611FB07F11B0A84F82230000A4A
:1039300084F82A00090A84F83610F8BD2946304672
:10394000FFF7A5FD294660613046FFF793FD009023
:10395000BDF800002083CEE77CB50546E9F7EFFD12
:1039600005F1140104466846FAF781FABDF8000033
:103970006946001BADF80000BDF80200001BADF861
:103980000200BDF804002044ADF80400BDF80600B4
:103990002044ADF80600284600F001F87CBD7CB557
:1039A0000C460546FEF73AFFFAF7D8FD00280FD07F
:1039B00021466846FAF75BFA69462846FEF708F999
:1039C000002805D02846FEF729FF6946E9F758FC8C
:1039D0007CBD0068002808D0017E8907F9D0007EF0
:1039E00000F00300012800D0002070470068002884
:1039F00009D0017E11F00C0FF8D0007EC0F38100D9
:103A0000012800D00020704710B509490446FFF78F
:103A100040FE08B1002010BD2046FEF773FF0028CD
:103A2000F9D00021FFF74BFC0028F4D0012010BD95
:103A30000100060010B5418C41F001014184FEF700
:103A400065FF418C41F004014184FEF7E7FE4068C8
:103A5000002803D0BDE8104001F084BF10BD000075
:103A60002DE9F0479946174688468246FEF74AFEFA
:103A70000025064624E000BFDAF80810B9F1000F6F
:103A8000086850F8254005D04FF480212046FFF704
:103A9000F9FDA0B9A38A628BE18A03EB0800B4F8B0
:103AA00018C03A44A082CB19E3820CEB08012183B1
:103AB00000234146204662833A46FFF7D1FF6D1C42
:103AC000B542D9D3BDE8F0872DE9FF4745681646D2
:103AD0000F4604469DB300212846FFF751FC002104
:103AE00080462846FFF770FC4FF48021814620462F
:103AF000FFF7C8FD48B1A98A07EB0803EA8A06EB7D
:103B0000090019440FB2104410E02846FFF733F8BB
:103B1000AA8A02EB0801081A384407B22846FFF7C0
:103B200031F8EA8A02EB0901081A304406B2284645
:103B30000021FFF7ACFB391830440FB206B2A08A5F
:103B4000E18A381A711A06B20FB20EB9002F40D0AE
:103B50002046FFF701FF02A92046FEF759FE4FF06D
:103B6000000875B169462846FEF7F0FD0022694657
:103B700002A8E8F785FF5FEA000802D1284600F0B6
:103B80000DFEA08A628BE38A3044218B3A44A082E6
:103B90003B44E38231442183002331462046628343
:103BA0003A46FFF75DFF8DB1222122462846FBF7FA
:103BB000A1FE2046FFF7D0FE0022694604F1140062
:103BC000E8F75EFFB8F1000F07D104E02046FFF7E9
:103BD000C3FEBDE8FF870028FBD0284600F0DEFDCD
:103BE000F7E72DE9F0410D460646FEF7B6FFA0B90E
:103BF0003046FEF7B9FF04463046FEF78FFE002838
:103C00000BDA002C09DD4042844200DB04462B46DF
:103C100022B23046002100F069FC3046FEF796FFE4
:103C2000002825D13046FEF7D3FE04463046FEF785
:103C30002FFF002107463046FFF715FB01280BD068
:103C4000002F15DA002C13DD7842844200DB044695
:103C50002B4621B2002206E0002C09DA002F07DDF6
:103C600000222B4621463046BDE8F04100F03EBC24
:103C7000BDE8F0812DE9F04786B08946866802A943
:103C800004464846FEF7C4FD4846E9F758FC01469D
:103C9000024602A8FAF733F902AA314604A8E8F767
:103CA000C6FE4FF400250DF1100A20B929464846FA
:103CB000FFF7E8FC98B114214FF00108224648466E
:103CC000C4F808A0FBF716FE152122464846FBF76C
:103CD00011FE162122464846FBF70CFE01E04FF08C
:103CE000000829464846FFF7CDFC20B13068009017
:103CF0007068019006E009F1140231466846E8F761
:103D000096FE90B14846C4F808D0FEF7FBFC0025AB
:103D1000074608E0D9F80800006850F8251020464A
:103D200008F090FF6D1CBD42F4D3B8F1000F10D025
:103D3000172122464846C4F808A0FBF7DBFD1821EE
:103D400022464846FBF7D6FD192122464846FBF796
:103D5000D1FDA66006B0BDE8F0872DE9F14F82B035
:103D60000298FFF751FE00287CD10298FEF7CAFDA9
:103D7000009000210298FFF7C0FB002182460298C4
:103D8000FFF7C1FB0646009868B1FEF727FD8146A4
:103D90000098FEF709FD05464FF0640BCAF3413069
:103DA000012803D012E032465146A4E02AF4C04074
:103DB000B0F5FA6F0ADCB0F57A7F01DDC0F57A70F4
:103DC00000FB09F090FBFBF00FFA80FAC6F34130DC
:103DD00001280DD126F4C040B0F5FA6F08DCB0F52B
:103DE0007A7F01DDC0F57A70684390FBFBF006B284
:103DF000029800216B22FFF7F3FA07B20298002124
:103E00006C22FFF7EDFA02B20298FFF735FC80460C
:103E10000298FEF736FD0446C7F3413001280ED163
:103E200027F4C040B0F5FA6F09DCB0F57A7F01DD08
:103E3000C0F57A7000FB08F090FBFBF007B2C2F30C
:103E4000413001280DD122F4C040B0F5FA6F08DCF2
:103E5000B0F57A7F01DDC0F57A70604390FBFBF02E
:103E600002B200E05AE0B1180AEB07000FB206B246
:103E700002980021FFF7E8F950B1012839D0801EDF
:103E8000082836D2DFE800F00B1320242E183D401E
:103E900000980021FFF7E1F9012808D029E009EB9B
:103EA000D97108EBD8704910A1EB600001E0A9EBD3
:103EB0000800304406B21CE005EBD57004EBD47169
:103EC0004010A0EB610000E0281B384407B210E06E
:103ED00009EBD97108EBD8704910A1EB60003044B0
:103EE00006B2F1E7291BA9EB08003044394406B2B9
:103EF0000FB231463A46029803B0BDE8F04FFFF7E3
:103F0000E3BDA9EB080006E009EBD97108EBD87016
:103F10004910A1EB6000304406B2CDE7BDE8FE8F4A
:103F20002DE9F04F0446408C87B0010501D54005CE
:103F30007ED42046FEF7E6FC5FEA000878D02046F3
:103F4000FEF746FD01900026608C4FF4FA6B42F2BA
:103F5000D17A000503D52046FFF78EFB5DE00021F6
:103F60002046FFF7BEFA5045054601D1012600E084
:103F70000026C5F34130012805D125F4C04058453D
:103F800001DC012000E0002081464046FEF726FCCF
:103F9000074626B12046F0F74BF805462BE0B9F16D
:103FA000000F28D0B8F82200000518D400214046A0
:103FB000FFF797FA504512D100212046FFF767F925
:103FC000002105462046FFF7DBF900EB05092046F6
:103FD0000021FFF7E7F9411901EB09000AE025F498
:103FE000C040B0F57A7F01DDC0F57A707843642176
:103FF00090FBF1F005B2204600210222FFF7F0F914
:104000000FFA80F9204600210322FFF7E9F902B2F6
:104010003B4649462846F9F7F3FF07462046FEF798
:10402000A3FD00904FF00009618C480505D500E024
:104030006CE02046FEF725FC54E000212046FFF707
:1040400032F9A0F51C510546D13907D05FF00000C8
:10405000C5F341318146012902D007E00120F7E78D
:1040600025F4C040584501DC012000E000208346D3
:104070004046FEF799FBB9F1000F824604D0204676
:10408000EFF764FF05461BE0BBF1000F18D0B8F84E
:104090002200400507D400214046FFF704F9A0F5AF
:1040A0001C51D13936D025F4C040B0F57A7F01DDFE
:1040B000C0F57A70642100FB0AF090FBF1F005B2C4
:1040C000204600210522FFF78BF90FFA80FB2046DE
:1040D00000210622FFF784F902B2534659462846CA
:1040E000F9F758FF56EA0906054605D00023204691
:1040F000DDE9002100F0FBFA2046FFF7BDFAB842E7
:104100001BD12046FEF7BDFBA84216D1002007B008
:10411000BDE8F08F00212046FFF7B9F800210546E1
:104120002046FFF751F900EB050B20460021FFF771
:1041300015F9411901EB0B00C1E72046FFF70CFC14
:1041400002A92046FEF764FB04A94046FEF7FEFAEA
:10415000002204A902A8E8F793FC060002D1404619
:1041600000F01CFBE08A6D1E00212844608320467D
:10417000FFF773F801281CD0A08A7F1E38442083E3
:104180002921204602AAFBF7B5FB22212246404600
:10419000FBF7B0FB2046FFF7DFFB608C002204A991
:1041A00040F00200608404F11400E8F769FC36B9BD
:1041B00004E0208BC01B401CA082E1E710B1404608
:1041C00000F0ECFA204600F002F801209FE738B535
:1041D0000446E9F7B4F905466A460020ADF8000048
:1041E00013212046FBF786FBBDF90000A84202D050
:1041F0002046FFF7B1FBA06818B1BDF80010C182DE
:1042000009E0BDF8000030B12046FDF7BFFCA16811
:10421000BDF80000C882BDF90000A84202D02046C7
:10422000FFF79AFB38BD70B500210546FFF759F935
:10423000002104462846FFF736F842F2D172944234
:1042400003D0904201D0002070BD2846FFF7F2FB5A
:10425000012070BD2DE9F84F04464D4890460D46AB
:10426000007800286FD02046FFF776FB04214046F7
:1042700005F47F0501F05CF902210646404601F095
:1042800057F901218146404601F052F91021009072
:10429000404601F04DF907464FF6FF7BEEB1B5F50C
:1042A000702F12D08DB1002120460422FFF798F81C
:1042B00000B242F2D17A504507D0002120460122B7
:1042C000FFF78EF800B2504544D1002220462A2143
:1042D000FBF710FB2046FFF7ADFB4FF4702A554566
:1042E00000D07DBBD84500D02EB12046FEF70AFB9A
:1042F00008B1FFF79FFB554500D01DBB17B3002148
:1043000020466E22FFF76CF800B240B9002120462B
:104310006D22FFF765F800B2B0F5807F01D002276B
:104320000AE0002120466122FFF75AF8C0B2FF28B8
:1043300001D0012700E00027A06828B1817E67F343
:104340008711817606E020E027B12046FDF71EFCAC
:10435000A068F3E75F46B84502D0B9F1000F02D07C
:104360002046FFF734FF2046FFF7F6FAB84504D0A1
:10437000009949EA0600084207D0B5F5803F04D00D
:104380002046BDE8F84F08F03FBEBDE8F88F0000BA
:10439000540201242DE9F0410446408C15460E4696
:1043A00004220021C0F305100BE000BFE36802EB1C
:1043B000C107DB59DF0103D523F07F43AB4202D0B5
:1043C000491C8842F2D8884202D10020BDE8F08121
:1043D000E06850F83100314601F0B2F828B13246B9
:1043E00029462046FFF736FF01E00028EED00120E5
:1043F000ECE72DE9F05F4FF6FF7A05461FFA82F8E9
:1044000056460F0002F47F0902D0F87900B9002661
:104410000024214658E0EA68042000EBC40BD04594
:1044200052F80B0083B2C0F3074C4FEA0C4C01D09A
:10443000434509D1B9F5702F01D0CC4504D12FB136
:1044400052F83420BA4201D0641C3DE0800105D509
:1044500000235246494628460AF03AFDE86850F8DB
:104460000B10CA0101D489010CD550F8340001F0B9
:10447000C8F8E86850F83400FDF7CEF9E968002084
:1044800041F83400082320460AE0E96803EBC00243
:104490000A4401EBC001401CD2E900C2C1E900C2DC
:1044A000698CC1F30511491E8142EED8688C01095F
:1044B000491E61F309106884C0F30511E868C9005A
:1044C000FDF7CEF90121E860688CC0F30510A04229
:1044D000A1D8002908D0002E06D0324649462846E9
:1044E000BDE8F05FFFF7B6BEBDE8F09F2DE9F041F3
:1044F00016460D4692B0074651EA06007AD0012BC7
:104500001DD03E493846F9F7CBFB3D493846F9F70F
:10451000C7FB002238460921FBF7ECF9012869D1D5
:10452000324629463846E9F716F8012862D112B01A
:10453000384600220A21BDE8F041FBF7DBB93846D6
:10454000FEF76CF980466846F9F7F2FB2D484FF408
:10455000C874009703902DB34046F9F7ADFF4010A3
:104560002A460021F9F72AFCC82801D2C82002E017
:10457000A04200D920460B903846FEF7FCFA291AD3
:104580006A4640420890CDE909011D480921019081
:104590001D4807903846FBF7ADF901282AD1684637
:1045A000F9F71AFC002E25D04046F9F7C1FF40105C
:1045B00032460021F9F702FCC82801D2C82002E0E7
:1045C000A04200D920460B903846FEF7DBFA311A9C
:1045D0006A4640420890CDE9090108480921019046
:1045E000094807903846FBF785F9012802D168464B
:1045F000F9F7F2FB12B0BDE8F081000003DB02081E
:10460000EBDA0208D5D7020865DD01082DE9F0478D
:10461000154699460C46824651EA050065D050463B
:1046200000F0E0FA5046FEF7A6FA40420FFA80F892
:1046300008EB040004B250460021FEF714FE0128E6
:1046400013D0002C13DC25DA5046FEF7C1F90646DC
:104650005046FEF71DFA304400B2002800DA002070
:104660004042844216DA04B214E0002C02DA4FF021
:1046700000040FE00EDD5046FEF7AAF9064650464C
:10468000FEF706FA304400B2002800DA0020844227
:1046900000DD04465046FEF775FA404206B2701936
:1046A00005B2002D02DD4FF0000510E00FDA504694
:1046B000FEF75AFA07465046FEF730F9384400B282
:1046C000002800DA00204042854200DA05B2AA1B29
:1046D000A4EB080001B212B251EA020005D04B4629
:1046E0005046BDE8F047FFF701BFBDE8F08770B561
:1046F0001D46164604461A4600F024F82A4631465E
:104700002046BDE8704000F033B8F8B50E460446C8
:1047100000F068FA002000902046FEF7F3F804F15C
:10472000140705460AE033466A462146384609F032
:1047300057F82C462046FEF7E5F80546002DF2D145
:10474000F8BD000070B514460D4608490646F9F755
:10475000A7FA3046FEF70FFA401B234601B2304657
:10476000BDE870400022FFF751BF0000EBDA0208FD
:1047700070B514460D4608490646F9F791FA3046D9
:10478000FEF700FA401B234602B23046BDE87040F7
:104790000021FFF73BBF000003DB02081FB502AAA0
:1047A00004466946FEF7F6F96846F9F78DFB20B92D
:1047B00002A8F9F789FB002810D06846F9F784FBB6
:1047C00018B169462046FFF7EAF802A8F9F77CFB22
:1047D000002803D002A92046FFF7E1F81FBD38B535
:1047E00000230C46042105466A46FEF76BF80128B3
:1047F00007D0002804D100222146284600F03EF9C7
:1048000038BD0098A042F6D138BD2DE9F0411546DB
:104810000C461F4606461946F5F7B0FD2A462146C6
:1048200000F004FF224639463046BDE8F041FFF76C
:1048300011BD70B51546044600F074F929462046AE
:10484000BDE8704000F084B970B50C460546FDF730
:104850009DF9A868017E01F00302A24207D064F32B
:10486000010101762846BDE87040FFF775B870BDBC
:1048700070B51546044600F03FF929462046BDE8CC
:104880007040FFF7ACBF00002DE9F34F8FB08246B8
:10489000008C109988427DD004905046AAF82010D0
:1048A000109A0499E8F73EFF5FEA000872D04FF4CF
:1048B00020742046FCF750FF21460290FDF776F861
:1048C0000024204672E000BFDAF80C00042202EB5C
:1048D000C90500EBC9010D91405920F07F4000F05F
:1048E00050F90090DAF80C00405920F07F4000F0B9
:1048F00045F9069010990098884355D10D98406865
:10490000800151D40D9867210AAA006800F0FAFCD2
:10491000012849D10A9D002740E000261EE000BF83
:10492000029806EB860100EB81010E91D1F804B0EC
:10493000584600F026F90890584600F01FF92A68FA
:104940000E9932F8172009898A4206D106998842C1
:1049500003D100990898884202D2761CA642DFD380
:10496000A6421AD1029B04EB84010298AA8900EBAB
:10497000810023F82120298A4180A968C160296823
:1049800031F817100181696801610D99496821F0BA
:104990007F4100E04DE0641C41607F1C286830F8D6
:1049A000170008B1202CB8D309F101008146BAF8EC
:1049B0002200C0F30511494501D9202C84D30025DC
:1049C00010E000BF029805EB850100EB81067068DE
:1049D00000F0D4F8109B0146049A50460096E8F780
:1049E000FFFD6D1CA542EDD30298FCF703FFB8F163
:1049F000010F0ED0B8F1030F11D0B8F1020F18D18A
:104A00005046FEF7A9FF11B05046BDE8F04FFFF742
:104A1000DEBB11B05046BDE8F04FFEF79DBF11B0B0
:104A200050464FF470214FF6FF72BDE8F04FFFF78C
:104A300011BC11B0BDE8F08F07B481B01346BDF8CA
:104A40000810ADF800102021009A04B0FFF7DDBE79
:104A500013460A462121FFF7D8BE07B481B013469A
:104A6000BDF80810ADF800103021009A04B0FFF72F
:104A7000CCBE13460A463221FFF7C7BE13460A468C
:104A80000421FFF7C2BE13460A466021FFF7BDBEF0
:104A900013460A461221FFF7B8BE13460A461021F4
:104AA000FFF7B3BE13460A460B21FFF7AEBE13460F
:104AB0000A465B21FFF7A9BE07B481B01346BDF8D3
:104AC0000810ADF800105521009A04B0FFF79DBE04
:104AD00013460A465721FFF798BE13460A4601219E
:104AE000FFF793BE13460A460721FFF78EBE134613
:104AF0000A460821FFF789BE38B500230C4601217C
:104B000005466A46FDF7DEFE012807D0002804D1DD
:104B1000002221462846FFF7E0FF38BD0098A0425A
:104B2000F6D138BD38B500230C46072105466A4644
:104B3000FDF7C8FE012807D0002804D10022214635
:104B40002846FFF7CFFF38BD0098A042F6D138BD08
:104B500038B500230C46082105466A46FDF7B2FE2B
:104B6000012807D0002804D1002221462846FFF75B
:104B7000BEFF38BD0098A042F6D138BD00F47F00DA
:104B8000704780B270472DE9F0411E4615468846B1
:104B9000070025D0E8F7D9FC022813D000249EB1E5
:104BA0003DB13846FDF7AEFE33462A464146FFF793
:104BB000EAFF002C14D0324641463846BDE8F041A9
:104BC0000AF004BA0124EAE724B1324641463846E5
:104BD0000AF0FCF9002D03D03846FDF793FED7E725
:104BE000BDE8F08170B50B4D2978002911D1012164
:104BF0002970FDF78BFE044606E000BF20F004009C
:104C000060842046F8F73AFC608C4107F6D4002017
:104C1000287070BD4C020124132808B505D3F9F79C
:104C200043FA0090BDF8000008BD024901EB4000C6
:104C3000008808BDC47904082DE9FE4F0C00174612
:104C400005461E4602D1B7F5807F72D02888002C19
:104C50003188A0EB010001B2298070886A88A2EB3C
:104C6000000000B2688066D0DFF8FCB0DBF800001E
:104C7000A04244D0B4F5616F204601DDA4F5616027
:104C8000002801DA00F561600A2190FBF1F8C8F113
:104C900000030FFA88F203EB830308F1010A00EB2B
:104CA0004309104600F074FF02900FFA8AF000F0FA
:104CB0006FFF08F15A01019008B200F069FF0AF194
:104CC0005A01009008B200F063FF0299C9F10A028C
:104CD0000346DDF804C04FF00A0802FB01F000991A
:104CE0000CFB09004A4303FB092190FBF8F091FB00
:104CF000F8F1CBF8004042114911CBE90121DBE981
:104D00000132B5F90010B7F5807FB5F9020034889B
:104D10001BD002FB01FC594303FB10C302FB001034
:104D20007B43784304EBA3412980718801EBA040C9
:104D30006880BDE8FE8F79433288784302EB2121F9
:104D40002980598801EB2020F2E702FB01F7594343
:104D500003FB107302FB001104EBA3202880708872
:104D600000EBA120E4E70000CC02012430B5B0F94B
:104D70000420B0F900300D88D21A448802EBD272B8
:104D8000521098184B88291AA018181A11FB01F113
:104D900012FB02F210FB0010904201D8012030BD3E
:104DA000002030BD00B58FB06846F8F78DFD07488C
:104DB000007848B99DF80000022805D1F0F7CEFE32
:104DC00010B101200FB000BD0020FBE71C02012440
:104DD00070B519480021F8F79BFD184D4FF00104FC
:104DE00030B3DEF73EFCF8F747FE08B3144A4FF441
:104DF000D2531448A2F55251F9F768FA11481C3001
:104E0000F9F774FA0F484FF48C72F0211C300280CD
:104E100041800C49C1600C4941610C4981620169C2
:104E200021F003010161F9F78BFA08B1012070BD8F
:104E30002C70002070BD0000B1EF02081C0201249C
:104E40008034002488B7022459820108FD820108B9
:104E5000F8F7ACBDF8F738BD30B58FB005466846F9
:104E6000F8F732FD104C6078D8B99DF83800C0B919
:104E70006068B0B99DF80000032812D1F0F76EFE0B
:104E800078B10120607009480021F8F741FD40B178
:104E90002846F8F7F1FD20B10020207001200FB066
:104EA00030BD0020FBE700001C020124B1EF020826
:104EB0003EB502000C4624D0002C22D094E80B0012
:104EC0008DE80B00607800F03DF869468DF8010030
:104ED0001046F0F71FF99DF8012000210C48062A22
:104EE0000ED2DFE802F00D03050F11130A2200E0D5
:104EF000142242602278022A02D0012A01D1012123
:104F000001703EBD1322F4E71122F2E71222F0E70E
:104F10002402012410B504460848FBF748FD074861
:104F20000221017006494160FBF756FD002803D0BD
:104F30002146FBF786FE012010BD0000F4B70224D5
:104F400009C60108022807D0032807D0042807D083
:104F5000052800D1032070470520704704207047C2
:104F6000022070472DE9FC4100250E46143107460A
:104F70002A46E7F785FD002826D001213046FEF7B6
:104F800081FB00BB3046E8F7E0FAE0B900206A4652
:104F900012218DF8000030460197FAF7ABFC9DF81E
:104FA000000002280FD03046FDF7ACFB401E040085
:104FB0000ED4B068006850F824103846FFF7D2FFCE
:104FC000050009D102E00020BDE8FC81641EF0D597
:104FD0009DF8000000B935462846F5E72DE9FC416B
:104FE000DFF8B48000254FE0294491F83011E9BB87
:104FF000002441E0011991F83011C1BBA5423AD01B
:1050000000EBC40100EBC50030303031E7F78CFD18
:1050100068B37068B04600EBC40200EBC501684697
:1050200030313032E7F72FFE6846F8F74DFF06467D
:10503000D8F8040000EBC5003030F8F745FF07460C
:10504000D8F8040000EBC4003030F8F73DFF3844D6
:10505000864210D2D8F804004646694600EBC500E7
:105060003030F8F70DFF7168012001E00BE002E03D
:10507000214481F83001641CD8F804004646B0F899
:105080005011A142B6D86D1CD8F80410B1F85021C7
:10509000AA42A9D8BDE8FC815802012410B5F9F74D
:1050A000F3F9BDE81040F9F72DBA00002DE9F047FB
:1050B000A6B09946154688460646DDF8B8A0FDF725
:1050C000ADFB0446FFF7EAFFB042074675D0A06982
:1050D000B04272D0B8B108F053FBA0690021F8F7D4
:1050E000DFFD0022A0691146FFF7A3FBA0690022A3
:1050F0006021FFF74FF994F82800800702D5384661
:10510000FCF7ACFFA7696069A66138B194F8281074
:10511000890703D5FCF7A2FF00206061B8F10A0FF0
:10512000404655D00B2853D00C2851D00D284FD0D5
:10513000B8F10E0F4CD0002194F8280061F3000064
:1051400000216AF3410084F828003046F8F7A8FDF2
:10515000FFF7A4FF0021F8F7A3FD00223046114617
:10516000FFF767FBFFF79AFF00221146FFF761FB8D
:10517000002230466021FFF70DF9FFF78FFF002274
:105180006021FFF707F955EA090023D014A8F8F7C2
:10519000CFFD5648169056481496C9F10006179050
:1051A00003A8CDE91F56F8F7C3FD2069B8F10F0F2A
:1051B000CDE90E56039026D200E014E0DFE808F0B7
:1051C000161A242A3037475B6C7D82405164760082
:1051D0000121B1E7304608F0D3FABAF1000F02D04E
:1051E0003846FCF73BFF26B0BDE8F08741481590F4
:1051F000002004E03F4815902046F9F75DF90021B2
:105200001C90CDE91D0164E03A4815902046F9F75D
:1052100053F90AE0384815902046F9F789F9EEE786
:10522000354815902046F9F783F94042E7E73148C1
:1052300015902046F9F740F900211C90CDE91D0199
:105240002C48002504902046F9F736F922E0294839
:1052500015902046F9F730F940421C900021CDE925
:105260001D012448002504902046F9F725F9CDE9D1
:105270000C500B952DE0204815902046F9F758F971
:1052800000211C90CDE91D011B48002504902046FB
:10529000F9F74EF94042EAE7174815902046F9F72A
:1052A00047F940421C900021CDE91D01124800251C
:1052B00004902046F9F73CF9D9E7104815900020F2
:1052C000FF219DE70D480490FF2000210B90CDE9C0
:1052D0000C01002238462521FAF70CFB14A8F8F738
:1052E0007BFD03A8F8F778FD7DE700005DD7020895
:1052F00005D702086DDF020873DF0208A7810208E4
:1053000000F052B870B514468288C379A2F57F4583
:10531000FF3D07D07BB3012B35D90668002206EB91
:1053200083052DE0002213E0056805EBC2052E88F9
:1053300026F440468E420AD12888010429D440042C
:1053400001D5304614E068682060012070BD521C11
:105350009342E9D825E000BF35F8120020F4404020
:1053600088420CD135F812100B0412D4490403D52D
:1053700000F074F8E8E714E006EB82000FE0521C3E
:105380009342E9D80DE022F440438B4209D1110445
:1053900001D5022070BD510401D51846E8E7006828
:1053A000D2E7002070BD000070B514468288C37932
:1053B000A2F57F45FF3D07D07BB3012B35D90668A9
:1053C000002206EB83052DE0002213E0056805EBC3
:1053D000C2052E8826F440468E420AD12888010450
:1053E00029D4400401D5304614E0686820600120CB
:1053F00070BD521C9342E9D825E000BF35F8120079
:1054000020F4404088420CD135F812100B0412D41D
:10541000490403D500F022F8E8E714E006EB820027
:105420000FE0521C9342E9D80DE022F440438B4236
:1054300009D1110401D5022070BD510401D51846CF
:10544000E8E70068D2E7002070BD0821FCF7AEBA9B
:10545000C07908B100207047012070471CB545286D
:105460004FF000024FF0FF0155D01EDC302844D031
:105470000EDC222841D006DC032853D0062851D068
:10548000202830D135E0252845D029282BD142E0ED
:10549000362832D004DC31283DD0332823D13CE0FB
:1054A000372838D044281ED127E0552825D00EDCD7
:1054B0004E2830D006DC46282DD047281DD04D2858
:1054C00011D11AE0522818D053280CD123E06028BB
:1054D00021D004DC56281ED0572804D120E06128B2
:1054E00019D06D2802D0009200981CBD4FF4807036
:1054F00014E0FF221146104602E000221146104639
:10550000F8F793FE0190BDF804000190BDF8040087
:10551000ADF80000E8E70091E6E70F200090E3E730
:105520000248FBE741F6FF70F8E70000ECED0308E6
:1055300010B50C46E8F7FCF9204000D0012010BD62
:105540002DE9F0410F4681880446A1F57F40FF38E0
:1055500055D0E07900284DD0012804D026680021DC
:1055600006EB800549E021F44040B84247D10020D5
:10557000A080E0713DE000BF35F8112022F44042E8
:10558000BA4239D1022813D0401E00EB400040003F
:10559000FCF7B0F8010032D0E37900202160024628
:1055A0005B1E03F0FF0C84F807C001EB8C0319E0CD
:1055B0000120E07121B12888A0803068206015E0CA
:1055C0006888A0807068F9E735F810C0BC4508D03D
:1055D00056F820C041F822C035F810C023F812C098
:1055E000521C401C94F807C08445EDD23046FCF7AD
:1055F00013F90120BDE8F081491C8842BCD8002085
:10560000F8E710B504468088A0F57F41FF390BD03C
:10561000E079012802D92068FCF7FEF82046BDE8B1
:1056200010400821FCF7C2B910BD0000014B00F08A
:1056300007B8000039560208108019607047000052
:105640002DE9F0470446808889461D46A0F57F4134
:10565000FF3968D0E17929F4404617464FF0010838
:10566000012936D92368084603EB81020BE000BF0D
:1056700032F810C02CF4404CB44504D103EB800345
:1056800002EB40022CE0401EF2D5491C01EB410028
:1056900041001846FCF7E4F8020044D0E0792260AB
:1056A00002EB800106E000BF01EB400C31F8103046
:1056B000ACF80430401EF7D5E0793946401CC0B242
:1056C000E07102EB800303EB40024846921E1B1F71
:1056D00020E02AD120F44040B04207D1221D2346C9
:1056E00039464846AC46BDE8F04760470C20FCF719
:1056F00001F8002817D021682060E279521CD2B24C
:10570000E271A38800EB820222F8023B031D0160D4
:1057100039464846A8473046E8F703F9A27908FA1F
:1057200000F10A43A271BDE8F087221D234684F8E8
:105730000780EDE770B5044600F010F805000AD0C8
:10574000054A00212046FEF754FE21462846BDE8C2
:105750007040EDF73BB970BDFFFF0F0010B510B101
:10576000FDF75CF801E0F8F78FFEBDE81040F8F7B0
:10577000D9BE10B5044600F003F8001B10BD0000B0
:105780000349012248680A700B78002BFBD0704750
:10579000B8020124034900220A704A681044486094
:1057A00070470000B80201242DE9F04115460E466D
:1057B00007460D48E7F70AFE040010D00021A76055
:1057C0004FF0FF302660C4E90401FFF7D9FF074915
:1057D00060600120E56008712046BDE8F081EFF7C8
:1057E00043F90020F9E7000014B90224080301245A
:1057F00010B5044601460548E7F75EFE044901205E
:10580000C8702046BDE81040FCF706B814B9022461
:10581000080301242DE9F047494CA07810B101207C
:10582000BDE8F0870120A0702078002628B1FFF79E
:10583000A7FF5FEA000902D007E0A670EFE7206942
:10584000401C2061642800D926614FEA06083D4DBE
:1058500084F803803C4884F80480E7F792FD2860D0
:1058600037E03948E7F79FFD2E680746307DC007CF
:105870002ED18246304600F078F888B93069B0F110
:10588000000A01DD401E3061FFF77AFFB1687060E9
:1058900021B1BAF1000F01D0304688474FF0010A1C
:1058A000E07820B9306910B93046FFF7A1FFBAF1AE
:1058B000000F0DD02079E178084309D0286800282E
:1058C000C6D100BF20484FF0FF36E7F75AFD11E080
:1058D0002F6029680029C4D1F4E7287DC00705D1CD
:1058E000284600F042F8B04200D206461648294643
:1058F000E7F759FD0500F0D14846FFF73AFFE168A8
:105900000844E060A068FFF734FFB0F5FA7F13D3D6
:10591000E16864225143B1FBF0F0C0B260706428CA
:1059200001D9002001E0C0F1640060702546C4F890
:105930000C80FFF725FFA860304684F802806FE7EF
:1059400008030124DC02012414B90224012141616D
:10595000704710B50446FFF713FF2168401A401E38
:10596000606010BD00214161704710B50446406879
:10597000FFF7FFFE2168814201D8002010BD081A00
:1059800010BD70B5083A0C46034602F00300111A28
:10599000A00705D1A1F10C0047F6F572904201D3A2
:1059A000002070BD2078251F00F00300084320F080
:1059B000020040F00101184621602946EEF766F921
:1059C0002846EEF79BF9017902214160204670BD1F
:1059D00070B5810701D0002070BD0023806019469A
:1059E000C0E9030300EB8105002200EBC1146B61E9
:1059F00004EB8206521C202AB063F9DB491C0929FA
:105A0000F0DB70BD70B50C460546FFF7E1FFA4F56D
:105A10009762064605F59761FFF7B3FF304670BD04
:105A20002DE9F0414FF0000641B3A1F1080405460D
:105A30002079C00701D0EFF717F866682046EEF727
:105A4000B7F92079800711D527680FB9EFF70CF85F
:105A50003879C00701D1EFF707F839462846EEF745
:105A600016FA21463846EEF7F3F804462846214652
:105A7000EEF7B8F901462846EEF708F93046BDE8DA
:105A8000F08170B50A46054604211046E8F75AF839
:105A9000044601462846EEF737F9014622462846D5
:105AA000BDE87040EEF7C9B92DE9F05F0C009046F3
:105AB00081464FF000053AD0B8F1000F33D0A4F181
:105AC00008052846EEF7ABF969688246406821F080
:105AD000030620F00300304400F1040B404604218B
:105AE000E8F730F8B045074600D92FB32879C0074A
:105AF00001D0EEF7B9FFB74221D99AF80400C007E8
:105B000001D05F451BD941464846FFF7BAFF050063
:105B10003BD04645404600D30646214632462846FD
:105B2000FBF7BAFE21464846FFF77AFF2DE0114603
:105B3000FFF7A7FF054628E00020BDE8F09FB74229
:105B400006D929464846EEF74DF92846EEF73DF9C5
:105B500028792E464D46C00701D0EEF785FF39461D
:105B60003046EEF789F878B139463046EEF7A0F9BD
:105B70000146406820F0020048602846EEF732F9FE
:105B800001462846EEF782F825462846D5E700006C
:105B90004FF4B47190FBF1F201FB1200002802DA1D
:105BA00000F5B47000B20E495A2802DA31F910003B
:105BB0007047A0F15A025A2A03D2C0F1B40000B2D1
:105BC000F4E7A0F1B4025A2A01D210B202E0C0F503
:105BD000B47000B231F81000404200B270470000CB
:105BE000407B04082DE9FF4F83B05FEA0009119F55
:105BF0006FD099F8000000286BD00498002879D065
:105C00001098800702D541F6FF700690424A0024A2
:105C10000094A3460194254626464FF0FF3852686B
:105C200069464846904782460098019058E03A4AB3
:105C300001A94846526890478346109806F101062C
:105C4000C00709D012985146E7F738FF20B1DDE9C7
:105C50000040DA46009043E004985A465146F9F76E
:105C600047FF00B229180DB2002802DD059828442C
:105C700005B2B8F1FF3F05D10598291A069881426F
:105C800000DDA0465046BAF10A0F1AD0BAF10D0F46
:105C900017D0014645F2A512A0F59C40904210D9BC
:105CA000002005E01DA2125C8A420AD0401CC0B24E
:105CB0001AA2125C002AF5D177B1B8F1FF3F0AD0E1
:105CC0000AE024B9B8F1FF3F01D107B13D60761E6B
:105CD0000AE01FE00EE03D60DA46DDE90041009198
:105CE00019F804000028A2D1B8F1FF3F05D013989D
:105CF00068B1404607B0BDE8F08F2EB1BAF10D0F84
:105D000003D1BBF10A0F00D1009C2046F2E70FB18E
:105D1000002038600020EDE71C030124202C2E3BDE
:105D20003A2D5F002DE9FF4F83B004464FF000008D
:105D300093460F00DDF848A0DDF840902080608099
:105D400049D0BBF1000F46D05FEA8A7002D541F618
:105D5000FF7011900025BBF80860A84625E078196F
:105D6000002100915946CDE901A0119B069AE7F761
:105D700025FE8044B4F9020006EB09028118B1F552
:105D8000004F28D230445A4648446080069BA8EB16
:105D900005010298CDF800A000F022F8B4F9001037
:105DA000814200DB084645462080785D0028D6D138
:105DB0005DB1781910F8010C0A2801D00D2804D122
:105DC000618806EB090008446080B4F9021029B12B
:105DD000A1EB0900608007B0BDE8F08F6680FAE7AC
:105DE0002DE9FF4707001E4690460D46DDF830902E
:105DF0000CD0B8F1000F09D03878002807D0002067
:105E0000009004468DF80800EDB923E0002004B0AE
:105E1000BDE8F08703AA6B4601A93846E7F7B6FD4F
:105E20005FEAC97004D0019902A8E7F747FE50B9AC
:105E3000039A40460199F9F75BFE00B2002802DDA3
:105E40002044304404B20098A842E3D3002C01DD82
:105E5000A01B04B22046DAE72DE9F0410024DFF868
:105E60002C800F460646254607E0D8F8001030196A
:105E7000884700B901206D1C0444BD4202D2305D48
:105E80000028F2D12046BDE8F08100001C03012467
:105E9000F8B50746074E00200D460446009004E082
:105EA0007268694638469047641C0098A842F7D348
:105EB0002046F8BD1C030124F8B50024074E054612
:105EC0002046009405E0726869462846904700988D
:105ED000641C285C0028F6D12046F8BD1C03012470
:105EE00078B504464FF00005009501B969460A6887
:105EF000A05C030601D405463AE006260223B6EB71
:105F0000501F09D1521C0A60C006A45C400D2AE053
:105F100004F03F031D182BE00E26B6EB101F05D131
:105F2000521C0A600007A55C000C12E01E26B6EBAE
:105F3000D00F1DD1521C0A604007A55CC00AB3EB0C
:105F4000951F13D1521C0A6005F03F06A55C00EBBB
:105F50000630B3EB951F09D1521C0A6005F03F05CE
:105F6000A45C00EB8510B3EB941FD1D0002078BD6A
:105F7000521C28460A6078BDF8B507460868002517
:105F80000E4E401E0C46086002E0042D13D220681D
:105F900031683844884718B9216861B1491E2160C9
:105FA0006D1C0028EDB2F0D020686946009038469C
:105FB00072689047F8BD0020F8BD00001C03012462
:105FC0000078010601D4012070470621B1EB501F73
:105FD00001D1022070470E21B1EB101F01D1032027
:105FE00070471E21B1EBD00F01D104207047002073
:105FF00070470000384A00201168890311D4BFF3AC
:106000004F8FBFF36F8F35490860BFF34F8FBFF3DA
:106010006F8F116841F400311160BFF34F8FBFF3F0
:106020006F8F1168C90322D42B4970310860BFF308
:106030004F8F081F43F6FF740068284D1035C0F3DA
:106040004E31C0F3C90304EA4116184646EA807788
:106050002F60401EFAD2491EF5D2BFF34F8F106851
:1060600040F480301060BFF34F8FBFF36F8FE0F7C5
:1060700001FBE4F7FFFAE3F7EBFCE3F779FBE3F767
:10608000B1FBE3F7EBFBECF7C5FC08F0E3F9E0F755
:10609000D7FA0446E0F7DAFA4440E0F7DDFA444084
:1060A000E0F7C8FA4FF0E0210D4A896944400D48F5
:1060B00052684C405440444000D10124E0F7BAFA01
:1060C0004FF47A712246A0FB0101EAF799F8E3F751
:1060D000FFFB02F073F8FEE714ED00E050EF00E084
:1060E000001000E026207EA3842801464FF0000027
:1060F00000D0C81C704700002DE9FF4F8BB0CC8842
:106100004F8806468A881D46DDE919BA0B885FEA82
:106110000A00A4EB0700A2EB030100F101000FFA53
:1061200080F8584601F101010FB205D0FD286ED963
:106130000020A7F1040B33E1FD2813D37F000024D6
:106140000BE03A4629463046FBF7A6FB0D98641C47
:1061500006EB4006189805EB40054445F1DB0FB00F
:10616000BDE8F08F002021E0002415E006EB440A92
:106170005A4605EB4401BAF80000ADF8180008884B
:10618000ADF81400DDE90501F8F766F80590641C28
:10619000BDF81410AAF80010BC42E7DB0D9806EB1E
:1061A0004006189805EB400509F10100404581467D
:1061B000DADBD4E70024D1461CE000BF99F80020C8
:1061C000AAB1FF2A1CD006EB4400069005EB44015F
:1061D0000088ADF824000888ADF82000DDE908014A
:1061E000F8F73AF807900698BDF81C100180641C77
:1061F00009F10109BC427EDA5FEA8970DED17AE0FA
:1062000005EB440006EB440100880880EFE7D3E08B
:10621000D9F80000F0B3401C72D099F80020AAB160
:10622000FF2A79D006EB4400099005EB4401008871
:10623000ADF820000888ADF81C00DDE90701F8F78B
:106240000BF806900998BDF81810018009F10100BB
:10625000059099F80120AAB1FF2A64D006EB44000A
:10626000099005EB44014088ADF81C004888ADF862
:106270002000DDE90710F7F7EFFF06900998BDF859
:10628000181041800598401C05900278BAB1FF2A89
:1062900050D000E02CE006EB4400089005EB4401F0
:1062A0008088ADF824008888ADF81C00099907980B
:1062B000F7F7D2FF06900898BDF81810818005986E
:1062C0004278AAB1FF2A3CD006EB4400089005EBC7
:1062D0004401C088ADF81C00C888ADF81800DDE99D
:1062E0000601F7F7B9FF0590BDF814100898C180B2
:1062F000241D09F104095C458ADB45E000E00BE060
:1063000005EB440106EB44000A8802804A8842807B
:106310008A888280C988EAE705EB440006EB4401DD
:106320000088088092E705EB440006EB44014088B2
:106330004880A7E705EB440006EB4401808888808D
:10634000BDE705EB440006EB4401C088C880CFE7F9
:1063500099F80020AAB1FF2A27D006EB4400099043
:1063600005EB44010088ADF820000888ADF81C005A
:10637000DDE90701F7F770FF06900998BDF81810DE
:106380000180641C09F10109BC42E1DB0D981B99F5
:1063900006EB400618988A4405EB40050198401C1E
:1063A00001904045FFF606AFD9E605EB440006EB49
:1063B000440100880880E4E700202CE000241EE06F
:1063C0001AF80400D0B1FD2801D35A4602E000FBC0
:1063D0000BF0020A06EB4400039005EB4401008831
:1063E000ADF818000888ADF81400DDE90501F7F7ED
:1063F00033FF05900398BDF814100180641CBC4263
:10640000DEDB0D9806EB4006189805EB40051B985F
:10641000824409F1010040458146CFDB9FE6000040
:106420002DE9FF4F85B09A460C46DDF850B0E7F7EE
:1064300071FA0390BBF1000FA1882288E388A1EBD9
:106440000200658800F10100A3EB050101F10101E3
:1064500006B20FFA81F801D000204BE000271DE0C2
:10646000002515E0139802900AEB4500079A008872
:10647000ADF804006088384400B200900398218889
:10648000294400680BB20599D0F81CC0E0476D1C88
:10649000B542E7DB12997F1C0AEB410A4745DFDB77
:1064A00009B0BDE8F08F00251BE000BF1BF8050018
:1064B000B0B113994843000A02900AEB4500079ACD
:1064C0000088ADF80400618801EB090000B200907B
:1064D00003982188294400680BB20599C769B84719
:1064E0006D1CB542E2DB159909F101008B4412994C
:1064F0000AEB410A81464045D5DBD1E770B58028DB
:1065000015460E46044605D2E117002004EB9171B2
:10651000891006E008F0B2FB411FCC40801F84F0D8
:1065200020013060296070BD012803D0022803D00B
:1065300002A0704703A0704703A07047E69CAAE73B
:106540009FA500004D495400504F53002DE9F04FD6
:1065500005009146CDB09A460CD095F8050248B199
:10656000589838B15FF00006D5F8FC815FEAC87032
:1065700045D103E001204DB0BDE8F08F4FF4987194
:106580006846DAF7AFFB95F8F8210024CDE9489A80
:106590008DF81821EB46D5F800024A9004EBC400B0
:1065A00004EB840105EBC0070BEBC1003946282240
:1065B000DAF73CFB97F83D00B8B1D7E90601B9EB33
:1065C00000037AEB010210D3B9EB0000DDE956C3FA
:1065D0006AEB0102BCEB0000934106D301209DF859
:1065E0002C11A04001438DF82C11641CE4B2072C3F
:1065F000D4D3D5F8FC01804501D1C00705D0761C65
:10660000F6B2032EB0D30720B5E758984FF498722E
:106610006946DAF70BFB0020ADE70000FEB5040089
:106620000D4625D025B34FF40271DAF75BFB6946BE
:106630002846ECF719FAE8B15FF00000431C00EBC4
:10664000C001C0EB001204EBC10105EB820281F82E
:106650003C00D8B2D68807288E861289CA86EDD328
:10666000002184F8F811012084F805020846FEBDD7
:106670000120FEBD0220FEBD2DE9F84304001D46A9
:1066800090460F461BD094F80502C0B1BDB12868F2
:10669000E5F7F8FEB0B16868E5F7F4FE90B1A868D8
:1066A000E5F7F0FE70B1E868E5F7ECFE50B1286957
:1066B000E5F7E8FE30B101266946002004E001203C
:1066C000BDE8F8830520FBE700EBC00304EBC30241
:1066D000D28EBA420BD108709DF8000000EBC000CA
:1066E00004EBC007B98E414507D00420E8E7401C01
:1066F000C0B20728E8D30320E2E797F83D0040B195
:10670000D7E90630D5E90612591A904101D306207F
:10671000D6E7D4F8FC01401CC4F8FC0104F5FC7475
:10672000294628223846DAF781FA87F83D60304654
:106730009DF80020217B9640314321732070A06892
:10674000401CA0606068401C60600020B8E700004A
:1067500070B5040015460E4609D094F8850130B195
:106760002DB194F87001012803D0052070BD0420DC
:1067700070BD204600F08BF894F88311244B82887A
:10678000B242595C06D12A894088824202D1A87A55
:10679000884201D0062070BD2946204600F008F945
:1067A0000028F8D194F88301002584F88451401C16
:1067B00084F88301C0B20C2825D394F8820100EB41
:1067C000800202EBC00204EB8202928EA2F570619D
:1067D000FF3906D1012194F8802181400A4384F8D1
:1067E000802194F8820184F88351401C84F882014E
:1067F000204600F0CBF894F88201072803D302204A
:1068000084F8700101E084F87051002070BD000030
:106810003C0903082DE9F04104000E4605D094F828
:10682000850110B10EB1300602D50420BDE8F0811B
:1068300000254FF0010800BF08FA05F0C7B23E423C
:106840000ED005EB850000EBC500342104EB800081
:10685000001DDAF747FA94F88001B84384F8800104
:106860006D1CEDB2072DE7D384F88161002084F818
:106870008201054684F8830184F88401C4E95E003E
:10688000204600F083F8002084F87051CEE790F89D
:10689000821104220068C1EB011102EB810108445E
:1068A00070473EB504000D4615D0A5B14FF4C47134
:1068B000DAF718FA69462846ECF7D6F868B1256089
:1068C0007F22002184F88121012084F8701184F84E
:1068D000850108463EBD04203EBD032084F87001BA
:1068E00007203EBD2DE9F041040016461D46069FD7
:1068F0000ED094F8850158B157B194F87001022870
:1069000009D0032809D001284FF0030807D01DE063
:106910000420BDE8F0810320FBE70520F9E7D4E976
:106920005E01321A75EB01020AD3331A44F6206273
:1069300065EB0100991A70F1000001D20220E8E72E
:1069400094F88401042801D309200CE02046FFF7C5
:106950009EFF94F883110C4A8078515C3A4606F009
:1069600005FE18B10A2084F87081D2E794F88401FA
:10697000012184F87011C4F87861401C84F8840106
:106980000846C4F87C51C4E73C090308012210B54D
:1069900002E0491C80F8821190F88211072905D283
:1069A00090F8813102FA01F42342F2D010BD0000C8
:1069B0002DE9F0410C460646FFF769FF014696F8BF
:1069C000820196F883210123032700EB800505EB64
:1069D000C0055348934006EB85052D1D805C1FFACA
:1069E00083F80D2851D009DCA0F1040007281DD23E
:1069F000DFE800F011213241541C5B0016286BD0F7
:106A000004DC0E2844D0152810D156E0172873D086
:106A100024280BD13FE06068E5F73BFD30B194EDF1
:106A2000010AB5EEC00AF1EE10FA01D8082028E0FC
:106A300085ED030A6EE06068E5F72BFD0028F5D0D0
:106A400094ED010AB5EEC00AF1EE10FAEED0B0EE08
:106A5000C00A85ED040A5DE06068E5F71AFD0028CC
:106A6000E4D094ED010AB5EEC00AF1EE10FADDD9DA
:106A700085ED050A4EE02068A8618988206811E04C
:106A8000072086F87071BDE8F0812068686241E0F7
:106A90002068A8623EE02068E8623BE02068E86188
:106AA000498820688842EBD134E020682862206859
:106AB00001282FD00228B9D12CE06068E5F7E9FC65
:106AC0000028B3D094ED010AB5EEC00AF1EE10FA39
:106AD000ACD985ED000A1DE06068E5F7DAFC002816
:106AE000A4D094ED010AB5EEC00AF1EE10FA9DD9DA
:106AF00085ED010A0EE0FFE76068E5F7CAFC0028B3
:106B000094D094ED010AB5EEC00AF1EE10FA8DD9D9
:106B100085ED020A288E40EA080028860020B2E7A8
:106B20003C090308FEB5040016461F4641D094F800
:106B3000BF03E8B394F8A80301283ED002283CD054
:106B400003283AD000250096012002220021CDE939
:106B5000017004F5707000F0FCFE02222046002156
:106B6000CDE9006700F016FF94F8BE13002079B15C
:106B70000021022384F8803384F8910384F892037F
:106B800084F8930384F8940384F8BE03C4E9E21103
:106B900065B184F8A803002184F8BA0384F8BB0324
:106BA00084F8BC0384F8BD03C4E9EC110020FEBDE9
:106BB00001E00420FBE70520F9E70125C3E7000019
:106BC000F0B516460A8893B00D4601681F46044684
:106BD0006B4600204FF0080CC0EB001E0CEB8E0E35
:106BE00031F80EE0964512D118700CAA9DF80000FD
:106BF00000EB800101EBC00004EB8001284601F5A9
:106C0000057106F0E9FA04280ED090BB13E0401C91
:106C1000C0B20728E0D300BFD4F8A403401CC4F8D6
:106C2000A403092013B0F0BDD4F8A403401CC4F899
:106C3000A4030820F6E7282102A8DAF753F89DED0F
:106C40000C0A8DED020A9DED0D0A8DED030A9DEDF6
:106C50000E0A8DED040A9DED0F0A8DED050A9DEDDE
:106C6000100A8DED060A9DF84500082802D301465A
:106C700001E014E0002107AA02AB82E8C2008DF80F
:106C8000280004F1080029889DF84420FFF7F4FC4F
:106C90000428C1D00328BFD0062807D068B1D4F893
:106CA000A403401CC4F8A4030720BBE7D4F8A40342
:106CB000401CC4F8A4030A20B4E79DF84500082846
:106CC00003D39DF80010062004E09DF80010012871
:106CD0000DD0022001EBC10104EBC10181F842009B
:106CE000D4F8A003401CC4F8A00300209AE70320B6
:106CF000F0E72DE9FE4F050016460C461F4624D04E
:106D00001CB395F8BF0318B305F5A46003C8084386
:106D100025D095F83415072921D2A07804281ED350
:106D200008281CD801EBC100E17805EBC000808F7A
:106D3000C2B2914213D12179B1EB102F0FD16079FA
:106D4000332807D0552805D009E00420BDE8FE8F80
:106D50000520FBE7A07950281DD051281BD005F550
:106D600070703246834600F0E5FC0DF108094FF0E3
:106D700000080123214602225846CDE9008900F08F
:106D800001FD4FF0010A40B395F8A81395F8BB0335
:106D9000032906D021E032462146284600F052F968
:106DA000D4E7072819D2A178082916D1C0EB001022
:106DB00029680822238802EB80028A5A9A420CD161
:106DC0000622E37802EB8000085C984205D16079E6
:106DD000332802D1A0790A281BD001232146CDE90E
:106DE00000891A46584600F0CDFC10B1607955284C
:106DF0001BD04046C846CDE90009012321460022A8
:106E0000584600F0BFFC08B395F88003012815D060
:106E10001CE09DF80810584601F00BF8002895D0AA
:106E20002146284600F04AF890E79DF80810584699
:106E300000F0FFFF002889D0002087E7A07808280D
:106E400004D16079332816D0552814D032463B46F9
:106E5000284600F0FFFED0B10023214605F58C60E6
:106E60001A46CDE900A8814600F08CFC78B19DF867
:106E70000810484617E09DF80810584600F0D9FF62
:106E800000288DD02146284600F07EF85EE70023DA
:106E90002146CDE900A81A46584600F073FC28B1F7
:106EA0009DF80810584600F0C4FFC5E732463B463F
:106EB00021462846FFF784FE48E70000FEB5044659
:106EC000B0F8B8030F4694F8BB5340B10226072D23
:106ED00020D26946384606F0DAF9D8B901E0012631
:106EE000F5E7C5EB0510216808223B8802EB80021C
:106EF0008A5A9A420ED10623BDF8082003EB80007F
:106F0000085A904206D19DF80A000A2802D100983A
:106F1000B04204D0052084F8A8030C20FEBD05EB88
:106F20008500184A00EBC50004EB8000B0F844125D
:106F3000C0F8346241F00401A0F84412B2EB015FE2
:106F400006D1012094F89013A840014384F89013CF
:106F500094F8BB03401C84F8BB03204600F097FF65
:106F600094F8BB13002084F8BC03072901D3042044
:106F700000E0022084F8A803042801D00020FEBD10
:106F80000B20FEBD0000F0FF2DE9FE4390F8926358
:106F900088460446072E07D3D4F89C03401CC4F847
:106FA0009C030620BDE8FE8306EBC600694604EBA1
:106FB000C0054046083506F06AF930B1D4F89C03A4
:106FC000401CC4F89C030720ECE7012785F83A70C1
:106FD000B8F8001004F504706A46FFF7B9FB4FF0EB
:106FE000000168B194F88023032A01D184F8BE130C
:106FF000D4F89C13491CC4F89C1300F097FCD1E70B
:1070000006EB860202EBC603022004EB8303B3F80F
:1070100044322B879BB285F83B00A3F57062FF3AA0
:1070200003D185F8407085F83A00D4F8980394F8B5
:107030008023401CC4F89803022A01D184F8BE13AF
:107040000020AFE7F0B590F8345500F5A064072DA7
:1070500001D30420F0BD05EBC50694F8375000EBD2
:10706000C60008304DB38D78082D26D14D79332DCB
:1070700023D10D88C68EB5421FD1808ECD78C6B281
:10708000B5421AD10D79B5EB102F16D194F83660B0
:107090008D7906F1500085420FD1D4E90605171A03
:1070A00073EB050709D31E4FB2EB000C63EB050031
:1070B000BCEB070570F1000006D3E06A411C01D06B
:1070C000401CE0620A20F0BD8D7AD1F8070065F31C
:1070D0001F606FEAD05111F0FF0F1AD044F826005C
:1070E00094F8360004EBC000C0E9022394F836207F
:1070F000012094F838109040014384F838100022A1
:1071000084F83720206B411C01D0401C20630020F4
:10711000F0BDE06A411C01D0401CE0620820F0BDD7
:10712000A086010070B5044690F8A80015460E46EA
:107130000E2809D200EB40002946FD2204EB800313
:10714000304606F0DDF908B1072070BD94F8A800BC
:10715000401C84F8A800002070BD7F22AFF300809F
:10716000FEB5040015460CD094F8BF0320B129B138
:10717000B1F5807F05D101E00520FEBD0DB12806E7
:1071800001D50420FEBD002740F6FB7C01263846D1
:1071900006FA00F3DBB21A420CD000EB800303EBDB
:1071A000C00304EB8303B3F844323CEA030301D089
:1071B0000620FEBD401CC0B20728E9D394F8A803FE
:1071C00028B1042803D0052801D00220FEBDA4F870
:1071D000B813204684F8BA5384F8BB7300F057FE06
:1071E000002084F8BC7384F8A86302220121C4E95A
:1071F000EC00CDE9000004F57070029700F0A9FBE7
:10720000002084F8BD6300BF06FA00F1C9B20D4248
:1072100010D000EB800202EBC00204EB8202B2F855
:10722000443223F00403A2F8443294F890238A43B2
:1072300084F89023401CC0B20728E5D30020FEBD8F
:107240002DE9F04704000E4602D00EB1300602D5FB
:107250000420BDE8F08794F8BF0330B104F5047052
:10726000FFF7D8FA18B10620F3E70520F1E74FF051
:10727000000804F57075C14647460DE0E81990F81E
:107280009000404506D3484504D83946284600F0CA
:10729000D0FD01E07F1CFFB21DB195F89900B84206
:1072A000ECD8012284F8BE230023194602FA01F02B
:1072B000C0B206420FD001EBC10004EBC00080F861
:1072C0004220A0F8403080F8433080F8483080F801
:1072D000463080F84730491CC9B20729E6D3002060
:1072E000B7E700002DE9F04F05001F4695B0914625
:1072F0000E4609D0B9F1000F06D02FB11E9818B173
:10730000B6F5807F04D01EB1042015B0BDE8F08F23
:1073100095F8BF0390B354216846D9F7E3FC0024E5
:107320004FF0040B4FEA0D0A2968C4EB0412B6F5BE
:10733000807F0BEB8200084423D004EB8401837828
:1073400001EBC40107EB840C09EB840804EB440255
:10735000D0ED071A90ED061A05EB8101DCED000A6D
:1073600098ED000A9FED162A0AEB820201F50571DD
:10737000D8B205F0F7FFB8B10720C6E7FFE7052050
:10738000C3E707EB8401827804EB440391ED000A24
:1073900009EB8401D0B2F0EEC00A91ED000A0AEBCD
:1073A000830106F01BF9E6E7641CE4B2072CBBD3AB
:1073B0001E9854226946D9F7F4FB0020A5E7000087
:1073C000000000000A467F21AFF300802DE9F04F56
:1073D0005FEA02080E46ABB00546104602D0AA216D
:1073E000D9F75EFC2DB1B8F1000F02D00EB1300616
:1073F00003D504202BB0BDE8F08F95F8BF0370B320
:10740000AC216846D9F76EFC00244FF0060A4FF411
:10741000807B4FF0010900BFC4EB04132A6809FA0E
:1074200004F00AEB83013042515CCFB224D004EB6C
:10743000840000EBC40005EB800090F84412D0F803
:107440003402C1F3800119B101280BD0022811D0F8
:10745000002239466846FFF765FE48B90AE0FFE7B3
:107460000520C7E7002239466846FFF75BFE18B1E2
:107470000720BFE75A46F6E7641CE4B2072CCBD3DB
:10748000AA2269464046D9F78CFB0020B2E70000EB
:107490002DE9F04F9A4693460E4605462DED048B96
:1074A000ABB0B0EE419AB0EE608A389FF0EE408A01
:1074B0001FB1AA213846D9F7F3FB4DB1BBF1000F3C
:1074C00006D0BAF1000F03D017B10EB1300605D5C2
:1074D00004202BB0BDEC048BBDE8F08F95F8BF0302
:1074E000F0B318EE900AE4F7DBFFD0B318EE100A01
:1074F000E4F7D6FFA8B319EE100AE4F7D1FF80B382
:10750000F5EEC08AF1EE10FA54D918EE900A32491D
:1075100088424FDCB5EEC08AF1EE10FA4AD918EE77
:10752000100A2E49884245DCAC216846D9F7DAFBBF
:1075300000244FF0010900BF09FA04F0C0B206426E
:107540003FD004EB840195F8902301EBC401024283
:1075500005EB810101F5057107D0088E204A01E095
:1075600005E027E0B2EB005F03D00820B1E705207B
:10757000AFE7C4EB041C9DF8A80006222B6802EBC1
:107580008C0C0BEB840200EB400092ED000A13F828
:107590000C300AEB84086A4602EB8002D8ED000A40
:1075A000B0EE492AF0EE481AB0EE681AD8B205F0EB
:1075B000D9FE08B107208CE79DF8A800401C8DF883
:1075C000A800641CE4B2072CB6D3AA226946384648
:1075D000D9F7E7FA00207CE70000FA430000A0405A
:1075E0000000F0FF2DE9F05F07001E4692468B4633
:1075F0000A9D03D015B10EB1300602D50420BDE8B6
:10760000F09F97F8BF0310B3AA212846D9F748FB8B
:1076100000244FF001084FF0060900BF08FA04F0FB
:1076200030421BD095F8A8000E280ED2C4EB0413EC
:107630003A6809EB830100EB4003505C05EB8303E0
:107640005246594605F05CFF18B10720D7E70520E0
:10765000D5E795F8A800401C85F8A800641CE4B2A2
:10766000072CDBD30020CAE72DE9F04FADB09846D8
:1076700091460D460646369F1FB1AA213846D9F7D6
:107680000FFB4EB1B9F1000F06D0B8F1000F03D0D7
:1076900017B10DB1280603D504202DB0BDE8F08F39
:1076A00096F8BF0390B3AC216846D9F71BFB0024C2
:1076B0004FF0010A0AFA04F028422FD008EB8400A8
:1076C0002B9009EB840B2146D0ED000A00223046B6
:1076D0009BED000A00F037FC0028DED1C4EB04105B
:1076E000316806239DF8A82003EB80032B989BEDBF
:1076F000000AD0ED000AC85C02EB42016A4602EBC8
:10770000810105F06BFF20B10720C6E7FFE70520E8
:10771000C3E79DF8A800401C8DF8A800641CE4B2E3
:10772000072CC7D3AA2269463846D9F73AFA00206F
:10773000B3E700002DE9F041002617461D46044638
:1077400018E000BF04EB0611D1E900013A1A75EB0D
:1077500001020DD33B1A44F6206265EB0100991A31
:1077600070F1000004D33146204600F062FB01E0D6
:10777000761CF6B2002C03D094F89900B042E1D800
:10778000BDE8F0812DE9F0439146DDE90775B0B31E
:10779000A9B3A5B390F89960002233E023B184180F
:1077A00094F890C0CC452BD100EB021494F80FC094
:1077B000BC4525D194F80EC0BCF1000F20D091F843
:1077C00002C0BCF1080F1BD1B1F800C0B4F80880AA
:1077D000C44515D191F803C094F80B80C4450FD16E
:1077E00091F805C094F80C80C44509D191F806C001
:1077F000647BA44504D101202A70BDE8F08303E036
:10780000521CD2B29642C9D80020F6E770B5154690
:1078100010B10DB1072901D3042070BD00222A60E8
:107820006A60AA60EA6090F8BF23B2B301EB8104FA
:1078300090F89023012304EBC1048B4000EB8404F7
:10784000D9B20A4204F5057425D0208E1C49B1EB4B
:10785000005F20D12068E4F723FEE0B16068E4F720
:107860001FFEC0B16069E4F71BFEA0B194ED000AF1
:10787000B5EEC00AF1EE10FA0DD9D4ED010AF5EE1D
:10788000C00AF1EE10FA06D9D4ED050AF5EEC00AE9
:10789000F1EE10FA04D8082070BDFFE70520FBE7E1
:1078A00085ED000A94ED010A85ED010AD4ED050A83
:1078B000C5ED020AE4F7C8FE002085ED030AEBE7F8
:1078C0000000F0FFFEB508AE96E8320050B14DB1B1
:1078D00090F8BF6346B18DE832000830FEF736FEFF
:1078E000002800D00420FEBD0520FEBD70B50400B8
:1078F0000D460BD055B14FF4A861D9F7F3F904F157
:1079000008002946FEF78AFE40B901E0042070BD58
:1079100004F504702946FEF7C4FF08B1062070BDC7
:107920000120256084F8BF03002070BD05280ED219
:10793000DFE800F0030507090B0000207047012075
:1079400070470220704703207047042070470620CC
:107950007047F0B50028DDE90574DDF81CC017D0CC
:107960000023012610E0C51895F890508D4209D3E8
:10797000954207D800EB0315BCF1000FEE7301D060
:10798000C5E900745B1CDBB290F899509D42EAD8BF
:10799000F0BD00002DE9F0470446914600F57070F7
:1079A0008846DDE908670025824632463B46FFF7F8
:1079B000C1FE04F58C6032463B46FFF7BBFE94F8EF
:1079C0005924002010E000BF04EB0011261891F8A4
:1079D000CF3396F850142BB1414503D3494501D814
:1079E0006D1CEDB2401CC0B28242EDD894F8F9048F
:1079F0002844C0B2092802D90020BDE8F08700253C
:107A000026E0601904EB051190F8500491F8CF239B
:107A1000E2B140451AD3484518D801F5707191E894
:107A2000CC0094F8F91404EB011C0CF58C6C214487
:107A30008CE8CC0081F8F004294694F8F904401C45
:107A400084F8F904504600F0F4F901E06D1CEDB241
:107A500094F85904A842D4D80120CEE72DE9FC5F60
:107A6000040016461D46DDF830B020D05FEA0B005A
:107A70001DD094F8A80304281CD005281CD094F825
:107A8000BD034FF0000950B1022220460121CDE98B
:107A90000065FFF77FFF002878D084F8BD930527A5
:107AA00094F8A8034FF00208032807D01FE0042031
:107AB000BDE8FC9F0B20FBE70C20F9E7D4E9EC01C3
:107AC000321A75EB010208D3331A44F6206265EBD3
:107AD0000100991A70F1000058D394F8BC03401CBF
:107AE000C0B284F8BC03042863D284F8A88394F855
:107AF000BB03072803D3042084F8A803DAE7C0EB0C
:107B0000001322684FF0060C82460CEB830094F8B9
:107B1000A8130129105C02D002292AD036E0B4F85B
:107B2000B81329B102215A4605F0E7FB80BB01E0FA
:107B30000121F8E7CDE900655A465146204600F09C
:107B4000ACF818BB94F8BB03401C84F8BB03204678
:107B500000F09DF994F8BB03072806D3204684F86B
:107B6000BB9300F094F984F8A88301215B46524648
:107B700017E00A215A4605F0F9FC48B9CDE900653D
:107B80005A465146204600F088F810B102208FE78F
:107B90000FE0032084F8A80302215B46C4E9EC65EA
:107BA00052462046CDE9006500F0CBF808B101202F
:107BB0007EE784F8A8737FE72DE9FC4704001546AB
:107BC0001E46DDF828900FD05FEA09000CD094F82B
:107BD000BF0358B194F8BE0350B1204600F03AF804
:107BE00030B10220BDE8FC870420FBE70520F9E75F
:107BF00094F8928304F504702A463346CDF8009039
:107C0000FEF770FE01284FF0000A07460CD1B8F1CC
:107C1000070F404608D200214B46CDE900560246E8
:107C2000204600F08EF830B194F88003022809D085
:107C3000032807D008E0032184F88013062084F885
:107C4000BEA3CFE784F8BEA33846BDE8FC47FFF7E4
:107C50006DBE000070B515461E46044600F58C60EA
:107C6000FFF768FD04F570702A463346FFF762FDA2
:107C700094F8F90448B994F85914002009E000BFB9
:107C800004EB001292F8CF230AB1012070BD401C12
:107C9000C0B28142F4D8002070BD2DE9FC5F00F530
:107CA00070770D4600F58C611646DDE90C89CDE94B
:107CB0000017044642464B460846FFF73BFD424646
:107CC0004B463846FFF736FD00232068C5EB05110B
:107CD00096F805B0082296F806A002EB810196F806
:107CE00003906C46475A002154F8232092F899607B
:107CF0001FE002EB011090F80FC0BCF1000F16D08E
:107D0000B0F808C0BC4512D190F80AC0AC450ED1FD
:107D100090F80B80C8450AD190F80C80D84506D160
:107D200090F80DC0D44502D10120BDE8FC9F491C4C
:107D3000C9B28E42DDD85B1CDBB2022BD3D300204C
:107D4000F3E72DE9FC5F00F570741F4600269246AC
:107D5000DDE90C598B4680462A4620464B46FFF704
:107D6000E9FCCAEB0A1329460820354600EB830CD0
:107D7000787901904A46334660F30705D8F8000049
:107D800030F80C80002094F899C0C14668F30F06C3
:107D900097F80680CDF8008097F803E06AF317465D
:107DA00068F30F254FF0010868F317456EF31F665F
:107DB00063F31F6523E0231893F8908004EB00130E
:107DC000D8451AD1B3F80880C84516D193F80A806F
:107DD000D04512D193F80B80F0450ED193F80C806A
:107DE000019FB84509D15F7B009B9F4205D104EB01
:107DF0000010C56080E8460019E0401CC0B2844510
:107E0000D9D8BCF1090F02D30020BDE8FC9F04EBD8
:107E10000C10C56080E8460094F8992004F19000A9
:107E200002F800B094F89900401C84F899000120F1
:107E3000EBE7F0B518B190F899208A420FD80020EE
:107E4000F0BD00EB011404F110054318E2CD02C4AB
:107E5000D1B284E8E00093F8912083F890204A1C86
:107E600090F89930D4B29C42EBD3DAB2521ED2B21F
:107E700000F1900300EB021400F8992F002121601B
:107E80006160A160E1600078C1540120F0BD012271
:107E900010B502E0491C80F8BB1390F8BB1307290A
:107EA00005D290F8BA3302FA01F42342F2D010BDA1
:107EB0002DE9F05F5FEA00089A4615460F46DDE9B6
:107EC0000AB60AD04FB1BAF1000F06D05FEA0B0034
:107ED00003D016B10DB1280602D50420BDE8F09FED
:107EE00098F8BF03B8B100244FF0010909FA04F073
:107EF000C0B2054221D097F82C11014202D10A20CC
:107F00003470EBE704EB840007EBC000406920B15C
:107F10000F203470E2E70520E0E70BEB84010AEB69
:107F20008400D1ED000A90ED000A0122214640466E
:107F300000F009F808B13470D0E7641CE4B2072CF3
:107F4000D4D30020CAE710B514462DED028B84B0BF
:107F5000B0EE608AF0EE408A6A46FFF757FC0028D0
:107F60000ED118EE900AE4F79BFA40B1DDED000A5D
:107F7000B0EEE80AB4EEE00AF1EE10FA04DD0D20EE
:107F800004B0BDEC028B10BD18EE100AE4F788FABD
:107F900090B12CB1B5EEC08AF1EE10FA0CD904E024
:107FA000B5EEC08AF1EE10FA06D39DED030AB4EEE9
:107FB000C80AF1EE10FA01D20E20E1E70020DFE757
:107FC00090F88E36002903DA4BB1A3F1010304E0E7
:107FD00005DD03F10103934201D280F88E3690F85B
:107FE0008E1690F88D26914201D280F88D1690F869
:107FF0008D26521D914202D3091F80F88D167047BD
:1080000070B590F8086600F24C6390F88E5600F256
:108010005D6442180129F55490F8085690F88D36A1
:108020002B5580F8081692F84C1680F88E1692F8A8
:108030005D2680F88D260FD190F88C1680F88E166C
:10804000914201D280F88D1690F88D26521D9142F2
:1080500002D3091F80F88D1670BD002902D0006878
:10806000091D42507047002901D0006842507047F6
:1080700090F8081680F849161021FFF7C1BF0000DC
:108080002DE9F041002204462121F7F733FC0028B6
:108090007ED0608C40F48050608401E0FFF7F0FFF8
:1080A00000212046FAF71CFB0028F7D12046FAF7FA
:1080B000E3FB06460020F8F7BDFC002705461CE060
:1080C000A86AA04202D0E86AA04203D1214628460D
:1080D000F8F738FD686BA04200D16F63686DB0425D
:1080E00007D1F8F7B1FCA04203D121462846F8F7A2
:1080F00029FD2846F8F79EFC0546002DE0D12046D4
:10810000E5F70FFA606804260028204602D0FAF747
:10811000BEFB2BE0FAF782FB05460020EA68696A9D
:1081200005E000BF52F82030A3420AD0401C814233
:10813000F8D806E0E96806EB80028A5841F820206A
:10814000401C696A491E8142F4D8686A401E686210
:10815000EA6881001046F9F783FBE8601CE00968D3
:1081600006EB80028A5841F82020401C616889682B
:108170004A68521E8242F2D8606880684068401E99
:1081800048606268810090680068F9F769FB00E068
:1081900007E06168896808602046BDE8F041F9F7AA
:1081A0003BBBBDE8F0810022C9B2FCF76CBC10B546
:1081B00000B9012007F0A6FB002010BD10B507F0A4
:1081C00067FC002010BD7FB50D4641690446B0F93B
:1081D000080081B1A16971B1FDF786FFD4E90512EC
:1081E0002B468DE807002269D4E9001007F031FE24
:1081F000039004B070BDFDF777FF03A92B46CDE9CE
:108200000001228AD4E9001092B207F0F5FD01289E
:1082100001D00020EDE70398EBE710B592B00C46D3
:108220000A4601466846EDF72BFC9DED010AF1F781
:10823000C3FE002843D09DED020AF1F7BDFEF0B366
:108240009DED030AF1F7B8FEC8B39DED040AF1F7FE
:10825000B3FEA0B39DED010ADDED020AB4EEE00A23
:10826000F1EE10FA6EDA9DED030AB5EEC00AF1EEFA
:1082700010FA67D99DED040AB5EEC00AF1EE10FAC6
:1082800060D9F4B39DF80100C8B19DED0D0AF1F776
:1082900093FEA0B19DED0E0AF1F78EFE78B19DED33
:1082A000090AF1F789FE50B19DED0A0AF1F784FE43
:1082B00028B19DED0B0AF1F77FFE00B100E03DE033
:1082C0009DED0C0AF1F778FEC0B39DED091AB5EEED
:1082D000C01AF1EE10FA35DDDDED0B0AF5EEC00A3D
:1082E000F1EE10FA2EDD9DED0D0AB4EEC10AF1EEAD
:1082F00010FA27DB9DED0A1AB4EEC10AF1EE10FA6E
:1083000000E01CE01ED89DED0E0AB4EEE00AF1EE8E
:1083100010FA17DBDDED0C0AB4EEE00AF1EE10FA0C
:1083200010D80F9864280DD3DDE90F10884209D3C7
:10833000B0F57A7F06D8012012B010BD02E09DF89A
:108340000000F9E70020F7E77FB5D1E92D45CDE939
:10835000022305A2CDE90054D1F8A430002100F099
:1083600087FA04B0042070BD6572726F7220256CAC
:10837000752062656E636820252E2A7320636F6402
:10838000653D2573206669656C643D2573000000BA
:108390002DE9FC4104460E4600201746019094F852
:1083A0001804022812D200EB400101EBC01004EBCC
:1083B00080051046D8F781FB01462A4601A80090A7
:1083C0004FF402733846EAF77DFE10B10520BDE890
:1083D000FC810198A5F8080285F80A6294F818044F
:1083E000401C84F818040020F1E770B5060015461B
:1083F0000C460CD05CB155B12068696800EB0102F5
:108400000BB1012100E000211144A02901D9002075
:1084100070BD8BB1202131542068401C2060D5E90B
:1084200000123044D8F7BDFB686800212268104470
:1084300020603154012070BD2068F0E770B5064619
:108440000D4610EE100A1A498AB01446884206D228
:1084500010EE100A1749884201DA9FED170A202111
:1084600016A2B7EEC00A02A88DED000BD8F70AF9E4
:10847000002801DB202802D300200AB070BD02A929
:1084800000E0401E50B10A1812F8012C302AF8D032
:108490000A1812F8012C2E2A00D1401E002209A32E
:1084A0000A54224630460091294600F023F9E4E7B9
:1084B0006F1203BA6F12033A00000000252E3366D4
:1084C00000000000257300000FB430B5ADF5017D4C
:1084D0000C4687AB054640F201216846869AD8F7DC
:1084E000B7F8002802DBB0F5007F05D905200DF5AF
:1084F000017D30BC5DF814FB6A4621462846FFF733
:1085000047FFF4E72DE9FF415FF000041D461646E2
:108510000F46804605EB840090ED000AB7EEC00AD6
:108520008DED020B8CB10AA032460AA339460090A9
:10853000404600F0DFF8002804D0641CE4B2072CA9
:10854000E8D3012004B0BDE8F08104A0ECE700000E
:108550002C0000002573252E33660000000000006B
:108560002DE9F04FADF5077D90460122044600202D
:108570001F460146CDF8140200EB800304EBC30351
:1085800003F58043D3F8643C1BB102FA00F3DBB27D
:108590001943401CC0B20728EED304F5804640F2D0
:1085A000012904A896F87C3DD6F8142FCDE90231B4
:1085B000CDE900283E4B85AA494600F09BF80028EB
:1085C0006CD00025002D05EB850004EBC00000F504
:1085D000804090F8700C65D036A1CDE9001036A32C
:1085E000494685AA04A800F085F8002856D06D1CDD
:1085F000EDB2072DE6D332A3CB4685AA494604A89F
:1086000000F078F8002849D0002544F6504A4FF091
:10861000FF3900BF05EB850104EBC10101EB0A0046
:10862000D0E9062C484652EA0C0113D0B8EB0201FF
:1086300077EB0C010ED3B8EB0200002367EB0C01C3
:108640004FF47A72D7F78CFF0022D0F1FF338A41C2
:1086500000D2484645B317A1CDE900101BA35946E7
:1086600085AA04A800F046F8002817D06D1CEDB2CA
:10867000072DCFD396F8C80B00F0D0F915A35946B3
:1086800085AA009004A800F035F8002806D090983C
:10869000022104AAFFF77CFE40B100200DF5077D02
:1086A000BDE8F08F05A198E704A1D5E70120F5E723
:1086B000807E04082C000000257325750000000052
:1086C000206167655F6D733D000000002573256CB8
:1086D000750000002061726D5F73746174653D25E3
:1086E000730000000BB1FFF7A9BE01A300F002B8B0
:1086F0003F0000000FB470B50D4611681446A94242
:108700000CD26E1A079A0844314608ABD7F7A0FF7F
:10871000002803DB21686A1A824203D8002070BC5B
:108720005DF814FB084420600120F8E72DE9F047CC
:108730000500904689460ED0B8F1000F0BD095F891
:108740001804022807D24046D8F7B7F9461C044659
:10875000B6F5807F02D90520BDE8F08795F81804AA
:10876000224600EB400101EBC010414605EB8007BB
:108770003846D8F716FA3A190A20385500215170B0
:10878000A7F8086287F80A9295F81804401C85F843
:1087900018040846E0E7000070B591F84C6186B017
:1087A000D1E92B54D1F8A430022E08D00094002136
:1087B000CDE9015208A200F05BF806B070BDD1E926
:1087C0002D610094CDE9036209A2CDE90151002198
:1087D00000F04EF8F1E700006572726F7220256CB0
:1087E0007520252E2A7320636F64653D2573000074
:1087F0006572726F7220256C7520252E2A732025D4
:108800002E2A7320636F64653D257300F0B515460D
:108810000E4607462DED028B81B0B0EE408A089CD3
:10882000009310A3FFF766FF002817D05CB101B0DA
:108830002A46B0EE480ABDEC028B31463846BDE808
:10884000F040FFF7FBBD01B02A4631463846BDEC8B
:10885000028B06A3BDE8F040FFF74CBF01B0BDECB2
:10886000028BF0BD2025733D000000003F0000009A
:108870000FB42DE9F04105000E4605D0089A1AB153
:1088800095F81804022804D30520BDE8F0015DF82E
:1088900014FB00EB400101EBC0104FF4807705EBB7
:1088A0008004394609AB2046D7F7D2FE00220028C3
:1088B00004DBFF2802D8411CB94201D92270E3E74A
:1088C00027180A2323547A70A4F8081284F80A623D
:1088D00095F81804401C85F818040020D5E700001E
:1088E0002DE9F04100241D4616460F46804607E05C
:1088F00034B10DA3324639464046FFF7FBFE80B146
:1089000005EB84003246394690ED000A4046FFF7F9
:1089100095FD30B1641CE4B2072CE9D30120BDE819
:10892000F0810020FBE700002C0000002DE9F04161
:10893000C4B00446002088461D461746429004F500
:10894000804001464A9E0023D0F8380C4FF47A72DA
:10895000D1F83C1CD7F704FECDE900504FF48075E8
:1089600022A3294642AA02A8FFF7C4FE00283AD053
:1089700044F6E0302946231842AA02A8FFF7B0FFC8
:1089800080B31EA3294642AA02A8FFF7B3FE48B34C
:1089900044F6FC302946231842AA02A8FFF7A0FF9C
:1089A00000B304F58044294616A342AA94F8480C63
:1089B000009002A8FFF79EFEA0B15EB194F8C80B2C
:1089C00003F0F6FA12A3294642AA009002A8FFF784
:1089D00091FE38B102AA39464046FFF7A7FE44B0DF
:1089E000BDE8F081FFE70520F9E70000257320745A
:1089F0005F6D733D256C7520713D00002071643DF5
:108A0000000000002076616C69643D2530327800FA
:108A10002073746174653D2573000000082815D229
:108A2000DFE800F00406080A0C0E101208A07047D8
:108A300009A070470BA070470DA070470FA07047AA
:108A400011A0704712A0704713A0704715A070477F
:108A5000424F4F540000000053454C465F5445536D
:108A600054000000554E414C49474E45440000001B
:108A700044495341424C454400000000454E4142A8
:108A80004C494E4700000000524541445900000047
:108A90004D4F56494E47000053544F5050494E4792
:108AA000000000004641554C540000002DE9F04103
:108AB000040016460F4654D0F7B3EEB300203870CA
:108AC000054630600FE0306808B1012300E0002364
:108AD000314604EBC5023846AC32FFF786FC00286D
:108AE0003DD06D1CEDB294F84C01A842EBD80025A6
:108AF0000CE000BF04EBC502314601233846BC320E
:108B0000FFF773FC00282AD06D1CEDB294F84D01DC
:108B1000A842EFD800251DE004EB05103146CC300B
:108B20000123804602463846FFF75FFC20B10E4A1B
:108B300000233146384600E013E0FFF756FC80B1D1
:108B40000023314608F108023846FFF74EFC40B1D9
:108B50006D1CEDB294F84E01A842DDD80120BDE8AD
:108B6000F0810020FBE70000D4060308002808D0AD
:108B700000F58040002190F84D2F80F84E2FC0F86E
:108B8000241F704740F21A41D8F78AB8082813D238
:108B9000DFE800F0120406080A0C0E1007A0704768
:108BA00009A070470EA0704712A0704715A070472B
:108BB00018A0704719A070471DA070476E6F745FB2
:108BC0007265616479000000706F736974696F6E1B
:108BD0005F6F75745F6F665F72616E67650000003E
:108BE00073706565645F6F75745F6F665F72616EE9
:108BF000676500006661756C745F70726573656EA1
:108C0000740000007374616C655F66656564626121
:108C1000636B000074696D656F75740066656564EB
:108C20006261636B5F74696D656F7574000000004D
:108C3000616374696F6E5F6661696C6564000000F2
:108C4000092816D2DFE800F0150507090B0D0F11F2
:108C5000130009A070470BA070470D4870470DA086
:108C600070470EA070470FA0704710A0704711A06A
:108C7000704712487047000076616C6964617465E2
:108C800000000000646973636F766572790000000C
:108C900078B10208636C656172000000656E616204
:108CA0006C6500006D6F74696F6E0000686F6C64B6
:108CB0000000000064697361626C650058BB0208C3
:108CC00070B500F58045084E5A40D5F8104FD5F8DC
:108CD000080F641CC5F8104F484004FB06F15040D3
:108CE000484000D1204670BDB979379E2DE9F0414A
:108CF0000F4604460846D7F7E0FE064610E02C2152
:108D00002046D7F780FE050011D0281BB04205D1C0
:108D1000324639462046D7F7F9FE60B125B16C1CC2
:108D200014B120780028EAD10020BDE8F081204667
:108D3000D7F7C3FEEAE70120F7E770B506460D4610
:108D4000084603F081FAD0B995F86A0006F5804428
:108D500038B994F8380F20B195F8640003280ED183
:108D600007E095F86400032803D0D4F8200F30B949
:108D700021E094F84F0F94F8501F884201D0002052
:108D800070BD44F60800294680223044D7F74EFFD4
:108D9000E86DC4F8200F95F86A0084F8290F286E52
:108DA000C4F8300F04F5726494F82F00401C84F866
:108DB0002F00012070BD29463046BDE8704002F00A
:108DC00023BF00002DE9F04389460646002188466E
:108DD00001EB011006EB401090F824420830B4B1CA
:108DE000D0E98254571B73EB04070CD3DFF82CC077
:108DF000551B63EB04040027BCEB0505A74102D219
:108E000080F81C8203E0D0F810524D4504D0491C74
:108E1000C9B22029DCD30020BDE8F083008793038A
:108E200010B5040008D0FFF7ADFE2046BDE81040A5
:108E3000002102A2FFF71CBD062010BD6572726FF3
:108E400072203020706172736520636F64653D6CC1
:108E5000696E655F746F6F5F6C6F6E670000000016
:108E60002DE9F04391F85160C5B091460C4680461B
:108E7000A6B3012E34D0032E34D0A5A5D4E90E32EA
:108E8000D4E910710020B7EB030C71EB020C0ED388
:108E9000F81A61EB020100234FF47A72D7F760FBF6
:108EA0000022D0F1FF338A4101D24FF0FF3094F815
:108EB00050100B2918D0092923D094F85720002AE4
:108EC00070D0012949D00A2947D08A1E072A7BD2AF
:108ED000DFE802F07476787A7A72B3008EA5CDE777
:108EE00090A5CBE791A5C9E708F58040002192A2A3
:108EF000D0F8183F5B1CC0F8183F4846FFF7B8FC95
:108F000011E04EB1022E11D000950021A36C99A260
:108F10004846FFF7ADFC06E094F856109DA2CDE957
:108F20000001A36CB4E000287DD0E8E0214668464B
:108F300001F0BCFF9DE80700C2F307233BB101AB82
:108F40000095D2B283E80700A36CA2A254E000957A
:108F5000AEA2CDE90101A36C76E0012909D0B9A741
:108F6000022E08D0002E1FD0CDE90075A36CB6A24A
:108F70008EE0BCA7F4E72146684601F097FF9DE824
:108F80000700C2F307233BB101AB0097D2B283E8DD
:108F90000700A36CB5A22FE00097C3A2CDE90101A1
:108FA000A36C51E05FE00FE094F85610CDA200975B
:108FB000CDE90101A36C47E0DAA20FE0DBA24BE0B0
:108FC000DCA249E0DDA20AE00729DEA206D00829DA
:108FD00033D0022940D003293ED000E08EB10020DA
:108FE00005293CD003293CD0D8A100BFCDE902100F
:108FF000CDE90025A36CD7A200214846FFF738FC35
:1090000091E794F8560094F8602094F85F3094F853
:109010005E60024094F85D100340064002960140F5
:10902000CDE9005100E066E0CDE90332D24A0021EB
:10903000A36C4846FFF71CFC75E756B1002100956C
:10904000CEA2CDE90101A36C00214846FFF710FC38
:1090500069E794F85610F2E794F85600C0E7D6A1F5
:10906000C4E730A1C2E74FF480774FF0000211B19E
:10907000062926D000E086B1022942D0032942D039
:10908000042942D0AFA000BFCDE90005A36CCCA25B
:1090900000214846FFF7ECFB45E74292CFA3A06CC6
:1090A00042AACDE9000502A83946FFF723FB30B3F9
:1090B00042AA234602A83946FFF712FCF8B102AAD9
:1090C00014E04392CDA3A16C43AACDE90015394623
:1090D000029003A8FFF70EFB88B194ED070A43AA9C
:1090E000394603A8FFF7AAF948B103AA4846002168
:1090F000FFF71CFB17E7012045B0BDE8F083002017
:10910000FAE78AA0C0E78BA0BEE78CA0BCE700000E
:109110006661696C65640000636F6D706C65746591
:109120006400000073746F707065640063616E6347
:10913000656C6C65640000006576656E7420256C56
:1091400075206C696E6B5F74696D656F75742065F1
:109150006C61707365645F6D733D313030302061D8
:109160006374696F6E3D73746F705F64697361627D
:109170006C650000646F6E6520256C752062656EFD
:109180006368206D6F766520726573756C743D251C
:1091900073000000646F6E6520256C752062656E3B
:1091A0006368206D6F766520726573756C743D63BE
:1091B0006F6D706C6574656420656C617073656457
:1091C0005F6D733D256C75206D6F746F72733D25F7
:1091D00030327800646F6E6520256C752062656E94
:1091E0006368206D6F766520726573756C743D25BC
:1091F000732073746167653D257320636F64653DFB
:109200002573206D6F746F723D257500646F6E65F8
:1092100020256C752062656E6368206D6F76652011
:10922000726573756C743D25732073746167653D59
:10923000257320636F64653D2573206D6F746F72B5
:109240003D3F00006D697400646F6E6520256C758C
:109250002062656E636820257320726573756C7477
:109260003D2573006D6F646500000000646F6E65DE
:1092700020256C752062656E6368202573207265F9
:1092800073756C743D6661696C65642073746167A5
:10929000653D257320636F64653D2573206D6F7494
:1092A0006F723D2575000000646F6E6520256C753A
:1092B0002062656E636820257320726573756C7417
:1092C0003D6661696C65642073746167653D2573F3
:1092D00020636F64653D2573206D6F746F723D3F31
:1092E00000000000646F6E6520256C752062656E5D
:1092F000636820257320726573756C743D636F6DB0
:10930000706C6574656420656C61707365645F6D15
:10931000733D256C75206D6F746F72733D2530320F
:1093200078000000696E697400000000656E61627B
:109330006C65000073746F700000000064697361F5
:10934000626C6500636C656172000000656E61624D
:109350006C656400646F6E6520256C752062656EB7
:10936000636820257320726573756C743D257320C6
:1093700025733D253032780000830408646F6E65E4
:1093800020256C752062656E6368206A6F672072A5
:109390006573756C743D257320656C6170736564CD
:1093A0005F6D733D256C7520617272697665643DF1
:1093B00025303278000000006661756C7400000092
:1093C000646F6E6520256C752061726D2025732099
:1093D000726573756C743D2573000000646F6E6573
:1093E00020256C752061726D20616C69676E20723A
:1093F0006573756C743D257320713D00646F6E65F7
:1094000020256C752061726D206D6F766520726508
:1094100073756C743D257320656C61707365645F52
:109420006D733D256C75206D61785F6572726F722A
:109430005F6465673D0000002DE9F04FADF5077DE5
:10944000174605004FF0000099468346909E859090
:109450003AD0002E38D03046FFF794FB05F5804413
:1094600094F8550F48B13A464B462846009600F00E
:10947000FDF90DF5077DBDE8F08F94F8570F18B38F
:1094800094F8560F00B394F85A0FF8B194F8590FA6
:1094900094F8C81B884227D0D4F8182F8046084675
:1094A000521CC4F8182FFFF7B9FA82464046FFF75E
:1094B000B5FACDE9000A02970021D4F8183F9CA222
:1094C0003046FFF701F848B10020D2E794F8C81BF6
:1094D000012084F8591F84F85A0F05E094F8C81B3E
:1094E0004FF0010B84F8591F94F8532F002A7DD0B8
:1094F00000239B481946D7F733F805F5804303F658
:10950000E863CDE9000103CB50EA010203D0381A29
:1095100079EB010201D3012000E00020824644F6ED
:10952000A06028448FA18046FFF7E0FB90B1BBF11B
:10953000000F0DD105F580400146D0F8F00ED1F8AE
:10954000F41E50EA010203D0381A79EB010201D36C
:10955000012100E000218B465AEA0B00C7D0BAF186
:10956000000F78D0DDE9002144F6E86C44F6EC63A6
:10957000BA1840F2012A49EB01004CF80520585175
:10958000D4F8140F79A385AA401CC4F8140FD4F89A
:10959000381CCDE9000104A85146FFF7ABF80028BC
:1095A000A5D07AA14046FFF7A1FB88B179A3514627
:1095B00085AA04A8FFF79EF8002898D044F6E0306A
:1095C00051462B1885AA04A8FEF79CFF00288ED0D0
:1095D00072A14046FFF78AFB98B172A3514685AA53
:1095E00004A8FFF787F80028B8D000E09DE044F613
:1095F000FC3051462B1885AA04A8FEF783FF0028EB
:10960000ACD06BA14046FFF771FB88B16AA351460D
:1096100085AA04A8FFF76EF800289FD044F61840EA
:1096200051462B1885AA04A8FEF76CFF00287CD0B1
:1096300064A14046FFF75AFBB0B194F8C80BFFF79E
:10964000EDF994F8DF2B94F8DE3B94F8DD1B0392E0
:109650008DE80B0000E04DE05CA3514685AA04A80C
:10966000FFF748F8002860D03EA14046FFF73EFBD8
:10967000F0B101220021084600EB800305EBC30393
:1096800003F58043D3F8643C1BB102FA00F3DBB26C
:109690001943401CC0B20728EED394F87C0D57A3A1
:1096A000CDE9000185AA514604A8FFF723F8E0B3ED
:1096B0005DA14046FFF71AFB68B104F68850D4F864
:1096C000982D5BA303C88DE8070085AA514604A81E
:1096D000FFF710F848B394F8480C5FA385AA5146E9
:1096E000009004A8FFF706F8F8B10221304604AA5A
:1096F000FEF74EFEBBF1000F17D096F818040228B3
:1097000013D2594B44F6F062101DFB1849F10001C9
:1097100053514151D4F8140F3A464B46401CC4F8FB
:10972000140F28460096FEF71BFF96F81804A0E6D3
:1097300045565420256C752053544154455F434889
:10974000414E4745442066726F6D3D257320746F0E
:109750003D257320745F75733D256C750000000016
:1097600040420F006D6F746F7200000054454C2032
:10977000256C75204A4F494E545F5354415445203F
:10978000745F75733D256C75000000006A706F731F
:109790000000000020715F6465673D006A76656CBB
:1097A000000000002071645F6465675F733D000026
:1097B0006A746F7200000000207461755F6E6D3D09
:1097C0000000000073746174650000002061726D18
:1097D0005F73746174653D257320616C69676E65A4
:1097E000643D257520656E61626C65643D2575205C
:1097F0006D6F76696E673D2575000000206D6F7492
:109800006F725F76616C69645F6D61736B3D257526
:10981000206D6F746F725F6661756C745F6D6173DC
:109820006B3D257500000000646961670000000061
:109830002063616E5F72783D256C752063616E5F99
:1098400074783D256C752071756575655F68776DF9
:109850003D256C75000000002076616C69645F6DC9
:1098600061736B3D25750000A08601002DE9F04372
:1098700087B0044600F5804690461D46DDF83890D6
:1098800096F8560F10B396F8532FFAB196F8547F06
:10989000E7B1D6F8E81ED6F8EC0E51EA000304D082
:1098A000B8EB010175EB000034D300231C481946C6
:1098B000D6F756FE04F5804318EB000003F6E86384
:1098C0004D41012F21C302D0022F09D022E00120F7
:1098D00049460222009013A32046FFF727F818E01C
:1098E00005A8009044F6C83006AB04AA03A920449A
:1098F00002F018FC9DF814209DF810109DF80C0043
:109900008DE8070096F87C3D02210A4A4846FEF79A
:10991000AFFF18B1002007B0BDE8F0830120FAE7DF
:1099200040420F006461746120353031206A6F69F4
:109930006E7473009C8304082DE9F04FAFB082462B
:109940000020904699460C46DDF8E0B080218DF865
:10995000880002A8D7F7C6F923A9204602F070FBB9
:1099600040B19DF88C00092806D0012804D00A28AF
:1099700002D004E099A234E0D4F8A40020B194F815
:109980004D01012819D108E098A321469AA2584612
:10999000FEF7DAFC2FB0BDE8F08F0021204626AAA2
:1099A00004F022FF48B10AF58046012702ADD6F83F
:1099B0001C0F0DF16E0178B90BE0D4E92D1092A2C5
:1099C000CDE90001D4F8A43000215846FEF750FF3D
:1099D00076E0D6F8200F48B19DF88C00032871D1AD
:1099E0000AE021465846FEF7D7FE69E09DF88C0054
:1099F0000A2812D0092817D026A801F015FC002843
:109A0000DBD09DF88C0001287AD0082894F84E010C
:109A10007ED000286CD078A2E3E726A95B462A46D0
:109A2000204601F069FA70E022AB24AA26A801F0D2
:109A3000AFFB18B1D4F8A43080A223E02BAA2046B3
:109A40008BA104F0AFFED0B129AA20468BA104F06F
:109A5000A9FEE0B194F84E010228DCD19DF88820DF
:109A600002AB24A92BA801F016FC002815D002286F
:109A700011D061A00090D4F8A43082A21CE0D4F8E8
:109A8000A4308BA200215846FEF7F2FE18E0D4F86D
:109A9000A43095A2F6E7A1A0ECE79DF8882009ABD9
:109AA00024A929A801F0F7FB78B102280BD052A015
:109AB0000090D4F8A4309DA200215846FEF7D8FEAD
:109AC000042067E787E095A0F2E7002024A912E0D0
:109AD0000A5C05EB820292ED070AB5EEC00AF1EED0
:109AE00010FA06D8D4F8A4309BA2CBE708E00FE028
:109AF0004CE0401CC0B29DF888209042E8D345E07D
:109B000002A95A46204601F011FB0028D9D13DE0B8
:109B100002280AD12BAA20469CA104F043FE20B1C2
:109B200029A92BA805F007F818B1D4F8A43099A2F8
:109B3000A8E72DAA204651A104F034FE20B12AA99D
:109B40002DA804F0F8FF18B1D4F8A4309EA299E72C
:109B5000DDED2A0AF5EEC00AF1EE10FA03D8D4F8CA
:109B6000A430A6A28EE79DED290A00209DF86E1074
:109B700007FA00F2114205D005EB800181ED000AE1
:109B8000C1ED070A401CC0B20728EFD39DF88C0036
:109B90008DF86C00D4F8A43001281993D6F80C3F46
:109BA0001A93CDE9108903D00A2801D08DF86F707F
:109BB00002A950468DF87170FFF7BFF858B1D4E98B
:109BC0002D109BA2CDE90001D4F8A4300021584605
:109BD000FEF74EFEDEE69EA203E70000756E6B6E9A
:109BE0006F776E5F636F6D6D616E64007265717526
:109BF0006573745F696400006261645F61726775B8
:109C00006D656E74000000006572726F7220256CC5
:109C1000752062656E636820252E2A7320636F6449
:109C2000653D6261645F617267756D656E74206623
:109C300069656C643D6D6F746F7273006572726FED
:109C40007220256C752062656E6368206D6F766585
:109C500020636F64653D6261645F617267756D6505
:109C60006E74206669656C643D6D6F746F7273000D
:109C7000706F736974696F6E0000000073706565C2
:109C8000640000006572726F7220256C7520626539
:109C90006E6368206D6F766520636F64653D257324
:109CA000206669656C643D706F736974696F6E00DE
:109CB0006572726F7220256C752062656E63682014
:109CC0006D6F766520636F64653D6261645F61728C
:109CD00067756D656E74206669656C643D706F7341
:109CE0006974696F6E0000006572726F7220256C76
:109CF000752062656E6368206D6F766520636F64A2
:109D0000653D6261645F617267756D656E74206642
:109D100069656C643D73706565640000636F756EA2
:109D2000745F6D69736D6174636800006572726F52
:109D30007220256C752062656E6368206D6F766594
:109D400020636F64653D2573206669656C643D73AF
:109D500070656564000000006572726F7220256C8A
:109D6000752062656E6368206D6F766520636F6431
:109D7000653D6F75745F6F665F72616E67652066C3
:109D800069656C643D7370656564000064656C743E
:109D9000610000006572726F7220256C752062652B
:109DA0006E6368206A6F6720636F64653D626164FB
:109DB0005F617267756D656E74206669656C643D80
:109DC00064656C74610000006572726F7220256CAE
:109DD000752062656E6368206A6F6720636F6465D3
:109DE0003D6261645F617267756D656E742066695E
:109DF000656C643D73706565640000006572726F28
:109E00007220256C752062656E6368206A6F67201A
:109E1000636F64653D6F75745F6F665F72616E67D7
:109E200065206669656C643D73706565640000005B
:109E30006F6B20256C752062656E636820252E2A65
:109E4000732061636365707465643D3100000000D8
:109E500062757379000000002DE9F04F85B0164659
:109E60001F4688460546DDF838B0EAF76BF805F579
:109E700080448246D4F81C0F10B194F8280F48B1E2
:109E8000D4F8200F10B194F8290F18B198F84D01AB
:109E900028B901E031A203E098F84E0140B131A2A7
:109EA00041465846FEF778FC042005B0BDE8F08F27
:109EB0004FF4884105F10800D6F714FF4FF0000970
:109EC000284684F84C9F00F097FF68B994F84D1F1E
:109ED00084F84E1F94F84F1FC4F8249F84F8501F35
:109EE00094F8510F84F8520F3246D8F8A4103B462C
:109EF0002846FEF7E5FE05F58042C4F80C0F02F592
:109F00006E60012184F8571F84F8589F05F580453D
:109F1000C0C0024684F8539F84F8549F072384F8F6
:109F2000551FC2E9006796604FF47A72C5F8F47E57
:109F3000C4F8149FC4F8189F0E48D4F8081FCDE940
:109F400001030AF120000090CDE903120A4A012121
:109F5000D8F8A4305846FEF78BFCA6E762757379F3
:109F6000000000006261645F617267756D656E7408
:109F700000000000CC060308A88204087CB5044653
:109F800090F84E010D46002841D194F84D0101286A
:109F90003DD840B100216A46204604F025FC0198D6
:109FA000042804D009E0214AD4F8A43039E000980C
:109FB00004221FA1D6F7AAFD18B10198062804D0E3
:109FC00009E01D4AD4F8A4302BE0009806221BA11A
:109FD000D6F79CFD18B10198032804D009E0194A6E
:109FE000D4F8A4301DE00098032217A1D6F78EFD07
:109FF00018B10198052804D009E0D4F8A43013A2C0
:10A000000FE00098052221A1D6F780FD30B121A2F2
:10A0100021462846FEF7C0FB04207CBD214AD4F827
:10A02000A43001212846FEF723FC7CBDBC81040836
:10A0300073686F7700000000807F04087374726596
:10A04000616D0000F07D040861726D006F6B20256A
:10A050006C752068656C702061726D20636F6D6D2A
:10A06000616E64733D616C69676E2C656E61626CD4
:10A07000652C6D6F76652C73746F702C64697361D9
:10A08000626C652C636C65617200000062656E63D2
:10A09000680000006261645F617267756D656E746F
:10A0A00000000000C87F04082DE9F04F87B04FF092
:10A0B0000008054691469A460E46DDF840B04746F0
:10A0C0008DF80C808DF810808DF814808DF8188034
:10A0D00091F84D0110B996F84E0138B11E4A584614
:10A0E000FEF75AFB042007B0BDE8F08F05F5804469
:10A0F00094F8560F88B194F8C87B06A8009044F6EF
:10A10000C83005AB04AA03A9284402F00BF894F860
:10A11000DE0B10B17F208DF80C0094F8570F48B17A
:10A1200044F6E06242F8059005F58045C5F8E4AED6
:10A1300084F8588F384601F03BFF9DF80C20D4F886
:10A14000081F02910121CDE90002D6F8A43003A234
:10A150005846FEF78DFBC6E748BB02086F6B20250B
:10A160006C752070696E672073746174653D25732A
:10A1700020656E61626C65643D2530327820626FC7
:10A180006F743D256C7500002DE9F0470546924639
:10A190000C462DED028BCEB091F84E0118B994F813
:10A1A0004D01012801D97FA26EE0286849A9E8F78E
:10A1B00035FC804694F84D014FF00009E8B10021CC
:10A1C000204647AA04F010FB00285BD046A947A808
:10A1D00001F0B2F8002855D04698411E072957D300
:10A1E000D4F8A430002173A25046FEF741FB0420AE
:10A1F0004EB0BDEC028BBDE8F0873C222F680121F8
:10A2000000263046C0EB001302EB8303FB5CDB430C
:10A2100013F0FF0F03D101FA00F3DBB21E43401C21
:10A22000C0B20728EED30025CDF89C90C5EB0510F1
:10A2300007EB80000189C2880079FDB16AA300BFE5
:10A24000CDE90030CDE90221802168A327AA04A826
:10A25000FEF750FAA0B16D1CEDB2072DE6D3279999
:10A2600004A8E8F70FFFFF228DE84501624A0121AB
:10A27000D4F8A4305046FEF7FBFAB9E75F4BDFE7AE
:10A280004846F0E747A221465046FEF785FAAEE77A
:10A29000C0EB00112A686FF03703CDF8109103EB83
:10A2A0008100D4F8A4101418469B4FF48077A2883C
:10A2B0006088A56BCDE90013CDE9020250A33946B1
:10A2C00044AA04A8FEF716FA002868D0E80709D0C7
:10A2D00094F9060058A344AA3946009004A8FEF752
:10A2E00009FA05E055A3394644AA04A8FEF702FA84
:10A2F000002854D0C5F38010009094ED0B0A50A3B1
:10A30000394644AA04A8FEF781FA002847D0C5F3CD
:10A3100040069FED4D8A00964CA394ED020A44AA94
:10A32000394604A820EE080AFEF770FAB0B300968A
:10A3300048A394ED030A44AA394604A820EE080A6B
:10A34000FEF764FA50B3C5F38000009094ED040A60
:10A3500042A3394644AA20EE080A04A8FEF756FA9A
:10A36000E0B1C5F3C000009094ED050A3EA3394664
:10A3700044AA20EE080A04A8FEF748FA70B1E8B231
:10A3800039463CA3009044AA04A8FEF7B3F928B1CB
:10A390000121504604AAFEF7C9F929E7FFE7052085
:10A3A00026E700006261645F617267756D656E74B7
:10A3B000000000006572726F7220256C7520736852
:10A3C0006F7720636F6E66696720636F64653D6FAA
:10A3D00075745F6F665F72616E6765206669656C34
:10A3E000643D6A6F696E74003B000000257325753B
:10A3F0003A25753A257500000C8204085CAA02080B
:10A400006F6B20256C752073686F7720636F6E66A5
:10A410006967206A6F696E743D256C75206573638A
:10A420003D25303278206D61737465723D25303280
:10A4300078206469723D0000256400003F00000040
:10A440006765617200000000E12E65426D696E5F14
:10A45000646567006D61785F64656700766D61783B
:10A460005F6465675F730000616D61785F64656755
:10A470005F7332002076657269666965643D2530D8
:10A48000326C78002DE9F0412DED028B06469046A6
:10A4900091F84E01B4B00D4600287BD195F84D01DE
:10A4A000012877D806F5804797F8561F002971D004
:10A4B00006F59B4440B10021284632AA04F094F9E5
:10A4C0003398032819D01EE097F8C90B01F014FD4A
:10A4D000616CE36E226BCDE90330CDE90121E06AC6
:10A4E0000121009040465A4AD5F8A430FEF7C0F941
:10A4F00034B0BDEC028BBDE8F0813298032255A147
:10A50000D6F704FB18B1339806280ED013E004F1F7
:10A51000400002AE0FC886E80F00D4E902014E4A9F
:10A52000CDE90001D5F8A4302FE0329806224BA1E6
:10A53000D6F7ECFA18B1339803282CD031E0D7F8CD
:10A54000400F40F2E7329FED471B00EE100A4FF438
:10A550009E400023B8EE400B805906F5804607F672
:10A560001C77801880EE018BD6F8041F41F10001A2
:10A57000521CD5F7F5FF8DED048B396A3A680092CD
:10A580003A4ACDE90101D5F8A43001214046FEF751
:10A590006FF9ADE71DE03298032235A1D6F7B6FA80
:10A5A00018B1339804280ED013E0D7F8440FE26EA8
:10A5B000A16D8DE807002F4A0121D5F8A43040464F
:10A5C000FEF756F994E7329804222BA1D6F79EFAAB
:10A5D00030B12BA229464046FEF7DEF8042087E77B
:10A5E000002608AF04EBC601D1F88400803110B119
:10A5F0000B68834207D906EB460025A107EBC00094
:10A600000988018008E0009006EB4600182107EB5E
:10A61000C00020A2D6F736F8761CF6B2072EE1D39A
:10A62000236A2CA820AA26A9CDE906101AAC404618
:10A630000DF1380CCDE9043214AE184ACDE90264AC
:10A64000CDE9007CD5F8A4300121FEF711F94FE7E0
:10A65000C480040863616E00588204086D6F7469D9
:10A660006F6E00000000000000408F40287F04084B
:10A6700075736200C87E040872746F730000000076
:10A680006261645F617267756D656E7400000000E1
:10A690003F000000256C752F256C75001C81040897
:10A6A00030B5044691F84D018DB0154610B991F8BA
:10A6B0004E0108B1114A12E044F65670005D68B1CF
:10A6C000D1F8A43030210EA201A8D5F7DBFF002875
:10A6D00001DB302808D305200DB030BD0D4A2846D7
:10A6E000FEF75AF80420F7E70020294601220090DF
:10A6F00001AB2046FEF71AF9EEE7000048BB02085E
:10A700006F6B20256C752073686F77206A6F696E98
:10A710007473000040AC02082DE9FF5F04469B46BD
:10A7200000200E462DED028BCEB04FF0FF39479042
:10A7300091F84D01012819D196F84E01B0B90021C8
:10A74000304649AA04F050F880B148A949A800F061
:10A75000F3FD58B1489F791E072909D3D6F8A430D4
:10A7600000215E98A3A2FEF783F82EE0AEA228E0B7
:10A7700004F5804090F8562F12B34FF0010C236877
:10A78000C7EB071590F87C2D0CFA01FC0CF0FF01CB
:10A7900007EB87086FF0370C0CEB850544F6284C67
:10A7A00004EBC80803EB050A0A4008EB0C0500D0CF
:10A7B000012290F8940E904608420DD001230CE03F
:10A7C0009DA25E983146FDF7E7FF04204EB0BDEC38
:10A7D000028B04B0BDE8F09F002304EB8702D5E9AB
:10A7E000060102F59842459392ED960AD2ED9D0A34
:10A7F000C0FE608A50EA010214D0529B1B1A7BEB08
:10A8000001020FD3529A0023101A6BEB01014FF48F
:10A810007A72D5F7A5FE0022D0F1FF338A4100D22B
:10A8200048468146B8F1000F07D095F82000082867
:10A8300001D2696919B183A00FE084A00DE001285D
:10A8400001D084A009E086496868884202DC854915
:10A85000884201D984A000E085A0BAF80220BAF8A5
:10A860000410854BCDE90310CDE90172D6F8A400A0
:10A870004FF4807647AA3146009005A8FDF73AFFCD
:10A8800000287DD095ED000A9FED7C8A47AA3146CD
:10A8900005A820EE080AFDF7D1FD0028F1D078A325
:10A8A000314647AA05A8FDF725FF0028E9D095ED18
:10A8B000010A47AA314605A820EE080AFDF7BEFDA9
:10A8C0000028DED072A3314647AA05A8FDF712FF83
:10A8D0000028D6D095ED020A47AA314605A8FDF713
:10A8E000ADFD0028CDD06DA3314647AA05A8FDF7E0
:10A8F00001FF00287BD095ED030A47AA314605A841
:10A90000FDF79CFD002872D066A3314647AA05A832
:10A91000FDF7F0FE00286AD095ED040A47AA3146FB
:10A9200005A8FDF78BFD002861D0696960A3CDE91A
:10A93000001947AA314605A8FDF7DCFE002856D0CD
:10A94000489847AA459B3546314604EB800000F500
:10A95000984090ED8F0A05A820EE080AFDF7C2FE88
:10A9600070B15BA3294647AA05A8FDF7C3FE38B11D
:10A97000489804EB800000F5984090ED960A00E0BE
:10A9800035E0459B47AA20EE080A05A82946FDF7B1
:10A99000A9FE60B352A3294647AA05A8FDF7AAFE5F
:10A9A00028B3489847AA459B294604EB800000F548
:10A9B000984090ED9D0A05A820EE080AFDF792FE4A
:10A9C000A8B14CA3294647AA05A8FDF793FE70B18C
:10A9D000459B47AA28EE880A05A82946FDF782FE6E
:10A9E00028B15E98012105AAFDF7A0FEEEE605203C
:10A9F000ECE600006572726F7220256C752073683A
:10AA00006F77206D6F746F7220636F64653D6F7533
:10AA1000745F6F665F72616E6765206669656C64FE
:10AA20003D6A6F696E7400006261645F6172677590
:10AA30006D656E7400000000756E617661696C6111
:10AA4000626C65006661756C74000000616273651C
:10AA50006E74000064697361626C656400000000DC
:10AA60006F12833A6F1283BA6D6F76696E6700005A
:10AA7000686F6C64696E67003C7E0408E12E654275
:10AA80002073706565645F6465675F733D000000F7
:10AA900020746F727175655F6E6D3D00206D6F7310
:10AAA0005F633D0020726F746F725F633D00000052
:10AAB000206661756C743D256C75206167655F6DFE
:10AAC000733D256C7520706D61785F6465673D002E
:10AAD00020766D61785F6465675F733D00000000FC
:10AAE000206D61785F73706565645F6465675F732F
:10AAF0003D000000206D6F76655F73706565645F73
:10AB00006C696D69745F6465675F733D0000000088
:10AB1000F0B5044691F84D0195B0164610B991F87C
:10AB20004E0108B11E4A13E004F5804595F8560F12
:10AB300068B1D1F8A43030211AA205A8D5F7A2FD3A
:10AB4000002801DB302808D3052015B0F0BD1A4AD3
:10AB50003046FDF721FE0420F7E714A9204644F60D
:10AB6000C83C0091012405AF13AB12AA11A960449F
:10AB700001F0D8FA0DF1040C9DF850309DF84C20EE
:10AB80009DF848109DF844008CE80F0095F87C0D66
:10AB90003B460A4A214600903046FDF769FED4E75D
:10ABA00048BB02086F6B20256C752073686F772097
:10ABB0006D6F746F7273000040AC0208508304081C
:10ABC0002DE9F0430D4691F84D1187B0914611B92A
:10ABD00095F84E1109B1194A0CE000F5804696F837
:10ABE000561F31B144F6C8314418A07D50B17F27BB
:10ABF00009E013A229464846FDF7CEFD042007B020
:10AC0000BDE8F0830027607801F076F9804620786F
:10AC100001F0CEF9D6F81C2F0146E37DCDF8148063
:10AC20000297CDE90332607D084ACDE90010D5F8DE
:10AC3000A43001214846FDF71BFEE0E748BB0208AF
:10AC4000756E617661696C61626C65007080040884
:10AC50002DE9F04786B00C463EA190463CA29946AD
:10AC6000DDF838A00646204603F026FF002894F8B9
:10AC70004D0106F580454FF0000713D010B994F848
:10AC80004E0108B135A247E085F8537F012185F8D0
:10AC9000547F36A2D4F8A4305046FDF7E9FD06B043
:10ACA000BDE8F0870028EDD194F84E010128E9D1E4
:10ACB00003AA204632A103F075FD0028E2D005A9C1
:10ACC00003A800F039FB0028DCD02FA2204621A1E8
:10ACD00003F0F2FE10B10120322107E02CA2204641
:10ACE0001CA103F0E9FEB0B102200A2185F8540F3F
:10ACF000059808B1884214D985F8547F26A2D4E972
:10AD00002D10CDE90001D4F8A43000215046FDF704
:10AD1000AFFD0420C3E72DA221465046FDF73CFDC0
:10AD2000F7E744F6E86385F8530F43F8068006F525
:10AD30008046C6F8EC9ED4E92D12009227A2CDE9F8
:10AD40000110D4F8A43001215046FDF791FDA6E78B
:10AD50006F66660073747265616D00006261645FA6
:10AD6000617267756D656E74000000006F6B202561
:10AD70006C752073747265616D206F6666000000EB
:10AD800072617465000000006A6F696E7473000080
:10AD90006D6F746F727300006572726F7220256C34
:10ADA000752073747265616D20252E2A7320636F80
:10ADB00064653D6F75745F6F665F72616E67652075
:10ADC0006669656C643D726174650000756E6B6EDA
:10ADD0006F776E5F636F6D6D616E64006F6B2025C2
:10ADE0006C752073747265616D20252E2A73207234
:10ADF0006174653D256C750000F5804110B591F8D2
:10AE0000382F3ABBD1F81C2F1AB191F8282F012AFC
:10AE100020D0D1F8202F1AB191F8292F012A19D06A
:10AE200091F8522F10E000BF02F0070303EB8304F8
:10AE300004EBC30300EBC30303F5804393F8E1384D
:10AE4000012B07D0521CD2B291F8513F9342EBD163
:10AE5000002010BD012010BD70B504000D4617D0B4
:10AE600044F66071D5F73EFFE7F7D4FD206005B9E1
:10AE7000012504F580403221C0F8085F80F8531F97
:10AE800044F6A0602044BDE8704002A1D5F7F1BDB2
:10AE900070BD00006A706F732C6A76656C2C7374D9
:10AEA0006174652C6D6F746F720000002DE9F041C4
:10AEB0000D46074615F8520FFDF7C2FE06466878A4
:10AEC000FDF764FE0146A8790022523D60F30704B5
:10AED000401E062862F30F2409D8012295F8563047
:10AEE00002FA00F0C0B2034201D062F30F243E60C8
:10AEF000C7E90114BDE8F0812DE9F04192B0144694
:10AF00000D4606460020984602AB6A4604F16601EB
:10AF10008DF80800284600F03BF918B99DF80800A4
:10AF2000012801D062A313E09DF8005004AA62A199
:10AF3000304603F037FC10B361A104A801F05CF9BE
:10AF40004FF0020730B1012184F86510052009E0B7
:10AF50005DA24EE060A104A801F04EF978B107208F
:10AF600084F8657096F84E1181420AD056A2314697
:10AF70004046FDF711FC042012B0BDE8F0814EA35D
:10AF8000E6E706AA304656A103F00CFC28B104F10E
:10AF9000500106A803F0CFFD08B151A3D8E794ED06
:10AFA000140AB5EEC00AF1EE10FA04D910EE100A38
:10AFB0004C49884201DD4AA31AE008AA30464AA15A
:10AFC00003F0F0FB28B104F1540108A803F0B3FD2D
:10AFD00008B145A3BCE794ED150AB5EEC00AF1EE41
:10AFE00010FA04D910EE100A4049884206DD3EA34B
:10AFF0003FA231464046FDF7A7F9BDE70AAA304611
:10B000003FA103F0CFFB28B104F158010AA803F0D7
:10B0100092FD08B13AA39BE70CAA30463BA103F08E
:10B02000C1FB68B103A90CA800F086F940B10398F0
:10B0300042F2AD62A0F16401914203D333A3D7E79A
:10B0400032A385E74FF47A7194F86520A0FB0110D4
:10B05000022AC4E91210C4E9101025D10EAA304604
:10B060002DA103F09FFB30B104EB85010EA80D4626
:10B0700003F061FD08B128A36AE710AA304629A1B0
:10B0800003F090FB28B105F11C0110A803F053FD5B
:10B0900008B124A35CE795ED070AB5EEC00AF1EE0E
:10B0A00010FA01D81FA3A3E7002084F8677063E7B4
:10B0B0006D6F746F72730000616374696F6E00006E
:10B0C000686F6C64000000006261645F61726775A4
:10B0D0006D656E74000000006D6F76650000000005
:10B0E0006B7000000000FA436B6400000000A04099
:10B0F0006F75745F6F665F72616E67650000000058
:10B10000746F727175655F666600000064757261C8
:10B1100074696F6E5F6D7300706F736974696F6EC1
:10B120000000000073706565640000007CB5054692
:10B1300090F84E0116460C46012816D10EA16A461B
:10B14000284603F02FFB80B10DA1684601F054F8AA
:10B1500008B1022005E00BA1684601F04DF820B1CE
:10B16000012084F8670000207CBD084A02A329461C
:10B170003046FDF7E9F87CBD6D6F646500000000A6
:10B180006D697400706F735F76656C0048BB020870
:10B190002DE9FE4F8A464FF0000105009946904682
:10B1A0000F460E462CD0BAF1000F29D0B8F1000F8F
:10B1B00026D0B9F1000F23D0686808B30022C8F880
:10B1C0000020A8F80420144688F8062022E003D0C6
:10B1D0002868005D2C281CD12868621A084469463A
:10B1E000CDE9010201A800F0A7F848B1009838B1F4
:10B1F000072805D80121401E8140C9B20F4202D064
:10B200000120BDE8FE8F721C0F4308F80600611C88
:10B21000D6B2641C6868A042D9D28AF800704FF098
:10B22000000089F80060ECE72DE9FE430F464FF07F
:10B23000000105000E4688462AD04FB3686838B32F
:10B2400000241CE003D02868005D2C2816D12A6851
:10B25000601A1144CDE9011001A8694600F06CF8AC
:10B26000B0B10098A0B1072812D8404510D9421EAD
:10B2700080460123611C9340D8B20643641C686871
:10B28000A042DFD23E701EB14FF00100BDE8FE8348
:10B290004FF00000FAE72DE9FC410F464FF00001A6
:10B2A000050098464FF001030E4639D0C7B3B8F1F8
:10B2B000000F35D06C689CB392B3072A30D80020B9
:10B2C0000BE0D5F800C01CF800C0BCF12C0F03D176
:10B2D000884208D0411C5B1C401C8442F1D88C423F
:10B2E00001D0934202D00220BDE8FC811C214046DF
:10B2F000D5F7F8FC0020044618E003D02968095D62
:10B300002C2912D1B95D07290AD22A68231A08EB21
:10B3100081011044CDE90003684603F00CFC08B13C
:10B320000120E1E7601C761CF6B2641C6968A1424A
:10B33000E3D24FF00000D7E7F0B54FF0000478B14A
:10B3400071B1456865B100230A2610E00268D25C3D
:10B35000303A0A2A04D2D743B7FBF6F7A74201D204
:10B360000020F0BD04EB84045B1C02EB44049D420E
:10B37000ECD801200C60F0BD0B4610B540B13BB1DC
:10B3800000F5804292F8521F92F8514FA14201D12C
:10B39000002010BD92F8521F01F0070101EB81025D
:10B3A00002EBC10244F6880100EBC20001441846DA
:10B3B0006822D5F73BFC012010BD000070B50600E7
:10B3C0000D4645D0C5B300F0C7F9B0BB38E000BFAB
:10B3D00094F84E0F44F20841802200F0070006EB7B
:10B3E000C01001442846D5F721FC94F84E0FD4F83C
:10B3F000241F401C84F84E0FF9B195F86A20012AE9
:10B400000AD095F86400092806D00A2804D001283B
:10B4100014D195F8690080B1E86D88420ED194F896
:10B420002A0F82420AD1286ED4F8341F884205D1EF
:10B430000020C4F8240F05E00AE0FFE7012070BDFA
:10B4400006F5804494F84E1F94F84D0F8142BFD109
:10B45000002070BD70B50D460446FFF78DFF18B192
:10B4600095F85900012801D0002070BD04F58044F2
:10B4700094F8520F401C84F8520F012070BD000058
:10B480002DE9F04107000E464FF000082DED028B2C
:10B49000ADF5207DCDF8788231D0002EFCD007F5B7
:10B4A000804544F6880400BF95F8520F95F8511F67
:10B4B0008842F1D095F8520F682200F0070000EBA7
:10B4C000800101EBC00007EBC000011984A8D5F78B
:10B4D000ADFB9DF8690201280ED095F8520FD5F802
:10B4E0000C1F401C85F8520F97988842DCD19DF8BC
:10B4F0006002062804D058E03046FDF743FBD3E055
:10B50000D5F81C1F969888424FD195F8281F9DF8B2
:10B510006902884249D1D5F82C1F9798884244D1B6
:10B5200007F580410846DDE99424D1F8F81ED0F8EB
:10B53000FC0E531A74EB000303D3531A64EB00049C
:10B5400001E000231C465D4A9DED8B8AD1432046D5
:10B55000D21A4FF0FF34814101D220460BE040F275
:10B56000E73113EB010C40F10001604600234FF47A
:10B570007A72D4F7F5FFB5EEC08AC5F83C0FF1EE4C
:10B5800010FA0EDB18EE100A4D49884209DADFED99
:10B590004D0AB6EE000A08EE200ABCEEC00A10EE14
:10B5A000104AC5F81C8FC5F8404F3046FDF7EAFA3F
:10B5B00095F8550FF8B184A932463846FDF750FC8E
:10B5C000002872D0949A3846DDE99531FDF7FAFBF0
:10B5D000002870D0DDE99412C0E98212B6F8082282
:10B5E000A0F8182296F80A12521C80F81A12314656
:10B5F000D5F7D7FA5FE09DF860020B281CD09DF8C4
:10B60000610228B3012825D0032825D02EA000BF31
:10B61000969A40F20124CDE90020BDF864122CA3D3
:10B620009EAA029103A82146FDF764F800283CD0A9
:10B630009DF8600290B130E0D5F8183F00212AA2B1
:10B6400030465B1CC5F8183FFCF73EFF60BB32E09C
:10B6500034A0DDE736A0DBE737A0D9E79DF861022B
:10B66000D8B938A321469EAA03A8FDF743F8D8B15C
:10B6700084AB21469EAA03A8FCF744FFA0B133A3E4
:10B6800021469EAA03A8FDF735F868B18BAB214689
:10B690009EAA03A8FCF736FF30B10021304603AA6A
:10B6A000FCF776FE00288DD000200DF5207DBDEC46
:10B6B000028BBDE8F0810120F7E7000018FCFFFFD6
:10B6C0006F12834A00007A444641494C45440000C9
:10B6D000444F4E4520256C752025732064657461A8
:10B6E000696C3D257500000045565420256C752079
:10B6F0004C494E4B5F54494D454F555420656C6144
:10B70000707365645F6D733D3130303020616374F8
:10B71000696F6E3D53544F505F44495341424C450D
:10B7200000000000434F4D504C455445440000007C
:10B7300053544F505045440043414E43454C4C45B3
:10B740004400000020715F6465673D00206269610C
:10B75000735F6465673D00000B4610B540B13BB1B7
:10B7600000F5804494F8501F94F84F2F914201D176
:10B77000002010BD44F60801014418468022D5F788
:10B7800055FA94F8500F401C84F8500F012010BD5A
:10B790002DE9F04FADF5017D16465FEA00090C4634
:10B7A0004FF00000DDE98B57DDF828827F9018D03C
:10B7B000BCB1B7B13846FDF7E5F902AA31462046DB
:10B7C00003F054F809F5804690B103280ED0BAA3CF
:10B7D000D6F8440F411C02D0401CC6F8440FB9A251
:10B7E0002CE006200DF5017DBDE8F08FBBA3EFE74F
:10B7F0007FAA56A902A8FDF759F9E8B1012086F8F9
:10B80000550F7F9956A8E7F73DFC82469DF8B0009A
:10B8100080B32B9942462B464846FDF7D3FA0400E5
:10B8200029D0D4F8141251450ED0B0A2384602A93E
:10B83000FCF7B2FF0220D5E72B9BB1A200213846CE
:10B84000FDF716F80420CDE73946204600F036FA19
:10B8500096F8570F60B194F81B0248B144F6E063C4
:10B86000191D002243F8098041F8095086F8582F25
:10B870000120B7E7FFE70022A9A102A803F01CF905
:10B8800038B102A942462B4648460097FEF7E4FA33
:10B89000A2E00022A4A102A803F00EF938B102A987
:10B8A00042462B4648460097FEF7FEFB94E00022F6
:10B8B0009FA102A803F000F920B102A83946FEF7C3
:10B8C0005DFB89E09CA29EA102A803F0F5F898B167
:10B8D0009DF8552102A9384612B99DF856210AB1A2
:10B8E00099A296E09CA22B9B9DA1CDE90012A04AB3
:10B8F0000121FCF7BDFF6FE09EA291A102A803F019
:10B90000DBF828B102A93A464846FFF759F963E047
:10B910009AA28BA102A803F0CFF828B102A93A4657
:10B920004846FEF7BDFE57E096A285A102A803F0A7
:10B93000C3F828B102A93A464846FFF7E9F84BE0B8
:10B9400092A27FA102A803F0B7F838B102A942463B
:10B950002B4648460097FEF7DFFE3DE08DA278A11A
:10B9600002A803F0A9F828B102A93A464846FEF712
:10B970000BFC31E089A272A102A803F09DF828B166
:10B9800002A93A464846FEF77DFD25E085A286A13C
:10B9900002A803F091F858B978A283A102A803F095
:10B9A0008BF828B977A280A102A803F085F838B1F6
:10B9B00002A942462B4648460097FFF749F90BE09B
:10B9C0007BA102A800F000FC40B102A942462B4630
:10B9D00048460097FDF7B0FF04460FE076A102A8A5
:10B9E00000F0F2FB90B1DDE92F102B9B73A2CDE9A3
:10B9F000000100213846FCF73BFF04249DF8B0000D
:10BA0000F0B397F81804012806D042E07AA238462D
:10BA100002A9FCF7C1FEF0E7052C4BD0DDF8ACB075
:10BA2000CDF800A06CB30021BA4601915FEA0B018A
:10BA30002FD096F84C1F01EB011109EB4117083785
:10BA40004FF408713846D5F74DF9C7F810B2514692
:10BA5000009AC7F81422C7E98285BAF80822A7F825
:10BA600018229AF80A02521C87F81A02019887F8DD
:10BA70001B023846D5F795F8012087F81C0201E033
:10BA800007E008E096F84C0F401C00F01F0086F815
:10BA90004C0F14B10EE00121C6E796F8570F48B1DC
:10BAA00044F6E063191D002243F8098041F809506B
:10BAB00086F8582F204695E66261645F6C696E6572
:10BAC000000000006572726F722030207061727326
:10BAD0006520636F64653D25730000006C696E65C9
:10BAE0005F746F6F5F6C6F6E6700000072657175D9
:10BAF0006573745F636F6E666C6963740000000049
:10BB00006572726F7220256C75207061727365208A
:10BB1000636F64653D6261645F6C696E650000001F
:10BB200068656C6C6F00000070696E670000000053
:10BB300068656C7000000000696E666F00000000B0
:10BB400073686F77000000006261645F61726775FF
:10BB50006D656E7400000000756E6B6E6F776E0021
:10BB600053544D3332483732335647543600000071
:10BB70001480040873746174650000006A6F696E54
:10BB8000747300006D6F746F727300006D6F746F6B
:10BB900072000000636F6E66696700006469616728
:10BBA000000000006F66660073747265616D0000CE
:10BBB00062656E636800000061726D006572726F8D
:10BBC0007220256C752061726D20252E2A732063EA
:10BBD0006F64653D70726F66696C65206375727223
:10BBE000656E743D62656E63682072657175697219
:10BBF00065643D61726D0000756E6B6E6F776E5F90
:10BC0000636F6D6D616E64002DE9F041054691F83A
:10BC10006A0005F580440E4694F84D1F94F84E2FA7
:10BC20000128A1EB0200C1B20CD096F864000628EE
:10BC300008D0092806D00A2804D0012804D196F893
:10BC4000690008B1012700E00027082903D22FB1BD
:10BC5000D4F81C0F10B10020BDE8F08194F84D0F0E
:10BC600044F20841802200F0070005EBC0100844B0
:10BC70003146D4F7DBFFD7B1F16D05F58043C4F849
:10BC80001C1F184696F86A1003F6F86384F8281FFC
:10BC90000746316E05F58045C4F82C1FD6E90E1213
:10BCA00006C3D6E91001C7F8000FC5F8041F94F8C1
:10BCB0004D0F401C84F84D0F0120CDE770B5B0F852
:10BCC00018220C4605460146521C204605F506750D
:10BCD000D4F767FF29880120A4F80812A97884F80E
:10BCE0000A1284F8180470BD2DE9F04706000D46CD
:10BCF0000AD04DB106F5804494F8510F94F8521FC4
:10BD0000401AC0B2082802D30020BDE8F08794F89A
:10BD1000510F44F6880100F0070000EB800202EBAF
:10BD2000C000682206EBC00008442946D4F77EFF15
:10BD300094F8510F4FF00009401C84F8510F95F80A
:10BD4000591095F85000012906D009280AD00A2870
:10BD500008D0012803D021E0032803D122E095F880
:10BD6000570088B3A86CD4F81C2F904216D194F8D1
:10BD7000280F814212D1E86CD4F82C1F88420DD1D3
:10BD800006F58047C4F81C9F00203E46C7F8F80E11
:10BD9000C7F8FC0EC7F8000FC6F8040F95F850005E
:10BDA000032811D1A86CD4F8201F88420CD195F833
:10BDB000590094F8291F884206D1E86CD4F8301F46
:10BDC000884201D1C4F8209F01209EE770B506008B
:10BDD0000C4614D09CB194F86A0001280FD1E06D94
:10BDE00068B1206E58B194F8660040B1010606D4DF
:10BDF00094F86410032904D0411E084201D00320A6
:10BE000070BD204600F020FA0028F9D194F86400B3
:10BE100003280DD006F58045D5F81C0F78B9D5F864
:10BE2000200F60B995F84D0F95F84E1F884206D146
:10BE300021463046FCF781FF08B1002070BD01208B
:10BE400070BD2DE9F04106008846A0B051D0B8F190
:10BE5000000F4ED006F58044D4F81C0FE0B3D4F8A0
:10BE6000240FC8BB94F84D7F94F84E5F3FE005F077
:10BE7000070044F20841802206EBC01001446846E6
:10BE8000D4F7D4FE9DF86A1001290AD09DF8640009
:10BE9000092806D00A2804D0012826D19DF8690077
:10BEA00018B3D4F81C2F179890421ED194F8280F7D
:10BEB00081421AD1D4F82C1F1898884215D18022BB
:10BEC00069464046D4F7B2FE9DF86A0084F82A0F0E
:10BED0001898C4F8340F00E00BE004F624741798A7
:10BEE0002060012020B0BDE8F0816D1CEDB2BD42A4
:10BEF000BDD10020F6E70000082815D2DFE800F0E9
:10BF00000406080A0C0E101208A0704709A070471A
:10BF10000CA0704710A0704713A0704716A0704780
:10BF200018A070471CA070471DA070476E6F6E650B
:10BF300000000000636F6E6669675F696E76616C12
:10BF400069640000636F6E6669675F696E636F6D39
:10BF5000706C6574650000006C696E6B5F74696D70
:10BF6000656F7574000000006D6F74696F6E5F63BC
:10BF70006F6E74726F6C00007472616E73706F72AA
:10BF800074000000636F6E74726F6C5F646561644F
:10BF90006C696E650000000064726976657200006D
:10BFA000666565646261636B5F7374616C650000F4
:10BFB000082815D2DFE800F00406080A0C0E10125B
:10BFC00008A0704709A070470BA070470DA07047EC
:10BFD0000FA0704711A0704712A0704713A07047C0
:10BFE00015A07047626F6F740000000073656C6687
:10BFF0005F74657374000000756E616C69676E65CF
:10C000006400000064697361626C65640000000094
:10C01000656E61626C696E67000000007265616444
:10C02000790000006D6F76696E67000073746F7041
:10C0300070696E67000000006661756C7400000036
:10C0400070B526A20C4627A1054602F035FD08B1C1
:10C0500007203FE025A2284622A102F02DFD08B1CD
:10C06000022037E023A228461EA102F025FD08B1D8
:10C0700008202FE020A228461AA102F01DFD08B1D9
:10C08000092027E01EA2284616A102F015FD08B1DE
:10C0900001201FE01CA2284612A102F00DFD08B1EC
:10C0A0000A2017E019A228460EA102F005FD08B1EA
:10C0B00003200FE017A228460AA102F0FDFC08B1F8
:10C0C000042007E015A2284606A102F0F5FC00288E
:10C0D00002D005202070012070BD0000696E6974D7
:10C0E0000000000062656E6368000000656E6162BA
:10C0F0006C6500006A6F67006D6F76650000000078
:10C100006D6F6465000000006D69740073746F707A
:10C110000000000064697361626C6500636C6561B6
:10C12000720000002DE9F04399460023079E012785
:10C130000B70137089F8003086F8003003EB83052C
:10C1400090F8B4C107FA03F400EBC505E4B21CEAA9
:10C15000040F05F188052CD095F820C0BCF1080F1C
:10C1600004D2D5F814C0BCF1000F05D096F800C079
:10C170004CEA040C86F800C095F820C0BCF1010F11
:10C1800017D191F80080DFF838C048EA040881F838
:10C1900000806D68654503DCDFF828C0654503D97C
:10C1A00015782543157004E099F80050254389F867
:10C1B00000505B1CDBB2072BC0D3BDE8F08300004E
:10C1C0006F12833A6F1283BA70B504460D46084663
:10C1D000D4F773FC024694F84C0148B1D4F8B0008F
:10C1E000904205D1D4F8AC002946D4F78FFC08B1B1
:10C1F000002070BD012070BD70B504000D460CD04C
:10C200005DB10846D4F759FC02466068904204D1FB
:10C2100020682946D4F77AFC08B1002070BD0120BF
:10C2200070BD10B504000DD000290BD044F6C83005
:10C230004FF436722044D4F7F9FC04F58044012011
:10C2400084F8560F10BD00002DE9F041040073D0B2
:10C2500094F86400092806D00A2804D0082802D0DF
:10C2600000273D4627E094F866000127F0B300065A
:10C2700062D4002500E0F7B1012194F86600A940DE
:10C28000084218D004EB85063068E0F7EDF868B393
:10C29000F069E0F7E9F848B394F864000A2803D19C
:10C2A00094F86500012806D096ED070AB5EEC00A9D
:10C2B000F1EE10FA48D96D1CEDB2072DDBD394F8DE
:10C2C00064000A2842D1206DE0F7CEF870B1606DAD
:10C2D000E0F7CAF850B1A06DE0F7C6F830B194EDC0
:10C2E000140AB5EEC00AF1EE10FA00E024E02BD9F2
:10C2F00010EE100A1649884226DC94ED150AB5EEB8
:10C30000C00AF1EE10FA1FD910EE100A1149884246
:10C310001ADC114AD4E91201821A71F1000213D316
:10C320000E4B0022181A8A410ED394F8650001289A
:10C3300005D0022808D102E00320BDE8F08194F87E
:10C340006600411E084201D00B20F6E70020F4E70A
:10C350000000FA430000A040A086010080969800EB
:10C36000F0B50500174685B01E463CD005F5804463
:10C3700094F8550FC8B194F8560F002834D004A88B
:10C38000009044F6C83003AB02AA01A92844FFF785
:10C39000C9FE94F8DE0B40B994F8DF0B28B99DF87C
:10C3A000040010B99DF8080030B194F8570FD0B1CF
:10C3B00094F8580FB8B903E0002084F8580F12E041
:10C3C00044F6E060405905F580453A1AD5F8E41E78
:10C3D00076EB010207D3074A381A66EB0106801A8A
:10C3E00076F1000002D2002005B0F0BD012084F8F3
:10C3F000580FF9E740420F0070B5144640B13CB108
:10C4000000F5804393F8502F93F84F5FAA4201D173
:10C41000002070BD93F86E280A4344F608010144D9
:10C42000204683F86E288022D4F700FC012070BDDE
:10C430002DE9F041184C0F460546E6682068001DBE
:10C4400003F05CF938B922680121206992F82C20A8
:10C45000914088432061681C07D137B12168BDE84D
:10C46000F0410E48091D03F09FB920683544B542DC
:10C470004560216805D2A06B091DBDE8F04103F0BD
:10C480007BB9606B091D03F077F9A06A854200D281
:10C49000A562BDE8F0810000DC000124CC6002242C
:10C4A0002DE9F041054603F08BF92E4C2E4FA06884
:10C4B000401CA060206810B1606940B32DE0256089
:10C4C000A068012829D1002606EB860007EB800032
:10C4D00003F044F9761C072EF6D323488C3003F082
:10C4E0003DF92148A03003F039F91F48B43003F07A
:10C4F00035F91D48C83003F031F91B48DC3003F032
:10C500002DF919488C3060631430A06305E0E86AA7
:10C510002168C96A814200D825600120616A491CEE
:10C520006162E96A226988401043206101EB810061
:10C53000291D07EB800003F037F903F061F960690A
:10C5400000280CD02068E96AC06A884207D20749EF
:10C550004FF080500860BFF34F8FBFF36F8FBDE87F
:10C56000F0810000DC000124F05F022404ED00E013
:10C5700010B5044690F8510058B101280CD002289B
:10C580000FD0502080F31188BFF34F8FBFF36F8F10
:10C59000FEE7206B03F048F92046BDE8104003F0A9
:10C5A00043B910BD11484FF4705110B5420706D081
:10C5B0000E49C01D20F00700411AC1F570510C4C06
:10C5C000002301440839A4F1180221F00701C4E94D
:10C5D00000030C1A11604B600B60C0E900149460FA
:10C5E0004FF000415460516110BD0000E060022432
:10C5F00030010124144E4FF08058144CDFF8509055
:10C60000A6F1C80712E000BF03F0DAF8F068C568C9
:10C61000281D03F073F8A068401EA0606068401EEB
:10C62000606003F0EDF82846FFF7A2FF606800287D
:10C63000EAD138680128F9D9C9F80080BFF34F8FD3
:10C64000BFF36F8FF2E70000B8600224DC00012422
:10C6500004ED00E02DE9F05F88469A46910015460A
:10C66000DDE90B940A9EA5228346206BD4F710FBCC
:10C67000206B6FF0030101EB8501084420F00707F0
:10C68000780707D0502080F31188BFF34F8FBFF396
:10C690006F8FFEE7B8F1000F4FF000050ED00020BD
:10C6A000221818F8001082F8341018F8001011B190
:10C6B000401C1028F4D384F8435001E084F834502F
:10C6C000072E00D30626E662201DC4E9116503F09B
:10C6D00050F804F1180003F04CF8E564C6F10700C7
:10C6E000A06184F85050524624615946384664622D
:10C6F00000F0C0F8B9F1000F206001D0C9F8004087
:10C70000BDE8F09F30B5114900E011460A68824249
:10C71000FBD34B685C18844203D144680846234429
:10C720004B6043681D18954209D1084C183C246899
:10C73000A24209D052681A4442600A681268026034
:10C74000814200D0086030BD0460F9E73001012467
:10C750000648416B096829B1416BC968C9684968D5
:10C76000816270474FF0FF31FAE70000DC000124DE
:10C7700008484068401C4FF0500080F3118804D0F6
:10C78000BFF34F8FBFF36F8FFEE7BFF34F8FBFF342
:10C790006F8FFEE7380101242DE9F04100270446A0
:10C7A00003F0ACF9324E306808B9FFF7FBFE706950
:10C7B00004424ED1C4B3083460070ED004F0070021
:10C7C000C0F108000444600707D0502080F31188AE
:10C7D000BFF34F8FBFF36F8FFEE72CB370688442B7
:10C7E00037D82348183001460D6801E028460D4629
:10C7F0006968A14202D229680029F7D131688D42C7
:10C8000027D007682968016008376868011B10296C
:10C810000FD92819420708D0502080F31188BFF3A0
:10C820004F8FBFF36F8FFEE713E041606C60FFF73F
:10C8300069FF69687068401A7060B268904200D2FF
:10C84000B060002072691143C5E90001F068401C26
:10C85000F06003F007FC780707D0502080F31188C0
:10C86000BFF34F8FBFF36F8FFEE73846BDE8F0810F
:10C870001801012470B5041F094E231F4FF0807565
:10C8800021F0010125601C1F1960A0F120010B1F80
:10C89000266044380A606FF002051D6070BD00001C
:10C8A00071C702082DE9F04F544E054685B07068F7
:10C8B0000168CA68CC6B91682160016809698A07C0
:10C8C00001D4C90723D0F1F733FE401E07B27068C8
:10C8D000F1F7F2FD401E009703B2002203A81146B3
:10C8E000F1F729FB03A9616070680068027CC068E9
:10C8F000920705D5826942F002028261A16076E06A
:10C900008169826961F341028261A5606FE0A98853
:10C910002A88EB88891A6F88491CDA1B521C0FFA87
:10C9200081F90FFA82F8F1F703FE0146B5F9060026
:10C93000814203DC7068F1F7FBFD401E424607B2FE
:10C9400070684946B246EDF781FD00268146B5F98B
:10C9500002000DF1040B28E02E88ADF80460AE88CB
:10C96000ADF80860ADF80600ADF80A10C4F804B0E0
:10C97000C4F808B0DAF804000168C9688968216061
:10C98000BDF90A10B94201DDADF80A70BDF90A60BF
:10C99000B74205D10068C068816941F00201816138
:10C9A000204600F02DF80FFA88F000EB0908A8F1F6
:10C9B0000101B942D0DDB7421CD02B88ADF804305C
:10C9C000AB88ADF80830ADF80600ADF80A70C4F8D1
:10C9D00004B0C4F808B0DAF804000168C9688968CE
:10C9E00021600068C068816941F0020181612046D0
:10C9F00000F006F805B0BDE8F08F000058020124F1
:10CA00002DE9F0415F4C94B007466068F1F750FDA6
:10CA1000F968054609B1384688476068E9680068E2
:10CA20000288408812FB00F0884201D1012000E01A
:10CA30000020296859B1696831B128B907E06068F8
:10CA40000068816A01B1884728690028F7D16068C9
:10CA50000025F1F757FD01467868F8F783FA616819
:10CA60000646496919B17868F8F77CFA054656EA2E
:10CA7000050051D16068F1F75BFD401E0FFA80F8A8
:10CA80006068F1F719FD411ECDF800800BB200225D
:10CA900011A81146F1F74FFA386BB0B103A8F2F7BD
:10CAA0002DF9606811AAC16A079190F829108DF8D4
:10CAB0002610418DADF8101003A990F829008DF8CB
:10CAC0000F0038463B6B984726E06068C06A98B113
:10CAD0006946F3F7B9FE01281ED103A8F1F788FDD6
:10CAE000606811AA90F829108DF8171003A9C36A7D
:10CAF0003846F1F749FD0FE003A8F2F7FFF8606848
:10CB0000418DADF8101003A990F829008DF80F00A1
:10CB100038467A68F2F7DEF8606890F82810C9079E
:10CB20000CD006B906693846314600F09DF96068B8
:10CB3000406990B105B9054629460BE0406928B126
:10CB400005B905463846294600F08EF90EB96068E9
:10CB500006693146384600F087F96068F1F7CAFC8B
:10CB60000146384600F080F96068F1F7BBFC0146E9
:10CB7000384600F079F9606814B0BDE8F041EBF791
:10CB800047BE0000580201242DE9F0412C4C002042
:10CB900020606068B0F85051002D4ED0002703E0AF
:10CBA000411991F83011D1B16D1EF9D50068416B72
:10CBB00001B18847606800260168C9688A6922F067
:10CBC00001028A610168C9688A6922F002028A61E9
:10CBD00090F8281041F0040180F8281022E02F4638
:10CBE000E4E7811991F83011D9B9BE4205D1016845
:10CBF000C9688A6942F001028A610168C9688A6964
:10CC000022F002028A6100EBC6003030FFF74AFED4
:10CC1000606800EBC6003030F1F756F9216808442F
:10CC20002060761C6068B0F85011B142D9DC90F8F1
:10CC3000281021F0040180F82810BDE8F0810000E0
:10CC4000580201242DE9F04F0C468246012120466E
:10CC50008BB0F6F717FD00287ED12046E0F775FC73
:10CC6000050027D0002120466122F6F7B9FB00F02D
:10CC7000FF09B9F1020F6FD36B462A462146504691
:10CC8000EFF73BFD012867D101276846002204F138
:10CC90001401DFF7F5FEA8B100208DF82000122165
:10CCA000204608AACDF824D0F2F724FE9DF82000F3
:10CCB00038B107E00BB021465046BDE8F04FF6F71B
:10CCC000D9BF0027012D01D147F0020769463A4636
:10CCD0005046F1F779FF05003ED0002120466F2233
:10CCE000F6F77EFB00B20021804660F30F06204677
:10CCF0007022F6F775FB01B24FF06403C8F34130C0
:10CD000061F31F4601284FF4FA624FF47A7B17D182
:10CD100028F4C040904213DCB4F818C05845B4F869
:10CD20001480ACEB080C0CF1010C0FFA8CFC01DD4B
:10CD3000C0F57A700CFB00FC9CFBF3F060F30F066F
:10CD4000C1F34130012813D121F4C04090420FDCDF
:10CD5000618BE28A891A00E080E0491C09B25845DB
:10CD600001DDC0F57A70414391FBF3F060F31F469B
:10CD700002A8F1F73DFC002120466E228DF81390A9
:10CD8000F6F72EFB00B2ADF80800B0F5616F02DDDA
:10CD9000A0F5616003E0002803DA00F56160ADF8FA
:10CDA0000800002120466D22F6F71AFB0021ADF89D
:10CDB0000A0068222046F6F713FB8DF81400B90725
:10CDC000284840680068007CC0F3C0008DF81C0053
:10CDD0003AD52868A860688A69896A680144B5F903
:10CDE0000600491EEA6009B2E98181422CDDE88132
:10CDF0002AE0B80705D53B462A4651462046EFF7BC
:10CE000049FC21465046F6F735FFDAF8040029467A
:10CE1000A28A32440088101AADF80C00DAF8042017
:10CE2000E08A00EB26405288801AADF80E0002AA74
:10CE30005046F1F7C4FEB8070CD5E889698A401C52
:10CE400068810144491EE981B5F90A00BDF906105F
:10CE50008842CEDD29465046F1F7EAFE0BB0BDE828
:10CE6000F08F0000580201242DE9F0470C008146A4
:10CE700005D11B484068F1F745FB04002AD0214644
:10CE80004846FFF7DFFE1FE00027F5F73BFC0025D3
:10CE9000064608E0A068006850F82510E7B148464B
:10CEA000FFF7D0FE6D1CB542F4D317214A46204649
:10CEB000F2F720FD18214A462046F2F71BFD192102
:10CEC0004A462046F2F716FDA0464046F5F71AFD01
:10CED0000400D9D1BDE8F0874145E3D10127E1E75E
:10CEE000580201242DE9F04F464C8DB0606801686E
:10CEF0000A7CD2077ED0C968496800297FD000F536
:10CF0000AC70E0F7D0FA002879D160680168CA688F
:10CF1000936811680C938B4200D151688946F1F7F0
:10CF2000CBFA20210B9003A8D3F7DCFE0025A04606
:10CF30003CE0411991F83011B9BB00F5AC70E0F755
:10CF400020FA0646A0462EE0D8F8040031464446B2
:10CF500000F5AC70E0F727FA83466068314600EBD5
:10CF6000C502303203A8DFF7B3FC0746401C19D0D6
:10CF700000240DF10C0A09E0E0F746FA0AEBC401BF
:10CF8000641C64B20A68026049684160BC42D8F817
:10CF90000400314600F5AC70EEDBE0F78DFA304668
:10CFA000F4F73AFC5E46002ECED16D1CD8F8040092
:10CFB0004446B0F85011A942BBD800F5AC702546E4
:10CFC000E0F7DFF912E00B982346CDF80090CDE9A9
:10CFD00001046868DDE90B210068C06B866BB0470F
:10CFE0006868214600F5AC70E0F7DDF90400EAD18D
:10CFF000686800E003E000F5AC70E0F7ACF90DB054
:10D00000BDE8F08F580201242DE9F0410746F5F7FD
:10D0100079FB0024054612E0B868006850F82460E7
:10D020003046F6F799FC002230462A21F2F762FCDE
:10D030003046F6F791FC3046FFF7E6FF641CAC4241
:10D04000EAD3BDE8F081000001220248D103D9F7FC
:10D05000EBBA0000001002582DE9F04788469946C7
:10D0600017460546D8E902460EB9E7F7FDFC0CB9AC
:10D07000E7F7FAFC05EBC711E66001EB8900B46045
:10D08000826B42450FD1AC4284630CD105EB870221
:10D090000120516900FA09F39943516103D12969CB
:10D0A000B84081432961BDE8F087037E012B17D189
:10D0B000022341760229037604D0032906D00129F0
:10D0C00008D00AE0816A491C816206E0C16A491CF5
:10D0D000C16202E0016B491C0163114601F0F0BF1F
:10D0E00070470021AFF300802DE9F041044690F82D
:10D0F000C8040E4648B194F89C06002841D1204649
:10D10000E7F7CEFE050002D005E002203DE0D6B3F1
:10D11000072E39D8354694F89806002618B184F8B9
:10D12000986684F89A6604F5B66038218046D3F78D
:10D13000D9FD94F8C0040127691E94F8C62494F818
:10D140006F3600F07F0007FA01F1084384F8CC55F0
:10D150004FF0080C84F8BCC5032B40EA020084F8A9
:10D160009E0601D084F86F6641462046EDF7E4FA4A
:10D1700084F89976062084F8080684F89C7684F86A
:10D180009D76BDE8F081FFE70E2084F86E06F8E793
:10D1900070B50446E8F751FB08B10B2501E094F89F
:10D1A00048562046FAF764FF84F849560020C4F830
:10D1B000800684F8960684F8970670BD01EB81011D
:10D1C00000EB41101346034AA02100F24220D3F79E
:10D1D00059BA000068EC02082DE9F0410400154638
:10D1E0000E4606D02DB1A078082804D00520BDE851
:10D1F000F0810120FBE7084600F02BFA60B1E078EF
:10D2000000F00F002875E178401E0E284FEA11103B
:10D21000687503D90220EAE70420E8E7A379E179F9
:10D22000A0881F01227AD6ED000A01F00F0347EA19
:10D23000111840BA1021B1EE600A42EA032700F04B
:10D2400030FA85ED000AD6ED010A0C214046B1EE18
:10D25000600A00F026FA85ED010AD6ED020A0C21DB
:10D260003846B1EE600A00F01CFA85ED020A607AD9
:10D2700000EE100AB8EE400A85ED030AA07A00EE2F
:10D28000100A0020B8EE400A85ED040AAFE728B185
:10D2900021B18278082A03D0052070470120704709
:10D2A0004279332A03D0552A01D0062070470379EA
:10D2B000C27803F0070342EA03220A8182798A7264
:10D2C000827AD0F8070062F31F600860486000208F
:10D2D0007047012170EE601A8140491E00EE101A5D
:10D2E00071EE600AB8EE400A21EE800A80EE201A44
:10D2F000BCEEC10A10EE100A70472DE9FC41140083
:10D300004FF000020092019205D0421E0E2A04D96D
:10D310000220BDE8FC810120FBE7012903D002299E
:10D3200001D00320F5E78DF8000055228DF8041098
:10D330000D0A8DF802200A238DF805500E0C0F0EF1
:10D340008DF806606A4640F2FF7120468DF8033082
:10D3500008238DF80770E6F792FF0028D9D0062041
:10D36000D7E700002DE9F0475FEA02090C46824644
:10D370002DED068BB0EE429AB0EE618AF0EE418A56
:10D38000F0EE609AB0EE40AA82B009D0AAF1010096
:10D390000E2807D9022002B0BDEC068BBDE8F0874D
:10D3A0000120F8E7084600F054F9E8B31AEE100A35
:10D3B000DFF77DF8C0B319EE900ADFF778F898B37D
:10D3C00018EE900ADFF773F870B318EE100ADFF763
:10D3D0006EF848B319EE100ADFF769F820B394ED40
:10D3E000001AB0EECA0AB4EEC10AF1EE10FA27DC58
:10D3F00094ED010AF0EEE90AF4EEC00AF1EE10FA3B
:10D400001EDCF5EEC08AF1EE10FA19D318EE900A80
:10D410003749884214DCB5EEC08AF1EE10FA0FD31A
:10D42000344918EE100A00E00AE0884208DC94ED66
:10D43000020AF0EEC90AF4EEC00AF1EE10FA01DDBC
:10D440000420A8E71020F1EE410AB0EE4A0AFFF7E7
:10D4500040FF94ED011AB0EE690A06460C20F1EE89
:10D46000410AFFF736FFDFED259A9FED231AB0EE54
:10D47000680AF0EE690A80460C20FFF72AFFB1EE39
:10D48000041AF0EE690AB0EE480A05460C20FFF7D0
:10D4900020FF94ED021AB0EE490A07460C20F1EE87
:10D4A000410AFFF716FF3C098DF804503B018DF847
:10D4B0000540370A8DF800704FEA08118DF80160B9
:10D4C00041EA15224FEA18118DF8021043EA1023A1
:10D4D0008DF80630082351468DF803206A468DF8F2
:10D4E00007004846E6F7CBFE0028AAD0062052E700
:10D4F0000000FA430000A0400000FA4300000000D2
:10D500007CB51C0017A3D3E90053CDE9005314D018
:10D51000431E0E2B01D902207CBD21B1B1F5807FC5
:10D5200001D003207CBDFB2A4FF0010507D0FC2A67
:10D5300005D0FD2A03D0FE2A01D001207CBD07289A
:10D540008DF8072002D89D406A0601D1084480B2B8
:10D550006A46082301462046E6F791FE0028EDD0F2
:10D5600006207CBDFFFFFFFFFFFFFF001CB514007E
:10D570004FF00002009201921CD0421E0E2A01D9E7
:10D5800002201CBD042917D0052915D0062913D067
:10D59000072911D008290FD00A290DD00D290BD049
:10D5A0000E2909D0152907D0162905D0172903D02F
:10D5B000242901D001201CBD8DF8000033228DF8F4
:10D5C000022004236A4620468DF8031040F2FF71C2
:10D5D000E6F755FE0028EED006201CBD30B50D0044
:10D5E00004462DED028BB0EE608AF0EE408A83B0E7
:10D5F00007D0601E0E2806D9022003B0BDEC028BB6
:10D6000030BD0120F9E718EE900ADEF750FF48B16F
:10D6100018EE100ADEF74BFF20B1B5EEC08AF1EE2E
:10D6200010FA01D20420E8E7B0EE680A684600F07C
:10D630004CF8B0EE480A01A800F047F808236A4603
:10D6400004F580712846E6F71AFE0028D5D006209A
:10D65000D3E710B5040022D02068DEF728FFF0B130
:10D6600094ED000AB5EEC00AF1EE10FA17DD60681D
:10D67000DEF71DFF98B194ED010AB5EEC00AF1EE98
:10D6800010FA0CDDA068DEF712FF40B194ED020A3B
:10D69000B5EEC00AF1EE10FA01DD012010BD002048
:10D6A00010BD01EE100A70EEC00A0120B8EE411A5A
:10D6B0008840401E20EE811A00EE900AF8EE601AB3
:10D6C000C1EE210A30EE800A704710EE101A10B534
:10D6D00001700A0A42700B0C83700C0EC47010BDEE
:10D6E00010B5826862B103780C78A34208D1406813
:10D6F0004B68984204D18868824201D1012010BD54
:10D70000002010BD70B505460068F5F787F80022C7
:10D71000044600692721F2F7EDF86069002228210C
:10D72000F2F7E8F8606928B194F82810890701D564
:10D73000F4F794FC0020606194F82810002221F096
:10D74000010184F82810A061602128681034F6F7E0
:10D7500021FE2068BDE87040F6F7FEB870B50546BA
:10D760000068F5F75BF80446F7F798FC6061002263
:10D770002B6826212361BDE870401846F2F7BAB83D
:10D7800070B50546F5F74AF8040022D026695EB167
:10D79000002230462521F2F7ADF8206920B10022A1
:10D7A00028462621F2F7A6F825610020A0615DB188
:10D7B000002228462721F2F79DF8206920B1002297
:10D7C00030462821F2F796F82846BDE87040F6F773
:10D7D000C3B870BD002200680A21F2F78BB80000C0
:10D7E0002DE9FF4F85B091460C460846F5F78AF8BB
:10D7F00010210646F5F746FF002877D03046F5F7AA
:10D80000DFF8002583463046F5F7A7F91434CDE953
:10D81000024000B9059C00213046F5F73EFD00218D
:10D8200000903046F5F7D6FD0146009808440FFAFF
:10D8300080F830460021F5F797FD01460098728B7D
:10D840000844F18A00B20190101AE78801EB080C35
:10D85000B9F802106388C01B081AACEB03020FFA78
:10D8600080FA3046521A17B2F5F70BF8A0EB080110
:10D870000198002FA1EB000000B204900BDBBAF17D
:10D88000000F14DA002F06DD3D463046F5F76CF93F
:10D89000401B0BD40BE0BAF1000F08DDCAF1000009
:10D8A00005B23046F5F73AF8E84200D5002503986E
:10D8B000012804D0022809D003280FD117E0F28AEA
:10D8C000618802EB08002944401A05E0718B019839
:10D8D000E288091A50191BE0284405B2304600249A
:10D8E000F5F734F90190A8B1029F14E0C4E0049860
:10D8F000F18A00EBD07208EB6200E2880144608894
:10D90000121A521C12B202EBD27205EB62021044E0
:10D91000081AE1E7059F00213046F5F737FD009929
:10D9200008440FFA80FA30460021F5F741FDB28A2B
:10D930000099B6F818C052443B88084401B20091DF
:10D94000B7F80480ACEB0101B9F80000D21AA1EBE2
:10D950000801411A121A10B209B200280ADB002984
:10D9600012DA002806DD04463046F5F731F8001BD0
:10D9700009D409E0002907DD484204B23046F5F732
:10D9800087F8E04200D500243046F5F775FEA0EB9D
:10D990000A0200980199A2EB000000B2012904D00C
:10D9A000022908D003290ED123E0B28A398802EB7C
:10D9B0000A0021442DE0318B0098BA88091A101909
:10D9C000081A204404B22E493046F0F769F92D496F
:10D9D00007463046F0F764F9384306D00022304657
:10D9E0000A21F1F787FF012846D15FEACB7012D0F8
:10D9F00014E000EBD072B18A0AEB62003A88084466
:10DA0000B988891A491C09B201EBD17104EB610193
:10DA10001144401AD5E7002C00DA00245FEA8B702D
:10DA200002D4002C00DD00245FEA4B7002D4002DEC
:10DA300000DA00255FEA0B7002D4002D00DD00251E
:10DA40000898B9F90010002800D02046B9F9022042
:10DA50000844A9F8000002D14FF0000000E0284679
:10DA600021461044A9F80200089B09B02A46304616
:10DA7000BDE8F04FF6F73ABD09B0BDE8F08F000001
:10DA800003DB0208EBDA020830B5AAB1B2F90050A4
:10DA9000B0F91A40B0F9363025449D4201DA1B1B1B
:10DAA0001380B2F90050B0F91A40B0F93A30254469
:10DAB0009D4201DD1B1B1380002915D0B1F90040E8
:10DAC000B0F91830B0F934201C44944201DAD21A6B
:10DAD0000A80B1F90030B0F91820B0F938001344C9
:10DAE000834201DD801A088030BD034610B5F5F78A
:10DAF00042F8084401B21846BDE810400022DFF7A2
:10DB00002ABD034610B5F5F73DF8084402B21846A1
:10DB1000BDE810400021DFF71EBDF8B505460C46F4
:10DB20000846F1F7EBF84FF4803628463146F5F712
:10DB3000A0FB0228E07008D9202231462846F5F7DC
:10DB40004FFC0090BDF80000A080312228463146ED
:10DB5000F5F746FCC0B284F82200022815D932221B
:10DB600028463146F5F73CFC00B22084002809DD48
:10DB7000302231462846F5F733FC0090BDF800000E
:10DB8000E08302E0002084F82200E07818B994F8DD
:10DB90002200002800D00120F8BD90F88C1607293B
:10DBA00000D3002101EB410202EB011100EBC100A7
:10DBB00098307047F7B5154E4FF4806514460F4600
:10DBC000002229463046D8F72FFD114802230122B2
:10DBD0006946DBF748FA60B9ACB101222946304604
:10DBE000D8F722FD0A48022322463946DBF73BFAE2
:10DBF00048B10848C16A491CC1620549D1F884107E
:10DC000001630020FEBD0120FEBD0000000C025893
:10DC1000E09C0224309E02242DE9F04FBBB0D8F7DF
:10DC200009FD0446D5F7B4FA05460E462046EFF73F
:10DC300095FD15A92046EFF76FFD9DF8600038B1FE
:10DC4000BDF854108148DDE916230094E6F744FE40
:10DC50007E482146E6F7FAFEDFF8F48198F80000E6
:10DC600038B198F8010020B1F7F79CF808B1012706
:10DC700000E00027D8F80800DFF8D091C246201A4B
:10DC8000052804D2A9F5D46090F89106B8B9714A74
:10DC900028463146CAF80840E1F72EF978B199F8DC
:10DCA00006002A466B493346CDE900076A48E7F784
:10DCB0004DFE664838A9E6F7EBFD30B909E099F862
:10DCC000060000212A463346EEE7634838A9F7F7F5
:10DCD000EFF85E4838A9E6F7EDFD0028F5D180465B
:10DCE0000FE004A8E2F742F8020003D05A4804A962
:10DCF000E7F7E0FDD5F740FA08F10108B8F1020FA7
:10DD000005D2554804A9E7F7FEFD0028E9D128A867
:10DD1000E1F71EFC18B1504828A9E7F7F4F84FF0D6
:10DD2000000830A8E1F724FC40B14B4830A9E7F7E0
:10DD3000A5F908F10108B8F1040FF2D34548BDF880
:10DD4000541034380180169911B99DF8601001B152
:10DD500001218046417283461798211AC8F80410A1
:10DD600099F80000F7F7EEF888F8080099F806101F
:10DD700088F80A1099F80810C8F80C10DAF80400AE
:10DD8000201A32285AD3382104A8D2F7ABFF19A899
:10DD9000F7F760F8CDE90456DAF81410D046491CBC
:10DDA000CAF81410089199F806108DF82C108DF807
:10DDB0002D7009B1F7B301218DF82E10DFB30021CA
:10DDC0000A91BDF8541001228DF83020ADF83210C0
:10DDD00099F80000F7F7B6F88DF834004FF47A712F
:10DDE0001798201A0E90229848430F90DDE91D10D5
:10DDF00008441090002001F095FC119004A8E1F770
:10DE0000D5FFD5F7B9F9DDE91D121144CBF8101093
:10DE10002499CBF814102399CBF818102299CBF839
:10DE20001C101199CBF820100A490C39081FD5F79E
:10DE30005DF901E005E007E0C8F804403BB0BDE84B
:10DE4000F08F00218DF82E100121B9E748A6022499
:10DE5000F8010124B8B20224A89F02242DE9F04160
:10DE6000304C05462046A3780069A5EB000223B399
:10DE70002D48012B2D4D4FF400414FF002074FF07C
:10DE8000030826D0022B37D0032B20D1E378284A71
:10DE900002EB03160022D8F7C7FB7278B11C30786A
:10DEA000FFF788FE06460020FFF7CEF8E078401C1A
:10DEB000C0B2E0700E2824D024E0642A07D30122E7
:10DEC0001C48D102D8F7B0FB25610120A070BDE845
:10DED000F081642AFBD30022D8F7A6FB0022112090
:10DEE0001146FFF767FE06460020FFF7ADF8D8F7AA
:10DEF000A1FB2061A77005E0782AE8D384F80280AE
:10DF0000E5E72F70002EE2D1002000F053FBA96A54
:10DF1000491CA96285F800800020BDE8F04100F0AE
:10DF20000BB80000D401012400100258309E0224D6
:10DF3000C80903080004025810B5040001D00122EA
:10DF400000E0002204484FF48061D8F76DFB0348DD
:10DF500080F8394010BD000000040258309E0224B1
:10DF60000186F5F7F9BC4186F5F7F6BC09B2F6F77C
:10DF7000D9BD09B2F6F7ECBD90F86F1603291AD097
:10DF8000022916D090F89F1639B190F8F51502299C
:10DF900011D090F8051611B10BE00220704790F8EF
:10DFA000F405082807D0022805D0032803D0042848
:10DFB00001D0072070470820704700294FF0010169
:10DFC00001D0F3F7AFBFF3F795BDF0B597B01446A6
:10DFD0000D46074601A8F0F791FEFF2211461046B4
:10DFE000F0F7B5F800900026BDF8000001A90090F8
:10DFF0002A46BDF80000ADF808003846F0F76AFE82
:10E000000FA8F0F7B1FD0FA923462A46384600961F
:10E01000F0F708FB17B0F0BD2DE9FC5F8A46834698
:10E0200090461F4600EB8A00DDF84490DDE90F655D
:10E030001AB20D9C816A01910FFA88F180680090F4
:10E04000F6F7F7FB0C9822B201B20098F6F710FC35
:10E05000129900220098F6F73BFD0098002201215A
:10E06000F6F725FD0EB1222100E0042100980022E0
:10E07000F6F70EFD172C01DA002100E002210098CE
:10E080000022F6F70AFD0DB1002000E04846F0F747
:10E0900035F8002201460098F6F70EFD15B16FF035
:10E0A0007F4000E00020F0F729F8002201460098A8
:10E0B000F6F7C2FC00980022FF21F6F7C9FCF0F742
:10E0C000F1F8002201460098F6F7C7FC00220098FC
:10E0D0001146F6F7CEFC0DB1052100E000210098B5
:10E0E0000022F6F7DFFC0AEB8A010E9B0098A022C3
:10E0F0000BEB411101F2127100F09CFD009801211F
:10E10000FFF75BFF0EB1012100E000210198FFF74E
:10E1100054FF002E37D07F1C08F105003AB201B23F
:10E120000198F6F786FB1E2C01DA601E00E01D2028
:10E1300001B20198F6F753FB1A2C01DA134900E0FB
:10E14000134900220198F6F7C3FC002201981146FA
:10E15000F6F7A3FC0DB1002000E04846EFF7CEFF34
:10E16000002201460198F6F7A7FC0198F2F77AFF22
:10E170003146D2F7DFFD002805D001983146BDE8D1
:10E18000FC5FF3F77FBABDE8FC9F0000ECED0308ED
:10E190000C430408092803D2024951F820007047B3
:10E1A00001A07047480B0308E69CAAE79FA5E998E1
:10E1B000B6E6AEB5000000002DE9FC470D8803F17E
:10E1C0001F008E8820F01F0714359846143691469C
:10E1D0000C46EAF79DF8280A8DF800008DF80150EA
:10E1E000310A8DF8021000228DF803604FF40041CF
:10E1F0006088000A8DF80400A0788DF80500E0889A
:10E20000000A8DF80600A0798DF807002348D8F79A
:10E210000BFA042269462A20FFF7CCFC98B30422AB
:10E220002B2001A9FFF7C6FC68B300222C20114661
:10E23000FFF7C0FC38B3012219489102D8F7F4F96E
:10E24000002F48460EDD00F01F013944BFF34F8F09
:10E25000144A1060203020390029FADCBFF34F8FB8
:10E26000BFF36F8FBFF34F8F1FFA88F20E484946F6
:10E27000DBF716F850B10D48C16A491CC1620A4962
:10E28000D1F8841001630020BDE8FC8708480169CB
:10E2900021F0080101610120F6E70000001002589A
:10E2A000000C025868EF00E0E09C0224309E02243B
:10E2B0000000024001460148E6F71AB8C0090224EE
:10E2C00070B5064621488EB090F89A0110B106202C
:10E2D0000EB070BD1E4C94F84C0008B1002531E022
:10E2E0002078F5E724216846D2F7FCFC1948D7F7D7
:10E2F0000DFC48B318480CAA09A9E6F7BFF818BBEB
:10E300009DF8260003A900F0EDF888B10020BDF8C3
:10E31000241002900DF127020490CDE90010059021
:10E3200069460690079008900A48D7F74BFA20B143
:10E330002069401C20610520CAE7E068401CE060BD
:10E340006D1CEDB2B542CDD30020C1E7C009022457
:10E35000A05F0224F07101245C0B02240A460146EE
:10E360000148E6F7E4B800005C0B02240A460146C7
:10E370000148E6F705B900005C0B022470B58AB0CD
:10E380000546202101A8D2F7ADFC1DB11948806BCC
:10E39000072802D201200AB070BD012640F2FF71A9
:10E3A0000022019202200691CDE90306144600BF27
:10E3B000C4EB0410029401A905EB800000890590CC
:10E3C0000C48D7F760FA90B9641CE4B2072CEFD37D
:10E3D00002220848012311460096D7F793FA30B974
:10E3E000012204481146D7F721FA0028D3D0022091
:10E3F000D1E70000F0710124144A154810B502F568
:10E40000CE73D2F88C41A0F12C018461D2F8902116
:10E41000826093F89122C261D3F888220262CA68AE
:10E4200042620A6982624A69C26211F8032C02637D
:10E430004A7842634A7982630A6AC2638A690264DB
:10E440004A6A4264896A816410BD0000C0090224DE
:10E45000A05F0224FEB51C4E502107461B48D2F790
:10E4600041FC1B48E5F72AFF1A48E5F7C9FF1A499E
:10E470001A4800F034FF154C012584F84D504FB177
:10E4800069463846E4F7F0FA20B13846FFF776FFE0
:10E4900090B901E028460FE01148D7F754FF08B1C2
:10E4A000032009E00E4800223146D7F747F928B18A
:10E4B0000B48D7F761FF04202070FEBD84F84C5054
:10E4C00000202070FEBD000001008003A05F022438
:10E4D000C00902245C0B02247DE50208F00D022431
:10E4E000F071012409B1082801D900207047034ABE
:10E4F00052F8200008600120704700004809030816
:10E50000014B83E807007047D000012413460A46F8
:10E510000146014800F0F6BEF00D02240A4601460D
:10E52000014800F0A4BF0000F00D02240A46014695
:10E53000014800F0BABF0000F00D02240A4601466F
:10E54000014800F0D1BF0000F00D02240A46014648
:10E55000054810B501F00EF8040003D103484068E7
:10E5600000B18047204610BDF00D0224D0000124E8
:10E57000014801F03FB80000F00D022410B530B1A1
:10E5800029B1D4F739FE002802D0012800D002209A
:10E5900010BD0000054810B500F02DFF044880684C
:10E5A000002802D0BDE81040004710BDF00D022445
:10E5B000D00001241F4A1D4970B51D480024147164
:10E5C0000C61026922F01F020261426A22F080029D
:10E5D0004262BFF34F8F0069C0070AD1164D286809
:10E5E000026822F001020260BFF34F8F0868C00783
:10E5F00001D0002070BD886820F440408860E9F7B1
:10E6000087FE0D4801218830C4630464C464046536
:10E6100080F8351080F8344085F8811085F8804006
:10E62000A5F86240A5F86A40084670BD0030014078
:10E6300000000240D4010124E09C02242DE9F041B5
:10E640000446D0F8880600250626216988420FD1A5
:10E650002046FFF7A2FAC068D4F88416884207D192
:10E660002046FFF79AFA007894F8241588420CD0D7
:10E6700084F86E66204684F8965684F89756C4F857
:10E680008056BDE8F041FEF783BD04F5A161204648
:10E690000F4601F069FA002884F86E061DD104F5D2
:10E6A000A860394638220746D2F7C0FA39462046D4
:10E6B000ECF742F83822394604F5AF60D2F7B6FAE3
:10E6C00084F89F56012084F89B5684F8086684F8E5
:10E6D0009A0684F8980684F89506BDE8F081000053
:10E6E0002DE9F04100240F460646486800E0641C0E
:10E6F000A04203D93968095D3D29F8D16CB3411EA8
:10E70000A1422AD93968021B04F1010801EB080073
:10E710003D21521ED2F7F0F9F8B996F84E010828BB
:10E7200002D30920BDE8F08106EB00153868C5E981
:10E7300033043A6802EB0801C5F8D4107968091B64
:10E74000491EC5F8D810CC35214600F05DF820B13F
:10E75000284600F07AF8002411E00720E2E700BF25
:10E7600006EB04106A68D0F8D010914205D12968F0
:10E77000D0F8CC00D2F7CAF958B1641CE4B296F8CC
:10E780004E01A042ECD8C0B2401C86F84E010020D9
:10E79000C8E70820C6E7A0F14101192901D82030B7
:10E7A000C0B270472DE9F041050016460F4619D05A
:10E7B000C7B1BEB1002411E005EB04103946CC30DE
:10E7C00000F098F940B105EB0411D1E93501C6E933
:10E7D00000010120BDE8F081641CE4B295F84E010F
:10E7E000A042E9D80020F5E720B11AB190F84D31E8
:10E7F0008B4201D80020704700EBC101D1E92F0105
:10E80000C2E900010120704710B5B8B1B1B102787A
:10E81000A2F141031A2B02D3613A1A2A0ED2012324
:10E820000FE0C25CA2F141041A2C09D3203C1A2C3F
:10E8300006D331340A2C03D35F2A01D0002010BD47
:10E840005B1C8B42EDD3012010BD70B505000CD0D0
:10E850002E68002E09D0002404E0305DFFF79BFFF6
:10E860003055641C6868A042F7D870BD2DE9F04FA0
:10E870009BB04FF0000B07000E4614465D46D9468C
:10E880008DF868B00CD05CB14FF4A8711046D2F787
:10E8900029FAAEB1B81910F8010C0A2804D005E025
:10E8A00001201BB0BDE8F08F761E14D0B81910F807
:10E8B000010C0D2800D1761EA02E01D90320F0E70F
:10E8C000002006E0395C20395F2901D30420E8E705
:10E8D000401CB042F6D3324639462046D2F761F9A1
:10E8E00000206B460DF1680A014604F806B021E0ED
:10E8F0005A4601E02254401CB04202D2275C202F2D
:10E90000F8D0B04218D20D2901D30920C9E7024638
:10E9100000E0401CB04202D2275C202FF9D1A7189A
:10E9200003EBC108A0EB020C4A1C43F83170D1B2D2
:10E93000C8F804C0B042DBD38AF800109DF86860C4
:10E9400096B100984FF0010800783038092826D891
:10E9500004F1A4004FF0000203003ED00198D8B3A8
:10E960004E4F0021054610E002209AE70098405CD7
:10E9700030380A2831D2BA422FD801D105282CD8F4
:10E9800002EB8202491C00EB42028D42EED81A6073
:10E99000D4F8A40000B1012084F8A8000125B542F4
:10E9A0004AD26E465DF8350006EBC5077968FFF779
:10E9B0002BFFE8B3D7E90001C4E92B0104F1AC0057
:10E9C0000746FFF742FF6D1C384635A184F84C819D
:10E9D00000F090F868BB02E0FFE7052061E732A194
:10E9E000384600F087F820BB31A1384600F082F8A5
:10E9F000F8B99DF8680085424AD206EBC50756F87B
:10EA000035003D217A68D2F777F890B956F835008D
:10EA10007968FFF7F9FE58B1D7E90001C4E92D0183
:10EA200004F1B400FFF711FF022084F84C0101E06B
:10EA300002E02DE06D1C2BE0062032E706EBC50757
:10EA40003D21D7E90002D2F757F840B14FF0010954
:10EA500039462046FFF744FE002886D116E0B9F17A
:10EA6000000F01D007201CE794F84D010228BFF4E5
:10EA70004CAF04EBC000C022D7E90013C0F8BC10B3
:10EA8000135094F84D01401C84F84D016D1CEDB2FB
:10EA90009DF868008542D1D3002002E79999991921
:10EAA00068656C700000000068656C6C6F000000A9
:10EAB00070696E670000000070B51500044615D03F
:10EAC0000220ACB1A1B194F84C21824210D104F1E2
:10EAD000AC0000F00FF858B135B104F1B40029468C
:10EAE00000F008F8002800D0012070BD0120E8E700
:10EAF000002070BD2DE9F04105000E4612D08EB108
:10EB00000846D1F7DAFF696881420BD100240DE095
:10EB10002868005DFFF73FFE0746305DFFF73BFECC
:10EB2000874202D00020BDE8F081641C6868A042E2
:10EB3000EED80120F7E72DE9F04304004FF0000084
:10EB400091B00E460746054684466AD0EEB3236868
:10EB5000DBB36268CAB3402A63D219782B2901D08B
:10EB60002D2915D1012013E0195CA1F13008B8F16D
:10EB7000090F05D830294FF0010708D0012506E01C
:10EB80002E294ED1BCF1000F4BD14FF0010C401C8F
:10EB90008242E9D8CFB119466846D2F702F86168D7
:10EBA0000027E8460DF80170D1F7D6FC81460760D2
:10EBB00010A96846DDF78CFDD9F80000022830D096
:10EBC000616801EB0800109900E02AE0884228D132
:10EBD000B4EE400AF1EE10FA23D110EE100AB0F1B3
:10EBE000FF4F1EDA10EE100A10F5000F19D225B1F2
:10EBF000B5EEC00AF1EE10FA13D0B5EEC00AF1EE90
:10EC000010FA04DD10EE100AB0F5000F09DBB5EEC6
:10EC1000C00AF1EE10FA08D210EE100A10F1FF4F00
:10EC200003D20A2011B0BDE8F083002086ED000A6F
:10EC3000F8E700002DE9F0410E46154607461C4650
:10EC400019463046D2F776F800280BD006A22346A4
:10EC500029463046D1F716FD31463846BDE8F04129
:10EC6000F2F710BDBDE8F08125730000C143491CD7
:10EC70000840B0FA80F0C0F11F00704718B1B0FA38
:10EC800080F0C0F12000401E70470000FEB506680D
:10EC900004460A4604210025708CC0F305100BE0E1
:10ECA000F36801EBC507DB599F0104D5A76823F082
:10ECB0007F43BB4203D06D1CA842F1D8FEBDA188A2
:10ECC00044295CD00EDC33294CD006DC202956D0F8
:10ECD000222954D0302913D151E0342942D0362989
:10ECE0000ED14CE0622940D006DC472947D0552997
:10ECF00045D0572904D135E0672933D0682931D070
:10ED000062B3FF2A2CD0D4E903031B1A534300EB50
:10ED100023200090F068012701AA50F83500F6F78B
:10ED2000EFFA60B1DDE90001884208D1BDF80020AA
:10ED3000BDF804309A4202D1884200D10027F06821
:10ED4000A188009A50F83500F6F770FC002FB5D076
:10ED5000A288A1682068F5F77DFAFEBDE068D8E7D3
:10ED60002069D6E7FF2AFBDAF8E7E0680028F7D049
:10ED70002369002BCDD0802ACBDB0093CAE7002A81
:10ED800001DCA0892DE0FF2A01DB208A29E0278A07
:10ED9000D2B2A389121DBFB213489BB24FEA072C0F
:10EDA0004CEA17274FEA032E4EEA132CBBB21FFA88
:10EDB0008CF743EA034347EA074707400340D2087A
:10EDC000DB1B534307EB5312024042EA124080B26E
:10EDD000020242EA1020ADF8080080B20290BDF8AD
:10EDE0000800ADF8000095E71FF8E0072DE9F041B5
:10EDF00004682648A6882568DEF7C3FA10E0A14219
:10EE00000BD008682268904207D18868A2689042B7
:10EE100003D18888A288904236D01C48DEF7C3FA16
:10EE20000100ECD1698C04200027C1F3051129E011
:10EE3000EA6800EBC703D258930122D5A36822F0F9
:10EE40007F429A421DD111482146DEF735FB20460C
:10EE5000F2F7E2FCE868314600EBC7042068F6F7F9
:10EE60006FFBE86850F83700F6F7F2FA00280BD08D
:10EE7000D4E9001020F07F422846BDE8F041F5F7C4
:10EE8000B8BA7F1CB942D3D8BDE8F08168B9022472
:10EE900070B50468A068A28800F47F062068314637
:10EEA000F4F79EFAE0600020A5882346A080314652
:10EEB00020682A4600F00CF8A580A1682068EBF7CE
:10EEC00077FB0068A188E268BDE87040F6F7AEBB4A
:10EED0002DE9FF5F00259A460E4607462548DEF7D6
:10EEE00069FA4FF4702804464FF004093CE0544599
:10EEF0003CD020482146DEF75AFA83462068B842C3
:10EF000031D1A068B04201D046452CD1A1880298E9
:10EF1000814203D0A0F57F41FF3924D1002511E0C3
:10EF2000F86809EBC50141588A010AD5464503D066
:10EF300021F07F41B14204D150F83500A188F6F7A5
:10EF4000FFFA6D1C788CC0F30510A842E8D80021A8
:10EF50002046EEF7A5FE07482146DEF7ADFA20462B
:10EF6000F2F75AFC01255C46002CC0D104B02846BB
:10EF7000BDE8F09F68B902240B4870B514000D4637
:10EF8000847003D003210170002000E00120FEF70F
:10EF9000D3FF06488368002B05D0C0682246294667
:10EFA000BDE87040184770BD309E0224D401012492
:10EFB000054948680AB101220A7000224A60002807
:10EFC00001D0EFF75BBA70471C0201242DE9F84F1E
:10EFD00092468B46002104466E22F4F701FA06B2EF
:10EFE000204600216D22F4F7FBF905B216B9B5F5FC
:10EFF000807F63D0002120466F22F4F7F1F90021D1
:10F00000ADF8000070222046F4F7EAF9ADF80200EE
:10F010006427BDF900004FF4FA684FF47A79C0F321
:10F020004131012915D120F4C040404511DC04F1E3
:10F030001400EEF758FF0146BDF9000020F4C0406F
:10F04000484501DDC0F57A70414391FBF7F0ADF81A
:10F050000000BDF90200C0F34131012911D120F4B3
:10F06000C04040450DDC618BE28A891A491C09B217
:10F07000484501DDC0F57A70414391FBF7F0ADF8EA
:10F080000200BAF1000FA18ABDF8002001EB0200D6
:10F09000ADF80000E08ABDF802100844ADF80200A7
:10F0A00006D04FF4803090FBF5F071420EB205B2FD
:10F0B0006B462A4631465846F5F7BEFDBDE8F88F47
:10F0C00070B504460D46C06861688847A8B1D4E9A8
:10F0D0000210884723690020A26C216A2064AA1AC2
:10F0E000E064491C2076002BE263216208D0627E36
:10F0F000616C6069BDE870401847A06B401CA0635C
:10F1000070BD000070B50C46064600F059FB154D69
:10F110002868C06C80B92968012081F850005CB172
:10F1200001212046FDF784F90F494FF08050086017
:10F13000BFF34F8FBFF36F8F00F062FB00F040FB17
:10F1400029680020CC6C34B116B12968C86402E08B
:10F150002A68611ED164296881F8500000F050FBD4
:10F16000204670BDDC00012404ED00E00088098821
:10F17000401A7047BFF35F8F002802D01220D7F7E4
:10F1800019BB704710B50446BFF35F8FE00702D08C
:10F190000B20D7F70FFBA00704D5BDE810402320B4
:10F1A000D7F708BB10BD00002DE9F04F90F89E2660
:10F1B00012B14FF0010801E04FF0000890F86F160F
:10F1C000012975D1D0F8C055D0E90034D0F8C41564
:10F1D000AE46ED1A8B46A1416AD2D0F87056D0F8EF
:10F1E0007416EE1A71EB040662D3324EEB1A61EB21
:10F1F00004019B1B71F100015AD290F8C01401F078
:10F200007F010A4380F89E2690F8C11400294FD14F
:10F2100090F8C21400294BD190F8C314002947D1AB
:10F220004FF47A7A4FF0010901EB410303EB011629
:10F2300009FA01F300EBC6051A42D5F8A86005F1FA
:10F240009805A6FB0A431BD095F800C04F1CBC458F
:10F2500014D1AF7897B16F7887B1962E0ED2EE7831
:10F2600066B92E7956B96D6945B9D0E900C5BCEBD0
:10F270000E0665EB0B05A41BAB4101D34FF0000854
:10F28000491C0729D0D3B8F1000F02D04FF0020279
:10F2900001E04FF0030280F86F264FF0000180F884
:10F2A0009C1601D002E003E04FF0090180F86E16D1
:10F2B000BDE8F08FF049020070B50500144606D095
:10F2C00029B124B1B4F5027F03D9082070BD032011
:10F2D00070BDA81CD1F765FC00202C8070BD70B5F6
:10F2E00004000D460DD045F2B011D1F7FBFC04F53A
:10F2F000A044C4F874510DB1012000E0002084F84E
:10F300008C0170BD2DE9F0471E4691460F4640F234
:10F31000014358B157B14EB100F5A04400253580E6
:10F3200000F2014194F88C211AB15CE00320BDE8A1
:10F33000F0870920FBE700BFB4F87A21B4F87AC15E
:10F340000CF1010CBCFBF3F8825C0A2A03FB18CC1D
:10F35000A4F87AC105D094F88BC1BCF1000F42D15A
:10F3600031E094F88B2152B1D4F8980184F88B5194
:10F37000401CC4F898010520A4F87C51D7E7B4F8E4
:10F380007C2142B300F5806C12F80CC0BCF10D0F6B
:10F3900005D1521E1204120CA4F87C2123D092B283
:10F3A0004A4503D30620A4F87C51C0E73846D1F77C
:10F3B000F8FBB4F87C013D54B4F87C0130800020A7
:10F3C000A4F87C51B3E7B4F87CC1BCF5007F03D34B
:10F3D000012284F88B2106E00CF80120B4F87C218E
:10F3E000521CA4F87C21B4F87A21B4F878C16245A3
:10F3F000A2D102209BE7002808D000F5A04090F899
:10F400008C11002902D0002180F88A1170472DE963
:10F41000F0411C460F461546DDE9071394F800C07D
:10F42000069E099ABC4505D30868401C0860072061
:10F43000BDE8F081297801EB810C0CEB012100EB98
:10F4400041001946FFF738FF0028F1D12878401C09
:10F45000B0FBF7F107FB110028702078401CC0B208
:10F4600020703178884200D930700020E0E71FB565
:10F47000C8B145F28C131B5CABB145F29C1345F24D
:10F4800081140444009403440392CDE9013145F210
:10F490007E11421800F5A343102100F20260FFF72D
:10F4A000B6FF04B010BD0920FBE77FB5D0B145F22F
:10F4B0008C131B5CB3B145F2A01345F284150344D1
:10F4C00045F28514CDE90212A91E04444218CDE983
:10F4D0000043431942F2A26410212044FFF797FF32
:10F4E00004B070BD0920FBE72DE9F0414FF00005A5
:10F4F000E8B300F5A04494F88C31C3B394F8883194
:10F50000042B0FD394F887610125D4F8A4715B1EF6
:10F51000761C06F0030684F8876184F888317F1C26
:10F52000C4F8A47144F2427394F8866106EB86072E
:10F5300007EB062600EB46001844FFF7BDFE002847
:10F5400013D194F8861194F8880194F88921491C04
:10F55000401C01F0030184F88611C0B284F88801D0
:10F56000904201D984F889012846BDE8F081FFE77F
:10F570000920FAE7F0B540F2014608B111B90AB125
:10F580000320F0BD00F5A04393F88C41C4B1B2F55F
:10F59000806F0ED8B3F87841B3F87A5105F201457F
:10F5A0002D1B6D1EB5FBF6F706FB1755ADB2AA4233
:10F5B00008D9D3F894011044C3F894010420F0BD95
:10F5C0000920F0BD00250AE0671C11F805C0B7FB53
:10F5D000F6FE00F804C06D1C06FB1E77BCB2954217
:10F5E000F2D3A3F87841D3F890011044C3F8900106
:10F5F0000020F0BD2DE9F041050057D005F5A044ED
:10F6000094F88C01002851D094F88A0100284DD13B
:10F6100094F8801144F66A70284440F20A2259B1E5
:10F6200094F87F11012601EB810303EB012105EB27
:10F63000410101F2026118E094F8841129B194F8B3
:10F640008331022642F2A26108E094F88811002971
:10F650002CD094F88731032644F2427103EB8307E0
:10F6600007EB032305EB43031944D1F79AFA44F659
:10F670006A70D4F87421415B801C284490470128AB
:10F6800016D002281AD0012084F88A01012E1BD03E
:10F69000022E26D094F8871194F88801491C01F0B5
:10F6A000030184F88711401E84F88801BDE8F081C9
:10F6B000D4F8A801401CC4F8A801F7E7D4F8AC01BD
:10F6C000401CC4F8AC01F1E794F87F1194F8800174
:10F6D000491C01F00F0184F87F11401E84F880015D
:10F6E000E4E794F8831194F88401491C01F00F01B8
:10F6F00084F88311401E84F88401D7E7D0E90132F1
:10F7000001699A60D0E901235A604A68824201D1B6
:10F7100082684A60002202610868401E086008682A
:10F720007047000008B9064800680021006B01E03E
:10F73000401C491C0278A52AFAD0C1F38F007047FB
:10F74000DC00012410B5044C8023046004F1540053
:10F750000860136010BD0000500301244FF0FF3318
:10F7600000F108010022C0E901130260C1600161DB
:10F77000704700210161704730B50B685A1C02D0F8
:10F7800000F1080202E0026904E02246546825689C
:10F790009D42FAD953684B6099608A605160086154
:10F7A0000168491C016030BD42684A6093688B6003
:10F7B00093685960916008610168491C0160704755
:10F7C000502080F31188BFF34F8FBFF36F8F0A492A
:10F7D0004868401C486001280CD10848006810F0B7
:10F7E000FF0F07D0502080F31188BFF34F8FBFF376
:10F7F0006F8FFEE7704700003801012404ED00E040
:10F800000849486828B1401E486001D180F311883A
:10F810007047502080F31188BFF34F8FBFF36F8F75
:10F82000FEE700003801012470B500282AD0164DEB
:10F83000A0F1080461686869014207D1502080F393
:10F840001188BFF34F8FBFF36F8FFEE722683AB185
:10F85000502080F31188BFF34F8FBFF36F8FFEE707
:10F860008143616000F04AF9606869680844686033
:10F870002046FCF747FF2869401C2861BDE870401E
:10F8800000F0F0BB70BD0000180101244FF0E02033
:10F89000002101614FF47A728161072303490968ED
:10F8A000B1FBF2F1491E416103617047B0000124D0
:10F8B00010B5D0F72DFE114910280ED300F1E0202D
:10F8C0000A7890F8F003904207D2502080F3118814
:10F8D000BFF34F8FBFF36F8FFEE709488968006859
:10F8E00000F4E060884207D9502080F31188BFF30C
:10F8F0004F8FBFF36F8FFEE710BD0000380101246A
:10F900000CED00E0020010B514D00F48006B38B1C8
:10F91000502080F31188BFF34F8FBFF36F8FFEE746
:10F9200000F0ECF800211046FCF782FD00F09AFB95
:10F93000002807D105494FF080500860BFF34F8F72
:10F94000BFF36F8F10BD0000DC00012404ED00E068
:10F9500070B504000D460BD095B11E4A106BB8B1BE
:10F96000502080F31188BFF34F8FBFF36F8FFEE7F6
:10F97000502080F31188BFF34F8FBFF36F8FFEE7E6
:10F98000502080F31188BFF34F8FBFF36F8FFEE7D6
:10F9900000F0B4F82368D2685919934204D98B4215
:10F9A0000AD9914202D807E08B42FAD9881A21601D
:10F9B0000021FCF73DFD00E0216000F053FB002832
:10F9C00007D105494FF080500860BFF34F8FBFF358
:10F9D0006F8F70BDDC00012404ED00E02DE9F041E3
:10F9E0000400884615D0FFF763FF5020EFF311861F
:10F9F00080F31188BFF34F8FBFF36F8F94F85000DF
:10FA0000022184F85010E16C491CE164012808D0FF
:10FA100025E0502080F31188BFF34F8FBFF36F8F25
:10FA2000FEE7A06A38B1502080F31188BFF34F8FF2
:10FA3000BFF36F8FFEE7144D0127286B98B1134871
:10FA400004F11801FFF7B0FEE06A2968C96A88422C
:10FA500005D9B8F1000F01D0C8F80070EF6186F346
:10FA60001188BDE8F081201DFFF748FEE06A2A6991
:10FA700007FA00F111432961044900EB8000B43911
:10FA800001EB8000211DDDE7DC000124A4600224DD
:10FA900010B586B0002405AA04A9039403A8049411
:10FAA000FFF750FEDDE9030100940023CDE90110CA
:10FAB00010480EA1059A00F0CCF90F490028C86241
:10FAC00011D0502080F31188BFF34F8FBFF36F8F99
:10FAD00001224FF0FF3088624A61CC6006B0BDE879
:10FAE000104000F00FB906B010BD000049444C456D
:10FAF00000000000F5C50208DC0001240248016B8B
:10FB0000491C016370470000DC0001241448016BAC
:10FB100011B10121C16170470021C1611149026920
:10FB2000B2FA82F2C2F11F0202EB820251F82230D5
:10FB30006BB101EB820101F108034A6852684A6027
:10FB40009A4201D152684A60D168016070475020E2
:10FB500080F31188BFF34F8FBFF36F8FFEE7000074
:10FB6000DC000124F05F0224F0B50C4606462DEDC2
:10FB7000028B91B0FEF711F80546207BEBF73AFFB8
:10FB800005F13C0102466846E5F77AFF217B6F46A6
:10FB90003046E5F707FD002819D1207B05280DD157
:10FBA000607F012802D002282BD1A2E096F8C90478
:10FBB00060B101213846F8F730FB38B1207B0228CC
:10FBC00009D0032807D004287ED104E0042011B016
:10FBD000BDEC028BF0BD94ED080AEAF7EDF980B1B7
:10FBE00094ED090AEAF7E8F958B194ED0C0AEAF73E
:10FBF000E3F930B194ED0C0AB5EEC00AF1EE10FA5B
:10FC000001D00320E3E7DDED030AD5ED061A94EDFC
:10FC1000080AB1EE601A31EE808AB4EEC10AF1EE44
:10FC200010FA64D3B4EEE00AF1EE10FA5FDC94ED62
:10FC3000090AB5EEC00AF1EE10FA58D9DDED040A52
:10FC4000B4EEE00AF1EE10FA51DC6878B8B1A878A9
:10FC5000A8B12869962812D2B0EE480AEAF7ACF9A2
:10FC600098B39DED010AB4EEC80AF1EE10FA3EDC3D
:10FC70009DED020AB4EEC80AF1EE10FA37D3207BEC
:10FC8000EBF7B8FE00B394ED0A0AEAF795F9E0B194
:10FC900094ED0B0AEAF790F9B8B194ED0A0ADDED9C
:10FCA000090AB4EEE00AF1EE10FA20D3DDED0A0AFB
:10FCB000B4EEE00AF1EE10FA19DC94ED0B0ADDED7A
:10FCC0000B0AB4EEE00A01E013E010E0F1EE10FAE6
:10FCD0000DD3DDED0C0AB4EEE00AF1EE10FA06DC0D
:10FCE000606B0F99884202D31099884201D90B208A
:10FCF0006DE700206BE70000014840687047000096
:10FD00001801012437481CB5374902688A4207D1D7
:10FD1000502080F31188BFF34F8FBFF36F8FFEE742
:10FD200031490068491E884207D1502080F311886C
:10FD3000BFF34F8FBFF36F8FFEE72C49FF200A7888
:10FD40000192087008788DF800009DF800209DF859
:10FD5000000002F0F002824207D0502080F31188A8
:10FD6000BFF34F8FBFF36F8FFEE79DF80020072092
:10FD70001F4C02F050022270A06005E09DF80020A8
:10FD800052008DF80020401E9DF800201206F5D488
:10FD90000328A06007D0502080F31188BFF34F8F55
:10FDA000BFF36F8FFEE74FF44070A06001980870BA
:10FDB0000C482030016841F470010160016841F095
:10FDC00070410160FFF762FD00206060D0F768FBC2
:10FDD0000848016841F040410160D0F74DFB002028
:10FDE0001CBD000000ED00E071C20F4100E400E026
:10FDF0003801012434EF00E02DE9FF5F99461646F3
:10FE00008A4683469000DDE90E87FCF7C5FC0500B5
:10FE10001CD05420FCF7C0FC040014D00020256343
:10FE200084F851004B46CDE90087CDE902403246C7
:10FE300051465846FCF70EFC2046FCF731FB0120EA
:10FE400004B0BDE8F09F2846FFF7EEFC4FF0FF300E
:10FE5000F6E7F0B585B0DDE90B740A9DA7B1DCB11A
:10FE600054262763022684F85160002703970DF17A
:10FE7000100C0095CDE901C4FCF7ECFB2046FCF723
:10FE80000FFB049805B0F0BD502080F31188BFF33C
:10FE90004F8FBFF36F8FFEE7502080F31188BFF3C1
:10FEA0004F8FBFF36F8FFEE72DE9F0411F4690465D
:10FEB0000D464FF0010690B10446FFF781FC0FB1EB
:10FEC000E06C3860022294F8500084F85020B8F1B9
:10FED000050F19D2DFE808F0230B0E141200502092
:10FEE00080F31188BFF34F8FBFF36F8FFEE7E16C94
:10FEF000294301E0E16C491CE16410E0022801D0D3
:10FF0000E5640CE0002635E0E16C491C07D0502088
:10FF100080F31188BFF34F8FBFF36F8FFEE7012887
:10FF200028D1201DFFF7EAFB154D0120E16A2A695F
:10FF300088401043286101EB8100124901EB8000E9
:10FF4000211DFFF731FCA06A38B1502080F31188E1
:10FF5000BFF34F8FBFF36F8FFEE72868E16AC06A77
:10FF6000814207D908494FF080500860BFF34F8F96
:10FF7000BFF36F8FFFF744FC3046BDE8F08100000F
:10FF8000DC000124F05F022404ED00E00148C068B9
:10FF900070470000DC0001242DE9F0412F4C206B5C
:10FFA000002728B1A069401CA0613846BDE8F08157
:10FFB000E668761CE66013D1606B006838B15020AB
:10FFC00080F31188BFF34F8FBFF36F8FFEE7606B35
:10FFD000A16B6163A063206A401C2062FCF7B8FB40
:10FFE000DFF87C80A06A864209D3606B0068A0B10C
:10FFF000606BC068C5686868864211D2A0622068DC
:020000040803EF
:10000000C06A00EB800158F82100012800D90127BF
:10001000E0690028C9D00127C7E74FF0FF30EDE7BE
:10002000281DFFF76BFBA86A18B105F11800FFF750
:1000300065FBE96A0120226988401043206101EBD9
:10004000810108EB8100291DFFF7AEFB2068E96AFA
:10005000C06A8142C9D30127C7E70000DC00012440
:10006000F05F02242DE9F0472C4D286B0024264632
:1000700038B1FFF7A5FB286B401E2863286B40B101
:1000800047E0502080F31188BFF34F8FBFF36F8F8D
:10009000FEE7234F0120A968D9B3A7F1B409804630
:1000A0003868E8B1F868C46804F11800FFF726FB67
:1000B000201DFFF723FBE16A2A6908FA01F01043CB
:1000C000286101EB810109EB8100211DFFF76CFB29
:1000D0002968E06AC96A8842E2D3C5F81C80DFE774
:1000E0000CB1FCF735FBAC6944B14746FFF754FF50
:1000F00000B1EF61641EF9D10020A861E86940B148
:10010000084901264FF080500860BFF34F8FBFF3BE
:100110006F8FFFF775FB3046BDE8F087DC000124E8
:10012000A460022404ED00E010B500290AD008788C
:10013000002807D005487844D0F7FCFD002801D0FE
:10014000002010BD0248784410BD00007E860100EA
:100150007686010010B500290AD00878002807D05B
:1001600005487844D0F7E6FD002801D0002010BDF6
:100170000248784410BD00006E86010066860100CA
:1001800002494FF0000000F06FB900BF0000F87F97
:100190000EF1020E2EF0030E5EF8046B364205D40B
:1001A000012A43EB030515F5001F12D8012841EB86
:1001B000010C1CF5001F0CD80ED14FEAD17C15F5AF
:1001C000001F0CEB4C0C0CF1020C08BF4CEBD37C69
:1001D00004E04FF0080C01E04FEAD37C0CEB4C0537
:1001E00026FA05F606F00706B6F1040C06D20EEB69
:1001F000860CBDE870404CF0010C6047DFE80CF065
:10020000090B02024FF000414FF00000A1F5002160
:1002100070BD19461046012851EB010418BFD4F5F2
:10022000001484BF002001F0004170BD00EE100AF0
:1002300000EE901AB4EE600AF1EE10FA78BF704743
:1002400000F00DB810B5FFF7F1FFEFF3008020F0DC
:10025000104038BF40F0004080F3008810BDBDE87A
:10026000104010B500F047F80000000900F007B892
:100270004FF0404010F1004FEFF300807047401006
:1002800058BFC0F14040491058BFC1F140418142C0
:10029000EFF3008070474FF07E5209E011F000420A
:1002A00004D54042C1F1000138BF491E42F07E52E0
:1002B0000B0002F1706212BF20235FEA0001704759
:1002C000B1FA81FCA3EB0C0301FA0CF120FA03FC58
:1002D00002EBC352C3F1200341EA0C0110FA03FC04
:1002E0005CEA416C42EB112018BF5FF0806C28BFC4
:1002F00020F0010070470EF1020E2EF0030E5EF8A2
:10030000044B244204D44FEA4102B2F17F4F11D88A
:100310004FEA4003B3F17F4F0CD80ED14FEAD07CA7
:10032000B2F17F4F0CEB4C0C0CF1020C08BF4CEB04
:10033000D17C04E04FF0080C01E04FEAD17C0CEBDB
:100340004C0324FA03F404F00704B4F1040C06D2BD
:100350000EEB840CBDE810404CF0010C6047DFE868
:100360000CF0070802024FF00040A0F5800010BD1D
:100370000846420018BFD2F1807288BF00F00040EA
:1003800010BD4FF04070E1EE100A70474FEAC123F4
:100390000A1543EA50534FEAC02C18BF43F00043FC
:1003A0001BD4A2F24E02D2F57C72C0F22080502AF9
:1003B000A8BF502223FA02F12CFA02F060B4D2F165
:1003C000200284BF03FA02F52843C2F100029CBF59
:1003D00023FA02F5284360BC704701F1804212F510
:1003E000801F04DA4FF000004FF00001704770B535
:1003F000FFF7CEFE49922480002001E06FEAE17011
:1004000001467047C2154FEA002318BF43F000436E
:100410000ED4D2F1BE0215D323FA02F1B2F1200CB0
:100420002EBF23FA0CF0C2F1200C03FA0CF0704737
:100430004FEA400CBCF1FE4F04D24FF000004FF0E9
:100440000001704710B5FFF756FF00BF92244980A6
:1004500000204FF0000170476FEAE07001467047DE
:10046000D0F73BBED1F72CB90CF00F03092B08BF16
:10047000082000F05F800A2B0BD0082B18BF7047B4
:1004800008BF1CF0400F0AD04FF000004FF00001F1
:1004900070471CF0400F18BF4FF0004070471CF031
:1004A000100F08D020F0704300F07F4242EAD301E1
:1004B0004FEA4370704700F0604021F07F4242EA0B
:1004C000000201F07F4040EA727070474FF0FF0C6D
:1004D0004CF4E06C1CEA11531CBF9CEA030C9445DD
:1004E000C2BFDA4201EB02517047002B0DD0BCF1C4
:1004F000000F0FD0002A01F00041A4BF41F0E041FD
:1005000041F07F614FF00000704701F000414FF073
:100510000000704750EA01334FF09B0C18BF4CF0BD
:10052000806C7FF42DAE7047D1F796BCD1F712BE28
:10053000D1F7A0BF1CF4801F11D01CF4E02F03D012
:100540006FEACC31490070474FF04050EFF3008222
:1005500022F0704242EA000282F3008870474FF0B6
:1005600000007047A87D040815A2000803000000E1
:100570000000000000050000F8250124F8390124DE
:10058000C87D040805A30008020000000000000068
:10059000800100004C3A01244C400124987D04085D
:1005A00045A5000801000000000000000005000053
:1005B000A0400124A0540124D47D040839A60008D9
:1005C000000000000000000080010000F45401243D
:1005D000F45A0124E07D040811A60008FFFF000082
:1005E0000000000000040000485B0124486B012467
:1005F000B87D04081DA40008FEFF000000000000F4
:10060000800100009C6B01249C7101248C7D0408F6
:1006100065A30008FEFF00000000000000080000C5
:10062000A4050124A4250124000500008001000088
:1006300000050000800100000004000080010000AF
:100640000008000000061016000610160001020344
:1006500004050607080C10141820304000000000A4
:10066000000000000000000000000000000000008A
:100670000100000002000000030000000400000070
:100680000000000005000000000000000000000065
:100690000000000006000000000000000000000054
:1006A0000000000007000000000000000102030439
:1006B0000102030406070809303132333435363776
:1006C00038394142434445460000000062656E638C
:1006D00068000000C47E040801000000070000005C
:1006E00000000100110000000000000000000000F8
:1006F00000000000000000000000000000000000FA
:1007000000000000000000000000000000000000E9
:1007100000000000000000000000000001000200D6
:1007200012000000000000000000000000000000B7
:1007300000000000000000000000000000000000B9
:1007400000000000000000000000000000000000A9
:100750000000000000000000020003001300000081
:100760000000000000000000000000000000000089
:100770000000000000000000000000000000000079
:100780000000000000000000000000000000000069
:10079000000000000300040014000000000000003E
:1007A0000000000000000000000000000000000049
:1007B0000000000000000000000000000000000039
:1007C0000000000000000000000000000000000029
:1007D00004000500150000000000000000000000FB
:1007E0000000000000000000000000000000000009
:1007F00000000000000000000000000000000000F9
:1008000000000000000000000000000005000600DD
:1008100016000000000000000000000000000000C2
:1008200000000000000000000000000000000000C8
:1008300000000000000000000000000000000000B8
:100840000000000000000000060007001700000084
:100850000000000000000000000000000000000098
:100860000000000000000000000000000000000088
:100870000000000000000000000000000000000078
:1008800000000000416574686F725F726F626F00F4
:100890000000000000000000000000000000000058
:1008A00000000000302E312E302D706861736530ED
:1008B0000000000000000000000000006E6F742DBA
:1008C000696E6A65637465640000000000000000E2
:1008D0000000000000000000000000000000000018
:1008E0000000000000000000000000006165746866
:1008F0006F722D636F6E74726F6C6C65722D303118
:1009000000000000000000000000000061726D2D7A
:1009100030310000000000000000000061657468D4
:100920006F722D746578742D763100000000000020
:1009300000000000000000000000000007080A049A
:1009400005060D0E2415161700000000010000001A
:100950000200000003000000040000000500000089
:10096000060000000700000008000000FF0F000064
:10097000300364069909CF0CB48404086884040821
:10098000BC8404080884040874840408848404086B
:1009900048840408DC840408948404081885040846
:1009A00000850408CC840408F8830408E88304085C
:1009B000A4840408588404083884040818840408AB
:1009C00028840408F0840408360170000000000048
:1009D00000000000000000003A0155000000000087
:1009E0000000000000000000B2050C0C00333300D2
:1009F0000000000000000000B7013500000000000A
:100A00000000000000000000BB01320000000000F8
:100A10000000000000000000C20101000000000012
:100A20000000000000000000C301150000000000ED
:100A30000000000000000000C401200000000000D1
:100A40000000000000000000C6010F0000000000D0
:100A50000000000000000000D002A4A1000000007F
:100A60000000000000000000E00ED0080E0909059B
:100A70003133481714153134E10ED0080E09091529
:100A800031334817141531342100000000000000F4
:100A9000000000000000000029000000000000002D
:100AA0000000000000000000B9E10208B5E50208FE
:100AB00049D00208030201000000000000002300EA
:100AC0001701D10006040302010100000000060422
:100AD000030302021600000002010000A0850408C2
:100AE0007C860408908604088C850408C085040868
:100AF0004C870408F08504083C870408A486040891
:100B00001C8604081C87040800860408E085040885
:100B10002C8604084C8604085C8504085885040863
:100B2000D4860408E4860408F88604087C86040851
:100B30008C85040890860408D0850408F085040894
:100B40003C870408108604083C860408B486040820
:100B50000C870408D0850408F08504085C87040825
:100B60005486040890850408B08504080306150619
:100B7000150615121512031203120306000A030AC2
:100B8000000E030E150C180C0702110207020706CF
:100B900011021106080A100E100A080E02020216AF
:100BA0000216171605100A0A0A0A0F0E0F0E16056E
:100BB000061306150C110C15130B1315050A140A50
:100BC000140A1417141705170517050A080A08044C
:100BD00008040B010B010F010F0112041204120A89
:100BE0000C0E0C13C48604086085040828850408CC
:100BF0003485040870850408648604088085040828
:100C000070860408408504084C850408F0850408B3
:100C10003C8704082C8704082C8604084C860408AA
:100C20005C85040858850408D48604080020002F39
:100C30004002F4001F3001F3000F2000F2000E10FC
:100C400000E10003000010004F6003D5000580396B
:100C50001008E06F1007D05F0005C03E0004A02C14
:100C60000000000000000000000000000000000084
:100C70000000000000000000000000000000000074
:100C800000000400210000D00B30002B00C1000444
:100C9000900E000FFFFFFF5008503A0000B2068090
:100CA00005FFFFFFF000E00A40001C00B20003A0B7
:100CB0000D00005900E0000000E00000000F0000FF
:100CC000007EFC60004F713B3008D00000007E00C9
:100CD000000002EB20000002CE800000007EC10078
:100CE00000003E70000000AB0020000BA00CB537E8
:100CF000F40018DFC5000000F00000000E00000343
:100D0000CD900002B00000D3098000A400004C0088
:100D10003C003A000005B003D00B2000003D005B12
:100D200005909C8000C50B60C2991A7002CD806846
:100D30000E103D0000000C12E000F0000007702DC6
:100D4000000F000001C000E002E0000086000A7011
:100D50008900002C00001BDA000009ED40000008AB
:100D6000C26E000000C601E000000B708B000000A6
:100D70007CAC10000004FB00006205EBE2003E11B9
:100D8000E70AC10AA05F100CC5E204F3001CF900D9
:100D90000CC437ECFA2019DDB403A5058008E00780
:100DA000D005C004A000000000000000000000000A
:100DB000000000000000066000D2006A000C500134
:100DC000F1004D0006B0007A0007A0006B0005D0CE
:100DD000001F0000D4000790002E100087000000C4
:100DE0001B0000B50005C0000E2000A70007A000F2
:100DF0005C0004D0004D0005C0006B00097000D4F9
:100E0000003D00097001D000010000000B200053DC
:100E1000C55107DFEA2007DD0001D187000000008F
:100E200000000000000000000000000000000000C2
:100E30000000000000000000000001800000002F02
:100E400000000002F00000113F11106FFFFFFF4093
:100E5000002F00000002F00000002F0000000170D1
:100E6000000000000000000008D207E600B505D031
:100E70000B2000003FFFC001111000000000000027
:100E800000000000100AE107D1000017000005A0D3
:100E90000000A500000E100004B000008700000D47
:100EA000200003C000007800000C300002D00000D9
:100EB0006900000B400001E000005A00000A5000E9
:100EC00000003BEB20002E839D1009B000D700E608
:100ED0000008C00F40006E02F30005F02F30005FE5
:100EE00000F40006E00E70008C009B000D7002E81C
:100EF0003AD10003BEB2000049E700000BBE70000B
:100F00000000E70000000E70000000E70000000E87
:100F100070000000E70000000E70000000E7000015
:100F2000000E70000133E832008FFFFFC0019CDA31
:100F30002001DA44CD00040002F50000000E70002C
:100F40000001F40000006E1000001E7000000BC0D5
:100F5000000008E2000008E3000009E6333304FF64
:100F6000FFFFF1019CEB4000CA44AE20010000E706
:100F70000000000E6000003BC10002FFC100000243
:100F80004BD20000000BB00000008E0040000BB000
:100F90004E9549F50039CEB40000002EC000000A7D
:100FA000EC000004E8C00000D78C00008C08C000F2
:100FB0002E408C000B9008C005E3229C20AFFFFF61
:100FC000FF5000008C00000008C00000008C0004EE
:100FD000FFFFF6005E33331006D00000007C0000F7
:100FE0000008DBEC500049328F50000000BC0000CC
:100FF0000007E00000008D0040000DA04E944BE281
:101000000039CEA2000007CDA2000AD549A004E213
:10101000000000AA0000000E60000000F69EEA102A
:101020001FD512CA00E60005F00D70003F208C00AD
:1010300006E001D935D70001ADC6003FFFFFFF1024
:1010400033333CA0000004E1000000C70000004E64
:101050001000000A90000000E50000003F200000A2
:1010600007E00000009C0000000AB0000000CA0079
:1010700000005CEC50004E626E4009A000A9008B9D
:1010800000099002E701D40005FDB70002C58EB14A
:1010900000D6001CB02F10005F02F30005E00AC468
:1010A00014D90007CEC700007DD910009D43AD00C4
:1010B0001F4000D703F10008B02F30007D00CB2186
:1010C0007EE002BEE87E00000008C0000000C8000C
:1010D00000004E200B846E80003BEC600007C10ACC
:1010E000E2001000000000000000100AE207C0004B
:1010F000100AE107D1000000000000000008D2073C
:10110000E600B505D00B2000000000000000000044
:1011100017D40004AEA5017DC710006F9100000038
:101120005BEA400000027DD810000004A40000002B
:101130000000000000000111111106FFFFFFF40084
:1011400000000000000000000111111106FFFFFF68
:10115000F40000000000000000000000000000009B
:1011600000000006C610000006BE9300000027DD48
:1011700070000001AF40005AEA4029EC710005936D
:10118000000000000000000000000000000110004E
:1011900005DFFA001C415E7000000BA000000E701D
:1011A00000008D100004E300000D8000002F4000BF
:1011B0000004000000010000005F6000003D4000EE
:1011C000000005ADDB810000002CB41037D5000015
:1011D0001D80000002D200098000000007A004D09A
:1011E000008DB8500E00A6009B24F300D10E202ED7
:1011F000101E000C20F006A003C000E00E008900C5
:101200006A005A00D205D23CC13D200A5009EA19B1
:10121000EB30005D00000000000000B9000000009D
:10122000000001BC520284000000005ADEC8100019
:10123000000002FC00000007BE2000000C6B7000E4
:10124000001F16C000006C02F20000B700C70001CA
:10125000F3008C0006FFFFFF200B92222D701E4032
:101260000009C06E000005F2BA000001E705FFFEAC
:10127000C700005F3236EA0005F10007E0005F10AA
:10128000006D0005F1004D70005FFFFFB10005F338
:10129000225BD2005F10000D9005F10000AB005FF3
:1012A00010000D8005F3235CD2005FFFED9200007B
:1012B00003ADDA30006EB65AE102E800002009D032
:1012C0000000000C900000000E700000000E700086
:1012D00000000C9000000009D000000002E80000AF
:1012E00040006EA659E40003ADDA3005FFECA30020
:1012F000005F335AE70005F10008E2005F10000DBF
:10130000A005F100009C005F100007E005F100005F
:101310007E005F100009C005F10000D9005F1000D9
:101320008E2005F335BE70005FFECA300005FFFF5A
:10133000FF505F43333105F10000005F10000005EE
:10134000F10000005FFFFF7005F43332005F100012
:101350000005F10000005F10000005F43333205F4A
:10136000FFFFF805FFFFFF505F43333105F1000039
:10137000005F10000005F10000005FFFFF8005F432
:101380003332005F10000005F10000005F10000024
:1013900005F10000005F10000000029CEA5000050B
:1013A000EC758E6001E9000020009D000000000C3B
:1013B0009000000000E7000333200E7000FFFC00E7
:1013C000C9000007C009D000007C002E800007C0C3
:1013D000006EB647DB00003ADEB70005F100006F93
:1013E0000005F100006F0005F100006F0005F1003D
:1013F000006F0005F100006F0005FFFFFFFF000513
:10140000F544448F0005F100006F0005F100006F06
:101410000005F100006F0005F100006F0005F1000C
:10142000006F0005F1005F1005F1005F1005F1008D
:101430005F1005F1005F1005F1005F1005F1005F1E
:1014400010000007F00000007F00000007F000001F
:10145000007F00000007F00000007F00000007F0A0
:101460000000007F00000007E0006000AC002EA537
:101470007E70003ADD700005F10005E4005F1003A6
:10148000E70005F101DA00005F10BC000005F19FE4
:101490003000005F8EE8000005FF77E200005F90FB
:1014A0000DA00005F1005F40005F1000BC0005F1D9
:1014B0000003F6005F100009D005F10000005F1086
:1014C000000005F10000005F10000005F1000000C1
:1014D0005F10000005F10000005F10000005F10042
:1014E00000005F10000005F43333005FFFFFF305D9
:1014F000F8000008F5005ED00000DE5005CD300099
:101500004DC5005C9900098D5005D4D000E3E5007D
:101510005E0D404C0F5005E0890970F5005E03E058
:10152000E20F5005E00C9B00F5005E007F600F505D
:1015300005E002C100F5005E0000000F5005F50057
:10154000006E0005ED00006E0005CC70006E000519
:10155000D4E1006E0005E0B9006E0005E03E306E9B
:101560000005F009B06E0005F001E55E0005F00031
:101570008C5E0005F0000D9E0005F00006EE0005F3
:10158000F00000CE000004ADDA3000007EA56BE56F
:101590000002E700009E100AD000001E700C9000B0
:1015A000000BA00E70000009D00E70000009C00CE6
:1015B0009000000BA009D000001E7002E800009E01
:1015C00010007EA56BE5000004ADDA200005FFFEEB
:1015D000C70005F3347EA005F10005F205F1000215
:1015E000F405F10004F205F1014DB005FFFFE9102B
:1015F00005F332000005F100000005F100000005D0
:10160000F100000005F10000000004ADDA30000038
:101610007EA56BE50002E700009E100AD000001EC8
:10162000700C9000000BA00E70000009C00E70003E
:101630000009D00D9000000BB00AD000001E70030E
:10164000F600008E10007F8349E5000005BFEB40E7
:1016500000000008E30000000001CE74500000000C
:1016600018CED105FFFED81005F3336DB005F1009B
:1016700004F205F10002F505F10005F205F3236E11
:10168000B005FFFFE80005F107E20005F100DA0010
:1016900005F1005F3005F1000CC005F10003F60014
:1016A0003ADDA30002EB659E2008D000020009E0AD
:1016B00000000003FB300000004DFB400000005C18
:1016C000FA000000006E800000000BB00620000C45
:1016D000A00BE855BE30006ADDA2007FFFFFFFF1DE
:1016E0001333E933300000E700000000E70000009A
:1016F00000E700000000E700000000E70000000035
:10170000E700000000E700000000E700000000E73D
:1017100000000000E7000006F000006E0006F00088
:10172000006E0006F000006E0006F000006E00067D
:10173000F000006E0006F000006E0006F000006E83
:101740000005F100007D0003F300009B0000E900AC
:1017500001E800006F956DD1000005CED91000CAD8
:10176000000006E07E00000BB03F40000E600D80E0
:10177000004F1008D0009C0004F200D70000E602E1
:10178000F200009B07D000005E0B8000000E5E3070
:1017900000000ADD00000006F900007E0000BC0029
:1017A00000D74F3000EF1001F41F5003DC5004F15C
:1017B0000D8007999007D00AB00B66C00AA006E01A
:1017C0000E32F10D7003F23E00E50E4000E46B00B6
:1017D000A83F1000C797006B5D00009AC3003E8AC7
:1017E00000006DE0000ED700003FB0000AF4003F9B
:1017F00050002E50AD0009C002E602E40008D09B64
:1018000000001E9E3000007FA000000AEC000003D4
:10181000E4E50000C909D0005E201E700D90008E26
:1018200016E10000D90BB00003F304F3000AB00086
:10183000C9002E40005E108C00000C81E500000500
:10184000E7C0000000DF500000008E000000007EB6
:10185000000000007E000000007E000000007E000E
:101860000009FFFFFFC00233336F60000000BB00C0
:10187000000006E20000001E80000000AD00000035
:1018800004F40000000D900000008E10000003E63C
:101890000000000CD33333303FFFFFFFD003CCA058
:1018A0004B0004B0004B0004B0004B0004B0004BF0
:1018B0000004B0004B0004B0004B0004B0004B002B
:1018C00004B0003CCA530000069000002D00000048
:1018D000C30000078000003C000000D20000086048
:1018E00000004B000000E100000A5000005A000018
:1018F00001E000000B40000069000002D05CC9005C
:1019000005A0005A0005A0005A0005A0005A0005D5
:10191000A0005A0005A0005A0005A0005A0005A02A
:10192000005A05CC900006F4000000CCA000002E68
:101930002E10000890B60000E305C0005D000E30D8
:101940000A70009800000000000000000000000085
:101950000000000000000000000000000000000B7C
:10196000EEEEEEEA003A000000003E8000000003C8
:10197000E60000000034000000000000000000004D
:101980000000000000000000000000000000000057
:101990000000000000000000000000000000000047
:1019A00000000000000000000000007BEC60007CF4
:1019B000648F30000000E80000036DA0008D97CA1E
:1019C00000AB000BA00E6000BA00DC44BEA003CE4A
:1019D000B48A0006B000000007E000000007E00045
:1019E000000007E000000007D3AEC50007ED64AFBC
:1019F0004007E1000CB007E00008E007E00007E066
:101A000007E00009D007E0000D9007EB44CE100777
:101A1000A5CEA200002ADD9102EC54B20AD000004B
:101A20000E7000001F5000000E7000000BC0000080
:101A300003EB44A6002ADD910000000C50000000DA
:101A40000F600000000F600000000F60002BEC5ED4
:101A50006002EB45CF600AD0000F600E70000F608F
:101A60001F50000F600F60000F600CB0001F60057A
:101A7000F946DE60005CEB3C60002AEC60002E93CF
:101A80005D700AA0005D00E50002F11FFFFFFF206E
:101A9000E50000000BB00000003EA43660002ADD27
:101AA000A400000010007EF801E81104F30004F225
:101AB000006EFFF016F42004F20004F20004F200BD
:101AC00004F20004F20004F20004F200006CEFFFE4
:101AD000905E517E310B9000D700B9000C6005E399
:101AE00006E2001DCEB30007900000008C322100FA
:101AF00002EFFFFD30A70002DA1F20000B90DA2072
:101B000018E202ADEC920006B000000007E0000011
:101B10000007E000000007E000000007D19DC400BE
:101B200007ED75BE1007E2003F4007E0001F5007B9
:101B3000E0000F6007E0000F6007E0000F6007E0C3
:101B4000000F6007E0000F6006B007C00000000053
:101B500007E007E007E007E007E007E007E007E04D
:101B600007E0006B0007C00000000000007E0007D7
:101B7000E0007E0007E0007E0007E0007E0007E056
:101B8000007E0007E0008D014DA09EB20000000025
:101B900000007D00000007D00000007D000000076D
:101BA000D00000007D000AC007D007E2007D04E4F9
:101BB0000007D1E800007ECDD00007FC1D70007E3C
:101BC000105E2007D000BB007D0003E507D0007E3B
:101BD0000007E0007E0007E0007E0007E0007E00D6
:101BE00007E0007E0007E0006E2001DA0007A2ADEA
:101BF000A208DD50007DC75DCB85BE1007E2006FF7
:101C00006002F5007E0004F2000F6007E0003F2054
:101C100000F6007E0003F2000F6007E0003F2000A6
:101C2000F6007E0003F2000F6007E0003F2000F6A0
:101C30000007A19DC40007DD75BE1007E2003F400C
:101C400007E0001F5007E0000F6007E0000F60078B
:101C5000E0000F6007E0000F6007E0000F60002A5F
:101C6000DD800002EB45DC000BC0002E600E700032
:101C70000BA01F500009C00E60000BA00BC0002E6F
:101C80006002EA45DC00002ADD800007A3AEC50043
:101C900007ED64AF4007E1000CB007E00008E00783
:101CA000E00007E007E00009D007E0000E9007FB26
:101CB00044CE1007D5CEA20007E000000007E000E8
:101CC000000007E000000007E0000000002BEC5CD3
:101CD0006002EB45CF600BD0000F600E70000F600C
:101CE0001F50000F600E60000F600CB0001F6005F9
:101CF000F946DE60005CEB3E600000000F60000013
:101D0000000F600000000F600000000F6007A2AE2F
:101D1000207CC75007F600007E000007E000007E30
:101D2000000007E000007E000007E0000001ADD9E0
:101D300010BC43940E7000009E7100006DE700001F
:101D400005E9000008C3D625D805BED8000061000B
:101D500001F20002F2008EFFF816F42104F20004F2
:101D6000F20004F20004F20003F30001EA33005D24
:101D7000E809C0003F3009C0003F3009C0003F30D3
:101D800009C0003F3009C0003F3009C0003F3008A3
:101D9000E0007F3004F849BF30007DD80E309D0050
:101DA000007E04F2000B900D7001F4008C006D00B9
:101DB00003F20B80000D61E300007B5D000002EB8D
:101DC0008000000CF300006E0005F4001F42F400D8
:101DD0009D8005E00D700D7C009B009B02D1E10C05
:101DE0007005E06A0D51F3001F3A60984E0000C67E
:101DF000D205C7A00008CD001EC600004F9000CF3E
:101E000020003F5004E309D00C9001E75E10006E03
:101E1000D600001EE000009BD70003E25E200C907D
:101E20000BB06E1002E69D00006E03F3000B900CE9
:101E30008001E4007D005E0001E40A90000A90E465
:101E400000004E4E000000DC90000008F40000008E
:101E50006E0000000C90000038E200004EC300004D
:101E6000000EFFFFE002224E700000AC000005E310
:101E700000001E800000AD000005F300001DA2223E
:101E8000206FFFFFF1004BA00C8000E2000E20004D
:101E9000E3000D3000D3004E105F70003E1000D301
:101EA000000D3000E3000E3000D70004BA05A00595
:101EB000A005A005A005A005A005A005A005A005FA
:101EC000A005A005A005A005A005A005A005A004EB
:101ED000905C80003E4000C6000C6000C5000C40D5
:101EE00000C40009A0002EB00A9000C4000C5000ED
:101EF000C5000C6002E405C80000000000006ED3BD
:101F000000501C25D56D000003CD300000000000FE
:101F10000000000000000000000000000006CC509F
:101F20002C00D12C00D106CC500000000000000095
:101F300000000000000000000000000000000000A1
:101F40000000000018000000000000002F1000003A
:101F5000000000002F100000000000002F10000003
:101F6000000000002F100000000000002F3222228D
:101F7000000000002FFFFFFF100000002F100000E6
:101F8000000000002F100000000000002F100000D3
:101F9000000000002F100000000000002F100000C3
:101FA000000000002F100000000222224F322222E7
:101FB000202FFFFFFFFFFFFFF30222222222222217
:101FC000201FFFFFFFFFFFFFF20000000E40000098
:101FD000000000000E400000000000000E60000045
:101FE000000000000EFA2000000000000E6AE91058
:101FF000000000000E404DD4000000000E40019E85
:10200000100000000E400001000000000E40000023
:10201000000000000E400000000000000E40000024
:10202000000000000E400000000000000B30000027
:102030000002333333333333200DFFFFFFFFFFFF45
:10204000D000000002E60000000000000BC000000D
:10205000000000007F90000000000006ED9BA10042
:102060000000006E5991BD40000008E5099008E7A6
:102070000003CD400990005E901EA100099000046D
:10208000C10200000990000000000000099000005B
:10209000000000000990000000000000099000000E
:1020A0000000000008700000000000310000000087
:1020B000000000E300000000000002F322222222C0
:1020C000000005FFFFFFFFFF000008A00000000068
:1020D00000000B700000000000000E5111111111E2
:1020E00000003FFFFFFFFFFF200000000000002F67
:1020F000100000000000003E000222222222105C9C
:10210000001FFFFFFFFFD08A00000000000000B7A3
:1021100000000000000003E30000000001EFFF806A
:102120000000000000122100000009FFFFFFFFB0C7
:1021300000000992222228B000000980000006B0A9
:1021400000000980000006B0000009FFFFFFFFB09B
:1021500000000992222227B000000980000006B08A
:1021600000000980000006B000000992222227B07A
:10217000000009FFFFFFFFB000000980000006B06B
:1021800000000980000006B000022A92222227C225
:10219000202FFFFFFFFFFFFFF200000000000261A1
:1021A00000002345689CEFF90000EEDCBDC8641018
:1021B0000000000009800000000011111A911111A7
:1021C0000000BFFFFFFFFFFB0000000009800000D0
:1021D0000000000009800000001FFFFFFFFFFFFF5D
:1021E000F0022224E62222222000000CB000680027
:1021F0000000009D10002E50000006E2000006E2E4
:1022000000007FA89ABCDEFB0000CDBA8764323E96
:1022100050000000000000063000000008700000C0
:10222000000000000A800000000000000A8000009A
:102230000007FFFFFFFFFFFF6007B2222A92222C58
:102240006007B0000A80000B6007B0000A80000B36
:102250006007B0000A80000B6007B0000A80000B26
:102260006007FFFFFFFFFFFF6007B2222BA2222CB7
:10227000600120000A800002100000000A800000B7
:10228000000000000A800000000000000A8000003A
:10229000000000000870000000000300590000006A
:1022A00000002E506B000000000005E16B000000F4
:1022B000000000407B000000000AFFFFFFFFFFFF5F
:1022C00050023333B933333D50000000D500000DC8
:1022D00040000001F262000E30000007C07C000FD9
:1022E0003000000D600C801F2000007D1003D02FF7
:1022F000100003E50000004E00002D900000006D6E
:102300000004E900000000BA000B8000000CFFE3AD
:1023100000000000000133100000344444444443F2
:102320000000BFFFFFFFFFFB0000000000000000F7
:10233000000000000000000000000000000000009D
:10234000000000000000000000000000000000008D
:10235000000000000000000000000000000000007D
:10236000000000000000000000055555555555556A
:10237000501FFFFFFFFFFFFFF10000001B100000D8
:10238000000000000C8000000002222228C222224D
:10239000200EFFFFFFFFFFFFD00000140000310000
:1023A000000000BB0000AD3000001BB0000008E5DD
:1023B0000004EA250000636E5005801E2001E3063C
:1023C00070000009A009B00000000001D76E2000D5
:1023D000000000003EE40000000000019EEA200032
:1023E0000000017EB21AE8200007CFC500004BEDC7
:1023F0009109720000000016800000000B30000000
:102400000000000008C000000003FFFFFFFFFFFF07
:1024100060002266222237221000007D00005E103C
:102420000000000D5000A800000022285224E422E1
:102430002000FFFFFFFFFFFFC000F30000000000CF
:102440000000F200000000000001F10000000000A8
:102450000003E000000000000005D00000000000C4
:10246000000A900000000000002E40000000000064
:1024700000290000000000000000004500000000EE
:10248000000000D700000000000005E3FFFFFFFF91
:1024900060000D708A22222D40007F203D00002F19
:1024A0001003EF200E30007C001DAF20097000B734
:1024B000005C1F2005D002E200010F2000D50BA018
:1024C00000000F20005C4E2000000F20000DE800EF
:1024D00000000F20000BF40000000F2000BD9E3014
:1024E00000000F203CC108E600000F3AE910006E22
:1024F000C3000B18300000018000067000000000CF
:1025000000000D4CFFFFFFA000004D011E411A709E
:102510000000A8000F300B500003F7000F200E2022
:10252000000BF7001F102E00006EB7002F006FFF8A
:10253000A03597004D001118A00097005B0000081F
:10254000900097008A00000980009700C600000AEA
:1025500070009701E200000B60009705D000000CAE
:102560005000970D7000000E3000977D0000115E46
:10257000000097B40001EFE7000000000000000039
:1025800000002400000000C500006C00B60000E55B
:1025900000006C004E3000E300006C0008C001F247
:1025A00000006C0001E303E000006C00001006C0B6
:1025B00000006C0000000A8000006C0000000E406B
:1025C00000006C0014005E0000006C28E900DD20B3
:1025D00000009EEA3009C9D20002EA30009D209D29
:1025E000100030004CD3000BB0000002E8000001E6
:1025F000C200000000000000000000820002700025
:10260000000003E12B05C00000000A906C05C0002B
:1026100000001E30AA26D22210009C00DFFFFFFF20
:102620008003EC05D005C000001DDC0C7005C00067
:10263000004C5C051005C00000014C022226D2228D
:1026400020004C0EFFFFFFFFF3004C000005C00010
:1026500000004C000005C00000004C000005C00058
:1026600000004C000005C00000004C000005C00048
:10267000000039000004A0000000000002800000FB
:10268000000000000CD0000000000000ADCA0000F7
:102690000000000BD21CB100000003DD2001BD4092
:1026A00000018EC311112AFA301ED5BFFFFFFC3A7C
:1026B000E202000000000000100122222222222259
:1026C0001008FFFFFFFFFFFFA0000005E300200050
:1026D0000000002E5000C800000001D700002D703F
:1026E00000001CB345689CF50000BFFFECBA878E64
:1026F00010003310000000081000007500095000A1
:10270000000001E30008B000000008B000039000E2
:1027100000001E41FFFFFFFF9000AF102222222287
:102720001006FF1009100086002E8F100D4000C605
:1027300000191F100A6000E300001F10089001F14B
:1027400000001F1005C003D000001F1003E006A00A
:1027500000001F1001F1097000001F1000D20C4092
:1027600000001F1122222E3220001F1BFFFFFFFF3F
:10277000F4001B00000000000000005300091000DE
:10278000000000D5000C8000000006D00005E0002D
:1027900000000C711112921110005F28FFFFFFFF63
:1027A000F201DF000004D000000AEF000004D000B6
:1027B000004E5F000004D00000042F001116D1115C
:1027C00010002F00FFFFFFFFA0002F000004D0002B
:1027D00000002F000004D00000002F000004D000F3
:1027E00000002F000004D00000002F0EFFFFFFFFAD
:1027F000F6001A022222222220000000000000001F
:102800000000000006A00000000000005DE70000DE
:1028100000000008D22D9000000002BC1001BB3067
:1028200000007E80000008EA304ED7FFFFFFFF4A1D
:10283000F507001119B111003000000008A00000D8
:102840000000111119B111111007FFFFFFFFFFFF69
:102850009000000008A00000000001B208A04A009B
:1028600000000BA008A01BB10000BC0008A000BB2A
:10287000000BB1011AA0001D8002000BED500001F9
:102880000000000000000000000000640052000092
:10289000000001E401E30000000007C007C00000E1
:1028A00000000D500DFFFFFFF5007F106D2C722210
:1028B0002002EF01E60B6000000CDF0AC00B611183
:1028C000103D3F19200BFFFFF0022F00000B6000AE
:1028D00000002F00000B600000002F00000B7111A2
:1028E00010002F00000BFFFFF3002F00000B600013
:1028F00000002F00000B600000002F00000B6000A4
:1029000000001C00000A5000000000940005900028
:10291000000003E10006B00000000A9DFFFFFFFF7A
:10292000F5003E211117B1111000BD000006B000E6
:102930000006FD06FFFFFFFFC03E9D06A006B00497
:10294000C07A3D06A006B004C0013D06A006B00452
:10295000C0003D06FFFFFFFFC0003D017009800081
:1029600000003D00B80D500000003D001CCD0000EF
:1029700000003D0007ED820000003D16CD33AEB8EB
:1029800051003C1B60000158B20000A2001A000078
:10299000000005D0000B700000000C600004A000D7
:1029A00000005D4FFFFFFFFFF101DA02229F42228C
:1029B000200AFA0004ED6000004EAA001E76B00462
:1029C000C0176A02CC02E14E60006A3DEB00CAD437
:1029D00000006BEA7B006E2000006A306B000E5036
:1029E00000006A006B0007D100006A006B0010CA8B
:1029F00000006A007B6CA03EA0006A00CFC6000306
:102A0000E400580094000000100000730000000073
:102A1000000003E2DFFFFFFF50000A90D411111CF9
:102A200050003E20D300000C5000CD00D300000C1D
:102A30005009ED00DFFFFFFF505F7D001117B1115E
:102A4000005A3D000006B00000013D011117B11110
:102A500010003D1FFFFFFFFFF3003D00008EEC0064
:102A600000003D0005D8BA9000003D004E36B0D7BA
:102A700000003D07E506B02DA1003D4D2006B00148
:102A8000C5002B0000059000000000800019000028
:102A9000000006B0000D600000000D500006700040
:102AA00000005E1FFFFFFFFFF200DB0000000000E0
:102AB0000009EB00DEEEEEED004F8B0000000000A1
:102AC000002A4B000000000000004B00DEEEEEED9F
:102AD00000004B000000000000004B01EEEEEEEEA7
:102AE00000004B01E000000F00004B01E000000F70
:102AF00000004B01E000000F00004B01FEEEEEEF86
:102B000000003901A000000A00000460002A000053
:102B100000000B70009A000000001E2002EFFFFF73
:102B200090007B001CE3002D2000D802BB3C21C795
:102B30000008F81D4004DD80003EC81D004ADDB4D9
:102B40000078881D9DD6017DE310881D3201A90003
:102B50003000881D017D70310000881D047107C29E
:102B60000000881D0027D9116000881D03D7103D83
:102B70008000880100003AD600008800169DD7101A
:102B8000000077000973000000000091000590002C
:102B9000000004D10009A00000000B8BFFFFFFFF25
:102BA000C0002F20000D30000000AB00000E000020
:102BB0000004F900DEEEEEED001DD900D200003D6C
:102BC000003A7900DDDDDDDD00007900D200003D56
:102BD00000007900DDCCCCDD00007900D200003DA2
:102BE00000007900D200003D00007900DDDDDDDD70
:102BF00000007900D200003D0000796FFFFFFFFF69
:102C0000F4004600000000000000034035000910F9
:102C100000000A806A001E0000001E306A004D009D
:102C200000006D017B107A000000C89FFFFCAFFF21
:102C3000F506F8006A00E408802ED8006A06F60A55
:102C4000508988006B0C980C2010883FFFF92C1ECF
:102C50000000883C00870D7A0000883C008709E569
:102C60000000883C008705E00000883C00970BF5D9
:102C70000000883FFFF78C5D2000883C000AD108E7
:102C8000D200760100191000710000910008300098
:102C9000000005D00008A00000000C6CFFFFFFFF43
:102CA000F3004E00000000000000C9009EDDDDDDE5
:102CB0000007F9009700004D003EB9009DCCCCDD27
:102CC00000177900000000000000790EEEEEEEEE35
:102CD000E300790F00000000D300790F9EEEEEEACA
:102CE000D30079000007A000000079000007A000D1
:102CF000000079000007A000000079000008A00093
:102D0000000079000AED60000000000000000000F3
:102D1000000005200000350000000EBFFD00680027
:102D200000004E00895DEEDE30009800C400680AA5
:102D30003001E503C2EEEEEEE50AF50A4000680A4E
:102D4000304EC55FEC5DEEDE3028A5403C006800EB
:102D50000001A5004A0068000000A54168AEEEEE43
:102D60007000A577A50068000000A51DE2EEEEEE5C
:102D7000E000A509C00068000000A50CE8005800AC
:102D80000000A57C2CD631000000A8D2005ADEFF3E
:102D9000F20010000000000000000040077000007A
:102DA000000005E009900000000009A22AA22221EB
:102DB00000000EFFFFFFFFFD00007D0009900000F6
:102DC0000000E600099000000001A000099000004A
:102DD000000222222AA22222200FFFFFFFFFFFFF74
:102DE000F000000E400890000000002F1008900036
:102DF0000000007C00089000100002E50008900030
:102E0000D2004D900008A001E10CE8000004EFFFA3
:102E1000B0062000000012220000000A200000007E
:102E20000000000AD2000000000000009D10000019
:102E3000000000000D900000000000000EE2000005
:102E4000000000004FBB0000000000008C1E40008E
:102E500000000001E608C00000000008D101E60003
:102E60000000002E60007E10000001CC00000DA0CC
:102E700000000BD1000003E90003DD200000005E2C
:102E8000B11DA10000000003D201000000000000FD
:102E9000000BFFFFFFFFFFFFB00111111A9111118D
:102EA000100000000A80000000007FFFFFFFFFF617
:102EB00000007B111A8111B600007A000A8000B66A
:102EC00000007FFFFFFFFFF600007A000A8000B6D7
:102ED00000007A000A8000B600018B111A8111B738
:102EE000105FFFFFFFFFFFFFF5007A00000000B654
:102EF00000007A00000000B600007A00000011C651
:102F000000007A000003EEC2000000000000000094
:102F10000000000008118000000D30005C00C600B9
:102F20000007D000C6005A000000D703FFFFFFFFD4
:102F3000E0006C0AE000A7000000004FE000A700DE
:102F4000000001DAE000A700000005C3FFFFFFFF5B
:102F500090000002E000A70000001D12E000A700A2
:102F600000006D02FFFFFFFF8000C702E000A70026
:102F70000003F202E000A7000009B002E111A8116D
:102F8000101E5002FFFFFFFFF3020002D0000000FE
:102F90000000000008700000000033000A900033B9
:102FA000000099000A90009A000099000A90009A87
:102FB000000099000A90009A000099000A90009A77
:102FC00000009FFFFFFFFFFA000012222BA2222128
:102FD000000390000A9000092005E0000A90000E0E
:102FE0004005E0000A90000E4005E0000A90000E47
:102FF0004005E0000A90000E4005E2222BA2222E9E
:103000004005FFFFFFFFFFFF400000000000000C35
:1030100040000004000040000000004F2001E300D9
:10302000000000BA00007B00000004F300000D6007
:1030300000000CA0000005E200009D10000000ADA3
:103040001008E6222222223DC11C5FFFFFFFFFE1A4
:1030500090000000E30005D000000003F00005D060
:1030600000000006C00006C00000000C700007B0A1
:103070000000005E10000990000003E600000B80D5
:1030800000007E8000213E50000AC40000EFFB00DB
:103090000000000000000000000000000000000030
:1030A00000007A000222222220007A004FFFFFFF58
:1030B000F0007A00000A7003E0007B58800B600388
:1030C000E04ADEC8500C5004D0469A00000D40047F
:1030D000D0007A00000E2005C0007A00003E0006F5
:1030E000C0007A00306C0006B0007B6CD0C80007CE
:1030F000A000BFC504E100099000A4000C90000BE3
:1031000070000001BD10002E4000000BD200BFFC7B
:103110000000000210001320000000000000000565
:10312000900FFFFFFFF10006B00229A22220B60691
:10313000B0000C600000B606B0001E411100B606DB
:10314000B0005FFFFF80B606B000B7000B50B606B8
:10315000B003E1000E10B606B00C84004D00B606B8
:10316000B0081CC1A800B606B00001BDE200B6065A
:10317000B000000D90009506B000007E2000000613
:10318000B00005E400000006B0019E5000000118E8
:10319000B006B200000007ED500000000000000083
:1031A000000017000000000000001E400222222242
:1031B000100007A05FFFFFFFB0011111000B6006B8
:1031C000A02FFFFF300C5007A000006C000D40073F
:1031D000A00001E5000E300890000AB2901F200800
:1031E00080005FBC504E00098004EEDB006B0009DC
:1031F000703E6C6C70A8000A60050C6241E4000B24
:1032000060000C6006C0000D40000C601D60000EE8
:1032100020000C60CB00116E00000C63C101EFE6D2
:103220000000010000000000000020370000000244
:103230007000E35B00000005C003E26B11102E0577
:10324000C007FFFFFFF02E05C00D405B00002E05FC
:10325000C02B116B11102E05C04FFFFFFFF92E057B
:10326000C000005B00002E05C000116B11102E0580
:10327000C008FFFFFFF12E05C008705B00F12E05AE
:10328000C008705B00F10305C008705B00F1000529
:10329000C008705B6EC00005C000005B0000023813
:1032A000C0000037000008ED6000048000000860E6
:1032B000000001E500002E400001117C1111AA114F
:1032C000102FFFFFFFFFFFFFF200000000000000D3
:1032D00000000000000000070002FFFFFA04A01F2A
:1032E0001002E0007A05B01F1002FEEEEA05B01FE2
:1032F0001002E0007A05B01F1002E0007A05B01F4E
:103300001002FEEEEA05B01F1002E0007A03801FF3
:103310001002E0007A00001F1002E0008A00113F56
:103320001002E04ED5004EEA000000000000000050
:103330000000000000046000000000000007B00072
:10334000002FFFFFA007A00000022C621007A000C2
:1033500000000C502FFFFFFFF0000C5002299224B8
:10336000E0000C50000A7003E0000C50000B50030A
:10337000D0000C50000D4004D0000C50102E000561
:10338000C0000CACE06B0006B029DFD830C70007E6
:10339000A03C720006E10009900000002D60000BC7
:1033A00070000003EA00213E4000000B7000CFEAED
:1033B00000000000000000000000000000003300DA
:1033C00000000000000089000008FFFFF9008900EC
:1033D00000000000000088000000000000DFFFFF88
:1033E000F10111111122B823F12FFFFFFD00B601E9
:1033F000F0001E200000C402F0005D026000E30344
:10340000E0009801E002E003D000E200A606C0045C
:10341000C005D58BEB0B7006B00CEB842D4E20084D
:10342000A002000000CA000C7000000006D16FFD71
:1034300010000000002002200000002900540000BD
:10344000000000AA00B70000000002E300B700017E
:1034500000000AB000B7000BB0005F8000B7008E1C
:103460002002EE8000B706E4001DBA8000B87E603E
:10347000000A1A8000BDE50000000A8002DE30006C
:1034800000000A807EF8000000000A88E6B700000D
:1034900040000A8010B70000D5000A8000B8000084
:1034A000E3000A8000AA0003E1000A80005EFFFF3B
:1034B00090000650000123320004FFFFFD09FFFFCA
:1034C0009004D1115D0981199004D0004D09700854
:1034D0009004D1115D0970089004FFFFFD09700888
:1034E0009004D0004D0970089004D0004D09700878
:1034F0009004FFFFFD0970089004D11111097008B4
:103500009004D00A600970099004D004E10977EEB4
:103510005004D28DF80970100009FFC65E097000D2
:10352000000AA300081970000000000000076000F6
:103530000002FFFFFFFFFFFFF402E222222222220D
:103540002002E000006900000002E000007A0000B4
:103550000002E000007A00000002E011118B11115E
:103560000003E0DFFFFFFFFF7003E000007A0000D0
:103570000004D000007A07200005B000007A06D2CF
:103580000007A000007A008C000A7000007A000397
:10359000000D4111118B1111104E0EFFFFFFFFFFA7
:1035A000F3160000000000000000DFFFFFFFFFFF38
:1035B000F100D511118711111000D40000D60000C0
:1035C0000000D43EEEFEEEEB0000D44D0000005CA7
:1035D0000000D44D0000005C0000E34EDDDDDDECBA
:1035E0000000E24D0000005C0001F14EEEEEEEEC5A
:1035F0000002E000005C00000005C006B05C07802F
:103600000008902E505C02E5000D50CA005C005E80
:10361000203E08C0006C0009B01500107EE70000D5
:1036200020000000770010000000000AD205D4003E
:10363000000003CA10006E7000005FFDDEFEDDE9D1
:1036400000001421B900002B10000002E40000006B
:10365000002FFFFFFFFFFFFFF300009D1000C800D9
:10366000000009D206D41C900003CD8AE91011BDD8
:10367000501E9046104CA006E20100048CC501309B
:10368000000000CC73003DA000000000015CD600EB
:1036900000000469CEB6000000000AA74000000048
:1036A000000000000000026000000124578BDFE7EB
:1036B00000004FEDBA97530000004E0000000000DC
:1036C00000004E000000000000004FFFFFFFFFF66B
:1036D00000004E2C722224E200005D06C00008B0FB
:1036E00000006C01E3000E5000007A008C009C008A
:1036F000000099000C86E2000000C60003EE6000A6
:103700000000E20008EE91000006D005CE53CD6126
:10371000000C74DEA10007DE9007117100000005A7
:10372000400002200A50050000000A900E500B9045
:1037300000000E302F3001D600006C005E0000212A
:103740000000EFFFFFFFFFFFD0003222D82222222D
:1037500020000003F300000000000009FFFFFFE469
:103760000000002EE32226E0000000ACA8000C8040
:10377000000006E22E407D1000004E7005E8E300D8
:103780000005E80000BF9000004E60004CD8EC300F
:103790000002007CE80019ED810000961000001680
:1037A000A03FFFFFFF0000000003E115D1DFFFFF96
:1037B000B002E004C02E32288002E005C00C300ABE
:1037C0006002FFFFC009600D3002E004C006902EC9
:1037D0000002E004C003D07B0002FFFFC000D3C59D
:1037E0000002E005C0008BD00002E004C0003F8072
:1037F0000002E46AEE304F80004EFEBBD201DAE3F5
:1038000000152004C01BA08D20000004C1CC100AAC
:10381000E3000003A08000006000012345689BD7FF
:103820000008EDCBAB86532000002A000D3000E5E8
:1038300000000C50098006D00000078005700D5074
:10384000000CFFFFFFFFFFFFC00C40000000000561
:10385000C00C400000000004C0051DFFFFFFFF91E9
:10386000300003E511115E300000006D1001D8003A
:1038700000000008D33D9000000000008EE9000029
:103880000000004AEBBEA4000008BEE93003AEEC25
:103890008007730000000047700000000B4000002C
:1038A0000000000008C00000000DFFFFFFFFFFFF49
:1038B000D0000106B00B600000000C66B00B6A80FF
:1038C00000004D06B00B61D60002E506B00B603E6D
:1038D00030038006B00B6007500000035005300035
:1038E0000000DFFFFFFFFFD0000003E300003E40C9
:1038F0000000005E4003E70000000004D99E400085
:1039000000000004BFFA400000057AED7228DEA72F
:10391000500A962000000369A000122222222221D0
:1039200000007FFFFFFFFFF700007B00000000B7F3
:1039300000007B00000000B700007B00000000B723
:1039400000007B00000000B700007B00000000B713
:1039500000007FFFFFFFFFF700001222222222213A
:1039600000000001000010000000003E4003E600DF
:10397000000003E700004E8000005E90000003E9B5
:103980000008E7000000003E90084000000000042E
:103990007002222222222222201FFFFFFFFFFFFFB0
:1039A000F2000000000000F300000000000000F33F
:1039B00000007FFFFFF100F300007B2223F100F302
:1039C00000007A0001F100F300007A0001F100F339
:1039D00000007A0001F100F300007FFFFFF100F327
:1039E00000007B22222000F300006800000000F3AA
:1039F00000000000000000F300000000001335F29A
:103A000000000000002EED90000000008500000086
:103A100000000004E30000000000001D70019000A1
:103A2000000000AB0000BB00000008C000001CA0AC
:103A300000007E4345667AF80003FFFEEDCBA99EA9
:103A400040004200000000086000022222222220E2
:103A500000002FFFFFFFFFF200002F10000002F216
:103A600000002F10000002F200002F10000002F2F0
:103A700000002F32222224F200002FFFFFFFFFF26E
:103A800000001C10000001C10000000068000000E0
:103A900000000000C700000000000001E30000007B
:103AA000000EFFFFFFFFFFFFF002222C82222222E6
:103AB0002000002E200000000000008B000000000D
:103AC000000002E50000000000000AFFFFFFFFFC0D
:103AD00000006ED82222227C0005E4A70000005CD2
:103AE000004E50A70000005C000400A70000005C2E
:103AF000000000A82222227C000000AFFFFFFFFC94
:103B0000000000960000004A000000000000026370
:103B100000000134679CEFE900008EDCB9864200AA
:103B20000000890000000000000089000000000083
:103B300000008FFFFFFFFFFFF3009A2222222222C4
:103B40002000A800000000000000B80111111111B0
:103B50000000C60FFFFFFFFF1000D50F2000002F51
:103B60001001F20F2000002F1005D00F2000002FB1
:103B7000100A900F4111113F103F300FFFFFFFFF60
:103B80001018000C2000002C10009FFFFFFFFFFF0B
:103B9000100099111661113F100098000790001F46
:103BA0001000985EEEEEE91F100098000790001FCD
:103BB000100098000790001F100097BFFFFFFF2F15
:103BC0001000A7000000001F1000B60EEEEEE31F6D
:103BD0001000D40F1000D31F1000E20F1000D31FED
:103BE0001004D00F1000D31F1008A00FEEEEE31F3B
:103BF000101E400D1000114F003B000000009EE918
:103C000000000000000000000000000000000000B4
:103C10000000EFFFE02FFFFF0000E102E02E002F89
:103C20000000E102E02E002F0000E202E02E002F53
:103C30000000EFFFE02FFFFF000000009A009D70E2
:103C4000002FFFFFFFFFFFFFF20111BD2115E7115C
:103C500010001BE200006FA20018EF50000009FFE7
:103C6000B32AEFFFE01FFFFF7000E202E01E002F0B
:103C70000000E202E01E002F0000EFFFE01FFFFF48
:103C800000009201601E0028000AFFFFFFFFFFFFF7
:103C9000A00A933333333339A00A700000000008C0
:103CA000A00A700111111008A00A702FFFFFF00880
:103CB000A00A702E0001F008A00A702E0001F00882
:103CC000A00A702E0001F008A00A702E0002F00871
:103CD000A00A702FFFFFF008A00A70000000000883
:103CE000A00A700000000008A00A8111111111192A
:103CF000A00AFFFFFFFFFFFFA00860000000000711
:103D00009000111111111111000AFFFFFFFFFFFFB9
:103D1000A00A600001100006A00A600007A00006CB
:103D2000A00A600007900006A00A60111991110610
:103D3000A00A69FFFFFFFF96A00A60000C50000672
:103D4000A00A60001FC10006A00A60007B7C10066C
:103D5000A00A6002E408C106A00A602D90009B063C
:103D6000A00A64E900000C56A00A603000000106B9
:103D7000A00AFFFFFFFFFFFFA008500000000005A2
:103D80008000000000000000000AFFFFFFFFFFFFAF
:103D9000A00A600004300007A00A60000A60000763
:103DA000A00A66FFFFFFFF67A00A60000A60000725
:103DB000A00A60BEEEEEEC07A00A60000A600007F1
:103DC000A00A60000A600007A00A6AFFFFFFFF87E1
:103DD000A00A60000A600967A00A60000A600C4738
:103DE000A00A60000A67DB07A00A6000064000071F
:103DF000A00AFFFFFFFFFFFFA00850000000000522
:103E00008008FFFFFFFFFFFF9008A1111111111A99
:103E10009008900008800009900890000880000930
:103E2000900895FFFFFFFF79900890000880000937
:103E300090089000088000099008904EEEEEE70987
:103E40009008904B000097099008904B000097094C
:103E50009008904EEEEEE7099008900000000009EF
:103E60009008A1111111111A9008FFFFFFFFFFFF29
:103E70009007700000000007700000009300000031
:103E800000000002F200000000022228D2222222BA
:103E9000200FFFFFFFFFFFFFF000006D000010008C
:103EA000000001E50006B00000000AB00006B00006
:103EB00000007F400006B0000008EE40FFFFFFFF5B
:103EC000503E5D401117B11100030D400006B000D7
:103ED00000000D400006B00000000D400006B000DC
:103EE00000000D400006B00000000D4AFFFFFFFF7C
:103EF000F000061111111111100028000000A3009C
:103F000000004C000500C40000004C002F00C4005D
:103F100000004C002F00C45CA04FFFFB2F01DEDB34
:103F2000A0025D212F9EE707A0004C03BFA3C4079A
:103F3000A0004C09AF00C40790004C002F00C4073C
:103F400090004C152F00C40980006EE92F00C4EDCD
:103F5000303CEA202F009300202920002F00000091
:103F6000B50000001F300001E300000009FFFFFF63
:103F7000A000000000011110000028000006400011
:103F800000003D00000A700000003D00000A7000C3
:103F900000003D008FFFFFFF102FFFF9122A822F34
:103FA00010025D21000A700F10003D00000A700F22
:103FB00010003D00000A600F10003D00FFFFFFFFF2
:103FC000F3003D15222EE62220005EEA004D7A0025
:103FD000002BFB3000C82E20001A300006E109B08B
:103FE000000000006E5001DA0000001AE500002E0B
:103FF000C200000920000001900028000083360064
:1040000000004C0002E22E1000004C0008A00A4004
:1040100000004C000DFFFFFFF04FFFFB8F413F11F1
:1040200010025D23EF302F0000004C07AE313F112E
:1040300000004C011EFFFFFF90004C000E302F00CF
:1040400000004C030E313F1100004EDD0EFFFFFF5C
:104050009018EE700E302F00004E91000E302F00A1
:10406000000300000E413F11100000000EFFFFFF93
:10407000F30000000D300000000005500001B10009
:1040800000000B800002F10000000E611102F1003F
:1040900000002FFFFF12F10000006D004D02F7003D
:1040A0000000AA007A02FE700001ED00A802F4E40C
:1040B0000008BD20D502F16D100D3974E002F10B3E
:1040C000A00003DA9002F102300000BF3002F100DC
:1040D000000000BF4002F100000008E8E501B10067
:1040E00000007E406EC62100002CE500018DFFFF20
:1040F000F30820000000123330000091000000009F
:10410000000007D00000000000003EFFFFFFFFFF9F
:104110006004E60000000000000E78EDDDDDDDE467
:1041200000020890000000E4000008DCCCCCCCE4E5
:1041300000000890000000E4000008EDDDDDDDE493
:104140000000004E20000000000003EEDDDDDDB0C9
:1041500000005EC900005E400003E40AB218E500FA
:1041600000001000AEED20000001358DEBAED964EB
:10417000204EDB84000048ACD100000000000000AD
:10418000000000000770000000000000099000001F
:10419000000000000A900000000000000B7000000A
:1041A000000000000C600000000FFFFFFFFFFFFF9A
:1041B000F00333335FF53333300000006DD7000078
:1041C00000000000A97C000000000002E41E500076
:1041D0000000000AB008D0000000005F3001D900E4
:1041E000000003E800005F7000006E90000006F819
:1041F000001BE7000000006ED10730000000000245
:104200007000036008600000000009A00A80000040
:1042100000000E500A80000000005FFFFFFFFFFC5F
:104220000000D8333B9333320008E1000A800000DD
:10423000000960000B700000000222222D82222261
:10424000202FFFFFFFFFFFFFF20000005EE40000F1
:1042500000000000C97C000000000007E21E7000A2
:104260000000007E6004E60000002AE600006EA167
:10427000001AEC30000003DEA20940000000000438
:10428000900029000001910000004C000008C000CF
:1042900000006900000E500000019811006D00D36D
:1042A000004FFFFF20D4006C0000E10E09A0012D9B
:1042B0007002D02D5FEEFFEDE006A04B26432000FC
:1042C000A30A608800111111000BB1C409FFFFFFA0
:1042D0007000ADE00970000A70000BE20970000A7E
:1042E00070002EAD1970000A7000B80A4970000AFB
:1042F000701CB00009FFFFFF700800000761111873
:10430000500000000000000000008FFFFFFFFFF8DA
:104310000000122222224DE6000000000003DE40D1
:1043200000000000008EB2000000000008D5000070
:104330000000000008A000000002222229B2222270
:10434000202FFFFFFFFFFFFFF300000008A0000089
:104350000000000008A000000000000008A000000D
:104360000000000008A000000000000008A00000FD
:10437000000000222A9000000000007EEC300000C7
:10438000000000008200000000000002F2000000B7
:1043900000022227D2222222200FFFFFFFFFFFFF71
:1043A000F000004E10000000000000D601111111B5
:1043B000000007D04FFFFFFB00003E50000007B099
:1043C0000004EF300001BA00003E8F300003F0001F
:1043D00000160F39FFFFFFFFF4000F311114F21127
:1043E00010000F300003F00000000F300003F00059
:1043F00000000F300114E00000000E3009EE9000C4
:10440000000000001C200000000000000AA00000C6
:10441000000AFFFFFFFFFFFF900A822222222229CB
:10442000900A700000000008900A75FFFFFFFF4827
:1044300090000011111111000000000000000000A8
:10444000001FFFFFFFFFFFFFF101111D611B711135
:104450001000000E300B60000000003E100B6000EA
:10446000100000B9000B6000C3002BD2000B7000DD
:10447000E21CEB100007FFFFB00520000000011157
:10448000000000000B300000000000000AA0000047
:10449000000AFFFFFFFFFFFFA00A8222222222293B
:1044A000A00A700000000008A00A7122222222182F
:1044B000A00009FFFFFFFFA000000000099000001E
:1044C00000000350099000000000099009911110AC
:1044D00000000C7009FFFFF500002FC009900000DC
:1044E00000008BB9099000000003E31CDCA1000070
:1044F000002E70006BEFFFFFF20500000001233378
:10450000200000000B4000000000000008C0000078
:104510000008FFFFFFFFFFFF8008A1111121111A02
:10452000800890B500E400098002204E70F300027C
:104530002000010361F2000000007D4002F1000054
:10454000000006E305D000000000003007B00000C6
:10455000000DFFFFFFFFFFFFE00000006E140000F2
:1045600000000004E62DC5000000019E80006DC41F
:104570000004BEC40000008E70028300000000032F
:1045800040000000074000000000000009A00000FB
:10459000000CFFFFFFFFFFFFC00C4000056000059F
:1045A000C0063EEEEEEEEEE3600000006F9300000A
:1045B0000000004AC36CD71000005EB6000029D08E
:1045C000001FFFFFFFFFFFFFF1011111111116C1C5
:1045D00010002EEEEEE405C000002E0000B505C070
:1045E00000002E0000B505C000002FEEEEE505C06E
:1045F00000002E00000006B0000002000009EE706E
:104600000000000000000000000000000000008426
:1046100000000000000000B600011111100000B6FB
:10462000000DFFFFF40000B600000000E22222C7E8
:1046300020000003E4FFFFFFF5004005C00000B6C6
:104640000003E509800000B600005E5D40B600B6DC
:10465000000005EE004E10B6000000BE200B60B654
:10466000000004EBC00570B600000D80D80000B655
:1046700000009D00460000B6000AD300000133D5BB
:10468000000A20000001EEB10000000004600000FC
:104690000000000008A000000000000008A00000CA
:1046A0000000000008A000000000052008A0034052
:1046B00000000E5008A006D000004E1008A000D741
:1046C00000008C0008A0007D0000C70008A0001EAC
:1046D0006004E20008A00009C00BA00008A00003CD
:1046E000F24E200008A00000E601000008A0000033
:1046F0005100000008A00000000000233AA00000C4
:104700000000005EEC40000000000000000000001F
:1047100000001000087000120000B9000980009B22
:1047200000002E40098003E2000007D009800C60E1
:1047300000000040098005000001FFFFFFFFFFFFB0
:104740001001F3111111112F1001F1000000000FE1
:104750001001F10EFFFFE00F1001F10E2003E00F3A
:104760001001F10E2002E00F1001F10E2003E00F06
:104770001001F10EFFFFE00F1001F10E2000000FFD
:104780001001F1030000123F1001F10000005EEA89
:104790000000000000000000000003A0000057001F
:1047A000000000D400007966002FFFFFFF20791D74
:1047B000200111111100790780000000000189110A
:1047C0001004FFFFF79EEEEEE304B0009700A60092
:1047D0000004B0009700C9600004EEFEE700E99015
:1047E000000010D32002E7900000D1D3D206A7909A
:1047F0000004B0D3690B6790000B50D3182E1790AC
:10480000650900D300A80690760000D307D003DD29
:10481000D2002EC1072000000000CFFFFFFFFFFFE6
:104820004000C6000000000E4000C6000000000E60
:104830004000CFFFFFFFFFFF4000C502A000059032
:104840000000C500A4000D400000C5EFFFFFFFFF02
:10485000A000D4007A002F100000E3007A001F109F
:104860000000F2007A002F100003E6FFFFFFFFFFB9
:10487000F206B000D6001F10000B8008D1001F10F8
:10488000002E219E40001F10002802A200001D10D3
:104890000005FFFFFFFFFFFF500133333BA333331E
:1048A000100000000A900000000000000A900000C4
:1048B000000000000A900000000000000A900000C4
:1048C000000000000A900000000000000A900000B4
:1048D000000000000A900000000000000A900000A4
:1048E000000000000A900000002FFFFFFFFFFFFF05
:1048F000F30333333333333330000002B0000000AE
:1049000000000005D000000000000007A00000002B
:10491000000EFFFFFFFFFFFFD002222E52222222B5
:104920002000003E000000000000007B00000000AE
:10493000000000C822222222000003EBFFFFFFFF3D
:1049400070000990000F200000002E20000F2000B2
:104950000000BA00000F20000007D100000F200067
:10496000004E3000000F2000000404FFFFFFFFFF97
:10497000F2000022222222222007FFFFFFFFFFF386
:1049800000013333333333F300000000000000F341
:104990000000A800000000F30000A800000000F3E1
:1049A0000000A800000000F30000AFFFFFFFFFF3CE
:1049B0000000A922222223F30000A800000000002A
:1049C0000000A800000000001000A8000000000186
:1049D000E200A80000000003E0008B100000001AB5
:1049E000B0002CFFFFFFFFFD30000012222222103A
:1049F000000006000450007100000D8007A007D1E0
:104A0000000005B008A01C400009FFFFFFFFFFFFEA
:104A1000B009700000000006B00972DDDDDDDD3692
:104A2000B00212F000000E41200002F000000E4023
:104A3000000002DDDEEDDD300000000006C00000F9
:104A400000008FFFFFFFFFFB0000891117C1117BE2
:104A50000000890006C0006B0000890006C0007BD2
:104A60000000890006C09FE70000000005900000DC
:104A70000000029000000A40000001E600004F2004
:104A80000000006D0000AA000001223B3223E52255
:104A90001008FFFFFFFFFFFFA000006B0000B70042
:104AA0000000006B0000B7000000006B0000B700C2
:104AB0000002227C2222B822202FFFFFFFFFFFFFEF
:104AC000F20000990000B700000000D60000B70017
:104AD000000006E10000B70000003E700000B700D3
:104AE0000006EA000000B700000960000000960020
:104AF00000000000000000000000000004C00000F2
:104B00000000000000D600000001FFFFFFFFFFFFD4
:104B1000F001F322222222222001F200015000069D
:104B20000001F24302E0003F2001F28900D4007C42
:104B30000001F13E009800B70002F10D406B00E368
:104B40000003F009803E05D00003E006C01B1C6096
:104B50000005C002A0003E000008A0000000A80060
:104B6000000C71222223E322202F29FFFFFFFFFFE9
:104B7000F4290000000000000000000003B0000065
:104B80000000111112E611111000EFFFFFFFFFFFEF
:104B9000F200E300620006300000E300C4000B50A6
:104BA0000000E9EEFEEEEFEEE000E200C4000B5084
:104BB0000000F200C4000B500001F200CEEEEE50F7
:104BC0000002F100000000000002E2FFFFFFFFF919
:104BD0000004D004D20006D10007A0007D418D3032
:104BE000000B700008FED200002E258AED86CEB89C
:104BF0006128068520000269A000000003B00000C3
:104C00000000000001E600000001FFFFFFFFFFFFC2
:104C1000F201F00000A700000001F0ADDDEEDDDAEA
:104C20000001F00000A7005B0001F8DDDDEEDDEF24
:104C3000F502E00000A7005B0003D00000A7005BC6
:104C40000003D0CDDDEEDDDA0004C0A400AB001916
:104C50001006B03D70AE84D7000880029CE8AE20FC
:104C6000000C539E92A70AD5002E1A8200B7003A74
:104C7000E2390001EED300001008FFFFFFFFFFFF45
:104C8000A001226D2222AA221000004D00009900EE
:104C90000000004D000099000000004D0000990048
:104CA0000000004D00009900002FFFFFFFFFFFFFF5
:104CB000F202228C2222AA222000009900009900F0
:104CC000000000D600009900000003E100009900F8
:104CD00000000CA00000990000009E100000990048
:104CE000000AE4000000990000073000000077008F
:104CF0000000BFFFFFFFFFF30000B600000000D37D
:104D00000000B600000000D30000BFFFFFFFFFF36C
:104D10000000B600000000034000A90000000009E8
:104D2000A0004DFFFFFFFFFD300000011111110039
:104D3000000000C500008900000111C61111991181
:104D4000102FFFFFFFFFFFFFF30003E000008900CB
:104D500000001C80000089000005DA0000008900C6
:104D60000009600000007700000000000B20000038
:104D70000000000009A00000001FFFFFFFFFFFFF71
:104D8000F101111AC21271111000008C1001CA0039
:104D9000000009C101224EB00000AFEEFFFEDCDAD8
:104DA000000034321000001A1000007A0000B60033
:104DB0000001118B1111C711102FFFFFFFFFFFFF23
:104DC000F20000A70000B600000002E30000B600F9
:104DD00000002DA00000B6000018EA000000B60098
:104DE000000940000000950000000000000B337037
:104DF00000000000000E51BB00000000000D500834
:104E0000201FFFFFFFFFFFFFF2022222222C82223F
:104E10002000000000098000000000000008A00041
:104E20000008FFFFFF76B000000122B92215D00074
:104E3000000000A70002F100000000A70000E4004D
:104E4000000000A70000B800400000A704707D002B
:104E5000A60015CEEEB01E40B40CFEB7300008D54B
:104E6000E10430000000009E900000000870000087
:104E70000000B6000A90007D00005E100A9000D687
:104E800000000B800A9007C0000004D00A900E407A
:104E9000000000000A9001000000CFFFFFFFFFFDAF
:104EA000000023333333337D000000000000005D39
:104EB000000000000000005D00004FFFFFFFFFFD4D
:104EC000000002222222226D000000000000005D8E
:104ED000000022222222227D0002FFFFFFFFFFFDB1
:104EE000000000000000004A000004A00003B00021
:104EF00000003E500004D0000005E700CFFFFFFF98
:104F0000801F70201115D111000502E30004D000AC
:104F100000000BB11115D11110005F3BFFFFFFFF27
:104F2000F504EF10000000F2004E8F10111112F383
:104F300010270F18FFFFFFFFF4000F10030000F20F
:104F400000000F101E4000F200000F1006D000F20B
:104F500000000F1000C500F200000F10001013F148
:104F600000000F100004EEA0000000000000000090
:104F700000002A000005400000003D000005E2009E
:104F800000003D000000A90000033D9122224322C1
:104F9000200C4D87FFFFFFFFF50E3D3C07A00000F2
:104FA000002C3D0707A0000000683D0007A000009E
:104FB00000013D0007A0000000003D0007A0000028
:104FC00000003D0007A0000000003D0007A0000019
:104FD00000003D0007A0000000003D0007B00000F9
:104FE00000003D0007FFFFFFE0002C000000000074
:104FF00000003B000008500000004D00000A700057
:1050000000004D00111B811100065DC1CFFFFFFFA5
:10501000000D5D87000A701F000E4D2D000A701FE5
:10502000003B4D03000B601F00684D00000B601F2C
:1050300000004D0AFFFFFFFFF6004D01223FE42272
:1050400021004D00005DB70000004D0000C74E106C
:1050500000004D0006D10BB000004D005E4002EA9A
:1050600000004D09E600003ED3003B09300000027D
:105070009100000007800000000000000A7000009E
:10508000000111111D711111101FFFFFFFFFFFFF24
:10509000F20000007CA9000000000001D62E4000B4
:1050A0000000000BA006E300000004DB9C207E80D3
:1050B0000007CE7007E404DE910960001641000588
:1050C000700063750BA000A40000D3A700C8006C9B
:1050D0000003E0A70026074D400B80A800001C58E5
:1050E000A008105EFFFFFC0270000000111110000C
:1050F00000000053000027000000007D00009B001E
:105100000000000D6001E300000001188119B110DA
:1051100000000FFFFFFFFFF100000F30000003F160
:1051200000000F30000003F100000F52222224F192
:1051300000000FFFFFFFFFF100000000190000005A
:10514000000000230BC100420000D27B00BB007CAA
:105150000004E07B001A100C600A907B0000073509
:10516000D01E207C11112C50B101002CEFFFEC104F
:105170000000490000B1000000005B0001F00000E9
:1051800000005B0013E1111110036BB7FFFFFFFF7D
:10519000F10A8BA406A00410000C7B6809700C3087
:1051A000000E5B240C462D22704A5B001E0C1E165E
:1051B00080015B006B1D1E0A40005B00C6684C1D31
:1051C00000005B03E0428E3500005B0C8000CD8068
:1051D00000005B5D0007C2D000005B02003E409A09
:1051E00000005B0008E7000BB10049000940000027
:1051F0007000000009700000000000000E40000078
:1052000000000DEEEEEEEED000000D30000004D0F8
:1052100000000DDDDDDDDED000000D30000004D02B
:1052200000000DEDDDDDDED000000D30000004D00B
:1052300000000D30000004D000000DEEEEEEEEC0D8
:10524000000000001C3000010000B2C504E3008B28
:105250000004C0C50066072D600D50C700002E2653
:10526000D006007EFFFFFB001000000011111000AF
:105270000000870000056000000087000008900023
:1052800000008709EEEEEEEEB0028A700008900092
:10529000000E88D4DDDEEDDD600D87720008900021
:1052A000003B871EEEEEEEEEE46887000000000093
:1052B00000228700EEEEEEEF00008700E100001F05
:1052C00000008700EEDDDDDF00008700E100001F49
:1052D00000008700EDDDDDDF00008700E100001F3A
:1052E00000008700E100002F00006600E1000EEAE8
:1052F000000000000000000000000000003B08204B
:1053000000000000003E07E700000000003F002B07
:105310001000EFFFFFFFFFFFF300E622223F3222E3
:105320002000E400000F20010000E511100E403EB7
:105330001000EFFFF50C608A0000E400C50991E45D
:105340000000F300C406C8B00001F200D402EE2051
:105350000003F001E202E8007106D2FFB01DEC008C
:10536000B40A901101CC2F40D21E40002DD20AD693
:10537000E03C00004B1001AE700000000000000097
:1053800000000000001B154000000000002F14DA90
:1053900010000000001F201A300DFFFFFFFFFFFF6D
:1053A000E0022222222E622220000000000D500383
:1053B0000000FFFFF80B602E2000F100980A807BB0
:1053C0000000F1009808A0D50000F2009805D7C0B1
:1053D0000000FFFFF802FE40000000000000EA00AD
:1053E000200000269C19FB00B407BEFD969E6E208F
:1053F000C30A85102CD30AC5E00000004A1001AE94
:105400008000000000078000000000000008A000ED
:10541000000000000008A00000033333333AB33328
:10542000300EFFFFFFFFFFFFF000000002EDA000C5
:10543000000000000CA8A000000000009D18A000C3
:1054400000000007E308A0000000007E4008A00064
:10545000000009E50008A0000002BE400008A0000E
:10546000002EC2000008A000000400000009A000F7
:10547000000000006EEF600000000000033100003B
:1054800000002B000077000000003E0000980000A4
:1054900000003E000088000000014E11119911101B
:1054A000003FFFF9FFFFFFF300003E00009700F20E
:1054B00000003E0000A600F200003E0141B400F2F0
:1054C00000005EDB8EE300F2004DFE6104FB20F184
:1054D00000264E0006C9E5F100003E000C6065E2C2
:1054E00000003E002E1000D220003E00C90000C483
:1054F00095015E1BD1000089C30BE83B1000002D15
:10550000B00000000000000000000C1000000000CF
:1055100000000F104FFFFFFFC0000F104E2222228D
:10552000204FFFFF4E00000000012F314E00000011
:1055300000000F104FFFFFFF00000F104E22223F10
:1055400000000F124E00001F00003FDF6E00001F22
:10555000003CFF824E11113F00273F104FFFFFFF1D
:1055600000000F104E00000000000F104E00000061
:1055700000000F104E00000000012F104FFFFFFF32
:10558000F30CEB000222222220003800000000046D
:1055900000004B007900003F00004B007986003E80
:1055A00000016B10794D004D004FFFF4790C505CF9
:1055B00000004B007906B06B00004B007902E189D6
:1055C00000004B00790050B700006DC5790000D590
:1055D000004DFD50790001F600366B00790987EC2B
:1055E00000004B007BCB1D8E40004B00AF904E184F
:1055F000A0004B01E602D803E1016B00301DB000B2
:10560000D60DE600001A100031002C00000000004A
:1056100000002F00AFFFFFFF40002F0006B1117DFB
:1056200000013F1100D502E4003FFFFD003E6D6028
:1056300000002F00000AFC1000002F0027EA4AE8B3
:1056400030002F15D9306039E4017FEA0001F10004
:10565000004FDF204FFFFFFF20022F000112F21149
:1056600000002F001112F21110002F02FFFFFFFFA8
:10567000F4002F000001F10000014E000001F100D4
:10568000000BE9000001F100000000000000100024
:1056900000003A000000C20000003C000000E200F0
:1056A00000003C005FFFFFFF80015C100111E3116F
:1056B000004FFFF80000E20000003C001111E31170
:1056C00010003C03FFFFFFFFF5003C01000000D489
:1056D00000007EE7111111D5105EED40FFFFFFFFC6
:1056E000F3244C00021000D400003C0008B000D4A9
:1056F00000003C0000D500D400003C00006A00D44B
:1057000000015C00000022D3000CE7000000DEB1C5
:10571000000000000000000000002C000004B000A9
:1057200000002E000001E20000002E00DFFFFFFF5E
:10573000F1014E11D4121111F14FFFFAD30C700088
:10574000F1002E00721E200081002E00116D11113B
:1057500010002E04FFFFFFFFF5002E7B02E200B7D2
:105760000027CFC609A000E3005C9E001E7005D094
:1057700000002E0007EA2D6000002E00001AFE0037
:1057800000002E00001BDDC300014E0049EA119EFF
:10579000600DE900C8300005B00000000000000006
:1057A000000038000066000000005B0001E6000019
:1057B00000005B0009FFFFF500016C11AE300A80AC
:1057C000003FFFF9EEEEEFEE10005B008903E01FF3
:1057D00010005B007903E01F10005B007903D01F0D
:1057E00010005DA57904C01F102AEE927906B02F33
:1057F00010299B0AFFFFFFFFF3005B00001ED5008E
:1058000000005B0000B93E2000005B000AC006C13A
:1058100000027B05DA00008E600BE63C50000004BD
:10582000C20000000000000000003900000000007D
:1058300000004B00AFFFFFFFB0004B00A7000005CA
:10584000B0016C10A7000005B04FFFF8AFFFFFFFDD
:10585000B0004B00A7006B0000004B00A7005B00EE
:1058600000004C44AFFFFFFFF416BFC5B5006B004E
:10587000005CAB00D3005B0000004B00E5FFFFFFC6
:10588000C0004B03E4C00004C0004B07B3B00004E9
:10589000C0004B0C73B00004C0016B4E13FEEEEE63
:1058A000C00DE6150390000280000000000000001B
:1058B000000048000013468B30006B00DDCB975290
:1058C00000006B001204700320017B106A03C00CFF
:1058D000606FFFF61E10E13C00006B00071030B552
:1058E00000006B04FFFFFFFFF1006B04B00000003D
:1058F000E1006DA970000000914BED717FFFFFFD8D
:1059000000378B00097000A700006B0002E205D190
:1059100000006B00006D7E2000006B00003DF90070
:1059200000017A026BE74CD7300ED609A610005959
:10593000D100000000000000000057000006300009
:1059400000006A000006C00000006A00DFFFFFFFE1
:10595000C0017A1004400072005FFFF405C002E14C
:1059600000006A0000A30B6000006A06FFFFFFFF53
:10597000F3006A10000B100000019EE3006C0000B1
:10598000006EEC39FFFFFFFFF6236A0008B000E36A
:1059900000006A002E4005D000006A003BEA5E501D
:1059A00000006A00002CFE400001890137CD68EB41
:1059B000200DD509C950001990000000000000001A
:1059C000000048000004800000005B000001E200CD
:1059D00000005B02FFFFFFFFF3016B12E00000001D
:1059E000D34FFFF8E0480630C3005B0001D505E364
:1059F00000005B001C90006D20005B00CA000008E6
:105A0000A0005CA541000001103AED715FFFFFFFAF
:105A100040498B000003F00000005B000003F00031
:105A200000005B000003F00000005B000003F000DA
:105A300000017A0AFFFFFFFFF60EE60011111111B7
:105A4000100000000000000000003700000000000F
:105A500000005B007EDDDDDF20005B007900000FD1
:105A6000205FFFF77ECCCCCF20016B107900000FB8
:105A700020005B007EDDDDDF20005B000000000019
:105A800000005B000000000000005C98FFFFFFFFCB
:105A9000F03AEE820103D00000498B003D03D000B4
:105AA00000005B007A03FFFF30005B00CE23D000D4
:105AB00000005B08C2D9D00000017A4E2029DFFF28
:105AC000F50EE602000000111000000000000000CA
:105AD000000069000000000000007A0009EDDDE32D
:105AE00000007A00096000D3003FFFF209EDDDE31A
:105AF00000018A100000000000007A03DDDA3DDDBD
:105B0000B0007A03A02B4A02C0007A64A02B4A029C
:105B1000C003BFC5EDDB4EDDC05FEA000004C0007E
:105B200000287A000004C00000007A07FFFFFFFF92
:105B3000F3007A00009EED3000007A002BA5C4D55A
:105B40000000792AE704C03CC20AE5181004C0002E
:105B500060000000000000000000000000044000A1
:105B600000022222200A7000000BFFFFD00D40002F
:105B700000000004D03F311110000004D08FFFFF5F
:105B8000F3000004D1EA003E0008FFFFD9BE007B0D
:105B90000008A2223D2B40B7000890000007A2E2B7
:105BA000000890000001E9B0000890000000AF502C
:105BB00000089005A000AF300009B8EE8007EBD1D7
:105BC000000DFC60008E50CC200940001CE5001C3C
:105BD000E300000009200000700005600004A00040
:105BE000000005D00008A000000000A1000C70001B
:105BF000004FFFFFFB1FFFFFF5017B11116E213FDF
:105C000030006B0000CF304D00006FFFF6EB607A84
:105C100000006B12FA8590A700007A01F101E1E320
:105C200000007901F000BAC000009702E0007F7028
:105C30000000C503E0006F400001E103D002EEC0A8
:105C40000007B005C01CB1D8001E5008A4DC104EDF
:105C5000A05A05FE5C800003C300000000000000A5
:105C60000000049000076000000005C0000C500018
:105C7000000005C0000E1000000116C1114FFFFF0B
:105C8000F54FFFFFFA9A223F300005C001EC004EAD
:105C9000000005C008DE007B000116C13E4D30A7A4
:105CA0000009FFFFF40981E300097001F005E6C077
:105CB00000097001F000DE6000097001F0009E1024
:105CC00000097112F005EE900009FFFFF16E53E834
:105CD000000970004CD4004EC201000038100001D1
:105CE0009100055000009400000005D00000E20083
:105CF000000111C41103E000001FFFFFFF37FFFF89
:105D0000F3003302300B611D5000C503D12E301E4D
:105D10001005D000898F704C001E40076AE9B079E9
:105D200000177A0E3051E1C500000CCC0000A8E04D
:105D3000000001E900005F80000007DE40004F60C6
:105D400000003E37D001DCE20004E700B32CA0AC39
:105D5000102E700006EA001CD2020000066000004F
:105D6000800220B2050090000003C0D38903E00048
:105D7000000091D39006C000003EEEFEEE79A11126
:105D800010000AFD300DFFFFF2008CD6D73F702EB9
:105D9000001AD1D3289CB05B001A107101E3E1888E
:105DA000000007900060B5C4000DFFFFFB007CD031
:105DB00000007A00B6001E800001E906D0003E9087
:105DC00000003ADE3001D9E4000008ECC12CA06DDF
:105DD0003018DB1055EA0008E307200005600000DA
:105DE0005002100A100000178009670D27227BEC73
:105DF00060096A3D2D0DA5100009666D780D300013
:105E00000009611D410D300000098FFFFF7D411128
:105E10001009604F600DFFFFF50960AFD20D306AC9
:105E2000000963CD6C0E206A00096C5D292F106A91
:105E30000009AA0D201F006A0009610D202E006ACA
:105E400000096006105C006A0009FFFFFFA9006AF4
:105E50000000111111D4006A0000000000800058F9
:105E60000000048000000005000001E200047AED5B
:105E7000500FFFFFFF3E85200000A101B02E000063
:105E80000000A505B02E00000000550A602E00009D
:105E9000003FFFFFFF6FFFFFF40000E1002E1199AC
:105EA000100000E2003D0098003FFFFFFF5C0098FB
:105EB000000040E2405B00980004C0E2C36A009822
:105EC000000C40E15AA70098000500E103E20098A9
:105ED00000003EC006A00098000000000010006610
:105EE0000002FFFFFFFFFFFF400022222D6222225F
:105EF000000000000E300000000000000F20000035
:105F0000000000001F100000002FFFFFFFFFFFFF39
:105F1000F30222228BC7222220000000B6C6000016
:105F200000000002E2C600000000000AA0C6000057
:105F30000000004F30C60000710004E700C60000FA
:105F4000D4007E9000C80002E22DE600007FFFFF33
:105F5000B0061000000122220000000000000074C2
:105F600000001111000000B6000AFFFF400000B65B
:105F7000000A600C422222C8210A600C4EFFFFFF7B
:105F8000F50A600C400000B6000A700C402000B614
:105F9000000AFFFF42E200B6000A600C409B00B618
:105FA000000A600C401D50B6000A600C4006C0B6E6
:105FB000000A711C400010B6000AFFFF400000B646
:105FC000000A6000000000B600042000000323D592
:105FD00000000000000BEEB100003EEEEEEEEEE43D
:105FE00000003D00000000D400003D00000000D48F
:105FF00000003EEEEEEEEEE400003D00000000D4B6
:1060000000003D00000000D400003EEEEEEEEEE4A5
:10601000000000024004100000007105B00D40199E
:1060200000008905B00D40A900000D35B00D45D028
:1060300000000665B00D4A2000022226C22D522221
:10604000205FFFFFFFFFFFFFF5002ECCCCCCCCE3A1
:1060500000002E00000000E300002ECCCCCCCCE3EE
:1060600000002E00000000E300002CCCCCCCCCC300
:106070000000000000000000003FFFFFFFFFFFFFE7
:10608000F200A600A70000000000AEDDE7DFFFFF82
:106090007000A600A71E200D2000AEDDE708B08A24
:1060A0000000A600A700DAD10004CBACEE408F9030
:1060B000002EC975B74BC5CC6000000097A600063E
:1060C000B1000000B300000000000004E000000088
:1060D000000FFFFFFFFFFFFFF001113F4111111102
:1060E0001000007D00000000000000D81111111008
:1060F000000007FFFFFFFFF200003EF3000000F288
:106100000001D9D4000000F2001DA0DFFFFFFFF264
:10611000000300D3000000F2000000DFFFFFFFF2E9
:10612000000000D4000001F2000000D3000000F2E3
:10613000000000D3000112F1000000D30007EEA020
:1061400000000000000000000000C400C4000000C7
:106150000000C400C40AFFFFC000C400C50A6115E6
:10616000C02FFFFFFF7A5004C000C400C40A6005BE
:10617000C000CEEEE40AFFFFC000C400C40A500411
:10618000C000C400C40B5004C000CEEEF40B611577
:10619000C000C400C40CFFFFC000C400C50D300423
:1061A000C06FFFFFFF7E1004C0003604202E0004E5
:1061B000C000C706C05B0004C008D000B7B7012705
:1061C000C01C200022C104ED60000000000000009F
:1061D00000000000077000000000000009900000AF
:1061E00000000000099000000000DFFFFFFFFFFE3D
:1061F000000022222AA222220000000009900000B2
:106200000000000009900000000FFFFFFFFFFFFFEC
:10621000F0022222AFFA222220000004ECBE40004D
:106220000000003E4994E300000004E609906E403F
:1062300000007E70099007E7002CE5000990006ED1
:10624000C2092000099000029000000008700000C0
:10625000000000000770000000000000099000002E
:106260000000000009900000000233333AA33333EA
:10627000300EFFFFFFFFFFFFE0000005C99D40005B
:106280000000000D5997C0000000007D0990D60065
:10629000000002E409905E2000001D9009900AC1F0
:1062A0000001CB00099000CC202DC7FFFFFFFF6C41
:1062B000E20701333AA333106000000009900000A8
:1062C00000000000099000000000000007700000BE
:1062D00000000680000000000000079000FFFFF4AF
:1062E0000000079000F322D4000228A220F100C48D
:1062F000002FFFFFF0F100C400000C9000F100C47B
:1063000000002FA000F100C400007EF500F100C4E1
:106310000000CABD31F000C40004B796D3E000C449
:10632000000B679044C000C4005D079008A000C443
:10633000112407900C5000C4490007903E0000C48F
:1063400049000790C80000C678000792C000007E90
:10635000D300000000000000000007600000000003
:106360000000098002222222100009803FFFFFFF67
:10637000C001199118800007A03FFFFFA5B0000BD6
:1063800070001E8002E0000E30006FE300D4004D6C
:106390000000BDBD209800990001D987C03E12E2DF
:1063A00000089980A00B7AB0001E39800004EE200E
:1063B000008B09800001EC0000220980001CBD90C8
:1063C0000000098003DB03E9000009809E90003D86
:1063D000C200076073000001A10000000770000008
:1063E0000000000009800000000BFFFFFFFFFFFF1F
:1063F000C00122222A9222221000000009800000FF
:106400000000AFFFFFFFFFFB0000A7111A91117BF7
:106410000000A7000980007B0000A7000990007B16
:106420000000AFFFFFFFFFFB00000000BFEB00001C
:106430000000001BAA9AB100000003D909809D400A
:1064400000029E70098007EA301EA2000980002A1F
:10645000E201000007700000100009400010013048
:1064600000000C50008B05C000000C5000C701F16B
:1064700000011C6101F200C7003FFFFF56D0006D14
:1064800000001E500D70100D70005FC07E15E006FC
:10649000E100AED87509B0008000DC6E200E60000F
:1064A00000068C58303E1000000D3C50009A01D17F
:1064B000005B0C5001E300A800020C5007C0003E36
:1064C00010000C501EA79BCF60000C505FDB97584C
:1064D000C0000A400100000120007FFFFFFFFFF81D
:1064E00000007B00099000B800007B00099000B814
:1064F00000007FFFFFFFFFF800007B00099000B85D
:1065000000007B00099000B800007FFFFFFFFFF84C
:106510000000000009900000000FFFFFFFFFFFFFD9
:10652000F0011113DEDE41111000002D7996E40018
:10653000000006E709905E800005DE50099003DE4A
:10654000702EA10009900008D10000000770000023
:10655000000006600000000000000970000000005C
:10656000001FFFFFFB0FFFFF80011E417A0F100984
:1065700080003E00790F100980008B00970F1009F2
:106580008002E400C50FFFFF802D709FC6411111EE
:106590000002000009800000000FFFFFFFFFFFFF67
:1065A000C0011112DEEC11110000001C899AA0003C
:1065B000000003D80980AC3000019E80098009E901
:1065C000202EC4000980004CE10300000770000089
:1065D00010000000087000000000000009800000AA
:1065E000001FFFFFFFFFFFFFF1000006EBBE5000A2
:1065F0000000004E6987E400000003E809808E4037
:1066000000007E80098008E8102CE5000330004D72
:10661000E20717EDDDDDDE60500007A000000B6033
:10662000000007ECCCCCCE60000007A000000B609F
:10663000000007ECCCCCCE600000000000000000A1
:10664000000CFFFFFFFFFFFFD0011111111111110D
:10665000100007400000000000000B600111111144
:1066600000000B6008FFFFFF60011C7100000000CC
:10667000003FFFFF7000000000002F6001111111AA
:1066800010007FD13FFFFFFFF400CEBB0000C5002C
:106690000002CB6B6000C50000097B6215B0C55BD2
:1066A000003E1B600970C51E20670B600E20C50AE6
:1066B00080000B607C00C505C0000B60E400C501D4
:1066C000E2000B603023D50040000B6000AEC1003B
:1066D000000000000000000000000A20001A100066
:1066E00000000E20000F2C5000000E20000F23E3AE
:1066F00000011E41000E2065100FFFFE146ECEED4E
:1067000040002F306DAD830000007FA0000A7000B4
:106710001000CFC50009B8BEC002CE5D4ADFE963F4
:1067200010087E233744E006C01E1E200000E34E02
:1067300030390E200000ABE500000E200000AF4015
:1067400061000E20006DBE50A3000E218ED507D42F
:10675000D1000E208400008E90000A200006600008
:1067600000000D200003E10000000D201111B51103
:1067700010011E419FFFFFFFF20FFFFF004101507C
:1067800000004F3002E302D500008FA00B80003ED6
:106790003000CED3AD600078D001BD6B62E203E182
:1067A00040076D28009909A0000D1D20002E6E30B5
:1067B00000590D200007F90000120D20000AEC20FE
:1067C00000000D2001BC2AE500000D207EA0008EF7
:1067D000C2000B209400000280000B00052000097D
:1067E00010001F1009A0004E00001F1002E200A8B8
:1067F00000012F2101A413E3101FFFFB9FFFFFFFE8
:10680000C0003F100000F20000008FA00000F20066
:106810000000CFB51FFFFFFF4002CF4C0111F41164
:1068200000087F120000F200001E2F101112F41158
:1068300010591F13FFFFFFFFF2021F100000F200AC
:1068400000001F100000F20000001F100000F20006
:1068500000000C000000C200000009400000000021
:1068600000000B501FFFFFFF00000B501F00002F08
:1068700000011B612F00002F003FFFFF5FFFFFFFA4
:1068800000001E601F10002F00006FD11F00002F9E
:106890000000BD9B2FFFFFFF0002BB5A2F14D00149
:1068A00010096B501F00D31BA03E1B501F009ADA2B
:1068B00000270B501F002E8000000B501F0009C046
:1068C00000000B502F2590CB10000B505FFC802C4C
:1068D000E20009403720000060001A000003900029
:1068E00000002E00000AD00000002E00004EC8005C
:1068F00000013E1101D51D60003FFFF90C9003E738
:1069000000005E01BB10004E9000AF6CA8FFFFD2EC
:10691000D300EEC3000000000003CE78220550072C
:1069200030097E026904A00E102D2E001D02D05ADF
:1069300000472E000D20E0C300002E00062014B0FA
:1069400000002E0000000B5000002E07FFFFFFFF8D
:10695000F0001B000000000000003E0000920390C9
:1069600000003E0000D304D000003E03FFFFFFFF05
:10697000F1014E1000B303B0003FFFF87DDDDDDD17
:1069800030005E108800000D40009E908EDDDDDE40
:106990004000DEB28800000D4003DE688800000D74
:1069A00040098E167DDEEDDD302E4E000006B00073
:1069B00000483E08FFFFFFFFF1003E00003E7C1054
:1069C00000003E0003D809B100003E05AE70009EF5
:1069D00091002B07720000029000000009400000A7
:1069E000000520001F4000000009E7005E000000D5
:1069F00000004E709FFFFFFFA0000210E622222B36
:106A000080000006D00D500E3000001D700E505D4D
:106A100000000019000E607600000580002F900035
:106A200000000D70006EE00000008D0000BAC5008F
:106A30000002E50004F36D00000CB0002D900C90F6
:106A4000001B2003DB0003E90000007EA000004ED5
:106A5000D2000085000000017000000000B20000BC
:106A60000000000000F300000000000000F3000040
:106A70000000000000F3000000000E3000F30000F2
:106A800000000F3000F3000000000F3000FFFFFF98
:106A900070000F3000F5333310000F3000F30000AA
:106AA00000000F3000F3000000000F3000F3000082
:106AB00000000F3000F3000000000F3000F3000072
:106AC00000022F5222F52222203FFFFFFFFFFFFF8F
:106AD000F2012222222222221008FFFFFFFFFFFFE5
:106AE000A000000003F000000000000003F0000020
:106AF0000000030003F0000000000F3003F000006E
:106B000000000F3003FFFFFF00000F3003F22222CE
:106B100000000F3003F0000000000F3003F0000011
:106B200000000F3003F0000000000F3003F0000001
:106B300000022F5225F22222202FFFFFFFFFFFFF2E
:106B4000F300000005A000000000044006C00000A3
:106B50000000098006FFFFF70000098006C1111040
:106B60000000098006C00000000FFFFFFFFFFFFFCD
:106B7000E002222229B22222200000B708A00085CC
:106B8000000006E108A004E300004E5008A00D80BC
:106B90000004E70008A1CD000001600006BDB100BF
:106BA000000000003AEA00000000026BFB40000019
:106BB000000AEFEA30000000000762000000000059
:106BC000000000186000000000005AEB605FFFF05A
:106BD0000001F510005A00F00001F000007900F00B
:106BE0000001FFFF90B700F00001F11104E200E2A4
:106BF0000001F0000E8000AEE301F111040000007E
:106C00000001FFFF97FFFFFE0001F00000B3007AD4
:106C10000001F000105B00D50016FACED00C68B071
:106C2000005DF8520002EE200001F000001AEE9123
:106C30000001F00039EB12CE9101800049300004D0
:106C4000800000A300000000000005E211111111F6
:106C500000000DFFFFFFFFFFB0006D00000000000F
:106C60000002E50000000000001D97FFFFFFFFF39A
:106C700000070980681000F200000A6019D300F1D3
:106C800000011C50007801F2104FFFFFFFFFFFFFD3
:106C9000F5001F10B50002E000003E003C9003E04C
:106CA00000006C0001B505D000008FFFFFFFFFFF63
:106CB000B000000000000A8000000000001DEC2071
:106CC00000000000076054000000000009805DA182
:106CD00000000000098001A6000EFFFFFFFFFFFF7C
:106CE000F00222222AB222222000820009E1002B97
:106CF00010008D1009F700CA00000AB009DD0BC0B2
:106D0000000001D3099CCC10000000105E84F30049
:106D10000000002BDC80AC00000008EA19801DB0E8
:106D20000005DD50098002DC201E91000980002C46
:106D3000E30100133B8000005000003EEC20000007
:106D400000025000000000018004DB2DDDDD523127
:106D5000C0000A4E00085491C000000E090854916A
:106D6000C000000E0D085491C02D500E0D08549116
:106D7000C006E90E0D085491C000240E0D08549170
:106D8000C000000E0D085491C000010E0D08549172
:106D9000C0003D0E0D085491C000890E1D0854918D
:106DA000C000D40059200011C004D000C4C40001A8
:106DB000C00B801B802D2002C0082086000561EEDC
:106DC0008000000000000000000150001004A0013D
:106DD0001003DB12E205C008B0001B909A05C01E2C
:106DE000300000002E15C099000000000305C011FE
:106DF000002D6000EFFFFFFF4004DB00E522222DA5
:106E000040001700E300000C40000000EFFFFFFF10
:106E100040000430E400000C40000B70E300000C64
:106E200040002E10EFFFFFFF40009A00E400000C2E
:106E30004001E300E300000C4008C000E300011D36
:106E400040064000E3000EEC1000000010000000BF
:106E500000025000000730000004DB10000B50005F
:106E600000001B3CEEEEEEEE80000000000B500038
:106E700000000006DDDEEDDD202B2000000B5000C1
:106E8000001AE57EEEEEEEEEE20079000000000072
:106E900000000003EEEEEEEC00000303D000004C17
:106EA00000000D43EDDDDDEC00005D03D000004C83
:106EB0000000C603EDDDDDEC0005E103D000004C71
:106EC000000B8003D000005C00022003D0003EE7EE
:106ED0000000000000000000000050000000000062
:106EE0000002CD40FFFFFFFB000008D0F100006B67
:106EF00000000010F100006B00000000FEEEEEEB61
:106F0000001A6000F100006B0002AD00FFFFFFFB04
:106F1000000003000000000000000000000000006E
:106F200000000338FFFFFFFF40000A8880D0580CA4
:106F300040003E1880D0580C4000B80880D0580C53
:106F40004005E10880D0580C400B70DFFFFFFFFFC9
:106F5000F500001111111111100150000000000086
:106F60000003DB18FFFFFFFFF3001A789111751182
:106F7000100000088000D5000000000886DDFEDD5E
:106F8000802D300887800007900AE5098780000778
:106F90009000690A77EDDDDE9000000B7780000736
:106FA0009000040C57EDDDDE90001E2D30009700A0
:106FB00000006B2E02C0972D0000C65C0990970B55
:106FC0008004E0B83E109704E10B83E1770097005E
:106FD00092072480005FD400000000000000000041
:106FE0000000000008500000000000000A700000CF
:106FF000000000000AFFFFFF800000000A8222223A
:10700000100000000A70000000005FFFFFFFFFF5A6
:1070100000005C22222222D500005B00000000C597
:1070200000005B00000000C500005C11111111C5DB
:1070300000005FFFFFFFFFF5000000000000000000
:1070400000006A04501A00A70000D506B00C503E9C
:10705000300AB004D007B008B019100280027001E5
:107060008000006500910000000000E500C70000FE
:10707000000008D0007C000000003EFFFFFFFFFF83
:10708000B002DF2000880000003E8FEEEEEEEEEA58
:1070900000070F200088000000000F20008800007B
:1070A00000000FEEEEEEEEEC00000F200088000076
:1070B00000000FFFFFFFFFFF80000A20000000110B
:1070C00000008A05701C10A90000E405B00C602EB9
:1070D0004009B004D007A007C00820027003600177
:1070E00091000000000000000007FFFF4FFFFFFFBE
:1070F000B007900E20098007A007900E200D4008D1
:107100008007900E20AC000B6007FFFF6CC10BECFA
:107110002007900E340000000007900E2AFFFFFFAA
:107120004007900E2A60000C4007911E2A60000C58
:107130004007FFFF2AFFFFFF40068000000000011C
:1071400000008A05600C209A0001E406B00B701E56
:10715000500AA004C006B007C01A100280028001C5
:10716000A100057000650000000556A000C50000E4
:10717000000966A002E10000000B67A207FFFFFF05
:10718000F20DFFFF5D55B1D4F22E06A06C0961E14E
:10719000F16A06A1E40E15A1F00206A0406A097288
:1071A000E00006C980C50E23D015AEE826D04C04F9
:1071B000C04E99A02E40A705B00006A0B903E10774
:1071C000A00006A0100B7009800006A0006D000B47
:1071D000600006A005E3124E200006A008503FE91B
:1071E0000000001000000000000000C10006701048
:1071F000000000F1000890D5000700F10008904E53
:10720000100B90F1000890096001E5F10008900072
:10721000000066F6FFFFFFFFF30000F2222BD222F0
:10722000200001F1000DF10000000BF1000ED5006F
:107230000000BCF1005E6B00001CB1F100991E2043
:10724000003C10F102E30990000000F10AB002E4F2
:10725000000000F16E20008D200000F7E600000B1A
:10726000E30000B560000000711FFFFF3FFFFFFF5C
:1072700010011E411F10002F10000E201F01801F43
:1072800010000E201F01E01F10000E201F01E01F44
:10729000100DFFFC1F01E01F10011E411F02D01F37
:1072A00010000E201F04C01F10000E201B07B01B73
:1072B00010000E20000CEA0000001EBE505E8A0086
:1072C000302BED8301E86A00B31720002DA06A007F
:1072D000D1000005E9003DDDA000000150000000E4
:1072E000003FFFFA7FFFFFFFA0015D117900E20779
:1072F000A0004C007900E106A0004C007EEEFEEEFE
:10730000A0004C007900E106A01FFFF77900E1061C
:10731000A0015D107900E107A0004C007FFFFFFF96
:10732000A0004C000000F30000004C000111F3111C
:1073300010004D45AFFFFFFFD016DFD70000F30070
:10734000004B72000000F3000000000DFFFFFFFF84
:10735000F70000011111111110000140067000002A
:10736000000007C00890000000000C80089000009A
:1073700000002F5229A2222200008FFFFFFFFFFFF3
:107380006001E50008900000000AC00008900000BD
:1073900000082000089000000000022229A22221FB
:1073A00000005FFFFFFFFFFC0000000008900000EE
:1073B000000000000890000000000000089000009D
:1073C0000000000008900000001FFFFFFFFFFFFF0C
:1073D000F20222222222222220008FFFFFFFFFFF43
:1073E00020008A2229B2222F2000890007A0000F46
:1073F0002000890007A0000F20008FFFFFFFFFFF84
:1074000020008A2228B2222F2000890007A0000F26
:107410002000980007A0000F2000AFFFFFFFFFFF34
:107420002000B62228B2222F2000D20007A0000F91
:107430002003E00007A0000F2007B00007A0000F06
:10744000201E600007A0112F203C00000790AEEA2C
:1074500000000000000000000000000007600000C5
:10746000000000000A800000000022222A9222224E
:107470000003FFFFFFFFFFFF4003E0000A80000E54
:107480004003E0000A80000E4003FFFFFFFFFFFF04
:107490004003E1111A91111E4003E0000A80000E22
:1074A0004003E0000A80000E4003FFFFFFFFFFFFE4
:1074B0004003E2222A92222E400010000A8000009F
:1074C000000000000A800000000000000A800000A8
:1074D00000000000087000000000000008500000DC
:1074E000000000000B700000000022222C822222EB
:1074F0000000EFFFFFFFFFFC0000E3000B70005CEB
:107500000000E3000B70005C0000EFFFFFFFFFFCDA
:107510000000E5111B81117C0000E3000B70005C92
:107520000000E3000B70005C0000EFFFFFFFFFFCBA
:107530000000E5222C822222500020000B70000067
:10754000D40000000AA00003F200000005EFFFFFD6
:10755000A000000000133332000000092002800068
:107560000001F10E3008B0000001F10E300D811164
:107570001001F10E302FFFFFF101F10E309A0000E3
:107580000001F10E34E269000001F10E4C6009D2F5
:107590000000900E3000007D10000001000000008F
:1075A00000006FFFFFFFFFF800006A03E00D309856
:1075B00000006A02E00D308800006A02E00D3088A9
:1075C00000006A02E00D3088003FFFFFFFFFFFFF71
:1075D000F40111111111111110007FFFFFFFFFF5D0
:1075E00000007B22222222D500007A00000000C584
:1075F00000007A00000000C500007FFFFFFFFFF5DC
:1076000000007B22222222D500007A00000000C563
:1076100000007A00000000C500007FFFFFFFFFF5BB
:1076200000007B22222222D500007A00000000C543
:1076300000007A00000000C500007FFFFFFFFFF59B
:1076400000007B22222222D50000460000000073A9
:1076500000000770000000000000088006FFFFFF28
:10766000C000088006B22227C0166BB656B00006CE
:10767000C02BBEDBA6B00006C0000E8006FFFFFFD9
:10768000C0004FC006B11116C0009DE906B000064B
:10769000C001D99C76B00006C007988296FFFFFF14
:1076A000C01E288006B11117C06A088006B0000607
:1076B000C013088006B00006C000088006B111168D
:1076C000C000088006FFFFFFC0000880059000048E
:1076D00090000000112356950000DEEDEEBA97539E
:1076E00000000000A90000000000CEEEEEEEEEEE7D
:1076F00010000004E000000000000008B0000000DE
:10770000000FFFFFFFFFFFFFF00000AB00000000D5
:10771000000007FEEEEEEEE700006EE4000000A7BA
:10772000001AD3CDCCCCCCE7002B10C4000000A7AE
:10773000000000CDCCCCCCE7000000C4000000A7C6
:10774000000000CEEEEEEEE70000009300000085A2
:1077500000006500000000000000C70000011111DA
:107760000001E511113FFFFF7005FFFFFB3D000A1F
:10777000700D80E3003D000A704E10E3003D000AEA
:10778000700100E3003D000A704FFFFFFF7D000A1B
:10779000700223F3224D000A700003F2003D000A3C
:1077A000700007ED103D000A70000C5AB03D000A51
:1077B00070006D00D93E111A7002E6003C4FFFFFC9
:1077C000702DA000003D000A7007000000140001A9
:1077D00010009300000000000000E20004FFFFFF23
:1077E000D003F21114E222222006FFFFB4D00000E1
:1077F000000C74D004D00000002E14D004FFFFFF52
:10780000200204D004E2222E200FFFFFF7D0000E4A
:10781000200227B224D0000E2000089004E1111E9F
:1078200020000BC104FFFFFF20001EAB04D00000AE
:1078300000007B0B94D000000002E401B5D00000F2
:10784000002D700004FFFFFFF3060000002222223B
:107850002000000000470000001FFFFF40B80000AC
:1078600000015C1103FFFFE3000089000A9007C0DC
:107870000000B5005E202E300000E102EFFFFFFFA8
:10788000C006FFFD9D30A504C00DE14B0D30A504E1
:10789000C04EE03B0DEEEEEEC029E03B0E20A5040D
:1078A000C001E03B0E30A605C001E03B1FFFFFFF1B
:1078B000C001E04B3D00A504C001FFFB7900A50419
:1078C000C001E001D400A505C0003005900053DEE2
:1078D000700000000000000000001222222222217D
:1078E00000009FFFFFFFFFF9000000000000000004
:1078F00000000000000000000002222222222222BA
:10790000200FFFFFFFFFFFFFF000000009A00000B5
:107910000000011009A00000000009B009A00C80BF
:1079200000002E4009A004E200009B0009A000AB6B
:107930000006E30009A0002F302E600009A0000B14
:10794000A00400133B9000033000003EEC40000018
:107950000000000120000000000036BEB0222222FC
:10796000104ECCC303FFFFFF900006A003D0000819
:10797000900006A003D00008903FFFFFF7D000085A
:1079800090011CC114D0000890002FF603D22229C8
:1079900090008DCD33FFFFFF9001D8A5D0000000EF
:1079A000000996A050020011004E16A0006C009A2B
:1079B000001506A000C7002E300006A004E1000953
:1079C000A00006A01D600003E10005901800000063
:1079D000710000350001920000048CEA000AB0003A
:1079E00000098D4001AFFFFE20000C404D91009931
:1079F00000000C40547C39C1003FFFFF300AFB00FF
:107A000000014F6117DE7A2000008FD19C719C002D
:107A10000000DDAA0007FFFFE204AC4B109D200729
:107A2000A00B4C404DB5102E304C0C402609D4C84C
:107A300000130C4000009F9000000C400018E8006C
:107A400000000C405AEB200000000A30A720000084
:107A500000000044000490000007AEE90002E200CC
:107A600000086E30DFFFFFFFF3000D300000000064
:107A700000000D300BDDDDDF002FFFFF4B40001F4E
:107A800000025F520BDDDDDF00009FC1000000003F
:107A90000000EEAABFFFFFFFF0079D36B500000112
:107AA000F02E2D30B57CCCA1F0690D30B58501C12B
:107AB000F0120D30B58501C1F0000D30B57DDDA1AE
:107AC000F0000D30B5000001F0000B20A400005DB7
:107AD000A00000000A100000000000000D6000007F
:107AE0000000000009A000000001222226622222DC
:107AF0001006FFFFFFFFFFFF700000000000000006
:107B0000000001E100001E30000000D500005E0012
:107B10000000009900009A000000006D0000D600EF
:107B20000000002F1002F1000000000E4007B0001E
:107B30000000000B600C600000022223225F422242
:107B4000202FFFFFFFFFFFFFF20046000000B20002
:107B500000002E103900E204800009304C00E206DB
:107B6000B03FFFFF7C00E206B00111114FFFFFFFA5
:107B7000B00840560000000000076077EFFFFFFFED
:107B8000F40590951113F3111003B0B30004D00065
:107B90000002C0D07FFFFFFFE001D0C0790E086275
:107BA000E00053B5980E0851E0058DFDA80E085170
:107BB000E02EA620780E0851E0000000780E085153
:107BC000E0000000680B066EA000290000092000FC
:107BD00000009B00004E10000002EFFFFCCFFFFFF3
:107BE000F11D81E20AC03D100016005109800520F8
:107BF00000009FFFFFFFFFFB000000000990000056
:107C00000000000009900000003FFFFFFFFFFFFFA2
:107C1000F400000000005C000000000000005D00B7
:107C2000000BFFFFFFFFFFFFC00002C300005C006E
:107C30000000006E40005C0000000005D0116C00E8
:107C40000000000000CED700000001000660012007
:107C500000000C80098009C0000002E309803E306A
:107C6000000111851A915611100CFFFFFFFFFFFF55
:107C7000D0000004DCED60000000019C2983AD60B1
:107C80000005BE80098003BD500760000870000435
:107C9000500000000C600000000EFFFFFFFFFFFF20
:107CA000E0011111ACC9111110000006E43E6000A2
:107CB000000003AE6004EA300019DFB300003BFDB2
:107CC000920972000000003790000000000003706D
:107CD0000000124578ACEFD50002EDCBED75310018
:107CE00000000007B1002500000002B80008E6000F
:107CF00000003EEDDEFA100000000423AD501B1022
:107D00000000007D700007C100017DEA9ACDEEEB16
:107D10000001CA8769C2100C7000007307B04602E8
:107D2000100007E207B03D9000007E4007B002DA85
:107D30000008E40007B0001D9000200AEE7000016A
:107D400010000001210000000000BEEEEEEEEEED9E
:107D50000000B5000980004D0000BEDDDEEDDDED68
:107D60000000B5000980004D0000B5000980004DFD
:107D70000000BEEEFEEEEEED0000006C6006A1001D
:107D800000005EFDDEE9240000001314B7101AA005
:107D90000000029DBBCDDEEC0003CFFFFFA1000A77
:107DA000300145D408A0860000003DA008A04DB1D8
:107DB0000008E80019A001AD40063006ED500006AD
:107DC000400006500009400000000D60005E1000F9
:107DD00000004D0000DFFFFE2000B7000AF6118C06
:107DE0000004D02DAD6E13E4001D73B98208BD7080
:107DF000005FDDD10003EE1000011D40006E8BD34B
:107E00000000A8005CE5008EA208D68A6817700200
:107E1000A23FEB860003AD5000020000000004907A
:107E200000000026239300000039CEEB328DD710DE
:107E30000039630000004BE800000000000000383B
:107E4000000004200000850000000C800000B60047
:107E500000003E101222C7222000A9007FFFFFFF72
:107E6000F104D01B2000B600003EA7BB0000B60006
:107E7000003A7CD11FFFFFFFC0002E4002222222C9
:107E80001000C80000000000000AE9BE59FFFFFF13
:107E9000603EC9520981111C600100000970000B8D
:107EA000600001584970000B603ADFEA3981111C0B
:107EB0006039630009FFFFFF600000000750000801
:107EC00040000570003B000000000B8000A900008E
:107ED00000002E1002FFFFE2000098000B8007B0A8
:107EE0000003D11D9D101E20001C84A9CEFFFFFFA2
:107EF000604ECDD00E30B40A60001D300E20B30AA3
:107F00006000B6010E20B30A600AEADE3EFFFFFF02
:107F1000603C85200E300000000000000E200000B4
:107F2000000036AD6E200000B34EEA620D40000145
:107F3000E113000007EFFFFF9000000000011110A7
:107F4000000005600003800000000C900002F200B9
:107F500000003F200111B61110009A007FFFFFFFC3
:107F6000F202E22C101D6010000C83AA00AA00D5BA
:107F7000004FEEE107D1027E10021D509FEEEDBCD6
:107F8000A000B800349307219009EADD00D30C501B
:107F9000002EA63000E20C500000000103E00C505F
:107FA000000038CD09A00C50A33ED9407E200C50D3
:107FB000C303000AE50009FFD00000021000000022
:107FC000000006400006800000000D4000079006FB
:107FD000A0005C002FFFFFCD5000B5010118919C5F
:107FE0000004C02E000792E4001D86C611189AB145
:107FF000102C9CC0EFFFFFFFF5002D200009810031
:108000000000C50103CFFFFF500AECE999F1000B16
:10801000501EA63010F1000B5000000000FEEEEEE6
:108020005000037B10F1000B501ADEB700F1000B7B
:108030005019510000FFFFFF5000000000B1000880
:10804000300007300002B00000000E300000C60013
:1080500000006C005FFFFFFFA000B5005A000006A3
:10806000A003C0885A000006A00B73D15FFFFFFF7A
:10807000A03B9E705A00000000005C006EEEEEEE29
:10808000D001D3117D90B0B0D00AECE58C90B0B0A7
:10809000D02FC830AA90B0B0D0020001D7EEEEEEDB
:1080A000D00039E6E590B0B0D02DD716B490B0B07E
:1080B000D014000B6490B0B1D00000061250000A3A
:1080C0007002FDDDEDDEDDDE4002F006A00A600D8F
:1080D0004002FDDDEDDEDDDE400000000C60000052
:1080E000000DEEEEEEEEEEEEA00000001E00000031
:1080F00000000BCCCECCCCB000000E20000003D092
:1081000000000EBBBBBBBCD000000E20000003D0A3
:1081100000000EBBBBBBBCD000000EBAAAAAABD0FD
:1081200000000E20000003D0001DDFDDDDDDDDEDF1
:10813000D10000004B000000000000005C00003D8A
:1081400010007FFFFFFFF7D4000000005C003D40FF
:10815000000000005C04E500000DFFFFFFFFFFFFD3
:10816000F00000003CC2000000000006EB10000020
:10817000000003BFFEEEEEE70003BF9C70000000AE
:10818000002FB31E200000000003007FFFFFFFA0B0
:108190000000000000000A700000000000000D5008
:1081A0000000000001004E10000000000DFFE7007D
:1081B0000000000000000000000005700000003713
:1081C0000000079000004AE8100FFFFFB38DF81081
:1081D000000008900883E200000007900000E20021
:1081E000000AFFFF7002E89B9000079007EFFB85F5
:1081F000200008900341E200003FFFFFF100E20091
:1082000000002EE30002E9ACE400ADDD1CEEFB85CE
:108210002004D89AA430E200001D57918000E200AB
:10822000413907900000E200960007900000E4004A
:10823000B400079000009EFFC00001100000000085
:1082400000000930002B000000004E17202F001600
:108250000000C607B02F39EE3008D335E42FFC718B
:10826000000DEDCABB2F300000010000142F0000EC
:10827000B206FFFFF41F2112E106A000D40AEFFEB0
:108280009006A000D41700000006EEEEE42F0005D3
:108290001006A000D42F05CC4006EEEEE42FDA50F5
:1082A0000006A000D42F10002006A000D42F00004C
:1082B000A506A011D42F2001D306A08EC10BEFFE7E
:1082C000B000100000000000000000000850000096
:1082D000000000000E400000000002225E22222169
:1082E00000006FFFFFFFFFF900006C000000009925
:1082F00000006C000000009900006FFFFFFFFFF915
:1083000000006C22222222A900006C0000000099CB
:1083100000006C000000009900006FFFFFFFFFF9F4
:1083200000006C11111111A900006C0000000099EF
:1083300000006C11111111A900006FFFFFFFFFF980
:1083400000005A0000000077000000580000840080
:108350000001118B1111C711101FFFFFFFFFFFFF5D
:10836000F100007B0000B600000040240000420045
:1083700000009D606FFFFFFE000003D36C22225EB1
:10838000000200006B00003E000CC3006B00003ECA
:1083900000008E406B00115D000002226B00BED811
:1083A000000001C76B00000000001C906B00000083
:1083B000C301CB005D000002E208C0001DFFFFFF0B
:1083C000A0011000001222210000003700008300ED
:1083D0000001115C1111D511100FFFFFFFFFFFFF0E
:1083E000F000004A0000A30000003EEEEEEEEEE4D6
:1083F00000003D00000000E400003D00000000E43B
:1084000000003EDDDDDDDDE400003D00000000E4B5
:1084100000003EEEEEEEEEF40000000009800000E9
:10842000000111111A811111101FFFFFFFFFFFFF43
:10843000F200000009800000000000000980000038
:1084400000000000076000000000002A0000930008
:108450000001114E1111D511100FFFFFFFFFFFFF9B
:10846000F000003E0000D400000030170001810041
:108470000003E57C0004C5C200004ED20004C07DAC
:108480001004DDB01115C117201B40E2FFFFFFFFF4
:10849000F00002E50007F10000002DD7000AE60019
:1084A0000006E697001E6C00002D4096009B0C60B5
:1084B000000000B505E303E3000002E26E50007E19
:1084C0005001EE82D4000006C00000000000000051
:1084D000000002B20000000000001D800FFFFFFF3F
:1084E000C002DA0002222222102DA00100000000AA
:1084F0000018009B00000000000004E300000000E2
:1085000000001D80BFFFFFFFF401CF30122226D2F2
:10851000201DCE30000005C0004C1E30000005C0FC
:1085200000000E30000005C000000E30000005C045
:1085300000000E30000005C000000E30000005C035
:1085400000000E30000227C000000E30001EED605B
:1085500000000100000000000000000007600000B3
:1085600000000000098000000004FFFFFFFFFFFF84
:10857000600000000980000000007EEEEEEEEEEAF2
:1085800000000000098000000000000009800000D9
:10859000000EFFFFFFFFFFFFE0000005E5D4000134
:1085A0000000009E306D006E30017DF5000D78D327
:1085B000002ED5D50004EB10000300D500007E503E
:1085C000000000D65AE505EA300003FFC720002A64
:1085D000E200018200000000100000000000000026
:1085E000000DFFFFFFFFFFFFD0000007900B5000C2
:1085F00000000007900B50000001FFFFFFFFFFFF8E
:108600003001F007900B500E3001F007900B500E28
:108610003001EEEEEEEEEEEE30000003E200000080
:10862000002FFFFFFFFFFFFFF20000AB00008C10E8
:10863000000004E30002E50000000AFEA64D9000E1
:1086400000000015BFFF82000001358CEA58DFC62C
:10865000000BCA851000038D5000000000000000D0
:10866000000027000000000000001D600CFFFFFF5D
:10867000700004700C60000A700FFFFE2C50830A1B
:108680007001116D0C50C50A700000D60C50C50A5F
:10869000700007D00C50C50A70002EA00C50C40A00
:1086A0007001CFE60C50D20A701CBE5E3C51F20A3B
:1086B000701B0E271215FC0210000E20000BCC00C0
:1086C00000000E20005E5C0084000E2002E63C00EC
:1086D00095000E204D803D00C3000E21D6000BDD1D
:1086E000A00000000000000000000005200840007D
:1086F0000001700C501E40000002F00C505FFFFFA4
:10870000E002F00C50C736000002F00C55E12D607D
:108710000002F00C556004E2000000073000005138
:1087200000000DFFFFFFFFF100000D51122113F1BA
:1087300000000D400A8002F100000D400B7002F1B4
:1087400000000D400D7202F1000004109C890040F1
:108750000000004CD289000190048DE7008A0004DB
:10876000C0069500004DEFFE6000000C50000000B8
:108770000000007FFFFFF700000004E30004E200B8
:1087800000004E80000D70000004EFFFFFFFFFFFB0
:10879000000B8E4114E1114F00000E3003E0003F4A
:1087A00000000EFFFFFFFFFF00000F4004E0004F3E
:1087B00000001F2003E0003F00002F2004E0004FD6
:1087C00000003FFFFFFFFFFF00007B0003E0003FD2
:1087D0000000C70003E0003F0006E10003E0226E56
:1087E0000009600000008ED80000000000000000BA
:1087F000000022000000A30000007D200000E40033
:10880000000008D20000E400000000820000E40044
:10881000000000000000E400000222103333E633C1
:10882000313FFF70FFFFFFFFF5000A700000E4001A
:1088300000000A700000E40000000A700000E4007C
:1088400000000A700000E40000000A703000E4003C
:1088500000000A9CA000E40000000DF80000E40005
:1088600000005E500000E400000002000000C300B1
:10887000000011000000B10000007D100001F200B6
:1088800000000AD10001F100000000B30001F10076
:10889000000000000001F000000222100003F000C0
:1088A000003FFF900004F200000008900006F40072
:1088B000000008900007F80000000890000ABD00C2
:1088C00000000890000E4E3000000891605D08B076
:1088D000000008CD80C702E300000CE508D0007D51
:1088E00020003C207E30000BD2000000730000000E
:1088F00081000000000000000002C20011111111EF
:1089000010008D20CFFFFFFFF00008A000009800AE
:108910000000000000009800003FFF3003009800B6
:1089200000022E300F20980000000E300F209FFF15
:10893000B0000E300F20992210000E300F2098004A
:1089400000000E300F20980000000E370F20980016
:1089500000000ECD1F20980000003FC10F2098009E
:1089600000009A05FFFFFFFFF50010001111111123
:10897000100020000000910000009B100006F40091
:1089800000000BB0002E9D20000001A000C808C10F
:10899000000000001BB000AC20022203DA00720AC3
:1089A000E53FFF43600AA00051000C4004D90030AD
:1089B00000000C401C400AA000000C400001BB005D
:1089C00000000C40006D900980000C411BD4006E2B
:1089D00010000C8D520008E400001EE50005CC20BC
:1089E00000007C2039DD6000000001003A400000FA
:1089F00000001000034000092001E40005D0003E03
:108A000010007E3000D50099000008B0018612E405
:108A1000100000209FFFFFFFD02666100000D4004A
:108A2000004BBE300000D40000000D301FFFFFFFE0
:108A300050000D300111E51100000D300000D40090
:108A400000000D301111E51110000D30FFFFFFFF88
:108A5000F3000D7D1000D40000000EE50000D400EE
:108A600000006D300000D400000011000000B300D1
:108A700000001000000000000002E4002FFFFFFFD4
:108A800040006E302E00000D400009A02E00000CAA
:108A9000400001102E00000D404FFF202FFFFFFF70
:108AA00040022F200000000000000F209FFFFFFF6A
:108AB000B0000F200112F11110000F200003E000A0
:108AC00000000F22FFFFFFFFF5000F22111BE8112E
:108AD00010000F8E103E5E3000003FD303D707D347
:108AE00000005B13AE70008E920000029200000244
:108AF00090000000000190000001C2000002F000A0
:108B000000009D10CEEEFEEEC00009A00002F000B5
:108B1000000000106DDDFDDD500222000002F000BB
:108B2000004FFF35EEEEEEEEE5000E3000000000E7
:108B300000000E303EEEEEEF10000E303D00001F44
:108B400010000E303ECCCCDF10000E333D00001F75
:108B500010000EAE5EDDDDDF10002FD23D00001FE5
:108B600010007B103D00002F100010003D000EEAA9
:108B70000000000000000000000010000002A00043
:108B80000001E4000003E00000005E408FFFFFFFF3
:108B9000400003600003E00000000002FFFFFFFF51
:108BA000C002220001000008805FFF1008A1630DD1
:108BB00030000F10616BB50400000F106D30C50060
:108BC00000000F100370D30000000F17FFFFFFFF1E
:108BD000F2000F26000AA20000000FCB005E3C80CE
:108BE00000002FB006E601BB00008A03BE50000A59
:108BF000B10010049100000080002000000000007F
:108C00000001E600DFFFFFFFB0003E50D311611509
:108C1000B0000580D201D004B0000000D2BDED94B8
:108C2000B0022200D201D004B04FFF10D201D00414
:108C3000B0000F10D5DDDDD5B0000F10D20000045C
:108C4000B0000F10E1ADDD64B0000F10E0C106749C
:108C5000B0000F14D0C10674B0001FBDA0CDDE74EB
:108C6000B0004FCB60C10004B000BC2E1000001556
:108C7000B0003139000003EE600000000000000089
:108C800000000000000170000008FFFFF106A000D6
:108C900000087111D10A6000000863A0D10EFFFF27
:108CA000F20863B0D15C112E100863B0D1C7003C4C
:108CB000000863B0D6FA0069000864B0D58E00964B
:108CC000000864B0D10A50D2000865A0D105C3C025
:108CD00000086880D100CC7000021B4120005F209A
:108CE00000003D3D1000BEA00001C608B009B1C99A
:108CF000001CA000D6CC102CC20700001180000080
:108D000080000000046000000005C4000C7000003A
:108D100000006DB16EEEEEEE90000065E309A01E5E
:108D200020000016402ED32600027BE602D62D60DE
:108D3000001EA5039D6001AE9000000471000002BA
:108D400050001FFFFFFFFFF400001F31145111E41A
:108D500000001F100A7000E400001F100E3000E435
:108D600000001B10AB5930920000002AD129ED7190
:108D700000058CE9100006CE700A95100000000571
:108D8000500001A000008100000002E00004D000BB
:108D9000001FFFFFFB0AFFFC000002E0003D108700
:108DA000000002E000D502D00009EEFEE8CEDDDED4
:108DB000700950D096870208700950D096870E0827
:108DC000700950D096870E087009EEFEE5871D08E1
:108DD00070000CFA00873C0870006BEA9087690805
:108DE0007003D3E0C533A513201E52E01005D3D67F
:108DF000000502E0017D301BA10001B007810000E9
:108E00007100039000000000000004C002FFFFFF9B
:108E1000C00005C00000E205C00CFFFFF502E0063F
:108E2000B00004C000079007A00115C1102E300A41
:108E3000802FFFFFFCD709FD300000F0016000002B
:108E4000000450F0009FFFFF700780F00097000AB9
:108E5000700880FFF797000A7009C1F00097000AB8
:108E6000700BE7F0009FFFFF700E3DF41000000054
:108E7000005B017CEFFEEEEEE414000001222222F2
:108E80002000093000004A0000000E2000008A0087
:108E9000003FFFFFA8FFFFFFB00189111113F3117D
:108EA0001000B5700005D0000002E2F02FFFFFFFB8
:108EB000F506A1F0022E6222200A72F1002F1000A6
:108EC000000EFFFFA05E1111000101F0009FFFFFE7
:108ED000700001F01000008C000369FEE20203E262
:108EE000003EB9F2003E8D60000001F00002BE209D
:108EF000000001F0000008E4000001B00000006480
:108F0000000003A000075000000007B0000C600044
:108F1000003FFFFFF90E511110023E32213FFFFFCB
:108F2000F3005C00007B0001E000977700C60203BD
:108F3000C000E28703E15B069005C18815906B08CD
:108F4000500BFFFFF8007B000001008700009E002F
:108F5000000000870000CE40000357CEEA03E7A0E0
:108F6000003ECACA200B80D300000087006E107C30
:108F70000000008706E4000CC20000660740000104
:108F800091000A200000580000000F1000006B0044
:108F9000002FFFFFA0006B000001891110117B1151
:108FA0001000B52008FFFFFFD000E1D208705A037F
:108FB000D003C0D208705A03D00981D308705A0375
:108FC000D00DFFFFA8706A04D00100D208FFFFFF98
:108FD000D00000D208705A03D00358EEB8705A037C
:108FE000D02EC9E408705A03D00000D208716A1468
:108FF000D00000D208FFFFFFD00000B107600002E0
:10900000A0000B200000000000001E0004EDDDDECB
:10901000303FFFFF84C0000D3002992214EDDDDEE9
:109020003000C560000000000000E2F03FFFFFFFDD
:10903000F304B1F002E0000E200982F102E0000E1C
:10904000200EFFFF72FDDDDF200101F002E0000EC7
:10905000200001F012EDDDDF200369FEB2E0000E1A
:10906000203EB8F102E0002E200001F059EDEEEFB5
:10907000E50001F02532100E200001B00000000BC9
:10908000100057000000A300000088000008EA005C
:10909000003FFFFC008A19C10001D3110A90006E45
:1090A0008100E001CFEEEEEAB303B661910000006B
:1090B0000007778000000001500B48815EEEC2730C
:1090C000B01FFFFC5902C3A3B00107805EEEC3A32B
:1090D000B00007825902C3A3B0047CFA5EDDC3A3CB
:1090E000B02D9A805902C3A3B00007805902C00373
:1090F000B00007805903C003B0000660593E80DE0F
:1091000060012000000005800006D200000007B0CA
:1091100000008D10000007B000000A4AFFFFFFFFAB
:10912000E0000001222228B220000000000007B069
:1091300000011100860007B0003FFF204E2007B05D
:1091400000000F2008B007B000000F2001B107B0E9
:1091500000000F20000007B000000F20001229A01F
:1091600000004F60004EEC400009D6CA51000012CA
:10917000312E2006BFFFFFFFF20100000011111089
:1091800000000000000000000009A100DFFFFFFF59
:109190002001AD3012222222000009500000000000
:1091A00000000000000000000000000EFFFFFFFFB5
:1091B000F44FFF0222D8222220013F0004E10A409E
:1091C00000002F000AA007C000002F002E2000D5AD
:1091D00000002F00A90134AC00002F04FEFFFEDECA
:1091E00050002F01854210079001AFA10000000040
:1091F000000CB3AE94322335622C10049CDEEEEDED
:10920000D200000000000000000230000012468B77
:109210004004E4005FECB97410005E205C000000C4
:10922000000008405C000000000000005C0000003E
:10923000000000006FFFFFFFF32FFF207B111E5186
:1092400010022E2089000D3000000E2097000D30F6
:1092500000000E20C6000D3000000E21F2000D307F
:1092600000000E28C0000D3000007F8850000D3037
:10927000000AD5BC61000012312E2006BEFFFFFFA0
:10928000E301000000111110000000000123457AE5
:1092900030079000CFECBA751002E700C50000005F
:1092A00000005E20C500000000000400C51111117F
:1092B00000000000CFFFFFFF20011100E400005C70
:1092C000003FFE00F3A200C600003E01F06E57C052
:1092D00000003E05D004EE2000003E0A9007EDA0FD
:1092E00000003E3E34CD21CB10006E360C70001BCA
:1092F0002009D9D831000012313D1028DFFFFFFFCF
:10930000E2010000001111000003600000000000F5
:109310000002D80CFFFFFFFFC0003E523334F5338C
:10932000200006300008C00000000000002E700081
:109330000000000000BF6400004FFE0008ED7CA0AC
:1093400000025E008E3B61CA00003E1AE40B601D05
:1093500090003E2B200B600290003E00000B60004E
:1093600000003E00000B600000009E40000B60000B
:10937000001CB6DA41000012326D1017DFFFFFFF4C
:10938000F50200000122222110013000026003508A
:109390000004E40004D007A000005E3004D007A061
:1093A00000000638FFFFFFFFB000000126D228B200
:1093B0001000000004D007A0003FFF2004D007A049
:1093C00000011F2126D228B220000F2AFFFFFFFF35
:1093D000F1000F20098007A000000F200E3007A029
:1093E00000000F20BC0007A000007F72C20007A091
:1093F000000AD5BB61000012312E2005BEFFFFFF21
:10940000E201000000011100000000000000000067
:10941000000A9000EFFFFFFF1001CC201111111185
:1094200000000B40000000000000000000000000F1
:109430000000000FFFFFFFFFF14FFF0116C14E11AB
:1094400010013F0006B03E0000002F0008903E00D3
:1094500000002F000C603E0010002F004E103E0058
:10946000D1002F03D7003E11E0002F2E80000DFE0B
:109470009001BFB300000000000BB29E83211234A4
:10948000522C10049CDEEEEDD20000000000000023
:1094900000024000008400000004E30000E400003B
:1094A00000007D0CFFFFFFFFB0000B300B701100C0
:1094B000000000003E10F20000000000B800F200C2
:1094C000004FFE03FFFFFFFF40014E003212F41178
:1094D00000002E000000F20000002E011112F41115
:1094E00010002E0EFFFFFFFFF0002E000000F20024
:1094F00000006E200000F200000AC7D9410092125D
:10950000324E1017DFFFFFFFF5030000012222217A
:109510001000000000038000000A60001E25C0004B
:109520000004E5006D05C00000006E20CFFFFFFFC6
:1095300080000407C005C000000000012005C00035
:109540000001110DFFFFFFFFF31FFF0112F33F1199
:1095500010002F0003E02F0000002F0008A02F00B4
:1095600010002F002E502F00B3002F04DA001F210F
:10957000D3002F1E80000CEFC0008FC4000000003D
:10958000000AD37EA4322335731C20039CEEEEED3B
:10959000D2000000000000000000000000000000F9
:1095A00000086002EEEEEEEF5002D800047207D71A
:1095B00000001C50005BEC1000000002DDDDEFED50
:1095C00090000003E005B007A0011103E005B0071B
:1095D000A04FFF13EDDEEDDEA0000F13E005B00796
:1095E000A0000F13EEEEEEEEA0000F13E005B007A3
:1095F000A0000F13E005B007A0005F52D004A3ED58
:109600005009C4BB51000012312D1005ADEFFFFE13
:10961000D301000000000000000000000006500020
:1096200000098000000980000001D80DFFFFFFFF46
:10963000F1001C300009800000000004EEEEEEEEA8
:1096400050000004C009800B503FFF34C009800B5C
:1096500050011D34C009800B50000D34EEEFFEEEBA
:1096600050000D30009EE90000000D3009A988D39C
:1096700000000D34CA09804D50001E595009800366
:109680004006D8CA51033001211E3005AEFFFFFE4F
:10969000E201000000011000000000000013469AE3
:1096A0001007700ADCBA97420002DB00300B004D55
:1096B00000001D70D40A60B6000002006B0684C072
:1096C000000000003D000120002FFF02DEEEEEEE64
:1096D00030013F094009700000002F0DEEEEEEEE64
:1096E000E1002F000009700000002F00F009701F3A
:1096F00010002F00F009701F10002F00FFFFFFFF68
:109700001000AFA000000000000BB29D83211234B6
:10971000522C10049CDEEEEDD10000000000000091
:109720000000000000000000001FFFFFFF3FFFFFE0
:10973000D0000B1D00022225D0000B1D00000004EC
:10974000D00AFFFFFA000004D00A49294A000004A9
:10975000D00A49194A1FFFFFD00A4A094A1F322579
:10976000D00A980CBA1F1002600A91004A1F10001C
:10977000000A40004A1F1000000AEDDDEA1F100039
:10978000100A40004A1F1000A60A40004A1F10009D
:10979000B50AEEEEEA0F5112E30930003709EFFE89
:1097A000A000135850000000002EDDC848FFFFFF46
:1097B000C00208705088111D500B3875A00B40AACC
:1097C0000003B88C2002DBB0000028710019EF7094
:1097D000003FFFFFBAED54DC61001EB02C6035067F
:1097E000C4005FF800007A000000CC9D66FFFFFF18
:1097F0008005B87380118A11001D487000007A003E
:10980000004908700FFFFFFFF300087000007A00A6
:109810000000087000007A00000007600000680087
:1098200000000001224568A20000AEFFFFD986417A
:109830000000000009800000001EEEEEEEEEEEEEED
:10984000E10000000980000000006CCCCEECCCC729
:1098500000007A000980009800007ECCCEDCCCE8C5
:1098600000007A000980009800007A0009800098C2
:1098700000006DDDDEEDDDD7000000000980000096
:109880000000EEEEEEEEEEEE20000000098000009B
:10989000002EEEEEEEEEEEEEE2002FBBBBBBBBF217
:1098A00000002FAAAAAAAAF200002F00000000F2CE
:1098B00000001BBBBBBBBBB10005555555555555ED
:1098C000511777777777777771005BBBBBBBBBB6F8
:1098D00000007A000980008900007DAAADDAAAD9CB
:1098E00000007DBBBDDBBBD900000000098000008B
:1098F0000000BCCCCEECCCCC000000000980000005
:10990000003DDDDDDEEDDDDDD3003700010095003B
:109910000000B7000A60A6097003FFFF92E1A62DC0
:10992000001D61110094A685004A00000111B711C5
:109930000004FFFF49FFFFFF50001C510970100B8E
:1099400050000B400970B50B50011C510970B50B4C
:10995000500DFFFF7970B50B50000B400970C50B1F
:1099600050000B400970E30B50000B412656C00716
:1099700030000DBE505E4DA200005FA24AD4007EB2
:10998000800035008710000191004800004A00D196
:109990000000B600004B00F10004FFFF6DFFFFFF69
:1099A000E01D6222005B01F2003A0000004B00F172
:1099B0000005FFFF215B11F210001C514FFFFFFF5C
:1099C000F4000B400000000000011C5105FFFFFFE8
:1099D000300FFFFF75B0000D30000B4005B0000DDB
:1099E00030000B4005EEEEEE30000B4215B0000DDE
:1099F00030000DBE35B0000D30004F9105EEEEEF9A
:109A000030001400048000092000840000000B10C6
:109A10000000E205FFB9DEDD6005FFF63A700C16C6
:109A2000700C61100C200C16706E00003B2EEEEED8
:109A3000E6180000A4000C167008FFFAFFBADEDE7C
:109A40007000590104A00C1000016A10168BEEEE94
:109A5000A02FFFF8B8600C1000005900DB300C108C
:109A6000000059008E3EEEEEE00059225E100C1010
:109A700000006CD5CCB10C100000AE46C09D661045
:109A80000000B22C2004ADEFF30000000000000045
:109A9000000000B200000040000000F3000008E2F7
:109AA000000000F30000AE30000000F3004DC200E3
:109AB000000000F32BE80000000000F32B30000052
:109AC000000223F522222222201FFFFFFFFFFFFFBB
:109AD000F10000F301E30000000000F3008B000040
:109AE000000000F3001E6000000000F30005E40029
:109AF000000000F300108E60000001F68CE207EB1E
:109B0000400007FEB720003BE200036100000000B8
:109B100010007000000000000000BB05FFFFFFFF09
:109B200090001D502222222A90000200000000090D
:109B30009008A000000000099008A00FFFFFF009A6
:109B40009008A00F1001F0099008A00F0001F00983
:109B50009008A00FFFFFF0099008A00F1001F00976
:109B60009008A00F0001F0099008A00F0001F00973
:109B70009008A00FFFFFF0099008A0000000000966
:109B80009008A0000000001A8008A000000003ED6B
:109B90004000000000000000000111110002C1009F
:109BA000000BFFFE1007F400000B607B001E9D10F1
:109BB000000B60D4009A0AA0000B64D006E101D823
:109BC000000B6A706E40002DA10B66C2E4100011FC
:109BD000B20B60A810F102F0000B604C00F102F033
:109BE000000B601E00F102F0000B715E00F102F04C
:109BF000000B7EE602E002F0000B600006C002F0FF
:109C0000000B60000C7002F0000B60008D1002F081
:109C100000095000A30001C0000011100000000066
:109C20000007FFFE1EFFFFFF1007704C0E30000FF5
:109C3000100770960E30000F100770E10EFFFFFF47
:109C4000100774C00E30000F100770B50E30000FF3
:109C50001007704B0EFFFFFF1007701E0E42E10051
:109C60000007700E1E30C305B007703E0E30885ED0
:109C7000600778E70E302ED4000770000E3009A080
:109C8000000770000E3262D9000770003FEEB02D61
:109C9000C20660002940000170001110000094000D
:109CA000000BFFF80005F800000B40C4004D4D709C
:109CB000000B43C006E302E7000B4962BC20003DF5
:109CC000B10B4C3068FFFFFCB30B44C00000D50063
:109CD000000B40C30000C400000B40961111D511C9
:109CE000100B4079FFFFFFFFF30B40A70000C400FB
:109CF000000B7EC10A50C479000B40004D10C40D0A
:109D0000500B4001D600C404D10B4004A011D40074
:109D1000920B400000CEC100000111100003500062
:109D2000000DFFFA0004C000000D30B59EEEEEEE0F
:109D3000900D31E000D104B0000D3695EEEEEEEE60
:109D4000E30D3C4000000000000D35C02CCCCCCC15
:109D5000000D30C43D00001F000D30783EBBBBBF7E
:109D6000000D30893D00001F000D4EE33ECCCCCFEE
:109D7000000D31000001F100000D3005FFFFFFFF75
:109D8000F40D30000001F100000D30000001F10081
:109D9000000920000001B0000000BDDDDEEDDDDBCC
:109DA000000222222A922222200BBAAAADCAAAAB12
:109DB000B00B4ABB6987BBA4B00B4000098000040C
:109DC000B0003BBB6007BBB30000000019C000003F
:109DD00000000028D8BC610000027CE81A339EB85D
:109DE000402E950004B00049C2003DDDDDDDDEE21D
:109DF0000000000100007D400000002DB76D9100C3
:109E00000000000038DD5000000000000004B30036
:109E10000000CEEEEEEEEEEC000000000970000057
:109E2000000ADDDDDEEDDDDDA00B40000970000481
:109E3000B00B4ABB6977BBA4B00B400009700004AB
:109E4000B0002BBB6977CCC3000000000970000094
:109E5000000EEEEEEEEEEEEEE00000000C50000024
:109E6000000000000E2000000000AFFFFFFFFFFF1A
:109E70001000A603D009600F1000A603D009600FE0
:109E80001000A603D009601F10009502B00856EB21
:109E9000000CFFFFFFFFFFFFE00111112E61111108
:109EA000100000005D00000000003FFFFFFFFFF614
:109EB00000003E11111111C600003E00067000C6E0
:109EC00000003E00089000C600003E00089000C65A
:109ED00000003E00099000C600003E000B7000C666
:109EE00000003E002E4300C600000201CB1DC4103E
:109EF0000000017EB1007EB20006AEC5000001AEDA
:109F00006008730000000005500000000000000021
:109F1000000FFFFFB8FFFFFFF501112E50115E117A
:109F2000100140A900117B110003ECA000FFFFFF0E
:109F3000A0002DC100F10007A00002D910F12707F1
:109F4000A06FFFFFF4F14C07A0000B51E0F14C07AC
:109F5000A0000B5690F14C07A0000B5620F15C07B7
:109F6000A0000B5000F17A07A0000B500031D53152
:109F700010000B50000BB2D800011C5004CB002D78
:109F80009009EC202B600001B100000000000000EF
:109F9000000074000001C0000000C4003CCCFCCCF8
:109FA0003000E2003B01F00B4003FFFE4B01F00BE1
:109FB0004007904B3CCDFCCC300D40960001F000AA
:109FC000004E24A1EEEEEEEEE5265B000000000060
:109FD00000005B004FEEEEEF10005B004B00200F27
:109FE00010005B004B03E00F10005B004B03D00F31
:109FF00010005B584B07B00F10006EC2014E5B5152
:10A000000000CA004AE503AC40006001B71000053B
:10A010008000000000008600000EFFFD0003E90044
:10A020000000002C000C9D600002604B007C03E4EB
:10A030000005905A07E2005E500680689D200005EA
:10A04000E5077087527FFFF4410950960000100029
:10A05000000BEEEE85808504C000000872D059091F
:10A060007000001970D23B0E10159DBA50A51B5AF6
:10A07000005C720B402100B40000000D200003D0F2
:10A080000000003E1FFFFFFFF1007ED70000000030
:10A0900000000000000000000000000000000004BC
:10A0A0000400000000000005050D0000210000086C
:10A0B000080D000055000009090C00008B00000984
:10A0C000091000FED300000F0F0C00002D01000B43
:10A0D0000B0C00006F010004040D00008901000555
:10A0E000051100FCB4010005051100FCDF010007AB
:10A0F000070D00000D020009090A00003A020004E1
:10A10000040700FC48020006060500005702000490
:10A11000040300005D020006071000FD950200091F
:10A12000090C0000CB020009090C00000103000922
:10A13000090C000037030009090C00006D03000939
:10A14000090C0000A3030009090C0000D903000951
:10A15000090C00000F040009090C00004504000967
:10A16000090C00007B040009090C0000B104000484
:10A1700004090000C3040004040D00FCDD04000910
:10A18000090A00000A050009090900003305000951
:10A19000090A000060050008080D00009405000F82
:10A1A0000F0F00FD0506000A0A0C00004106000B17
:10A1B0000B0C00008306000A0A0C0000BF06000B0F
:10A1C0000B0C000001070009090C0000370700090B
:10A1D000090C00006D07000B0B0C0000AF07000C12
:10A1E0000C0C0000F7070005050C0000150800091D
:10A1F000090C00004B08000A0B0C00008D08000938
:10A20000090C0000C308000D0D0C00001109000C22
:10A210000C0C00005909000C0C0C0000A109000AEC
:10A220000A0C0000DD09000C0C0F00FD370A000AC3
:10A230000A0C0000730A000A0A0C0000AF0A000AA8
:10A240000A0C0000EB0A000C0C0C0000330B000998
:10A250000A0C00006F0B000E0E0C0000C30B00096F
:10A26000090C0000F90B00090A0CFF00350C000A6C
:10A270000A0C0000710C0005051000FD990C000689
:10A28000071000FDD10C0005051000FDF90C0009B8
:10A29000090C00002F0D0009090200FE380D000A0C
:10A2A0000A0E00007E0D000909090000A70D000A32
:10A2B0000A0D0000E80D0008080900000C0E000A55
:10A2C0000A0D00004D0E000909090000760E000578
:10A2D000060E0000A00E0009090D00FCDB0E000AAE
:10A2E0000A0D00001C0F0004040D0000360F0004CE
:10A2F0000511FFFC610F0009090E0000A00F000509
:10A30000050D0000C10F000F0F0900000510000A25
:10A310000A0900003210000A0A0900005F10000A52
:10A320000A0D00FCA010000A0A0D00FCE110000656
:10A3300007090000011100070709000021110006AC
:10A34000060C00004511000A0A09000072110008FD
:10A35000090900009B11000D0D090000D61100082D
:10A3600008090000FA110008090D00FC3512000868
:10A370000809000059120005051000FD81120004B3
:10A38000041200FBA5120005051000FDCD12000906
:10A3900009080000F1120006060C00001513001059
:10A3A000100F00FF8D130010100F00FE0514001099
:10A3B000100F00FE7D140010101000FEFD140010A0
:10A3C000100E00FF6D150010101000FEED150010AE
:10A3D000101000FE6D160010101000FEED1600109B
:10A3E000100C00004D170010101000FECD170010CB
:10A3F000101000FE4D180010101000FECD180010B7
:10A40000101100FD55190010100F00FECD1900109D
:10A41000101000FE4D1A0010101000FECD1A001092
:10A42000101000FE4D1B0010101000FECD1B001080
:10A43000101200FD5D1C0010101000FEDD1C00104D
:10A44000101000FE5D1D0010101000FEDD1D00103C
:10A45000101000FE5D1E0010101000FEDD1E00102A
:10A46000101000FE5D1F0010101000FEDD1F001018
:10A47000101000FE5D200010101100FDE5200010FE
:10A48000101100FD6D210010101000FEED210010D4
:10A49000100F00FE65220010101000FDE5220010D4
:10A4A000101000FE65230010101000FEE5230010C0
:10A4B000101100FD6D240010101000FEED2400109E
:10A4C000101100FD75250010101100FDFD25001074
:10A4D000101000FE7D260010101100FD0527001051
:10A4E000101100FD8D270010101000FE0D28001027
:10A4F000101000FE8D280010100F00FE052900101E
:10A50000100F00FE7D290010100F00FEF52900102D
:10A51000101000FE752A0010101000FEF52A001021
:10A52000101000FE752B0010100F00FEED2B001018
:10A53000101000FE6D2C0010101000FEED2C00100D
:10A54000100F00FE652D0010100F00FEDD2D001015
:10A55000101000FE5D2E0010101000FEDD2E001009
:10A56000101000FE5D2F0010101000FDDD2F0010F8
:10A57000101000FE5D300010100F00FED5300010EE
:10A58000101000FE55310010101000FED5310010E3
:10A59000100F00FE4D320010101000FECD320010E2
:10A5A000101000FE4D330010101000FECD330010CF
:10A5B000101000FE4D340010101000FECD340010BD
:10A5C000101100FD55350010101000FED53500109B
:10A5D000101000FE55360010101000FED536001089
:10A5E000101000FE55370010101000FED537001077
:10A5F000101000FE55380010101000FED538001065
:10A60000101000FE55390010101100FDDD3900104A
:10A61000101000FE5D3A0010101100FDE53A001028
:10A62000101100FD6D3B0010101000FEED3B0010FE
:10A63000100F00FE653C0010100D00FFCD3C001017
:10A64000101000FE4D3D0010100F00FEC53D001023
:10A65000101000FE453E0010101000FEC53E001018
:10A66000101100FE4D3F0010101000FECD3F0010F5
:10A67000101000FE4D400010100F00FEC5400010ED
:10A68000100F00FE3D410010101000FEBD410010F3
:10A69000101000FE3D420010101000FEBD420010E0
:10A6A000101100FD45430010101000FEC5430010BE
:10A6B000101000FE45440010101000FEC5440010AC
:10A6C000101000FE45450010101000FEC54500109A
:10A6D000101000FE45460010101100FDCD46001080
:10A6E000101100FD55470010101000FED547001056
:10A6F000101000FE55480010101100FDDD4800103C
:10A70000101000FE5D490010101000FEDD49001021
:10A71000101100FD654A0010101100FDED4A0010F7
:10A72000101100FD754B0010101100FDFD4B0010C5
:10A73000101100FD854C0010101100FD0D4D001092
:10A74000101100FD954D0010101100FD1D4E001060
:10A75000101100FDA54E0010101100FD2D4F00102E
:10A76000101000FEAD4F0010101100FD355000100C
:10A77000101000FEB5500010101000FE35510010F2
:10A78000101000FEB5510010101000FE35520010E0
:10A79000101000FEB5520010100F00FE2D530010D7
:10A7A000101000FEAD530010100E00FF1D540010DD
:10A7B000100F00FE95540010101100FD1D550010E3
:10A7C000101100FDA5550010101000FE25560010B8
:10A7D000101000FEA5560010101100FD2D5700109E
:10A7E000101000FEAD570010101000FE2D58001084
:10A7F000101000FEAD580010100F00FE255900107B
:10A80000101000FEA5590010101000FE255A00106F
:10A81000101100FDAD5A0010101000FE2D5B00104D
:10A82000101000FEAD5B0010101000FE2D5C00103B
:10A83000101000FEAD5C0010101000FE2D5D001029
:10A84000101000FEAD5D0010101000FE2D5E001017
:10A85000100F00FFA55E0010100E00FF155F001026
:10A86000101000FE955F0010101000FE1560001023
:10A87000101000FE95600010101000FE1561001011
:10A88000101100FD9D610010101100FD25620010E7
:10A89000101100FDAD620010101000FE2D630010BD
:10A8A000101100FDB5630010101000FE356400109B
:10A8B000101000FEB5640010101000FE3565001089
:10A8C000101100FDBD650010101000FE3D66001067
:10A8D000100F00FEB5660010100F00FE2D6700106F
:10A8E000101000FEAD670010101000FD2D68001064
:10A8F000101000FEAD680010101000FE2D69001051
:10A90000101000FEAD690010100F00FE256A001047
:10A91000101000FEA56A0010101000FE256B00103C
:10A92000101000FEA56B0010101000FE256C00102A
:10A93000101100FDAD6C0010100F00FE256D001011
:10A94000101000FEA56D0010101000FE256E001006
:10A95000101000FEA56E0010100F00FF1D6F0010FC
:10A96000101000FE9D6F0010101000FE1D700010F2
:10A97000101000FE9D700010101000FE1D710010E0
:10A98000100F00FE95710010101000FE15720010DF
:10A99000101000FE95720010101000FE15730010CC
:10A9A000101000FE95730010101000FE15740010BA
:10A9B000101000FE95740010100E00FF05750010B9
:10A9C000101100FD8D750010101100FD157600109E
:10A9D000101100FD9D760010101000FE1D77001074
:10A9E000101000FE9D770010101000FE1D78001062
:10A9F000101100FDA5780010101100FD2D79001038
:10AA0000101000FEAD790010101100FD357A001015
:10AA1000101100FDBD7A0010101000FE3D7B0010EB
:10AA2000101100FDC57B0010101000FE457C0010C9
:10AA3000101000FEC57C0010101000FE457D0010B7
:10AA4000101000FEC57D0010101000FE457E0010A5
:10AA5000101000FEC57E0010101100FD4D7F00108B
:10AA6000101000FECD7F0010101100FD5580001069
:10AA7000101000FED5800010101000FE558100104F
:10AA8000101000FED5810010101000FE558200103D
:10AA9000101000FED5820010101000FE558300102B
:10AAA000101000FED5830010101000FE5584001019
:10AAB000101000FED5840010101000FE5585001007
:10AAC000101100FDDD850010101000FE5D860010E5
:10AAD000101000FEDD860010101000FE5D870010D3
:10AAE000101000FEDD870010101100FD65880010B9
:10AAF000101000FEE5880010101100FD6D89001097
:10AB0000101000FEED890010101000FE6D8A00107C
:10AB1000101100FDF58A0010101000FE758B00105A
:10AB2000101000FEF58B0010100F00FF6D8C001050
:10AB3000100E00FFDD8C0010101000FE5D8D001067
:10AB4000101000FEDD8D0010101100FD658E00104C
:10AB5000101000FEE58E0010101100FD6D8F00102A
:10AB6000101000FEED8F0010101000FE6D90001010
:10AB7000101000FEED900010101000FE6D910010FE
:10AB8000100F00FEE5910010101000FE65920010FD
:10AB9000100F00FEDD920010101100FD65930010F3
:10ABA000101000FEE5930010101000FE00000100E0
:10ABB0000200030004000500060007000800090069
:10ABC0000A000B000C000D000E000F001000110019
:10ABD00012001300140015001600170018001900C9
:10ABE0001A001B001C001D001E001F002000210079
:10ABF0002200230024002500260027002800290029
:10AC00002A002B002C002D002E002F0030003100D8
:10AC10003200330034003500360037003800390088
:10AC20003A003B003C003D003E003F004000410038
:10AC300042004300440045004600470048004900E8
:10AC40004A004B004C004D004E004F005000510098
:10AC50005200530054005500560057005800590048
:10AC60005A005B005C005D005E009000EA4DEB4D19
:10AC7000ED4DEE4DF44D024E0D4E1A4E6C4E844E7F
:10AC8000874EA54EAD4EC54ED64EFA4E2D4F2F4F88
:10AC9000394F3C4F5F4F7D4FBD4FC14FCE4F1C5082
:10ACA0003A503C504550285145516D51A651DA510A
:10ACB000E651E751F751FD5116522D527F528852FD
:10ACC000F65253536B537F53A253AD53B153B65304
:10ACD000B753B853CA53CF53D053D353EE534854FA
:10ACE0004856BE56C056D456DA56085710573757EE
:10ACF000E657E458ED5807591159AB59305B385BAA
:10AD00006C5B7A5B7E5BA45BD95BEF5BFA5B115C8F
:10AD10002F5CC55DC65DD25D185E565E745E865E54
:10AD2000975EE05EE25EE35EEF5E335F655FB95FB4
:10AD3000CB5FE15F1B6042604F60A560F061F66130
:10AD40002D624762B262BF62C962E162E962426338
:10AD50004E63686385638763B063AD6419651E6580
:10AD60002565286550658D659065C065D6651E664C
:10AD7000E066E966FF660A670C671A6723673F6744
:10AD80005E677C679667C567E767E867016817686D
:10AD90001968A068016A016B426B436B456B956B48
:10ADA000AF6B226C2B6D686DE56D096E706E9970DE
:10ADB00006714771497296729073E673FF74087555
:10ADC00013751575B176CE76D876EB76C577C977DB
:10ADD0004E781A79CF79DB791F7AAB7ACF7A297BD3
:10ADE0005B7CDB7C0F7DA87EB37EBD7EBF7ECA7E92
:10ADF000F67E4E7FE37FF77FDD80CA81E382298381
:10AE000097832C8848886189A689A889B289818B13
:10AE1000848BA18BAA8BC68BCF8BD78BDB8BE38BE1
:10AE2000058D248D368D658D4C8F4F8F548F718F8E
:10AE3000738FA78FB08FB18FB48FB88FBB8FBC8F3C
:10AE4000BE8FE98FFA8FFF8F45902D91AA91AD911A
:10AE5000AF91E194F9940E955F95D495169630963E
:10AE600044967C96D696E0965598649868996C9A24
:10AE7000200000006D9A0100ACAB03080000000048
:10AE8000620103002C0C030894A0030870AE0308B1
:10AE900000000000000001081402012445FA010826
:10AEA0004DF901081400040000FE010084AE0308FF
:10AEB000000000000000000000000000D11F020898
:10AEC000B5200208000000007923020882008200F9
:10AED0004A020000000001E001E0000000FF005510
:10AEE000AAFF00112233445566778899AABBCCDDAE
:10AEF000EEFF000102030405060708090A0B0C0D0A
:10AF00000E0F101112131415161718191A1B1C1DE9
:10AF10001E1F202122232425262728292A2B2C2DD9
:10AF20002E2F303132333435363738393A3B3C3DC9
:10AF30003E3F404142434445464748494A4B4C4DB9
:10AF40004E4F505152535455565758595A5B5C5DA9
:10AF50005E5F606162636465666768696A6B6C6D99
:10AF60006E6F707172737475767778797A7B7C7D89
:10AF70007E7F808182838485868788898A8B8C8D79
:10AF80008E8F909192939495969798999A9B9C9D69
:10AF90009E9FA0A1A2A3A4A5A6A7A8A9AAABACAD59
:10AFA000AEAFB0B1B2B3B4B5B6B7B8B9BABBBCBD49
:10AFB000BEBFC0C1C2C3C4C5C6C7C8C9CACBCCCD39
:10AFC000CECFD0D1D2D3D4D5D6D7D8D9DADBDCDD29
:10AFD000DEDFE0E1E2E3E4E5E6E7E8E9EAEBECED19
:10AFE000EEEFF0F1F2F3F4F5F6F7F8F9FAFBFCFD09
:10AFF000FEFFBF0BF0AF0AE09E08D08C07C0000038
:10B0000010BF1AE0F51F3F51F3E40F3E40F2720803
:10B01000100005C003E000007A005C000009800712
:10B02000A001FFFFFFFFFD033E733C833000F200F1
:10B03000C500000F100E300002F000F2009FFFFF6D
:10B04000FFFF4138C336E3300089005C00000A701E
:10B0500007A00000007900000000790000005CFFFC
:10B06000E92006FCBC9E900EB07900100F8079009C
:10B07000000DF579000003EFFD50000006CFFE4003
:10B080000000795EF100007905F307007907F12FE0
:10B09000E9BCAFA003AEFFD70000007900000000BC
:10B0A00079000003DE800005D000E40C5001E300CD
:10B0B0004C005A00A90006A004C04E00004C005AE3
:10B0C0000D500000E41C58A0000003CE73E13CE9E1
:10B0D000000000D60E40A800007C03C003D0002E64
:10B0E000203C003D000B7000E2098006D00004DD2A
:10B0F000A00009EFB1000009E43CA00000D9007DE8
:10B1000000000CC01CA000003FAEC1000001DFC069
:10B11000000003EB8F701800DB007F65F03F4000FC
:10B120008FEA03F70000CF700BF966CFBF4008DF4E
:10B13000EA30A5000000000000F5F5E4E47200DA52
:10B1400005F20BC00F703F405F206F107F006F1043
:10B150005F203F400F700BC005F200DA3F300CB0AB
:10B1600006F101F600E900BC00AD00AE00AD00BC88
:10B1700000E901F606F10CB03F30004A000674A465
:10B18000A02BFFE5007FFB207B6B8D0004A000005F
:10B1900013000000051000000F5000000F500001C8
:10B1A0001F5110EFFFFFF3344F7440000F500000A9
:10B1B0000F50000952FD0BA0C50F000111101FFF19
:10B1C000F30444400312FC1E90000005F100000A45
:10B1D000B000000F6000005F100000AB000000F640
:10B1E000000005F100000AB000000F6000004F10E1
:10B1F0000000AC000000F6000004F100000AC000EE
:10B20000000E6000004F1000000008EFC50000CFE6
:10B21000A8CF7007F5000AF20DC00001F81F8000EA
:10B2200000DC3F600000BD3F600000BD1F800000EB
:10B23000DC0DC00001F807F5000AF200CFA8CF70BE
:10B240000008EFC500EFFF367AF3005F3005F3002A
:10B250005F3005F3005F3005F3005F3005F3005FFA
:10B260003005F304BEFD7007FD98CF90280000BFA5
:10B2700000000007F2000000AF0000004F80000057
:10B280003FC000003EC100002EC100002ED10000D2
:10B290002EF8777746FFFFFFFA6FFFFFFF02777701
:10B2A0009FB000000CE1000009F3000005F600006B
:10B2B00000DFE910000459FD00000006F400000062
:10B2C0003F64400008F3BFC98CFB007CFFD700003F
:10B2D0000001EB00000000BE100000006F500000F5
:10B2E000002F900000000CD000000008F301D500F2
:10B2F00003F8002F6000ED2223F7216FFFFFFFFF0F
:10B3000081555556F9520000002F6000000002F6EA
:10B310000005FFFFFF007F77777008E0000000ADB9
:10B320000000000BC2100000DFFFFB30045568FF77
:10B3300020000004F80000000F92500005F68FD99D
:10B340008AFD105BEFE9100005CEFC60009FC88B02
:10B350007005F80000000CD00000001F8000000005
:10B360002F68EFFA103FEE648FD02FF10006F40E35
:10B37000C00002F609F10006F301DE869FB0001955
:10B38000EFD8008FFFFFFFE8F77777FC8F00004FC3
:10B390005590000BE0000002F80000009F10000034
:10B3A0000FB0000006F4000000DD0000003F700058
:10B3B000000AF1000001F90000005CFFD70006FC64
:10B3C00076AFA00CD00009F10DC00007F207F7110D
:10B3D0005EC000BFFFFE1009F9547ED02F8000042C
:10B3E000F64F500000F81FA00005F609FB76AFD01D
:10B3F000006CFFD810008EFD80000CF868FC005F28
:10B4000050003F708F00000EC07F30001FF01FD42F
:10B4100013CFF104EFFFA9F00002310AF0000000A1
:10B420000EA00000009F3009A78DF70007DFEB405A
:10B43000001E92FC0310000000000312FC1E901E70
:10B4400092FC0310000000000001E91FD0A80E309C
:10B45000A00000004200017DF3039FE810BFB5008B
:10B4600000EE81000017DFB4000004AFD20000013D
:10B4700082EFFFFFF3455555510000000001111107
:10B4800010EFFFFFF33444444050000000EF9200FF
:10B490000006CFB50000039FE200006CF3029EE9B6
:10B4A00020BFC600009300000004BEFD7007FC77BB
:10B4B000BFA0270000CF00000009F0000001EA0053
:10B4C0000001DD100000CE1000003F6000000130E0
:10B4D0000000000100000006F50000005F400000D1
:10B4E0000017CEFDB500000005FB53237DC2000010
:10B4F0006E400000008E1002F401AEFA3F49B00A1F
:10B50000901EE65BEF40E30F308F1000AF40981FB6
:10B5100000D900003F406A3F00E800001F405C1F68
:10B5200000D900003F406A0F308F1000AF40980AEA
:10B53000901ED65ADEA6F203F301AFFA16EE5000C3
:10B540006E4000000000000006FB53237500000061
:10B550000017CEFDA30000000002FD000000000067
:10B560009FF4000000000F9EB000000006F27F2054
:10B57000000000DC01F80000004F600BE000000B51
:10B58000F0004F600001FA1111ED00008FFFFFFF86
:10B59000F3000EC444444FA006F4000000AF10CDE9
:10B5A00000000002F85FFFFFEB4005F85557DF4051
:10B5B0005F400001FA05F400000FA05F51113AF45A
:10B5C00005FFFFFFFA005F744459FA05F400000814
:10B5D000F25F4000005F45F4000009F25F85556AA4
:10B5E000FB05FFFFFFD70000028DFEB40004FFB88B
:10B5F0009DF902FD20000850BF200000000FA000B0
:10B60000000002F6000000002F6000000000FA00B9
:10B610000000000BF2000000002FD2000085005F48
:10B62000FB89DF800029DFEB405FFFFFEA30005F2E
:10B6300097779EF8005F400000AF605F4000000D0C
:10B64000E05F40000006F45F40000003F65F40004A
:10B650000003F65F40000006F45F4000000DE05F6D
:10B66000400000AF605F97779EF8005FFFFFEA3011
:10B67000005FFFFFFF95F97777745F40000005F4E6
:10B680000000005F51111105FFFFFFE05F744444AB
:10B6900005F40000005F40000005F40000005F9723
:10B6A000777765FFFFFFFD5FFFFFFF95F977777401
:10B6B0005F40000005F40000005F40000005F52237
:10B6C00022105FFFFFFE05F85555405F4000000562
:10B6D000F40000005F40000005F400000000018D50
:10B6E000FEB500004FFB89DFB002FD200006600BB5
:10B6F000F2000000000FA0000000002F600000001A
:10B70000002F60000009F00FA0000009F00BF2000C
:10B710000009F002FD20000AF0004FFB89DFC000A5
:10B72000028DFEC6005F4000004F55F4000004F596
:10B730005F4000004F55F4000004F55F5222225F85
:10B7400055FFFFFFFFF55F8555558F55F400000449
:10B75000F55F4000004F55F4000004F55F40000025
:10B760004F55F4000004F55F45F45F45F45F45F480
:10B770005F45F45F45F45F45F400FFFFFA0077771B
:10B78000FA000000FA000000FA000000FA000000D1
:10B79000FA000000FA000000FA000000F907200398
:10B7A000F60DE98EF101AEFB305F400002EB05F4CF
:10B7B0000001EC005F4001DE1005F400CE20005FC8
:10B7C00040BF300005F49F9000005FCFEF400005C0
:10B7D000FF91EE10005FA003FC0005F40006F800E6
:10B7E0005F400009F505F400000CF25F4000000521
:10B7F000F40000005F40000005F40000005F40001E
:10B800000005F40000005F40000005F40000005F48
:10B8100040000005F40000005F97777725FFFFFFE9
:10B82000F55F400000001E95FC00000008F95FF580
:10B83000000002FF95FDE00000AEF95F5F70003F81
:10B840005F95F38F100BC0F95F31E904F30F95F3A7
:10B8500007F2DB00F95F300DEF200F95F3005F90EA
:10B8600000F95F300071000F95F300000000F95FF0
:10B870005000004F55FF200004F55FFD00004F55BC
:10B88000FAF90004F55F4AF5004F55F40DF204F59E
:10B890005F402FD04F55F4006F94F55F4000AFAF7D
:10B8A00055F40000DFF55F400002FF55F40000068C
:10B8B000F500018DFEB5000004FFB89EFA0002FD00
:10B8C000200008F900BF2000000AF20FA0000000CD
:10B8D0003F72F600000000F92F600000000F90FAA0
:10B8E00000000003F70BF2000000AF202FD2000091
:10B8F0008F90004FFB89EFA0000028DFEB50005F26
:10B90000FFFFD7005F9778BFC05F400007F65F403A
:10B910000000FA5F400000FA5F400003F85F622316
:10B920006EF15FFFFFFD305F855420005F40000037
:10B93000005F400000005F4000000000018DFEB588
:10B940000000004EFB89EFA00002FD200008F90076
:10B950000AF2000000AF200FA00000003F702F602F
:10B960000000000F902F600000000F901F9000005B
:10B97000002F700BF1000000AF2003FC100007F94E
:10B9800000006FFA78DFB0000003AEFFC5000000D2
:10B9900000003ED415B000000002BFFF8000000090
:10B9A000000131005FFFFFD7005F9778BFC05F40A5
:10B9B0000007F65F400000FA5F400000FA5F4000B9
:10B9C00003F85F52236EE15FFFFFFC305F8555F99E
:10B9D000005F40007F405F40000CE05F400002F9E4
:10B9E000005CEFD92007FC87AF900EC00001100F5C
:10B9F000800000000DF500000003EFEA5000000594
:10BA0000AEFE400000004EF100000005F30800000B
:10BA100008F22FFA77BFA0029DFFC700FFFFFFFFCC
:10BA2000F56778FB77720001F700000001F700006E
:10BA30000001F700000001F700000001F70000001E
:10BA400001F700000001F700000001F7000000010D
:10BA5000F700000001F700006F3000008F16F300C0
:10BA60000008F16F3000008F16F3000008F16F300E
:10BA700000008F16F3000008F16F3000008F05F40E
:10BA8000000009F03F700000CD00DE20005F800460
:10BA9000FFA8BFD00003BEFD81000CE00000006FD6
:10BAA000306F5000000CC000FB000003F60009F2EC
:10BAB0000000AE00002F80001F900000CE0007F2B3
:10BAC000000005F600DB0000000EC04F5000000033
:10BAD0008F3BE000000002FBF8000000000BFF10AD
:10BAE000000000004FB000005F400000DF000002D7
:10BAF000F50F900002FF400007F00BE00007FE90FA
:10BB0000000CB006F3000CAAE0001F6001F8001F53
:10BB100054F3006F1000CD007F10F800CC00007FC0
:10BB200020CB00AD01F700002F71F6005F26F20078
:10BB3000000DC6F1000F7BD0000008FDC0000BDF38
:10BB400080000003FF700006FF30000000EF2000BF
:10BB500001FE00003F900000CD008F40007F3000CC
:10BB6000DE102F800003FA0CD0000007FBF300006A
:10BB7000000CF800000001EFC0000000BF7F700063
:10BB8000006F60AF20002FB001ED000CF10004F851
:10BB900007F6000009F30CE0000007F203F70000CD
:10BBA0001F9000AF10009E10001FA002F6000008BA
:10BBB000F30BD0000000EC4F400000005FFB0000E2
:10BBC00000000CF20000000009F00000000009F085
:10BBD0000000000009F00000000009F000003FFF35
:10BBE000FFFFFD01777777BF900000001EC00000C7
:10BBF000000CF200000008F500000004F90000004D
:10BC000001EC00000000CF200000008F5000000079
:10BC10004F900000001EF877777705FFFFFFFFF0D9
:10BC20005FFF05F7505F3005F3005F3005F3005FFD
:10BC30003005F3005F3005F3005F3005F3005F303F
:10BC400005F7505FFF007E0000001F4000000C90D1
:10BC5000000007E0000002F4000000C90000007EC0
:10BC60000000002F4000000C90000007E0000002E0
:10BC7000F3000000D90000007E0000002F3000001B
:10BC80000D90000007E0BFFA35EA00EA00EA00EA9A
:10BC900000EA00EA00EA00EA00EA00EA00EA00EA54
:10BCA00035EABFFA002F8000009DE00000F3D500C8
:10BCB00006D07B000C601F203F100B809A0004E030
:10BCC000FFFFFFFF1111111107F60003E7019EFDB1
:10BCD0008000CE87AF90020000AF00000006F202A5
:10BCE000BEFFFF20EC4227F22F50007F20EC427F66
:10BCF000F202BFFB6F208F000000008F00000000E9
:10BD00008F000000008F2BFEB3008FEC78EF308F98
:10BD1000A0001EC08F200007F18F000005F38F20C8
:10BD20000007F18FA0001ED08FEC78EF308E2BFE35
:10BD3000B300003AEFC4004FD87CF40DD0000713D5
:10BD4000F60000004F30000003F60000000DD000A8
:10BD500006104FD77CF4003AEFC40000000001F752
:10BD600000000001F700000001F7003BFFA3F7040B
:10BD7000FD87CEF70ED0000BF73F600003F74F3082
:10BD80000001F73F500003F70EC0000AF704FC65FE
:10BD9000BEF7003BFFB2F7003BFEA20004FC67EEDB
:10BDA000200EC0001EA03F500007F04FFFFFFFF124
:10BDB0003F722222200EC000020004FD87AF500017
:10BDC0003AEFD600005DFC002FB57004F3000CFFC5
:10BDD000FFA048F753005F300005F300005F30001C
:10BDE00005F300005F300005F300005F3000003B0A
:10BDF000FFB2E904FE87CFF90ED1000AF93F6000D7
:10BE000001F94F400000F93F600001F90ED0000930
:10BE1000F904FD87CFF8003BFFB3F700000005F4FD
:10BE200009E977AFB0017CFFD8008F00000008F06F
:10BE30000000008F00000008F2BFEA108FFB89FDB0
:10BE400008F80006F48F10001F78F00000F88F004B
:10BE5000000F88F00000F88F00000F88F00000F855
:10BE60009E1AF20008F08F08F08F08F08F08F08F0C
:10BE700008F00007E20009F30000000007F10007E6
:10BE8000F10007F10007F10007F10007F10007F1E9
:10BE90000007F10007F10008F0186EC03EFC208F8B
:10BEA00000000008F00000008F00000008F0001DF6
:10BEB000D18F001DE208F01DE2008F2DF30008FE77
:10BEC000FF70008FE2BF3008F201EE108F0003FB1D
:10BED00008F00007F78F8F8F8F8F8F8F8F8F8F8F47
:10BEE0008F8E3CFE913BFEA208FF969FCFC68FD05F
:10BEF0008F70009FC0005F58F10005F60001F78FBA
:10BF000000004F40000F88F00004F40000F88F009C
:10BF1000004F40000F88F00004F40000F88F00008C
:10BF20004F40000F808E3BFEA108FFA68FD08F8070
:10BF3000006F48F10001F78F00000F88F00000F853
:10BF40008F00000F88F00000F88F00000F80003B8A
:10BF5000EFC40004FD87CF600ED0000BF13F6000FE
:10BF600003F54F300001F73F600003F50ED0000BE2
:10BF7000F104FD77CF60003BEFC4008E3BFEB300C1
:10BF80008FFB57DF308F90000DC08F100007F18FAF
:10BF9000000005F38F200007F18FA0001ED08FEC6A
:10BFA00078EF308F2BFEB3008F000000008F000071
:10BFB00000008F00000000003BFFA2F704FD87DEB9
:10BFC000F70ED0000BF73F600003F74F300001F78A
:10BFD0003F600003F70ED0000BF704FD77CEF700AB
:10BFE0003BFFA3F700000001F700000001F700008D
:10BFF0000001F78E2BF08FED908FA0008F20008F27
:10C0000000008F00008F00008F00008F000002AE44
:10C01000FD911ED769D04F3000002FB4100006EFFD
:10C02000FD6000015BF5010000F75FA76BF319DF0E
:10C03000EC4005F300005F3000CFFFFA048F75304D
:10C0400005F300005F300005F300005F300004F4EA
:10C0500000001FC680005DFC10AE00002F5AE000FB
:10C0600002F5AE00002F5AE00002F5AE00002F5995
:10C07000F00004F56F3000AF51EE76BFF502BEFB65
:10C080003F500DC00000CB06F20002F500F9000998
:10C09000E0009E000F80002F606F10000CC0CB00EE
:10C0A0000005F6F4000000EFD00000008F7000BB28
:10C0B00000009F10004F16F1000EF60009C00F603F
:10C0C00005FCB000F600AC00AB5F105F1005F10F8F
:10C0D00050F70AB0000F76F009C0F50000ACBA00C6
:10C0E0004F8F000004FF4000EFA000000EE00008AA
:10C0F000F400004F70009F208F305F5000CD2E90D5
:10C100000002FFD000000AF6000004FDE10001EB90
:10C110000DC000BE103F806F40007F400DC000008A
:10C12000CB06F30002F400EA0009D0008F101F7064
:10C13000001F707F10000AE0D9000003F9F2000030
:10C1400000CFB00000006F40000000AD00001C797F
:10C15000F500001AEE7000004FFFFFF915555BF473
:10C1600000004F800001EC00000BE100008F400058
:10C1700004F700001EE555535FFFFFFC002CF5009F
:10C18000AF6100CC0000DB0000DB0000DB0002EA56
:10C19000001FF40005FA0000DB0000DB0000DB00FC
:10C1A00000CC0000AF61002CF55F15F15F15F15F69
:10C1B00015F15F15F15F15F15F15F15F15F15F1076
:10C1C000BE8003AF4001F6001F7001F7001F700032
:10C1D000F9000AFB00FB201F7001F7001F7001F639
:10C1E00003AF40BE900000000000003DE400B50C2D
:10C1F00086F51E20F003EF90020000100002CE90A2
:10C200000D40893B000E3B000E0D408902CE900090
:10C2100008F8EFE7F7000000000000000000000051
:10C2200000000049DC0000000016BFFFFF00000313
:10C230008DFFFFFFFF0000CFFFFFFFFFFF0000FFAC
:10C24000FFFFFFC7FF0000FFFFEA5100FF0000FFF4
:10C2500083000000FF0000FF00000000FF0000FF5F
:10C2600000000000FF0000FF00000000FF0000FFD2
:10C2700000002BFFFF0000FF0000DFFFFF2BFFFF90
:10C280000000DFFFFDDFFFFF00002BFFB2DFFFFD3F
:10C2900000000000002BFFB20000000000D00FFFE4
:10C2A000FFFFFFF00DFFFFC888888CFFFFF00F80B5
:10C2B000000008F00FF00F80000008F00FFFFF8073
:10C2C000000008FFFFF00FECCCCCCEF00FF00FEC2D
:10C2D000CCCCCEF00FFFFF80000008FFFFF00F80F6
:10C2E000000008F00FF00F80000008F00FFFFFC8FB
:10C2F00088888CFFFFD00FFFFFFFFFF00DDFFF737B
:10C30000FFFFFFFFFDFFFFA5FFFFFFFFFFFFFFA5F3
:10C31000FFFFFFFFFFDFFF73FFFFFFFFFD000000D8
:10C320000000000000DFFF73FFFFFFFFFDFFFFA520
:10C33000FFFFFFFFFFFFFFA5FFFFFFFFFFDFFF7313
:10C34000FFFFFFFFFD0000000000000000DFFF73A3
:10C35000FFFFFFFFFDFFFFA5FFFFFFFFFFFFFFA5A3
:10C36000FFFFFFFFFFDFFF73FFFFFFFFFD00000088
:10C370000000000AB1000000000000BFFC00000047
:10C3800000000BFFFB0000000000BFFFC01BA0006F
:10C39000000BFFFC00CFFB0000BFFFC000BFFFB0E1
:10C3A0000BFFFC00000CFFFBBFFFC0000000CFFF35
:10C3B000FFFB000000000CFFFFB00000000000BF0A
:10C3C000FB0000000000000BB000000000030000B4
:10C3D000000308FC10001CF8FFFC101CFFF5FFFC1C
:10C3E0002CFFF505FFFFFFF50005FFFFF500001D21
:10C3F000FFFD10001CFFFFFC101CFFF9FFFC1CFFE1
:10C40000F505FFFCDFF50005FFD1A4000004A10045
:10C4100000004FE00000000002106FF10310000068
:10C420005FD06FF13FD10003FFF16FF15FFD000DB1
:10C43000FF406FF109FF704FF7006FF100CFE09FF1
:10C44000F0006FF1005FF3BFC0006FF1002FF5BF88
:10C45000C0004FE0001FF6AFE0000000004FF46F97
:10C46000F400000000AFF00FFE10000005FFA00672
:10C47000FFD300007FFF20009FFFDABEFFF4000023
:10C4800006FFFFFFFD3000000017BDCA500000008E
:10C4900000008BB8000000000000FFFF000000005B
:10C4A0003006FFFF60030004FDDFFFFFFDEF400DDE
:10C4B000FFFFFFFFFFFFD04FFFFFF99FFFFFF408D3
:10C4C000FFFF2002FFFF8000FFF900009FFF000038
:10C4D000FFF900009FFF0008FFFF2002FFFF804FD1
:10C4E000FFFFF99FFFFFF40DFFFFFFFFFFFFD004E9
:10C4F000FEDFFFFFFDDF40003006FFFF60030000AE
:10C500000000FFFF0000000000008BB800000000EA
:10C51000000003DD303FF3000000006FFFF54FF433
:10C5200000000009FF99FFBFF4000001BFF6226F71
:10C53000FFF400002DFE35FF53EFF40004FFC18F20
:10C54000FFF82DFE407FFA1AFFFFFFA1AFF7CF8261
:10C55000DFFFFFFFFD28FC140EFFFFFFFFFFE041A0
:10C56000000FFFFFFFFFFFF000000FFFF9008FFF3C
:10C57000F000000FFFF8008FFFF000000FFFF80041
:10C580008FFFF000000EFFF6006FFFE000000000DC
:10C59000DFFD000000000000FFFF000000000000C1
:10C5A000FFFF000000000000FFFF0000000000008F
:10C5B000FFFF000000000000FFFF000000004FFF31
:10C5C000FFFFFFF400000BFFFFFFFFB0000000BF04
:10C5D000FFFFFB000000000BFFFFB00000000000A9
:10C5E000BFFB000000DFFFFC1BB1CFFFFDFFFFFF23
:10C5F000C22CFFFFFFFFFFFFFFFFFFFFFFFFFFFF5B
:10C60000FFFFF0E0FFDFFFFFFFFFFFFFFD0004EF94
:10C61000FFFFFFFE4000001EFFFFFFFFFFE10000E5
:10C62000AFB00000000BFA0005FF1000000001FF92
:10C63000501EF600000000006FE1AFB000000000E7
:10C64000000BFAFFFFFF800008FFFFFFFFFFFFF175
:10C65000001FFFFFFFFFFFFFFFFFFFFFFFFFFFFFC9
:10C66000FFFFFFFFFFFFFFFFFFFFFFFFFFFFFFFFDA
:10C670008FFFFFFFFFFFFFFFF8000006BDDA50024B
:10C68000FF0005EFFFFFFE42FF007FFFA77BFFF9E2
:10C69000FF05FFC100002CFFFF0EFC00000222DF9F
:10C6A000FF5FF200000FFFFFFF8FB000000FFFFFE2
:10C6B000FF0000000000000000000000000000007B
:10C6C00000FFFFFFF000000BF8FFFFFFF000002F5E
:10C6D000F4FFFD22200000CFE0FFFFC200002CFF8E
:10C6E00040FF9FFFB76AFFF700FF24DFFFFFFE5008
:10C6F00000FF2005ACDB600000000000000000002F
:10C700008D000008FF00008FFFDFFFFFFFFFFFFF2E
:10C71000FFFFFFFFFFFFFFFFFFFFFFFFFFDFFFFF49
:10C72000FF00008FFF000008FF0000008D000000E8
:10C73000000000000000000000008D000000000864
:10C74000FF000000008FFF0000CFFFFFFF0150FF40
:10C75000FFFFFF06F7FFFFFFFF00BEFFFFFFFF0029
:10C76000AEFFFFFFFF05F8DFFFFFFF026000009F45
:10C77000FF0000000009FF00000000009E00000014
:10C780000000000000000000000000061000000093
:10C79000000000001FD2000000008D000003EE101A
:10C7A000000008FF000AB12FB000008FFF0005FC59
:10C7B00007F4DFFFFFFF02505F60F9FFFFFFFF0696
:10C7C000F70DC0BDFFFFFFFF00AE09F09FFFFFFFA9
:10C7D000FF00AE09F08FFFFFFFFF06F70DC0ADDFD2
:10C7E000FFFFFF02505F60E900008FFF0005FC06BD
:10C7F000F4000008FF000AB12FB00000008D000017
:10C8000002EE100000000000001FD2000000000037
:10C8100000000610008FFFFFFFFFFFFFF8FFFCFF87
:10C82000FFFFFFFFFFFF202FFFFFFFFFFFFC000CBC
:10C83000FFFFEEFFFFFF202FFFFE22EFFFFFFCFFB9
:10C84000FFE2002EFFFFFE4EFE200002FFFFE2028D
:10C85000C2000000FFFF200000000000FFFF0000FA
:10C8600000000000FFFFFFFFFFFFFFFFFF8FFFFF44
:10C87000FFFFFFFFF800004E400000000BFB000030
:10C880000001FFF10000009FFF9000002FFFFF302C
:10C89000000CFFFFFC0007FFFFFFF802FFFFFFFF98
:10C8A000F29FFFFFFFFF9EFFFFFFFFFEFF2FFFFF37
:10C8B000FFFEF2BFFFFFFE9FA1BFFFFF92FFA22F6F
:10C8C000FFF204FFFFFFF400029EFE920000000052
:10C8D0000000FF300001CCFF40002DFFFF4003EFC0
:10C8E000FFFF403FFFFFFF44FFFFFFFF9FFFFFFFF2
:10C8F000FFFFFFFFFFFFFFFFFFFFFFAFFFFFFFFF98
:10C9000045FFFFFFFF404FFFFFFF4003EFFFFF40EA
:10C91000002EFFFF300001CC0000000000000000EE
:10C92000000000008F910000000000FFFF70000079
:10C930000000FFFFFD40000000FFFFFFFA100000B5
:10C94000FFFFFFFFF70000FFFFFFFFFFD500FFFF26
:10C95000FFFFFFFFB2FFFFFFFFFFFFFDFFFFFFFF36
:10C96000FFFFFDFFFFFFFFFFFFB2FFFFFFFFFFD550
:10C9700000FFFFFFFFF70000FFFFFFFA100000FFBE
:10C98000FFFD40000000FFFF70000000008EA100CE
:10C990000000000000000000000000000000000097
:10C9A00000008FFFF8008FFFF8FFFFFF00FFFFFF81
:10C9B000FFFFFF00FFFFFFFFFFFF00FFFFFFFFFF85
:10C9C000FF00FFFFFFFFFFFF00FFFFFFFFFFFF0074
:10C9D000FFFFFFFFFFFF00FFFFFFFFFFFF00FFFF65
:10C9E000FFFFFFFF00FFFFFFFFFFFF00FFFFFFFF55
:10C9F000FFFF00FFFFFFFFFFFF00FFFFFF7FFFF7CD
:10CA0000007FFFF78FFFFFFFFFFFF8FFFFFFFFFF34
:10CA1000FFFFFFFFFFFFFFFFFFFFFFFFFFFFFFFF26
:10CA2000FFFFFFFFFFFFFFFFFFFFFFFFFFFFFFFF16
:10CA3000FFFFFFFFFFFFFFFFFFFFFFFFFFFFFFFF06
:10CA4000FFFFFFFFFFFFFFFFFFFFFFFFFFFFFFFFF6
:10CA5000FFFFFFFFFFFFFFFFFFFFFFFFFFFFFF8F56
:10CA6000FFFFFFFFFFF80000000000CC100003FFF5
:10CA7000FFD20004FFFFFE3004FFFFFFF404FFFFBE
:10CA8000FFFF54FFFFFFFFF9FFFFFFFFFFFFFFFF67
:10CA9000FFFFFFFFFFFFF9FFFFFFFF44FFFFFFF373
:10CAA00004FFFFFE3004FFFFD20004FFCC100003A0
:10CAB000FF00000000000000002DD2000000000078
:10CAC00001EFFE10000000001DFFFFD1000000007C
:10CAD000CFFFFFFC0000000BFFFFFFFFB00000AF27
:10CAE000FFFFFFFFFA0009FFFFFFFFFFFF900FFFAF
:10CAF000FFFFFFFFFFF008FFFFFFFFFFFF800000C9
:10CB00000000000000000CFFFFFFFFFFFFC00FFF51
:10CB1000FFFFFFFFFFF00FFFFFFFFFFFFFF00CFF26
:10CB2000FFFFFFFFFFC00000001A40000001DFF020
:10CB300000001DFFA00001DFFA00001DFFA00001A2
:10CB4000DFFA00000CFFA000000DFF80000001DFF5
:10CB5000F80000001DFF80000001DFF80000001D4C
:10CB6000FF80000001DFF00000001B5004A1000066
:10CB7000000FFD1000000AFFD1000000AFFD100003
:10CB8000000AFFD1000000AFFD1000000AFFC00046
:10CB90000008FFD000008FFD100008FFD100008FBB
:10CBA000FD100008FFD100000FFD10000005B100CE
:10CBB0000000000004FF400000000008FF800000AB
:10CBC000000008FF800000000008FF800000000057
:10CBD00008FF80000048888CFFC88884FFFFFFFFA3
:10CBE000FFFFFFFFFFFFFFFFFFFF48888CFFC888A4
:10CBF00084000008FF800000000008FF80000000A3
:10CC00000008FF800000000008FF80000000000412
:10CC1000FF40000014444444444441EFFFFFFFFF41
:10CC2000FFFEFFFFFFFFFFFFFF7BBBBBBBBBBBB735
:10CC3000000005ADFFDA5000000004DFFC88CFFDE6
:10CC40004000007FFE400004EFF70007FFF4009E65
:10CC5000804FFF704FFFC000AFF80CFFF4DFFF8084
:10CC60009AFFFE08FFFDDFFF80EFFFFE08FFFD4F8C
:10CC7000FFC08FFFF80CFFF407FFF408EE804FFFB2
:10CC800070007FFE400004EFF8000004DFFC88CF56
:10CC9000FD4000000005ADFFDA5000008C200000D0
:10CCA000000000000000DFE40000000000000000C1
:10CCB0001BFF8049DFFDA5000000007FFFFFD88C2F
:10CCC000FFD400000004EFF800004EFF70000000E9
:10CCD0001CFF69E804FFF70004E3009FFEFF80CF1C
:10CCE000FF400DFF7005FFFFE08FFFD00DFFF70045
:10CCF0002DFFE08FFFD004FFFC0000AFF8CFFF3026
:10CD0000007FFF400006FFFFF7000008FFF400006F
:10CD10003EFFA00000004DFFC88201BFF7000000E9
:10CD2000005ADFFC1008FFA0000000000000000017
:10CD30004EFD000000000000000002C800000000DE
:10CD40002DD20000000000000000BFFB000000002A
:10CD500000000005FFFF500000000000000DFFFF75
:10CD6000D00000000000007FFFFFF700000000007F
:10CD700001FFD88DFF10000000000AFFA00AFFA0ED
:10CD8000000000003FFFB00BFFF300000000CFFFEA
:10CD9000C00CFFFC00000005FFFFD00DFFFF50009E
:10CDA000000EFFFFF99FFFFFE000008FFFFFE22E64
:10CDB000FFFFF80002FFFFFF9009FFFFFF100AFFCF
:10CDC000FFFFE33EFFFFFFA00FFFFFFFFFFFFFFF9F
:10CDD000FFF008FFFFFFFFFFFFFFFF8000000000E4
:10CDE00000000000000000000000D800000000006B
:10CDF0000000FF80FFFF700007FFFFF8FFFFF60055
:10CE00006FFFFFFD788EFF15FFE8FFE20002E54FA0
:10CE1000FE20FE20000013FFF300520000003FFF41
:10CE2000310052000002EFF45E20FE20788EFF51A8
:10CE3000FFE8FFE2FFFFF6006FFFFFFDFFFF70005E
:10CE400007FFFFF8000000000000FF800000000066
:10CE50000000D800000000000000000000000000FA
:10CE6000000000000001DD10000000001DFFD100E7
:10CE7000000001DFFFFD1000001DFF99FFD1000140
:10CE8000DFF9009FFD101DFF900009FFD1BFF900E1
:10CE900000009FFB5F9000000009F500000000000B
:10CEA0000000000000000000005F9000000009F595
:10CEB000BFF90000009FFB1DFF900009FFD101DFBB
:10CEC000F9009FFD10001DFF99FFD1000001DFFF59
:10CED000FD100000001DFFD10000000001DD10006A
:10CEE0000000000000000000000000000000000042
:10CEF0000000001DD10000000000000001DFFD1057
:10CF0000EFFFFFFFD0001DFFFFD1AFFFFFFFF000DD
:10CF1000CFCFFCFC0000000FF0006B1FF1B600004B
:10CF2000000FF000000FF0000000000FF000000FF5
:10CF3000F0000000000FF000000FF00000006B1F79
:10CF4000F1B6000FF0000000CFCFFCFC000FFFFF98
:10CF5000FFFA1DFFFFD1000DFFFFFFFE01DFFD10F7
:10CF6000000000000000001DD100000000000000D3
:10CF7000000000008FFFFFE200000000FFFFFFFE47
:10CF800020000000FFFFFFFFFFFFFFF8FFFFFFFF94
:10CF9000FFFFFFFFFFFFFFFFFFFFFFFFFFFFFFFFA1
:10CFA000FFFFFFFFFFFFFFFFFFFFFFFFFFFFFFFF91
:10CFB000FFFFFFFFFFFFFFFFFFFFFFFFFFFFFFFF81
:10CFC000FFFFFFFFFFFFFFFFFFFFFFFF8FFFFFFFE1
:10CFD000FFFFFFF80000000BB0000000000000BFE2
:10CFE000FB00000000000BFFFFB000000000BFFFCF
:10CFF000FFFB0000000BFFFFFFFFB000004FFFFF33
:10D00000FFFFF400000000FFFF000000000000FF31
:10D01000FF000000000000FFFF000000000000FF14
:10D02000FF000000000000FFFF000000DFFFF0DF56
:10D03000FD0FFFFDFFFFF900009FFFFFFFFFFFFF58
:10D04000FFFFFFFFFFFFFFFFFFF0E0FFDFFFFFFF3E
:10D05000FFFFFFFD000000000000000000000000D6
:10D0600000000AEA62000000000002FFFFF000007A
:10D070000000009FFFFF00000000000FFFFFD00036
:10D0800000000002FFFFFB000000000003EFFF7044
:10D09000000000000004FFF2000000000000BFFBE1
:10D0A0000000000000006FFF3000000200004FFF92
:10D0B0009000028FF3006FFFD0000AFFFFE4BFFF74
:10D0C000D10000EFFFFFFFFFD100000AFFFFFFFFCD
:10D0D000900000006FFFFFFB3000000002FFDB72DA
:10D0E000000000000008EE800000066108FFFF80DD
:10D0F000002DFFD0EF33FE002EFFF30EF33FE02EA6
:10D10000FFF3008FFFFF6EFFF300008EFFFFFFF3C2
:10D1100000000002EFFFF3000000002EFFFF3000D0
:10D120000008EFFFFFFF300008FFFFF6EFFF3000C1
:10D13000EF33FE02EFFF300EF33FE002EFFF308FE0
:10D14000FFF80002DFFD008EE8000000661000001E
:10D15000DFFFFF0D200000FFFFFF0FE20000FFFFD9
:10D16000FF0FFDDFF0FFFFFF2000FFF0FFFFFFFFDD
:10D17000FFFFF0FFFFFFFFFFFFF0FFFFFFFFFFFFDD
:10D18000F0FFFFFFFFFFFFF0FFFFFFFFFFFFF0FFDC
:10D19000FFFFFFFFFFF0FFFFFFFFFFFFF0FFFFFFBD
:10D1A000FFFFFFF0DFFFFFFFFDFFF90000000000C1
:10D1B000FFFFFFFFFF0000DFFFFFFFFD00008FFF0D
:10D1C000FFFFFFC200FFFFFFFFFFFE20FF00000088
:10D1D00001FFE2FF00000000FFFCFF00000000FF75
:10D1E000FFFF00000000FFFFFFFFFFFFFFFFFFFF4B
:10D1F000FFFFFFFFFFFFFFFFFB11BFFFFFFFFFF17F
:10D20000001FFFFFFFFFF1001FFFFFFFFFFB11BF2C
:10D21000FFFFFFFFFFFFFFFFFF8FFFFFFFFFFFF895
:10D2200012222222222221FFFFFFFFFFFFFFFFFF2A
:10D23000FFFFFFFFFF122222222222210000000016
:10D2400000000012222222222221FFFFFFFFFFFF07
:10D25000FFFFFFFFFFFFFFFF1222222222222100F9
:10D2600000000000000012222222222221FFFFFFE4
:10D27000FFFFFFFFFFFFFFFFFFFFFF12222222221F
:10D2800022218FFFFFFFFFFFFFF8FFFFFFFFFFFFE0
:10D29000FFFFCFFFFFFFFFFFFFFC09FFFFFFFFFFC7
:10D2A000FF90D25FFFFFFFFFF52DFF62CFFFFFFC76
:10D2B00026FFFFFA18FFFF81AFFFFFFFE34DD43ECB
:10D2C000FFFFFFFFFF8118FFFFFFFFFFFFFFFFFFD3
:10D2D000FFFFFFFFFFFFFFFFFFFF8FFFFFFFFFFFCE
:10D2E000FFF800DFFFFD000001FFFFFC000003FF6F
:10D2F000FFF7000006FFFFF2000008FFFFD000006C
:10D300000AFFFFFFFFD00CFFFFFFFFA00EFFFFFF94
:10D31000FF200DFFFFFFF80000000AFFE000000003
:10D320000EFF500000002FFC000000005FF3000023
:10D3300000009FA000000000DF1000000000D700E8
:10D3400000000004EE40000000DFFF99FFFD000038
:10D35000FFFF99FFFF0000FFFFFFFFFF0000FFFF3F
:10D360009000000000FFFF0DFFFF0D20FFFF0FFFEB
:10D37000FF0FE2FFFF0FFFFF0FFDFFFF0FFFFF207B
:10D3800000FFFF0FFFFFFFFFFFFF0FFFFFFFFFFF8C
:10D39000FF0FFFFFFFFFDFFF0FFFFFFFFF00000F8B
:10D3A000FFFFFFFF00000FFFFFFFFF00000DFFFF6B
:10D3B000FFFD000000CC000000000002FF30000074
:10D3C0000001BFFFFC2000001EFFFFFFE100009FE7
:10D3D000FFFFFFF80000EFFFFFFFFD0000FFFFFF72
:10D3E000FFFF0001FFFFFFFFFF0003FFFFFFFFFF45
:10D3F0003008FFFFFFFFFF801EFFFFFFFFFFE1CFB1
:10D40000FFFFFFFFFFFCCFFFFFFFFFFFFC0000005F
:10D410000000000000000EFFE00000000004EE40ED
:10D4200000008FFFFFFFFFFFFFFFF8FFFFFFFFFF81
:10D43000FFFFFFFFFF00F00F00F00F00FFFF00F005
:10D440000F00F00F00FFFFFFFFFFFFFFFFFFFFFFD9
:10D45000F808808808808FFFFFF808808808808F90
:10D46000FFFFFFFFFFFFFFFFFFFFFF00F0000000D7
:10D470000F00FFFF00F00000000F00FFFFFFFFFFA5
:10D48000FFFFFFFFFF8FFFFFFFFFFFFFFFF8000021
:10D490000000000000000000000000000003AF706A
:10D4A000000000000004CFFFF00000000006DFFFD6
:10D4B000FFA000000017EFFFFFFF30000018FFFF84
:10D4C000FFFFFC00002AFFFFFFFFFFF40008FFFF43
:10D4D000FFFFFFFFD0000FFFFFFFFFFFFF6000080F
:10D4E000FFFFFFFFFFFE000000000000FFFFF7004E
:10D4F0000000000000FFFFF1000000000000FFFF3F
:10D5000080000000000000FFFF100000000000008D
:10D51000FFFA00000000000000FFF2000000000021
:10D5200000008F80000000000000000000000000EC
:10D53000DFFFFFF0D200FFFFFFF0FE20FFFFFFF054
:10D54000FFE2FFFFFFF0FFFDFFFFFFF20000FFFF24
:10D55000FFFFFFFFFFFFFFFFFFFFFFFFFFFFFFFFDB
:10D56000FFFFFFFFFFFFFFFFFFFFFFFFFFFFFFFFCB
:10D57000FFFFFFFFFFFFFFFFFFFFFFFFFFFFFFFFBB
:10D58000FFFFFFFFFFFFFFFFFFFFDFFFFFFFFFFDCD
:10D59000000000000000000000000000049CEFFEFE
:10D5A000C94000000007EFFFFFFFFFFE700004DF2F
:10D5B000FFFCA88ACFFFFD406FFFD5000000005D93
:10D5C000FFF6CFF60000000000006FFC1A30005A92
:10D5D000DFFDA50003A100004DFFFFFFFFD4000009
:10D5E0000005FFFEA88AEFFF50000001DF70000079
:10D5F00007FD1000000012000000002100000000E4
:10D6000000004EE40000000000000000EFFE0000FB
:10D61000000000000000EFFE00000000000000001D
:10D620004EE4000000008FFFFFFFFFFFFFFFFF80C1
:10D63000FFFFFFFFFFFFFFFFFFF0FF000000000004
:10D6400000000FFDFF0FFFFFFFFFFFFF0FFFFF0FAA
:10D65000FFFFFFFFFFFF00FFFF0FFFFFFFFFFFFFC9
:10D6600000FFFF0FFFFFFFFFFFFF0FFFFF000000A6
:10D67000000000000FFDFFFFFFFFFFFFFFFFFFF0B7
:10D680008FFFFFFFFFFFFFFFFF808FFFFFFFFFFF09
:10D69000FFFFFF80FFFFFFFFFFFFFFFFFFF0FF0027
:10D6A0000000000000000FFDFF0FFFFFFFFFF00074
:10D6B0000FFFFF0FFFFFFFFFF00000FFFF0FFFFF57
:10D6C000FFFFF00000FFFF0FFFFFFFFFF0000FFF65
:10D6D000FF000000000000000FFDFFFFFFFFFFFF45
:10D6E000FFFFFFF08FFFFFFFFFFFFFFFFF808FFFB8
:10D6F000FFFFFFFFFFFFFF80FFFFFFFFFFFFFFFFB9
:10D70000FFF0FF000000000000000FFDFF0FFFFF13
:10D71000FF0000000FFFFF0FFFFFFF00000000FFF2
:10D72000FF0FFFFFFF00000000FFFF0FFFFFFF00E4
:10D7300000000FFFFF000000000000000FFDFFFFD2
:10D74000FFFFFFFFFFFFFFF08FFFFFFFFFFFFFFF68
:10D75000FF808FFFFFFFFFFFFFFFFF80FFFFFFFF47
:10D76000FFFFFFFFFFF0FF000000000000000FFDC3
:10D77000FF0FFFF0000000000FFFFF0FFFF00000A1
:10D78000000000FFFF0FFFF00000000000FFFF0F90
:10D79000FFF0000000000FFFFF000000000000008D
:10D7A0000FFDFFFFFFFFFFFFFFFFFFF08FFFFFFFFA
:10D7B000FFFFFFFFFF808FFFFFFFFFFFFFFFFF80E7
:10D7C000FFFFFFFFFFFFFFFFFFF0FF000000000073
:10D7D00000000FFDFF000000000000000FFFFF0031
:10D7E00000000000000000FFFF000000000000003B
:10D7F00000FFFF000000000000000FFFFF0000001E
:10D80000000000000FFDFFFFFFFFFFFFFFFFFFF025
:10D810008FFFFFFFFFFFFFFFFF8000000000000100
:10D8200000000000000000000007FD1000000000E4
:10D83000000001CFFFF500000000000000B929FE44
:10D84000100000000000003F10020000000003DF95
:10D85000800A90000000037000DFFF77F7555555F0
:10D86000558FD30FFFFDCCDFDCCCCCCDFFB08FFECE
:10D870001000AA0000004D400046100001F20233E3
:10D880001000000000000009B1CFF9000000000006
:10D8900000000AFFFF900000000000000000BFF938
:10D8A000000000000000000001220000000018DF5E
:10D8B000FD920002EFFBEFFF300DFFFA2EFFE04F6D
:10D8C000FFFA03FFF59FFAFA354FFACFC08A3D0BF6
:10D8D000FDEFFB03128FFEFFFFB006FFFFFFFFD13E
:10D8E00008FFFFEFFD11109FFFDFD1593B0BFDAF8C
:10D8F000D7FA381DFB5FFFFA01DFF70DFFFA1DFFB6
:10D90000F103EFFCDFFF500018DFFEA30000007FF3
:10D91000FFF70000EFFFFFFFFFFFFEEFFFFFFFFF3E
:10D92000FFFE000000000000000FFFFFFFFFFFF000
:10D930000FFFFFFFFFFFF00FF99F99F99FF00FF81E
:10D940008F88F88FF00FF88F88F88FF00FF88F8896
:10D95000F88FF00FF88F88F88FF00FF88F88F88F16
:10D96000F00FF88F88F88FF00FF99F99F99FF00F5B
:10D97000FFFFFFFFFFF008FFFFFFFFFF8000000039
:10D980000000007FA00000000000008FFFB000003A
:10D990000000000DFFFFA0000000008A1DFFFF0037
:10D9A0000000008FFA1DFF700000008FFFFA1D803D
:10D9B0000000008FFFFFFA000000008FFFFFFF80D4
:10D9C0000000008FFFFFFF800000008FFFFFFF803F
:10D9D0000000008FFFFFFF800000006FFFFFFF804F
:10D9E0000000000BFFFFFF8000000000DFFFFF8052
:10D9F000000000000EFFFF800000000000DEDB6082
:10DA00000000000000000000000000000000000016
:10DA10001BFFFFFFFFFFFFE40001DFFFFFFFFFFF32
:10DA2000FFFE001DFFFFFAEFFEAFFFFF01DFFFFF6C
:10DA3000A02EE20AFFFF1DFFFFFFE202202EFFFFE4
:10DA4000CFFFFFFFFE2002EFFFFFCFFFFFFFFE2013
:10DA500002EFFFFF1DFFFFFFE202202EFFFF01DFAD
:10DA6000FFFFA02EE20AFFFF001DFFFFFAEFFEAF4F
:10DA7000FFFF0001DFFFFFFFFFFFFFFE00001BFFB6
:10DA8000FFFFFFFFFFE40008FFFFFFE4008FFFFF41
:10DA9000FFFE08F80F0B40FF8FF80F0B40FFFFF859
:10DAA0000F0B40FFFFFFFFFFFFFFFFFFFFFFFFFF29
:10DAB000FFFFFFFFFFFFFFFFFFFFFFFFFFFFFFFF76
:10DAC000FFFFFFFFFFFFFFFFFFFFFFFFFFFFFFFF66
:10DAD000FFFFFFFFFFFFFFFFFFFFEFFFFFFFFFFE67
:10DAE0004EFFFFFFFFE40000000000000001000007
:10DAF000000000000003E000001000000002EF1032
:10DB000000BF000000007FF100CFF100000007FF20
:10DB100011CFFF77777777BFF1CFFFFFFFFFFFFFD1
:10DB2000FF17FFFFFFFFFFFFFFE007FFF10000000F
:10DB300000000006FF1000000000000005A000002B
:10DB40000000000000000000000000000000500481
:10DB50000000000000005004030C01001200400609
:10DB6000050501071F00400B0B0C00006100F009C8
:10DB70000A1000FEB100800D0D0C0000FF00000B2C
:10DB80000B0D00FF47016003020501074C01600512
:10DB9000040F01FD6A017005040F00FD8801600695
:10DBA00007070005A101500908080102C101A003EF
:10DBB000030500FEC901200606030003D201A003ED
:10DBC00003030000D701A0050810FFFE1702B00AEA
:10DBD0000A0C00005302F005050C00007102300928
:10DBE000090C0000A7022009090C0000DD02B00AA0
:10DBF0000B0C00001F033009090C00005503E0095D
:10DC00000A0C000091039009090C0000C703500A98
:10DC10000A0C00000304E0090A0C00003F04A00302
:10DC2000030900004D04A003030C00FD5F0450092C
:10DC3000080801027F0450090806010397045009EF
:10DC400008080102B7043009090C0000ED04901027
:10DC5000100F00FD6505B00B0D0CFF00B305200C87
:10DC60000B0C0100F505900B0B0C00003706300D76
:10DC70000C0C01007F06C00A090C0100B506300A31
:10DC8000090C0100EB06600C0C0C00003307000DC2
:10DC90000B0C01007507F004030C01008707300826
:10DCA000080CFF00B707800B0B0C0100F907800977
:10DCB000090C01002F08400F0D0C01007D08000D1C
:10DCC0000B0C0100BF08700D0D0C00000D09900B2E
:10DCD0000A0C01004909700D0E0F00FDB209A00BDE
:10DCE0000A0C0100EE09F0090A0C00002A0A60097A
:10DCF0000A0C0000660AA00C0B0C0100A80A600BBD
:10DD00000D0CFF00F60A0012120C0000620BC00A94
:10DD10000B0C0000A40B600A0C0CFF00EC0B800A3B
:10DD20000B0C00002E0C5005050F01FD540CA00536
:10DD30000810FFFE940C5005040F00FDB20C5009B2
:10DD400008070102CE0C0008080200FED60CA0094C
:10DD50000502010ADB0C900909090000040DF00A14
:10DD60000A0C0100400D200909090000690DF00AA4
:10DD70000A0C0000A50DD0090A090000D20DA0056B
:10DD8000070C0000FC0D100B0A0C00FD380EE00A19
:10DD9000090C01006E0E7004030C0100800E90044B
:10DDA000060FFEFDAD0EE009090C0100E30E700444
:10DDB000020C0100EF0EF0100F090100330FE00A12
:10DDC000090901005C0F300A0A090000890FF00AF6
:10DDD0000A0C01FDC50FF00A0A0C00FD01109006A7
:10DDE000060901001C100008080900004010A006E8
:10DDF000070B00006710D00A090901009010F00815
:10DE00000A09FF00BD10600E0F0900000111D008C3
:10DE1000090900002A11F0080A0CFFFD66115008DC
:10DE2000080900008A11A005060F00FDB711D004F3
:10DE3000030F01FDCE11A005050F00FDF4115009DF
:10DE4000090500040B12B006060600061D120005A7
:10DE50000304010323120010101100FEAB12001086
:10DE6000100C00000B130010100E00FF7B130010AD
:10DE7000100C0000DB13000B0B0C00001D14001035
:10DE8000101000FE9D140010101000FE1D15001251
:10DE9000120E00FF9B150010101000FE1B16001242
:10DEA000120C000087160010101000FE0717000863
:10DEB000080E00FF3F17000C0C0E00FF9317001216
:10DEC000121000FE23180010100C00008318000B25
:10DED0000B1000FEDB18000E0A1002FE2B19000EBC
:10DEE0000E1200FDA919000E0E0F00FF121A000EEF
:10DEF0000E0E00FF741A000E0A1002FEC41A000E65
:10DF0000100EFFFF341B000A0A0E00FF7A1B000AE6
:10DF10000A0E00FFC01B000E0E0E00FF221C000E9A
:10DF20000E0400043E1C0012120C0000AA1C001477
:10DF3000141000FE4A1D00121410FFFEEA1D00100E
:10DF4000101000FE6A1E000E0E0A0001B01E000E28
:10DF50000E0A0001F61E0014140E00FF821F0010AE
:10DF6000100C0000E21F0010101000FE62200010D4
:10DF70001111FFFEF320000E0F0E00FF5C21000EBA
:10DF80000E1000FECC21000E0E0E00FF2E22000E01
:10DF90000E0E00FF90220010100C0000F022000A6C
:10DFA0000C10FFFE5023000E0E1000FEC023000ECA
:10DFB0000E1000FE30240012120C00009C240010F1
:10DFC0001212FFFD3E25000C0C1000FE9E250014D1
:10DFD000140F00FF34260014140A000198260014C0
:10DFE000140A0001FC260014140A00016027001422
:10DFF000140A0001C4270014140A00012828001480
:10E00000150E00FFBB28000E0C1001FE1B29000E90
:10E010000E1000FE8B2900101111FFFD1C2A0014A8
:10E02000140C0000942A000C0C1000FEF42A20109E
:10E03000110B00010000721F51EF58EF5BEF5CEF16
:10E040005DEF61EF63EF65EF69EF6CEF71EF76EF16
:10E0500077EF78EF8EEF93EF98EF9BEF9CEF9DEFCC
:10E06000A1EFA2EFA3EFA4EFB7EFB8EFBEEFC0EFC1
:10E07000C1EFC4EFC7EFC8EFC9EFCBEFE3EFE5EFB8
:10E0800014F015F017F019F030F037F03AF043F0D3
:10E090006CF074F0ABF03BF190F191F192F193F1EF
:10E0A00094F1D7F1E3F13DF254F2AAF412F7F2F74A
:10E0B000200000005F0001000000000000000000E0
:10E0C00000000200B0000000F3F7600034E0030835
:10E0D000000000003E0003000000010200030405F0
:10E0E00002060708090A090A0B0C000D0E0F101191
:10E0F00012130C14140000001516171819161A1B09
:10E100001C1D1D1E1F201D1D1621222303241E253C
:10E1100025262728292A2B002C002D2E2F3031329E
:10E12000332D343435302D2D2E2E36373839333AC1
:10E130003A3B3A3C290000093D090000000000007C
:10E1400000000000000000000000000000000000CF
:10E1500000000000000000000000000000000000BF
:10E1600000000000000000000000000000000000AF
:10E170000000000000000000010200030405020688
:10E180000708090A090A0B0C0D0E0F10110C1213C7
:10E190001415150000001617181917191919171951
:10E1A000191A1919191917191719031B1C1D1D1EE6
:10E1B0001F20212223002400252627272700272689
:10E1C000282926262A2A272A272A2B2C2D2E2E2FAD
:10E1D0002E3000002309310900000000000000007B
:10E1E000000000000000000000000000000000002F
:10E1F000000000000000000000000000000000001F
:10E20000000000000000000000000000000000000E
:10E2100000000000000100000000000000010000FC
:10E2200003000000000200000000000000000000E9
:10E2300000000000000001000000000000000000DD
:10E240000000000000010C0007FA00000000F2F1DD
:10E25000020C0604F6020D010B030800000000008A
:10E260000000000000000F02FE000000000000009F
:10E2700000000000000500F80000000000FB04059D
:10E280000000FD00FE0300FD00FDFFFB000000009C
:10E29000FD0000FDFC0000FD00FB00000000000090
:10E2A000000000FDFD00FC00F900E10000FB00059E
:10E2B000080000FB03030805FC050000F100000056
:10E2C0000000000000000000F70000000000000057
:10E2D00000000000000000F9FDF300F6FE00000061
:10E2E00000010A00F8FEFF0100FC0000FEED000046
:10E2F000000000000000000000ECFE0A000000002A
:10E300000000000000000000F60000000000000017
:10E310000000000800030000FB00000000000000F7
:10E32000000000000000000000000A0201000000E0
:10E3300000000000000000000000000000000000DD
:10E3400000000000000000000000000000000000CD
:10E3500000000000F70000000000000000000000C6
:10E36000000000000000000000000002050308FD9E
:10E37000000005FDF8DD02070501FD0009000800A9
:10E380000800E800FD080008FD0503000001FD008D
:10E3900000FC1400140008000B030408000000F740
:10E3A0000000000001FE0002FBFDFB0200FD00007A
:10E3B00000F60000000000000000000000EF000078
:10E3C0000000000000000000000000000001F2005A
:10E3D000F000000000FE0019FDFD0303FE00FD0338
:10E3E0000000F20000000000000000000000E70054
:10E3F00003000000000000000000000000F0000F1B
:10E400000000F7000800EFE7EFFB080000EF000353
:10E41000FA00FC00000000000000000000000007FF
:10E4200008E10000000000000000000000000C00F7
:10E430000200000000000202FDFB00FFFFFD0000E3
:10E44000FE000000FB00FE00FAFB00FAF8F8FB00FB
:10E45000FB00FB00000000FE0000030002FD0001C5
:10E4600000000003FE000000FE0303FF000000FBAD
:10E4700000FF0000000000010003FE00FD00FC00A2
:10E4800000FE00080000FD0000000000FF01FEFE8D
:10E490000000FD00FD000000000000000000FFFF84
:10E4A00000FDFD0000000000010000FE00FDFDFD7C
:10E4B000000000000000000000FE00000000FEFD63
:10E4C00000FC00F8FEF8050000FB03050700FAFF5A
:10E4D000FD00FFF403FE02F203000001F300F2FE70
:10E4E000EAFE00F30005070003000000000100FB46
:10E4F000FD00F8000000FD000000FD00000000002D
:10E50000FFFF00FFFD00000000000000FDFD00FE19
:10E51000FDFE0000FD000000000000000000000003
:10E52000FEFE00FD00FE00FB030000FD01030300F2
:10E530000000000000FE0000000000020000FD00DE
:10E54000FDFEFD000000000000000200FE000000D3
:10E5500000FDFC00FB0008FE01F8000007F3F3F5E6
:10E56000FB0300FEEFFB00FB00FB04FBF000F900E7
:10E570000001FF02FE000300F8F600F3FAFBFAF8D0
:10E58000FDF9FFFBF902000100FD0000000200039D
:10E590000000000000000000000000FD00FF00FF80
:10E5A000FD00FCFAFAFF00F8000000000000FE0089
:10E5B00000000001FE000000030000000000000059
:10E5C000000C00000000000002000000FD00000040
:10E5D0000000000000000000FB000300000000003D
:10E5E0000000000000000000FE000000FB00000032
:10E5F00000F3F8000000FCF30000FD0300F9000048
:10E600000000000000000000FC0000FB0000000013
:10E6100000000000000000000300FB0000000003F9
:10E620000002FBFB00FDFDFD000000000000F80003
:10E63000FD00FCFD00FAFAF8FE00FB00F800000007
:10E6400000140000010000FD000300F500000000C0
:10E6500000E8FB0808FEF50003FC00F3FFFD03EEF5
:10E66000FD030004F7FCF7F8F50000F1000F0000CF
:10E67000FF000000FFFFFDF9F8FFE80000000000C8
:10E680000000000001000000000000000000000089
:10E690000000000000FD00FFFDFC0000FB00FD008D
:10E6A0000000000000000000000000000000FF006B
:10E6B000FB000005FF0300FA03FEFFF9FD00FDFD6E
:10E6C000FE00FCFC0000FEFFFEFCFD0000FD000360
:10E6D000FE00FA000000FB00FC00FCFC0300000050
:10E6E0000000000000FB0300FC00FEFDF8FEFEFE43
:10E6F000FFFEFDFF0000000000FDFEFE0000000028
:10E7000003FE00FE000000FEFDFEFEFDFE00020A0C
:10E71000FF00F900FE0500FDF5FD040000F4FC0318
:10E72000FC0200FEFEF800FC010000FC00000003FB
:10E7300003FBFB00FCFDFCFDFD00FC01FBFC0800F5
:10E7400000000000000000000300000000000000C6
:10E7500000000000000000000000000000000000B9
:10E76000FC000000000000000000000000000000AD
:10E770000000000000000000000000000000000099
:10E78000000000000000000000000000FE0000008B
:10E790000000000000000000000000000000000079
:10E7A00000000000000000000000FEFD000000006E
:10E7B0000000000000000000FC0000FD0000FDFD66
:10E7C00000000000FD00000000FF0000000000FE4F
:10E7D00000000000FC00FB000000F80002FA050148
:10E7E000FEF40000FAFD00F6FAF90000F5FDF6F679
:10E7F000F400F9000211FD00FAFDFFFDFCF9FBF742
:10E80000F6FAFD0000FE00010000EEFE0806FAF731
:10E810000001F800F3FEFD05E8FD010000EFFDF347
:10E82000FDED0000EE000F0100FE00000000FFFE05
:10E83000F6FE00EF00000000F800FE00FFF9F40013
:10E8400000FFFCF8FD00FE00000000F4FDF8F8FEFB
:10E85000FCFAFDFC00FBFEF8FC00FDFBFDFB0001EB
:10E8600000FEF8000500FB00000000030002FB0AA8
:10E8700000FDFDFD000000000000F800FD00FCFDB3
:10E8800000FAFAF8FE00FB020A0000000014000083
:10E89000010000FD00030000000000000000FF0078
:10E8A00000000000FEFB0000000000FF000000FD73
:10E8B000FD0000FBFD0000FB0004FF000000000065
:10E8C000000100000000040502FE00F8FC0008F84A
:10E8D000F8FBFB0A0503EAFE05FD00FD03FDF7005A
:10E8E000FD03FDFEF8FE0000080500F900F2FD073B
:10E8F000FDF601FDF8F8FD0A0300FC00F90002082E
:10E90000FAF7F6FA080001EDFE03FCFEFA00FAF74A
:10E91000FCFCFE0000FAFBFD000806FDF200F2FC24
:10E9200000F7F1FFF8FCF8F9070000FD00FBFE001E
:10E93000FDFB0004F8030000F200FDFAFCFEF8FA0B
:10E94000F8FA00F8FDFAFBF8FD0000010CFC00F8F5
:10E95000FD00FDFBFAF9F9F6FDFB0500FC00F3FDF7
:10E960000205F8F7FBF808FD01E8FB05FAFCF700E3
:10E97000F8F5FDFDFEFDFBF8FF00000807FEEF00C7
:10E98000F1FA06F6EFFBF7F5F3F80500000000FDDD
:10E99000000003FD0502FB050000F8FF00FF000179
:10E9A00001FE000000000000FD0000000002080160
:10E9B00000FD00000000FEFEFD000000010200005E
:10E9C00000000200FE000A00050101FD0005000034
:10E9D0000002000000000000000000000008000726
:10E9E0000000000000000000000000000000F10036
:10E9F000FD04000800001903FBFB0303FE01F30004
:10EA0000000CF10000000000000000000000EF0A10
:10EA100024000000000000000000000000F10000E1
:10EA200000000000000000000000000000000000E6
:10EA30000000000000000000FC0000FBFE000000E1
:10EA400000000000000000000000000000000000C6
:10EA5000FE00F900000100000321FBFE0807F90396
:10EA600000000303FD0000000000000000000000A3
:10EA7000DF070000000000000000000000000000B0
:10EA8000000000F9000000F900000000FAFF00009B
:10EA900000FA00FD00F4000000000000000000008B
:10EAA00000EF0000000001000000000000FD000079
:10EAB000FB00FC00F9000000FC03FD0000F9FDFA7A
:10EAC0000000F900FD00F400FD0000EBFBF6FDF78F
:10EAD0000000EF00F9FF0000000000000000FCFB58
:10EAE000FEFC00000000FA00FA03FD0500FEFAFE3D
:10EAF000FCFB00FDFFFE02F9FF000000E9FEFC0048
:10EB0000FA00FEF4FE0000FEFE000000000200FE1F
:10EB1000FCFE0400000000000000000000000000F7
:10EB200000000000000000000000000000000000E5
:10EB300000000000000000000000000000000300D2
:10EB40000000000000FA00FE000000FB03000000CF
:10EB5000F9FDFB0000F900FD00F400000000E700F3
:10EB6000FBF7F30000EF00FEFC00000000000000D7
:10EB700000FDFCFFFC01000004FD00080DFDFDF898
:10EB8000030D0406F9030B0307060700000000004D
:10EB9000000000000000100CFBFD00FE140B140030
:10EBA0000000030000090000FC000000000000005D
:10EBB0000000FE0000000000000000040000000053
:10EBC000EAFDFEF6F30000EF000000000000000088
:10EBD000000000000000000000FC00000000000039
:10EBE000000000FE00000000000000000400000023
:10EBF00000EAFDFEF6F30000F60000000000000051
:10EC0000000000000000000000000000FE00000006
:10EC1000FA0300FD020503F800FFFE0300020000F6
:10EC20000000FA00FEFEFB00FEF60010FD00FAFEFA
:10EC300000FEFC00FDF9FBFD000000FC00000000F0
:10EC40000000000000FE00000000000000000400C2
:10EC5000000000EAFDFEF6F30000EF0000000000F7
:10EC6000000D00000000000000000000FC00F8FDA6
:10EC7000FE08FEFDF601FE01FEF901060102010299
:10EC8000FAF6FD00F6FBF9F5F600FCFBFDFDFEFED5
:10EC9000FDFE00FEFF040004FE000800000000006E
:10ECA00000000000000000FEFDFD0000F900FF0074
:10ECB000FC0000000000000000000000F100000067
:10ECC0000000000000000000FDFD00FD000000004D
:10ECD000FE0000FCFD0300FCFBFE00F9FEFAFEFD59
:10ECE00000FC0000000000000000000000EF000831
:10ECF0000000FB00000000FD00FD0000FF0000FE22
:10ED000000FA00000BFDF8F8020303FFF902040209
:10ED1000080208FEF90000F60000F8F90000FB0008
:10ED2000FDFC00FC00FC00FE0400FEF8FD090000F4
:10ED3000FE00FB000003FA0003FD020000F800FEE5
:10ED4000FF00FD03FE000000F6FDFA00F80000F4ED
:10ED50000009FD00FB000200FD00FDF800FD0300BE
:10ED6000000000FE000003FD010000FDFE00FD00AC
:10ED70000000000000000000000000000000000093
:10ED8000F000060000FE000000000100FDFD000094
:10ED9000000500060000000000F0F1010B0804F679
:10EDA000020B000900050000000000000000000048
:10EDB000000E000000000000000000000000000045
:10EDC0000000000014E20308D8E0030876E103081D
:10EDD0003D310000F2AF030844DB0308B0E0030854
:10EDE000C4ED0308100002286802012445FA010856
:10EDF0004DF901081200030000FF0100D4ED0308E3
:10EE000000000000000000006FC6FC5FB4FA4FA3D2
:10EE1000F93F92F82F71D60001949FE4F9BE01F8F2
:10EE2000BE01F8AD01F7AD00F7AD00F75700830064
:10EE3000007F0004F2000000AC0007F0000000CAF0
:10EE40000009D0000DFFFFFFFFFFF80688FB888E4A
:10EE5000C8840002F4000F70000003F2000F50009D
:10EE60000005F1002F40000007F0004F20007FFF59
:10EE7000FFFFFFFFE0388DD888CF8870000D90002D
:10EE8000AC0000000F7000CA0000001F5000E80036
:10EE900000000005F00000000005F0000000000583
:10EEA000F000000007CFFFC81001DFFEFDFFD00813
:10EEB000FC15F006600CF305F000000CF505F00001
:10EEC0000006FE76F00000008FFFF9400000027C93
:10EED000FFFE40000005F4AFF2000005F009F70165
:10EEE0000005F006F80C9205F02DF40CFFEDFDFF87
:10EEF000A0004AEFFFC600000005F000000000057A
:10EF0000F00000000002700000009EE9000000DA3E
:10EF10000000AD44DA00009E10001F4004F1004FD5
:10EF2000400003F1001F301E9000002F3003F10A53
:10EF3000D0000000CB11BB05F300000001CFFC1195
:10EF4000E81AFE7000001100AD0AD45F60000000F6
:10EF50005F32F3007E0000001F704F0004F00000DD
:10EF60000BC004F0003F000006F2002F2006E00076
:10EF700002F70000BB23E60000CC000001AFE80070
:10EF800000019DFD700000000DF97BF70000004FAF
:10EF90009000DC0000005F7000EC0000001FE11B2F
:10EFA000F400000005FDEF5000000004EFF3000046
:10EFB00000008FC7FD20083007F9005FE21F800EB8
:10EFC000E00005FEAF300FD000004FFC000DF70051
:10EFD000005EFF3004FFEBBEFE6FF20029DFFC7025
:10EFE00003B000000000000000BEBEADADAD570094
:10EFF0000ED0007F6000EF0003FA0008F5000BF26E
:10F00000000EF0000FE0000FD0001FC0000FD00076
:10F010000FE0000EF0000BF20008F50003FA00000C
:10F02000EE00007F60000ED02FB000AF3003FA007A
:10F030000EF0009F4006F7003FA002FB001FC0003B
:10F04000FD001FC002FB003FA006F7009F400EF02E
:10F0500003FA00AF302FB00000099000260990623B
:10F060005FCBBCF502BFFB2007EFFE706F6996F621
:10F07000010990100006600000000000000000FA86
:10F0800000000000FA00000000FA00000000FA0092
:10F0900000AFFFFFFFF46AAAFDAAA20000FA000079
:10F0A0000000FA00000000FA000006A10FF80AF7BD
:10F0B00005F209C00D709BBBB5DFFFF807B20FF872
:10F0C0000AE40000000750000004F7000000AF1041
:10F0D00000000FC0000004F6000000AF1000000F99
:10F0E000C0000005F6000000AF1000000FB00000E7
:10F0F00005F6000000AF1000000FB0000005F6009C
:10F100000000BF1000001FB0000006F5000000BFA7
:10F110000000001FB0000006F500000000018DFE99
:10F12000A3000002EFFDEFF60000DFA1006FF20088
:10F130006FC000007FB00BF4000000FF00EF100074
:10F14000000CF30FF0000000AF50FF0000000AF5C4
:10F150000EF1000000CF30BF4000000FF006FC00B1
:10F160000007FB000DFA1006FF20002EFFDFFF60F6
:10F17000000018DFEA3000DFFFF4ACCEF4000BF43F
:10F18000000BF4000BF4000BF4000BF4000BF40084
:10F190000BF4000BF4000BF4000BF4000BF4000B69
:10F1A000F4006CEFEA3002DFFEDFFF505F910009F0
:10F1B000FE001000000EF200000000DF2000000042
:10F1C0002FD00000001DF50000001CF80000001DFD
:10F1D000F80000001DF80000002EF70000002EF6D9
:10F1E0000000002EFFCCCCCC94FFFFFFFFFC4FFFB4
:10F1F000FFFFFF03CCCCCCEFD00000002FE20000DB
:10F20000001DF40000000CF600000009FA000000E8
:10F2100000FFFE8000000668EFC000000000DF5025
:10F2200000000008F801000000AF77E610006FF260
:10F230007FFFEEFFF60028CFFEA30000000007FBD3
:10F2400000000000003FD10000000001EF3000008E
:10F2500000000CF600000000008FA0000000000479
:10F26000FD00010000002EF2006F700000CF500082
:10F270006F700009F900006F70003FFFFFFFFFFF94
:10F28000F22CCCCCCCDFECC1000000007F70000081
:10F290000000007F7000000000007F700000FFFF92
:10F2A000FFFF001FFCCCCCC002FB000000004F9011
:10F2B00000000006F7000000007FECCA720009FFA2
:10F2C000FFFFF7000000028FF4000000008FA00095
:10F2D000000004FC020000006FA3F820005FF44F60
:10F2E000FFEDFFF90017CEFEB50000005BEFEB600D
:10F2F000000BFFECDFB000AFB200011004FC000017
:10F3000000000AF4000000000EF06CFFC6000FFAC7
:10F31000FDBCFFA00FFF60002EF50FFA000005FAFC
:10F320000CF7000003FC07FA000005FA01EF60008B
:10F330002EF4004FFEBCFF8000019DFEB4006FFF65
:10F34000FFFFFFF26FECCCCCDFF16F8000006FA00D
:10F350006F800000DF3014200004FC000000000C6F
:10F36000F5000000003FD000000000AF600000008A
:10F3700002FE0000000009F8000000001FF100007C
:10F3800000007F9000000000EF2000000006FB005E
:10F3900000000006CEFEB50000CFFCACFFB006FCBE
:10F3A00010002DF409F6000008F706FB00001DF41C
:10F3B00000AFEA9AFF80005EFFFFFE4006FE61029A
:10F3C0007FF40EF3000005FC1FE0000000FF0FF1CA
:10F3D000000003FE0AFB10002DF801DFFCBCFFC09B
:10F3E0000007CEFEB600003AEFEB400006FFDACF92
:10F3F000F8001FF40001CF505F9000002FD06F90F5
:10F4000000003FF12FF40001CFF408FFDABFECF564
:10F41000004BEFD91AF4000000000DF300000000CB
:10F420001FF000000000AF900040001AFE1006FE22
:10F43000DDFFE30003ADFEC710000AE40FF807B2DA
:10F440000000000000000000000007B20FF80AE40E
:10F450000AE40FF807B200000000000000000000FE
:10F4600006A10FF80AF705F209C00D7000000000B0
:10F47000630000029FF40005CFFB4028EFE8100076
:10F48000AFC40000008FFA400000029EFD71000032
:10F49000006CFFB200000039F40000000001AFFF73
:10F4A000FFFFF46AAAAAAAA2000000000000000060
:10F4B00000000000000000AFFFFFFFF46AAAAAAA44
:10F4C000A26300000000AFD610000017DFF9300083
:10F4D0000003AFFC600000016EF4000006CFF300F3
:10F4E00039FFD6005DFFA30000AD710000002000D1
:10F4F000000000007CEFDA3002EFFCCEFF606F808E
:10F500000008FE001000000FF100000001FE0000E6
:10F510000000BF60000001CF80000000CF8000002D
:10F52000004FC00000000374000000000000000055
:10F5300000029300000000AFC000000006F80000C9
:10F5400000000049DFFEC930000000002DFD976774
:10F550009EFB10000005FD300000004DE300003F61
:10F56000A00058850394BE1000EC002DFFFFD7F5D6
:10F570001DB006F301EF7104DFF505F20BD008F7BB
:10F5800000001EF500E70E900CF0000008F500CA20
:10F590000F700EE0000006F500AB0F700DF00000DC
:10F5A00006F500BA0E900AF300000BF500D80BD058
:10F5B00003FD10007FF703F406F3007FFA9DF7FECA
:10F5C000AEC000EC0004CFFB405EFA10003FA0008C
:10F5D0000000000000000005FD30000000000000F9
:10F5E00000003DFD9768AF7000000000005ADFFD8D
:10F5F000B71000000000000EF80000000000005FDF
:10F60000FE000000000000DFAF600000000004FA10
:10F610001FD0000000000BF30AF5000000002FC00F
:10F6200003FC00000000AF5000CF30000001FE00DE
:10F63000005FB0000008F700000EF200000EFFFFB0
:10F64000FFFFF900006FDAAAAAAAFF1000DF30005E
:10F6500000009F8005FB000000002FE00CF400007C
:10F6600000000AF6EFFFFFFEB5000EFBAAABDFFAC3
:10F6700000EF1000004FF30EF1000000AF60EF103C
:10F6800000000CF40EF1000029FC00EFFFFFFFFD6D
:10F69000100EFBAAAACEFD10EF10000008FB0EF121
:10F6A0000000000FF0EF10000000FF1EF10000004E
:10F6B0008FE0EFBAAAABEFF40EFFFFFFFD92000060
:10F6C0000017CEFEB5000005EFFFDEFFC1005FF9B9
:10F6D00020003BF502FF600000003008F900000048
:10F6E00000000DF300000000000FF000000000001B
:10F6F0000FF000000000000DF3000000000008F90A
:10F70000000000000002FF6000000030005FFA30DF
:10F71000003BF50005EFFFDFFFC1000017CEFEB58F
:10F7200000EFFFFFFDA40000EFDCCCDFFFB100EF36
:10F730001000005DFD00EF10000000CFA0EF1000F2
:10F7400000001FF1EF100000000AF6EF10000000AB
:10F7500008F8EF1000000007F8EF100000000AF6AC
:10F76000EF100000001FF1EF10000000BFA0EF102D
:10F7700000005DFD10EFCCCCDFFFB100EFFFFFFD1F
:10F78000A40000EFFFFFFFFF0EFDCCCCCCC0EF10BC
:10F790000000000EF100000000EF100000000EF16C
:10F7A00000000000EFFFFFFFF20EFCCCCCCC10EF0E
:10F7B000100000000EF100000000EF100000000E2D
:10F7C000F100000000EFCCCCCCCC3EFFFFFFFFF4FB
:10F7D000EFFFFFFFFFEFDCCCCCCCEF10000000EF21
:10F7E00010000000EF10000000EF10000000EFCC50
:10F7F000CCCCC1EFFFFFFFF2EF10000000EF1000D4
:10F800000000EF10000000EF10000000EF100000FB
:10F8100000EF10000000000016CEFEB6000005EF5D
:10F82000FFDEFFD2005FF9200029F702FF60000031
:10F83000002008F900000000000DF30000000000A7
:10F840000FF000000000110FF000000003FB0DF3AB
:10F8500000000003FB08FA00000003FB01FF60004A
:10F860000003FB005FFA30002AFB0004EFFFDFFF1C
:10F87000E4000017CEFEB600EF10000000DF2EF10E
:10F880000000000DF2EF10000000DF2EF10000007C
:10F890000DF2EF10000000DF2EF10000000DF2EF7E
:10F8A000FFFFFFFFFF2EFDCCCCCCCFF2EF1000000E
:10F8B00000DF2EF10000000DF2EF10000000DF2E3F
:10F8C000F10000000DF2EF10000000DF2EF100004B
:10F8D000000DF2EF1EF1EF1EF1EF1EF1EF1EF1EF42
:10F8E0001EF1EF1EF1EF1EF100CFFFFFF4009CCCE4
:10F8F000CFF40000000BF40000000BF40000000B3C
:10F90000F40000000BF40000000BF40000000BF406
:10F910000000000BF40000000BF40100000DF20CDD
:10F92000C2006FE00AFFDEFF60006CFFC500EF1051
:10F9300000000BF80EF100000BF800EF10000BF9BF
:10F94000000EF1000BFA0000EF100AFB00000EF1B0
:10F950000AFB000000EF19FF3000000EFAFEFE1057
:10F960000000EFFD1AFC00000EFD100CFA0000EF85
:10F9700020001EF7000EF100002FF400EF10000031
:10F980004FF20EF10000006FD1EF10000000EF10F9
:10F99000000000EF10000000EF10000000EF10006A
:10F9A0000000EF10000000EF10000000EF1000005A
:10F9B00000EF10000000EF10000000EF100000004A
:10F9C000EF10000000EFCCCCCCC8EFFFFFFFFBEF47
:10F9D00010000000000EFEF90000000008FFEFF329
:10F9E00000000002FFFEFFC0000000BFFFEF9F60AD
:10F9F00000004FAFFEF1EE10000DF1FFEF06F90031
:10FA000007F70EFEF00CF301FD00EFEF003FC0AF73
:10FA1000400EFEF0009F9FA000EFEF0001EFF1000D
:10FA20000EFEF00006F70000EFEF00000400000EED
:10FA3000FEF00000000000EFEF20000000DF2EFDD0
:10FA40001000000DF2EFFB000000DF2EFEF80000BA
:10FA50000DF2EF4FF50000DF2EF15FF3000DF2EF36
:10FA6000108FE100DF2EF100BFC00DF2EF1001DFBB
:10FA700090DF2EF10002FF6DF2EF100005FFFF2E68
:10FA8000F1000008FFF2EF1000000BFF2EF1000064
:10FA9000000DF2000016CEFEB500000004EFFEDF00
:10FAA000FFD300005FF920003BFF2001FF60000052
:10FAB000009FD008F9000000000DF50DF3000000D4
:10FAC0000006FA0FF00000000003FC0FF000000039
:10FAD0000003FC0DF30000000006FA08F900000026
:10FAE000000DF501FF600000009FD0005FFA2000CC
:10FAF0003BFF200004EFFFDFFFD300000017CEFE26
:10FB0000B50000EFFFFFEC7000EFDCCDEFFD20EF64
:10FB1000100002BFC0EF1000000EF3EF1000000A4B
:10FB2000F5EF1000000BF5EF1000002FF2EF1000C2
:10FB300015DFA0EFFFFFFFFB00EFCCCCB94000EFDB
:10FB40001000000000EF1000000000EF10000000A7
:10FB500000EF1000000000000016CEFEB50000000F
:10FB6000004EFFFDFFFD3000005FFA20004BFF203C
:10FB7000001FF600000009FD0008FA000000000D5B
:10FB8000F500DF30000000006FA00FF00000000063
:10FB900003FC00FF00000000003FC00DF200000069
:10FBA0000006FA009F9000000000CF5002FF5000B6
:10FBB00000008FD00006FF920003BFF3000006FF95
:10FBC000FECEFFE3000000028DFFFD60000000009C
:10FBD00000009FE2001A10000000008FFBBFF3003E
:10FBE000000000004BEFB300EFFFFFEC7000EFDC14
:10FBF000CDEFFD20EF100002BFC0EF1000000EF3AC
:10FC0000EF1000000AF5EF1000000BF5EF100000F8
:10FC10002FF2EF100015DFA0EFFFFFFFFA00EFCC8F
:10FC2000CBDF9000EF10001EF200EF100004FD008B
:10FC3000EF1000009F90EF1000000DF40006CEFEC4
:10FC4000C71000CFFDCDFFD008FC200017600CF3DB
:10FC5000000000000CF40000000006FF710000002E
:10FC6000007FFFD9400000016AEFFE400000000362
:10FC7000AFF20000000008F70100000007F80DB324
:10FC800000003EF40AFFFCCEFF900039DFFEA40026
:10FC9000EFFFFFFFFFFABCCCDFFCCCC800002FD089
:10FCA000000000002FD0000000002FD00000000056
:10FCB0002FD0000000002FD0000000002FD0000047
:10FCC00000002FD0000000002FD0000000002FD037
:10FCD000000000002FD0000000002FD00000000026
:10FCE0002FD000000FF00000002FD0FF0000000216
:10FCF000FD0FF00000002FD0FF00000002FD0FF00C
:10FD00000000002FD0FF00000002FD0FF0000000F7
:10FD10002FD0FF00000002FC0FF00000002FC0DF1A
:10FD200030000005FA09F9000000CF602FF800014B
:10FD3000AFE0005FFFDEFFE3000029DFFD81000C84
:10FD4000F5000000000EF105FC000000006F9000BF
:10FD5000EF30000000DF20007FA0000004FB000067
:10FD60001FF200000BF4000009F800002FD0000083
:10FD700002FF00009F60000000BF6001FE00000065
:10FD8000004FD007F8000000000DF40EF100000055
:10FD90000006FB5FA00000000000EFEF3000000055
:10FDA00000008FFC0000000000001FF50000003F75
:10FDB000D0000000CF60000002FB0DF3000001FF47
:10FDC000C0000008F508F8000007FFF100000DF181
:10FDD00003FD00000CF8F700003FB000DF30002FFB
:10FDE000B2FC00008F50008F80007F50CF1000DFEA
:10FDF00000003FD000DF007F7003FB00000DF30226
:10FE0000FA002FC008F5000008F808F5000CF20E03
:10FE1000F0000003FD0DF00007F73FB0000000DF29
:10FE20006FA00001FC8F500000008FFF400000CF4A
:10FE3000EF000000003FFF0000006FFB000000002B
:10FE40000DF90000001FF500001FF3000000BF7057
:10FE500005FE100006FB00009FA0002FE100000D32
:10FE6000F600DF40000003FF29F8000000007FEFEC
:10FE7000C0000000000BFF20000000001EFF70000B
:10FE8000000000BF9FF300000007FC05FD0000001C
:10FE90003FF200AFA00000DF50000DF5000AFA00AD
:10FEA0000003FF205FD00000007FC00CF5000000C1
:10FEB00004FB002FE1000000DF20008F9000007F96
:10FEC000700000EF30002FD0000005FC000BF400A4
:10FED00000000BF605FA000000002FE1EF10000013
:10FEE00000008FEF700000000000DFD00000000075
:10FEF0000008F70000000000008F70000000000004
:10FF000008F70000000000008F70000000000008EB
:10FF1000F70000000FFFFFFFFFFF40CCCCCCCCEF81
:10FF2000F2000000001DF6000000000BF9000000C8
:10FF30000008FC0000000005FE1000000003FF3078
:10FF400000000001EF5000000000CF800000000022
:10FF50009FB0000000006FD1000000004FF20000D1
:10FF600000001EFECCCCCCCC72FFFFFFFFFFF9EFF0
:10FF7000FF4EFAA2EF000EF000EF000EF000EF00CF
:10FF80000EF000EF000EF000EF000EF000EF000E9C
:10FF9000F000EF000EF000EF000EFAA2EFFF405766
:10FFA00000000006F50000001FA0000000CF0000C8
:10FFB0000006F50000001FA0000000BF00000006C2
:10FFC000F50000001FB0000000BF00000006F500B3
:10FFD00000001FB0000000BF10000005F600000088
:10FFE0000FB0000000AF10000005F60000000FB0D9
:10FFF000000000AF10000005F6AFFF96ACF9005FFF
:020000040804EE
:100000009005F9005F9005F9005F9005F9005F9099
:1000100005F9005F9005F9005F9005F9005F900514
:10002000F9005F96ACF9AFFF900000750000000585
:10003000FF1000000CBF7000003F49D000009D037E
:10004000F40001F700CB0007F1006F200DA0000FB6
:10005000804F300009E00000000000FFFFFFFFFFBD
:10006000333333333327700005FC10002DD105BE28
:10007000FEB4007FFDBDFF502A10007FE0000000AD
:100080000DF20001111CF308EFFFFFF39FC6444C73
:10009000F3FF00000BF3EF10003FF38FD769FEF37F
:1000A00006CFFC59F33FB0000000003FB000000055
:1000B000003FB0000000003FB0000000003FB19ED4
:1000C000FD92003FDEFDCEFE403FFE30008FE13F5F
:1000D000F300000AF73FD0000004FA3FB00000022E
:1000E000FC3FD0000004FA3FF300000AF73FFE3067
:1000F000008FE13FCEFDCEFF403FA19EFE9200006B
:1001000003AEFE910007FFDCEFE204FE40007F60DB
:10011000CF400000100FE000000002FC00000000D3
:100120000FE000000000CF4000001004FE40007F00
:100130006007FFDCEFE20003AEFE9100000000006C
:1001400001FD0000000001FD0000000001FD0000B5
:10015000000001FD0004BEFC61FD008FFDCEFBFD33
:1001600005FE40007FFD0CF5000009FD0FE00000DA
:1001700003FD2FC0000001FD0FE0000003FD0CF4A3
:10018000000008FD05FE20005FFD008FFBADFBFDBC
:100190000004BEFD70FD0004BEFC6000008FFCBECC
:1001A000FC0005FD2000AF800CF300000DF00FE116
:1001B000111119F42FFFFFFFFFF60FE444444441EF
:1001C0000CF30000000004FE40002B20007FFECD59
:1001D000FF600003AEFEA3000006DFD6006FEAC694
:1001E00000CF200000EF0000BFFFFFF17AFFAAA0C0
:1001F00000EF000000EF000000EF000000EF000043
:1002000000EF000000EF000000EF000000EF000032
:1002100000EF00000004BEFD70DF008FFDCEFCEF9C
:1002200005FE40005FFF0CF4000006FF0FE0000039
:1002300000FF2FC0000000FF0FE0000001FF0CF5E1
:10024000000007FF05FE40005FFF008FFDBEFCFFC2
:100250000004BEFD71FE0000000003FB01A40000CD
:100260002DF504FFFCBDFFA00028CEFEB5003FB079
:1002700000000003FB000000003FB000000003FB93
:10028000000000003FB19EFE9103FDEFDDFFD03F77
:10029000FD2002DF73FF200004FC3FD000001FD3CD
:1002A000FB000000FE3FB000000FE3FB000000FE7B
:1002B0003FB000000FE3FB000000FE3FB000000F66
:1002C000E03EB07FF0084000003FB03FB03FB03F9D
:1002D000B03FB03FB03FB03FB03FB03FB03FB000E5
:1002E00002EC00005FF1000075000000000001FD5D
:1002F00000001FD00001FD00001FD00001FD000024
:100300001FD00001FD00001FD00001FD00001FD024
:100310000001FD00001FD00005FA07DBFF407EFD55
:1003200050003FB0000000003FB0000000003FB0B0
:10033000000000003FB0000000003FB00002DF50AE
:100340003FB0002EF6003FB003EF60003FB03FF635
:1003500000003FB4FF9000003FEFFFF200003FFFBE
:1003600059FD00003FF400CF90003FB0001EF600A2
:100370003FB00004FF203FB000007FD03FB3FB3F01
:10038000B3FB3FB3FB3FB3FB3FB3FB3FB3FB3FB319
:10039000FB3FB03FA3AEFD7005CFFC5003FDFEBC9C
:1003A000FFAAFEBCFF703FFB1003FFF90004FF1320
:1003B000FF100009FE00000BF43FD000006FB000FA
:1003C000008F63FB000005F9000008F63FB0000055
:1003D0005F9000008F63FB000005F9000008F63F06
:1003E000B000005F9000008F63FB000005F9000083
:1003F00008F63FB000005F9000008F603FA2AEFEA5
:100400009103FDFFCBEFD03FFC1001CF73FF200025
:1004100004FC3FD000001FD3FB000000FE3FB000F3
:10042000000FE3FB000000FE3FB000000FE3FB0005
:100430000000FE3FB000000FE00003AEFD910000A1
:100440007FFDCEFE3005FE40007FE10CF400000988
:10045000F70FE0000003FB2FC0000001FD0FE000DC
:100460000003FB0CF4000009F704FE40007FE100EC
:100470007FFDCEFE300003AEFD91003FA29EFD92B7
:10048000003FCEFBADFE403FFD20006FE13FF3009B
:100490000009F73FD0000004FA3FB0000002FC3F23
:1004A000D0000004FA3FF300000AF73FFE30008F4F
:1004B000E13FDEFDCEFF403FB19EFE92003FB00027
:1004C0000000003FB0000000003FB0000000003F0F
:1004D000B0000000000004BEFC60FD008FFDCEFAFD
:1004E000FD05FE40007FFD0CF4000009FD0FE0005B
:1004F0000003FD2FC0000001FD0FE0000003FD0C14
:10050000F4000009FD05FE40007FFD008FFDCEFBDD
:10051000FD0004BEFC61FD0000000001FD000000C4
:100520000001FD0000000001FD0000000001FD3F92
:10053000A19E83FCEFF73FFE4003FF40003FE00039
:1005400003FC00003FB00003FB00003FB00003FBD2
:1005500000003FB00000005CEFEA5009FFCBDFD0A5
:100560001FE10002302FD00000000DFC63000002EC
:10057000CFFFFB30000147BFF200000009F6093051
:10058000000BF55FFEBBEFC005AEFEC700007800B4
:100590000000EF000000EF0000BFFFFFF17AFFAAAC
:1005A000A000EF000000EF000000EF000000EF00EF
:1005B0000000EF000000EF000000CF4000006FFBE4
:1005C000D70007DFD54FA000003FB4FA000003FBBF
:1005D0004FA000003FB4FA000003FB4FA000003F13
:1005E000B4FA000003FB4FB000005FB2FD00000949
:1005F000FB0DF70005FFB04FFDADFCFB003BEFD757
:100600002FB00DF2000000EF006F9000005F90002F
:10061000FF00000BF20009F60002FB00002FC000F3
:100620009F400000BF300FD0000004FA06F7000022
:10063000000DF1DF100000007FBF9000000001FFFF
:10064000F30000000009FC000000BF100000EF00F4
:100650000001FA5F700005FF600006F50FD0000B87
:10066000FFB0000CE00AF2001FABF1001F9004F88D
:10067000006F55F7007F3000ED00CE00EC00DE008B
:10068000008F32F9009F23F800003F98F3003F8865
:10069000F200000DEED0000DDEC0000007FF70007C
:1006A00007FF70000001FF100002FF10002FE100A3
:1006B00000DF306FB000AF6000AF706FA00000DFF0
:1006C0005FD1000003FFF30000000BFB00000006F9
:1006D000FFF6000002FE2EF20000DF403FD0009F38
:1006E00080008FA05FC00000CF600DF2000000EF1F
:1006F000006F9000005F8000EF00000BF20008F731
:100700000002FB00001FD0009F400000AF400FD050
:10071000000003FB06F60000000DF2DF0000000001
:100720006FCF8000000000EFF20000000008FB0027
:1007300000000000AF40000003003FC0000002FDC9
:10074000BFF300000008EFC4000000001FFFFFFF20
:10075000F80AAAAAAFF50000009F90000006FC006E
:1007600000003FE1000001DF4000000BF700000047
:100770007FB0000004FD1000001EFCAAAAA63FFFE7
:10078000FFFFFB003CFA00EFC603FC0004FA000484
:10079000FA0004FA0004FA0005FA008EF600DFE21F
:1007A0000007F90004FA0004FA0004FA0004FA0051
:1007B00004FA0002FD0000EFC6003CFAEEEEEEEE99
:1007C000EEEEEEEEEEEEEEEEEEEEEEEEEEEEEEAF88
:1007D000C3006CFE0000CF3000AF4000AF4000AF60
:1007E0004000AF40009F50005FE8002EFD009F706A
:1007F000009F4000AF4000AF4000AF4000AF40005E
:10080000CF306CFE00AFC30009EE6000D67FABFBBB
:1008100026F3B9005EFF903100003200006DEA104F
:1008200007E53BC00E4000E41F0000B70F3000D5C5
:1008300008C208E0009FFC200000100009A28FFC05
:100840009FFD2DE5000000000000000000310000C9
:10085000000000000015AEFD0000000000027CFF5B
:10086000FFFF0000000049EFFFFFFFFF000004BF93
:10087000FFFFFFFFFFFF00000FFFFFFFFFFFFFFF76
:1008800000000FFFFFFFFFFB69FF00000FFFFFFEEF
:10089000950008FF00000FFFC730000008FF0000B0
:1008A0000FF80000000008FF00000FF80000000033
:1008B00008FF00000FF80000000008FF00000FF81C
:1008C0000000000008FF00000FF80000017BBDFFE2
:1008D00000000FF800001EFFFFFF00133FF80000AC
:1008E0007FFFFFFF2BFFFFF800004FFFFFFCDFFF44
:1008F000FFF8000006EFFFA1FFFFFFF70000000276
:1009000020007FFFFFD1000000000000028AA60047
:10091000000000000000C403FFFFFFFFFFFF404C8A
:10092000FDCDFFEEEEEEEEFFDCDFFA8AFA0000000E
:1009300000AFB8AFF403FA000000009F404FF4048A
:10094000FA000000009F504FFFFFFA000000009FD8
:10095000FFFFF747FD77777777DF847FF403FFFFAB
:10096000FFFFFFFF404FF747FD77777777DF847F03
:10097000FFFFFA000000009FFFFFF404FA000000F0
:10098000009F504FF403FA000000009F404FFA8A86
:10099000FA00000000AFB8AFFDCDFFEEEEEEEEFFC7
:1009A000DCDFC403FFFFFFFFFFFF404C000000003F
:1009B000000000000000DFFFFA0CFFFFFFFFFFFD5B
:1009C000FFFFFD0EFFFFFFFFFFFFFFFFFD0EFFFF1D
:1009D000FFFFFFFFFFFFFD0EFFFFFFFFFFFFCFFF4A
:1009E000F90AFFFFFFFFFFFC00000000000000000D
:1009F0000000CFFFF90BFFFFFFFFFFFCFFFFFD0E25
:100A0000FFFFFFFFFFFFFFFFFD0EFFFFFFFFFFFFE9
:100A1000FFFFFD0EFFFFFFFFFFFFCFFFFA0BFFFF02
:100A2000FFFFFFFC00000000000000000000CFFFFF
:100A3000F90AFFFFFFFFFFFBFFFFFD0EFFFFFFFFB8
:100A4000FFFFFFFFFD0EFFFFFFFFFFFFFFFFFD0E9C
:100A5000FFFFFFFFFFFFDFFFFA0CFFFFFFFFFFFDC0
:100A60000000000000000000000000000000000086
:100A700000004E600000000000000004FFF70000CE
:100A800000000000004FFFFF00000000000004FF16
:100A9000FFF60000000000004FFFFF6006E40000CA
:100AA0000004FFFFF6007FFF4000004FFFFF6000E3
:100AB000FFFFF40004FFFFF600006FFFFF404FFF51
:100AC000FF60000006FFFFF8FFFFF5000000006F69
:100AD000FFFFFFFF500000000005FFFFFFF50000D3
:100AE000000000005FFFFF5000000000000005FF55
:100AF000F500000000000000005E50000000000053
:100B0000067000000018408FFB000001DFF4FFFFBB
:100B1000B0001DFFFB7FFFFB01DFFFF408FFFFBDFF
:100B2000FFFF40008FFFFFFFF4000008FFFFFF40C2
:100B3000000001EFFFFC0000001DFFFFFFB00001FF
:100B4000DFFFFFFFFB001DFFFF48FFFFB0CFFFF4FB
:100B5000008FFFF9DFFF400008FFF92EF4000000CE
:100B60008FC00010000000010000000000265000AF
:100B700000000000000000DFF3000000000000643F
:100B800000DFF400720000000BFE10DFF409FE30FD
:100B90000000AFFF50DFF40EFFE10005FFFB00DFB8
:100BA000F405FFFB000DFFB000DFF4005FFF404FD6
:100BB000FF2000DFF4000BFFA08FFB0000DFF4003C
:100BC00004FFF0BFF70000DFF40001FFF1BFF60003
:100BD00000DFF40000FFF2BFF700008DC10000FF4E
:100BE000F18FFA000000000004FFF04FFF1000003A
:100BF00000000AFFB00EFFB0000000004FFF5006DB
:100C0000FFF900000004FFFC0000AFFFD510039FB8
:100C1000FFF200000BFFFFFFFFFFFF400000008F0F
:100C2000FFFFFFFFD200000000029EFFFFB60000A2
:100C30000000000000121000000000000000000290
:100C4000200000000000000006FFFF600000000020
:100C5000000008FFFF800000000001002BFFFFB232
:100C6000001000008F87FFFFFFFF79F80004FFFFEF
:100C7000FFFFFFFFFFFF400CFFFFFFFFFFFFFFFF36
:100C8000C02FFFFFFFC77CFFFFFFF207FFFFFA0047
:100C900000AFFFFF70006FFFF100001FFFF60000C4
:100CA0007FFFE000000EFFF700006FFFF100001F64
:100CB000FFF60007FFFFFA0000AFFFFF702FFFFFF6
:100CC000FFC77CFFFFFFF20CFFFFFFFFFFFFFFFFEF
:100CD000C004FFFFFFFFFFFFFFFF40008F97FFFFF4
:100CE000FFFF78F8000001001BFFFFB100100000BB
:100CF000000008FFFF8000000000000006FFFF600A
:100D000000000000000000022000000000000000C1
:100D1000000046100067600000000000009FFE20F9
:100D20000FFF000000000001BFFFFF51FFF10000B6
:100D3000000002DFFC8FFF8FFF1000000004FFFAAD
:100D4000004EFFFFF100000007FFF708D32DFFFF63
:100D50001000000AFFF51BFFF50BFFF400001CFF5D
:100D6000E22DFFFFF708FFF6003EFFC14EFFFFFF39
:100D7000FA05FFF90EFF906FFFFFFFFFFC13EFF680
:100D80004F709FFFFFFFFFFFFE31CC00003FFFFFD2
:100D9000FFFFFFFFFB00000004FFFFFFFFFFFFFF5F
:100DA000C00000004FFFFF8001EFFFFC00000004C7
:100DB000FFFFF6000EFFFFC00000004FFFFF6000C6
:100DC000EFFFFC00000004FFFFF6000EFFFFC00075
:100DD00000002FFFFF4000CFFFFA000000000000DE
:100DE0000000000000000000000000005665000048
:100DF000000000000007FFFF700000000000000876
:100E0000FFFF8000000000000008FFFF80000000DE
:100E100000000008FFFF8000000000000008FFFF46
:100E20008000000000000008FFFF800000000000BC
:100E30000008FFFF800000000007EEEFFFFFFEEE5E
:100E400070000005FFFFFFFFFFFF500000006FFF75
:100E5000FFFFFFF50000000005FFFFFFFF5000004F
:100E60000000005FFFFFF500000000000005FFFF2D
:100E7000500000007AAAAA914FF419AAAAA7FFFF6E
:100E8000FFFD2332DFFFFFFFFFFFFFFFF99FFFFFA3
:100E9000FFFFFFFFFFFFFFFFFFFFFFFFFFFFFFFF62
:100EA000FFFFFB0F48FFFFFFFFFFFFFFFFEFEFFF1D
:100EB0001444444444444444444100003DFFFFFF83
:100EC000FFFFF9000000001EFFFFFFFFFFFFF8001B
:100ED00000000AFF9888888888DFF3000005FFA0DB
:100EE0000000000002FFD00001EFE1000000000060
:100EF00007FF8000AFF50000000000000DFF205F3D
:100F0000FA000000000000003FFC0DFF9888700010
:100F100000038888DFF5FFFFFFFF500000CFFFFFD1
:100F2000FF7FFFFFFFFC00005FFFFFFFF8FFFFFFF9
:100F3000FFFFFFFFFFFFFFFF8FFFFFFFFFFFFFFF31
:100F4000FFFFFFF8FFFFFFFFFFFFFFFFFFFFFF8E29
:100F5000FFFFFFFFFFFFFFFFFFFFF65EFFFFFFFF4B
:100F6000FFFFFFFFFFFB0000000000011000000773
:100F7000BA0000017CFFFFB5000BFF00007FFFFF00
:100F8000FFFFE50BFF000AFFFFDBBEFFFF9AFF003C
:100F9000AFFFA200003BFFFFFF05FFF600000000CF
:100FA0005FFFFF0DFF60000007BA9CFFFF3FFC00E2
:100FB00000000CFFFFFFFF7FF60000000BFFFFFFAC
:100FC000FF00000000000000000000000000000022
:100FD000000000000000000000000000000000FF12
:100FE000FFFFFFB00000006FF6FFFFFFFFC0000033
:100FF00000CFF3FFFFC9AA70000007FFD0FFFFF585
:10100000000000006FFF50FFFFFFB300003BFFF93F
:1010100000FFA9FFFFEBBDFFFFA000FFB05DFFFFDA
:10102000FFFFF70000FFB0005BFFFFC8100000AB40
:10103000700000011000000000000000000100002E
:101040000002EE0000002EFF000002EFFF47777E57
:10105000FFFFFFFFFFFFFFFFFFFFFFFFFFFFFFFFA0
:10106000FFFFFFFFFFFFFFFFFFFFFFFFFFFFFFFF90
:10107000DFFFFFFFFF000009FFFF0000009FFF00F0
:10108000000009FF00000000890000000089000046
:10109000000000009FF000000000009FFF00000023
:1010A00000009FFFF00000DFFFFFFFFF00730FFF56
:1010B000FFFFFFF01FF4FFFFFFFFFF005FCFFFFF09
:1010C000FFFFF000FFFFFFFFFFFF004FDFFFFFFF0D
:1010D000FFF01FF5FFFFFFFFFF0085047777EFFFAD
:1010E000F00000000002EFFF000000000002EFF03F
:1010F000000000000002EE000000000000011000EF
:101100000000000000000000007B20000000000044
:101110000010000009FE300000000002EE00000098
:1011200009FF2000000002EFF000087008FD000039
:101130000002EFFF0000EFB00CF6047777EFFFF04E
:101140000002DF803FD0FFFFFFFFFF007401FF10B0
:10115000CF3FFFFFFFFFF01FF408F707F6FFFFFF89
:10116000FFFF005FC03FA04F9FFFFFFFFFF000FFAA
:1011700002FB04F9FFFFFFFFFF005FC03FA05F9F7E
:10118000FFFFFFFFF01FF408F707F6DFFFFFFFFF89
:10119000007402FF10CF3000009FFFF00002EF80CC
:1011A0003FD00000009FFF0000EFB00CF6000000F1
:1011B000009FF000087008FD00000000008900009A
:1011C0000008FF20000000000000000009FF3000C0
:1011D00000000000000000007B2000005EFFFFFF19
:1011E000FFFFFFFFFFE5EFFFFFFFFFFFFFFFFFFE3A
:1011F000FFF638FFFFFFFFFFFFFFFF6000AFFFFFBD
:10120000FFFFFFFFFF30007FFFFFFBEFFFFFFF80CF
:1012100000CFFFFF903EFFFFFFFA7CFFFFF90003C6
:10122000EFFFFFFFFCFFFF9000003EFFFFFF906F0E
:10123000F900000008FFFFF900069000000008FF19
:10124000FFB000000000000008FFFF800000000069
:10125000000008FFFFC88888888888888CFFEFFF17
:10126000FFFFFFFFFFFFFFFE5EFFFFFFFFFFFFFF30
:10127000FFE500000042000000000003FF10000036
:1012800000000AFF60000000001FFFC00000000017
:101290008FFFF400000001FFFFFC0000000AFFFFC9
:1012A000FF6000004FFFFFFFF20001EFFFFFFFFCB8
:1012B000000BFFFFFFFFFF703FFFFFFFFFFFF1AFDE
:1012C000FFFFFFFFFFF6EFFFFFFFFFFFFAFFA6FFA5
:1012D000FFFFFFFBEF91FFFFFFFFFABFE09FFFFF64
:1012E000FFF75FF907CFFFFFF20CFFB309FFFF80A5
:1012F00001DFFFFFFFFA000009FFFFFF70000000A1
:1013000015774000004760000000161BFF1000002A
:101310002DFBBFF100002EFFCBFF10003EFFFCBFF6
:10132000F1004FFFFFCBFF105FFFFFFCBFF16FFF2E
:10133000FFFFCBFF9FFFFFFFFCBFFFFFFFFFFFCBC8
:10134000FFFFFFFFFFFCBFFFFFFFFFFFCBFF4EFFD5
:10135000FFFFFCBFF12DFFFFFFCBFF101CFFFFFCC9
:10136000BFF1000CFFFFCBFF10000BFFFCBFF10033
:10137000000AFFCAFF10000008F70000000000008C
:1013800000065000000000000000BFFD300000001B
:10139000000000FFFFFA100000000000FFFFFFF751
:1013A0000000000000FFFFFFFFD400000000FFFF6F
:1013B000FFFFFFB2000000FFFFFFFFFFFF80000004
:1013C000FFFFFFFFFFFFFE5000FFFFFFFFFFFFFFDC
:1013D000FB20FFFFFFFFFFFFFFFFF2FFFFFFFFFF0D
:1013E000FFFFFFF6FFFFFFFFFFFFFFFFF2FFFFFF23
:1013F000FFFFFFFFFB20FFFFFFFFFFFFFD5000FF90
:10140000FFFFFFFFFF800000FFFFFFFFFFA20000C4
:1014100000FFFFFFFFD400000000FFFFFFF7000008
:10142000000000FFFFFA100000000000BFFD3000C8
:1014300000000000000650000000000000000677D9
:1014400077300006777730BFFFFFF300BFFFFFF371
:10145000FFFFFFF700FFFFFFF7FFFFFFF800FFFFB1
:10146000FFF8FFFFFFF800FFFFFFF8FFFFFFF800A6
:10147000FFFFFFF8FFFFFFF800FFFFFFF8FFFFFF90
:10148000F800FFFFFFF8FFFFFFF800FFFFFFF8FF86
:10149000FFFFF800FFFFFFF8FFFFFFF800FFFFFF6F
:1014A000F8FFFFFFF800FFFFFFF8FFFFFFF800FF66
:1014B000FFFFF8FFFFFFF800FFFFFFF8FFFFFFF857
:1014C00000FFFFFFF8FFFFFFF800FFFFFFF8EFFF4F
:1014D000FFF600EFFFFFF66FFFFFC1006FFFFFC1D8
:1014E000000000000000000000057777777777772D
:1014F0007730BFFFFFFFFFFFFFFFF3FFFFFFFFFF9F
:10150000FFFFFFF7FFFFFFFFFFFFFFFFF8FFFFFFFA
:10151000FFFFFFFFFFF8FFFFFFFFFFFFFFFFF8FFE9
:10152000FFFFFFFFFFFFFFF8FFFFFFFFFFFFFFFFD2
:10153000F8FFFFFFFFFFFFFFFFF8FFFFFFFFFFFFC9
:10154000FFFFF8FFFFFFFFFFFFFFFFF8FFFFFFFFB9
:10155000FFFFFFFFF8FFFFFFFFFFFFFFFFF8FFFFA9
:10156000FFFFFFFFFFFFF8FFFFFFFFFFFFFFFFF899
:10157000FFFFFFFFFFFFFFFFF8EFFFFFFFFFFFFF92
:10158000FFF66FFFFFFFFFFFFFFFC100000000003D
:101590000000000005200000005766FF4000000C1E
:1015A000FF8FFF600000DFF8FFFF70000DFF8FFF6F
:1015B000FF8000DFF8FFFFFF900DFF8FFFFFFFB000
:1015C000DFF8FFFFFFFFCDFF8FFFFFFFFFFFF8FFFB
:1015D000FFFFFFFFFF8FFFFFFFFFFFF8FFFFFFFF92
:1015E0005DFF8FFFFFFF40DFF8FFFFFE300DFF8F35
:1015F000FFFE2000DFF8FFFD20000DFF7FFD100043
:1016000000DFF3FB1000000CFF00000000000000F2
:10161000000000000210000000000000000AFF406F
:101620000000000000000AFFFF300000000000087A
:10163000FFFFFE200000000007FFFFFFFE1000007C
:101640000006FFFFFFFFFD10000005FFFFFFFFFF8B
:10165000FC000004FFFFFFFFFFFFFB0003FFFFFF95
:10166000FFFFFFFFFA00DFFFFFFFFFFFFFFFF50EA9
:10167000FFFFFFFFFFFFFFFF605FFFFFFFFFFFFFB9
:10168000FFC0000000000000000000009FFFFFFFFF
:10169000FFFFFFFFE20FFFFFFFFFFFFFFFFF70FFF6
:1016A000FFFFFFFFFFFFFFF80FFFFFFFFFFFFFFF41
:1016B000FF70BFFFFFFFFFFFFFFFF3000000000010
:1016C00000000000000000000000000000005F803B
:1016D0000000005FFF4000005FFFE200005FFFE2EC
:1016E00000005FFFE300005FFFE300005FFFE30037
:1016F000005FFFE300000DFFF50000004FFFE30077
:1017000000004FFFE30000004FFFE30000005FFF19
:10171000E30000005FFFE30000005FFFE200000065
:101720005FFF400000005F8000000000000000003C
:1017300000000002DB00000000CFFC00000009FFF9
:10174000FC00000009FFFC00000009FFFC00000095
:1017500009FFFC00000009FFFC00000009FFFC007D
:1017600000000DFFF6000009FFFC000009FFFC006F
:101770000009FFFC000009FFFC000009FFFC00005D
:1017800009FFFC000000CFFC00000002DB000000AD
:1017900000000000000000000000025500000000F2
:1017A0000000000FFF800000000000002FFFA000DD
:1017B00000000000002FFFA00000000000002FFF2D
:1017C000A00000000000002FFFA0000000000000AB
:1017D0002FFFA00000003777778FFFC7777760EF84
:1017E000FFFFFFFFFFFFFFF6FFFFFFFFFFFFFFFF12
:1017F000F8DFFFFFFFFFFFFFFFF51444445FFFB476
:101800004444300000002FFFA00000000000002F23
:10181000FFA00000000000002FFFA000000000005B
:10182000002FFFA00000000000001FFF900000003C
:101830000000000DFF60000000000000002100001B
:101840000000499999999999999980FFFFFFFFFFA5
:10185000FFFFFFF7FFFFFFFFFFFFFFFFF7CFFFFFD8
:10186000FFFFFFFFFFF40222222222222222100089
:10187000000006ADFFEC830000000000008FFFFFBA
:10188000EFFFFC4000000003EFFF920005DFFF9038
:10189000000004FFFF50025201CFFFB00004FFFF21
:1018A00080007FF901EFFFB001EFFFF00008FFF7C4
:1018B00008FFFF80AFFFFB0225FFFFE03FFFFF2F88
:1018C000FFFFA07FFFFFFF02FFFFF79FFFFB05FF6A
:1018D000FFFFC03FFFFF21EFFFF00CFFFFF507FF09
:1018E000FF8003FFFF801AFFE501EFFFB00004FF58
:1018F000FF50001001CFFFB0000003DFFF92000592
:10190000DFFF90000000007FFFFFEFFFFC400000C2
:1019100000000005ADEFEC83000000000060000057
:101920000000000000000000000BFC1000000000A0
:101930000000000000000CFFE400000000000000B8
:10194000000000009FFF70048CEFED940000000089
:101950000005FFFBEFFFFEFFFFE600000000002D8B
:10196000FFFFC40004CFFFB10000000000BFFF6014
:10197000031009FFFE200000000007FFF94FFA00E6
:10198000CFFFE100000BB0004EFFEFFFA04FFFFBC9
:1019900000006FFD3001CFFFFFF10FFFFF5000BFD0
:1019A000FFF60008FFFFF30EFFFFA0006FFFFF0030
:1019B000005FFFF20FFFFF50000CFFFF400002DF4F
:1019C000FE8FFFFA000001EFFFC000000AFFFFFFDB
:1019D000D10000002EFFF90000006FFFFD10000095
:1019E0000001CFFFC4000003EFFD2000000000064F
:1019F000EFFFFEE3001BFFF50000000000059DEF78
:101A0000EC20008FFF9000000000000000000000AC
:101A100004EFFB00000000000000000000002CFAB2
:101A20000000000000000000000000006000000056
:101A3000000007A3000000000000000000008FFE6F
:101A400010000000000000000002FFFF90000000F6
:101A500000000000000AFFFFF3000000000000008B
:101A6000004FFFFFFB0000000000000000DFFFFF51
:101A7000FF5000000000000006FFFFFFFFD0000045
:101A8000000000000EFFA224FFF70000000000008D
:101A90008FFF9001FFFF100000000002FFFFA00277
:101AA000FFFF90000000000AFFFFB003FFFFF200FD
:101AB0000000003FFFFFC004FFFFFB00000000CF5D
:101AC000FFFFD005FFFFFF40000006FFFFFFF99C6E
:101AD000FFFFFFD000000EFFFFFFF52BFFFFFFF71A
:101AE00000008FFFFFFF9001FFFFFFFE1001FFFFCF
:101AF000FFFF8000FFFFFFFF900AFFFFFFFFF41AC8
:101B0000FFFFFFFFF20FFFFFFFFFFFFFFFFFFFFFE2
:101B1000F70BFFFFFFFFFFFFFFFFFFFFF4016888E8
:101B20008888888888888888400000000000000035
:101B3000043000000000000000000FF5000000006D
:101B4000000000000FFF50EFFFF6000001CFFFFF85
:101B5000F5FFFFFF50000CFFFFFFFFFFFFFFF50049
:101B6000BFFFFFFFF72223DFF809FFF72FFF8000F9
:101B7000002EB07FFF900FF80000000306FFFA0070
:101B80000760000000004FFFB000000000000003ED
:101B9000FFFD030007600000002EFFE13F900FF8FB
:101BA000002223DFFE22EFF72FFF80FFFFFFF3006D
:101BB000CFFFFFFFF8FFFFFF50000CFFFFFFFEEF1E
:101BC000FFF6000001CFFFFFF4000000000000005E
:101BD0000FFF40000000000000000FF500000000B3
:101BE000000000000430000000000094000000002D
:101BF0000000000CFF50000000000000CFFFF500C7
:101C0000000000000CFFFFFF5000000000CFFFAEFF
:101C1000FFF50000000CFFF902EFFF500000CFFFBE
:101C200090002EFFF5000CFFF9000002EFFF50AF0F
:101C3000FF900000002EFFF27FF90000000002EF8D
:101C4000E10670000000000029200670000000007E
:101C50000029207FF90000000003EFE19FFF9000C2
:101C600000003EFFF20BFFF9000003EFFF5000BF42
:101C7000FF90003EFFF500000BFFF903EFFF50005F
:101C80000000BFFFAEFFF5000000000BFFFFFF509C
:101C90000000000000BFFFF50000000000000BFF87
:101CA0005000000000000000940000000000009CB4
:101CB00010000000000000000000000AFFD10058E2
:101CC0008888888881000000AFFFFD20EFFFFFFFBC
:101CD000FFF600000AFFFFFFE24EFFFFFFFFF600E6
:101CE000008FFCFFCFFD000000001FF600007FC248
:101CF000FF67FC000000001FF600000301FF6030DA
:101D0000000000001FF600000001FF60000000005E
:101D1000001FF600000001FF6000000000001FF639
:101D200000000001FF6000000003D71FF63D7000B7
:101D300001FF600000000AFF7FF9EFF00001FFB82B
:101D400088888832EFFFFFFF600001FFFFFFFFFF81
:101D5000F22EFFFFF6000000DFFFFFFFFFE202EFC1
:101D6000FF60000000000000000000002EF60000F0
:101D7000000000000000000000013000005EFFFFD6
:101D8000FF900000000000EFFFFFFFF900000000DF
:101D900000FFFFFFFFFFB888888860FFFFFFFFFF9D
:101DA000FFFFFFFFFBFFFFFFFFFFFFFFFFFFFFFF47
:101DB000FFFFFFFFFFFFFFFFFFFFFFFFFFFFFFFF33
:101DC000FFFFFFFFFFFFFFFFFFFFFFFFFFFFFFFF23
:101DD000FFFFFFFFFFFFFFFFFFFFFFFFFFFFFFFF13
:101DE000FFFFFFFFFFFFFFFFFFFFFFFFFFFFFFFF03
:101DF000FFFFFFFFFFFFFFFFFFFFFFFFFFFFFFEF03
:101E0000FFFFFFFFFFFFFFFFFE5EFFFFFFFFFFFF84
:101E1000FFFFE500000000031000000000000000CC
:101E2000006FD10000000000000006FFFD10000060
:101E3000000000006FFFFFD1000000000006FFFF60
:101E4000FFFD10000000006FFFFFFFFFD10000004A
:101E500006FFFFFFFFFFFD1000000DFFFFFFFFFF6C
:101E6000FF60000000111BFFFF5111000000000087
:101E70000BFFFF400000000000000BFFFF400000D0
:101E8000000000000BFFFF400000000000000BFFFF
:101E9000FF400000000000000BFFFF400000007A40
:101EA000AAAA2BFFFF42AAAAA7FFFFFF8267760814
:101EB000FFFFFFFFFFFFFB7777BFFFFFFFFFFFFF86
:101EC000FFFFFFFFFFFFFFFFFFFFFFFFFFFB0F48CD
:101ED000FFFFFFFFFFFFFFFFEFEFFF144444444409
:101EE000444444444100000000000000046200003B
:101EF00000000000000001FFFEB50000000000002F
:101F0000007FFFFFF00000000000000EFFFFFF0059
:101F1000000000000005FFFFFFD0000000000000EF
:101F2000BFFFFFFB00000000000006FFFFFF800076
:101F3000000000000005FFFFF400000000000000AA
:101F400005FFFE0000000000000000BFFF90000041
:101F500000000000004FFFF2000000000000002E13
:101F6000FFF8000000013000001DFFFD0000002907
:101F7000FF70003EFFFF300004BFFFFF407FFFFF08
:101F8000500000EFFFFFFEEFFFFF5000000CFFFFCF
:101F9000FFFFFFFE400000008FFFFFFFFFFB100070
:101FA000000004FFFFFFFFD500000000001FFFFF3F
:101FB000EA4000000000000057642000000000001C
:101FC000000000254000000000000009FFFE300076
:101FD0000004AA507FFFFFE000008FFFF5EFD37FE2
:101FE000F60008FFFFB0FF800FF7008FFFFB00DF58
:101FF000E7AFF508FFFFB0005FFFFFFD9FFFFB00AD
:102000000005EFFFFFFFFFB0000000015FFFFFFBD7
:1020100000000000000BFFFFF200000000259FFF02
:10202000FFFD10000009FFFFFFFFFFD100007FFF51
:10203000FFFB6FFFFD1000EFD37FF505FFFFD10021
:10204000FF800FF7005FFFFD10DFE7AFF50005FF32
:10205000FFD15FFFFFC000004FFFF405EFFB100052
:1020600000016620000100000000000000000008E0
:10207000BBBBBB50900000000FFFFFFF81FB0000C7
:10208000000FFFFFFF81FFB000000FFFFFFF81FF88
:10209000F88CC90FFFFFFF800000FFFC0FFFFFFF60
:1020A000D54443FFFC0FFFFFFFFFFFFAFFFC0FFFCC
:1020B000FFFFFFFFFAFFFC0FFFFFFFFFFFFAFFFC30
:1020C0000FFFFFFFFFFFFAFFFC0FFFFFFFFFFFFA0D
:1020D000FFFC0FFFFFFFFFFFFAFFFC0FFFFFFFFFFB
:1020E000FFFAFFFC0FFFFFFFFFFFFAFFFC0FFFFFF0
:1020F000FFFFFFFAFFFC0FFFFFFFFFFFFAFFFE0BE2
:10210000FFFFFFFFFFF7FFFF91000000000000FF4F
:10211000FFFFFFFFFF800000FFFFFFFFFFFF7000DA
:102120000058888888888710000006777777777747
:10213000600000BFFFFFFFFFFFFD1000FFFFFFFF7C
:10214000FFFFFFC100FF9000000001DFFC10FF80D7
:1021500000000000BFFFC0FF8000000000BFFFF3D1
:10216000FF8000000000BFFFF4FF8000000000BF00
:10217000FFF4FFD888888888EFFFF4FFFFFFFFFF98
:10218000FFFFFFF4FFFFFFFFFFFFFFFFF4FFFFFF75
:10219000E402CFFFFFF4FFFFFF60002FFFFFF4FF1B
:1021A000FFFF40000FFFFFF4FFFFFFA0006FFFFFE6
:1021B000F4FFFFFFFC8AFFFFFFF4EFFFFFFFFFFFCD
:1021C000FFFFF36FFFFFFFFFFFFFFFA00000000016
:1021D0000000000000000000000000000000EFFF11
:1021E000FFFFFFFFFFFFF6FFFFFFFFFFFFFFFFF80F
:1021F000ACCCCCCCCCCCCCCCC400000000000000DB
:1022000000000000000000000000000000000000CE
:1022100000000000CDDDDDDDDDDDDDDDD5FFFFFF14
:10222000FFFFFFFFFFF8DFFFFFFFFFFFFFFFF500EE
:10223000000000000000000000000000000000009E
:1022400000000000000000000000ACCCCCCCCCCCE6
:10225000CCCCC4FFFFFFFFFFFFFFFFF8EFFFFFFF46
:10226000FFFFFFFFF60000000000000000005EFF1F
:10227000FFFFFFFFFFFFFFE5EFFFFFFFFFFFFFFF98
:10228000FFFEFFFFFFFFFFFFFFFFFFFF7FFFFFFFDF
:10229000FFFFFFFFFFF703EFFFFFFFFFFFFFFE3032
:1022A000E31BFFFFFFFFFFFFB13EFF707FFFFFFF5C
:1022B000FFF707FFFFFB13DFFFFFFD31BFFFFFFF4E
:1022C000E40AFFFFA04EFFFFFFFFFF805DD508FF80
:1022D000FFFFFFFFFFFC2002CFFFFFFFFFFFFFFF1D
:1022E000FDDFFFFFFFFFFFFFFFFFFFFFFFFFFFFF20
:1022F000EFFFFFFFFFFFFFFFFFFE5EFFFFFFFFFFA0
:10230000FFFFFFE50014444441000000BFFFFFFA57
:10231000000000EFFFFFF8000000FFFFFFF30000E8
:1023200002FFFFFFD0000004FFFFFF80000006FF58
:10233000FFFF40000008FFFFFFFFFFF50AFFFFFF60
:10234000FFFFF40DFFFFFFFFFFB00FFFFFFFFFFFD9
:10235000200BFFFFFFFFF9000000008FFFE10000EE
:102360000000CFFF6000000000FFFD000000000340
:10237000FFF40000000007FFA0000000000BFF209A
:10238000000000000FF800000000002FE000000037
:10239000000009400000000000067100000000007D
:1023A0001444BFFE4443000000EFFFF94FFFFF401D
:1023B0000000FFFFF83FFFFF500000FFFFFFFFFF9F
:1023C000FF500000FFFFFFA88888200000FFFFF6F5
:1023D000000000000000FFFFF0CFFFFF51E200FF10
:1023E000FFF0EFFFFF51FE20FFFFF0EFFFFF51FF77
:1023F000E2FFFFF0EFFFFF50BBB7FFFFF0EFFFFF83
:10240000800000FFFFF0EFFFFFFFFFFAFFFFF0EF9C
:10241000FFFFFFFFFAFFFFF0EFFFFFFFFFFAFFFFF5
:10242000F0EFFFFFFFFFFACFFFF0EFFFFFFFFFFA34
:10243000000000EFFFFFFFFFFA000000EFFFFFFFCB
:10244000FFFA000000EFFFFFFFFFFA0000007BBB78
:10245000BBBBBBB400000000310000000000000066
:1024600005FD0000000000000009FF100000000052
:102470000007EFFFFB2000000000AFFFFFFFF300AD
:10248000000008FFFFFFFFFE1000001FFFFFFFFF1F
:10249000FF8000005FFFFFFFFFFFD000007FFFFF16
:1024A000FFFFFFF000008FFFFFFFFFFFF000009F26
:1024B000FFFFFFFFFFF10000DFFFFFFFFFFFF50061
:1024C00001FFFFFFFFFFFFF90009FFFFFFFFFFFF15
:1024D000FF105FFFFFFFFFFFFFFFD0EFFFFFFFFFDA
:1024E000FFFFFFF69FFFFFFFFFFFFFFFE30000007E
:1024F000000000000000000000AFFFF2000000003C
:1025000000003FFFA0000000000000027500000076
:10251000005EFFFFFFFFFFFFFFFFFFFB0EFFFFFF60
:10252000FFFFFFFFFFFFFFF6FFC88FA8AF88BF8840
:10253000FB88FF8FF800F404F005E00E500FF8FF61
:10254000800F404F006F00F600FF8FFFFFFFFFFF7F
:10255000FFFFFFFFFFF8FFFF946F648F44BB44FF52
:10256000FF8FFFF602F205F008800EFFF8FFFF94E0
:102570006F648F44BB44FFFF8FFFFFFFFFFFFFFF30
:10258000FFFFFFF8FF800F4000000000F600FF8F04
:10259000F800F4000000000E500FF8FFC88FA88864
:1025A000888888FB88FF8EFFFFFFFFFFFFFFFFFF8C
:1025B000FFF65EFFFFFFFFFFFFFFFFFFFB000000D6
:1025C00000000000000000560000000000000000B5
:1025D000017EFFA0000000000000018FFFFFF0005F
:1025E0000000000002AFFFFFFFA00000000004BFDA
:1025F000FFFFFFFF3000000005CFFFFFFFFFFB00E4
:10260000000006DFFFFFFFFFFFF4000018EFFFFFF1
:10261000FFFFFFFFD00005FFFFFFFFFFFFFFFF50A1
:10262000000EFFFFFFFFFFFFFFFE00000DFFFFFF9B
:10263000FFFFFFFFF7000002ACCCCCCDFFFFFFF0A7
:1026400000000000000004FFFFFF80000000000009
:102650000004FFFFFF1000000000000004FFFFF96E
:102660000000000000000004FFFFF2000000000076
:10267000000004FFFFB00000000000000004FFFFA6
:10268000300000000000000003FFFC00000000001C
:1026900000000000EFF40000000000000000002730
:1026A0003000000000244444443030000FFFFFFF9E
:1026B000FC0F6000FFFFFFFFC0FF600FFFFFFFFC8C
:1026C0000FFF60FFFFFFFFC0FFFF6FFFFFFFFC0B6F
:1026D000BBBBFFFFFFFFE100000FFFFFFFFFFFFF9E
:1026E000FFFFFFFFFFFFFFFFFFFFFFFFFFFFFFFFFA
:1026F000FFFFFFFFFFFFFFFFFFFFFFFFFFFFFFFFEA
:10270000FFFFFFFFFFFFFFFFFFFFFFFFFFFFFFFFD9
:10271000FFFFFFFFFFFFFFFFFFFFFFFFFFFFFFFFC9
:10272000FFFFFFFFFFFFFFFFFFFFFFFFFFFFFFFFB9
:10273000FFFFFFFFFFFFFFFFFFFFFF8BBBBBBBBB2D
:10274000BBBB80000000000023432000000000000D
:102750000000038CFFFFFFFC8300000000006DFF02
:10276000FFFFFFFFFFFD60000003DFFFFFFFFEFF35
:10277000FFFFFFD30008FFFFFB720000027BFFFF9B
:10278000F80AFFFFA2000000000002AFFFFABFFD41
:1027900030000000000000003DFFB0BA1000059DB1
:1027A000EFED9500001AB00000006DFFFFFFFFFD88
:1027B000600000000001BFFFFFFFFFFFFFB100004E
:1027C00000008FFFFA53235AFFFF8000000000CF64
:1027D000B100000001BFC000000000004000000088
:1027E00000004000000000000000019D910000007A
:1027F00000000000000000AFFFA00000000000008B
:102800000000000FFFFF00000000000000000000BB
:10281000CFFFC000000000000000000003EFE30055
:102820000000000000000000000010000000000098
:10283000001788888888888888888888600CFFFFC7
:10284000FFFFFFFFFFFFFFFFFF80FFFFFFFFFFFF17
:10285000FFFFFFFFFFFC0FF800000000000000007A
:1028600000CFFDFF84FFFFFFFFFFFFFFFF0CFFFF17
:10287000F84FFFFFFFFFFFFFFFF05BFFFF84FFFF4D
:10288000FFFFFFFFFFFF008FFFF84FFFFFFFFFFF7E
:10289000FFFFF008FFFF84FFFFFFFFFFFFFFFF0CBC
:1028A000FFFFF8000000000000000000CFFFFFC89D
:1028B00088888888888888888EFD4EFFFFFFFFFF04
:1028C000FFFFFFFFFFFFA04EFFFFFFFFFFFFFFFF28
:1028D000FFFFC20017888888888888888888886071
:1028E0000CFFFFFFFFFFFFFFFFFFFFFF80FFFFFF6A
:1028F000FFFFFFFFFFFFFFFFFC0FF80000000000DD
:1029000000000000CFFDFF81FFFFFFFFFFFF600021
:102910000CFFFFF81FFFFFFFFFFFF600005BFFFF4C
:1029200081FFFFFFFFFFFF6000008FFFF81FFFFF29
:10293000FFFFFFF6000008FFFF81FFFFFFFFFFFF23
:1029400060000CFFFFF8000000000000000000CF56
:10295000FFFFC888888888888888888EFD4EFFFF9A
:10296000FFFFFFFFFFFFFFFFFFA04EFFFFFFFFFF87
:10297000FFFFFFFFFFC20017888888888888888843
:102980008888600CFFFFFFFFFFFFFFFFFFFFFF8056
:10299000FFFFFFFFFFFFFFFFFFFFFFFC0FF800003F
:1029A00000000000000000CFFDFF81FFFFFFFFA03F
:1029B0000000000CFFFFF81FFFFFFFFA00000000FF
:1029C0005BFFFF81FFFFFFFFA0000000008FFFF80B
:1029D0001FFFFFFFFA0000000008FFFF81FFFFFF5D
:1029E000FFA00000000CFFFFF80000000000000046
:1029F0000000CFFFFFC888888888888888888EFD77
:102A00004EFFFFFFFFFFFFFFFFFFFFFFA04EFFFF97
:102A1000FFFFFFFFFFFFFFFFC2001788888888883D
:102A20008888888888600CFFFFFFFFFFFFFFFFFF9B
:102A3000FFFF80FFFFFFFFFFFFFFFFFFFFFFFC0F18
:102A4000F8000000000000000000CFFDFF81FFFF44
:102A5000E000000000000CFFFFF81FFFFE00000078
:102A60000000005BFFFF81FFFFE0000000000000AE
:102A70008FFFF81FFFFE00000000000008FFFF812D
:102A8000FFFFE000000000000CFFFFF80000000066
:102A90000000000000CFFFFFC888888888888888E9
:102AA000888EFD4EFFFFFFFFFFFFFFFFFFFFFFA030
:102AB0004EFFFFFFFFFFFFFFFFFFFFC200178888E9
:102AC0008888888888888888600CFFFFFFFFFFFF60
:102AD000FFFFFFFFFF80FFFFFFFFFFFFFFFFFFFF85
:102AE000FFFC0FF8000000000000000000CFFDFF19
:102AF0008000000000000000000CFFFFF800000054
:102B00000000000000005BFFFF80000000000000EC
:102B10000000008FFFF80000000000000000000827
:102B2000FFFF8000000000000000000CFFFFF80025
:102B30000000000000000000CFFFFFC888888888E0
:102B4000888888888EFD4EFFFFFFFFFFFFFFFFFF95
:102B5000FFFFA04EFFFFFFFFFFFFFFFFFFFFC200D1
:102B60000000000000000010000000000000000055
:102B70000000000CFE200000000000000000007CAF
:102B8000DFFF90000000000000000009FBBFFF9085
:102B900000000000000000002F700AFC1000000080
:102BA00000003200009E00000000000000002DFF29
:102BB0009001F600000000001C3000CFFFF63CF34F
:102BC00033333333335FF910FFFFFFFFFFFFFFFFA6
:102BD000FFFFFFFFD0CFFFF63334ED333333335FE6
:102BE000FA102DFF9000005F300000001C30000044
:102BF000320000000DA000000000000000000000F6
:102C00000006F30AFFF7000000000000000000CEFD
:102C1000AEFFF800000000000000000008BEFFF852
:102C2000000000000000000000000AFFF7000000A4
:102C30000000000000000001222000000000000051
:102C400034310000000003BFFFFFE70000006FFF0A
:102C5000FAFFFFB00004FFFFF19FFFF8000DFFFF38
:102C6000F10AFFFF103FFFFFF100BFFF607FFD8F04
:102C7000F1660CFFA0AFF807F16F13FFD0CFFF7024
:102C800071531EFFF0DFFFF70001DFFFF0EFFFFFE2
:102C9000600CFFFFF0EFFFFF3007FFFFF0DFFFF3F7
:102CA00000108FFFF0CFFF30B16709FFF09FF60BE8
:102CB000F26E02FFD06FFFCFF2522EFFA01FFFFF78
:102CC000F202EFFF5009FFFFF22EFFFE0000DFFFD0
:102CD000F4EFFFF500001AFFFFFFFF600000002780
:102CE000ABB9500000000002ABBBB7000000577743
:102CF0007CFFFFFF777772FFFFFFFFFFFFFFFFF70C
:102D0000EFFFFFFFFFFFFFFFF600000000000000E5
:102D100000000688888888888888200CFFFFFFFFCD
:102D2000FFFFFF400CFFFFFFFFFFFFFF400CFF779F
:102D3000FF3BFE1EFF400CFF66FF2AFE0EFF400C0D
:102D4000FF66FF2AFE0EFF400CFF66FF2AFE0EFF05
:102D5000400CFF66FF2AFE0EFF400CFF66FF2AFEB6
:102D60000EFF400CFF66FF2AFE0EFF400CFF66FFC1
:102D70002AFE0EFF400CFF66FF2AFE0EFF400CFFEE
:102D800077FF3BFE1EFF400BFFFFFFFFFFFFFF3003
:102D900007FFFFFFFFFFFFFE000057888888888835
:102DA000720000000000000000016400000000004C
:102DB00000000002DFF80000000000000002EFFF4A
:102DC000F8000000000000007FFFFFF80000000096
:102DD0000002908FFFFFF00000000002EFB08FFFB5
:102DE000FC0000000002EFFFB08FFE1000000002A8
:102DF000EFFFFFB08E2000000002EFFFFFFFB010DA
:102E000000000002EFFFFFFFFE1000000002EFFFD6
:102E1000FFFFFE2000000002EFFFFFFFFE2000008A
:102E20000002EFFFFFFFFE2000000002EFFFFFFFA8
:102E3000FE2000000001EFFFFFFFFE200000000069
:102E40008FFFFFFFFE20000000000AFFFFFFFE20B3
:102E50000000000000CFFFFFFE2000000000000E79
:102E6000FFFFFE20000000000000FFFFFE2000002A
:102E700000000000057531000000000000000000A7
:102E800000006EFFFFFFFFFFFFFFFB2000008FFF32
:102E9000FFFFFFFFFFFFFFFB00008FFFFFFFFFFFB4
:102EA000FFFFFFFFF0008FFFFFFF85FFFF58FFFFD1
:102EB000FF008FFFFFFFB004FF400BFFFFF08FFF0D
:102EC000FFFFFF40044004FFFFFF8FFFFFFFFFFFF6
:102ED000400004FFFFFFFFFFFFFFFFFFFF1000EFB9
:102EE000FFFFFF8FFFFFFFFFFF400004FFFFFFF02A
:102EF0008FFFFFFFFF40044004FFFFFF008FFFFF35
:102F0000FFB004FF400BFFFFF0008FFFFFFF85FFC6
:102F1000FF58FFFFFF00008FFFFFFFFFFFFFFFFFD6
:102F2000FFF000008FFFFFFFFFFFFFFFFFFB000030
:102F3000006EFFFFFFFFFFFFFFFC200000288888D6
:102F4000887300002EFFFFFFFFF6001DFFFFFFFF4D
:102F5000FFE01DF60E50D608FF1DFF60E50D608FE7
:102F6000FCFFF60E50D608FFFFFF60E50D608FFFF7
:102F7000FFFFFFFFFFFFFFFFFFFFFFFFFFFFFFFF61
:102F8000FFFFFFFFFFFFFFFFFFFFFFFFFFFFFFFF51
:102F9000FFFFFFFFFFFFFFFFFFFFFFFFFFFFFFFF41
:102FA000FFFFFFFFFFFFFFFFFFFFFFFFFFFFFFFF31
:102FB000FFFFFFFFFFFFFFFFFFFFFFFFFFFFFFFF21
:102FC000FFFFFFFFFFFFFFFFFFE9FFFFFFFFFFFF27
:102FD000F807ABBBBBBBBBA60000000000000000B5
:102FE0000000070000000000000000000AF10000DF
:102FF0000100000000000AFF10000AF300000000BA
:1030000000FFF1000BFF50000000000FFF100CFF4D
:10301000F50000000000FFF11DFFFFCBBBBBBBBBF9
:10302000BFFF1CFFFFFFFFFFFFFFFFFFF19FFFFF41
:10303000FFFFFFFFFFFFFF009FFFF9666666666602
:103040006640008FFF5000000000000000007FF588
:103050000000000000000000005C10000000000004
:1030600000000000000000000000000000006005FB
:103070000000000000006005030E01001500D007ED
:10308000060601082700100E0E0E00008900700CC5
:103090000C1400FD0101E010110E00007801C00DBC
:1030A0000E0F00FFE101300402060108E701C0062F
:1030B000061301FC2002C006051300FC50020008A4
:1030C000080800077002A00B0A0A0103A20290047C
:1030D000040600FDAE02B00706020105B40290042A
:1030E00004030000BA0210070914FFFE1403500D78
:1030F0000D0E00006F036007060E00009903800BA1
:103100000B0E0000E603700B0B0E00003304600D85
:103110000E0E00009504800B0B0E0000E204500C14
:103120000C0E00003605F00B0C0E00008A05E00CBA
:103130000C0E0000DE05500C0C0E00003206900450
:10314000040B000048069004040E00FD6406A00B6A
:103150000A0A01029606A00B0A070104B906A00B91
:103160000A0A0102EB06700B0B0E00003807B014C0
:10317000141200FCEC07A00E100EFF005C08200FDC
:103180000D0E0200B708700E0E0E00001909801017
:103190000E0E02007B09600D0B0E0200C809B00C78
:1031A0000A0E02000E0A700F0E0E0000700A401088
:1031B0000D0E0200CB0A3006030E0200E00A400AA0
:1031C0000A0EFF00260B600E0D0E0200810BE00BB5
:1031D0000A0E0200C70B20130F0E0200300C401025
:1031E0000D0E02008B0CD010100E0000FB0C700EA8
:1031F0000C0E02004F0DD010111100FDE00D900ECD
:103200000C0E0200340E700C0C0E0000880EC00B69
:103210000C0E0000DC0ED00F0D0E0100370F400E1B
:10322000100EFF00A70F8016160E00004110700D43
:103230000E0E0000A310F00C0F0EFF000C11200D5D
:103240000D0E00006711B006051302FC9711100760
:103250000914FFFEF111B006051300FC2112B00B9A
:103260000A0901034E12000A0A0300FE5D12000C57
:103270000603020C6612F00B0A0B01009D12A00D52
:103280000C0F0100F712700B0B0B00003413A00D94
:103290000C0F00008E13400C0C0B0000D013100715
:1032A000080F00000C14D00D0C0F00FC6614A00DCC
:1032B0000B0F0100B9149005040F0100D714B005DD
:1032C0000713FEFC1A15500C0C0F01007415900525
:1032D000030F01008B152015130B0100F415A00D31
:1032E0000B0B01003116B00C0C0B00007316A00D77
:1032F0000C0F01FCCD16A00D0C0F00FC2717300899
:10330000070B01004E17000A0A0B00008517400842
:10331000080E0000BD17900D0B0B0100FA17300BC3
:103320000D0BFF0042180012120B0000A518100B25
:103330000B0B0000E218300B0D0FFFFC4419700A54
:103340000A0B00007B190007061301FCB4190006E4
:10335000021302FCC7190007061300FC001AA00B99
:103360000A040105141A600808080007341A400608
:10337000040401043C1A0014141500FD0E1B001473
:10338000140F0000A41B0014141300FE621C001490
:10339000140F0000F81CC00D0E0F0000611D00147A
:1033A000141500FD331E0014141500FD051F8016B2
:1033B000171300FEE01F0014141500FDB220801644
:1033C000170F00005F210014141500FD3122000AC0
:1033D0000A1000008122000F0F1000FFF922801652
:1033E000171300FED4230014140F00006A24C00D2C
:1033F0000E1500FDFD2480110D1302FE79258011AC
:10340000121500FD36268011121300FEE1268011F0
:10341000121300FE8C2780110D1302FE0828801164
:103420001313FFFEBD28800C0B1301FE2629800C10
:103430000B1301FE8F298011121300FE3A2A80110E
:1034400012050005672A8016170F0000142B0019BB
:103450001A15FFFD252C80161815FFFD212D0014CF
:10346000141300FEDF2D8011120B0002422E80117A
:10347000120B0002A52E00191A1000FF752F001460
:10348000140F00000B300014141500FDDD30001483
:103490001515FFFDBA318011121300FE653280113F
:1034A000121500FD22338011121300FECD3380115E
:1034B000121100FF66340014140F0000FC34800C5D
:1034C0000E15FFFD8F358011121500FD4C36801151
:1034D000121500FD09378016170F0000B6370014CB
:1034E0001615FFFD9D38000F0F1500FD3B39001923
:1034F000191300FE293A0019190D0001CC3A0019E0
:10350000190D00016F3B0019190D0001123C001943
:10351000190D0001B53C0019190D0001583D0019A5
:103520001A1100FF353E8011101501FDDD3E80119E
:10353000121500FD9A3F00141515FFFD7740001984
:10354000190F00003341000F0F1500FDD141201469
:10355000150D00010000721F51EF58EF5BEF5CEF9B
:103560005DEF61EF63EF65EF69EF6CEF71EF76EFA1
:1035700077EF78EF8EEF93EF98EF9BEF9CEF9DEF57
:10358000A1EFA2EFA3EFA4EFB7EFB8EFBEEFC0EF4C
:10359000C1EFC4EFC7EFC8EFC9EFCBEFE3EFE5EF43
:1035A00014F015F017F019F030F037F03AF043F05E
:1035B0006CF074F0ABF03BF190F191F192F193F17A
:1035C00094F1D7F1E3F13DF254F2AAF412F7F2F7D5
:1035D000200000005F00010000000000000000006B
:1035E00000000200B0000000F3F76000543504084A
:1035F000000000003E00030000000102000304057B
:1036000002060708090A090A0B0C000D0E0F10111B
:1036100012130C14140000001516171819161A1B93
:103620001C1D1D1E1F201D1D1621222303241E25C7
:1036300025262728292A2B002C002D2E2F30313229
:10364000332D343435302D2D2E2E36373839333A4C
:103650003A3B3A3C290000093D0900000000000007
:10366000000000000000000000000000000000005A
:10367000000000000000000000000000000000004A
:10368000000000000000000000000000000000003A
:103690000000000000000000010200030405020613
:1036A0000708090A090A0B0C0D0E0F10110C121352
:1036B00014151500000016171819171919191719DC
:1036C000191A1919191917191719031B1C1D1D1E71
:1036D0001F20212223002400252627272700272614
:1036E000282926262A2A272A272A2B2C2D2E2E2F38
:1036F0002E30000023093109000000000000000006
:1037000000000000000000000000000000000000B9
:1037100000000000000000000000000000000000A9
:103720000000000000000000000000000000000099
:103730000000000000010000000000000001000087
:103740000300000000020000000000000000000074
:103750000000000000000100000000000000000068
:103760000000000000010E0009F900000000EEED6D
:10377000020F0705F30210010D030A00000000000C
:103780000000000000001303FE0000000000000025
:1037900000000000000600F60000000000FA050628
:1037A0000000FD00FE0300FD00FDFEFA0000000029
:1037B000FD0000FCFB0000FD00FA0000000000001E
:1037C000000000FDFD00FB00F700D90000FA000634
:1037D0000A0000FA03030B06FB060000EE000000DF
:1037E0000000000000000000F400000000000000E5
:1037F00000000000000000F7FCF000F3FE000000F5
:1038000000010C00F6FDFF0100FB0000FEE80000D7
:10381000000000000000000000E6FD0C00000000B9
:103820000000000000000000F300000000000000A5
:103830000000000B00030000FA0000000000000080
:10384000000000000000000000000C030100000068
:103850000000000000000000000000000000000068
:103860000000000000000000000000000000000058
:1038700000000000F4000000000000000000000054
:1038800000000000000000000000000206030AFD26
:10389000000006FDF5D402090601FC000C000A0038
:1038A0000A00E200FC0A000BFD0603000001FD0017
:1038B00000FB1A001A000A000D04050A000000F4BB
:1038C0000000000001FE0002FAFCFA0200FD000008
:1038D00000F30000000000000000000000EB00000A
:1038E0000000000000000000000000000001EE00E9
:1038F000EC00000000FE0020FCFC0303FD00FC03C4
:103900000000EF0000000000000000000000E100E7
:1039100003000000000000000000000000EC0013A5
:103920000000F4000B00EAE1EAFA0A0000EB0004F0
:10393000F900FB000000000000000000000000088B
:103940000AD90000000000000000000000000F0085
:103950000200000000000202FCFA00FFFFFD000070
:10396000FE000000FA00FD00F9FA00F8F5F5FA0093
:10397000FA00FA00000000FD0000030002FD000153
:1039800000000003FE000000FE0303FF000000FA39
:1039900000FF0000000000010004FE00FC00FB002E
:1039A00000FE000A0000FD0000000000FF01FEFE16
:1039B0000000FD00FD000000000000000000FEFE11
:1039C00000FDFC0000000000010000FE00FDFDFD08
:1039D000000000000000000000FE00000000FEFCEF
:1039E00000FB00F6FEF6060000FA03060900F8FFE9
:1039F000FC00FFF103FE02EF03000001EF00EFFD0A
:103A0000E4FE00F00006090004000000000100FAD6
:103A1000FC00F6000000FD000000FD0000000000BA
:103A2000FEFE00FEFC00000000000000FDFD00FEA8
:103A3000FCFD0000FD000000000000000000000090
:103A4000FDFD00FC00FE00FA030000FC0203030081
:103A50000000000000FE0000000000020000FD0069
:103A6000FDFEFC000000000000000300FD0000005F
:103A700000FCFB00FA000AFE01F6000009F0EFF37B
:103A8000FA0300FDEBFA00FA00FA05FAEC00F70081
:103A90000002FF03FE000300F6F400F0F8F9F8F668
:103AA000FCF7FFFAF702000100FD0000000200032E
:103AB0000000000000000000000000FD00FE00FF0C
:103AC000FD00FBF9F9FF00F6000000000000FD001A
:103AD00000000001FE0000000300000000000000E4
:103AE000000F00000000000002000000FD000000C8
:103AF0000000000000000000FA00030000000000C9
:103B00000000000000000000FE000000FA000000BD
:103B100000F0F6000000FBF00000FD0300F70000DD
:103B20000000000000000000FB0000FA00000000A0
:103B300000000000000000000300FA000000000484
:103B40000002FAFA00FDFDFC000000000000F60093
:103B5000FD00FBFD00F9F8F6FD00FA00F60000009C
:103B6000001A0000020000FC000300F20000000048
:103B700000E2FA0B0AFDF30003FB00F0FEFC03EA8F
:103B8000FD040005F5FBF4F5F30000ED0012000064
:103B9000FE000000FEFEFDF7F5FFE2000000000061
:103BA0000000000001000000000000000000000014
:103BB0000000000000FD00FEFDFB0000FA00FD001B
:103BC0000000000000000000000000000000FF00F6
:103BD000FA000006FF0400F903FEFFF8FD00FCFDFB
:103BE000FE00FBFB0000FDFFFEFBFC0000FD0003F0
:103BF000FE00F9000000FA00FB00FBFB03000000E0
:103C00000000000000FA0300FC00FEFCF6FEFEFED1
:103C1000FFFEFCFF0000000000FDFDFD00000000B5
:103C200004FE00FE000000FEFCFEFDFCFD00030D96
:103C3000FF00F700FE0600FDF3FC050000F1FB03AA
:103C4000FB0200FEFDF600FB020000FB000000038B
:103C500003FAFA00FBFDFBFDFD00FB02FAFB0A0084
:103C60000000000000000000030000000000000051
:103C70000000000000000000000000000000000044
:103C8000FB00000000000000000000000000000039
:103C90000000000000000000000000000000000024
:103CA000000000000000000000000000FE00000016
:103CB0000000000000000000000000000000000004
:103CC00000000000000000000000FDFD00000000FA
:103CD0000000000000000000FB0000FC0000FDFDF3
:103CE00000000000FD00000000FE0000000000FEDB
:103CF00000000000FB00FA000000F50002F90601D8
:103D0000FEF10000F9FD00F3F8F70000F2FDF3F416
:103D1000F100F8000315FC00F9FDFFFDFBF7FAF4D4
:103D2000F3F9FD0000FE00010000EAFD0A07F9F4C6
:103D30000001F600F0FEFD06E3FC010000EBFCEFE5
:103D4000FDE90000EA00130100FE00000000FEFE95
:103D5000F4FE00EB00000000F600FD00FFF7F100AC
:103D600000FEFBF6FD00FE00000000F2FDF5F6FD92
:103D7000FBF8FDFB00FAFDF5FB00FCFAFDFA000282
:103D800000FEF5000600FA00000000040002FA0D33
:103D900000FDFDFC000000000000F600FD00FBFD42
:103DA00000F9F8F6FD00FA030D000000001A00000B
:103DB000020000FC00030000000000000000FF0003
:103DC00000000000FEFA0000000000FE000000FD00
:103DD000FD0000FAFD0000FA0005FE0000000000F2
:103DE000000200000000050603FD00F6FB000AF5D6
:103DF000F6FAFA0D0603E4FE06FD00FD04FDF500EB
:103E0000FD03FCFDF6FD00000A0600F700EEFC09CC
:103E1000FCF401FCF5F5FD0D0300FB00F700030BBE
:103E2000F9F4F3F80A0001E9FD03FBFEF900F9F4E7
:103E3000FBFBFD0000F9F9FD000A07FDEE00EEFCBA
:103E400000F5EDFFF6FBF5F7090000FC00FAFD00B8
:103E5000FDFA0005F5030000EF00FDF9FBFEF6F8A2
:103E6000F5F900F6FDF9FAF6FD0000010FFB00F68A
:103E7000FD00FDFAF9F7F7F4FCFA0600FB00F0FC90
:103E80000206F6F4FAF50BFD02E2FA06F9FBF4007D
:103E9000F6F3FCFDFDFDF9F6FF00000A09FEEB005C
:103EA000EDF908F4EAFAF5F3F0F50600000000FC7D
:103EB000000003FC0602FA060000F6FF00FF000106
:103EC00001FD000000000000FD00000000030A01E9
:103ED00000FC00000000FEFEFC00000001030000EA
:103EE00000000300FD000C00060101FC00060000BC
:103EF000000300000000000000000000000A0009AC
:103F00000000000000000000000000000000ED00C4
:103F1000FD05000A00002004FAFA0303FE01F00088
:103F2000000FED0000000000000000000000EA0C9F
:103F30002D000000000000000000000000ED000067
:103F40000000000000000000000000000000000071
:103F50000000000000000000FB0000FAFD0000006F
:103F60000000000000000000000000000000000051
:103F7000FE00F700000100000329FAFD0A09F7031B
:103F800000000303FC00000000000000000000002F
:103F9000D609000000000000000000000000000042
:103FA000000000F7000000F700000000F9FE00002C
:103FB00000F900FC00F1000000000000000000001B
:103FC00000EB0000000001000000000000FD000008
:103FD000FA00FB00F7000000FB03FC0000F7FDF90E
:103FE0000000F700FD00F100FC0000E6FAF3FCF42D
:103FF0000000EB00F7FE0000000000000000FBFAEC
:10400000FDFB00000000F900F904FC0600FEF9FECB
:10401000FBFA00FCFEFE02F7FF000000E4FDFC00DE
:10402000F900FEF1FD0000FEFD000000000200FEB0
:10403000FBFE050000000000000000000000000082
:104040000000000000000000000000000000000070
:10405000000000000000000000000000000004005C
:104060000000000000F900FE000000FA030000005C
:10407000F7FDFA0000F700FD00F100000000E1008C
:10408000FAF4F00000EB00FEFB000000000000006E
:1040900000FDFBFEFB01000005FC000A10FDFDF623
:1040A00004100507F7040D040907090000000000CB
:1040B000000000000000140FFAFD00FD1A0E1A00A7
:1040C00000000300000C0000FB00000000000000E6
:1040D0000000FE00000000000000000400000000DE
:1040E000E5FCFDF3F00000EB000000000000000024
:1040F000000000000000000000FB000000000000C5
:10410000000000FE000000000000000004000000AD
:1041100000E5FCFDF3F00000F300000000000000EB
:10412000000000000000000000000000FD00000092
:10413000F90300FD030603F600FFFD030003000082
:104140000000F800FDFEFA00FDF30014FD00F9FE8A
:1041500000FEFB00FDF7FAFC000000FB0000000081
:104160000000000000FE000000000000000004004D
:10417000000000E5FCFDF3F00000EB000000000093
:10418000001000000000000000000000FB00F6FC32
:10419000FD0AFDFDF301FE01FEF701070103010326
:1041A000F8F3FC00F4FAF7F3F400FBFAFCFCFDFE74
:1041B000FCFE00FEFF050005FE000A0000000000F6
:1041C00000000000000000FEFDFD0000F700FE0002
:1041D000FB0000000000000000000000ED000000F7
:1041E0000000000000000000FDFD00FC00000000D9
:1041F000FD0000FBFD0300FBFAFE00F7FEF9FEFCEC
:1042000000FB0000000000000000000000EB000ABE
:104210000000FA00000000FC00FD0000FE0000FEAF
:1042200000F900000DFCF5F6020404FFF702050298
:104230000A020BFEF70000F30000F6F70000FA0098
:10424000FCFB00FB00FB00FE0500FDF6FD0C000082
:10425000FD00FA000004F90003FD030000F500FE74
:10426000FF00FD04FD000000F3FCF900F60000F182
:10427000000CFD00FA000200FD00FDF600FD030049
:10428000000000FE000003FC010000FCFE00FC003A
:10429000000000000000000000000000000000001E
:1042A000EC00070000FD000000000100FDFD000023
:1042B000000600070000000000ECEE010E0A05F306
:1042C000020D000C000600000000000000000000CD
:1042D00000110000000000000000000000000000CD
:1042E0000000000034370408F83504089636040846
:1042F0003D31000008EE030864300408D03504089E
:10430000E4420408100002287002012445FA010862
:104310004DF901081600040000FF0100F4420408F2
:104320000000000000000000007DFE800000000092
:10433000DF30000AFD9CFC00000009F900004FB0CE
:10434000008F7000004FD00000BF30000FD0000081
:10435000DF300000EF00000CF10009F9000000FE62
:1043600000000AF1004FD0000000EF00000CF10047
:10437000EF30000000BF30000FD009F8000000004F
:104380004FB0008F704FD0000000000AFD9CFC0071
:10439000EF3005885000007DFE8009F801CFFFFC5A
:1043A00010000000004FD00BF9118FB0000000008A
:1043B000EF302FC0000CF300000009F8006F600020
:1043C00006F70000004FD0008F400004F800000105
:1043D000EF30007F500005F800000AF800004F8021
:1043E0000008F500004FD000000EE1001EE00001C3
:1043F000EF30000004FE87EF40000AF800000000E4
:104400003BFFB30000000044100000000000FF501C
:104410000000000000FF500000000000FF500000FE
:10442000000000FF500000033333FF7333312FFFD0
:10443000FFFFFFFFF62FFFFFFFFFFFF6000000FF6B
:10444000500000000000FF500000000000FF50007E
:1044500000000000FF500000000000FF5000002599
:1044600055555506FFFFFFF26FFFFFFF201AC409E5
:10447000FFE0AFFF02DE60000000000586000000E4
:10448000000EF8000000003FF3000000009FD00085
:10449000000000EF7000000004FF200000000AFC94
:1044A000000000000FF7000000005FF100000000B6
:1044B000AFC000000000FF6000000006FF10000019
:1044C000000BFB000000001FF5000000006FF00073
:1044D000000000CFA000000002FF5000000007FE17
:1044E000000000000DF9000000002FF400000000A3
:1044F0008FE000000000DF9000000003FF300000AC
:104500000009FD000000000EF8000000004FF2005E
:104510000000009FD000000000000007CFFEB500A3
:104520000000004EFFFFFFFB1000004FFFD98AFF85
:10453000FD10001EFF700001BFFA0008FF800000A0
:1045400000DFF300EFE000000004FF903FF90000FF
:1045500000000EFE07FF5000000000BFF19FF300B7
:1045600000000008FF3AFF20000000007FF4AFF2D7
:104570000000000007FF49FF30000000008FF37FBC
:10458000F5000000000BFF13FF9000000000EFE0BB
:104590000EFE000000004FF9008FF80000000DFF34
:1045A0003001EFF700001BFFA00004FFFD98AFFFF4
:1045B000D1000004EFFFFFFFC1000000007CFFEB13
:1045C000500000CFFFFFF6CFFFFFF65777AFF600A2
:1045D000005FF600005FF600005FF600005FF60087
:1045E000005FF600005FF600005FF600005FF60077
:1045F000005FF600005FF600005FF600005FF60067
:10460000005FF600005FF600005FF600005FF60056
:10461000005FF600038CEFFC82000002BFFFFFFF8B
:10462000FF60002EFFFB98AEFFF5002DF910000093
:104630008FFE0001600000000CFF20000000000061
:1046400008FF40000000000009FF200000000000FB
:104650000EFE0000000000007FF9000000000004D2
:10466000FFE100000000003FFF400000000004FFE9
:10467000F400000000004FFF400000000004FFF4C1
:1046800000000000004FFF400000000005FFF300A5
:10469000000000005FFF300000000005FFFA7777A0
:1046A0007777700FFFFFFFFFFFFFF20FFFFFFFFFA6
:1046B000FFFFF20FFFFFFFFFFFFF00FFFFFFFFFF06
:1046C000FFF00677777777DFF700000000006FFADA
:1046D00000000000003FFD00000000001EFF200061
:1046E0000000000CFF400000000009FF7000000007
:1046F0000005FFF961000000007FFFFFF7000000E8
:104700000388ADFFF9000000000004FFF300000083
:10471000000006FF8000000000001FFB00000000FA
:104720000001FFA050000000006FF83FC40000002F
:104730005FFF2AFFFEA889DFFF7009FFFFFFFFFF71
:104740007000016ADFFEC720000000000004FFB017
:104750000000000000002EFE10000000000000CF4E
:10476000F300000000000009FF70000000000000DE
:104770005FFA00000000000002FFD000000000000F
:10478000000DFF30000000000000AFF60000000048
:10479000000007FFA0000AB70000003FFD00000F67
:1047A000FA000001EFF200000FFA00000BFF5000CA
:1047B000000FFA00008FFD6666666FFC6662EFFF11
:1047C000FFFFFFFFFFFFF6FFFFFFFFFFFFFFFFF60B
:1047D00000000000000FFA000000000000000FFAC7
:1047E000000000000000000FFA00000000000000C0
:1047F0000FFA000000000000000FFA0000001FFF89
:10480000FFFFFFFF00003FFFFFFFFFFF00004FF92A
:104810007777777700006FF30000000000008FF1DA
:104820000000000000009FF0000000000000BFE05A
:10483000000000000000CFD0000000000000EFFFEB
:10484000FFEC94000000FFFFFFFFFFC2000077773E
:10485000779CFFFE1000000000002CFF900000007D
:10486000000001FFE0000000000000CFF0000000A9
:10487000000000CFF0031000000001FFD00DE600A3
:1048800000002CFF705FFFFB989BFFFD0005DFFF22
:10489000FFFFFFB10000049CEFED94000000000258
:1048A0008CEFFDA4000001AFFFFFFFFF40001DFFE4
:1048B000FB8689ED0000CFFB200000020006FFB060
:1048C00000000000000DFF1000000000002FFA00A3
:1048D00000000000006FF60000000000008FF305EC
:1048E000AEFED82000AFF3BFFFFFFFF700AFFDFF24
:1048F0009546AFFF609FFFD1000004FFE07FFF30CF
:104900000000008FF54FFE000000004FF71FFE0073
:104910000000004FF60AFF300000008FF402FFD1C4
:10492000000004FFD0007FFF9545AFFF400006FF69
:10493000FFFFFFE400000017CEFEC710002FFFFFAF
:10494000FFFFFFFFFA2FFFFFFFFFFFFFF92FFB77AE
:10495000777777CFF52FF800000000FFE02FF80001
:10496000000006FF702FF80000000DFF100000008F
:1049700000004FF9000000000000CFF2000000002E
:104980000003FFB000000000000AFF40000000002C
:10499000001FFD0000000000008FF6000000000076
:1049A00000EFE0000000000006FF800000000000B3
:1049B0000DFF1000000000004FFA00000000000092
:1049C000BFF3000000000002FFC00000000000096B
:1049D000FF5000000000001FFE0000000000005A11
:1049E000DFFDA60000003DFFFFFFFFD30002EFFD4B
:1049F0007557DFFF200AFF80000008FFA00EFE00B1
:104A0000000000DFF00FFB00000000AFF00FFD0022
:104A1000000000CFF00AFF50000005FFA001EFFAF0
:104A20004225AFFE10002CFFFFFFFFC200008FFFEA
:104A3000FFFFFFF8000BFFC520026DFFB05FFB001A
:104A4000000000AFF5AFF2000000002FFABFF00049
:104A50000000000FFC9FF4000000004FFA4FFD2003
:104A6000000002DFF50AFFFA6456AFFFB0009FFFB7
:104A7000FFFFFFF90000027CEFFEC7200000005B93
:104A8000EFED930000002CFFFFFFFF900001DFFC23
:104A90006458DFFA0009FF8000000AFF600FFD0084
:104AA000000000EFE02FF8000000009FF52FF80055
:104AB0000000009FF90FFD00000000EFFC0AFF80DE
:104AC00000000AFFFD02FFFD7558DFEEFE003EFF0D
:104AD000FFFFFE3EFE00007CEFEB600FFD000000DC
:104AE0000000002FFA0000000000006FF700000037
:104AF000000000CFF1000000000007FFA00011003F
:104B000000008FFE10008FA867AEFFF30000FFFFCC
:104B1000FFFFFC20000039CFFFD94000000017BE86
:104B2000FFDA400008FFFFFFFFF9000DFEA656AFB9
:104B3000FF600370000002FFE000000000008FF241
:104B400000000000006FF40028CEEFFFFFF406FF26
:104B5000FFFFFFFFF52FFE5100006FF57FF400000F
:104B6000006FF59FF10000008FF57FF5000002FF58
:104B7000F52FFE50016EFFF505FFFFFFFF9FF500CB
:104B800029EFFD923FF5000018DFEB40001DFFFF0D
:104B9000F90009FFA4493000EFD00000000FF90030
:104BA000000001FF9000009FFFFFFFFE09FFFFFFD5
:104BB000FFE0234FFB33330001FFA00000001FFA8A
:104BC00000000001FFA00000001FFA00000001FF2C
:104BD000A00000001FFA00000001FFA00000001F5D
:104BE000FA00000001FFA00000001FFA0000000111
:104BF000FFA00000001FFA0000005ED3DFFABFF73D
:104C00000650000000007FF37FF37FF37FF37FF314
:104C10007FF37FF37FF37FF37FF37FF37FF37FF304
:104C20007FF37FF37FF218CEFD9300028DFFD92032
:104C3000007FF5EFFFFFFF707FFFFFFFF6007FFFB4
:104C4000FC645AFFFAFFC645AFFF307FFF800000CB
:104C50006FFFF8000007FFB07FFD0000000DFFC0F0
:104C6000000000DFF07FF700000009FF7000000087
:104C70009FF17FF400000007FF400000008FF27FEB
:104C8000F300000007FF300000008FF37FF3000007
:104C90000007FF300000008FF37FF300000007FFE4
:104CA000300000008FF37FF300000007FF300000AA
:104CB000008FF37FF300000007FF300000008FF348
:104CC0007FF300000007FF300000008FF37FF30048
:104CD000000007FF300000008FF37FF300000007A3
:104CE000FF300000008FF37FF207CEFEB50007FF14
:104CF0005EFFFFFFFB007FFFFD7558EFF907FFF92F
:104D0000000002EFF27FFD00000007FF67FF700068
:104D100000002FF87FF400000001FF97FF30000033
:104D2000001FFA7FF300000001FFA7FF3000000022
:104D30001FFA7FF300000001FFA7FF300000001FF3
:104D4000FA7FF300000001FFA7FF300000001FFA08
:104D50007FF300000001FFA000029DFFEC83000034
:104D60008FFFFFFFFF8005FFE86569EF200BFF2045
:104D7000000003000DFD00000000000BFF700000AC
:104D8000000003FFFEB8510000004DFFFFFFD500FB
:104D90000000369CFFFF700000000005EFF00000EF
:104DA0000000008FF20570000000BFF10EFFA75554
:104DB0007CFFB01CFFFFFFFFFC100038CEFFDA5075
:104DC000000000100000007EFFC4000AFA67DF50F8
:104DD0004F80000CF09F000004F5BD000002F69F1C
:104DE000100005F43FA0001EE008FD9AFF40005CA3
:104DF000FEA200000000000000000000000090077C
:104E0000000000000000A01716140100DC00501084
:104E10000E0D01043701C00A0903010745016006B0
:104E2000050401004F01E0090C1BFFFDF101B01268
:104E3000111401009B02600A08140000EB0210101C
:104E4000101400008B0300100F1400002104C01286
:104E500012140100D5041010101400007505401143
:104E6000101401001506C01010140000B506101231
:104E7000101401005507401110140000F507C01070
:104E80000E0F01005E08E0090B150000D208D007E4
:104E900004150200FC08A01D1A0F0200BF09101320
:104EA0000F0F0200300A000E0E0F0000990AC00B0F
:104EB0000A0A010B000005000B000D000E000F0098
:104EC0001000110012001300140015001600170046
:104ED000180019004100460049004D004E005300E3
:104EE000900000002000000091000100B44E040872
:104EF000000000001700030028430408F44D0408D4
:104F0000E44E0408000000000000010878020124BB
:104F100045FA01084DF901081E00050000FE0100D8
:104F2000F84E040800000000000000000D10D10D34
:104F300010D10D10D10D10D10D70008C00CC000CD3
:104F4000C00C93048C00D48094C00D0C0B1C00D0BA
:104F50008961C00D02E11C00D00301C003CDB30084
:104F6000E302400E3000005D92000006D600000211
:104F7000E028105D007CDB20000000000000000045
:104F8000000000020200000000000003030800000F
:104F90000C000009090800003000000707080000A5
:104FA000000029002D003300200000003400010023
:104FB000A04F040800000000040003002C4F040868
:104FC000784F0408A84F0408000000000000010802
:104FD0008002012445FA01084DF901080F00040080
:104FE00000FE0100BC4F04080000000000000000AB
:104FF0000005000001B000001B0006CCECC2001B45
:10500000000001B000001700000000005CC70000B5
:10501000000000000720D40003400092000B0003B2
:10502000800083000B0002900074000B0001A000C0
:1050300065000A100002BD9000C40A702D003C04F7
:10504000A001E059000F04A001E02D003C00C50ABA
:105050006002BD900003AE100024E100000E1000BD
:1050600000E100000E100000E100000E100000E161
:10507000000DDFDB0007CD8003801C50000088009E
:105080000009600001D10000A700008A00008B0029
:10509000006FDDEE0007CD9001701B7000007800FE
:1050A000003C3000BE700000099000003E05600921
:1050B000A008CDA1000006F10001CD100086D100AE
:1050C0003C0E100B40E105A00E10ADDDED30000EE2
:1050D000100000E1000AEEE800B300000C10000030
:1050E000D9B8000511A9000004E000002D05600AF0
:1050F0008019CD9000008DC6008800401D0000037F
:10510000B5B9104E607B03B000E01D000E00A6058F
:10511000B000ADB2005EEEEE000007800001C000FE
:10512000008700000D100002D000005A0000079018
:10513000000088000003CDA100C408900D003A00D3
:105140007A185003CDC001C0099058000E03C10564
:10515000D006CCB20005CC7002D10B506A004B06D1
:10516000A001D02E21AE005BA4C000005A00401C5C
:105170003009DC50000D4CD53CD500DA15E916D0CD
:105180000D300E200F00D300E200F10D300E200F85
:1051900010D300E200F10D300E200F1007DC702D4F
:1051A00000301E500003BC400004E03301E12ACD72
:1051B000501995640A1995000000000000000000D5
:1051C00000000000000A00000000000D00000000C8
:1051D000000D00000000000D00000000000DDDDDEE
:1051E0007000000D00000000000D00000000000D28
:1051F00000000000000D00000000000D0000005D38
:10520000DDDEDDDDD54DDDDEDDDDD400000A300084
:105210000000000A30000000000AC4000000000A7C
:105220006CA10000000A307E4000000A300420001B
:10523000000A30000000000A30000000000A3000C0
:105240000000000A3000000000000000000000071D
:105250006000000000076000000BDDDEDDDDA00C5B
:1052600000076001C00C00076001C00C000760016E
:10527000C00C00076001C00CDDDEEDDDC0080007DA
:10528000600170000007600000000007600000007F
:105290000007600000000A20000000003B8CCCCC1E
:1052A000A000B41B00039006F10B0007503ED1088C
:1052B000400C1075B103A02B0000B100B2A4000097
:1052C000B1004CB00000B1001E700000B102D7D494
:1052D0000000B16D502D8100B4A2000084000800D0
:1052E000000000004B6DCCCCB000B4660001B005EE
:1052F000E0660001B03DD05CCECC9073D0000C00D5
:105300000000D4CCCECCC500D000AEC00000D0068A
:105310008C690000D06C0C0A7000D6C10C00B7007C
:10532000C1000B00010000000000000056007500E5
:105330000000B201EBBBA002B00BC107800AA2883B
:105340002B6B004DA5602BE71095A5ABA326C502DE
:10535000A57108700002A563A4290002A56028A118
:105360003102A4529307B002A00048C70002900A7D
:10537000840000000000000000001A000D00000082
:1053800077BBBEBBB100D00039000007B04ACCAA41
:10539000402EB06500066066B06B999C6001B065F8
:1053A00000066001B06B999C6001B0650006600169
:1053B000B06CAAAC6001B06500066001B6BBBBBBB7
:1053C000B50010000000005EDCECCCCCC00930B2AF
:1053D0003800C009CBE20B01A00930B20C057009FE
:1053E00030B209394009CBE2048C000930B200E741
:1053F000000954CC20D6006DB8C3099D100000B23E
:105400007B06C10000A3A00064000064000000004F
:1054100000B30000003DDDEDDDDDD3000A500000EB
:1054200000004B0BCCCC4002D3000086003DD200E4
:1054300009600043B2CCCEDCC500B20009300000E8
:10544000B20009300000B20009300000B206CC10F2
:10545000000000000000000000930000000000C1F8
:105460000000002CCCECCCCCC1000590000000006A
:105470000950000000000D20000000003CCDDEDDE2
:10548000A000850049000001D0004900000A50003A
:105490004900006A0000490000202DDDDDDDD50057
:1054A00000000B00001DDDE22B00000000A26800E0
:1054B000000000A2ADCDE50000A3E506700EDDDB27
:1054C000AA0A300D00040C1D000D000007A8000DF5
:1054D000001002F2000D5AC20AD8002EA302B90B26
:1054E0009002000B60009400000000000000000526
:1054F000800000007605ECCC1000760580000000EE
:1055000076058000003DDDDDEDDDD300051670037E
:1055100000003C06702D0003D20670C4000930065E
:105520009C7000000018D50000036AD81000002C01
:105530008400000000000000000000001C000000CB
:1055400000009ECCCCCCC104B0000000003D6BBB81
:10555000BBBA0013761A200C00008402C20C005C57
:10556000ECBBCBBEC600C059002A0000D005B03A43
:105570000002EBBBDBCDB0000000007600000000B5
:105580003AC2000000000000000720300A2040045A
:10559000D4770B21C000220D0B29500000030B23F0
:1055A000004B307DCCCDA00290760002A000007DA3
:1055B000BBBCA00065760002A000C17DBBBCA004FE
:1055C000A0760002A00C30760002A0070065009CC7
:1055D00060000000000000025A300B200029C45B6C
:1055E000BDDBB500A20000000000A208BAAB705CF1
:1055F000ED9830057001E605AAAA4006EC6BBBBB2E
:10560000B20BA47700008377A247A9A98340A247E1
:10561000A0198300A24769968300A2470005C20033
:1056200000000000000007500560003CCDDCCDDC30
:10563000C300075006700000AAAAAAAA0000C00072
:10564000000D0000DAAAAAAE0000C000000D0000A4
:10565000ABBDCBBA000000075000004CCCCDDCCC79
:10566000C4000007500000000007500000010000C7
:1056700000000006A06DCCCCE10066650720B100FB
:1056800000659DB5B10000650820B16DE167AAA86D
:10569000B100B1650000B100B174CAB5B100B193F9
:1056A000A055B100CAC0CAB5B102E8A05000B1010E
:1056B0002530002C900000000000000000000000D9
:1056C00000000003030000000000000707080000BE
:1056D0001C00000404040000240000030302000076
:1056E00027000005050C00FE450000070709000023
:1056F0006500000707090000850000070709000092
:10570000A500000707090000C50000070709000001
:10571000E500000707090000050100070709000070
:1057200025010007070900004501000707090000DF
:1057300065010007070900008501000B0B07000049
:10574000AC01000606070000C101000404090000C6
:10575000D301000C0C0B00001502000C0C0B00FF19
:105760005702000C0C0D00FFA502000C0C0C00FFF2
:10577000ED02000C0C0C00FF3503000C0C0D00FFBB
:105780008303000C0C0E00FED703000C0C0B00FF73
:105790001904000C0C0C00FF6104000C0C0D00FF40
:1057A000AF04000C0C0D00FEFD04000C0C0C00FFFF
:1057B0004505000C0C0E00FE9905000C0C0C00FFBA
:1057C000E105000C0C0E00FE3506000C0C0C00FF71
:1057D0007D06000C0C0C00FF00000B000D000E00FD
:1057E0000F00100011001200130014001500160025
:1057F0001700180019004D0053009000EA4DEB4DC2
:105800000D4EA54EBD4FCE4F1C50B653385BC65DF6
:105810001965456BAF6B686D1F7A2983E38B0000B8
:1058200020000000E48B0100D857040800000000AD
:1058300023000300F04F0408B85604082058040859
:1058400000000000000001088802012445FA010858
:105850004DF901081000040000FE0100345804084E
:1058600000000000000000000000000000095000DF
:1058700000095000000950006EEEEEE300095000F0
:105880000009500000095000000000000000000066
:105890005EEE30000000000000000A800B90000067
:1058A000C10001C0000670000B20000C0000580071
:1058B00000940000D0000490000850000D00003B50
:1058C0000000760000710000007DC50007C23E3078
:1058D0000D5008901F1004D03E0003E04E0002F06F
:1058E0003E0003E01F1004D00D50089006C24E3059
:1058F000007DC500017CB000028BB0000007B00045
:105900000007B0000007B0000007B0000007B000BB
:105910000007B0000007B0000007C0000BFFFFC089
:1059200004BEC4002D516E2001000D7000000B70EC
:1059300000000E5000006D000001D600000BA0001A
:10594000009C100009D211105FFFFFF003BED600CB
:105950000C516F4000000C8000000C6000018C10A6
:10596000007FE20000015D50000006D0000006D07C
:105970005C414D8006BED7000000BE000005DE0081
:10598000000D6E00008A3E0002E13E000B703E00FA
:105990005D003E00AFFFFFF400003E0000003E004F
:1059A00000003E0007FFFF70089111000980000011
:1059B0000A6000000BCDD80004403D80000006D0F6
:1059C000000004E0000007C05C415E5006BEC50058
:1059D000003BEC4002E614700A8000000E3000002C
:1059E0001F3AD9102FB21AA01F1002F00E2001F199
:1059F0000B6003E004D31B90005CD9004FFFFFF164
:105A00000111199000002D100000A7000001E20014
:105A10000006B00000098000000D5000000F3000AB
:105A2000001F2000002F1000009DD80008B11C604E
:105A30000C5006A00980078002D82C2000BCF90079
:105A40000B504D703D0004E04C0002F00D7009B0A9
:105A500002ADD91001AEB3000C815E103E0009808A
:105A60005C0005C03E0005E00D704DE003BD95C033
:105A7000000006B000000C6008328D0006CEA100C8
:105A8000100000006D710000028DA40000004AD2D9
:105A900000038D9116CC6100693000000000000009
:105AA00000000000029DD90007623D60000009A0CF
:105AB0000038BDB008C407B01E2007B01E615DB03D
:105AC00006DD86B0009EB04E3107C0007B007EFF31
:105AD000508B0007B0007B0007B0007B0007B000D0
:105AE0007B000A80065000000A800A800A800A8033
:105AF0000A800A800A800A800A57DC41AEA100AD04
:105B0000829DC43D700A9002F3008A00A8001F2005
:105B100007B00A8001F2007B00A8001F2007B00A2E
:105B20008001F2007B00A8001F2007B00A57CD605B
:105B300000AD827E100A9000E400A8000D500A809B
:105B400000D500A8000D500A8000D500A8000D5017
:105B500004CEB400E704400E4000007E920000181E
:105B6000E7000004E039218C018CEB20049602A1AF
:105B7000854805709BA100000000000000000000A7
:105B80000000000000000000000000000000000015
:105B9000000000030300000000000008080A0000E5
:105BA0002800000505040000320000040402000083
:105BB00036000005060E00FD60000008080B00001E
:105BC0008C000008080B0000B8000008080B00005B
:105BD000E4000008080B000010010008080B00009A
:105BE0003C010008080B000068010008080B0000D9
:105BF00094010008080B0000C0010008080B000019
:105C0000EC010008080B0000180200080809000059
:105C10003C020008080800005C020005050C0000BA
:105C20007A020004040B00009002000D0D08000031
:105C3000C402000909080000E80200070708000084
:105C400004030005050B000000000B000D000E0012
:105C50000F001000110012001300140015001600B0
:105C60001700180019001E004100460049004D00B1
:105C70004E00530090000000200000009100010041
:105C8000485C04080000000017000300685804087E
:105C9000885B0408785C040800000000000001082C
:105CA0009002012445FA01084DF901081200040090
:105CB00000FE01008C5C04080000000000000000F1
:105CC000000006200000E100005B000009700000F9
:105CD000E200004C000008800000D300003D0000FE
:105CE00007900000C400001E000006A00000B500E0
:105CF000001E100005B00000A6000000001ADC50D5
:105D0000001DB47E5006E1009D00CA0003F30E7032
:105D1000000F60F60000E72F50000D80F60000E74E
:105D20000E70000F50CA0004F306E1009D001DC56F
:105D30008E50001ADC50000037DC00000CDEC00082
:105D40000000AC0000000AC0000000AC0000000A27
:105D5000C0000000AC0000000AC0000000AC000061
:105D6000000AC0000000AC0000244CD44107FFFF33
:105D7000FF40007BEB4001CC75AF40071000CB002B
:105D8000000009E0000000AC0000000D90000006DB
:105D9000F3000001DA000000BD1000009E3000009A
:105DA0009E4000009F8444423FFFFFFF80007BEC49
:105DB0006000BD748F70031000BD00000008E0009B
:105DC0000000CB000035CC20000EFE500000026E1B
:105DD000900000005F30000002F60600006F33EB19
:105DE000747EB0019DEC700000000BF3000006EF24
:105DF000300001E8F30000AC3F30004E33F3000DFB
:105E0000803F3008D003F303E4003F309FFFFFFFE3
:105E1000D233336F63000003F30000003F30000013
:105E200003F30002FFFFFD003F64444004F1000063
:105E3000005F00000006E01000007ECFFB20038220
:105E400004DC00000005F40000001F70000002F5F3
:105E50000500008E23EB659F80029DEC500000053D
:105E6000BEB60007E857E302E60001008D0000001F
:105E70000C90000000E75CEB300FCA43BE10EA0054
:105E800001E70D80000C90AB0000C904E2002E5029
:105E90000BD54CC00008CD91002FFFFFFF9044446C
:105EA00048F4000000C90000006E1000000D8000E2
:105EB0000004F20000009C0000000D80000001F6CC
:105EC0000000004F30000006F20000007F100000CC
:105ED00009E00000003BED80002E935D9007D000AC
:105EE0004F007C0002F203F4006D0008E93D400021
:105EF0005DDFB0006D206EA00E60003F52F3000029
:105F0000D80E60000E708E624BD1005CED910000E7
:105F10005CEB30006E749E300E8000AB02F4000427
:105F2000F23F30001F40E70003F609E537CE700866
:105F3000DD92F60000003F30000007E0000001D9CC
:105F400000BB56CC1002ADD9100004F300000DA028
:105F500004F300000DA004F300000DA004F3000002
:105F60000DA004F300000DA004F755555EA004FF3A
:105F7000FFFFFFA004F300000DA004F300000DA03C
:105F800004F300000DA004F300000DA004F30000D2
:105F90000DA004F300000DA004F3004F3004F30043
:105FA0004F3004F3004F3004F3004F3004F3004F40
:105FB0003004F3004F3004F30004F30000CC004F32
:105FC0003000AE2004F3007F50004F304E800004BC
:105FD000F32EB000004F4CFA000004FCE9F400007E
:105FE0004FF50CC00004F8004F50004F3000BD00CA
:105FF00004F30003F7004F30000AE104F300002E21
:106000009004FB000000EF1004EE100004EF1004F9
:10601000EC600009BF1004E7B0000E7F1004F3E14C
:10602000004D4F1004F1C600985F1004F17B00E3AF
:106030005F1004F12E14D05F1004F10C59805F1032
:1060400004F107AD305F1004F102FD005F1004F1B0
:1060500000B8005F1004F10000005F1000019CEB2D
:1060600060000004ED86AEB00000DC10005E800031
:106070007F3000009E100BC0000004F500DA000025
:10608000001F700E90000000F800DA0000001F7082
:106090000AD0000004F4006F400000AE1000DC10D5
:1060A000005E700003DD86AEA00000019CEB600086
:1060B0000004FFFED930004F7446CE2004F30001E7
:1060C000D9004F30000AC004F30000BC004F30007C
:1060D0001E9004F6346DD1004FFFEC910004F300E4
:1060E0000000004F3000000004F3000000004F30BB
:1060F00000000004F3000000000019DEB60001DD1E
:10610000969EA006F300022008F000000005F900AA
:106110000000009FD710000004CFE600000003BF7E
:10612000A000000008F300000003F508500007F28B
:1061300009FB769E90005ADEB6007FFFFFFFF92430
:1061400044CD44430000AD00000000AD000000005D
:10615000AD00000000AD00000000AD00000000AD8B
:1061600000000000AD00000000AD00000000AD0028
:10617000000000AD00000000AD00000000000000C5
:10618000000000008E0000000008E0000000008E0B
:106190000000000008E000019DD88E0000DE75AE12
:1061A000E0008F3000AE000DB00008E000E8000015
:1061B0008E000F800008E000EA00008E000AE10077
:1061C0000BE0002ED66CDE00003BEC65E00006D153
:1061D0008DD800006ED958EB0006F50007F3006F6C
:1061E00010002F6006F10000F8006F10000F70061D
:1061F000F10003F5006F2000AE1006FE75AF6000E1
:106200006F4BEC500006F1000000006F1000000022
:1062100006F1000000006F100000000000560000B2
:1062200000000000000D78FFFFFFFF400005E18A3D
:10623000222222F40000C908A000000F40004F30C5
:106240008A000000F4000DF208A222222F400AEF7B
:10625000208FFFFFFFF406E4F200000C6000001442
:106260000F200000C600000000F2CFFFFFFFFFF389
:10627000000F22223DFF82220000F20009CDAE2055
:1062800000000F2005E2C67C000000F205E50C606E
:10629000CB00000F39E600C601CC3000F2A4000CA0
:1062A0006001B3000A100000950000000000000229
:1062B000B1000000000010003F20001100006D0040
:1062C00003F2000C700006D0003F2000C700006DF4
:1062D0000003F2000C700006D0003F2000C7000051
:1062E0006D3336F5333D700006FFFFFFFFFFF7000B
:1062F00000000003F2000000002B20003F20002BD4
:106300002003F20003F20002F3003F20003F2000D0
:106310002F3003F20003F20002F3003F20003F2081
:10632000002F3003F53336F53335F3003FFFFFFF21
:10633000FFFFFF3000000000000002D2000000005C
:106340000000052000000111111000D5000007FF1A
:10635000FFFF100D4000000000000000E4000000FE
:106360000000005FFFFFFF000000000134F636F080
:106370001FFFFFFF501F203E0022D8222103F00400
:10638000E0001E3020004E005D0005D00D4007B03B
:1063900005D00099008900A9006C000E3005E00DC1
:1063A0006007B006E8CEEE54E1008A00BEA6307663
:1063B000BA000A80010000006E3001E50000000014
:1063C0000E70BFFD0000000000300133000000002F
:1063D000000000000B2000000000000000F300029D
:1063E00033333100000F3000CFFFFFA00000F30077
:1063F000000000A823333F630000000C6CFFFFFF88
:10640000F4003000E300000F30003E604E0000005A
:10641000F300006E58B03C000F3000007EE600D65E
:1064200000F30000009F4006D00F3000000BFC007E
:106430000E40F3000004F5D900400F300000D905EC
:10644000F30000F30000AE100600000F3000AE3085
:1064500000000345F3000A300000006EEA0000006F
:10646000000000860000000000000007D0000000CF
:1064700000CFFFFFFFFFFFFF100C8335733338435E
:106480003000C6006B0001F200000C8FFFFFFFFF21
:10649000FFD000C6007B0002F300000D5006B000E4
:1064A0001F200000D5006FFFFFF200000E4000002B
:1064B0000000000000F3000000000000001F2EFF9D
:1064C000FFFFFFF70004E001D60000AB00006C0006
:1064D00003D913CB10000A900002DEFA000001E39A
:1064E000479CEB68DEA861190496400000369A00CC
:1064F000000A1000003700000001F1000005C00094
:1065000000001F1002226D22210023F320EFFFFF65
:10651000FF704FFFFD00005C00000001F10000056E
:10652000C00000001F10CFFFFFFFFF4001F102225B
:106530002224F320003FBC0000001F1004CFF72AE4
:10654000FFFFFFFFF3383F101232224F320001F1FC
:10655000002D1001F100001F1000B9001F100001F4
:10656000F10003E201F100001F10000A301F1000CB
:1065700024F100000135F1000BEA0000004EEA00B2
:106580000000000000000000000000000000000902
:106590002000122221000000F30009FFFFA00000EC
:1065A0000F300098007A133333F631098007A7FFC4
:1065B000FFFFFF5098007A000000F300099118A037
:1065C00011000F30009FFFFA0AA000F300098007B6
:1065D000A01E500F300098007A006D10F300098063
:1065E00007A000C80F300098007A000200F30009ED
:1065F000FFFFA000000F3000992221000000F300EF
:106600000650000000001F3000000000004EEED1D8
:10661000000000000000443000000005B000000051
:10662000000000005D000EFFFFFFB00005D000E697
:1066300033339B00005D000E300008B01FFFFFF4F5
:10664000E300008B0033AD331E522229B0000DD081
:1066500000EFFFFFFB0003FE300E300008B0008D9E
:10666000ED20E300008B000D7D7C0E300008B007AC
:10667000A5D0B2EFFFFFFB02E35D000E622229B05E
:106680004805D000E300008B00005D000E300008DC
:10669000B00005D000EFFFFFFB00005D000E62229E
:1066A00029B00003800071000034000000160000D3
:1066B0004800000047BED3002D6000000A9C9000F7
:1066C0003DFFFFE1000098006E8111B900000980D4
:1066D0004E67106E100022A92130BD6D20003FFFD3
:1066E000FF9003DA10000001EC129A82890000008A
:1066F0008DBC01008FFFFE101D989601AB2119A0E3
:1067000008898105DB1002E302E29801C63E40CB16
:106710000039098000006ECC10001098000003DDE5
:1067200010000009800029EA100000009806CFC47C
:10673000000000000760583000000000000008A0C2
:1067400000000000000002EFFFFFE300000000BABD
:1067500011118E100000007E20001E700000004EFF
:10676000A22228E22210005EFFFFFFFFFFFC0009CB
:106770008C7000B80006C00000B8111B81117C00AD
:10678000000BFFFFFFFFFFC00000C7000B80006C85
:1067900000000C6000B80006C00000E7111B91115A
:1067A0007C00001FFFFFFFFFFFC00005E0000B8023
:1067B000006C0000AA0000B80006C0005E30000BAC
:1067C00080339C0008800000000DED600000000098
:1067D000000000000000085000000950000000D533
:1067E000000000B700001FFFFFF1000B7000003732
:1067F000D3330000B7000000880002FFFFFFFB005A
:106800000C4A702F22B727B002E0A702F00B605BA2
:10681000008B2A822F00B605B00CFFFFF3F00B604F
:106820005B00100A702FFFFFFFB00000A702F22BE1
:10683000727B00000BBA4F00B605B01ADFFD93F073
:106840000B605B01B85B702F00B605B00000A702BB
:10685000F22B727B00000A702FFFFFFFB000008553
:1068600001D000004900003A0000002A00000005A5
:10687000B000001DE200003FFFFF302DD9E3000013
:106880002B62205ED109E60000D2008FD20008FC06
:10689000201E3A085DFFFFF78105A4C0000000003C
:1068A0001200A54C00EFFF7545A01EFFFF3E1087AC
:1068B000775A00426D20EEEE7775A00004C00E10EE
:1068C00087775A00007EB2E1087775A02CEEE60EBD
:1068D000EEE7775A00734C00E1087765A00004C02A
:1068E0000E1087005A00004C00E10970069000036A
:1068F000900E1AE42EE500000000000000000000E9
:1069000000000000C20000008A0000000F300000FC
:1069100002D909FFFFFFFFFF0003E611112F41110C
:10692000100007400000F300000000000DFFFFFF13
:10693000FF40044420D300F300E402DDE70D300FF4
:10694000300E40000A70DFFFFFFFF40000A70002D6
:10695000DFE40000000A7000C9F8E7000000A702A9
:10696000CA0F32D900000A76E900F301D70002DB32
:1069700045000F30010006E89D831031012311E529
:106980000039EFFFFFFFF1020000000122110000BB
:1069900000710000000000000009D10FFFFFFFFFA1
:1069A00070000B9033333333C70000110000000038
:1069B0000B7007C00000000000B7007C00AFFFFFB5
:1069C000A00B7007C00A71117A00B7007C00A60006
:1069D00007A00B7007C00A70007A00B7007C00AFF8
:1069E000FFFFA00B7007C00A60007A00B7007C00B0
:1069F000A60007A00B7007C00A60007A00B7007CF1
:106A000000AFFFFFA00B7007C00000000000B70040
:106A10007C00000000012D7007C0000000007ED344
:106A20000000000000000000000000000000000066
:106A30000000000000000004040000000000000747
:106A4000071100FD3C000009090D00007700000956
:106A5000090D0000B2000009090D0000ED00000959
:106A6000090D000028010009090D0000630100095B
:106A7000090D00009E010009090D0000D90100095F
:106A8000090D000014020009090D00004F02000961
:106A9000090D00008A02000C0C0D0000D802000550
:106AA000050D0000F902000B0B0D00004103000E64
:106AB0000E0D00009C03000D0D0D0000F103000BF6
:106AC0000B0D00003904000A0A0D00007A04000AC8
:106AD0000A0D0000BB04000B0B0F00000E05000B9D
:106AE0000B0E00FC5B050011111100FEEC050011FE
:106AF000111100FE7D060011111100FE0E0700119C
:106B0000111100FE9F070011111100FE3008001145
:106B1000111200FDC9080011111100FE5A090011DF
:106B2000111100FEEB090011111100FE7C0A001189
:106B3000111200FD150B0011111100FEA60B001122
:106B4000111200FD3F0C0011111100FED00C0011BC
:106B5000111200FD00000F001000110012001300C0
:106B6000140015001600170018001900280029004D
:106B70002B002D002F003000330034004400500063
:106B8000BD4FDA518852D95B865EE162D665D87610
:106B9000DB79B289548F738FFF8FD495200000006A
:106BA000D5950100546B0408000000002400030088
:106BB000C05C04082C6A04089C6B040800000000F8
:106BC000000001089802012445FA01084DF9010866
:106BD0001500040000FE0100B06B04080000000076
:106BE000000000000000000793000000000000000B
:106BF000BF600000000000000BF600000000000075
:106C000000BF600000000000000BF6000000000064
:106C10000000BF600000000000000BF60000000054
:106C2000DFFFFFFFFFFFFF700DFFFFFFFFFFFFF71D
:106C300000000000BF600000000000000BF6000034
:106C40000000000000BF600000000000000BF60024
:106C5000000000000000BF600000000000000BF614
:106C6000000000000000006830000000000000008C
:106C70000000000000000000000000000000000014
:106C8000000000000000001111111009FFFFFFF0CB
:106C900009FFFFFFF00000000000000000000000FE
:106CA00000000000000000000000000000000000E4
:106CB000000000000000000000001000004EF7007F
:106CC00000BFFE0000AFFE00002CD6000000000058
:106CD0000CF2000000002FC0000000006F700000E8
:106CE0000000BF3000000001ED0000000005F900C9
:106CF0000000000AF4000000000EE0000000004F59
:106D0000A0000000009F5000000000DE1000000006
:106D100003FB0000000007F6000000000CF200007A
:106D200000002FC0000000006F8000000000BF3096
:106D300000000001ED0000000005F9000000000A5D
:106D4000F4000000000EE0000000004FA000000072
:106D5000009F5000000000DE1000000003FB000058
:106D6000000008F6000000000CF2000000002FC038
:106D7000000000006F800000000013100000000001
:106D8000000004ADEC810000000008FFFFFFE400FC
:106D9000000007FFB436DFE2000001EFB00002EFB1
:106DA000A000007FF2000008FF20000CFC000000A3
:106DB0002FF70001FF80000000DFB0003FF500006A
:106DC000000AFD0005FF300000008FF0006FF200A8
:106DD000000007FF1007FF200000007FF2007FF295
:106DE00000000007FF2006FF200000007FF1005F89
:106DF000F300000009FF0003FF50000000AFD000C7
:106E00001FF80000000DFA0000CFC0000002FF6074
:106E10000007FF3000008FE200001EFC00003EFA79
:106E20000000006FFC537EFE200000008FFFFFFE7D
:106E300030000000004ADEC81000000000003AEFF9
:106E4000400000000029DFFFF40000000005FFFF04
:106E5000FF400000000014449FF400000000000008
:106E600006FF400000000000006FF400000000007A
:106E70000006FF400000000000006FF4000000006A
:106E8000000006FF400000000000006FF40000005A
:106E900000000006FF400000000000006FF400004A
:106EA0000000000006FF400000000000006FF4003A
:106EB000000000000006FF400000000000006FF42A
:106EC00000000000000006FF400000000000006F0E
:106ED000F400000000000006FF4000000001333312
:106EE0009FF7333200005FFFFFFFFFFFA00005FFA9
:106EF000FFFFFFFFFA0000004ACECA600000000159
:106F0000BFFFFFFFB2000002DFE9546CFFC00000CA
:106F10006FE3000009FF600000620000001EFB003C
:106F2000000000000000BFE000000000000009FFBA
:106F300000000000000000AFE00000000000000DB5
:106F4000FB00000000000004FF70000000000000D3
:106F5000BFE10000000000005FF80000000000003A
:106F60001DFD0000000000000BFE400000000000BE
:106F700008FF60000000000007FF90000000000014
:106F800007FFB0000000000007FFB0000000000095
:106F900008FFB0000000000009FFC344555555002C
:106FA00009FFFFFFFFFFFFF200AFFFFFFFFFFFFF43
:106FB00020000039CEDB81000000009FFFFFFFE5CD
:106FC000000001DFFB6459EFE3000008E500000565
:106FD000FFB00000010000000CFE000000000000F7
:106FE000009FF20000000000000AFF000000000007
:106FF0000001EFC0000000000001BFF4000000002D
:107000001248EFE6000000000AFFFFB20000000097
:1070100000AFFFFE9200000000000248EFE5000014
:107020000000000001DFE200000000000003FF900C
:107030000000000000000EFC00000000000000DF67
:10704000D00004000000002FFB0009FA1000001C13
:10705000FF50009FFE95458EFF9000006EFFFFFFE2
:10706000FE9000000005ACEDB8200000000000001C
:1070700008FFB0000000000003EFFB00000000006C
:1070800000CFFFB000000000007FDAFB000000002E
:10709000002EF6BFB0000000000BFC0BFB00000050
:1070A0000006FF40CFB000000002EF900CFB000094
:1070B0000000BFD100CFB00000005FF4000CFB0067
:1070C00000001EF90000CFB000000AFD10000CFB0C
:1070D000000004FF400000CFB00000DFB222222CED
:1070E000FC22205FFFFFFFFFFFFFFA06FFFFFFFF0D
:1070F000FFFFFFA00000000000CFB0000000000074
:10710000000CFB00000000000000CFB000000000F9
:1071100000000CFB00000000000000CFB0000000E9
:107120000000000CFB0000000BFFFFFFFFFE000053
:1071300000CFFFFFFFFFE000000DFB555555550048
:107140000000EF800000000000000FF700000000CA
:10715000000001FF600000000000002FF4000000AC
:1071600000000003FF300000000000004FF7BEFDEC
:10717000A500000005FFFFFFFFFB1000002DE7301A
:1071800025DFFA00000000000000CFF5000000003D
:10719000000003FFB00000000000000EFE00000031
:1071A00000000000BFF00000000000000CFE000026
:1071B0000000000000EFC00004000000007FF700A6
:1071C0000AF90000005EFD0000AFFD8546AFFE300D
:1071D00000006EFFFFFFFD4000000016ACEDA700B1
:1071E000000000000039DEDB60000000009FFFFFB0
:1071F000FFC2000000AFFC7558EF9000007FF80060
:1072000000027000001EFA00000000000006FF20CF
:10721000000000000000BFC00000000000000EF8E9
:1072200000000000000002FF6039DEB91000003FDE
:10723000F58EFFFFFE500004FFCFB4126EFE20005B
:107240004FFF7000003EFA0003FF90000000AFE027
:10725000002FF600000006FF2000EF800000004F26
:10726000F4000CFB00000005FF40008FE10000006F
:107270007FF20003FF7000000CFD00000AFE3000EA
:1072800006FF6000001DFE8448FFB00000002DFFD7
:10729000FFFFA10000000007CEEB60000007FFFF2A
:1072A000FFFFFFFFF3007FFFFFFFFFFFFF200255FF
:1072B00055555556EF900000000000008FC00000AB
:1072C000000000003EF30000000000000BF9000089
:1072D0000000000006FE10000000000000DF80003B
:1072E00000000000004FE20000000000000AFB0068
:1072F000000000000001EF600000000000007FF1CE
:107300000000000000000AFD00000000000000DF97
:10731000A00000000000002FF700000000000005A2
:10732000FF500000000000008FF20000000000008D
:107330000AFF10000000000000CFE0000000000085
:10734000000DFD00000000000000EFC00000000084
:1073500000000FFC00000000000004ACEC930000F3
:1073600000000AFFFFFFF900000008FE9313AFF7CB
:10737000000002FF8000009FE100005FF1000001BB
:10738000FF400008FE0000000DF600006FF2000054
:1073900000EF500001EFA000003FE1000007FF9167
:1073A000000BF800000007FFD718FC000000001CCD
:1073B000FFFEFC100000003DE88EFFE70000003EED
:1073C000F50006DFF900000CF8000001BFF600042C
:1073D000FE10000000DFD0007FD000000008FF108A
:1073E00008FD000000006FF3006FF200000008FECF
:1073F0000001EFB0000002EFB00005FFD62127EF3B
:10740000E2000006EFFFFFFFC3000000007ADECAC3
:10741000500000000018DEDA50000000004DFFFFB1
:10742000FFA00000002EFD6359FFB000000BFD20FF
:107430000007FF600003FF6000000BFD00006FF11C
:107440000000004FF40008FE00000000EF80009FE5
:10745000E00000000CFB0007FF00000000AFD000C0
:107460005FF40000001DFE0001EFC000001CFFE003
:107470000006FFC4116DECFE000009FFFFFFD49F62
:10748000D0000004ACEC710BFB0000000000000019
:10749000EF800000000000002FF500000000000059
:1074A00008FE10000000000001EF9000002800001E
:1074B00001CFE100000DFD8558EFE50000004DFF14
:1074C000FFFFE50000000018CEEC81000000000086
:1074D00005ACEDA6000000007DFFFFFFFA000000F4
:1074E0004FFD8547DFF700000096000001DFE00058
:1074F000000000000007FF300000000000004FF512
:107500000000000001479CFF700000017CFFEDCFF0
:10751000F7000006EFC73003FF700006FF700000A1
:107520003FF70000DFA0000003FF70002FF600000F
:10753000004FF70001FFA000005DFF70000CFF94FA
:1075400047BFDFF700003EFFFFFE80DF700000193D
:10755000CED9300CF700000005BDEC500008FFFF4D
:10756000F50002EFD54710008FF40000000AFF007D
:10757000000000BFE00000000BFE00000000BFE0C4
:1075800000000DEFFFFFF500FFFFFFFF50033CFE83
:1075900033310000BFE00000000BFE00000000BF20
:1075A000E00000000BFE00000000BFE00000000B48
:1075B000FE00000000BFE00000000BFE0000000025
:1075C000BFE00000000BFE00000000BFE000000074
:1075D0000BFE00000000BFE00000002BC500008F84
:1075E000FD00006FFB0000056100000000000000CE
:1075F000000000000000003FF700003FF700003FE0
:10760000F700003FF700003FF700003FF700003FA2
:10761000F700003FF700003FF700003FF700003F92
:10762000F700003FF700003FF700003FF700003F82
:10763000F700003FF700003FF0018CEC8100028D65
:10764000EB700000003FF23DFFFFFD105EFFFFFB0F
:107650000000003FF8EE968EFF97FE869EFF6000CA
:10766000003FFFB20002EFEFA10003FFC000003FA8
:10767000FB0000009FF9000000BFE000003FF700A2
:1076800000007FF50000009FF200003FF7000000BF
:107690005FF50000007FF300003FF70000005FF59A
:1076A0000000007FF300003FF70000005FF50000DE
:1076B000007FF300003FF70000005FF50000007F4F
:1076C000F300003FF70000005FF50000007FF300CB
:1076D000003FF70000005FF50000007FF300003F6F
:1076E000F70000005FF50000007FF300003FF700A7
:1076F00000005FF50000007FF300003FF70000008E
:107700005FF50000007FF300003FF70000005FF529
:107710000000007FF300003FF0017CEDA3000000BB
:107720003FF22DFFFFFE5000003FF8EEA77BFFD099
:1077300000003FFFC20000AFF600003FFB0000006A
:107740003FF800003FF70000000FFA00003FF7008D
:1077500000000EFB00003FF70000000EFB00003FA2
:10776000F70000000EFB00003FF70000000EFB00DA
:10777000003FF70000000EFB00003FF70000000E86
:10778000FB00003FF70000000EFB00003FF7000089
:10779000000EFB00003FF70000000EFB00003FF76B
:1077A0000000000EFB0000004ACEDA4000000BFF94
:1077B000FFFFFA10008FF94258ED1000EFA0000013
:1077C000120001FF800000000000DFD30000000075
:1077D000004EFEA40000000004CFFFD810000000FF
:1077E00004AEFFE600000000017EFE400000000045
:1077F00002EFA00000000000BFC001A2000000DFF7
:10780000A00BFE96325CFE4001AFFFFFFFE60000DA
:10781000039CEDB820000005BEC7000009FB8BFAF1
:107820000003F90007F4007F20000E8009F000003B
:10783000EA006F40003F7001DD403CE10003DFFFE4
:10784000D4000000475100000000000000000000CC
:107850000000000000000000000000000000000028
:107860000000000000000000000000000000000018
:107870000000000000000000000000000000000008
:1078800000000000000000000000000000000000F8
:1078900000000000000000000000000000000000E8
:1078A0000000000707000000000000111113000095
:1078B000A200000A0A0A0000D4000008080500001F
:1078C000E800000C0C1E00FA9C01001111160000CB
:1078D00057020011111600001203001111160000CA
:1078E000CD030011111600008804001111160000CC
:1078F0004305001111160000FE05001111160000CD
:10790000B9060011111600007407001111160000CD
:107910002F08001111160000EA08001111100000D4
:107920007209000A0B180000F60900080817000089
:10793000520A001C1C100000320B00121210000032
:10794000C20B000E0E100000320C000B0B170000D3
:1079500000000B000D000E000F00100011001200BF
:10796000130014001500160017001800190041003C
:10797000460049004D004E005300900020000000DA
:107980009100010050790408000000001600030077
:10799000E46B0408987804087C790408000000006F
:1079A00000000108A002012445FA01084DF9010870
:1079B0002200040000FE010090790408000000008D
:1079C00000000000F206E8EC993661D63A9624BE33
:1079D000055E05FA04B14D6A8E09CEE7FF47FE0049
:1079E000FCC0FAA47AA963F19CF3EA8AE38EECD393
:1079F000FE7AFF5DEA0FF312F476FDDAFF3DAA3757
:107A0000BB59CC9BE5FCF73E7AB893B9B4FBD63DA5
:107A1000EF3E5B587C399D5BC65DEF5E453E65BEC3
:107A2000965FBEFFE79F2DBE4E1E86BFB73FE7BFE6
:107A3000263B4E9C86FDB75EE7BF25334DB5865885
:107A4000B6FBE79E65CD8630A6B4CF39EFBD9E6C00
:107A5000AEB0C714DF79F7DDD70ADF2EE773F7B8CA
:107A6000FFDCFF6BFF8EFFB3FFD8FFFCFE45FEA9D6
:107A7000FF10FF76FFDCFD24FDA9FE70FF16FF9CC2
:107A8000FB88FC4CFD52FE77FF5C8B6CA44FBD5411
:107A9000D679EF5D7C939535B5F8CEDBEF7EBDF7FB
:107AA000E71CEF7DF7BEFFDFE1C6D165C145B0E35E
:107AB000D8CCC0CBA8AA8869893578F468D348B1F6
:107AC00059B65175413430D23A5531F329B2190FB4
:107AD0001C5C1BBA13380A3404DC045A03B702B323
:107AE000057804B40411030C044F03CD034B026862
:107AF00045083C672BE61AE47D886CE75445334320
:107B0000C646ADA59CE483A2FEC6FE05FD44F3E295
:107B1000FD80FD00FC60FB60FC60F3E0EB60E28058
:107B2000F283E243DA02B9A16A685A0649A5392408
:107B3000536F42CC3229218773AE630C4208210473
:107B400000003C027804B306EE08280B610D990F83
:107B5000D01106143A166C189D1ACB1CF71E212161
:107B600048236C258E27AC29C72BDF2DF32F03323A
:107B7000103418361C381C3A173C0E3EFF3FEC41BF
:107B8000D443B64593476A493C4B084DCD4E8D5082
:107B90004652F953A5554B57EA58825A135C9C5DDF
:107BA0001F5F9A600D627963DD6439668D67D968FD
:107BB0001D6A596B8C6CB76DD96EF36F04710C72C2
:107BC0000B730174EE74D275AD767F7747780679C2
:107BD000BB79677A0A7BA27B327CB77C337DA57D3B
:107BE0000D7E6C7EC07E0B7F4B7F827FAF7FD27F0E
:107BF000EB7FFA7FFF7F0000000000000004040418
:107C00000404040404040400000000000606060640
:107C10000606050000000000000000000000000053
:107C2000000000000200000000000000000004004E
:107C30000002000202000000000000000202020236
:107C4000000200000002000000000000020000002E
:107C500000010105050501050000000000100101FB
:107C6000000000001002020C0C12120000000000C4
:107C7000B8AE0308B50C0208190D02080000000098
:107C80005D0D0208D127D127800300003031323347
:107C90003435363738394142434445464030580040
:107CA0003031323334353637383961626364656672
:107CB00040307800040000080000000000000002CE
:107CC00000010000100000000000000000000000A3
:107CD0003031323334353637383961626364656642
:107CE00078700030313233343536373839414243D9
:107CF000444546585000000002400000000000A02B
:107D00000000000005400000000000C80000000066
:107D10000C4000000000409C0000000019400000E2
:107D20000020BCBE0000000034400000BFC91B8E14
:107D300000000004B5400000504BCFD06607E2CFF2
:107D4000010000006C4100003E8251AADFEEA73422
:107D500001000000D9420000DCB5A0E23A301F97D4
:107D6000FFFFFFFFB4450000FD25A0C8E9A3C14FF8
:107D7000FFFFFFFFFF3F0000000000800000000049
:107D8000FF3F0000000000800000000044656275B5
:107D90006755695461736B0050726F746F636F6CD9
:107DA0005461736B0000000041726D436F6E74721A
:107DB0006F6C5461736B0000446961676E6F73741C
:107DC0006963735461736B0043616E5278546173DD
:107DD0006B00000055736254785461736B000000AF
:107DE00054656C656D657472795461736B00000045
:107DF0006F6B20256C752068656C702073747265DC
:107E0000616D20636F6D6D616E64733D6A6F696E45
:107E100074732C6D6F746F72732C6F666620726151
:107E20007465733D6A6F696E74735F315F35302CB2
:107E30006D6F746F72735F315F3130006F6B20252F
:107E40006C752073686F77206D6F746F72206A6F26
:107E5000696E743D256C75206573633D25303278FD
:107E6000206D61737465723D2530327820737461C2
:107E700074653D257320706F735F6465673D000016
:107E800054454C20256C75204D4F544F525F535430
:107E900041544520745F75733D256C752076616C87
:107EA00069645F6D61736B3D2575206661756C74E7
:107EB0005F6D61736B3D2575206472697665723DF7
:107EC000000000003D0000006F6B20256C752073E2
:107ED000686F772064696167207573622072785FCC
:107EE0006C696E65733D3F206261645F6C696E65AD
:107EF000733D256C752072785F6F766572666C6F66
:107F0000773D256C752074785F64726F705F646173
:107F100074613D256C7520627573795F6D61785F62
:107F20006D733D3F000000006F6B20256C75207362
:107F3000686F772064696167206D6F74696F6E2068
:107F40006163746976653D256C752070726564693E
:107F5000637465645F6D733D256C7520656C61703D
:107F60007365645F6D733D256C75206D61785F6529
:107F700072726F725F6465673D252E336600000084
:107F80006F6B20256C752068656C702073686F7747
:107F900020636F6D6D616E64733D696E666F2C73E7
:107FA000746174652C6A6F696E74732C6D6F746F75
:107FB00072732C6D6F746F722C636F6E6669672CB1
:107FC00064696167000000006F6B20256C75206894
:107FD000656C702062656E636820636F6D6D616EA5
:107FE00064733D696E69742C6D6F64652C6D697482
:107FF0002C656E61626C652C6A6F672C6D6F76659F
:108000002C73746F702C64697361626C652C636C83
:10801000656172006F6B20256C752073686F772027
:10802000696E666F206D63753D2573207472616E95
:1080300073706F72743D7573625F63646320636114
:108040006E3D636C61737369635F316D206D6F7436
:108050006F723D7333353139206472697665723DD4
:10806000646D33353230206275696C643D25730070
:108070006F6B20256C752073686F77207374617443
:10808000652073746174653D257320616C69676E4A
:1080900065643D257520656E61626C65643D2530C3
:1080A0003278206D6F76696E673D25752061637447
:1080B0006976653D256C75206661756C743D257328
:1080C000000000006F6B20256C752073686F7720AF
:1080D00064696167206C6F6F705F6D61785F757345
:1080E0003D256C7520646561646C696E655F6D69C2
:1080F00073733D256C752063616E5F6572726F727C
:108100003D256C75207573625F64726F703D256CE0
:1081100075206661756C743D257300006F6B2025BA
:108120006C752073686F7720646961672072746F63
:108130007320636F6E74726F6C5F737461636B3DF9
:1081400025732063616E5F737461636B3D257320DB
:1081500070726F746F636F6C5F737461636B3D25D6
:1081600073207573625F737461636B3D2573206860
:108170006561705F6D696E3D256C752074656C6519
:108180006D657472795F737461636B3D25732064F0
:108190006961675F737461636B3D25732075695F07
:1081A000737461636B3D257320737461636B5F75DA
:1081B0006E69743D776F7264730000006F6B2025E9
:1081C0006C752068656C7020746F706963733D73A3
:1081D000686F772C73747265616D2C61726D2C629F
:1081E000656E6368206578616D706C65733D73685A
:1081F0006F775F73746174652C61726D5F6D6F76FC
:10820000652C62656E63685F6D6974006F6B202515
:108210006C752073686F7720636F6E666967206D79
:1082200061703D2530386C782072657175697265B2
:10823000643D2530326C78207665726966696564C4
:108240003D2530327820656E61626C655F726561D4
:1082500064793D25750000006F6B20256C752073D7
:10826000686F7720646961672063616E2072783D72
:10827000256C752074783D256C752064726F703D97
:10828000256C75206572726F723D256C7520627564
:10829000736F66663D256C752071756575655F68E1
:1082A000776D3D256C7500006F6B20256C7520681F
:1082B000656C6C6F2070726F746F636F6C3D61657D
:1082C00074686F722D746578742D76312066773DF1
:1082D00025732070726F66696C653D257320646F2D
:1082E000663D257520626F6F743D256C7520776142
:1082F000746368646F675F6D733D256C7500000083
:10830000646F6E6520256C752062656E63682069F8
:108310006E697420726573756C743D257320696491
:10832000656E746974793D25303278206D6F6465AF
:108330003D253032782072616E6765733D2530329D
:10834000782076657273696F6E3D25303278000053
:1083500025732070726573656E743D253032782008
:10836000656E61626C65643D25303278206D6F7694
:10837000696E673D2530327820686F6C64696E677E
:108380003D25303278207374616C653D3030206655
:1083900061756C743D253032780000006461746151
:1083A00020353032206D6F746F7273207072657378
:1083B000656E743D2530327820656E61626C65644F
:1083C0003D25303278206D6F76696E673D253032FD
:1083D00078207374616C653D3030206661756C7413
:1083E0003D25303278000000E9878DE5A48DE8AFA7
:1083F000B7E6B18200000000E7BB93E69E9CE5BEB5
:1084000085E5A484E7908600E58F82E695B0E6973F
:10841000A0E6958800000000E9809FE5BAA6E8B6CE
:1084200085E9999000000000E6B8A9E5BAA6E8B68B
:1084300085E9999000000000E8BDACE79FA9E8B687
:1084400085E9999000000000E58F82E88083E5B718
:10845000B2E58F98E58C9600E5819CE6ADA2E5B784
:10846000B2E99481E5AD9800E58AA8E4BD9CE5BF3A
:1084700099000000E58F82E695B0E69CAAE6A08709
:10848000E5AE9A00E8AFB7E6B182E8BF87E69C9F09
:1084900000000000E58F8DE9A688E8BF87E69C9F75
:1084A00000000000E5B09AE69CAAE5B0B1E7BBAADF
:1084B00000000000E5B0B1E7BBAA0000E58FAAE824
:1084C000AFBBE9858DE7BDAE00000000E8B685E5ED
:1084D00087BAE88C83E59BB400000000E69CAAE81C
:1084E0008EB7E69CACE59CB0E68EA7E588B60000AA
:1084F000E58F8DE9A688E5BC82E5B8B800000000EC
:10850000E8BE93E585A5E68896E698BEE7A4BAE5B9
:10851000BC82E5B8B8000000E5B09AE69CAAE5A4E4
:10852000B1E883BD00000000E6AF8FE6ADA52030C6
:108530002E313000E6AF8FE6ADA520302E30310071
:10854000E58887E68DA2504F53000000E58887E656
:108550008DA24D49540000004B6400004B70000098
:10856000E6AF8FE6ADA520312E30C2B02F730000EC
:10857000E6AF8FE6ADA520313030206D73000000EE
:108580004D4954E4BF9DE68C810000004D495420C4
:10859000E69C89E99990E4BF9DE68C81000000008B
:1085A000E78AB6E68081E8AFA6E683850000000092
:1085B000E5A4B1E883BDE6B885E790860000000039
:1085C000E5B7A5E4BD9CE6A8A1E5BC8F00000000CE
:1085D000E58887E68DA2E6A8A1E5BC8F0000000033
:1085E000E7B3BBE7BB9FE8B584E6BA9000000000A4
:1085F000E6B885E999A4E69585E99A9C0000000013
:10860000E8B083E5BAA6E4B88EE9809AE4BFA10099
:1086100053544F5020E5819CE6ADA200E68EA7E5BD
:1086200088B6E6A380E69FA500000000E79BB8E5BA
:10863000AFB9E8A792E5BAA600000000E7AD89E56A
:10864000BE85E8BF9BE5BAA600000000E9809FE573
:10865000BAA60000E6ADA3E59CA8E8BF90E58AA80D
:1086600000000000504F53E7A7BBE58AA8000000B8
:108670004D4954E7A7BBE58AA8000000504F53209E
:10868000E79BB8E5AFB9E7A7BBE58AA80000000003
:108690004D495420E79BB8E5AFB9E7A7BBE58AA8E9
:1086A00000000000E4BD8DE7BDAEE5AF84E5AD9808
:1086B000E599A800E6A0A1E9AA8CE58F82E695B02D
:1086C00000000000E6AF8FE6ADA520312E30C2B02D
:1086D00000000000E4BF9DE68C81E697B6E997B400
:1086E00000000000E794B3E8AFB7E69CACE59CB0AF
:1086F000E68EA7E588B60000E9878AE694BEE69C88
:10870000ACE59CB0E68EA7E588B60000E58F91E762
:108710008EB0E794B5E69CBA00000000E68C89E9CB
:1087200094AEE4B88EE698BEE7A4BA00E4BD8DE747
:10873000BDAEE8AFBBE580BC00000000E8AFB7E627
:10874000B182E5A4B1E883BD00000000E681A2E5A6
:10875000A48DE4B88EE5A4B1E883BD00E6ADA3E541
:108760009CA8E4BDBFE883BD00000000E0880408C9
:10877000000001243403000008030008E088040816
:10878000000000240069000064030008E088040879
:10879000008000240080000064030008D4890408DD
:1087A000340301244CBD01006403000800000000F4
:1087B0000000F07F1C00000043000000F8FFFFFFF6
:1087C0000C0000000E0000000F0000002E00000052
:1087D0001001000043000000F8FFFFFF0040404090
:1087E0004040404040404141414141404040404084
:1087F0004040404040404040404040404005020230
:1088000002020202020202020202020202202020EE
:10881000202020202020200202020202020290904A
:108820009090909010101010101010101010101048
:10883000101010101010101002020202020288889C
:1088400088888888080808080808080808080808A8
:108850000808080808080808020202024000000090
:108860000000000000000000000000000000000008
:1088700000000000000000000000000000000000F8
:1088800000000000000000000000000000000000E8
:1088900000000000000000000000000000000000D8
:1088A00000000000000000000000000000000000C8
:1088B00000000000000000000000000000000000B8
:1088C00000000000000000000000000000000000A8
:1088D0000000000000000000000000000000000098
:1088E0000130135DB01B088D041A99041AC1041AD3
:1088F000ED041A3D041A6904411704030904120126
:1089000014020202164083044057260201020301AA
:1089100014050F0C1C0107101721031A1A0313A1C9
:10892000311B089B041A97041AC5041AED04193F59
:108930001182103C90D0030401831AAA0181148192
:108940000182130A0629DF2A40B01C090243FB11E9
:1089500025C03209041B01020B1305241610010562
:108960002401100901042402020524061701070549
:10897000820308151009040133020A2E07050102BB
:1089800040072A8107111309AB140875A91408AB15
:10899000AC42081305AA1408C1A81B083714C11A51
:1089A00089181A49041AC9041A3D04015802272DCE
:1089B000027A01022080C5D4C3B2A1021B70180A3A
:1089C000C15F0208E15E020859041A790C1A910885
:0489D0001AB90400CC
:04000005080002CD20
:00000001FF
