:020000040800F2
:1000000080C0022419050008B39B0008CB960008A5
:10001000B19B00089531000819C4000800000000D9
:10002000000000000000000000000000590400086B
:100030006136000800000000B504000849A6000869
:1000400033050008330500083305000833050008B0
:1000500033050008330500083305000833050008A0
:100060003305000833050008330500082532000871
:100070003305000833050008330500083305000880
:100080003305000833050008E9300008853600080C
:100090009D36000891360008A9360008330500088F
:1000A0003305000833050008330500083305000850
:1000B0003305000833050008330500083305000840
:1000C0003305000833050008330500088DA000083B
:1000D0003305000833050008330500083305000820
:1000E0003305000833050008000000003305000850
:1000F0003305000833050008330500083305000800
:1001000033050008330500083305000833050008EF
:1001100033050008330500083305000833050008DF
:1001200033050008330500083305000833050008CF
:1001300033050008330500083305000833050008BF
:1001400000000000000000000000000000000000AF
:10015000330500083305000833050008330500089F
:10016000330500083305000833050008330500088F
:1001700033050008519C000833050008000000000A
:10018000330500083305000833050008330500086F
:10019000330500083305000833050008330500085F
:1001A000330500083305000833050008000000008F
:1001B000330500083305000833050008330500083F
:1001C00033050008330500080000000000000000AF
:1001D00000000000000000003305000800000000DF
:1001E000000000000000000000000000000000000F
:1001F000000000000000000033050008330500087F
:10020000330500083305000800000000330500082E
:1002100033050008330500083305000833050008DE
:10022000330500080000000033050008000000004E
:1002300033050008330500080000000033050008FE
:1002400033050008330500083305000833050008AE
:10025000330500083305000833050008330500089E
:10026000330500083305000833050008330500088E
:1002700033050008330500083305000800000000BE
:10028000330500083305000833050008330500086E
:1002900000000000330500083305000800000000DE
:1002A000000000003305000833050008330500088E
:1002B000330500083305000833050008B53600088B
:1002C000C1360008D1A700083305000800F002F885
:1002D00000F0B2F80AA090E8000C82448344AAF12E
:1002E0000107DA4501D100F0A7F8AFF2090EBAE82C
:1002F0000F0013F0010F18BFFB1A43F0010318475A
:1003000000830400408304000A444FF0000C10F8FE
:10031000013B13F0070408BF10F8014B1D1108BF83
:1003200010F8015B641E05D010F8016B641E01F823
:10033000016BF9D113F0080F1EBF10F8014BAD1C73
:100340000C1B09D16D1E58BF01F801CBFAD505E091
:1003500014F8016B01F8016B6D1EF9D59142D6D3EB
:10036000704700000023002400250026103A28BF13
:1003700078C1FBD8520728BF30C148BF0B60704717
:100380006E2900F0BF85702900F0638266292FF086
:10039000B18765292FF0AE8767292FF0AB876129D8
:1003A0002FF0AA8703681B0A28BF41F08001692942
:1003B00000F0D481642900F0D181752900F0CE814C
:1003C0006F2901F0BA80782900F02F82E92901F025
:1003D0005580E42901F05280F52901F04F80EF2982
:1003E00001F0B780F82900F02E820368DB0928BFEE
:1003F00041F08001632900F0D687732900F0DB8784
:10040000E32901F02583F32901F02A8300207047B6
:100410001FB52FF000FF01F001F9040000200021BA
:100420002FF0E2FD401C6060002000212FF0C6FD8F
:10043000E0601FBD10B510BD01F0E2FB1146FFF7F3
:10044000E7FF25F02BFD01F05BFE03B4FFF7F2FFA1
:1004500003BC00F0D7FC00002C4B19680868B0E81A
:10046000F04F80F30988BFF36F8F4FF0000080F3E7
:10047000118870470000000008480068006880F399
:1004800008884FF0000080F3148862B661B6BFF3AD
:100490004F8FBFF36F8F00DF00BF00BF08ED00E09C
:1004A000DFF80C00016841F470010160704700BF83
:1004B00088ED00E0EFF30980BFF36F8F134B1A68EC
:1004C0001EF0100F08BF20ED108A20E9F04F1060D9
:1004D00009B44FF0500080F31188BFF34F8FBFF382
:1004E0006F8F2FF067FA4FF0000080F3118809BC7E
:1004F00019680868B0E8F04F1EF0100F08BFB0ECA4
:10050000108A80F30988BFF36F8F7047DC000124E5
:10051000EFF305807047000009488047094800470D
:10052000FEE7FEE7FEE7FEE7FEE7FEE7FEE7FEE7A3
:10053000FEE7FEE704480549054A064B7047000000
:1005400011A70008CD02000880BA022480C002244E
:1005500080BC022480BC02240048704720BA0224D8
:1005600053EA020C00F069802DE9F04B4FF00006D1
:10057000002B1FBFB3FA83F503FA05F424FA05F63E
:100580005E4012BF1643B2FA82F502FA05F4C5F1D5
:1005900020051EBF22FA05FC44EA0C04203556EA69
:1005A000044C4FEA144418BF641C4FF000084FF08D
:1005B0000009904271EB030C39D3002919BFB1FA3D
:1005C00081F701FA07F6B0FA80F700FA07F6C7F1EB
:1005D00020071EBF20FA07FC46EA0C062037B6FBB0
:1005E000F4FCA7EB0507103F07F01F0BCBF120062B
:1005F0000CFA0BFB2CFA06F644BFB3460026202F5C
:10060000A4BF5E464FF0000B5BEA060C08BF4FF03C
:10061000010B19EB0B09ABFB027C48EB0608C01B76
:1006200006FB02CC0BFB03CC71EB0C01C1E70B46C4
:10063000024641464846BDE8F08B13B54FF0000036
:100640004FF00001AFF30080BDE81C407047000090
:100650007CB51D4616460C00009001D02044401E7B
:10066000074B7B442A4669460190304600F071FEF4
:1006700005461CB10020694600F07EFE28467CBD80
:100680001D0D00000FB47CB50C0009AA009001D02C
:100690002044401E084B7B4469460190089800F0B6
:1006A00058FE05461CB10020694600F065FE28464C
:1006B0007CBC5DF814FB0000E90C000070B504463A
:1006C00085690068C10601D5302600E02026C007F4
:1006D00007D070BDD4E9012130469047206A401C04
:1006E00020626D1EF6D570BD70B504468569007830
:1006F000C00707D170BDD4E9012120209047206AAE
:10070000401C20626D1EF6D570BD70B50C460546C6
:10071000012A05D02878800600D5EA69002302E086
:10072000012305E05B1C934202D2E05C0028F9D172
:10073000A869E618C01AA861286A184428622846E1
:10074000FFF7BCFF04E0D5E9012114F8010B904745
:10075000B442F8D32846FFF7C7FF70BD2DE9F0413A
:100760000646002410687529314616A510D000F001
:100770005EFB002802DA404213A507E031688A07D1
:1007800001D512A502E0490704D511A5012401E015
:1007900000F056FB00210A2206F1240709E0B0FB15
:1007A000F2FCB0FBF2F302FB1C0030307854184628
:1007B000491C0028F3D123462A463046BDE8F041C3
:1007C00000F047BB000000002D0000002B000000DF
:1007D00020000000F0B40D460188090502D5214C27
:1007E0007C4402E01F4C7C440E34002100F12406BE
:1007F00008E002F00F071209E75D42EA03721B09E5
:100800007754491C52EA0307F3D1027800231207F8
:1008100004D5702D06D009B1022311342246F0BC54
:1008200000F017BB01231034F8E770B504460D46FD
:100830002146106800F004FB024629462046BDE828
:1008400070400023C6E7D21D22F00703D3E900233E
:10085000C0E70368126843F0200303600823C36104
:100860000023B7E73C7304002DE9F05F8946044696
:100870004FF0000ADFF874B1FB44C0F820A0204616
:10088000E1688847002874D0252806D0D4E90121E2
:100890009047206A401C2062F1E700265F46204610
:1008A000E16888472028054607DB312D05D27819F5
:1008B00010F8200C08B10643F1E7B00701D526F087
:1008C0000406C4F81CA00027C4F818A02A2D09D0DB
:1008D00028460BF0DDFF38B304EB8708303DC8F83D
:1008E000185019E059F8041B204604EB8702916167
:1008F000E1688847012F054618D1E069002820DA11
:1009000026F020061DE0D8F8180000EB800005EB6B
:1009100040003038C8F818002046E168884705468E
:100920000BF0B6FF0028EED1012F0AD02E2D08D1F2
:100930002046E16888477F1C0546022F46F02006C6
:10094000C4DBA069002803DA404246F00106A0613A
:10095000F00701D026F010066C2D0BD0682D09D0C1
:100960004C2D39D06A2D35D0742D35D07A2D33D019
:1009700016E038E0E1682F4620468847B842054631
:1009800009D16C2F26D04FF48060E16806432046E1
:100990008847054604E06C2F1AD04FF48070064358
:1009A0000DB3A5F14100192802D8203546F40066A0
:1009B0004A462946204626604E46FFF7E1FC80B1B4
:1009C00001280BD0F61D26F0070000F1080956E7B4
:1009D0004020E4E78020D8E70020D6E706F10409AC
:1009E0004DE7284652E7206ABDE8F09FCC7204002C
:1009F00010B5002000F00AFEFFF71CFDBDE8104016
:100A0000012000F0FFB9401ECAB210F8011F8A424F
:100A100002D00029F9D10020704740EA010310B547
:100A20009B070FD1042A0DD310C808C9121F9C427E
:100A3000F8D020BA19BA884201D9012010BD4FF070
:100A4000FF3010BD1AB1D30703D0521C07E00020BD
:100A500010BD10F8013B11F8014B1B1B07D110F81A
:100A6000013B11F8014B1B1B01D1921EF1D118461D
:100A700010BD40EA0103024630B59B0710D14FF08C
:100A8000013400E008C208C91D1B9D4315EAC41FBC
:100A9000F8D013F0FF0102F8011B0DD01B0AF8E794
:100AA00011F8013B002B02F8013B05D011F8013B86
:100AB000002B02F8013BF3D130BD10B5431C02E01E
:100AC00010F8011B71B18107FAD14FF0013202C851
:100AD0008C1A8C4314EAC211F9D0C01A0A0603D04A
:100AE000C01E10BDC01A10BD0A0401D0801E10BD6A
:100AF0000902FCD0401E10BDCBB22AB101788B4256
:100B000003D0401C521EF9D10020704740EA010377
:100B100070B59B072ED14FF00136042A2AD308C89E
:100B200010C99D1B9D43121F15EAC61517D0D8B2D8
:100B3000E1B2401A50EA056110D198B2A1B2401A50
:100B400050EA05410AD123F07F4024F07F41401A4A
:100B500050EA052102D1180EA0EB146070BDA3422B
:100B6000DBD018BA21BA884201D9012070BD4FF0FC
:100B7000FF3070BD0AB9002070BD10F8013B11F8BC
:100B8000014B63B1A3420AD1521E08D010F8013BB9
:100B900011F8014B1BB1A34201D1521EEDD1181B1C
:100BA00070BD032A40F2308010F0030C00F0158075
:100BB00011F8013BBCF1020F624498BF11F801CB60
:100BC00000F8013B38BF11F8013BA2F1040298BFC5
:100BD00000F801CB38BF00F8013B11F0030300F02F
:100BE0002580083AC0F0088051F8043B083A51F8D3
:100BF00004CBA0E80810F5E7121D5CBF51F8043BD8
:100C000040F8043BAFF30080D20724BF11F8013B4A
:100C100011F801CB48BF11F8012B24BF00F8013BAC
:100C200000F801CB48BF00F8012B704710B5203AFF
:100C3000C0F00B80B1E81850203AA0E81850B1E895
:100C40001850A0E81850BFF4F5AF5FEA027C24BF4B
:100C5000B1E81850A0E8185044BF18C918C0BDE842
:100C600010405FEA827C24BF51F8043B40F8043B0B
:100C700008BF7047D20728BF31F8023B48BF11F8C0
:100C8000012B28BF20F8023B48BF00F8012B70471A
:100C900002F0FF0343EA032242EA024200F002B8F4
:100CA0004FF000020429C0F0128010F0030C00F095
:100CB0001B80CCF1040CBCF1020F18BF00F8012B13
:100CC000A8BF20F8022BA1EB0C0100F00DB85FEAE1
:100CD000C17C24BF00F8012B00F8012B48BF00F8AD
:100CE000012B70474FF0000200B51346944696461C
:100CF000203922BFA0E80C50A0E80C50B1F120012F
:100D0000BFF4F7AF090728BFA0E80C5048BF0CC0DC
:100D10005DF804EB890028BF40F8042B08BF70473A
:100D200048BF20F8022B11F0804F18BF00F8012BAC
:100D3000704700004FF0013C50F8042B51F8043B81
:100D40009A4215D1A2EB0C03934313EACC130BD1B7
:100D500050F8042B51F8043B9A4209D1A2EB0C0342
:100D6000934313EACC13E7D04FF00000704700BF65
:100D7000D01A01BAB1FA81F101F0180122FA01F09A
:100D8000CB40C1F12001DBB2C0B2C01A2CFA01F392
:100D9000D11A914311EAC311E6D1704770477047E9
:100DA0007047A0E8004FF0C040F804DB01B5AFF396
:100DB0000080BDE8024001C10020A1EC068BA1EC3F
:100DC00002BBA1EC06CBA1EC02FB704700F12C08A2
:100DD0000C46B8EC068BB8EC02BBB8EC06CBB8EC12
:100DE00002FB00F12C0858F8040DAFF3008058F80E
:100DF000040D8546200008BF012038E9F00018E9FD
:100E0000004F704701491820ABBEFEE726000200E4
:100E10000048704720BA022410B5FFF79DFB006818
:100E200010BD10B50446FFF797FB046010BD0968BC
:100E30004A0501D540B27047C905FCD500B27047DC
:100E400009684A0501D5C0B27047C905FCD580B212
:100E500070472DE9F0470D4699469246044600F149
:100E600024080168880604D5E06921F0100121609A
:100E700000E00120A84201DD471B00E00027A16936
:100E80007A1902EB0900081AA0612078C00602D482
:100E90002046FFF713FC002608E0D4E901211AF8E8
:100EA00006009047206A401C761C20624E45F4DB09
:100EB0002078C0060AD52046FFF700FC06E0D4E9FA
:100EC000012130209047206A401C2062381EA7F183
:100ED0000107F4DC07E0D4E9012118F80500904788
:100EE000206A401C2062281EA5F10105F3DC204683
:100EF000FFF7FAFB2078000602D50220BDE8F08754
:100F00000120FBE711680268006A530501D50870EB
:100F10000AE0D30501D5088006E0130603D5C21701
:100F2000C1E9000200E008600120704770472DE928
:100F3000FF4F0C461E464FF0FF378BB0D2E9000141
:100F4000DDF860800A908A46C1F30A5505B93D462E
:100F5000002108464FF00000BAF1000F00F44000F5
:100F600005DA00EB80004FF4400101EA50004FEA3F
:100F70009059B9F1010F00DDB9460A9850EA4A00CC
:100F80000ED044F61050A5F2FF3545432F14B8F1AA
:100F9000000F1ED07542291E1EDDC9F100021CE0A3
:100FA000B8F1010F4FF0000001D0302103E0F2430F
:100FB00005E02154401CB042FBDB304600220021FA
:100FC00021540B99C1F80880C1E900200FB0BDE899
:100FD000F08FBD1B6D1CDEE74A4600DA694206A8A9
:100FE00000F062FD06AB93E8070003AB83E807005F
:100FF00050460A9901F0F9FA8DE80700A0F5005073
:101000001F3800900398002D09DD42F21F014A4667
:10101000084403A90390684601F083FD08E0A0F5A9
:1010200000504A461F3803A90390684601F0A1FD0D
:101030008DE807000004000C03D04FF0FF3041089A
:1010400000E01046B8F1000F03D0002200921546D0
:101050001EE0751E05D400F0E5FA303262556D1EB3
:10106000F9D5B3460122084302D000227F1C04E0D8
:101070002078302801D100227F1E002A099786D0CF
:101080001DE0112D07DA00F0CDFA303262556D1CEB
:1010900050EA0102F5D1084302D00098C8B10EE031
:1010A0000021681E05E0235C625C63542254401EEC
:1010B000491C8142F7DBAB46A81B401E099000206B
:1010C00004F80B000B98099AC0F80880C0E9002BBF
:1010D0007CE711264FF0000859E72DE9F04F8846CC
:1010E0000446D21D22F0070191B0D1E90001CDE9FB
:1010F0000A010BF092F902460B98C00F01D02D2087
:1011000007E02068810701D52B2002E0202101EAB9
:10111000C000032A099001D0072A05DB0346414697
:10112000204600F04BFC0BE12078800601D5E069F9
:1011300000E00620B8F1650F814606D0B8F1660FD1
:1011400018D0B8F1670F70D131E00020B9F1110F5C
:10115000009001DB112301E009F101030AAA01A9B2
:101160000CA8FFF7E4FEDDE90C70002609F101058B
:10117000834647E001204B4600904FF000470AAA03
:1011800001A90CA8FFF7D3FEDDE90DB00C995D466F
:10119000002610B909F101000D18B9EB050003D4C0
:1011A000C0F1FF3609F10105A5EB09002BE0B9F10B
:1011B000010F01DA4FF001090020B9F1110F009081
:1011C000484601DD112300E003460AAA01A90CA844
:1011D000FFF7ADFEDDE90C704D4600268346207812
:1011E00000070AD4AB4500DA5D4601A8012D04DDF5
:1011F000411911F8011C302907D04F4502DA17F1C7
:10120000040F04DA012082460FE06D1EEEE7002F86
:1012100002DCED1B3E4403E0781CA84200DD7D1C8F
:10122000B81B00F1010A4FF000472078000703D4F3
:10123000AA4501DB4FF0FF3A0021B7F1004F0DF155
:1012400043088DF8431024D002202B23002F01DA0D
:101250007F422D230A21021EA0F1010000DC5FB1B4
:1012600097FBF1FC97FBF1F201FB1C7C17460CF19C
:10127000300C08F801CDEEE7A8F1010003702188D9
:10128000090501D5452100E06521A0F1010800F81C
:10129000011C09980FA9A1EB0807FF1D00B101204F
:1012A000411901EBEA70A1693844081A401EA06197
:1012B0002078C00602D42046FFF700FA099828B12A
:1012C000D4E901219047206A401C20622078C006A2
:1012D00022D52046FFF7F2F91EE0002E04DBB345CD
:1012E00002DD01A8805D00E03020D4E901219047B3
:1012F000206A401C2062761CAAF101005FEA000A05
:101300000AD100F08BF9C0680168405CD4E9012182
:101310009047206A401C2062281EA5F10105DCDCF4
:1013200007E0D4E9012118F8010B9047206A401C1E
:101330002062381EA7F10107F3DC2046FFF7D4F93D
:10134000032011B043E6000001694A1C02610878DD
:10135000704700B58FB0CDE90131002105910549F5
:101360007944CDE9031011466846FFF77DFA0FB0C6
:1013700000BD0000E5FFFFFF0A6802F8010B0A60EC
:101380007047D1E900239A4202D2531C0B601070BF
:10139000704710B5436913B1AFF3008001E0FFF768
:1013A000B4F9012010BD127800F124010A70002266
:1013B0004A700122EDE711684FF0FF32E9E70000C3
:1013C0002DE9FF5F15468A460446DFF8AC80F844F5
:1013D0000027D8E900103E46CDE9001010E03AF8A9
:1013E00016106A4602A800F0CDFB411C07D02178F8
:1013F000890603D5E269391891420DD80744761C55
:101400002078800602D5E069B84205DDAE42E6DB11
:101410003AF816000028E2D1A069C01BA06120465E
:10142000FFF74CF9D8E90010CDE90010002017E0D3
:101430003AF818106A4602A800F0A4FBB0F1FF3F8A
:1014400081460BD000250DF1080B05E0D4E9012100
:101450001BF8050090476D1C4D45F7D308F10100BE
:10146000B0428046E4DB206A384420622046FFF721
:101470003BF9BDE8FF9F00008A6704002DE9F041B9
:101480008046D21D22F007020025D2E90002F5298C
:1014900015A614D0011E72F1000106DA0023D0EB6C
:1014A000030063EB020211A608E0D8F800108B07D6
:1014B00001D50FA602E0490701D50EA60125114668
:1014C000002408F1240704E000F0ACF830323A556B
:1014D000641C50EA0102F7D12B46324621464046B1
:1014E000BDE8F041FFF7B5BC000000002D00000092
:1014F0002B0000002000000030B4002100F1240483
:1015000008E002F00705D208303542EA4372DB08F2
:101510006554491C52EA0305F3D10468002310A264
:10152000250707D5A40600D421B1C46901230DA263
:10153000641EC46130BCFFF78CBC10B50446214664
:101540001068FFF77DFC02462046BDE810400023EE
:10155000D2E7D21D22F00701D1E90023CCE7000039
:1015600000000000300000000FB4002300B589B077
:101570000CA900910B99CB60214B7B440693214B26
:101580007B44079304236FF00042CDE901321E4AE9
:101590007A446B460892024600202EF00FFF09B0F5
:1015A0005DF814FB70B506464FF0FF3015460C464B
:1015B000324686B00091CDE90101694600200490D1
:1015C00004A8FFF7D1FF02460498211825B108B1FD
:1015D000084600E020462860049800280DD0002A24
:1015E00002DD0098884208D03246081B6946009404
:1015F000CDE9010404A8FFF7B7FF06B070BD0000F5
:10160000EB040000030500001B01000010B500F012
:10161000DFFABDE8104000F0D5BA704700487047C7
:1016200040BA022430B5B0F10A024FEA900E71F1CF
:1016300000034EEA817EB0EB0E0061EB91014FEAB0
:10164000101E4EEA017E10EB0E0041EB11114FEA25
:10165000102E4EEA016E10EB0E0041EB11214FEA05
:10166000104E4EEA014E10EB0E0041EB11414018B6
:1016700041F100014FEAD00040EA41704FEAD10148
:1016800010EB80054FEA810444EA907444EB0104B6
:101690006D1944EB0404521BA3414FF0000348BFF3
:1016A0000A3200D530BD401C41F1000130BD10B5FB
:1016B000044600F0CBFA0068005D00F0010010BDA8
:1016C0002DE9F04F04460D46D21D22F0070089B0E7
:1016D000D0E90097484639460AF09FFE0246F80FC7
:1016E00001D02D2307E02068810701D52B2302E0DC
:1016F000202101EAC0038DF820300BB1012000E069
:101700000020032A824601D0072A04DB294620460E
:1017100000F054F93FE12078800601D40D2500E067
:10172000E569C7F30A560D2D49DA00214FEA175B28
:1017300008464FF00000002F00F4400007DA00EBED
:1017400080004FF4400100EBD07001EA6000811589
:10175000012901DD4FF0FF3100224FEA850CBCF179
:10176000180F06D31346ACF118004FF08052C24058
:1017700003E04FF4801323FA0CF30CF10C0CBCF1D2
:10178000200F04D3ACF1200C09FA0CF001E007FAA9
:101790000CF000294FF0004801DD18B90FE00ED120
:1017A00040450CD319EB02095F4121B9404502D1F4
:1017B0009F4329EA0209BBEB175F00D0761C208803
:1017C000000502D57B48784402E07A48784419380D
:1017D00008AA302302F80A30037C0AF10101002E26
:1017E0000AF1020A53546A4602DC4FF0300101E06C
:1017F0004FF031014FF001088DF8001002D0A6F231
:10180000FF3603E059EA470100D06B4E002D02DCA1
:101810002178090704D54FF002082E218DF8011018
:10182000C44600210BE0C7F303433F01C35C491CDE
:101830006D1E02F80830052908F1010801DA002DB3
:10184000F1DC00210CE000EB1973491C1B786D1EC4
:10185000082902F808304FEA091908F1010801DAED
:10186000002DF0DC21688B0602D516E0A8F10108F6
:10187000E04505DD02EB080313F8013C302BF5D001
:10188000B8F1000F09DD02EB080313F8013C2E2B21
:1018900003D1090701D4A8F10108002D05DD3E217F
:1018A00002F808106D1E08F10108407C002E02F8B5
:1018B000080008F1010804DA2D20764202F8080039
:1018C00002E02B2002F808000A214FF47A708642C9
:1018D00008F101080BDB96FBF0F3303302F8083017
:1018E00096FBF0F308F1010800FB136601E0642E9B
:1018F0000CDB642096FBF0F3303302F8083096FBE3
:10190000F0F308F1010800FB136601E00A2E06DB84
:1019100096FBF1F0303002F8080008F1010896FB60
:10192000F1F001FB1060303002F80800A16908F105
:10193000010808EB050202EB0A00081AA0612078F2
:10194000C00602D42046FEF7B9FE216A08AE01EBBC
:101950000A00206204E0D4E9012116F8010B904747
:10196000BAF1010AF7D22078C00602D52046FEF768
:10197000A5FE6E4609E016F8010B3E280FD0D4E90B
:1019800001219047206A401C2062B8F10108F2D280
:101990002046FEF7A9FE09B00320BDE8F08F206ABB
:1019A0002844206203E0D4E90121302090476D1ED5
:1019B000EBD3F8E7AD63040002FCFFFF2DE9F04133
:1019C0001F46044603260168072A01F4006004DB71
:1019D00008B116A505E016A503E008B115A500E0BD
:1019E00015A521F010002060A069C01EA0610FB1F4
:1019F000401EA0612046FEF761FE4FB1D4E90121EF
:101A000038469047206A401C2062C01C206206E0D5
:101A1000206AFAE7D4E9012115F8010B9047761EF8
:101A2000F8D22046FEF760FEBDE8F0814E414E0040
:101A30006E616E00494E4600696E660010B54369DE
:101A400013B1AFF3008001E0FFF7BAFC012010BD35
:101A5000128800F1240182840022C2840122EDE771
:101A600011684FF0FF32E9E7426842B1016811F8AE
:101A7000013B23B1521EC0E90012184670470121F4
:101A8000C160881E704742685AB1C368016843B993
:101A900083688B4205D0491E521CC0E90012002009
:101AA00070474FF0FF3070472DE9F04781461646EA
:101AB0008AB0334878440DC88DE80D00304878442A
:101AC000801C03AC0DC884E80D0041F69B3008442F
:101AD000372190FBF1F290FBF1F5A5F1800501FBB8
:101AE00012041B3C02D56442012000E00020DFF814
:101AF00090A080460027FA44AAF1BE0A0DE0E00754
:101B000009D03246684607EB47010AEB810101F034
:101B100030F88DE8070064107F1C002CEFD1184FBF
:101B20007F44AC3F18E0E80714D007EB04100DF138
:101B3000180A90E80E008AE80E00C068F04201D151
:101B400098190890324606A903A801F012F803ABD1
:101B500083E807006D10641C002DE4D1324669460D
:101B6000B8F1000F03A802D000F0DBFF01E001F0A4
:101B700000F8C9E90001C9F808200AB0BDE8F087FB
:101B80005061040070B516460C46054600F05EF83C
:101B9000036893F80101012806D0FF2C0FD8185DC7
:101BA00068B101202C7070BDD3F807013246214680
:101BB00003F2071303442846BDE8704018474FF06E
:101BC000FF3070BD002801D0FFF71CB9704700003E
:101BD00010B5002102A000F09CFA012010BD000009
:101BE000534947414252543A2041626E6F726D61CF
:101BF0006C207465726D696E6174696F6E000000AF
:101C00007546FFF705F9AE4605006946534620F0D4
:101C10000700854618B020B5FEF78CFCBDE82040D3
:101C20004FF000064FF000074FF000084FF0000B98
:101C300021F00701AC46ACE8C009ACE8C009ACE84B
:101C4000C009ACE8C0098D467047000010B5FFF729
:101C5000E5FC001D10BD00BF91E302002DE9FF4F20
:101C6000064689B00878FF2806D0491C2D2805D0E3
:101C700000244FF0000908E000200CE00124F8E700
:101C800009EB8903491C00EB43090878FF28F7D1C9
:101C900014B1C9F100008146107800252C46AA46EF
:101CA00029462D2801D02B2804D1521C2D2813D0D1
:101CB000002082468B461078FF280FD04FF0000C92
:101CC0000A21521CA5FB017804FB018105FB0C11C4
:101CD000C5194BEB0104EEE70120EAE700210846B5
:101CE0004FF00000BAF1000F02D000EB8000400876
:101CF000C0F38158B8F1010F01DD4FF0FF380C98A7
:101D000009EB000755EA040009D04FF0020917F566
:101D1000FA7F0BDA4FEACA70C6E900B012E04FEA68
:101D2000CA70C6E900B00DB0BDE8F08FB7F5FA7F14
:101D30000DDDF0487844D0E90010C6E9001040EA13
:101D4000CA707060FEF708FCC0F80090EBE7391E1F
:101D500002DAC8F1000200E0424600DA794206A841
:101D6000FFF7A2FE06AB93E8070003AB83E807008A
:101D700044F23E005BEA04010090584604D144F26C
:101D80001E012C465D460091210C0904014306D139
:101D90000099240444EA15442D041039009104F0FC
:101DA0007F41014306D10099240244EA15642D02C3
:101DB0000839009104F07041014306D100992401D3
:101DC00044EA15742D01091F009104F040410143BC
:101DD00006D10099A40044EA9574AD00891E0091D3
:101DE00004F00041084304D100986D196441401E7D
:101DF000009042466846002FCDE9014503A902DD67
:101E000000F0CBFE01E000F0A0FEBAF1000F0446A6
:101E10000D4601D084F0004440F2FF7724F00040EA
:101E2000284303D0C4F30A50B84212D1FEF794FB02
:101E3000C0F80090C4F30A50B8420AD1AE487844C2
:101E4000D0E90010C6E9001004F0004108437060BA
:101E500069E7C6E9005466E72DE9FF4F1F464FF0DA
:101E6000000A4FF0FF38454691B0D7E90146CDF85A
:101E70003CA0FFF7D3FBC0680168405C1090B969D3
:101E800012986D1C8847396A814688470028F6D128
:101E9000B9F1FF3F0AD0002E24F4D06411DDB9F16E
:101EA0002B0F08D0B9F12D0F0BD102E0404615B031
:101EB0003AE744F48064B96912986D1C8847761E2D
:101EC0008146600504A901D52D2000E02B20002EBD
:101ED00001F1010B0DF130088DF810003FDDB9F173
:101EE000690F08D0B9F1490F05D0B9F16E0F02D0D2
:101EF000B9F14E0F1CD13B4601A8009580E8500275
:101F0000DDE912126FF002002EF05CFAC11CCED196
:101F10000EE0B96912986D1C884781461398761EA9
:101F200044F4007405600F98401C002E0F9016DDDD
:101F3000B9F1300FEDD0B9F1780F02D0B9F1580FE7
:101F40000DD10F9801280AD13B46CDE90054DDE9B7
:101F50001212001F02962EF033FAC11CA7D110995D
:101F600089453ED144F0800406E01399681CAAF12B
:101F7000010A44F400740860B9696D1C1298761E59
:101F8000884730288146F0D02BE01099894505D14B
:101F9000200603D4761E44F0800418E048460AF078
:101FA00077FC08B3761E0DF123018B4544F40074D1
:101FB00008D2A9F130000BF8010B200607D5AAF1D1
:101FC000010003E0200602D40AF101008246A005C8
:101FD00002D51399681C0860B96912986D1C88476E
:101FE0008146002ED1DC53E0002E51DDB9F1650FA2
:101FF00002D0B9F1450F4BD1A00549D5B9696D1C87
:102000001298761E24F440748847002E81460CDD19
:102010002B2804D0B9F12D0F07D144F48074B9698D
:1020200012986D1C8847761E8146E00501D52D214A
:1020300000E02B2108F8011BCDF8008021E0761E7E
:102040000DF13901884544F400740CD2A9F1300037
:1020500010F0FF0088F8000002D10099884509D9E6
:1020600008F1010806E0E00501D5244801E042F24C
:102070000F708246B96912986D1C88478146139883
:102080000560002E04DD48460AF002FC0028D6D187
:10209000F96912988847FF2053468BF8000088F8AA
:1020A000000000200A900B9004AA0CA90AA8FFF7D0
:1020B000D5FDA00502D46FF00100F8E614F0240F5E
:1020C0000AD0E00714D13868DDE90A12031D3B602D
:1020D0000068C0E900120BE00AA968460AF028FB74
:1020E000E00705D13868009A011D39600068026078
:1020F0002846DCE608690400FE670400F1D8FFFF0B
:1021000010B50446AFF300802046BDE81040FEF74E
:102110009CB970B505460C460A2000E06D1C00F025
:1021200011F835B128780028F8D102E0641C00F0DD
:1021300009F814B120780028F8D1BDE870400A20D1
:10214000AFF3008008B569468DF800000320ABBEF0
:1021500008BD00002DE9FF4F1F464FF03C0987B036
:102160004FF00042DDE9141001F10108DDF858A03C
:1021700002EA40500390002005908346054604463D
:102180000490B969461E08988847AAF1010A02908E
:10219000BAF1000F3BDD02982E2815D0102100F077
:1021A00016FA00282EDB4FF0010B0599014317D0DA
:1021B000B9F1000F0BDB4A46C11700F0F5F90543F2
:1021C0000C43A9F1040905E0012004900BE008B1DB
:1021D00045F0010501200590049820B9361D02E064
:1021E000049800B1361FB969089808F101088847BA
:1021F000BBF1000FAAF1010A0290C9D00999C1F8F8
:102200000080C5E70298702808D0502806D0F969E8
:1022100008988847BBF1000F14D04FE000200290CF
:102220000120BBF1000F049009D0B969089808F1AA
:1022300001088847AAF10109B9F1000F07DCF96923
:10224000089888476FF001000BB0BDE8F08F2B288D
:1022500004D02D280CD14FF0FF300490B9690898B4
:1022600008F101088847A9F10109B9F1000FE6DD7D
:10227000411CE4D00A2100F0AAF90028DFDB029912
:1022800008F1010801EB810100EB41000290B969FE
:10229000089888470A2100F09AF9099AA9F10109DA
:1022A000B9F1000FC2F8008001DD0028E7DAF96912
:1022B000089888470499029800FB016655EA0400D3
:1022C00004D004F04041090002D006E0039898E0F1
:1022D000A40044EA9574AD00B61E04F00041080065
:1022E00002D16D196441761E159810F0240F03D0A9
:1022F0004FF00B095C4803E04FF028096FF07D00B8
:102300008246564507DAAAEB06018944B9F1410F26
:1023100001DD4FF0410901200021A9F1010200F087
:1023200043F9024628400B462140084301D00121D1
:1023300000E00021501E029143F1FF31284021406E
:10234000084301D0012000E000200299834651EAB1
:102350000B014FD0002108464FF00000039900F414
:10236000400039B100EB80004FF4400100EBD07029
:1023700001EA60008015012802DD4FF0FF3000E027
:1023800013D0401C36D0029860B3BBF1000F0CD1C3
:102390004A460120002100F007F928402140084367
:1023A00001D0012000E00020E0B101204A460021D8
:1023B00000F0FAF8034640190A4661412D1A8C4193
:1023C00011D3B9F1400F09DD159810F0240F02D098
:1023D000AAF1340603E0AAF1170600E0761C0025F6
:1023E0004FF0004406E05B1E42F1FF3220EA030595
:1023F00021EA0204CAF10100B04206DA1B4903983F
:1024000008430190002000900EE0039AC4F3D3210A
:10241000E80A0A43164940EA44500A433146CDE9E6
:10242000000268460AF0D8F9159810F0240F0BD076
:102430001598C00715D13868DDE90012031D3B600F
:102440000068C0E900120CE002A869460AF070F9C1
:102450001598C00705D13868029A011D39600068D7
:1024600002604046F0E6000002FCFFFF0000F07F43
:102470000000F03F2DE9FF4F92461D4685B04FF01A
:102480000041DDE9124BDDE914727F1E01EA4B5079
:10249000414940F0FF4940EA0108002122F02000B4
:1024A0004928049102D04E2828D04CE03BA00126B8
:1024B00007C88DE80700A9690698641C88477F1E35
:1024C000014606D41DF8060018B121F02001814212
:1024D0000BD0E96906988847032E34D0082E32D0F5
:1024E0006FF0010009B0BDE8F08F761C032E01D01B
:1024F000082EE0D1601CCAF80000DCE7A969069844
:10250000641C88477F1E2AD420F02000412826D151
:10251000A9690698641C88477F1E20D420F02000FB
:102520004E281CD1A9690698641C88477F1E48F470
:10253000002849F48009CAF8004001D4282806D0B0
:10254000E969069888475FEACB7012D022E0A96952
:102550000698641C88477F1E01D4002803DAE969C5
:1025600006988847BCE72928F1D1641CCAF80040C6
:10257000E9E71BF0240F07D028680499031D2B609E
:102580000068C0E9001805E02868021D2A6000689C
:10259000C0F800902046A5E70000F07F494E46496C
:1025A0004E49545900000000B2F120030AD5C2F18F
:1025B000200301FA02F120FA03F300FA02F041EAE3
:1025C0000301704700FA03F14FF0000070473A280A
:1025D00000D2303820F02002412A01D3A2F1370086
:1025E000884201D34FF0FF3070475FEA400C08BFCC
:1025F00091F0000F4FEA8C234FEAC12243EA515178
:102600004FEA1C5018BF00F5F0404FEA300018BFE9
:1026100041F000415FEA6C5C00F02980BCF1FF3FB3
:1026200008BF40F080407047130C06BF12044FF003
:10263000100C4FF0000C130E04BF12020CF1080C2A
:10264000130F04BF12010CF1040C930F04BF92008E
:102650000CF1020CD30F04BF52000CF1010C114617
:102660004FF00002A0F11F00A0EB0C00704711F02A
:10267000004F08BF704731F000413FF4D5AF0B0C5D
:1026800006BF09044FF0100C4FF0000C0B0E04BFF6
:1026900009020CF1080C0B0F04BF09010CF1040C2A
:1026A0008B0F04BF89000CF1020CCB0F04BF490053
:1026B0000CF1010CCCF12003A0EB0C0022FA03F387
:1026C00002FA0CF241EA030100F10100704720F028
:1026D0007F4C80EA030023F07F47ACEB070303F550
:1026E0007C5300F0004003F1FF032DE980494FEADD
:1026F000154B09B44FEA144325EA0B4E24EA03486C
:102700000FF2042606EB132749083E785FEA3202EF
:1027100003FB0667C7F5000707FB06F64FEA5437C9
:102720004FEAD64606F1020607FB066CCCF1005CC8
:102730004FEA1C472CEA074C07FB06F40CFB06F596
:1027400004EB15464FEA961634BF00204FF00040C8
:102750004FEAD13706FB07FC4FEA1C4C0CFB0BF78A
:10276000D21B03FB0CF761EB07010CFB0EF7B0EB80
:10277000074072EB17420CFB08F734BFA2EB07428D
:10278000B2EB074261EB17414FEA0C444FEA910765
:1027900006FB07FC4FEA1C4C0CFB0BF7B0EBC740E9
:1027A00072EB573203FB0CF734BFA2EBC742B2EB1C
:1027B000C74261EB57310CFB0EF7B0EBC70072EB71
:1027C00057720CFB08F734BFA2EBC702B2EBC7028B
:1027D00061EB5771039F4FEA816141EA921104EB6B
:1027E000CC044FEAD1374FEA826206FB07FC42EA8B
:1027F00090124FEA80604FEA1C4C0CFB0BF7D21B87
:1028000003FB0CF761EB07010CFB0EF7B0EB074085
:1028100072EB17420CFB08F734BFA2EB0742B2EB96
:10282000074261EB17414FEA8C554FEA910704EBE1
:102830009C2406FB07FC4FEA1C4C0CFB0BF7B0EB8F
:10284000C74072EB573203FB0CF734BFA2EBC74211
:10285000B2EBC74261EB57310CFB0EF7B0EBC70090
:1028600072EB57720CFB08F734BFA2EBC702B2EB56
:10287000C70261EB577115EB4C254FEA816141EAC4
:1028800092114FEA82624FEAD13742EA901206FB78
:1028900007FC44F100044FEA80604FEA1C4C0CFB3B
:1028A0000BF7D21B03FB0CF761EB07010CFB0EF7D8
:1028B000B0EB074072EB17420CFB08F734BFA2EBFA
:1028C0000742B2EB074261EB174115EB1C154FEACB
:1028D000813141EA92414FEA823242EA90424FEA24
:1028E00080304FEA0C7644F1000448EA03434EEA94
:1028F0000B484FF0000EB2EB080C71EB030724BF3E
:10290000624639464EEB0E0E4FF0000B0018524156
:1029100049414BEB0B0BB2EB080C71EB03077BF15E
:10292000000B24BF624639464EEB0E0E4FF0000BF3
:102930000018524149414BEB0B0BB2EB080C71EB09
:1029400003077BF1000B24BF624639464EEB0E0EA7
:1029500051EA020718BF46F0010616EB0E7655F154
:10296000000254F1000103D5BDE88901BDE80088EB
:10297000BDE88901BDE80048B619524141EB0101AB
:10298000A3F10103704780807F7E7D7C7B7A79781C
:10299000777676757473727171706F6E6E6D6C6C24
:1029A0006B6A6A69686867666665646463636261C6
:1029B0006160605F5F5E5E5D5D5C5C5B5B5A5A5947
:1029C00059585857575656555555545453535252B3
:1029D0005251515050504F4F4F4E4E4D4D4D4C4C0B
:1029E0004C4B4B4B4A4A4A49494948484847474754
:1029F0004746464645454544444444434343434291
:102A0000424242414141000046EA0646A3F5705366
:102A10004FEA164646EA42564FEAD22242EA41526D
:102A200010B54FEAD121A3F1010300F017F820F00F
:102A3000004000F1010C00F0004701EB005011468E
:102A4000BCF5006F40EA070000D210BD02484FF00D
:102A5000000140EA070010BD0000F07F002B26D4E3
:102A6000770021D01CB54FEA370703B44FF01000B0
:102A70004FF010014FF000000FBCBDE810400BF10B
:102A8000010BBBF1010F08BF5FEA170722BF12F16C
:102A9000010211F101014FF0004143F1000300F088
:102AA000004043EA00007047F9D35708DAE746EAE6
:102AB000064613F1400F4FEA16461FDD13F1200FB3
:102AC000DFBF16430A46002120335B42C8D0C3F162
:102AD000200746EA064602FA07F74FEA164646EA94
:102AE0000706C3F1200722FA03F201FA07F721FAD9
:102AF00003F14FF0000342EA0702B1E746EA02069B
:102B000046EA06464FEA164646EA0106BCBF46EAD2
:102B10000646360C4FF000034FF000024FF0000164
:102B20009EE72DE9C048934630B491E8380007C8C5
:102B300031EA400C48BF34EA430C03D5FFF7C7FD28
:102B4000FFF78CFFF0BCBDE800882DE9C048934634
:102B500030B491E8380007C831EA400C48BF34EA85
:102B6000430C03D5FFF7B3FDFFF74EFFF0BCBDE804
:102B700000882DE9C048934630B491E8380007C872
:102B800010F0804F08BF13F0804F03D100F019F808
:102B9000FFF764FFF0BCBDE800882DE9C04893460C
:102BA00030B491E8380007C810F0804F08BF13F028
:102BB000804F03D100F005F8FFF726FFF0BCBDE819
:102BC000008820F07F4780EA030023F07F4C07EB6A
:102BD0000C03A3F57C5300F00040A3F1FE0392F038
:102BE000000F00F0B38095F0000F00F077802DE922
:102BF00001494FEA11404FEA144621EA004800FB20
:102C000006FC24EA064708FB06F607FB08F800FB6B
:102C100007F718EB06484CEB164C4FEA124B18EB33
:102C200007484FEA15464CEB174022EA0B4E0BFBC8
:102C300006FC25EA06470EFB06F607FB0EFE0BFB1D
:102C400007F71EEB064E4CEB164C4FF000061EEB42
:102C5000074E4CEB174B18EB0B0840F1000018EB3C
:102C60000E0B58EB000840F100008F1A4FF00001E6
:102C70003CBFC943661B14BFB5EB040C00213CBF2D
:102C8000C943F61B4FEA17444EEA8E0E27EA044565
:102C90004FEA1C4704FB07622CEA074C05FB07F7C9
:102CA0000CFB05F604FB0CFC16EB074642EB174247
:102CB00016EB0C4642EB1C421BEB060658EB0202DD
:102CC000414146EA9E0601D5BDE80189B619524147
:102CD00041EB0101A3F10103BDE801894FEA14456D
:102CE0004FEA114724EA054621EA074C05FB07F4A1
:102CF00006FB07F70CFB06F105FB0CFC11EB07418B
:102D000044EB17444FEA124711EB0C4144EB1C44CF
:102D100022EA074C05FB07F206FB07F70CFB06F659
:102D200005FB0CFC16EB074642EB174216EB0C4674
:102D300042EB1C456A1854F1000148BF7047B619B0
:102D4000524141EB0101A3F10103704795F0000FDF
:102D500037D04FEA11424FEA144721EA024624EAEB
:102D6000074C02FB07F106FB07F70CFB06F402FB1E
:102D70000CFC14EB074441EB17414FEA154714EBE9
:102D80000C4441EB1C4125EA074C02FB07F506FB0E
:102D900007F70CFB06F602FB0CFC16EB074645EBAF
:102DA000174516EB0C4645EB1C42121951F1000178
:102DB00048BF7047B619524141EB0101A3F101032D
:102DC00070474FEA14454FEA114724EA054621EAC5
:102DD000074C05FB07F106FB07F70CFB06F24FF06B
:102DE000000605FB0CFC12EB074241EB174112EB0E
:102DF0000C4251EB1C4148BF7047921841EB010156
:102E0000A3F101037047000010B532490446006881
:102E1000884202D0304A904202D1D1F8080302E041
:102E20002E48D0F8080310F4403F10D005F0B0FB56
:102E30006168B1F5803F06D0B1F5003F03D0B1F530
:102E4000403F26D101E0090C17E0800821E0002175
:102E50004FF4002004F054FC61688A03920B18D1EF
:102E60008A140C2A15D2DFE802F0140606060606BC
:102E7000060B0D0F1113890C4900B0FBF1F008E0AF
:102E8000000906E0400904E0800902E0C00900E012
:102E9000000A13494008884204D82068816821F458
:102EA000407108E00F49884207D82068816821F402
:102EB000407141F48071816010BD0B4988422068E7
:102EC000816804D821F4407141F40071F3E741F4C2
:102ED0004071F0E7002002400021024000600258EB
:102EE000105E5F0020BCBE0040787D012DE9F041FE
:102EF0000027044600680D4606F00EFC06462068D2
:102F000006F006FC30435DD020682F4EC168890171
:102F100005D5617E012902D1217E01290BD0022D28
:102F20001DD0206806F0F8FBB8B120688168C1F3B5
:102F3000400169B111E02549012502E08F4232D2FA
:102F40007F1C0268D2435206F8D440210160E8E7B2
:102F50008168314041F010018160012D11D020685D
:102F600006F0D6FB48B120688168C1F3400121B961
:102F70008168314041F020018160022D08D0032D8D
:102F800004D0042503F056FB064617E00C25F9E7AC
:102F90000825F7E703F04EFB801B05280ED92068B3
:102FA000806828420AD0206E40F010002066606ED3
:102FB00040F0010060660120BDE8F0812068806873
:102FC0002842E7D10020F7E7C0FFFF7F00DC0C00BC
:102FD00070B50446006881688268C1F3400112F050
:102FE000010F28D039BB816801F00D01012914D1EE
:102FF0008168124A1140891C8160216803200860A1
:1030000003F018FB054612E003F014FB401B0228F6
:103010000DD920688068C00709D0206E40F01000EC
:103020002066606E40F001006066012070BD20687F
:103030008068C007E8D1002070BD0000C0FFFF7F9E
:1030400070B504460068816811F0010F40D18168B5
:10305000204A11422DD18168D5432940491C816005
:1030600003F0E8FA1C49064620681C4B884201D050
:10307000984201D11A4A00E01A4A9268984202F036
:103080001F0200D0014681421DD0E2B120E08168DC
:1030900011F0010F03D181682940491C816003F0C0
:1030A000C9FA801B02280ED920680068C043C007F7
:1030B00009D0206E40F010002066606E40F00100E4
:1030C0006066012070BD20680168C943C907DED170
:1030D000002070BD3F00008000200240002102401F
:1030E00000230240006302581AF02ABA70B50C4659
:1030F00005462CF0B9FA05480DB1816829600CB17C
:10310000C0682060BDE870402CF0CEBA00000124F9
:103110002DE9F0412CF0A8FA164C03F08BFA217C33
:103120000022B9B125684FF47A73D4E90271461BC5
:103130002060B81951410025C4E90201A0FB0342F7
:1031400001FB032100FB05152CF0AEFA20462946B1
:10315000BDE8F08120600021C4E902024FF47A73D7
:1031600001252574A0FB034502FB035200FB01254A
:10317000EAE70000380301240448C069002804D0AD
:103180000023022219462CF0D9BD7047000001240B
:10319000FFF7BEBFFEE70020704700207047000029
:1031A00005490022054810B507F070FD04490348A1
:1031B00007F05FFD002010BDF88001241C7401247D
:1031C000F878012410B518B111B109682BF012F983
:1031D0000449054807F04DFD034807F023FD002092
:1031E00010BD0000F87801241C74012410B52BF0E8
:1031F00025F9002010BD00000A46094910B5D1F894
:10320000BC1211B1D1F8141209B1012010BD014650
:10321000034807F03BFDBDE81040014807F0ACBD96
:103220001C7401241AF068BA294A016891423AD004
:10323000274A1832914236D0254A3032914232D054
:10324000234A483291422ED0214A603291422AD0FC
:103250001F4A7832914226D01D4A9032914222D0A4
:103260001B4AA83291421ED01A4A91421BD0194AD9
:103270001832914217D0174A3032914213D0154A72
:10328000483291420FD0134A603291420BD0114A1A
:103290007832914207D00F4A9032914203D00D4AC2
:1032A000A832914211D1CAB21823103AB2FBF3F2FC
:1032B0006FF30901032A02F00703074AD25CC265D3
:1032C00000D9091D81650846704721F0FF01F9E723
:1032D0001000024010040240D804030830B5224A0E
:1032E000012301689142CAB21BD01F4C1434A14281
:1032F00017D01D4C2834A14213D01B4C3C34A142A2
:103300000FD0194C5034A1420BD0174C6434A14259
:1033100007D0154C7834A14203D0134C8C34A14211
:103320000CD11421114C083AB2FBF1F10F4A803252
:1033300001F01F0504EB8101AB4010E00C4D182497
:10334000103A0D44B2FBF4F1A82D00D80831094A17
:1033500001F01F0402EB8101064AA3408032603075
:1033600080E80E0030BD0000085402580058025892
:10337000F0FBFDBF0008024010B50279531E072B79
:103380002DD8174C0168A1421BD0154C1434A14212
:1033900017D0134C2834A14213D0114C3C34A14215
:1033A0000FD00F4C5034A1420BD00D4C6434A142CD
:1033B00007D00B4C7834A14203D0094C8C34A14285
:1033C00003D10849074C443102E00749064C443117
:1033D00004EB8202C0E91B2101219940416710BD25
:1033E00008540258FC580258FC08024010B5836982
:1033F0004FF0C074826A0146002053B1B3F5005FFC
:1034000015D072B1012A0CD0022A0AD0032A09D1A0
:1034100004E01AB1012A06D0022A03D1C96AC901FF
:1034200000D5012010BDC96AA142FAD010BD002A02
:10343000F7D0012AF2D0022AF3D0032AF3D010BD2C
:103440002DE9F04F804E804FDFF8FC911836DFF801
:10345000F8A148370468856D0AF1300ADFF8ECB14D
:103460004C45DFF8ECC1DFF8ECE16DD0B4426BD035
:10347000544569D0BC4267D0DFF8D081A8F1180864
:10348000444561D05C455FD064455DD074455BD0F8
:10349000DFF8C481444557D0DFF8BC8108F1180833
:1034A000444551D0DFF8B08108F1300844454BD095
:1034B000DFF8A48108F14808444545D0DFF8988139
:1034C00008F1600844453FD0DFF88C8108F17808A6
:1034D000444539D0DFF8808108F19008444533D065
:1034E000DFF8748108F1A80844452DD0DFF86C811D
:1034F000444529D0DFF8648108F11408444523D0FD
:10350000DFF8588108F1280844451DD0DFF84C81C8
:1035100008F13C08444517D0DFF8408108F1500815
:10352000444511D0DFF8348108F1640844450BD0DC
:10353000DFF8288108F17808444505D0DFF81C81C0
:1035400008F18C08444509D1D0E91948C4F8048031
:10355000C46E1CB1D0E91C48C4F8048004684C4512
:103560002ED0B4422CD054452AD0BC4228D0374E5D
:10357000183EB44224D05C4522D0644520D0744526
:103580001ED0354EB4421BD0334E1836B44217D03D
:10359000314E3036B44213D02F4E4836B4420FD09D
:1035A0002D4E6036B4420BD02B4E7836B44207D045
:1035B000294E9036B44203D0274EA836B44215D1D6
:1035C00090F85C603F2406F01F06B440AC600468CD
:1035D000256825F4802525602EE09A600068C1608A
:1035E000BDE8F08F99600068C260F9E71B4EB442F5
:1035F0001BD01A4E1436B44217D0184E2836B44297
:1036000013D0164E3C36B4420FD0144E5036B4424E
:103610000BD0124E6436B44207D0104E7836B44206
:1036200003D00E4E8C36B442DAD190F85C6001249F
:1036300006F01F06B4406C60046863608368402B2A
:103640000368CFD1C9E700001000024088000240A3
:10365000A0000240B8000240100402400854025882
:10366000704702F0E7BF10B52AF02AFABDE8104013
:10367000012024F0F0BC2BF0F7BF72B6FEE72CF06F
:1036800013B80000014802F049BA0000F0710124AB
:10369000014802F043BA0000F0710124014802F031
:1036A0003DBA000090720124014802F037BA0000D0
:1036B00090720124014802F031BA000030730124F5
:1036C000014802F02BBA000030730124F0B5036802
:1036D0004FF6FC716D4C426BD3F884508D4345EA34
:1036E0008205C3F88450036853F8845F068F25F47D
:1036F0007F0545EA06451D60836B654D9F1802688E
:10370000D2F888308B4343EA8703C2F888300268D6
:1037100052F8883F868F23F4FE0343EA0643136082
:10372000066856F8A03FC26B8B4307EB420243EAA0
:1037300082033360076857F8A03FB0F8406023F475
:10374000FE0343EA06433B60D0E9103603FB062242
:103750000368D3F8B0608E4346EA8206C3F8B060CF
:103760000368B0F84860D3F8B07027F4FE0747EA62
:103770000646C3F8B060D0E91267036806FB07226B
:10378000D3F8AC608E4346EA8206C3F8AC60D0E959
:103790001467036806FB0722D3F8F0608E4346EAFD
:1037A0008206C3F8F0600368B0F85860D3F8F07090
:1037B00027F47C1747EA0646C3F8F0600368876D74
:1037C00053F8C06F02EB47028E4346EA820119604C
:1037D0000168B0F85C20D1F8C03023F47C1343EAD0
:1037E0000242C1F8C020016890F86020D1F8C030D2
:1037F00023F07C5343EA0262C1F8C020416B04EB22
:103800008101C166826B01EB82020267C36B02EB2E
:10381000C3024267D0E91034634302EB830282673C
:10382000D0E91234634302EB8302C267D0E9143457
:10383000634302EB8302C0F88020836D02EBC30375
:10384000C0F88430C46D826E544303EB8403C0F827
:103850008830046E544303EB8402C0F89020AA42DF
:103860000AD9D0F89C20032142F02002C0F89C2005
:1038700080F898100120F0BD002200E004C1D0F8CB
:1038800090308B42FAD80020F0BD000000AC004020
:10389000FCD30040F0B58E680C69D1E9005744EACA
:1038A0000604DFB145F080452C43866ED1E906C59C
:1038B0004F695E4391F8203045EA0C05B1F80CC021
:1038C000D0F884E0002047EA03630C4F1D430EEB61
:1038D000860345EA0C45E3E802450AE044EA8544EC
:1038E000E3E71418155C001DD4F8014045EA0424F0
:1038F00010C3CC683C5D8442F3D8F0BDE0040308FB
:103900007047704770477047704700002DE9F047D7
:103910000F4690F85C109CB0044601294FF0000956
:1039200015D00026DFF8F880012084F85C00189696
:103930001996216841450ED13A4D0095284605F06B
:10394000EFFE8246206805F0EBFE60B10EE002203B
:103950001CB0BDE8F087206E84F85C6040F0200069
:1039600020660120F4E7BAF1000F09D0216E4FF074
:10397000010941F020002066484684F85C60E7E7D2
:1039800020684146884201D0A84201D1264800E083
:10399000264840F61F72D7F800C0254BBCF1000F37
:1039A00023D0D0F808C0D7F804802CF4404C4CEA5F
:1039B000080CC0F808C0D4F800C08C4501D0AC4554
:1039C00007D18968AB6801F0010103F001031943D5
:1039D00002E0996801F001010029CDD1BD68396884
:1039E000836829439343194317E0876827F44047C6
:1039F000876027688F4201D0AF4207D18968AB68E2
:103A000001F0010103F00103194302E0996801F09C
:103A100001010029B0D1816891438160ACE70000C9
:103A200000200240002102400023024000630258AF
:103A3000006002582DE9F84F4FF0000B0446FE4E8F
:103A40000D46CDF800B0DA4690F85C00FB4F012837
:103A500008D04FF0010984F85C90206805F05CFE06
:103A600018B154E20220BDE8F88F286800280FDB67
:103A70002168B1420CD0CA69030327D090FAA0F0A4
:103A8000B0FA80F000F01F0309FA03F00243CA61A4
:103A9000D5E900124FF00C0C20681F23C1F384619C
:103AA0000CEA921C02F01F02604493409140026BAA
:103AB0009A430A430263206805F02EFE8046206880
:103AC00005F026FE58EA000003D048E1C0F3846008
:103AD000D8E7AA682968206805F02EFE2068B04261
:103AE00004D1C2686969C2F3C1020BE0D44A12680A
:103AF000B9EB127F02D0C168C90605D4C2686969F2
:103B0000C2F38202520004E0C268696902F0100246
:103B1000520891402A69042A5AD02B6800EB82028D
:103B2000B04202F1600207D103F0F8401368084385
:103B300040F00040106008E0D2F800C003F0F84008
:103B400008430CF00041014311602068B0421CD1D1
:103B50002A69E96900EB8200026E22F080720A4352
:103B6000026695F8201020682A6901290AD00021F0
:103B7000B042AAD100EB8200026E22F000720A432A
:103B80000266ECE04FF00071F2E795F82120296918
:103B9000012A17D05FF0000200EB8100016E21F0D6
:103BA000004111430166297E20682A6901290CD051
:103BB0000021036902F01F02914023F4F0420A43FE
:103BC0000261CCE04FF00042E6E74FF40061F0E71D
:103BD000B04273D1002105F095FD000320684FF03D
:103BE00000016DD005F08EFD90FAA0F0B0FA80F1E2
:103BF0002868020369D090FAA0F0B0FA80F0814200
:103C000004D100222068114605F0A6FD206801219C
:103C100005F078FD000320684FF0010158D005F051
:103C200071FD90FAA0F0B0FA80F12868020354D038
:103C300090FAA0F0B0FA80F0814204D1206800220E
:103C4000012105F089FD2068022105F05BFD0003DC
:103C500020684FF0020143D005F054FD90FAA0F027
:103C6000B0FA80F1286802033FD090FAA0F0B0FAD1
:103C700080F0814204D120680022022105F06CFD11
:103C80002068032105F03EFD000320684FF003018A
:103C90002ED005F037FD90FAA0F0B0FA80F1286838
:103CA00002032AD090FAA0F0B0FA80F0814256D1F7
:103CB00020680022032105F04FFD50E020E0FFE7DF
:103CC00005F020FDC0F3846192E7C0F3846096E7BD
:103CD00005F018FDC0F38461A7E7C0F38460ABE78B
:103CE00005F010FDC0F38461BCE7C0F38460C0E759
:103CF00005F008FDC0F38461D1E7C0F38460D5E727
:103D0000016E2A7801F0F841B1EB826F03D1016EA8
:103D100021F00041016620682978426E02F0F842E5
:103D2000B2EB816F03D1416E21F000414166206802
:103D30002978826E02F0F842B2EB816F03D1816E76
:103D400021F00041816620682978C26E02F0F842B5
:103D5000B2EB816F03D1C16E21F00041C1662068D2
:103D6000816811F0010F71D1364AB042EB682968C1
:103D70000FD1D0F8B0C003F01808C1F3130322FA32
:103D800008F20A402CEA030C4CEA020CC0F8B0C05E
:103D90000EE0D0F8C0C003F01808C1F3130322FAF4
:103DA00008F20A402CEA030C4CEA020CC0F8C0C02E
:103DB0002548E96881427DD1286801031BD090FA2B
:103DC000A0F1B1FA81F1491C01F01F0109294FEA64
:103DD00000313CD8002911D090FAA0F1B1FA81F15C
:103DE00001F1010101F01F0109FA01F209D100BF3F
:103DF000C0F3846109E0C0F38461E4E7C0F3846147
:103E0000EEE790FAA0F1B1FA81F101F1010101F0C0
:103E10001F0142EA816102D1C0F3846003E090FA9D
:103E2000A0F0B0FA80F000F1010000F01F0000EBFC
:103E3000400041EA005140E0006002580021024089
:103E40000010005CFFFF0F000000FF4765E0002945
:103E50000FD000BF90FAA0F1B1FA81F101F1010198
:103E600001F01F0109FA01F206D100BFC0F384611D
:103E700006E0C0F38461F1E790FAA0F1B1FA81F1B4
:103E800001F1010101F01F0142EA816102D1C0F399
:103E9000846003E090FAA0F0B0FA80F0434A00F1A9
:103EA000010000F01F0000EB400002EB005041EA6F
:103EB000000100E005E041F00071AA68206805F00B
:103EC0003BFCD5F800C0BCF1000F26DA384B206867
:103ED0003849DFF8E490984201D0B84201D10A464F
:103EE00000E04A469268984202F0E07201D0B8427F
:103EF00009D19D68D7F8088005F0010508F0010890
:103F000045EA080502E0B56805F001054DB1216EEE
:103F10004FF0010A41F020002066504684F85CB062
:103F2000A1E5264DAC451CD115021AD4B042F4D1FE
:103F3000984202D0B84200D049468B6842F4000053
:103F400023F0E07202438A601E491D480968B1FBF4
:103F5000F0F04000801C00E0401E00900028FBD1E3
:103F6000DBE7194DAC450CD1D5010AD4B042D4D110
:103F7000984202D0B84200D049468B6842F0807027
:103F80000EE0124DAC45C8D15502C6D4B042C4D1E2
:103F9000984202D0B84200D049468B6842F4800073
:103FA00023F0E07202438A60B7E70000000020FEC1
:103FB000002002400023024000630258000052C764
:103FC000400D0300B0000124000021C3000084CB99
:103FD000114970B588421AD110490F4D80354A7881
:103FE000B2B16A7DA2B100264E7000F027F8A5F1AB
:103FF0001004C0F30B00208002F01CFBA060012124
:104000006068401C60602173BFF35F8F6E7570BD88
:104010002869401C286170BD6C9E0224EC010124BB
:104020000549884206D101F18000C168491CC16080
:1040300017F032BC704700006C9E02240068006CD0
:10404000704700002DE9F05F044600680668456887
:10405000DFF87082DFF870B2DFF87092404501D06F
:10406000484501D1584600E09948806800F01F0794
:10407000B0070ED5A8070CD5206EC00603D4206E5D
:1040800040F4006020662046FFF73AFC21680220D9
:104090000860700701D5680703D4300737D52807B3
:1040A00035D5206EC00603D4206E40F40070206623
:1040B000206805F039FB20B32068484501D142460D
:1040C00000E00246824208D03FB1052F05D0092FFB
:1040D00003D0484503D1414602E0C16801E00146F2
:1040E000C96889040DD4016809070AD505F014FBD5
:1040F00058B3206E40F010002066606E40F0010062
:1041000060662046FFF764FF21680C200860B00657
:1041100001D5A80603D4700658D5680656D5206E7A
:10412000C00603D4206E40F4005020662068C16CA5
:1041300011F4C07F1AD000218A4605F0F5FA024634
:104140002068484514D1434613E02068416821F0B7
:104150000C014160206E20F480702066206EC00447
:10416000CFD4206E40F001002066CAE70121E3E7CA
:104170000346834208D03FB1062F05D0072F03D056
:10418000484503D1414602E0C16801E00146C968E3
:10419000BAF1000F14D08B0102D58AB18A040FD472
:1041A000026852060CD589020AD405F0B1FAE8B3C8
:1041B000206E40F010002066606E40F001006066E6
:1041C0002046FFF79EFB21686020086030060BD573
:1041D000280609D5206E40F480302066204600F085
:1041E000CDF9216880200860F0050CD5E8050AD5D6
:1041F000206E40F4003020662046FFF784FB2168E3
:104200004FF480700860B0050CD5A8050AD5206E63
:1042100040F4802020662046FFF776FB21684FF4AB
:1042200000700860F00631D5E80600E00AE02DD500
:10423000E06BE8B12068EFB3404501D0484512D1AA
:10424000584611E02068416821F060014160206E0D
:1042500020F480502066206EC005B1D4206E40F05E
:1042600001002066ACE71A48806800F4404050B175
:10427000206E40F480602066606E40F00200606650
:104280002046FFF7CDFE216810200860700517D585
:10429000680515D5216E4FF4806041F48041216698
:1042A000616E41F008016166216808602046BDE842
:1042B000F05F00E001E0FFF725BBC0688007D6E7AC
:1042C000BDE8F09F00200240002302400021024090
:1042D000006302582DE9F8434FF0000504002E4614
:1042E000009502D0206E18B108E00120BDE8F883E7
:1042F000204600F044F9656684F85C5020688168C7
:10430000C1F3407119B181688E4A11408160206803
:104310008168C1F3007181B981688B4A114041F015
:10432000805181608A4989480968B1FBF0F0401CDE
:1043300000E0401E00900028FBD120688168C1F396
:10434000007141B9216E012641F010012166616EB4
:1043500041F00101616605F0DFF9216EC90600D464
:1043600020B1206E012640F01000E0E0206E20F425
:10437000807040F00200206620688168754D11F061
:10438000010F1ED1744B754A984201D0904207D15B
:104390009968976801F0010107F00107394302E0CD
:1043A000A96801F0010161B9984201D0904201D1A0
:1043B0006B4800E06B488268616822F47C120A4313
:1043C00082602168A9421FD1637ED4E90207E26BB3
:1043D0005B033A43082805D00C280FD01C280FD0C7
:1043E00018280FD05FF0000000F00C0794F82000B0
:1043F00043EA47031A4342EA00400FE00420F3E790
:104400000820F1E71C20EFE7627E94F82030A768CF
:10441000E06B520342EA03423843104394F82020F1
:10442000012A04D1A28C504B03EB42421043A26AF2
:104430002AB1E36A02F47872024343EA0200CA68CE
:10444000A9420BD1494B1A400243CA602068626BF3
:10445000016921F040611143016103E0444B1A40BE
:104460000243CA60206805F057F90746206805F046
:104470004FF907434ED12068A946484506D1217E11
:1044800094F83820890341EA420103E0227E216B3F
:1044900041EA8231C26844F203039A430A43C2608C
:1044A00094F844000128206803D0016921F001013B
:1044B00022E048450ED1D4E9121CD4E91435026932
:1044C0002C4F41EA0C012B433A401943114341F070
:1044D000010111E0D4E91317B4F848C0DFF898805F
:1044E000636D026908EB0C4C224D394343EA0C031F
:1044F0006D1E2A401943114301612068236C026933
:1045000022F070421A4302612068484502D02046DA
:10451000FEF77AFC2069012820680BD0016B21F09E
:104520000F010163206E20F0020040F001002066C0
:104530003046DBE6E269016B521E21F00F011143A8
:10454000EFE70000C0FFFF5FC0FFFF7F400D0300EB
:10455000B000012400600258002002400021024007
:1045600000230240006302580000FEFF0740F0FFF6
:1045700003C0F0FF1FF800FC0100FFFF7047704709
:104580002DE9F0415B4D044600685B4FA84201D025
:10459000B84201D1594900E05949896801F01F0624
:1045A00005F0BAF818B102221046BDE8F08194F87F
:1045B0005C0001280CD0012084F85C002046FEF746
:1045C0003FFD02004FF0000104D084F85C10EBE7DF
:1045D0000220EAE7236E40F6016C206823EA0C0310
:1045E000B84243F48073236601D12B4600E00346B2
:1045F000834200D01EB9236E23F480132366236EFA
:10460000DB0404D5636E23F00603636600E0616695
:104610001C23036084F85C102068416821F01C01B1
:104620004160606908282068416802D041F00401B7
:1046300001E041F008014160E06B20B92068416869
:1046400041F0100141602068B84201D1294600E0E4
:104650000146814220D0FEB1052E1DD0092E1BD06F
:10466000216EB84241F48011216600D00546E96808
:10467000890199D5216E636921F40051082B41F419
:104680008051216641682BD021F0400141602068B3
:10469000416841F020012AE0C168890119D5236EE3
:1046A000616923F40053082943F480532366416869
:1046B00007D021F0400141602068416841F02001AD
:1046C00006E021F0200141602068416841F040018E
:1046D000416020680B4B81681940091D816063E7C8
:1046E00021F0200141602068416841F040014160B3
:1046F0005AE700000020024000210240002302404F
:1047000000630258C0FFFF7F10B5044690F85C00BC
:10471000012808D0012084F85C0003212046FEF720
:10472000E5FB10B110E0022010BD2068416821F0C7
:104730001C0141602046FEF74BFC28B9216E21F494
:10474000885141F001012166002184F85C1010BD00
:104750002DE9F05F28B190F83510022904D08021AE
:1047600041650120BDE8F09F904C904B0168183CDA
:1047700018338E4ADFF83C92A1428D4CDFF838E2C4
:104780008E4FDFF83CB2DFF83CA28F4D8F4E31D018
:1047900091422FD099422DD0A1422BD0494529D00A
:1047A000714527D0B94225D0DFF810C20CF1180CA2
:1047B00061451FD0DFF808C2ACF1600C614519D02B
:1047C000DFF8FCC1ACF1480C614513D0DFF8F0C153
:1047D000ACF1300C61450DD0DFF8E4C1ACF1180C40
:1047E000614507D0594505D0514503D0A94201D0B4
:1047F000B1422CD1DFF8B4C14FF0040880F8358005
:10480000ACF1180C61451DD091421BD0994219D0D2
:10481000A14217D0494515D0714513D0B94211D0E6
:104820006648183081420DD065486038814209D011
:1048300063484838814205D061483038814201D010
:104840005F481838086820F001000860ABE0D1F834
:1048500000C02CF00E08DFF854C1C1F80080ACF1A4
:10486000180C0168614527D0914225D0994223D088
:10487000A14221D049451FD071451DD0B9421BD05E
:10488000DFF838C10CF1180C614515D0DFF830C1E4
:10489000ACF1600C61450FD0DFF824C1ACF1480CDD
:1048A000614509D0DFF818C1ACF1300C614503D087
:1048B000DFF80CC1ACF1180CD1F800C02CF0010CE1
:1048C000C1F800C0DFF8E4804FF0010C0168A8F1E6
:1048D0001808414546D0914244D0994242D0A14265
:1048E00040D049453ED071453CD0B9423AD0334AD8
:1048F0001832914236D0324A603A914232D0304A30
:10490000483A91422ED02E4A303A91422AD02C4A2F
:10491000183A914226D0594524D0514522D0A94277
:1049200020D0B1421ED02A4A91421BD0284A1432CC
:10493000914217D0264A2832914213D0244A3C3261
:1049400091420FD0224A503291420BD0204A643219
:10495000914207D01E4A7832914203D01C4A8C32D1
:10496000914218D1016E0A6822F480720A6090F8B0
:104970005C20816D02F01F020CFA02F24A60D0E95D
:1049800019124A60C16E31B10A6822F480720A605D
:10499000D0E91C124A600022016D80F835C080F811
:1049A000342001B188470020DCE6000028000240E6
:1049B000580002407000024088000240A0000240FF
:1049C0007004024088040240A0040240B80402407F
:1049D00008540258406D70472DE9FC5F0446F74EBD
:1049E0000020DFF8D88300904FF41652F44808F105
:1049F0001808A56DDFF8C493DFF8C0A3016809F1BA
:104A0000300920680AF1480AB1FBF2F1B042019185
:104A10002F68D5F800C0DFF8ACB335D041468842E6
:104A200032D0484530D050452ED058452CD0E5499D
:104A30001831884228D0E3493031884224D0E149F6
:104A40004831884220D0E04988421DD0DE491831E3
:104A5000884219D0DC493031884215D0DA494831D2
:104A6000884211D0DFF860E30EF1600E70450BD084
:104A7000D54A7832904207D0D34B9033984203D036
:104A8000D149A83188427DD194F85C20082102F0F8
:104A90001F0201FA02F23A424AD0B04232D04045F7
:104AA00030D048452ED050452CD058452AD0C54A44
:104AB0001832904226D0C34A3032904222D0C14AA6
:104AC000483290421ED0C04A90421BD0BE4A183293
:104AD000904217D0BC4A3032904213D0BA4A483282
:104AE00090420FD0B84A603290420BD0B64A78322A
:104AF000904207D0B44A9032904203D0B24AA832D2
:104B0000904203D1026802F0040202E0026802F05F
:104B100008026AB1026822F00402026094F85C00A4
:104B200000F01F008140A960606D40F001006065E9
:104B300094F85C00012100F01F008140394240D010
:104B40002068B04234D0404532D0484530D050453E
:104B50002ED058452CD09B4A1832904228D0994AE2
:104B60003032904224D0974A4832904220D0964A20
:104B700090421DD0944A1832904219D0924A303255
:104B8000904200E0AFE113D08F4A483290420FD0FC
:104B90008D4A603290420BD08B4A7832904207D0D7
:104BA000894A9032904203D0874AA83290427DD100
:104BB000406910F0800F04D0A960606D40F00200E1
:104BC000606594F85C00042100F01F0081403942C8
:104BD0003ED02068B04232D0404530D048452ED03B
:104BE00050452CD058452AD0764A1832904226D0CB
:104BF000744A3032904222D0724A483290421ED0DB
:104C0000714A90421BD0704A1832904217D06E4AB7
:104C10003032904213D06C4A483290420FD06A4AE8
:104C2000603290420BD0684A7832904207D0664A90
:104C30009032904203D0644AA83290424ED100682C
:104C400010F0020F04D0A960606D40F004006065B0
:104C500094F85C00102100F01F008140394258D0C8
:104C60002068B04234D0404532D0484530D050451D
:104C70002ED058452CD0534A1832904228D0514A51
:104C80003032904224D04F4A4832904220D04E4A8F
:104C900090421DD04C4A1832904219D04A4A3032C4
:104CA000904215D0484A4832904200E014E00FD0BC
:104CB000454A603290420BD0434A7832904207D046
:104CC000414A9032904203D03F4AA832904207D1E5
:104CD000006800F0080006E0006872E70068B7E7C7
:104CE000006800F00400A0B1A960206801684903D1
:104CF00004D50068000308D5A16C07E00168C90568
:104D000003D4016821F008010160216C09B120463B
:104D1000884794F85C00202100F01F008140394250
:104D200079D02068B04232D0404530D048452ED0AE
:104D300050452CD058452AD0224A1832904226D0CD
:104D4000204A3032904222D01E4A483290421ED031
:104D50001D4A90421BD01C4A1832904217D01A4A62
:104D60003032904213D0184A483290420FD0164A3F
:104D7000603290420BD0144A7832904207D0124AE7
:104D80009032904203D0104AA832904203D100687A
:104D900000F0100002E0006800F00200B0B3A9606B
:104DA00094F835000428206801680FD049037ED5A7
:104DB000006800032BD4616C2AE000001000024060
:104DC000B0000124700002401004024021F01601DE
:104DD00001602068416921F080014161206C08B9BF
:104DE000A06C20B12068016821F00801016094F8EE
:104DF0005C303F21012003F01F0300229940A9608D
:104E000084F8350084F83420216D65E003E0E16B1F
:104E100009B120468847606D00287DD0606DC007CD
:104E200059D02068042184F83510B0422BD0404579
:104E300029D0484527D0504525D0584523D09D49F5
:104E4000884220D09B49183188421CD09949303182
:104E5000884218D09849884215D09749183188421D
:104E600011D09549303188420DD09349483188425C
:104E700009D091496031884205D08F497831884204
:104E800001D08D499031016821F001010160206855
:104E90000099019A491C0091914202D80168C90702
:104EA000F6D10068C00710D003200FE0FFE70168CB
:104EB000C905ACD403680121002223F0100303606C
:104EC00084F8351084F83420A1E7012084F83500F7
:104ED000002084F83400E16C00291DD002B0204687
:104EE000BDE8F05F0847754988421DD07349143109
:104EF000884219D071492831884215D06F493C3118
:104F0000884211D06D49503188420DD06B496431CF
:104F1000884209D0694900E084E07831884203D0B2
:104F200066498C3188427DD194F85C800427016801
:104F300008F01F0807FA08F717EA0C0F009746D089
:104F40004F0744D500980F04686003D5C8033CD4CC
:104F5000A16CC1E7880638D42068B0422DD05549ED
:104F60006039884229D0484527D0504525D058453A
:104F700023D05049884220D04E49183188421CD055
:104F80004C493031884218D04B49884215D04A49A3
:104F90001831884211D04849303188420DD04649F5
:104FA0004831884209D0704507D0904205D09842D8
:104FB00003D04149A831884203D1016821F008019A
:104FC00002E0016821F004010160216C84E70227FE
:104FD00007FA08F717EA0C0F00974ED08F074CD549
:104FE00000980F04686003D5C80344D4616C73E76C
:104FF000880640D42068B0422FD02E4960398842BC
:105000002BD0484529D0504527D0584525D029498F
:10501000884222D02749183188421ED02549303194
:10502000884200E044E018D02349884215D0224944
:105030001831884211D02049303188420DD01E49A4
:105040004831884209D0704507D0904205D0984237
:1050500003D01949A831884203D1016821F0140115
:1050600002E0016821F00A010160012184F8351095
:10507000002084F83400E16B2EE7082202FA08F2DF
:1050800012EA0C0F14D0090712D5016821F00E01A5
:10509000016094F85C100120002201F01F0100FA69
:1050A00001F16960606584F8350084F8342012E706
:1050B000BDE8FC9F880002401004024008540258DA
:1050C0002DE9F05F044601F0B5FA002C07467DD0CB
:1050D000E24E022120684FF00308DFF884934FF07E
:1050E0000005DFF880A3B042DFF87CB334D0DB4AA0
:1050F0001832904230D048452ED050452CD05845DB
:105100002AD0D94A1832904226D0D74A303290421B
:1051100022D0D54A483290421ED0D44A90421BD069
:10512000D24A1832904217D0D04A3032904213D02F
:10513000CE4A483290420FD0CC4A603290420BD0D7
:10514000CA4A7832904207D0C84A9032904203D07F
:10515000C64AA83290427DD184F83510B04284F816
:1051600034502ED0BD49183188422AD0484528D025
:10517000504526D0584524D0BB491831884220D00C
:10518000B949303188421CD0B7494831884218D0DB
:10519000B649884215D0B5491831884211D0B34973
:1051A000303188420DD0B1494831884209D0AF49E9
:1051B0006031884205D0AD497831884201D0AB4991
:1051C0009031016821F00101016008E025E100BF94
:1051D00001F030FAC01B052801D920211AE120680E
:1051E0000068C007F4D1D4E90203216810341843E1
:1051F0008E4694E88410D4E9033809683A43104392
:105200009B4A40EA0C00676918431140103C40EA91
:105210000800042F40EA010003D1D4E90B12114326
:1052200008436168A1F12902052A0BD9163A032A1D
:1052300008D9083A012A05D9083A032A02D974394B
:10524000032901D840F48010CEF800002068676A76
:10525000406900E020E0042F20F0070047EA000743
:105260000DD1D4E90A01074349B12046FEF7BEF843
:1052700028B140206065012184F83510CDE0206818
:1052800047612046FDF7D0FF94F85C203F2102F0F3
:105290001F029140816055E0764A90421BD0754BC9
:1052A0001433984217D0734B2833984213D0714B64
:1052B0003C3398420FD06F4B503398420BD06D4B1C
:1052C0006433984207D06B4B7833984203D0694BD4
:1052D0008C3398427ED184F8351084F83450664B74
:1052E0000168A26801EA030E402A74D0802A73D0B4
:1052F0005FF00002D4E90378D4E9053142EAD7022D
:1053000042EAD8085B4AD4E9077C48EAD30848EA6D
:10531000D10141EAD701524241EA1C11142341EA6A
:105320000E01016020681044B0FBF3F08000E065DE
:105330002046FDF779FF94F85C20012102F01F025E
:10534000914041602068B04257D0444918318842AA
:1053500053D0484551D050454FD058454DD0424983
:105360001831884249D040493031884245D03E49C1
:105370004831884241D03D4988423ED03B491831AE
:1053800088423AD039493031884236D0374948319D
:10539000884232D03549603188422ED03349783145
:1053A00088422AD031499031884226D02F49A831ED
:1053B000884222D02F4988421FD02E49143188427A
:1053C0001BD02C492831884217D02A493C318842C9
:1053D00013D002E01DE017E018E026495031884262
:1053E0000BD024496431884207D022497831884261
:1053F00003D020498C31884229D12046FDF76EFF29
:10540000A06880280CD00CE0102273E74FF4804293
:1054100070E74021616584F835800120BDE8F09F88
:105420006560216E20790860D4E9190141606068E7
:10543000401E072808D82046FDF79EFFE06E056055
:10544000D4E91C01416002E0E5662567656701203B
:10545000656584F835000020E0E700001000024098
:105460004000024058000240700002401004024018
:105470003F8010FE085402580F00FEFF2DE9F84F40
:1054800004008C464FF00000009014D094F83400D3
:10549000012812D094F835500120002184F83400FE
:1054A000012D0CD0C00260650120009084F83410FA
:1054B0000098BDE8F88F0120FBE70220F9E78C4D4A
:1054C0000226206884F83560A8428A4D61658A4EBC
:1054D0008A4FDFF82C82DFF82C92DFF82CA2DFF85D
:1054E0002CB226D0A84224D0B04222D0B84220D03C
:1054F00040451ED048451CD050451AD0584518D0BC
:105500008349884215D082491831884211D0804998
:10551000303188420DD07E494831884209D07C49DB
:105520006031884205D07A497831884201D0784983
:105530009031016821F00101016061462046FDF7CC
:105540007FFF6B49206888422CD0A8422AD0B04205
:1055500028D0B84226D0404524D0484522D05045D6
:1055600020D058451ED06A4A90421BD0684A183253
:10557000904217D0664A3032904213D0644A483283
:1055800090420FD0624A603290420BD0604A78322B
:10559000904207D05E4A9032904203D05C4AA832D3
:1055A00090420CD1026822F01E0242F01602026004
:1055B000206C88B12068026842F008020BE00268A3
:1055C00022F00E0242F00A020260206C20B1206834
:1055D000026842F004020260206888424BD0A84270
:1055E00049D0B04247D0B84245D0404543D0484565
:1055F00041D050453FD058453DD0454A90423AD0E1
:10560000434A1832904236D0414A3032904232D02A
:105610003F4A483290422ED03D4A603290422AD0D2
:105620003B4A7832904226D0394A9032904222D07A
:10563000374AA83290421ED0364A90421BD0354A93
:105640001432904217D0334A2832904213D0314A54
:105650003C3290420FD02F4A503290420BD02D4A0C
:105660006432904207D02B4A7832904203D0294AC4
:105670008C3290420DD1206E0268D20303D50268AD
:1056800042F480720260E06E18B1026842F48072E7
:1056900002602068884226D0A84224D0B04222D09E
:1056A000B84220D040451ED048451CD050451AD0A5
:1056B000584518D01649884215D0154918318842E6
:1056C00011D01349303188420DD0114948318842F8
:1056D00009D00F496031884205D00D4978318842A0
:1056E00001D00B499031016841F001010160DFE612
:1056F00010000240280002404000024058000240D2
:105700007000024088000240A0000240B800024041
:10571000100402400854025870B5044600F08AFF95
:105720000546601C02D004480078044400F082FF63
:10573000401BA042FAD370BDA400012410B590F81C
:105740009830012B09D0022B07D0D0F89C1041F0E3
:105750000201C0F89C10012010BD03689C6D0C4232
:1057600003D1DC6D44F0010404E09C6D31EA0404D3
:105770001FD00324DC658B0505D50368D3F8E04012
:105780001443C3F8E0404B0505D50368D3F8E44063
:105790001443C3F8E4400068084A01EA0203446D78
:1057A000074A1C434465106840EA9170106000206D
:1057B00010BDDC6D44F00204DCE70000FFFFCF3FCA
:1057C00014A8004070B5044690F89800022804D050
:1057D000D4F89C0040F008000DE02068D0F8C030FC
:1057E00013F07C5F0BD0D0F8C4309B020CD5D4F8FA
:1057F0009C0040F40070C4F89C00012070BDD4F8F7
:105800009C0040F02000F6E7D0F8C400C0F3044547
:1058100020462B46FEF73EF821680120A840C1F83B
:10582000D000C4F89400002070BD704790F8983004
:10583000012B07D0D0F89C1041F00401C0F89C1057
:105840000120704761B10068012913D0D0F8B01071
:1058500021F0FE4141EA0261C0F8B010002070471B
:105860000068D0F8F01021F07C5141EA0261C0F8E4
:10587000F010F3E7D0F8A01021F0FE4141EA0261F8
:10588000C0F8A010EAE770B590F89820012A09D076
:10589000022A07D0D0F89C1041F00201C0F89C10F9
:1058A000012070BD0B68CA6883B10B69072A43EAFF
:1058B000427325D00C7A4A6942EA84724968006FC3
:1058C00000EBC100C0E90032002070BD072A0DD0F6
:1058D0000C7AD6060D8A4B6943EA847246EA054380
:1058E000C06E49681A4340F82120EDE70B8A4FF05B
:1058F0006055D1E9062442EA034245EA0423EFE772
:105900008A69DBE730B590F89850039C012D07D0E9
:10591000D0F89C1041F00401C0F89C10012030BD6B
:105920000D01016845EA820040EA43002043C1F8C6
:105930008000002030BD7047084A10B590420BD15E
:10594000880109D506480EF03EFC0648002180F883
:105950004C104169491C416110BD0000F0710124E7
:10596000C0090224A05F02240068402905D0D0F8B5
:10597000B40000BF00F07F007047D0F8A400F9E742
:10598000F0B590F898500024022D04D0D0F89C1067
:1059900041F0080129E0402905D0412929D0056DB1
:1059A0008D4219D942E00568D5F8A06016F4FE0FC3
:1059B00012D0D5F8A460760613D0D5F8A460F6010D
:1059C00005D5D5F8A06016F0004F00D50124D5F814
:1059D000A470466F456C24E0D0F89C1041F0200183
:1059E00003E0D0F89C1041F48071C0F89C100120B5
:1059F000F0BD0568D5F8B06016F4FE0FECD0D5F810
:105A0000B4607606EDD0D5F8B460F60105D5D5F8CA
:105A1000B06016F0004F00D50124D5F8B470866F41
:105A2000C56CC7F305273C44654302E0456DC66F6E
:105A30004D4306EB85052E6816F0804656602E68AD
:105A400036D026F060461660D5F800C000262E4FEE
:105A50000CF0005CC2F808C0D5F800C00CF0004C97
:105A6000C2F810C0B5F804C01FFA8CFCC2F81CC004
:105A7000D5F804C0CCF3034CC2F80CC0D5F804C070
:105A80000CF4801CC2F814C0D5F804C00CF4001C3F
:105A9000C2F818C0D5F804C0CCF3066CC2F820C018
:105AA000D5F804C008354FEADC7CC2F824C008E011
:105AB000C6F38A46C7E700BF15F806C003F806C05C
:105AC000761CD2F80CC017F80CC0B445F4D84029A5
:105AD0000AD041290CD020294FF001020CD20068D5
:105AE0008A40C0F898200DE00068C0F8A84009E09E
:105AF0000068C0F8B84005E0006801F01F018A4066
:105B0000C0F89C200020F0BDE00403080068D0F835
:105B1000C40000F03F007047704700002DE9FF5FB0
:105B2000DFF80CB304460BF10401DBF80000256834
:105B30000F68AA468007D5F85090696DD5F8508057
:105B40006E6D2A6DD5F854C02B6D00EA87700090F9
:105B500009F470496F6D286D01EA09010191DAF8C5
:105B60005410DAF85490DAF8505008F00F0806EAAA
:105B70000806029602F0F00203F071536FEA09067C
:105B80001F4000F060700CEA020CCDF80CC0F2056A
:105B900001EA00090CD4E843C00509D400214FF400
:105BA0008073CAF85030CBF800102046FFF7B4FFDE
:105BB000700512D4E84340050FD4206800234FF449
:105BC0008068D0F8DC20D0F8E410C0F85080CBF822
:105BD00000301140204600F014FCDFF858A2009875
:105BE00050B12268830F00EA0A001065CBF800303C
:105BF00020460099FFF719FE019850B12268830FE3
:105C000000EA0A001065CBF800302046019900F048
:105C1000FAFB029850B12268830F00EA0A0010656F
:105C2000CBF800302046029900F012FB039850B1E7
:105C30002268830F00EA0A001065CBF80030204686
:105C4000039900F07FFB30050CD4E843000509D42C
:105C5000236800204FF400621A65CBF8000020464C
:105C600000F0D2FBB00512D4E84380050FD42068C1
:105C700000234FF40078D0F8D820D0F8E010C0F816
:105C80005080CBF800301140204600F0BBFB3003C1
:105C90000CD4E843000309D4236800204FF4002209
:105CA0001A65CBF80000204600F0D0FAF0030CD4BF
:105CB000E843C00309D4236800204FF480321A65FA
:105CC000CBF80000204600F09BFB70030CD4E843A7
:105CD000400309D4226800204FF480231365CBF8D9
:105CE0000000204600F08BFBB0030FD4E843800394
:105CF0000CD4236800204FF400321A65CBF8000062
:105D0000D4F89C0040F08000C4F89C00B9F1000F6A
:105D10000BD022684FEA997309EA0A001065CBF8A4
:105D2000003049462046FFF707FE5FB12268BB0FEF
:105D300007EA0A001065CBF80030D4F89C0038431D
:105D4000C4F89C003C492068884268D1606881465C
:105D50008068800763D0D9F82060D9F82410D9F87A
:105D60002080D9F82400D9F820C0D9F82470D9F8B7
:105D70002030D9F82450D9F8202003F4FC4306F051
:105D80000F0AD9F824601D40D9F824B008F0300873
:105D90000CF4C07C02F4F02211EA0A0100EA0808BF
:105DA00007EA0C0706EA0206D9F820A004D0C9F8D1
:105DB0002010204600F020FBB8F1000005D06168FB
:105DC00008624146204600F019FB6FEA0B004006CE
:105DD0000ED46FEA0A0040060AD460684021C36B03
:105DE000C26B01622046190C02F03F0200F005FB75
:105DF0002FB1606807623946204600F0FCFA35B1E1
:105E000060680562D4F89C002843C4F89C0036B151
:105E100060680662D4F89C003043C4F89C00D4F853
:105E20009C00002802D02046FFF785FDBDE8FF9FBB
:105E300010A80040FFFFCF3F00A000402DE9F04137
:105E400094B08D494C2204466846FAF7EFFE64B1DF
:105E50008A4D2068A84202D100F58070606094F8F5
:105E600098004FF0000820B108E0012014B0BDE810
:105E7000F081204684F8998000F002F92068816959
:105E800021F01001816100F0D5FB0327064604E0F4
:105E900000F0D0FB801B0A2811D820688069000719
:105EA000F6D42068816941F00101816100F0C2FBF4
:105EB00006460DE000F0BEFB801B0A2808D9D4F886
:105EC0009C0040F00100C4F89C0084F89870CCE776
:105ED00020688069C007EDD02068816941F0020127
:105EE0008161207C01282068816937D041F0400120
:105EF0008161607C01282068816932D021F4804171
:105F00008161A07C0128206881692DD041F48051F5
:105F100081612068A268816921F440711143816127
:105F20002068816921F0A40181612068016921F064
:105F300010010161E068012819D010B302281BD0BC
:105F40002068816941F0800181612068016941F028
:105F500010010161E06803280ED012E021F0400139
:105F6000C6E741F48041CBE721F48051D0E72068B7
:105F7000816941F0040103E02068816941F020015A
:105F80008161207E6FF0FF02D4E90773A68A1102B7
:105F9000400602EB0727A0F10070384327685B1E1C
:105FA000184301EB06463043F861A068B0F5407F26
:105FB00011D104F12800A68C6FF00F0C89C801EBF9
:105FC0000641401E02EB0322104322680CEB07132C
:105FD00018430843D060206E30B12068626ED0F85C
:105FE000C0101143C0F8C010D4E917126846D1425E
:105FF00009D02168A36E51F8C82F50F8233022F041
:1060000007021A430A60216C49B12168626C51F899
:10601000BC3F50F8226023F0070232430A60A16CB3
:1060200051B12168E36C51F8BC2F50F8233022F0B5
:10603000700242EA03120A60216D51B12168626D5B
:1060400051F8BC3F50F8220023F4E06242EA0020FD
:1060500008602068A84204D16068816821F00301CB
:106060008160C4F894800121C4F89C8084F8981061
:106070002046FDF72BFBF9E6F004030800A00040E2
:106080002DE9F047B4B0814614212EA8FAF72AFE74
:10609000B8216846FAF726FE664C0026D9F80000BB
:1060A0004FF08051644A0C3C614F4FF00208614D43
:1060B0009042DFF888A14FF0090938D100201B91E8
:1060C0004A13CDE90020684601F068FC08B1FDF7ED
:1060D000D4FA3868401C3860012807D1286840F499
:1060E00080702860286800F480703390206840F049
:1060F00008002060206803222E922EA900F00800DC
:10610000CDE92F863196CDE93290504600F07EF9E8
:1061100000220521132000F05BFB132000F04AFB56
:1061200000220521152000F053FB15203BE0444AD6
:1061300090423DD100201B914FF40042CDE9002058
:10614000684601F02BFC08B1FDF797FA3868401C4F
:106150003860012807D1286840F4807028602868DA
:1061600000F480703390206840F0020020602068C6
:1061700060222E922EA900F00200CDE92F863196E2
:10618000CDE932902F4800F041F90022052114207A
:1061900000F01EFB142000F00DFB0022052116204C
:1061A00000F016FB162000F005FB34B0BDE8F087C8
:1061B000254A9042F9D100201B914FF40042CDE9CD
:1061C0000020684601F0EAFB08B1FDF756FA38688E
:1061D000401C3860012807D1286840F4807028608E
:1061E000286800F480703390206840F00800206038
:1061F00020684FF440512E91052200F00800CDE9AF
:106200002F862EA93196CDE93220504600F0FEF8B7
:10621000002205219F2000F0DBFA9F2000F0CAFA3F
:1062200000220521A02000F0D3FAA020BBE7000047
:106230002C000124EC44025800A00040000C02583D
:1062400000A400400004025800D400407047000041
:106250002DE9F04F374A97B082464FF00007904241
:1062600064D1C80762D00026334DB1464EE02821E4
:1062700004A8FAF737FD402150460EABCDF8389010
:1062800004AACDF83C90FFF77BFB18B16868401C6E
:10629000686041E0059830BB069820BB0A9810BBA7
:1062A000099800BB0498B0F5006F1CD2DDF81C8083
:1062B00000240DF1480B204601A928F067F870B1C1
:1062C000019941450BD18BF800400EAA04989DF826
:1062D000483081B213A80DF04CFF20B907E0641CD0
:1062E000E4B2082CE7D96868401C68600AE01348EB
:1062F00013A90DF09BFF18B1A868401CA86001E02D
:106300007F1CFFB2761CF6B2202E05D240215046EB
:10631000FFF72AFB0028AAD1002F07D00848006801
:10632000002803D017B0BDE8F04F004717B0BDE814
:10633000F08F0000F0710124A05F0224C009022444
:10634000D0000124704790F89810012907D0D0F8A8
:106350009C1041F00401C0F89C10012070470221FC
:1063600080F89810002201688B6923F001038B618B
:10637000C0F89C201046704710B590F89810002285
:10638000022906D0D0F89C1041F00801C0F89C10FA
:1063900012E0016803238C6944F001048C610168F8
:1063A0000DE0322A0AD900BFD0F89C1041F001015B
:1063B000C0F89C1080F89830012010BD521C8C69E8
:1063C000E407EED08C69002224F010048C6101688F
:1063D00002E0322AE8D8521C8C692407F9D48C696F
:1063E0000023012244F002048C61C0F8943080F84C
:1063F0009820184610BD7047704770477047704727
:106400007047704770477047704700002DE9F84F9C
:1064100003247A4D00234FF001094FF0B04B4FF0A9
:106420000F0AE4E009FA03F6324078D00F7907F05A
:106430000307012F01D0022F1AD187684FEA430EBC
:10644000D1F80CC004FA0EF827EA08070CFA0EFC83
:106450004CEA070CC0F808C0476891F804C0B7437D
:10646000CCF3001C0CFA03FC4CEA070CC0F804C087
:106470000E79F643B6070BD0C6684FEA43088F681B
:1064800004FA08FC26EA0C0607FA08F73743C76047
:106490000E7906F00306022E12D1DE080F694FEACC
:1064A000437C00EB8606B646366A4FEADC6C0AFA95
:1064B0000CF807FA0CF726EA08063743CEF82070E6
:1064C0000F7906684FEA430807F0030704FA08FC4F
:1064D00007FA08F726EA0C06374307604E6816F4F9
:1064E000403F1CD0464E376847F002073760366899
:1064F0009F0706F00206009623F0030606F1B04659
:10650000B6463F0FD6F80864DFF8F8800AFA07FCB1
:10651000404526EA0C0603D14FF0000C3AE065E056
:10652000DFF8E4C0604502D14FF0010C32E0DFF843
:10653000DCC0604502D14FF0020C2BE0DFF8D0C088
:10654000604502D14FF0030C24E0DFF8C8C060457D
:1065500002D14FF0040C1DE0DFF8BCC0604502D151
:106560004FF0050C16E0DFF8B4C0604502D14FF0E3
:10657000060C0FE0DFF8A8C0604502D14FF0070C11
:1065800008E0DFF8A0C0604502D14FF0090C01E03F
:106590004FF00A0C0CFA07FC4CEA060CCEF808C4C3
:1065A0004F68DBF80060FF0226EA020600D51643BA
:1065B0005F46CBF80060D1F804C0DBF804605FEA06
:1065C0008C2C26EA020600D516437E606E684F6862
:1065D00026EA0206BF0300D516436E602E684F6898
:1065E00026EA0206FF0300D516432E605B1C0A68EC
:1065F00032FA03F67FF416AFBDE8F88F800000583A
:10660000F4440258000002580004025800080258DE
:10661000000C0258001002580014025800180258CA
:10662000001C0258002402580AB181617047090415
:10663000FBE700000148806870470000A4000124C7
:10664000014800687047000000E8F11F0148006839
:106650007047000004E8F11F01480068704700001F
:1066600008E8F11F02488168027811448160704790
:10667000A4000124032010B500F0CAF801F0CEFFF9
:106680000F4A104914681368C4F3032203F00F0380
:106690008A5CC95C02F01F0201F01F01D0400A4A67
:1066A00020FA01F11160094908600F2000F010F88C
:1066B00008B1012010BD00F04DF8002010BD000011
:1066C000184402583C050308B4000124B00001241A
:1066D00010B5102804468AB02AD200220146A12013
:1066E00000F076F8A12000F065F815480460154820
:1066F000016841F080710160006808A900F08070B5
:106700000990684601F016FF01F076FF0E4940003F
:1067100000220E4CB0FBF1F10D4840F2E73304606B
:10672000C0E90332491EC0E9011202F098FE10B11F
:1067300001200AB010BD064802F0C4FEF9E70000CF
:10674000A8000124EC44025840420F0000E0004041
:10675000D0730124074882B0016841F00201016052
:10676000006800220F2100F002000090901E02B08D
:1067700000F02EB8F4440258002809DB410900F06B
:106780001F028900012001F1E0219040C1F8800240
:10679000704700280DDB410900F01F02890001202D
:1067A00001F1E0219040C1F88001BFF34F8FBFF3AA
:1067B0006F8F7047002809DB410900F01F02890034
:1067C000012001F1E0219040C1F800017047000074
:1067D0000E4BF0B41B680D46C3F30223C3F107064A
:1067E000042E00D90426191D072901D2002300E038
:1067F000DB1E012404FA06F19C40491E2940641E58
:10680000994014402143F0BC05F071BE0CED00E04E
:10681000064900F0070210B54FF6FF040868044B64
:10682000204040EA02201843086010BD0CED00E053
:106830000000FA0501680123C0F8D834002280F86E
:10684000CC248869044A40F000608861486D104398
:106850004865002070470000030000107047006882
:10686000416200207047F0B503685D6A39B19F6AE4
:106870004C1E00204FF4827605EB17450BE045EAED
:106880000240986210E0471C06EB800053F800C0FD
:10689000F8B205EB1C45A042F5D34FF4807000EB35
:1068A000810045EA02421A500020F0BDD0F8E00411
:1068B00004F003BD01EBC10200EB8202D0F8E0045A
:1068C000126A04F056BC01EBC10200EB8202D0F860
:1068D000E004D2F8602204F0A8BCD0F8E00404F090
:1068E000EEBC0A0601F00F0101EBC10100EB8101D2
:1068F00001D5143101E001F51571006805F0D8BB30
:1069000001F00F020B0670B502EBC20104464FF016
:1069100001004FF0000504EB810102D548751431E8
:1069200003E081F8555201F515710A7094F894242A
:10693000012A08D084F89404206805F0DBF80020D0
:1069400084F8945470BD022070BD70B5027904467D
:1069500001F00F00904201D9012070BD01F00F023B
:106960004FF000050B0602EBC2014FF0010204EBF1
:10697000810102D54A75143103E081F8555201F5C1
:1069800015718D70087094F89404012808D084F86B
:106990009424206805F018FA002084F8945470BDFF
:1069A000022070BD01F00F0101EBC10100EB81007D
:1069B000D0F8680270472DE9F04101F00F06044657
:1069C0000D064FF0010006EBC6014FF0000504EB89
:1069D000810102D54875143103E081F8555201F563
:1069E00015714F788A600B710E7007B14E83022BC0
:1069F00000D14D7194F89424012A09D084F89404AC
:106A0000206804F0BFFF284684F89454BDE8F08164
:106A10000220FBE770B501F00F05002405EBC5016E
:106A200000EB810101F5187181E81C0001F80B4CA5
:106A300001F80C5D8379012B00D1CA61827900686D
:106A400005F01AFA002070BD70B50D4601790446B4
:106A500005F00F00884201D9012070BD29064FF0D2
:106A600000064FF0010206D500EBC00104EB8101E6
:106A70004A75143107E005EBC50104EB810181F88B
:106A8000556201F515718A70087094F89404012814
:106A900007D084F89424206805F0C2F9280702D0B2
:106AA00007E0022070BDA17904F29C42206805F045
:106AB0005FF9002084F8946470BD70B501F00F0494
:106AC000002504EBC401012600EB8101203181E89F
:106AD0002C0001F80B6C01F80C4D8379012B00D1CF
:106AE000CA618279006805F0C7F9002070BD000016
:106AF0002DE9FC5F05680446284605F075FB002873
:106B00007ED1206805F09CFB002879D0D5F80808D4
:106B1000C0F30D20C4F8D404206805F091FB800771
:106B200004D52068416901F002014161206805F047
:106B300087FBC10604F29C40009035D5206881692E
:106B400021F0100181612F6A07F00F01C7F3434064
:106B500001EBC101022804EB810606F5157602D08F
:106B6000062812D01BE047F6F070074217D0C7F393
:106B70000A12F1681746284605F066FB7169F0684D
:106B8000394471613844F06009E0009908222846D0
:106B900005F05AFB7069C7F30A1108447061206858
:106BA000816941F010018161206805F049FB000313
:106BB0004FF0080B4FF0000A4FF001097CD5206818
:106BC000002605F01CFB074674E0F80770D020682B
:106BD000F1B205F02DFB8046C00707D005EB46114A
:106BE000C1F8089B3146204603F038F85FEA087088
:106BF00024D505EB4611C1F808BBFA49206800E02E
:106C00003EE2026C00EB461001928A42D0F8081B6B
:106C100005D9090403D54FF40041C0F8081B2046EC
:106C200000F001FBEF490198884207D9A0790128BB
:106C300004D120680121009A05F09AF85FEAC86043
:106C400004D505EB46111020C1F8080B5FEA8870E7
:106C50001DD56869000605D5D5F8040840F48061A3
:106C6000C5F8041806EBC60004EB800090F8571234
:106C700000F51570012905D180F803A02046F1B276
:106C800000F004FA05EB46110220C1F8080B5FEA98
:106C9000886004D505EB46112020C1F8080B5FEA97
:106CA000884005D505EB46114FF40050C1F8080B9C
:106CB0007F08761C002F88D1206805F0C1FA4003B8
:106CC0006ED5206805F094FA0026074666E0F807BE
:106CD00062D02068F1B205F099FA8046C00723D04F
:106CE000D5F8342806F00F0105EB461309FA01F137
:106CF0008A43C5F83428C3F80899A07901280FD130
:106D000006EBC60004EB8000D0E9072111440162C4
:106D100036B9606A20B920680121009A05F028F888
:106D20002046F1B2FFF7C6FD5FEA087003D505EB18
:106D30004611C1F808B95FEAC86004D505EB4611F1
:106D40001020C1F808095FEA486004D505EB461138
:106D50004020C1F808095FEA887016D531462846F8
:106D600005F017FA06EBC60004EB8000C17D143075
:106D7000012905D180F803A02046F1B200F082F984
:106D800005EB46110220C1F808095FEA086003D547
:106D90003146204602F0C8FF7F08761C002F96D1AE
:106DA000206805F04DFA002811DAD5F8040820F023
:106DB0000101C5F8041894F8CC0401283BD0204602
:106DC00000F016FA2068416901F000414161206835
:106DD00005F036FA00050BD5D5F80808C00702D033
:106DE000204600F049FA2068416901F400614161E0
:106DF000206805F025FA00010AD52068416901F0F4
:106E00000061416194F8CC04E0B1204600F034FA0E
:106E1000206805F015FAC00472D5D5F8040820F0F2
:106E20000101C5F804182068102105F0B2F900210D
:106E30004FF67F322DE00021204684F8CCA4FFF7E6
:106E40000DFDBFE784F8CC942068406D0121C0F3AC
:106E50008300C4F8D0042046FFF700FDD8E700BF48
:106E600005EB4110C0F80829D0F8003923F40013CD
:106E7000C0F80039C0F8082BD0F8003B23F4001309
:106E8000C0F8003BD0F8003B43F00063C0F8003B83
:106E9000491C20798842E3D8D5F81C0840F001113C
:106EA000C5F81C18E07B68B1D5F8840840F00B01E8
:106EB000C5F88418D5F8440840F00B012846C5F8F9
:106EC00044180DE0D5F8140842F22B010843C5F828
:106ED0001408D5F8100840F00B012846C5F8101822
:106EE000D0F8000820F4FE61C5F80018A1792068E8
:106EF000009A04F03DFF2068416901F4805141612E
:106F0000206805F09DF9800415D5206804F07AFD0D
:106F1000206805F05CF9E07101F03AFBE279014686
:106F2000206805F0F1F9204600F04CF9206841692D
:106F300001F400514161206805F082F9000707D58E
:106F4000204600F059F92068416901F008014161CB
:106F5000206805F075F9000616D5A869012620F00D
:106F60008001A9610DE000BF06EBC60004EB8000C4
:106F700090F85702012803D12046F1B2FFF7B1FC87
:106F8000761C2079B042EFD8206805F059F9C0028C
:106F90001FD501264F4614E006EBC60105EB46104F
:106FA00004EB8101D0F800090A7E012A08D10028EB
:106FB00006DAF0B2CF7540F080012046FFF791FC71
:106FC000761C2079B042E7D82068416901F480112D
:106FD0004161206805F034F9800234D501204B4628
:106FE00029E000000A30544F00EBC00205EB4011CD
:106FF00004EB8202D1F8001B92F85862012E19D1DD
:10700000002917DA94F8D46401F4803106F00106FF
:10701000B1420FD182F85732A96941F08002AA61CA
:107020006969090606D4D5F8040840F40070C5F86B
:10703000040803E0401C21798142D5D820684169C9
:1070400001F400114161206805F0FAF8400007D50D
:107050002046FFF72BFC2068416901F08041416127
:10706000206805F0EDF840070AD5206845686807F4
:1070700002D52046FFF731FC206841682943416072
:10708000BDE8FC9FD0F8E00404F071B9D0F8E0044A
:1070900004F081B9F8B5040004D094F895040025F3
:1070A00010B106E00120F8BD204684F8945400F0A9
:1070B00057F8032084F89504206804F053FE207CE0
:1070C0008DF8000094E80F0004F0AAFC0226B0BB83
:1070D0002068002105F0D8F888BB002001270CE0CB
:1070E00000EBC001421C04EB81014F750D76CD61B0
:1070F0000D624D620875C885D0B221798142EFD802
:10710000002011E000EBC001421C04EB810181F87A
:10711000555281F85852C1F85C52C1F86052C1F81A
:10712000645281F85402D0B221798142EAD8207C9D
:107130008DF8000094E80F0004F05EFD10B184F8B3
:107140009564AFE7207B657484F89574012802D1BB
:107150002046FFF76FFB206804F040FD0020F8BDDB
:1071600010B5B0B00446B8216846F9F7BBFD134925
:107170002068884220D100204FF480214FF4401233
:107180002192CDE90010684600F008FC08B1FCF738
:1071900074FA00F0B3F80A48016841F00071016028
:1071A00000680022052100F000702E904D20FFF7AE
:1071B0000FFB4D20FFF7FEFA30B010BD0000044079
:1071C000D844025870B50446C079012570B1022830
:1071D00001D0FCF752FAD4F8E004294604F04AF949
:1071E000D4F8E004BDE8704004F0FEB80025F2E7F2
:1071F000D0F8E00404F027B9D0F8E00404F02DB989
:1072000010B5044690F8940401280AD00120617456
:1072100084F89404206805F066F8002084F894044B
:1072200010BD022010BDD0F8E02400F29C411046B1
:1072300004F02CB910B590F89414044600680129A4
:1072400009D0012184F89414C168490609D5617BED
:10725000012902D005E0022010BD816B41F480318C
:107260008163206804F073FF206804F0A9FC00200B
:1072700084F8940410BD000010B50446D0F8E00472
:1072800004F046F92068D0F8001E41F00101C0F872
:10729000001EE07A002804D00248016841F006018F
:1072A000016010BD10ED00E0134970B50A68D243CB
:1072B000520705D5096801F00701814213D118E092
:1072C0000A6822F0070202430A60FFF7B3F90A4D89
:1072D0004FF47A760446083D07E000BFFFF7AAF9AD
:1072E000001BB04201D9012070BD2868C043800452
:1072F000F4D4002070BD00000C4802580248016818
:1073000041F08071016070470C48025810B501F0DF
:107310003FF905490968054AC1F30211515C01F0C2
:107320001F01C84010BD0000204402583C0503085E
:107330004A4930B5494C0B1D0A680C3409681D6870
:10734000246802F0030305F00102C1F30511C4F340
:10735000CC04002914FB02F200EE102AF8EE400AD9
:1073600076D0414A9FED3E1ADFED3E1AB7EE000A95
:1073700023B1012B5AD0022B18D15CE0374C283CAA
:1073800023689B0612D5394B246801EE901A1168C8
:10739000C4F3C104F8EE612AE34001EE903AC1F370
:1073A0000801F8EE611A81EEA22A07E002EE101A37
:1073B0001168F8EE422A81EEA22A45E001EE901A09
:1073C0001168F8EE611A40EE811A71EE800A62EEE1
:1073D000200AC1F3462101EE101AB8EE411A31EE2F
:1073E000001AC0EE811ABCEEE11A80ED001A116895
:1073F000C1F3064101EE101AB8EE411A31EE001A3F
:10740000C0EE811ABCEEE11A80ED011A1168C1F3D9
:10741000066101EE101AB8EE411A31EE000A80EE54
:10742000801ABCEEC10A80ED020A30BD01EE901A4E
:10743000DFED0F2A03E001EE901ADFED0E2A11684E
:10744000F8EE611A82EEA12AC1F30801B6E7FFE760
:10745000002101604160816030BD00002844025875
:10746000000000390024744C304402580090D003CE
:107470000024744A001BB74B494930B5484C0B1DDA
:107480000A68143409681D68246802F00303C5F310
:107490000012C1F30531C4F3CC04002914FB02F23D
:1074A00000EE102AF8EE400A75D03F4A9FED3D1AD3
:1074B000B7EE000A6BB1DFED3D1A012B01D0022BB4
:1074C00064D002EE101A1168F8EE422A81EEA22A68
:1074D00021E0334C283C23689B0612D5344B2468AA
:1074E00001EE901A1168C4F3C104F8EE612AE3407A
:1074F00001EE903AC1F30801F8EE611A81EEA22A7A
:107500000BE001EE901ADFED2B2A00BFF8EE611AB6
:10751000116882EEA12AC1F3080101EE901A1168E8
:10752000F8EE611A40EE811A71EE800A62EE200ACE
:10753000C1F3462101EE101AB8EE411A31EE001ADD
:10754000C0EE811ABCEEE11A80ED001A1168C1F399
:10755000064101EE101AB8EE411A31EE001AC0EEE3
:10756000811ABCEEE11A80ED011A1168C1F30661BF
:1075700001EE101AB8EE411A31EE000A80EE801AC0
:10758000BCEEC10A80ED020A30BD04E001EE901AA3
:10759000DFED092ABAE70021016041608160F3E76D
:1075A0002844025800000039384402580024744A24
:1075B0000090D0030024744C001BB74B494930B5F0
:1075C000484C0B1D0A681C3409681D68246802F0C9
:1075D0000303C5F30022C1F30551C4F3CC04002911
:1075E00014FB02F200EE102AF8EE400A75D03F4A72
:1075F0009FED3D1AB7EE000A6BB1DFED3D1A012B8E
:1076000001D0022B64D002EE101A1168F8EE422A63
:1076100081EEA22A21E0334C283C23689B0612D538
:10762000344B246801EE901A1168C4F3C104F8EEDB
:10763000612AE34001EE903AC1F30801F8EE611AC5
:1076400081EEA22A0BE001EE901ADFED2B2A00BF9B
:10765000F8EE611A116882EEA12AC1F3080101EE69
:10766000901A1168F8EE611A40EE811A71EE800AE4
:1076700062EE200AC1F3462101EE101AB8EE411A5B
:1076800031EE001AC0EE811ABCEEE11A80ED001A4C
:107690001168C1F3064101EE101AB8EE411A31EE3D
:1076A000001AC0EE811ABCEEE11A80ED011A1168D1
:1076B000C1F3066101EE101AB8EE411A31EE000A6C
:1076C00080EE801ABCEEC10A80ED020A30BD04E0F3
:1076D00001EE901ADFED092ABAE70021016041604E
:1076E0008160F3E728440258000000394044025802
:1076F0000024744A0090D0030024744C001BB74B44
:107700002DE9F04FA14A0546DFF87CA280F4807095
:10771000DFF8809289B013119F4C08439C48AAF16E
:1077200004064FF0805C4FF0005828D0DFF858B2C4
:1077300085F480670F430BF1080B4FD085F4006789
:107740000F4360D085F480570F4372D085F4005703
:107750000F434FF480394FF4003E69D085F4002781
:107760000F4373D085F480370F4370D085F4804683
:107770000E436DD085F400420A436AD02AE0DAF85D
:10778000001001F00701052924D2DFE801F0F9AA71
:107790006A259F0006A8FFF7CBFD079809B0BDE852
:1077A000F08F6846FFF768FE0098F7E703A8FFF739
:1077B00005FF0398F2E72068C0F3C10022FA00F049
:1077C000ECE72268D2056ED561456CD11846E5E735
:1077D0004145E3D00020E1E74846DFE7DBF8001051
:1077E00001F46001B1F5800F3BD005DC00294AD0DF
:1077F000B1F5001FEED174E0B1F5C00FECD0B1F5DA
:10780000000FE7D162E0DBF8001001F0E061B1F1B8
:10781000007F26D004DCB1B3B1F1807FDAD160E023
:10782000B1F1407FD8D0B1F1806FD3D14EE000E00C
:107830001BE0DAF8001001F4E041B1F5005F10D070
:1078400008DC01B3B1F5805FC4D14AE035E058E00F
:1078500065E088E0B1F5405FBED0B1F5804FB9D1A9
:1078600034E020688000B5D5A0E7DAF8001001F414
:10787000E021B1F5403F6DD006DC61B149457BD0D8
:107880007145A7D158E07BE0B1F5802F66D0B1F506
:10789000A02F9FD10DE000F09DFE7FE76846FFF727
:1078A000EBFD01987AE728E003A8FFF787FE04982C
:1078B00074E7216889038AD48CE7DBF8001011F49F
:1078C00040310ED0494510D0714583D131682568CB
:1078D00001F040516D077FF574AF00297FF471AF5F
:1078E00069E720680001E7D55BE720688000E3D501
:1078F00003A8FFF763FE059850E722689203DBD5E3
:1079000066E7306810F480303AD04845D4D120681A
:107910000001D1D56846FFF7AFFD02983EE7DBF8DE
:10792000001001F0E041B1F1405F13D008DC71B10B
:10793000614521D04145BFD120688000B4D449E7DA
:10794000B1F1804F0AD0B1F1A04FB2D042E7FFF7BA
:10795000DDFC23E720684007AED52CE72068C00592
:10796000AAD533E708E0DAF8001011F04051A0D0B2
:10797000614505D041459FD1206800018ED429E79B
:107980002068800198D505E7504402580090D00344
:1079900000366E010080BB00004402582DE9FE4F06
:1079A0000546DFF800A450F8081B0024FD4FC9432A
:1079B000019005F1280026460AF1240A00900801EA
:1079C0001DD4686E50B1B0F5801F0CD0B0F5001F0B
:1079D0000ED0B0F5401F1ED001240FE0386840F4EF
:1079E0000030386017E00198022102F02FFA03E01E
:1079F0000098022102F0BAFA04000CD0264628882A
:107A0000C043C00523D4A86D05281ED2DFE800F0CE
:107A10000C11161B1B006A6EDAF8001021F44011DD
:107A20001143CAF80010EAE7386840F400303860C3
:107A300009E00198002102F009FA03E00098002112
:107A400002F094FA0446C4B100E0012426462888D6
:107A5000DFF85083C04308F12C0840052FD4D5F837
:107A6000A400B0F5C00F28D010DCB8B1B0F5001FED
:107A700019D0B0F5800F0FD11AE0AA6DDAF8001016
:107A800021F007011143CAF80010E0E7B0F5000F3C
:107A900013D0B0F5200F10D001240FE0386840F467
:107AA0000030386009E00198002102F0CFF903E0CE
:107AB0000098002102F05AFA044694B1264628881C
:107AC000C043000530D4D5F8A800B0F1407F29D0DC
:107AD00011DCC0B1B0F1807F1AD0B0F1007F10D1BD
:107AE0001BE0D5F8A420D8F8001021F46001114360
:107AF000C8F80010E3E7B0F1806F13D0B0F1A06FC9
:107B000010D001240FE0386840F40030386009E0FC
:107B10000198002102F09AF903E00098002102F098
:107B200025FA044694B126462868DFF878B2C043A7
:107B30000BF1200B80011FD4E86CD8B110280FD0B6
:107B4000202812D0302815D0012414E0D5F8A82020
:107B5000D8F8001021F0E0611143C8F80010E3E705
:107B6000386840F40030386004E00198022102F0E7
:107B70006DF9044674B126462888C043C0042BD44E
:107B8000E86DB0F5005F20D00DDCA0B1B0F5805FEE
:107B90000FD115E0EA6CDBF8001021F03001114341
:107BA000CBF80010E8E7B0F5405F13D0B0F5804F98
:107BB00010D001240FE0386840F40030386009E04C
:107BC0000198002102F042F903E00098002102F040
:107BD000CDF904468CB126462888C043800429D4B8
:107BE000286EB0F5403F23D010DC08B3B0F5803FDD
:107BF00014D0B0F5003F0FD115E0EA6DDAF80010AF
:107C000021F4E0411143CAF80010E5E7B0F5802FF8
:107C10000ED0B0F5A02F0BD001240AE0019801216D
:107C200002F014F903E00098012102F09FF90446E4
:107C300094B126462888C04340042AD4D5F8AC0025
:107C4000B0F1405F23D010DC08B3B0F1805F14D0F6
:107C5000B0F1005F0FD115E02A6EDAF8001021F4C0
:107C6000E0211143CAF80010E4E7B0F1804F0ED0D4
:107C7000B0F1A04F0BD001240AE00198012102F0DD
:107C8000E5F803E00098012102F070F9044674B1B0
:107C900026462888C04300041FD4E86ED8B1B0F14E
:107CA000805F0ED0B0F1005F10D0012414E0D5F851
:107CB000AC20D8F8001021F0E0411143C8F80010C2
:107CC000E7E7386840F40030386004E001980121AB
:107CD00002F0BCF8044674B126462868C043C001CF
:107CE0001ED4A86CD0B101280ED0022811D00328D0
:107CF00014D0012413E0EA6EDAF8001021F04051AC
:107D00001143CAF80010E8E7386840F400303860E2
:107D100004E00198022102F099F804466CB126466D
:107D20002868C043400255D41F48016841F480715F
:107D30000160FEF77FFC81460EE0AA6CDBF80010C4
:107D400021F003011143CBF80010E9E7FEF772FCC4
:107D5000A0EB090064283BD813480068C005F5D59E
:107D6000BCBBDFF84090B5F8B01009F14409D9F870
:107D7000000001F4407100F44070884211D0D9F83D
:107D80000010D9F8002021F4407142F48032C9F883
:107D90000020D9F8002022F48032C9F80020C9F868
:107DA000001003E02C44025800480258D5F8B000F7
:107DB000B0F5807F19D1FEF73DFC029011E000BFC5
:107DC000FEF738FC0299411A41F28830814208D905
:107DD000032426462878DFF81494C043C00721D036
:107DE0003CE0D9F800008007EAD5D5F8B010C1F31F
:107DF00001200328FE480DD0016821F47C51016068
:107E0000B5F8B020D9F80010C2F30B021143C9F83D
:107E10000010DFE7F74A036802EA111223F47C51ED
:107E20001143ECE7A86F182816D005DCA0B108288C
:107E300008D0102804D10AE020280DD028280BD023
:107E400001240AE00198012102F000F803E0009803
:107E5000012102F08BF8044664B126462878C0431D
:107E600080071ED4686F062819D2DFE800F0160CD0
:107E700011161616AA6FD9F8001021F03801114317
:107E8000C9F80010EAE70198012101F0DFFF03E0E3
:107E90000098012102F06AF804467CB100E0012458
:107EA00026462878C04340071FD4D5F890000628FE
:107EB00019D2DFE800F0160C111616166A6FD9F801
:107EC000001021F007011143C9F80010E9E70198FB
:107ED000012101F0BBFF03E00098012102F046F808
:107EE0000446A4B100E0012426462878C043800659
:107EF0002BD4D5F88C00B0F1405F24D011DC10B346
:107F0000B0F1805F15D0B0F1005F10D116E0D5F868
:107F10009020D8F8001021F007011143C8F8001094
:107F2000E3E7B0F1804F0ED0B0F1A04F0BD00124A9
:107F30000AE00198002101F089FF03E00098022186
:107F400002F014F8044694B126462878C04340064F
:107F50002BD4D5F89800B0F5406F24D011DC10B3C5
:107F6000B0F5806F15D0B0F5006F10D116E0D5F8E0
:107F70008C20D9F8001021F0E0411143C9F800101D
:107F8000E3E7B0F5805F0ED0B0F5A05F0BD0012421
:107F90000AE00198002101F059FF03E00098022156
:107FA00001F0E4FF044694B126462878C043000659
:107FB0002BD4D5F89C00B0F5C04F24D011DC10B301
:107FC000B0F5005F15D0B0F5804F10D116E0D5F8B0
:107FD0009820D8F8001021F4E0511143C8F800109F
:107FE000E3E7B0F5004F0ED0B0F5204F0BD00124E1
:107FF0000AE00198002101F029FF03E00098022126
:1080000001F0B4FF044654B126462878C043000767
:108010001ED4D5F88000B0F5805F0AD00FE0D5F807
:108020009C20D8F8001021F460411143C8F80010DA
:10803000EBE70098022101F099FF00B10126D5F885
:108040008020D9F8001021F440511143C9F80010E4
:108050002878C043C00613D4D5F89400B0F5807FCB
:1080600005D10098022101F081FF00B10126D5F869
:108070009420D8F8001021F440711143C8F8001082
:108080002868C043000316D4D5F8A00038B1B0F575
:10809000803F09D0B0F5003F0BD001240AE00198E1
:1080A000002101F0D3FE03E00098022101F05EFF01
:1080B00004468CB126462868C043400322D4D5F834
:1080C0008400B0F5801F11D0B0F5001F13D0B0F5BB
:1080D000401F15D0012414E0D5F8A020D8F80010D6
:1080E00021F440311143C8F80010E4E7386840F447
:1080F0000030386004E00098012101F037FF0446A9
:108100005CB126462868C043C0031CD4286D70B1FA
:10811000B0F5803F10D0012414E0D5F88420D9F8C0
:10812000001021F440111143C9F80010EAE7386843
:1081300040F40030386004E00198022101F086FE2E
:108140000446DCB126462868C043800005D4009868
:10815000022101F00BFF00B101262868C043800313
:108160001BD4E86FB8B1B0F5807F10D0B0F5007FB8
:1081700011D0B0F5407F0ED001240DE02A6DDBF860
:10818000001021F480311143CBF80010DBE7386890
:1081900040F4003038607CB326462868C043C002F3
:1081A00007D42A6FDAF8001021F000411143CAF811
:1081B00000102868C043800207D4AA6EDAF80010C5
:1081C00021F080711143CAF800102868C0434000B4
:1081D00009D40748016821F4004101600168D5F81D
:1081E000B420114301602868C04306E0544402589B
:1081F00010440258CFFFFF001DE007D46A6DDBF882
:10820000001021F040511143CBF800102868C04302
:10821000000208D4D5F88820D9F8001021F44001D4
:108220001143C9F8001028790024C04300F0010070
:10823000204309D00EE0EA6FD9F8001021F4407114
:108240001143C9F80010A8E70198002101F0FEFDD4
:1082500000B106462879C04300F00200204305D152
:108260000198012101F0F2FD00B106462879C043D2
:1082700000F00400204305D10198022101F0E6FD41
:1082800000B106462879C04300F00800204305D11C
:108290000098002101F06AFE00B106462879C0432B
:1082A00000F01000204305D10098012101F05EFE8E
:1082B00000B106462879C04300F02000044304D1F1
:1082C0000098022101F052FE00B916B10120BDE86C
:1082D000FE8F0020FBE700002DE9F05F04000F4651
:1082E0007ED0DFF83882D8F8000000F00F00B842E6
:1082F0000CD2D8F8001021F00F013943C8F8001053
:10830000D8F8000000F00F00B84269D12078844D01
:1083100040070AD52069296801F07001884204D914
:10832000296821F070010143296020787C4E361DB8
:1083300000070AD56069316801F07001884204D9EC
:10834000316821F07001014331602078C0060AD500
:10835000A069316801F4E061884204D9316821F4F0
:10836000E061014331602078DFF8B4B180060BF1A1
:10837000080B0CD5E1695846DBF8002002F07002CA
:10838000914204D9026822F070020A430260207808
:1083900080070AD5E068296801F00F01884204D9F6
:1083A000296821F00F01014329602078C0073ED0E1
:1083B0005B49A2682868183920F47060104328606F
:1083C0006068022818D0032819D00968012819D03C
:1083D000490700294ADADFF848A1AAF1080A00E0B3
:1083E00044E0DAF8002022F007020243CAF8002035
:1083F000FEF720F9814612E009688903E9E7096878
:108400008901E6E7C905E4E7FEF714F9A0EB0901E5
:1084100041F28830814202D90320BDE8F09F6168B3
:10842000DAF8000000F03800B0EBC10FECD1207892
:1084300080070AD5E068296801F00F01884204D25C
:10844000296821F00F0101432960D8F80010404647
:1084500001F00F01B9420BD9016821F00F01394336
:108460000160006800F00F00B84201D00120D4E79D
:10847000207840070AD52069296801F070018842F8
:1084800004D2296821F07001014329602078000797
:108490000AD56069316801F07001884204D2316800
:1084A00021F07001014331602078C0060AD5A0692F
:1084B000316801F4E061884204D2316821F4E0615E
:1084C00001433160207880060CD5E1695846DBF81D
:1084D000002002F07002914204D2026822F0700281
:1084E0000A43026000F09AF80E492A682B68C2F32A
:1084F000032203F00F038A5CC95C02F01F0201F043
:108500001F01D040084A20FA01F1116007490860B4
:1085100007480068BDE8F05FFEF7DAB800200052B7
:10852000184402583C050308B4000124B00001249B
:10853000A800012470B5144C3F220260124A24683E
:108540000832131D114D04F00704446016681C1D09
:1085500006F470668660166806F00F06C66012683C
:1085600002F0700202611A6802F0700242611A6839
:1085700002F4E0628261226802F07002C26128683F
:1085800000F00F00086070BD104402580020005237
:1085900030B500F043F80B4A0B490C4B15681468D2
:1085A000C5F3032204F00F048A5C095D02F01F0288
:1085B00001F01F01D040064A20FA01F11960106055
:1085C000084630BD184402583C050308B400012495
:1085D000B000012400B5FFF7DBFF05490968054A33
:1085E000C1F30211515C01F01F01C84000BD000041
:1085F0001C4402583C05030800B5FFF7C9FF0549B4
:108600000968054AC1F30221515C01F01F01C8400D
:1086100000BD00001C4402583C050308454970B5E4
:1086200045480968434B103B11F0380208D001114E
:10863000082A03D0102A0BD0182A0BD0084670BD88
:1086400019688906FBD51968C1F3C101C84070BD1E
:108650003A4870BD3749374D18310C1D24350A682A
:10866000096826682D6802F0030406F00102C1F3D0
:108670000511C5F3CC0515FB02F200EE102AB8EE89
:10868000400AE9B32F4ADFED2E0AB7EE001A6CB1AB
:10869000DFED2D1A012C01D0022C43D002EE101A6E
:1086A0001068F8EE422A81EEA22A1EE01C68A40699
:1086B00011D51B6801EE901A1168C3F3C103F8EEDF
:1086C000612AD84001EE900AC1F30800F8EE611A61
:1086D00081EEA22A0BE001EE901ADFED1C2A00BF0A
:1086E000F8EE611A106882EEA12AC0F3080001EECC
:1086F000900AF8EE611A40EE201A31EE810A00E08D
:1087000015E022EE000A1068C0F34620401C00EE7F
:10871000900AF8EE600A80EE201ABCEEC10A10EE54
:10872000100A70BD01EE901ADFED092AD8E700208B
:1087300070BD0000104402580090D00300366E0156
:1087400000000039304402580024744A0024744C5C
:10875000001BB74B2DE9F05F04007DD0FF4F207860
:10876000FE4D1837DFF8F483103DC00748D0D8F825
:108770000000396800F03800102815D0182803D1FF
:1087800001F0030002280FD06068B0F5803F12D0DE
:1087900010B1B0F5A02F18D0286820F480302860E0
:1087A000286820F4802009E02868800328D56068C4
:1087B0000028D2D024E0286840F480302860606827
:1087C00088B1FDF737FF064609E0286840F48020AD
:1087D0002860F0E7FDF72EFF801B64287ED828680C
:1087E0008003F7D50CE0FDF725FF064605E000BF46
:1087F000FDF720FF801B6428F0D828688003F7D499
:108800002078800756D5D8F80000DFF850933968F3
:1088100010F03800A9F10C090ED0182801D18807F2
:108820000AD0E068A8B3296821F019010143296042
:10883000FDF700FF064628E02868400702D5E068FB
:1088400000288AD0E168286820F0190008432860D1
:10885000FDF7F0FE064606E0D2E000BFFDF7EAFEB7
:10886000801B0228BAD828684007F7D5217CD9F8A0
:10887000002022F0FE4242EA0161C9F8001019E02E
:10888000FDF7D8FE801B0228A8D828684007F7D536
:10889000ECE7FFE7286820F001002860FDF7CAFE3A
:1088A000064604E0FDF7C6FE801B022896D828681D
:1088B0004007F7D42078C00646D5D8F80000DFF886
:1088C0009C92396800F03800A9F10409082812D0F8
:1088D000182805D101F00300012800E0CEE00AD0FD
:1088E000E0690028286820D040F080002860FDF76B
:1088F000A1FE064615E02868C00502D5E06980287B
:108900007ED194F82010D9F8002022F07C5242EA5F
:108910000161C9F8001017E0FDF78CFE801B0228EA
:10892000A0D82868C005F7D5EBE720F080002860C4
:10893000FDF780FE064604E0FDF77CFE801B022862
:1089400090D82868C005F7D42078000729D5834837
:108950006169643000298146016811D041F001014C
:108960000160FDF767FE064605E000BFFDF762FE09
:10897000801B022888D8D9F800008007F6D510E0BF
:1089800021F001010160FDF755FE064605E000BF3C
:10899000FDF750FE801B022870D8D9F80000800730
:1089A000F6D42078800623D5A0690028286810D046
:1089B00040F480502860FDF73DFE064605E000BF0C
:1089C000FDF738FE801B022858D828688004F7D5A8
:1089D0000EE020F480502860FDF72CFE064604E0EF
:1089E000FDF728FE801B022848D828688004F7D4A9
:1089F0002078400751D5DFF86891D9F8001000E0E1
:108A000015E141F48071C9F80010FDF713FE064628
:108A100005E000BFFDF70EFE801B64282ED8D9F8B4
:108A20000000C005F6D54D4EA068603601280AD07A
:108A300008B1052813D0306820F00100306030689C
:108A400020F0040002E0306840F001003060A068CF
:108A500041F2883A98B1FDF7EDFD81460AE03068B1
:108A600040F004003060EEE7FDF7E4FDA0EB090103
:108A7000514503D830688007F6D50EE072E0FDF767
:108A8000D9FD814606E000BFFDF7D4FDA0EB09014A
:108A9000514567D830688007F6D4606A00287CD0DA
:108AA000DFF8B8A0D8F800100AF1200A4FF6F87BDA
:108AB0000AF10408C1F3C2010329AAF104096DD027
:108AC0000228286820F08070286003D0FDF7B2FDEE
:108AD000044681E0FDF7AEFD064604E0FDF7AAFD81
:108AE000801B022875D828688001F7D4E26A40F21A
:108AF000F331386854F8283F884340EA021018439D
:108B00003860217B4FF4FE0C22894FF0FE47208A0B
:108B10004902267D521E401EA1F5007189B2C2F3A2
:108B200008021143761E0CEA00400143484607EA5A
:108B300006621143CAF80010D9F8001021F00101B3
:108B4000C9F80010D8F80030266A23EA0B0343EA7C
:108B5000C601C8F80010D9F8001004E0104402580B
:108B60000048025835E0A26921F00C011143C9F810
:108B700000100168E26921F00201114301600168FF
:108B800041F480310160016841F400310160016805
:108B900041F480210160016801E06CE020E041F0D7
:108BA00001010160286840F080702860FDF742FDF7
:108BB000044604E0FDF73EFD001B022809D82868A2
:108BC0008001F7D557E000BFFDF734FD001B0228F8
:108BD00002D90320BDE8F09F28688001F4D44AE060
:108BE00039680128DAF8000021D0A26A01F00303F5
:108BF00093421CD1E26AC1F305118A4217D1216B5D
:108C0000C0F30802491E8A4211D1616BC0F34622AB
:108C1000491E91420BD1A16BC0F30642491E9142FD
:108C200005D1E16BC0F30660491E814201D00120ED
:108C3000D0E7A16C4646D8F80000C0F3CC008142D2
:108C400019D0D9F800004D4620F00100C9F8000005
:108C5000FDF7F0FC4FEA0007FDF7ECFCB842FBD053
:108C6000A26C306820EA0B0040EAC200306028683D
:108C700040F0010028600020ACE700000F4910B56B
:108C800088421AD10E4C617991B10E49002262716D
:108C9000CA6A521CCA62D0F884000863FDF7CAFC95
:108CA000024608486169BDE81040503814F0BCBE67
:108CB00004485038416B491C416310BDE09C0224BC
:108CC000D4010124309E02242DE9F04104460068BD
:108CD000002102694369876894F8816002EA03050C
:108CE0005FEA035C0AD5120708D5816941F4006187
:108CF0008161204600F0B6F9BDE8F08115F0600F03
:108D000008D1680706D5616F20468847216F204645
:108D10008847012105F04100012805D1680703D4E7
:108D2000216F20468847012105F02200022806D144
:108D3000680704D4616F2046BDE8F0410847002968
:108D4000DAD128074FF0010859D52068816941F030
:108D5000080181612068816941F01001816120680A
:108D6000816941F4006181612068016921F0080195
:108D700001612068806810F4404F1ED021E0E06857
:108D80000F2806D92068616E006B0860606E001DB8
:108D90000DE0616E0728206804D9008E0880606E9F
:108DA000801C04E090F830000870606E401C606623
:108DB000B4F86A00401EA4F86A00B4F86A000028FB
:108DC000DDD1204601F064F984F88180D4F8840074
:108DD00018B12046FFF752FF8EE7052E07D0042E6C
:108DE00009D0032E88D1204600F016FB84E72046E8
:108DF00000F031FB80E7204600F033F97CE715F402
:108E0000587FE9D068060AD5D4F8840040F0040001
:108E1000C4F884002068816941F040018161A8059F
:108E20000AD5D4F8840040F00100C4F8840020681A
:108E3000816941F400718161E8050AD5D4F88400A4
:108E400040F00800C4F884002068816941F4807112
:108E50008161A8060AD5D4F8840040F08000C4F8E7
:108E600084002068816941F020018161D4F8840088
:108E70000028B1D0206840F26B32C7F3813103681B
:108E8000032923F0010101602068016921EA020140
:108E9000016102D084F881809BE72068104D8168D1
:108EA00021F440418160E06F50B10565E06FFBF750
:108EB0004FFC28B1D4F8840040F04000C4F884008E
:108EC000A06F002888D00565A06FFBF741FC002843
:108ED0008CD0D4F8840040F04000C4F884000BE744
:108EE0004DA100082DE9F047040029D0594A4FF060
:108EF00000092068584B594D9042C4F8289006D07C
:108F0000984204D0A84202D0E1680F2918D8E1683D
:108F10004FF0010AE76B0831C9080AEB5716714395
:108F2000904205D0984203D0A84201D0082907D822
:108F3000904203D0984201D0A84204D1102902D90E
:108F40000120BDE8F08794F8810020B9204684F81C
:108F5000809000F085F8022084F881002068016884
:108F600021F0010101602068A1698268B1F1806F80
:108F700002F4F81110D16268B2F5800F01D01AB175
:108F80000AE0A26B22B107E0A26BB2F1805F03D1CD
:108F9000026842F4805202606068400209D5E068CD
:108FA000072806D32068236D026822F480721A43D2
:108FB00003E02068026822F480720260A66AE06919
:108FC000E26B25683043E3680A4310431843A86006
:108FD000D4E90D02D4E90581636A25691843D4F800
:108FE00020C00A43266810432843A56DD4E90172C6
:108FF000D4E9123140EA080040EA0C003843084343
:10900000104318432843F060606868B9206881689D
:1090100021F4C05141F4006181602068816821F42D
:10902000C06141F4806181602068016D21F001011F
:1090300001656068400206D52068626DC16821F054
:1090400000411143C160C4F8849084F881A00020DD
:1090500077E700000030014000380040003C00404D
:109060007047704770472DE9F84F994617468A4672
:109070000446FDF7DFFA064694F88100012839D14D
:10908000BAF1000F7CD0002FFCD094F880000128AA
:1090900030D0A26800254FF0010884F880800321B9
:1090A00084F88110C4F88450C4F85CA06566A4F804
:1090B0006850656725672C34B2F5C02FA786E78610
:1090C000E58754F82C0D18D0C16821F4C02141F473
:1090D0000031C160206841686FF30F01394341607E
:1090E0002068016841F0010101606068B0F5800FFF
:1090F00008D00CE00220BDE8F88F016841F400615F
:109100000160E7E72068016841F400710160E068F0
:109110000F281CD820E02068416989070BD5E16D34
:1091200009680162E06D001DE065B4F86200401E50
:10913000A4F862000BE0FDF77DFA811B494503D3DB
:10914000B9F1FF3F03D09BE0B9F1000F31D0B4F883
:1091500062000028DFD177E007282ED870E0206871
:10916000416989071DD5B4F8621001290DD9E16B59
:1091700059B1E16D09680162E06D001DE06500E034
:109180007CE0B4F86200801E08E0E16D098801848B
:10919000E06D801CE065B4F86200401EA4F8620037
:1091A0000BE0FDF747FA811B494503D3B9F1FF3FB7
:1091B00003D065E0B9F1000F62D0B4F86200002876
:1091C000CDD141E02068416989072DD5B4F86210FE
:1091D00003290CD9E16B402909D9E16D09680162C5
:1091E000E06D001DE065B4F86200001F19E0B4F8FE
:1091F000621001290BD9E16B49B1E16D0988018445
:10920000E06D801CE065B4F86200801E09E0E16D4D
:10921000097880F82010E06D401CE065B4F8620029
:10922000401EA4F862000BE0FDF704FA811B4945DB
:1092300003D3B9F1FF3F03D022E0B9F1000F1FD0F3
:10924000B4F862000028BDD100224B460821204618
:10925000009600F0B7FF28B1D4F8840040F0200059
:10926000C4F88400204600F013FF84F88180D4F80D
:10927000840084F8805000283FF43DAF01203AE795
:10928000204600F005FFD4F8841084F8805041F4A3
:109290008071C4F8841084F8818003202BE70000DB
:1092A0002DE9F041044690F88100164601283DD191
:1092B00000293AD0002E7FD094F88000012835D0C4
:1092C000A2680025012784F88070032084F88100BB
:1092D000C4F88450656665672567E165A4F8685041
:1092E0002C34B2F5C02FA686E686E58754F82C0DFF
:1092F0001FD0C16821F4C02141F40031C0F80C1026
:10930000E1684FF480420F2903D9A06F8069904231
:1093100009D1A06F07294FF400530FD980699842F3
:109320001DD090421BD084F8805045E00220BDE85B
:10933000F081016841F400610160E1E781699942CF
:1093400005D1B4F86210491C4908A4F8621080697C
:1093500090420ED1B4F86200C01C800807E00F29CB
:1093600007D8904205D1B4F86200401C4008A4F828
:109370006200A06F25490164A16F2548C863A16FF1
:109380002448C864A06F05652068816821F4004105
:109390008160B4F862302268E16DA06F2032FCF782
:1093A0006DF858B1D4F8840084F8805040F0100073
:1093B000C4F8840084F881700120B8E7A06FC06908
:1093C000B0F5807F206841686FF30F0100D0314312
:1093D00041602068816841F4004181602068016932
:1093E00041F4487101612068016841F001010160A8
:1093F0006068B0F5800F04D12068016841F4007105
:109400000160002084F8805091E7000093A10008DB
:109410009DA1000867A100080B4910B5884211D131
:109420000A4C207950B100202071FDF703F96169E1
:109430000246BDE81040064814F0E1BA0448416B0A
:10944000491C416310BD0000E09C0224D4010124AA
:10945000E09D02247047704770477047704710B511
:10946000040003D094F83D0010B107E0012010BDC6
:10947000002084F83C00204600F022F8022084F806
:109480003D002068211D01F0A9F9012084F8480061
:1094900084F83E0084F83F0084F8400084F84100DE
:1094A00084F8420084F8430084F8440084F84500BE
:1094B00084F8460084F8470084F83D00002010BD81
:1094C0007047000090F83D10012901D0012070473D
:1094D0001A4A022180F83D100168CB6843F001036D
:1094E000CB60006890421AD0B0F1804F17D0144979
:1094F000884214D01349884211D0134988420ED0B3
:10950000124988420BD01249884208D0114988423A
:1095100005D01149884202D01049884207D181689C
:109520000F4A1140062906D0B1F5803F03D00168EB
:1095300041F001010160002070470000000001407F
:109540000004004000080040000C004000040140FE
:10955000001800400040014000E0004000E40040EE
:109560000700010070472DE9F0410446006800271C
:10957000C6680569A90713D5B10711D5FA1E02619E
:1095800001212177206880698007204602D0FFF7FB
:10959000E9FF04E000F08BF8204600F089F8277717
:1095A000680716D5700714D5226802206FF00401F1
:1095B000116120772068806910F4407F204602D036
:1095C000FFF7D0FF04E000F072F8204600F070F8DA
:1095D0002777280715D5300713D5226804206FF0A8
:1095E0000801116120772068C0698007204602D0F9
:1095F000FFF7B8FF04E000F05AF8204600F058F8F2
:109600002777E80616D5F00614D5226808206FF0F3
:109610001001116120772068C06910F4407F204656
:1096200002D0FFF79FFF04E000F041F8204600F071
:109630003FF82777E80708D0F00706D021686FF0D9
:1096400001000861204600F035F8280601D4A8047E
:1096500008D5300606D521686FF40250086120460F
:10966000FFF7FBFEE80508D5300606D521686FF444
:10967000807008612046FFF7EFFE680608D5700687
:1096800006D521686FF040000861204600F01CF804
:10969000A8060AD5B00608D521686FF02000086139
:1096A0002046BDE8F041FFF7D9BEBDE8F081704724
:1096B0007047000000680349884201D1FCF7D2BF1F
:1096C0007047000000E000407047FEE7F0B500235F
:1096D0000A251C463026372711E000BFB5EB107F66
:1096E00002D906EB107C01E007EB107C01F813C0F7
:1096F00001EB430C00015B1C8CF80140DBB2934290
:10970000ECD3F0BD00EB8100006E00F0F840704734
:109710008068C0F3C00070478068C0F38000704765
:109720008068C0F380007047C06810F4406F01D0BB
:10973000002070470120704710B5042404EAD1547A
:109740000723C1F3045120448B408A404169994367
:109750001143416110BD000000EB8101034B51F842
:10976000600F20F00040104308607047006002580E
:109770002DE9F0411A480021184F012400F1140886
:109780004FF03B0C14268160022507600D27C16055
:109790000823047404224174847488E85010C0E9DA
:1097A0000864C0E90A5707248463C0E90F23C0E9AD
:1097B0001123C0E90C51C0E91325C0E91523C36585
:1097C0000366C0E91912FCF739FB002803D0BDE895
:1097D000F041F9F752BFBDE8F081000000A0004061
:1097E000F07101241C4801232DE9F041194D00249A
:1097F00084604FF0140C05603B25C46000F1240820
:109800000374022644740D278374042143610822E3
:10981000C0E906C5C0F820C040F2064588E8C80087
:109820008163C0E90C350323C0E90F12C0E91112AE
:10983000C0E91313C0E91512C2650266C0E91941F7
:10984000FCF7FCFA002803D0BDE8F041F9F715BF9A
:10985000BDE8F08100A40040907201241B48002262
:109860002DE9F041184F00F11408826001250760CE
:109870001426C2603B2702740224427404218274BD
:10988000082388E8E000066240F61206C0E90954A1
:10989000C0E90D61C0E90F13C0E911134FF00D0CC1
:1098A000C0E90BC4C0E91314C0E91513C36503660E
:1098B000C0E91921FCF7C2FA002803D0BDE8F04145
:1098C000F9F7DBBEBDE8F08100D40040307301241D
:1098D00010B55649B2B0564807F002FE55495648F1
:1098E0000B68002243F080730B604260016841F016
:1098F0000101016051491C226846F7F797F90021E0
:1099000068461EF0B4FB4E4C1C224C491C31606171
:1099100007A8F7F78BF9002107A81EF0A8FB474915
:109920001C22A0610EA83831F7F780F900210EA89B
:109930001EF09DFB41491C22E06115A85431F7F748
:1099400075F9002115A81EF092FB3C491C222062EB
:109950001CA87031F7F76AF900211CA81EF087FBDC
:1099600036491C22606223A88C31F7F75FF9002189
:1099700023A81EF07CFB31491C22A0622AA8A83132
:10998000F7F754F900212AA81EF071FB606090B12E
:109990006069C0B1A069F0B1E06920B3206A50B33A
:1099A000606A80B3A06A78B3264A2749274824F022
:1099B000FBFC32B010BD502080F31188BFF34F8FF5
:1099C000BFF36F8FFEE7502080F31188BFF34F8FF6
:1099D000BFF36F8FFEE7502080F31188BFF34F8FE6
:1099E000BFF36F8FFEE7502080F31188BFF34F8FD6
:1099F000BFF36F8FFEE7502080F31188BFF34F8FC6
:109A0000BFF36F8FFEE700E007E0502080F311887E
:109A1000BFF34F8FBFF36F8FFEE7502080F31188A5
:109A2000BFF34F8FBFF36F8FFEE700007F36000854
:109A300077360008FCED00E0001000E0F8030308B2
:109A4000000001241D9C0008E99B0008B59B00084C
:109A50002DE9F04786B014216846F7F743F93A48F4
:109A6000016841F080010160016801F08001059109
:109A7000016841F008010160016801F008010591E9
:109A8000016841F001010160016801F001010591E7
:109A9000016841F002010160016801F002010591D5
:109AA000016841F01001016000680122DFF89C802C
:109AB000D50300F01000294605904046FCF7B4FDA0
:109AC000DFF88C904FF44066002231464846FCF7A0
:109AD000ABFDDFF880A06F11002239465046FCF73D
:109AE000A3FD002469460120CDE90104404600950C
:109AF0000394FCF78BFC694648460096FCF786FC0D
:109B0000694650460097FCF781FC0321124E202045
:109B1000CDE9000169463046FCF778FC082069462B
:109B200000904846FCF772FC802069460090504641
:109B3000FCF76CFCCDE90054694630460294FCF712
:109B400065FC06B0BDE8F087E044025800100258FA
:109B500000040258000C025800000258104901226B
:109B6000104810B501F0E0FA08B1F9F786FD0E498A
:109B70000C4801F0F8FC08B1F9F77FFD0B490948E2
:109B800001F06CF808B1F9F778FD064801F070FDB6
:109B900008B1F9F772FDBDE81040FDF7AFBB00005A
:109BA000300001241C7401249C0101249000012434
:109BB000FEE7FEE70A48002108B500918069002809
:109BC0000DD0694625F05EFE0098002807D00549B3
:109BD0004FF080500860BFF34F8FBFF36F8F08BD09
:109BE0000000012404ED00E00A48002108B50091BE
:109BF000C06900280DD0694625F044FE0098002871
:109C000007D005494FF080500860BFF34F8FBFF376
:109C10006F8F08BD0000012404ED00E00A48002118
:109C200008B50091006A00280DD0694625F02AFE8B
:109C30000098002807D005494FF080500860BFF316
:109C40004F8FBFF36F8F08BD0000012404ED00E0CB
:109C50000148FCF74DBF0000188B01242DE9F041AD
:109C6000044680790D462027236801284FF40046DA
:109C700004F29C4203EB4511D3F840C0D1F8080B25
:109C800009D0DFF89CE0F4453AD1020433D500BF97
:109C9000C1F8086B40E0234B5FEA007E04D59C4589
:109CA0003AD90004F4D437E05FEA806E02D5C1F8F7
:109CB000087B31E010F0280F2ED19C4501D900041B
:109CC000E6D4D1F8101B05EBC50004EB8000C1F30E
:109CD0001201D0F87432A3EB0101C0F8681200F54C
:109CE0001570ADB903691BB1C2681144C1600FE0C2
:109CF000206801210AE080060AD5C1F8087B07E048
:109D000035B9D4F8640218B90021184602F030F8C9
:109D10002046E9B2FCF7D7FD0020BDE8F081000045
:109D20000A31544F0A30544F2DE9F84F0E4605685A
:109D3000814601EBC60100EB8104D4E9092014340B
:109D4000904202D90120BDE8F88FA168101A814223
:109D500000D20846C01C05EB461887081BE000BF70
:109D6000A268A0EB010A524500D2924699F806106B
:109D70000AF1030000911FFA8AF3E1688708284678
:109D8000F2B202F035FBE16801EB0A00E0606169C4
:109D900001EB0A006061D8F8180980B2B84205D317
:109DA000D4E90401814201D20028D9D1D4E90401C7
:109DB000884208D8D5F83418012006F00F029040E8
:109DC0008143C5F834180020BDE7000070B50600D7
:109DD00001D000241EE0502080F31188BFF34F8F84
:109DE000BFF36F8FFEE700BF04EB440000EBC4102D
:109DF00006EB800525F038FC95F80A02C8B1B5F8E5
:109E00000812012828461AD024F0ECFA25F04CFC60
:109E1000641CE4B296F81804A042E5D80A48006A27
:109E200000280FD00023BDE870400222194625F01B
:109E300085BFB5F80812284624F0C4FAE6E724F0F6
:109E4000C9FAE3E770BD0000000001242DE9F047E6
:109E5000454D044689464FF0000A2868C0438007F4
:109E60000AD0414E283E306820F080603060FCF718
:109E7000E1FB0746B04608E00120BDE8F08700BFDF
:109E8000FCF7D8FBC01B022867D8D8F800000001F7
:109E9000F6D4206829684FF4FE0721F47C313E0295
:109EA00041EA00302860207AA389B4F804C0400257
:109EB0002D4D2D495B1E227CACF1010C1035091D86
:109EC000A0F5007080B2521ECCF3080C07EA0343E1
:109ED00040EA0C00184306EA026210432860086852
:109EE000626920F0C000104308600A68A06922F08F
:109EF000200202430A60281D0A6822F010020A604C
:109F000002684FF6F873E4699A4342EAC4020260B9
:109F10000868B9F1000F40F010020A6011D008681B
:109F2000B9F1010F11D040F400100860D8F800001A
:109F3000444640F08060C8F80000FCF77BFB054613
:109F40000DE0086840F40020EFE740F48010ECE7F3
:109F5000FCF770FB401B022801D903208DE7206825
:109F60000001F5D5504688E7284402582DE9F0470E
:109F7000454D044689464FF0000A2868C0438007D3
:109F80000AD0414E283E306820F080503060FCF707
:109F900051FB0746B04608E00120BDE8F08700BF4E
:109FA000FCF748FBC01B022867D8D8F800008000E7
:109FB000F6D4208829684FF4FE0721F07C713E0218
:109FC00041EA00502860207AA389B4F804C0400216
:109FD0002D4D2D495B1E227CACF1010C1835091D5D
:109FE000A0F5007080B2521ECCF3080C07EA0343C0
:109FF00040EA0C00184306EA026210432860086831
:10A00000626920F44060104308600A68A06922F485
:10A01000007202430A60281D0A6822F480720A60F6
:10A0200002684FF6F873E4699A4342EAC402026098
:10A030000868B9F1000F40F480720A6011D0086816
:10A04000B9F1010F11D040F080700860D8F800001D
:10A05000444640F08050C8F80000FCF7EBFA054693
:10A060000DE0086840F48000EFE740F40000ECE702
:10A07000FCF7E0FA401B022801D903208DE7206895
:10A080008000F5D5504688E72844025813F00ABCF2
:10A0900010B5026840F26F335169946944F00804C6
:10A0A00094610268946944F0100494610268146831
:10A0B00024F001041460026814699C43146102686E
:10A0C000936823F44043936090F88120042A0CD0D5
:10A0D0008A060AD5D0F8842042F08002C0F8842095
:10A0E0000268936943F02003936190F88120032A6A
:10A0F0000CD04A060AD5D0F8842042F00402C0F8F9
:10A1000084200268936943F0400393618A050AD56D
:10A11000D0F8842042F00102C0F8842002689369DC
:10A1200043F400739361C9050AD5D0F8841041F057
:10A130000801C0F8841001688A6942F480728A615B
:10A140000021A0F86210A0F86A1010BD10B5806B55
:10A1500000210122A0F86A10A0F8621080F8812086
:10A16000FEF78CFD10BD10B5846BFAF733FC0228A6
:10A170000ED02046FFF78CFFD4F88410012041F068
:10A180001001C4F8841084F881002046FEF776FDA3
:10A1900010BD10B5806BFFF75DF910BD10B5806B79
:10A1A00090F88110072909D0816FC969B1F5807FC6
:10A1B00005D00068016941F00801016110BDFFF799
:10A1C0002BF910BD2DE9F0411C4616460D460746F9
:10A1D000DDF818800AE000BFFCF72CFAA0EB0800BD
:10A1E000A04202D3601C01D00BE054B13868406932
:10A1F00035EA000007D00020B042EDD00020BDE8D5
:10A20000F0810320FBE70120F6E70178407841EA7E
:10A21000002070479AB025F003FEDFF8D890DFF8F1
:10A22000D8A0DFF8D880DFF8D8B01890D9F800208F
:10A23000D8F80470B2FBFAF6F8F76AFF04460D4648
:10A2400006F096FC60B1DBF81C0048B10023022246
:10A25000194625F073FD03E0002015A923F0D2FF75
:10A2600015A806F08BFA0028F6D1684606F066FAC3
:10A2700088B10721684623F0CDFF60B122462B4606
:10A2800006F0B0FB38B1DBF81C0020B1002302223D
:10A29000194625F053FD19AB204615AA294606F0AC
:10A2A0002BF9012804D19DF8640015A923F0AAFF19
:10A2B000072023F059FFC6B1D8F804105846DBF840
:10A2C0000820C91BB1FBF6F1914200D981600178E9
:10A2D00039B1D0E90321791AB1FBF6F1914200D9E5
:10A2E000C160012107618BF80010042118A825F036
:10A2F00083FA9BE7B000012440420F00001000E009
:10A3000000000124DFF858804FF080560EB54FF062
:10A31000FF39002411E000BFF8F7FAFE05460F46AA
:10A3200025F0A2F92A463B46684606F03DFB25F09B
:10A33000BBF9641CE4B2202C0BD2684623F00EFF5C
:10A340000028E9D0202C04D20120494624F02EFE1A
:10A35000DFE7C8F80060BFF34F8FBFF36F8FD8E718
:10A3600004ED00E028480BF0C5F9274C0621022037
:10A3700084F88C1684F88D0609F05EFD23492030A0
:10A380000863FCF757F9014604F5D4600AF0C6FAF1
:10A3900013F008F81E4800210AF0D6F91D4D687028
:10A3A000FCF748F9C5F81000FCF744F91AF0A4FCD2
:10A3B00023F086FB94F8C104B0B994F8C20498B9AC
:10A3C00094F8C30480B994F89A0668B994F89D0685
:10A3D00050B994F86F06012806D0FCF72BF91AF053
:10A3E0008FFC08B10120A870287848B1687838B18E
:10A3F0001AF02CFC20B1084800210AF0A5F9687079
:10A4000005201DF028FECFE7A89F022484B2022475
:10A4100035A50108F80101246DA50108BAB025F0A1
:10A42000FFFC4FF000094FF0FF3A0DF1B00BC846AA
:10A430004F46379023F034FF40491C2204465546CE
:10A4400024A8F6F7F3FB88216846F6F74BFC3C4856
:10A45000002641692C9181692D91C1692E91016A73
:10A460002F91416A3091816A31914068CDF8C800DE
:10A470005BF8260060B125F0A9F8694601EBC6013A
:10A4800024AAA842086552F826204A6500D205464B
:10A49000761CF6B2072EEBD3A1690091E168019119
:10A4A000A16802912169039161690491E1690591B3
:10A4B000216A0691616A0791A16A0891E16A09918E
:10A4C000216B0A91616B0B91A16B0C91E16B0D916A
:10A4D000216C0E91616C0F91A16CCDE9101A12954F
:10A4E00025F054FB1390684608F04AF8A16800254F
:10A4F000494500D901256069404501D945F002056B
:10A50000226CBA4201D945F00405894680461746B7
:10A510007DB1F8F7FDFD02460B46284606F082FAAB
:10A5200038B10748406920B100230222194625F0BE
:10A5300005FC642137A825F05FF97BE7BC0403081C
:10A5400000000124ADF5C56DFFF708FB4FF0FF36A5
:10A5500000243146012024F029FD02E001A8FFF784
:10A5600035FC01A806F044F90028F7D1F8F7D0FD32
:10A5700005F00CF8002540F2012800BF0DF224621E
:10A5800041460DF58460ADF8245623F013FF070013
:10A5900002D0052F12D018E0F8F7BAFD01AF02463D
:10A5A0000DF584600B46BDF82416009706F0DEF921
:10A5B00001A8FFF70BFC641CE4B20AE001A805F057
:10A5C000D3FD10B901A8FFF701FC641C052FE4B20C
:10A5D00001D1042CD2D3F8F79BFD01AA05F0C6FDEA
:10A5E00010B101A8FFF7F2FBF8F792FD04F0CEFFDF
:10A5F000042CADD30548002302221946C06925F07A
:10A600009DFB012025F0D2F8A2E700000000012404
:10A6100008B525F005FC074C0090E06920B1002347
:10A620000222194625F08AFB0A21684625F0E4F843
:10A63000F3E70000000001240121084624F0B6FCE5
:10A6400023F0EAFEF8E70000502010B580F31188EF
:10A65000BFF34F8FBFF36F8F25F0E8FB18B10449AC
:10A660004FF080500860002080F3118810BD00007A
:10A6700004ED00E030B59DB04C216846F6F732FBA2
:10A68000202113A8F6F72EFB0220FCF70DFE1F4831
:10A69000016821F4404101600168002401F4404157
:10A6A0001B9101688904FCD50220099028252122EC
:10A6B0000092C3030193012106910A900C23CDE976
:10A6C0000B050FAD062285E8190012946846CDE906
:10A6D0000D12FEF73FF808B172B6FEE740201A905F
:10A6E00008230501CDE9163013ABCDE918053F214C
:10A6F000032283E8160013A81146FDF7EDFD00289C
:10A7000001D072B6FEE71DB030BD000018480258F7
:10A710002748F0B5274A016841F4700101601068CC
:10A7200000F00F00072804D2106820F00F00C01DB1
:10A73000106021490020204C10340B681F4D43F05D
:10A7400001030B6020600B682B400B60136803F063
:10A750000F03072B04D9136823F00F03DB1D1360CD
:10A76000154C174A1834174B261D371D2060124C04
:10A77000154D28343060261D3860371D23603B1D81
:10A7800035601C1D3A60251D2E1D1860331D22608A
:10A790002860326018600A6843F2D204064B0B4D01
:10A7A00022F4802260330A6018602C60F0BD000043
:10A7B00088ED00E000200052004402587FEDF6EAE8
:10A7C00080020101000202020000FF01004000526D
:10A7D0000148FEF7C8BE0000D07301242DE9F04700
:10A7E0002D4B4FF0804A2D4D026898422C4E2D4F34
:10A7F0002D4C09D0504507D0A84205D0B04203D017
:10A80000B84201D0A04205D1D1F804C022F07002B4
:10A810004CEA0202DFF894C0DFF894809842DFF837
:10A82000949015D0504513D0A84211D0B0420FD00B
:10A83000B8420DD0A0420BD0604509D0404507D0AA
:10A84000484505D01C4DA84202D01C4DA84203D15A
:10A85000CD6822F440722A434D6922F080022A43D7
:10A86000026098428A68C2620A68826207D0A04287
:10A8700005D0604503D0404501D0484501D1096964
:10A880000163012141610169C90703D0016921F018
:10A8900001010161BDE8F0870000014000040040B3
:10A8A00000080040000C004000040140004001404E
:10A8B000004401400048014000E0004000E4004046
:10A8C0002DE9F0410C46D0F8D412D0F8C83200EB94
:10A8D0008101D1F8C01229B304F00F02002702EB66
:10A8E000820500EB8506B5694DB102EBC20203EBB0
:10A8F0008202D269B5FBF2F302FB1352A2B1C1F896
:10A900001472D0F8D42200EB8200D0F8C40203699C
:10A910002BB1D1F8080201F50471224698470020B6
:10A92000BDE8F0810320FBE7002321461A46B7610A
:10A9300000F0FBFDF3E770B50546D0F8D40205EB57
:10A940008000D0F8C04294B1284600F0C8FCC4F89A
:10A950000C02D5F8D40205EB8000D0F8C412D4F86C
:10A960000402CA6804F503719047002070BD0320FB
:10A9700070BD000070B5224D0446297800F0F0FB50
:10A980002878002600F00F0000EB800004EB800028
:10A9900086842046697800F0E3FB687800F00F00B9
:10A9A00000EB800004EB8000A0F864612046A978E9
:10A9B00000F0D6FBA87800F00F0000EB800004EB5D
:10A9C00080008684C684D4F8D40204EB8000D0F8DA
:10A9D000C01299B1D0F8C40240688047D4F8D402BC
:10A9E00004EB8000D0F8C00200F0C7FFD4F8D40216
:10A9F00004EB8000C0F8C062C4F8BC62002070BDE7
:10AA00004801012410B5D0F8D41200EB8100D0F831
:10AA1000C04284B1D0F8C41259B194F80002FF28A2
:10AA200007D08B68214694F801229847FF2084F8CC
:10AA30000002002010BD032010BD00000A2101808B
:10AA4000004870474C01012470B5822106460D482C
:10AA500000F092FA012105460A4800F08DFA8121A2
:10AA60000446084800F088FA0DB11021A9714FF092
:10AA7000400104B1A18000B18180432030800148B1
:10AA800070BD00005801012470B5822106460D48B2
:10AA900000F072FA012105460A4800F06DFA8121A2
:10AAA0000446084800F068FA0DB11021A9714FF46E
:10AAB000007104B1A18000B1818043203080014841
:10AAC00070BD00005801012470B5822106460D4872
:10AAD00000F052FA012105460A4800F04DFA8121A2
:10AAE0000446084800F048FA0DB11021A9714FF052
:10AAF000400104B1A18000B1818043203080014831
:10AB000070BD0000580101242DE9F0474FF407758E
:10AB10000446284600F032FF06004FF0000965D0D9
:10AB20002946F6F7DFF8D4F8D40201273C4D4FF45C
:10AB3000007A4FF0100804EB8000C0F8C062C4F83F
:10AB4000BC62207CF0B3297840230222204600F02A
:10AB500036FC2878402300F00F0000EB800004EB67
:10AB60008000878402226978204600F028FC6978FA
:10AB700008230322204601F00F0101EB810104EBC1
:10AB80008101A1F86471A97801F00F0101EB810145
:10AB900004EB8101A1F82680A97800F010FCA978C7
:10ABA000C84601F00F0101EB810104EB81018F84A4
:10ABB000C6F80492D4F8D40204EB8000D0F8C402A2
:10ABC000006800E01AE006F501768047C6F81080BC
:10ABD000C6F8148032687AB1207CF8B140236978D5
:10ABE000204600F0F8FB0020BDE8F087D4F8D4122E
:10ABF00004EB8101C1F8C0920220F5E72978022216
:10AC00005346204600F0DBFB2878534600F00F0047
:10AC100000EB800004EB80008784A3E75346DEE767
:10AC20004801012410B5D0F8D41200EB8101D1F80D
:10AC3000C01259B1027C084C002AD1F8042207D076
:10AC40004023617800F0C7FB002010BD032010BD39
:10AC50004FF40073F5E700004801012439B1D0F842
:10AC6000D42200EB8200C0F8C412002070470320F9
:10AC70007047D0F8D42200EB8200D0F8C00218B19F
:10AC8000C0F804120020704703207047D0F8D43277
:10AC900000EB8300D0F8C00228B1C0F81022C0F841
:10ACA000081200207047032070472DE9FC4106463A
:10ACB000D0F8D4020C46002106EB80000D46D0F8F7
:10ACC000C0728DF80010ADF8041037B1217811F082
:10ACD00060022CD0202A48D102E00320BDE8FC818C
:10ACE000E288E2B109060BD5D0F8C4023946836880
:10ACF00060789847E288072A00D9072239462CE075
:10AD0000607887F80002E088402800D34020394668
:10AD1000C2B2304687F8012200F07FF82AE0D0F86E
:10AD2000C4020022214683686078984722E0607858
:10AD300030B101281ED00A2809D00B2815D110E007
:10AD400096F89C02032810D1022201A905E096F88A
:10AD50009C02032809D101226946304600F077F8A9
:10AD600008E096F89C02032804D02146304600F003
:10AD700049F803252846B1E710B5D0F8D41200EB06
:10AD800081020121D2F8C0221AB1D2F8143213B1D3
:10AD900016E0032010BD0B490123C2F81432D2F88B
:10ADA0001032097801F00F0404EB840400EB8404F2
:10ADB000A361D2F81032D2F8082200F0B6FB0021CD
:10ADC000084610BD4801012410B5D0F8B82200246F
:10ADD0005268904700B10324204610BD0020704700
:10ADE0000020704713460A46002110B500F0F3FA20
:10ADF000002010BD13460A46002110B500F095FB57
:10AE0000002010BD10B58021044600F06FFB2046E5
:10AE1000BDE81040002100F069BB10B5C0F8582112
:10AE20000323C0F89432C0F85C2113460A4600217F
:10AE300000F0D1FA002010BD10B50521C0F8941221
:10AE400000231A46194600F0C6FA002010BD10B5BE
:10AE500082610223C0F89432C26113460A4600217F
:10AE600000F063FB002010BD10B50421C0F894125F
:10AE700000231A46194600F058FB002010BDF8B513
:10AE800004460D460020ADF800004888010A062956
:10AE900047D006DC01290FD0022912D0032962D144
:10AEA0001DE0072946D00F295DD1D4F8B402C2694C
:10AEB00020E0694690473BE0D4F8B412207C0A6851
:10AEC000F7E7207C02260028D4F8B80205D0C16A32
:10AED000684688470146467036E0816AF8E7C0B2A6
:10AEE000062840D2DFE800F003090D111519D4F847
:10AEF000B4024268B2B3207CDBE7D4F8B4028268C3
:10AF0000F8E7D4F8B402C268F4E7D4F8B4020269EE
:10AF1000F0E7D4F8B4024269ECE7D4F8B4028269ED
:10AF2000E8E7207CF0B9D4F8B802416B684688475E
:10AF3000014609E0207CA8B9D4F8B802016B684644
:10AF40008847014607204870EA888AB1BDF80000AA
:10AF500040B1824200D902462046ADF80020FFF7FA
:10AF600076FFF8BDFFE729462046FFF74BFFF8E7DD
:10AF70002046FFF779FFF4E778B542880D4601785F
:10AF8000002604468A4212D9ADF800100AE069464C
:10AF900000F019F84178052904D181780646A942C4
:10AFA00005D000266188BDF800209142EFD83046D8
:10AFB00078BD002102E0491C401CC9B20278002A79
:10AFC000F9D1084670470A8803781A440A80017844
:10AFD0000844704770B5002816460D4620D0044638
:10AFE000FFF7E7FF02220146100202EB4101814216
:10AFF00004D82046FFF7DDFF4000801C3080337806
:10B00000032102202B700022697006E0431C2954A2
:10B01000D8B2411C641C2A54C8B221780029F5D149
:10B0200070BD01004FF0000004D0012901D00229B9
:10B0300001D00320704701207047000004A00A4699
:10B04000024910B5FFF7C6FF004810BDF87601248D
:10B0500043444320436F6E666967000012200880F6
:10B06000004870475400012404A00A46024910B564
:10B07000FFF7B0FF004810BDF87601244344432099
:10B08000496E746572666163650000000420088083
:10B09000004870475000012404A00A46024910B538
:10B0A000FFF798FF004810BDF876012453544D690E
:10B0B00063726F656C656374726F6E6963730000B1
:10B0C00004A00A46024910B5FFF784FF004810BDEE
:10B0D000F876012453544D333220566972747561E9
:10B0E0006C20436F6D506F727400000010B51A2011
:10B0F00008800B480A490830021F09680068146874
:10B10000081809D007490822FEF7E0FA0549042289
:10B1100020461031FEF7DAFA0248801E10BD00000A
:10B1200000E8F11F7600012478B10023C0F8B8329E
:10B13000C0F8C432C0F8D03209B1C0F8B41201214D
:10B14000027080F89C1200F0CFB80320704710B551
:10B15000D0F8C802FBF7F9FBBDE81040FFF761BF6C
:10B1600010B5D0F8C802FBF7CBFBBDE81040FFF7E5
:10B1700058BF2DE9F041174604464FF0000521B1B4
:10B1800094F89C02032842D04CE0D4F8941204F1C5
:10B190001400022935D1D0E902639E4206D9F21A81
:10B1A000394682602046FFF725FE0FE0B34214D1F6
:10B1B0004068984211D3D4F8981288420DD20022E8
:10B1C00020461146FFF716FEC4F8985200231A468F
:10B1D0001946204600F0FFF813E094F89C0203287B
:10B1E00008D1D4F8B802C16821B1C4F8D452C168FA
:10B1F000204688478021204600F078F92046FFF756
:10B200001BFE94F8A00268B184F8A0520AE0D4F8BA
:10B21000B802426932B1C4F8D4524269204690471C
:10B22000002800D10020BDE8F08170B51346044627
:10B230004FF0000221B194F89C02032830D03AE08C
:10B24000D4F8941204F5AA70032934D1D0E902513C
:10B250008D420AD96A1A82600846824200D30246A9
:10B2600019462046FFF7BEFD25E094F8AA0210F02B
:10B270001F0003D0012802D0022800D0002294F839
:10B280009C02032808D1D4F8B802016921B1C4F89E
:10B29000D4220169204688472046FFF7E5FD0AE0F1
:10B2A000D4F8B802836933B1C4F8D4228269204645
:10B2B0009047002800D1002070BD0020704710B5D5
:10B2C000D0F8B812012280F89C22002429B1037919
:10B2D0004A68D9B2904700B10324204610BDD0F887
:10B2E000C802FBF75FBB000070B50178012929D1C6
:10B2F00015490925154C02230022C1F8E004C0F8C5
:10B30000C81208460C600D71CB718A714B728A723B
:10B31000CA720A738A73CA730A74FBF7BBFE08B158
:10B32000F8F7ABF908484FF40071FBF798FA0648B4
:10B3300080220021FBF797FA034801214FF4BA72EB
:10B34000FBF791FA002070BD188B01240000044027
:10B35000D0F8C82201F07F000B0600EBC00002EB22
:10B36000800001D5807D704790F85602704710B577
:10B37000D0F8D42200EB8202D2F8B82222B190F8A1
:10B380009C32032B02D004E0032010BD126A02B1EC
:10B390009047002010BD10B5D0F8D42200EB8202F7
:10B3A000D2F8B82222B190F89C32032B02D004E0EC
:10B3B000032010BD526A02B19047002010BD10B5A5
:10B3C0001C46D0F8C80213462246FBF7F4FABDE843
:10B3D0001040FFF726BE10B5D0F8C802FBF71AFBE5
:10B3E000BDE81040FFF71DBE2DE9F04104460125E0
:10B3F0000020D4F8B812064684F89C52C4F894028F
:10B400006060C4F8A40284F8A00231B14A6822B195
:10B4100000212046904700B1032620460022402309
:10B420001146FFF7CCFF4027A4F8645100223B46A9
:10B4300080212046C4F86071FFF7C1FFA584304623
:10B440002762BDE8F08190F89C12042903D190F89E
:10B450009D1280F89C120020704710B590F89C1245
:10B46000032905D1D0F8B81211B1C96901B18847D3
:10B47000002010BD01740020704710B5D0F8C8023C
:10B48000FBF7BEFEBDE81040FFF7CBBD70B504462C
:10B4900000F2AA20054600F051F894F8AA02012310
:10B4A000B4F8B01210F01F02C4F89432C4F8981225
:10B4B0000AD0012A0ED0022A12D000F080012046C4
:10B4C000BDE8704000F012B829462046BDE8704043
:10B4D00000F0D0B829462046BDE8704000F013BA0D
:10B4E00029462046BDE8704000F05BB910B5D0F8A1
:10B4F000C802FBF7A9FABDE81040FFF792BD10B5EE
:10B50000D0F8C802FBF796FEBDE81040FFF789BDF2
:10B5100090F89C12042903D090F89C1280F89D1298
:10B52000042180F89C120020704710B5D0F8C802A2
:10B53000FBF7C3FABDE81040FFF773BD70B50546D1
:10B5400008788C1C2870487868702046FEF75DFEED
:10B55000A41C68802046FEF758FEA880A01CFEF7B9
:10B5600054FEE88070BD38B504460020ADF80000F8
:10B57000A1B1C4F8B812D4F8D40204EB8000D0F81A
:10B58000B802C16A19B168468847C4F8D002D4F835
:10B59000D802401CC4F8D802002038BD032038BDB2
:10B5A000D0F8B83202460020002B02D01B681046AB
:10B5B000184770472DE9F0412C4E04468878002545
:10B5C0008846C1B20129317006D941462046FFF7AD
:10B5D00019FC0320BDE8F08194F89C0202270228A0
:10B5E0000CD003281DD041462046FFF70BFC3178D4
:10B5F0002046FFF7E9FB03252846EBE789B3204601
:10B600006160FFF7CDFF050004D041462046FFF7FB
:10B61000F9FB1DE02046FFF727FC032084F89C027D
:10B62000EAE7C1B1606888421BD0C1B22046FFF78B
:10B63000CBFB317820466160FFF7B2FF050010D0E8
:10B6400041462046FFF7DEFB21792046FFF7BCFB91
:10B6500084F89C72D0E7616084F89C722046FFF702
:10B66000B3FB2046FFF700FCC6E7000044010124BD
:10B67000FFF745BF2DE9F0410A784FF0000512F0C1
:10B6800060020CD0202A01D0402A7DD1D0F8D422EB
:10B6900000EB8202D2F8B8229268904731E04B78F2
:10B6A000002201260A2B6FD2DFE803F041666E58B4
:10B6B0006E08056E2D29FFF7E2FB67E004468888D7
:10B6C000D8B9C888C8B94888802816D294F89C226E
:10B6D00000F07F07032A10D03946204684F89E7276
:10B6E000FFF7CBFE2046FFF7BFFB1FB1022084F817
:10B6F0009C024BE084F89C6248E0204644E0FFF75F
:10B7000059FF054642E0CB88012B3DD190F89C3291
:10B71000012B04D0022B02D0032B35D104E000F121
:10B7200008018260012216E00122011D13E090F859
:10B730009C22012A03D0022A01D0032A24D1CA88DC
:10B74000022A21D1D0F8A412C66009B10321C16038
:10B75000022200F10C01FFF77AFB17E04A88012A68
:10B7600002D0022A03D00FE0C0F8A46216E0898854
:10B77000090A80F8A01211E090F89C32012B08D041
:10B78000022B06D0032B04D0FFF73CFB2846BDE874
:10B79000F08149880129F9D1C0F8A422FFF764FBA0
:10B7A000F4E72DE9F0410A780E460979054612F0D2
:10B7B00060004FF00008CCB20BD0202801D0402808
:10B7C0006AD121462846FFF709FBFF2800D0D8B3ED
:10B7D00096E07078C8B3012824D003285CD195F88E
:10B7E0009C02022802D0032856D10CE0002C53D032
:10B7F000802C51D021462846FFF778FE802128462C
:10B80000FFF774FE7CE0708840B93CB1802C05D015
:10B81000F08818B921462846FFF768FE2846FFF74A
:10B8200023FB6DE095F89C020228DFD0032863D14A
:10B83000708880BB600603D021462846FFF787FC4E
:10B840002846FFF711FBBCE700E00AE0C5F8D40288
:10B85000D5F8B8028268F2B1314628469047804652
:10B860004EE095F89C020027022802D0032843D11D
:10B8700013E00CB1802C3FD1200604F07F0000EBD8
:10B88000800005EB800101D5143101E001F5AA71BA
:10B8900002220F602CE033E02EE0200604F00F00BF
:10B8A00000EB800005EB800009D5808C20B304F00C
:10B8B0007F0000EB800005EB800614360AE0B0F84C
:10B8C0006401C8B104F07F0000EB800005EB800646
:10B8D00006F5AA764CB1802C07D021462846FFF702
:10B8E00037FD10B10120306000E0376002223146A0
:10B8F0002846FFF7ACFA03E031462846FFF782FA04
:10B900004046BDE8F08170B5054608780E464FF018
:10B91000000410F0600003D0202801D0402827D177
:10B9200095F89C02012803D0022801D003281FD1DA
:10B93000B088C1B201291AD8C1B22846FFF750FA1F
:10B94000FF280CD058B9D5F8B8128A683AB1C5F8B2
:10B95000D40228468A6831469047044600E0032412
:10B96000F088204307D12846FFF77EFA03E03146EE
:10B970002846FFF747FA204670BD704700487047D9
:10B98000F888012470B54D7801230A78012D1C4CEC
:10B9900002F00F0503FA05F3D0F81C5817D000EB9E
:10B9A000421245EA0343C0F81C38D2F8000B0004E9
:10B9B0000BD40B890979D2F8000BC3F30A0318439F
:10B9C00044EA81410843C2F8000B002070BD9EB2DA
:10B9D0003543C0F81C5800EB4213D3F800090004AB
:10B9E000F3D40D890979D3F80009C5F30A05890450
:10B9F000284341EA825108432043C3F80009E4E7A1
:10BA000000800010D0F800196FF30A01C0F8001987
:10BA1000D0F8041841F48071C0F804180020704771
:10BA200070B50D460446C2F307211E46049801294D
:10BA300022D0E06840F04000E060204600F03CF892
:10BA4000C6F307210029A16B2ED021F48031A16318
:10BA5000C5F3074101290ED1E16D154A89B2E165AF
:10BA6000E16D1143E165A16841F00601A160A168A3
:10BA700041F02001A16070BDA26BC3B20D49012B42
:10BA800022F48030A063E06800EA0100E060E06832
:10BA900020F44010E06003D1E06840F48010E060E2
:10BAA000204600F009F8D3E741F48031CFE70000E9
:10BAB0000000EE03BFFFBDFF08B500214FF070622C
:10BAC0000091009B5B1C009393420CD80369002BF0
:10BAD000F7DA0091016941F0010101610099491C07
:10BAE0000091914201D9032008BD0169C907F5D130
:10BAF000002008BD70B50A7801234C78012C00EBBA
:10BB000042122CD0D2F8004B002C0BDAD2F8004BAA
:10BB100044F00064C2F8004BD2F8004B44F080447B
:10BB2000C2F8004B0C78D0F83C5804F00F0403FA2C
:10BB300004F425EA0444C0F83C480978D0F81C48CD
:10BB400001F00F018B401C4924EA0343C0F81C3864
:10BB5000D2F8000B0840C2F8000B002070BDD2F8EC
:10BB60000049002C0BDAD2F8004944F00064C2F816
:10BB70000049D2F8004944F08044C2F800490D78E9
:10BB8000D0F83C4805F00F050C4E03FA05F5ADB2B0
:10BB9000AC43C0F83C48D0F81C48097801F00F01CC
:10BBA0008B4099B28C43C0F81C48D2F80009304051
:10BBB000C2F80009D1E700000078F3EF007833EC19
:10BBC000D0F8001E21F00301C0F8001ED0F80418C0
:10BBD00021F00201C0F8041800207047D0F8001EC0
:10BBE00021F00301C0F8001ED0F8041841F0020152
:10BBF000C0F80418002070472DE9F04F00250F46CB
:10BC0000904604462E46284604EB8001C1F80451B4
:10BC1000401C0F28F8D3C3F307405FEA0009204611
:10BC200010D0806B40F40011C4F83810C8F307201E
:10BC3000C4F8005E0128204617D0D0F8001841F063
:10BC4000030119E0D0F8040840F00201C4F8041818
:10BC5000A06B20F40011A163206840F04001216036
:10BC6000206840F080012160E0E7D4F80018380E29
:10BC7000204601D041F00101C0F80018102100F069
:10BC800088FA00B10126204600F067FA00B10126CB
:10BC90004FF67F3A4FF0006CC4F810584FF0904BBD
:10BCA000C4F81458C4F81C580020FAB214E000BFBD
:10BCB00004EB4011D1F80039002B06DA10B1C1F8BD
:10BCC00000B904E0C4F800C901E0C1F80059C1F8A6
:10BCD0001059C1F808A9401C8242E9D8002013E09D
:10BCE00004EB4011D1F8003B002B06DA10B1C1F88B
:10BCF00000BB04E0C4F800CB01E0C1F8005BC1F870
:10BD0000105BC1F808AB401C8242E9D8D4F8100897
:10BD1000C7F30742002A6FF0804120F48072C4F814
:10BD20001028A561616103D1A06940F01000A061F5
:10BD3000A069C8F30741094A1043A06119B1A0697D
:10BD400040F00800A061B9F1010F03D1A0690449D6
:10BD50000843A0613046BDE8F08F000000383C8009
:10BD600004000040816821F00101816000207047DB
:10BD700010B5144C036CA34203D9D0F8003B002B40
:10BD80001EDB0023C0F8103B0129D0F8101B41F442
:10BD90000021C0F8101BD0F8101B41F01801C0F8AA
:10BDA000101BD0F8101B41F0C041C0F8101B07D188
:10BDB000C0F8142BD0F8001B41F08021C0F8001B04
:10BDC000002010BD0A30544F0B784A78012A00EB4E
:10BDD00043100BD0D0F8002B22F40012C0F8002B37
:10BDE0000979032914D0022912D017E0D0F80029CC
:10BDF00022F40012C0F800290979032901D0022990
:10BE00000CD1D0F8001941F08051C0F8001905E0BC
:10BE1000D0F8001B41F08051C0F8001B0020704793
:10BE20000A784B78D1B2012B00EB421012D0D0F837
:10BE3000002B002A06DB29B1D0F8001B21F080413D
:10BE4000C0F8001BD0F8001B41F40011C0F8001B23
:10BE500000207047D0F80029002A06DB29B1D0F86D
:10BE6000001921F08041C0F80019D0F8001941F400
:10BE70000011C0F80019EBE7F8B50B786FF06046D9
:10BE80004F788A4DDCB2012F00EB43132BD0D3F84F
:10BE9000107B002C07EAC544C3F8104BD3F8104BB5
:10BEA00004EA0504C3F8104B7ED00D69002D7CD048
:10BEB0008C6825446D1EB5FBF4F5ADB26C430C6285
:10BEC00006EAC545D3F8104B2C43C3F8104BD3F802
:10BED000104B0D6AC5F3120554EA0504C3F8104B64
:10BEE000012A6ED0C9E00F6937B3D3F810796FF328
:10BEF0001207C3F81079D3F8107907EA0507C3F8D9
:10BF000010794CB30F698D68D3F810C92F447F1E88
:10BF1000B7FBF5F506EAC54545EA0C05C3F8105927
:10BF20000E69D3F81059C6F312063543C3F81059F9
:10BF30000D79012D1CD027E0D3F810692E40C3F8ED
:10BF40001069D3F8105945F40025C3F81059D3F8F7
:10BF500010596FF3120515E00E698D68AE4200D9D5
:10BF60000D61D0F8106946F40026C0F81069D7E7D3
:10BF7000D3F8105925F0C045C3F81059D3F810591B
:10BF800045F00055C3F81059012A1BD000EB4413AB
:10BF9000D3F8004944F00444C3F800490C79012C5B
:10BFA00031D00A6972B301E042E055E00B78D0F875
:10BFB0003418012203F00F039A401143C0F83418DB
:10BFC00071E056E0CA691AB100EB4413C3F81429B2
:10BFD000097901290ED1D0F80818C90500EB4411E0
:10BFE000D1F8002902D442F0005201E042F0805220
:10BFF000C1F8002900EB4410D0F8001941F00441C9
:10C00000C0F800194FE0D0F80848E405D3F800491B
:10C0100002D444F0005401E044F08054C3F80049D5
:10C0200000920B8A0A78C9689BB200F0E1F93AE005
:10C030000C690CB18C680C618C680C62C4F312053D
:10C04000D0F8104B2C43C0F8104BD0F8104B44F4F0
:10C050000024C0F8104B43E78D68D3F8104BC5F3AC
:10C0600012052C43C3F8104BD3F8104B44F40024B2
:10C0700034E7CA680AB1C3F8142B097901290CD135
:10C08000D0F80808C005D3F8000B02D440F00050E7
:10C0900001E040F08050C3F8000BD3F8000B40F0F3
:10C0A0000440C3F8000B0020F8BD0000FFFF07E0CC
:10C0B00038B5002242F21074002300920A784D78BD
:10C0C000012D00EB421219D0D2F8005B002D3CDAB2
:10C0D000D2F8005B45F00065C2F8005B0A7800EB1F
:10C0E0004212D2F8005B45F08045C2F8005B009A2E
:10C0F000521C0092A24221D9012326E0D2F8005915
:10C10000002D22DAD2F8005945F00065C2F8005936
:10C110000A7800EB4212D2F8005945F08045C2F887
:10C120000059009A521C0092A242E5D80A7800EB0E
:10C130004212D2F80029002AF3DB06E00A7800EB6D
:10C140004212D2F8002B002AD1DB184638BD816894
:10C1500041F0010181600020704708B500214FF0D7
:10C1600070620091009B5B1C009393420AD80369A4
:10C17000002BF7DA0091102303610099491C00910C
:10C18000914201D9032008BD0169C906F5D40020F8
:10C1900008BD18B500224FF070630092009C641C2B
:10C1A00000949C420CD80469002CF7DA20240092F9
:10C1B00044EA811101610099491C0091994201D919
:10C1C000032018BD01698906F5D4002018BDD0F8F8
:10C1D000080810F0060004D0022803D0062801D079
:10C1E0000F20704702207047406900F0010070473F
:10C1F000D0F81818D0F81C08084080B27047D0F862
:10C200001818D0F81C080840000C704710B5D0F87A
:10C21000102801F00F0300EB4114D0F83418D4F8C3
:10C220000809D94001F0010142EAC111084010BDDE
:10C2300000EB4111D1F8081BD0F8140808407047F2
:10C2400041698069084070470346084630B5940844
:10C2500002F00301002203F5805303E01D68521C25
:10C2600040F8045BA242F9D300290CD01C680023DB
:10C27000491EDD00090403F10103090C24FA05F24B
:10C2800000F8012BF4D130BD70B50446C068012917
:10C290004FF0000520F0C040E06001D079B120E00F
:10C2A000E06840F00050E0600A20F9F735FA606974
:10C2B0000A3510F0010F10D1C82DF5D30DE0E0685C
:10C2C00040F08040E0600A20F9F726FA60690A35FC
:10C2D00010F0010F01D0C82DF5D3C82D01D00020DA
:10C2E00070BD012070BDD0F800284FF4FE6303EA52
:10C2F000011322F4FE62C0F80028D0F80018194398
:10C30000C0F8001800207047022A3ED1264A274B69
:10C310000A449A4201D20F2138E0254A254B0A44AB
:10C320009A4201D20E2131E0234A244B0A449A4218
:10C3300001D20D212AE0224A224B0A449A4201D21C
:10C340000C2123E0204B214A0B44934201D20B21C4
:10C350001CE01F4B1F4A0B44934201D20A2115E0F7
:10C360001D4B1E4A0B4493420FD31D4B1D4A0B44D9
:10C37000934201D2082109E01B4B1C4A1944914207
:10C3800001D2072102E0062100E00921C2684FF432
:10C39000705322F47052C26003EA8123C1681943CA
:10C3A000C160002070470000405327FF00350C009B
:10C3B000401E1BFF40420F0000DC0BFF804F1200AD
:10C3C000808CF9FE20D6130060B6E5FE60E316000F
:10C3D00000D3CEFE40771B00C05BB3FEC0912100AE
:10C3E00000CA91FE20753800E05459FEE09C4100DF
:10C3F00010B5029C74B900EB0232DB1C00209B08D4
:10C4000002F5805204E000BF51F8044B1460401C58
:10C410009842F9D3002010BDFEE703B40198410013
:10C42000009850EAC12018BF04204A0D18BF40F000
:10C43000010040F2FF72B2EB515F08BF40F0020012
:10C44000012808BF052002B07047000013B5054859
:10C450000199090DB0EB415F01D001201CBD002006
:10C460001CBD00000000E0FF6FEAD05010F0FF009C
:10C4700000D0012070476FEAD05010F0FF0000D0CC
:10C48000012070476FEAD05010F0FF0000D001206B
:10C4900070476FEAD05010F0FF0000D001207047C5
:10C4A0006FEAD05010F0FF0000D0012070476FEA13
:10C4B000D05010F0FF0000D0012070476FEAD0503C
:10C4C00010F0FF0000D00120704700280DDB41096B
:10C4D00000F01F02890001F1E0210120D1F80011D4
:10C4E0009040014201D001207047002070470907A9
:10C4F00000284FEA116104DB00F1E02080F800140D
:10C50000704700F00F0000F1E02080F8141D704724
:10C510002DED020B9FED340BDDE90010C0F30A5244
:10C520009FED331BA2F2FF32142A2DDA9DED002B72
:10C530009FED2D0B002A32EE000B10DAB4EEC01B7B
:10C54000F1EE10FA49D20028BCBF4FF000400021A4
:10C5500043DB50EA010218BF274813D13DE0274BC7
:10C56000D34000EA030C5CEA010C17D0B4EEC10B17
:10C57000F1EE10FA31DD002803DD4FF48011D140D7
:10C5800008449843002128E0332A07DCA2F1140371
:10C590004FF0FF3C2CFA03F3194203D19DED000B41
:10C5A00002B070479DED002B30EE420BB4EEC10B94
:10C5B000F1EE10FA11DD00280EDD142A08BF401C30
:10C5C0000AD0C2F134024FF0010C0CFA02F20A4414
:10C5D0008A4238BF401C11469943CDE900109DEDB9
:10C5E000000B02B0704700009C7500883CE4377E69
:10C5F00000000000000000000000F03FFFFF0F00FF
:10C6000010B52DED028BB0EE608AF0EE408A18EE88
:10C61000101A18EE900A23F05FFD00F07040B0F1A0
:10C62000005F0CD018EE100A20F00040C0F1FF406F
:10C63000C00F02BFB0EE480ABDEC028B10BDB0EED9
:10C64000680ABDEC028B10BD10B52DED028BB0EE6B
:10C65000608AF0EE408A18EE101A18EE900A23F065
:10C660003BFD00F07040B0F1004F0CD018EE100A06
:10C6700020F00040C0F1FF40C00F02BFB0EE480AFA
:10C68000BDEC028B10BDB0EE680ABDEC028B10BD94
:10C6900010B52DED028BB1EEC08A18EE100A20F015
:10C6A0000040C0F1FF40C00F0AD010EE100A20F089
:10C6B0000040C0F1FF40C00F04BF0120F4F7B1FB00
:10C6C000B0EE480ABDEC028B10BD00000000000077
:10C6D00000B583B09FED080B0A4601468DED000BB7
:10C6E0006846F4F75FFF9DED000B03B0B7EEC00B9B
:10C6F00000BD00000000000000000000000000007D
:10C700009FED030B20EE000B7047000000000000BF
:10C7100000000000000000709FED030B20EE000BF6
:10C720007047000000000000000000000000001042
:10C7300010B504462DED048B82B06A4691ED008B56
:10C7400051EC180B0DF040FC00989FED1D9B7E30C6
:10C750000090002822DCB4EE498BF1EE10FA1DD0D7
:10C76000002140F608004FF00000B7EEC88B40F6FD
:10C770000801014040F608004FF000009FED120A4A
:10C78000B4EE408AF1EE10FA04BF0220F4F749FB40
:10C7900084ED008A02B0BDEC048B10BDFF28B8BF49
:10C7A000B7EEC88BF4DB0220F4F73BFBB4EEC98B89
:10C7B000F1EE10FAACBF9FED058A9FED058AE7E721
:10C7C0000000000000000000000000000000807F6A
:10C7D000000080FF0000000030B504462DED048B02
:10C7E00085B040F2FF7590ED008B0A4618EE900A76
:10C7F0008DED008B35EA10501EBF9FED239BB4EEEC
:10C80000498BF1EE10FA23D051EC180B23F0A8FD60
:10C8100041EC180B18EE900A8DED008B35EA1050A4
:10C820001CD0B4EE498BF1EE10FA11D10220F4F7CE
:10C83000F8FAFFF771FF10EE901A18EE900A8DEDDE
:10C84000000B8DED028B61F31E0001909DED008BBE
:10C8500084ED008B05B0BDEC048B30BD0220F4F7F5
:10C86000E0FAFFF74DFF10EE901A18EE900A8DEDEA
:10C87000000B8DED028B61F31E0001909DED008B8E
:10C88000E6E70000000000000000000000000000DB
:10C8900030380A2801D2012070470020704700007C
:10C8A0000848442110B500F089FD074800221421F2
:10C8B00018F0CEFE054CA06005F094FF002020701B
:10C8C00010BD000044B902249D280108C0020124C3
:10C8D0002DE9F84F0E46814617461146304600F0C6
:10C8E00023F940B100223946304600F0C9F828B19A
:10C8F0000020BDE8F88F4FF0FF30FAE7B6F906C028
:10C900000020B6F90210421EB6F904E0B6F900B0F4
:10C91000ACEB010CB7F802800CF1010CAEEB0B0391
:10C920008A465B1C02FA83F302FA8CFCA8EB0A012C
:10C9300009B21AB200920FFA8CF200290EDD6BF3E5
:10C940000F040AEB01036EF30F056AF31F44C9F8E5
:10C95000004063F31F45C9F804500120B7F90610E1
:10C960007388CB1AD21A12B2002A15DDB6F9063036
:10C97000994211DAB6F8008009EBC003B6F804C09A
:10C980000A44401C68F30F046CF30F0561F31F4465
:10C990001C6062F31F455D60B7F90220B6F9021012
:10C9A0008A4200DD1146B7F90630B6F906209342F7
:10C9B00000DA1A46B7F800C0B6F90030521A0FFA7A
:10C9C00082F8ACEB030C0FFA8CF2002A13DDB8F1FD
:10C9D000000F10DD63F30F04134401EB080C63F345
:10C9E0000F0509EBC00361F31F44421C1C606CF38C
:10C9F0001F4510465D60B7F904203388D61A009BA6
:10CA00009B1B1BB2002B7FF778AF62F30F0401EB87
:10CA1000080661F31F44134409EBC00163F30F05DB
:10CA2000421C0C6066F31F4510464D6061E770B50F
:10CA3000B1F90040B2F900309C4200DD234603808A
:10CA4000B1F90250B2F90240A54200DD2C46448003
:10CA5000B1F90460B2F90450AE4200DA354685807F
:10CA6000B1F90610B2F90620914200DB1146C180EF
:10CA7000AB424FF0010001DC8C4200DD002070BDB4
:10CA8000F8B50D46B1F900100446B0F9000016469D
:10CA9000884247DBB4F90210B5F90220914241DB2C
:10CAA000B4F90410B5F9042091423BDCB4F9061046
:10CAB000B5F90620914235DC96B3ADF80000324658
:10CAC00060886946ADF80200284600F049F8002861
:10CAD00027D0A0883246ADF8000069466088ADF8DE
:10CAE0000200284600F03CF800281AD02088324680
:10CAF000ADF800006946E088ADF80200284600F075
:10CB00002FF800280DD0A0883246ADF80000694605
:10CB1000E088ADF80200284600F022F8002800D096
:10CB20000120F8BD0020F8BDB0F90020B1F90430B3
:10CB30009A4213DCB0F90420B1F900309A420DDBBF
:10CB4000B0F90220B1F906309A4207DCB0F90600CC
:10CB5000B1F90210884201DB0120704700207047C4
:10CB60002DE9FC410546B1F900000E461446B5F921
:10CB7000001088423ADBB5F90470B84236DCB6F9E9
:10CB80000200B5F90230984230DBB5F90620904238
:10CB90002CDC002C75DD781AD21A401C521C00B215
:10CBA00012B200EBD07002EBD272401052109042E1
:10CBB00000DB1046844200DD0446ADF800102888F2
:10CBC000002231462044ADF804006888ADF8020028
:10CBD00068882044ADF806006846FFF7C1FF40B101
:10CBE000BDF804002044ADF804003FE00020BDE89B
:10CBF000FC81E88800223146001BADF80200E8887D
:10CC0000ADF806006846FFF7ABFF28B1BDF8040099
:10CC10002044ADF8040011E0A88800223146001B32
:10CC2000ADF80000A888ADF804006846FFF798FF4B
:10CC300050B1BDF80000001BADF80000BDF80200C7
:10CC4000001BADF8020016E068880022ADF8020073
:10CC5000314668882044ADF806006846FFF780FF3B
:10CC600070B1BDF80000001BADF80000BDF8060073
:10CC70002044ADF806003146684617F0CBFFB6E712
:10CC8000FFE70120B3E710B5B1F90040B2F9003079
:10CC90009C4200DA23460380B1F90240B2F9023027
:10CCA0009C4200DA23464380B1F90440B2F90430D3
:10CCB0009C4200DD23468380B1F90610B2F90620BC
:10CCC000914200DC1146C18010BD0000F8B5054658
:10CCD00018F0AAFC364C00260746009635B1E868E5
:10CCE0006060284618F086FD606802E011F020FBC5
:10CCF0006060006917F0CAFE6068406908B117F00B
:10CD0000C5FE6068C06917F0C1FE6068006A17F070
:10CD1000BDFE6068016991B118F0B4F820F036F8F2
:10CD20001FF086FE6068B0F85011D9B30068017C2E
:10CD3000C9071DD0C0684068D0B1002513E0A0F835
:10CD40005061F8BD411991F8301151B900F5AC703E
:10CD500000F08BFB616801EBC5010A6B0260496B57
:10CD600041606D1CADB26068B0F85011A942E9D8BD
:10CD700060684FF48071303014F06CFD60682021E1
:10CD800000F5987014F066FD6068A0F850613846B0
:10CD900018F043FC009060680068436A13B1226891
:10CDA0000099984714F016FCBDE8F84000F016B85A
:10CDB00058020124084949680AE04A68824202D0C0
:10CDC0000A68824203D10A7E42F001020A7649696A
:10CDD0000029F2D1704700002C02012470470000A6
:10CDE0000148042100F0EABA38B9022401482021A0
:10CDF00000F0E4BA50B902240023491E8180521E7B
:10CE0000C2800380438070472DE9F041124C1546E3
:10CE10000E46074618F008FC80462B463246394637
:10CE2000204613F091FC20B1E1690020A06251B1CD
:10CE300010E02C21204614F00DFD4FF00040A062C0
:10CE40000020BDE8F081404618F0E7FBE06108B93A
:10CE50000120E0612046F4E774B902240A48142155
:10CE600010B500F0ABFA13F031FC40B10749016096
:10CE700007494160074981600749C16010BDBDE8AD
:10CE8000104007F06BBD00005CB902247D00020871
:10CE9000FD030208E90502084900020870B50D46C5
:10CEA00004461021284614F0D5FC2068007801289B
:10CEB00004D0022807D0042807D008E0A08A2880E0
:10CEC000E08A688003E0E06800E00A20686020688B
:10CED0004268002A03D02946BDE87040104770BD63
:10CEE0002DE9FE430446808A10B9E08A002874D0F8
:10CEF000D4F82C805FEA080010D120460CF0AAFD7F
:10CF00005FEA000869D020460EF022FA002240466F
:10CF1000092112F043FC607880075ED44FF48079D9
:10CF2000454600274E460021284616F016FA38449A
:10CF300007B22846002116F022FAC11700EB116053
:10CF4000001210FB06F006B2284615F02FFC050073
:10CF5000E9D10FB94E450CD04FF480306B4690FBB1
:10CF6000F6F07942009509B202B204F1140017F00C
:10CF7000B7FDADF80450ADF8085094F8400000F04B
:10CF80000F000328404616D015F042FD06464046E5
:10CF900015F018FC034632460C200090B4F9161028
:10CFA00040460CF0C5F9ADF80800404615F05CFCB1
:10CFB000C10713D018E015F0BFFC0646404615F037
:10CFC0005BFC0246334603200090B4F9141040463F
:10CFD0000CF0AEF9ADF80400E7E736E0BDF9041057
:10CFE000002901DDADF80450810705D4BDF9041016
:10CFF000002901DAADF80450410705D4BDF9081045
:10D00000002901DDADF80850000705D4BDF908007E
:10D01000002801DAADF8085002AA01A9204620F044
:10D0200087FCBDF908204046BDF9041000F093FAD2
:10D030006078800709D4208BBDF80420618B1044F0
:10D040002083BDF8080008446083BDE8FE832DE915
:10D05000FC5F0446C06A5FEA000B71D094F84000A0
:10D0600000076DD013F034FC019040210068457E2C
:10D07000584616F05BFA4FF0000818B9A4F81E8065
:10D08000A4F81C80584615F0B5FC8246584615F0A9
:10D09000B8FC064694F840004FF0640900F00F0019
:10D0A0000C2802D003284CD09AE0A4F81C8056B17A
:10D0B000B4F91E50002713F00BFC01684846497E66
:10D0C000C1F1640122E0E18BC5F1640211FB02F1C0
:10D0D00091FBF9F0E083584615F074FB054658467D
:10D0E00015F096FC02462B460C200090B4F91E1059
:10D0F00058460CF01DF900230246E0831EE011FBA8
:10D1000005F27B1992FBF0F21FB215B2002DF6D199
:10D11000ADF8007000216A462046A4F81E8020F079
:10D1200007FC41F6FF72BDF90030514258460CF041
:10D1300029FEBDF800100123084402B200214CE092
:10D140009BE0BAF1000FA4F81E800AD0B4F91C507D
:10D15000002713F0BDFB00684946407EC0F1640023
:10D1600022E0A18BC5F1640211FB02F191FBF9F001
:10D17000A083584615F080FB0546584615F0DCFBA9
:10D1800003462A4603200090B4F91C1058460CF0C0
:10D19000CFF800230146A0831EE010FB05F27B19A7
:10D1A00092FBF1F21FB215B2002DF6D1ADF800706E
:10D1B000002269462046A4F81C8020F0B9FB41F605
:10D1C000FF72BDF90030514258460CF053FDBDF8D6
:10D1D00000100123084401B20022584617F0DAF883
:10D1E000A08B002849D1E08B002846D1C6B958460B
:10D1F00015F00EFC0546584615F0E4FA002D06DC45
:10D2000000280DDD002D02DA01232A4604E0002863
:10D2100006DA0123404202B25846002117F0BAF85C
:10D22000BAF1000F19D1584615F026FB05465846AD
:10D2300015F082FB002D07DC00280EDD002D03DA3F
:10D2400001232946002205E0002806DA01230022F6
:10D25000404201B2584617F09DF8019A0A215846FB
:10D2600012F09CFA6078800707D494F84010C4F854
:10D270002C8021F00F0184F84010BDE8FC9F0000D5
:10D280007FB504000E4603D111F052F804002ED0F1
:10D2900011F0B8F800282AD094F82800400726D4C6
:10D2A0004FF0000526B3ADF800502046ADF802500F
:10D2B00011F056F8401EADF80400204611F08CF82D
:10D2C000401E6A463146ADF8060002A8FFF7AFFBE4
:10D2D00000280CD02068017C89070CD5DDE90012FC
:10D2E00060680123A4F85031C4E90C1280BB7FBDF3
:10D2F000A4F850517FBD82690AB102A99047002667
:10D300000BE000BF04EBC6010022303102A8FFF79A
:10D31000B7FB0028EED1761CB6B2B4F85001B0428B
:10D32000F0D880B2202804D204EBC000303002A92B
:10D3300004E004F130006946A4F8505110F0F4FC08
:10D34000B4F850116068491CA4F850110028D1D0DD
:10D3500018F05CFA7FBD70B5054600F012F804467F
:10D360000CE02146284600F01EF8064621462846D5
:10D3700000F0A2F8204614F0A3F93446002CF0D1B6
:10D3800070BD002800D0406870470022034600B5F9
:10D39000FFF7F7FF03E0521C184600F004F8010005
:10D3A000F9D1104600BD0068091D4058704700685B
:10D3B00040587047002800D08068704700224260C3
:10D3C000C91C826021F003010160704770B50446FA
:10D3D0000068083014F0E2F8050013D0002201467E
:10D3E00020461AF094FD6268294620461AF089FD0D
:10D3F000616819B12A4620461AF089FDA068656067
:10D4000000B9A560284670BD2DE9F04106000C4624
:10D410000AD04CB1FFF7B5FFA04208D13046FFF764
:10D42000D5FF051E01D01EE00020BDE8F081306868
:10D43000083014F0B3F8051EF7D030682A460759B3
:10D44000304639461AF05DFD3A46294630461AF014
:10D450005EFD2A46214630461AF059FD22462946ED
:10D4600030461AF04EFD2846DFE770B504460068E6
:10D47000083014F093F8050013D00022014620462E
:10D480001AF03FFDA268294620461AF040FDA16827
:10D4900019B12A4620461AF034FD6068A56000B92B
:10D4A0006560284670BD28B1416809B9806808B137
:10D4B000002070470120704770B504000ED0FFF7C0
:10D4C00060FF88424FF00002204608D1FFF76BFF53
:10D4D000011E606001D000221EE0A26070BDFFF757
:10D4E00069FF8842206808440AD10168A16029B117
:10D4F0002046BDE8704000221AF003BD626070BD96
:10D5000005682046FFF74FFF06460246294620469B
:10D510001AF0F7FC2A4631462046BDE870401AF062
:10D52000F6BC10B50446006882680AB121469047EF
:10D5300020680068002801D02060F5E710BD8068F1
:10D54000002801D0B0F9160070478068002801D08B
:10D55000807E8009704770B516460C46054651EA34
:10D5600006001AD0284614F065FAA868012332464E
:10D57000018A21440182A868418A314441822146BE
:10D58000284616F0C1F9002228460B2112F006F9B0
:10D59000012803D1284616F033F9012070BD77B574
:10D5A00005000E4681B017D0622215F06DFE040012
:10D5B00012D0206880B163222846314615F064FEFF
:10D5C00010F0FF0208D02368204603999847009086
:10D5D000BDF80000ADF80C00039804B070BD000069
:10D5E0002DE9F04792B00746408C994690468A460E
:10D5F0001A9E40F00800788438463A84328915F043
:10D6000043FEA7F82090054632895146384615F06A
:10D610003BFE0446788CA54220F00800788403D1B4
:10D620002904B1EB044F68D0A7F820805146328915
:10D63000384615F029FE0546804651463846A7F87B
:10D6400020900CF021FF00682A46318917F042FF34
:10D6500030890B2823D147F6FF794D4501D04C4541
:10D660001DD1384615F05CFF00EBD07045103846F0
:10D6700015F05BF800EBD0704010C84506D1691C6E
:10D68000431C994200DA00E0194688464C4506D111
:10D69000691C421C914201DA6C1C00E014461A48D5
:10D6A000FFF794FE05002BD02F60C5E90384308975
:10D6B000A8806846C5F808A010F08EFA1348FF212C
:10D6C000CDE90050124802901248039000200890C3
:10D6D000CDE9090130880B9070889DF842104042D6
:10D6E0000C90F0680790002060F300018DF8421064
:10D6F00030690690684610F0C3FA12B0BDE8F087B2
:10D7000007F02CF9F9E7000068B9022435EB0208AC
:10D7100039ED020895EC020801481421FFF74EBECE
:10D7200068B902242DE9F84F042790460025894660
:10D7300006462C46E5E000BFF16807EBC400085838
:10D7400082017AD480B230EA090211D05FF000027F
:10D7500030EA08000ED0002082426ED051F834A08A
:10D7600010216A46504617F01FFD002871D103E0D2
:10D770000122EDE70120EFE711216A46504617F03C
:10D7800013FD002865D112216A46504617F00CFDA2
:10D7900000285ED113216A46504617F005FD002887
:10D7A00057D115216A46504617F0FEFC002850D18B
:10D7B00014216A46504617F0F7FCE8BB0A216A4676
:10D7C000504617F0F1FCB8BB6B216A46504617F083
:10D7D000EBFC88BB6C216A46504617F0E5FC58BB51
:10D7E00001216A46504617F0DFFC28BB04216A4637
:10D7F000504617F0D9FCF8B902216A46504617F096
:10D80000D3FCC8B903216A46504617F0CDFC98B93D
:10D8100005216A46504617F0C7FC68B906216A46DA
:10D82000504617F0C1FC38B932216A46504617F00D
:10D83000BBFC08B96A4601E00BE061E06E2150468E
:10D8400017F0B2FC28B96D216A46504617F0ACFCBF
:10D8500010B10320BDE8F88F69216A46504617F0E1
:10D86000A3FCE8BB6A216A46504617F09DFCB8BB92
:10D870006E216A46504617F097FC88BB6D216A46B8
:10D88000504617F091FC58BB37216A46504617F0B6
:10D890008BFC28BB38216A46504617F085FCF8B946
:10D8A00035216A46504617F07FFCC8B940216A46C8
:10D8B000504617F079FC98B945216A46504617F052
:10D8C00073FC68B941216A46504617F06DFC38B9BF
:10D8D00042216A46504617F067FC08B96A4600E0E4
:10D8E0000AE04321504617F05FFC28B949216A46F7
:10D8F000504617F059FC08B1022501E005B9012591
:10D90000641C708CC0F30510A0423FF615AF28468A
:10D91000A0E7000001484068704700005802012459
:10D920007047C0F30410072800D907207047000093
:10D93000A0F57F41FF3905D0002804D0712803D21B
:10D9400008490AE01F2070470749713880B209680A
:10D9500029B1064A5268904201D2085C7047002003
:10D9600070470000907A0408EC02012400030124AF
:10D970000448182110B5FFF721FD03490120087064
:10D9800010BD000014B90224080301242DE9F04160
:10D99000094D90460E461C46074619466A68904750
:10D9A000306020B1206800216A6838449047C8F888
:10D9B0000000BDE8F08100001C0301242DE9F04FB8
:10D9C00087B01F4693468A4604464FF00001DDE9C2
:10D9D000105805B1298064B1207800280AD0BAF126
:10D9E000000F06D018F0060F4FF0000615D00020EB
:10D9F00004E0002007B0BDE8F08F401C215C0A293C
:10DA000004D00D2902D00029F7D100E0401C002DE0
:10DA1000F0D04FF0FF312980ECE75FEA887001D544
:10DA200041F6FF77894608468DF81410049126E0E8
:10DA30000498CDF8189060B3002351460DF1180CEE
:10DA400005AACDE90223CDE9008C20443B465A4685
:10DA500018F01CF80699A7EB0102314417B20EB278
:10DA600088B104990144049120780A280BD00D282C
:10DA700009D0605C0A280ED00D280CD00846205C26
:10DA800008B1002FD4DC049840B105B12E80049871
:10DA9000B0E70123D1E7481C0490F4E7064A04A943
:10DAA000204652689047002D0146F0D00022504693
:10DAB00011F072FF06B2E9E71C0301240278232962
:10DAC0004FF0000302D0012A0ED012E032B1012A39
:10DAD0004FF0000104D0022A04D00AE0012106E040
:10DAE000017006E00123FBE7202901D1022101702A
:10DAF00001231846704700002DE9F0471E461446E2
:10DB00000D468246DDF8209015E000BF4FEA54082C
:10DB10004A46504608FB065739469047002808DD1C
:10DB200044F30000C0EB540407EB0605A4F1010424
:10DB300001E005DA4446002CE8D12046BDE8F08734
:10DB40003846FBE72DE9F0414FF0000480B14F1E4D
:10DB50000D463942064601D006F000FF7019401EFE
:10DB6000B843B0F5004F03D20C2800D80C2004466F
:10DB70002046BDE8F08100000F4991F864000928B3
:10DB800006D00A2804D0012814D191F8690088B180
:10DB900091F8100314280DD2DFE800F00C0C0C0CE7
:10DBA0000C0C0C0C0C0C0A0A0A0A0A0A0A0A0A0AC9
:10DBB0000120704700207047D8FE01242DE9FF5F47
:10DBC000DFF8488484B0DFF848B415461C4698F85E
:10DBD000101398F866A00A2905D00B2908F52A70B9
:10DBE000009018D02EE09BF88013022902D0032960
:10DBF0000BD0B4E19BF890133AEA0100F9D10498F4
:10DC000008B0BDE8F05F02F07DBECDE90023002240
:10DC100008210220E1E198F8150398F828118842BC
:10DC2000E7D3009A5146049802F01CFF50B10498C3
:10DC30000022514602F080FF90B90498514602F04C
:10DC400037FF68B1F14E4FF0000998F8100306F164
:10DC500080070C2806F538760AD00D2848D07FE0DA
:10DC6000049808B02A462346BDE8F05F04F0A0BC43
:10DC70009BF8A803042802D0052836D06FE198F855
:10DC8000640001280BD198F8690040B1284621466C
:10DC900004F0E8FB00212A4623460846A6E102F0EC
:10DCA00041FDFB220146DA485346009719F0EEFB8E
:10DCB00020B102F007FC0022014614E00D2288F892
:10DCC000102388F8149388F81593049800F0B2FC98
:10DCD000D04A002328462146009600F02DFC00285B
:10DCE0007ED100220821042075E1002208215FE195
:10DCF00098F8151398F828018142BFD3009A51462D
:10DD0000049802F0AFFE58B30498514602F0D0FEDA
:10DD100030B302F007FDFC220146BD485346009790
:10DD200019F0B4FB20B102F0CDFB0022014615E052
:10DD30000E2388F81033012288F8142388F81593ED
:10DD4000049800F077FCB34A002328462146009649
:10DD500000F0F2FB0028C3D10022082105203AE19F
:10DD600098F8100347460E281BD197F8150397F82B
:10DD7000281188427ED3009A5146049802F072FE20
:10DD800078B104980122514602F0D6FE48B187F8D6
:10DD900018A32A46049808B02346BDE8F05F04F0B3
:10DDA0005FB897F810030F2806D0102878D01228F3
:10DDB00074D0112873D0B1E002F0A0FC060002D1AB
:10DDC00002F084FCB8B197F86400092813D1D7E9B0
:10DDD000BA106A1A74EB00020AD34CF2503300E016
:10DDE000DBE0691A64EB00000022591A824102D27A
:10DDF0000022062147E002F069FCA8B1049802A9BC
:10DE00002A4623468DF80890009102F093FA30B12B
:10DE10002846214603F0D0FF08B0BDE8F09F9DF8EA
:10DE200008000028E4D115E0049802F00DFC88B148
:10DE30004EB1D7E9622CD7E96413AA1A64EB0C003F
:10DE4000511A984106D308B028462146BDE8F05F34
:10DE500003F0B2BFD7E9B81051EA000203D0691A43
:10DE600074EB0000C4D297F8150397F82811884284
:10DE700075D300E073E046B12846214600F010FB60
:10DE800018B1002208210620A5E002F01FFC08B10D
:10DE9000C7E9BA5487F8159361E001E023E029E06F
:10DEA00097F86700022806D097F8150397F828110D
:10DEB000884209D253E0D7E9B80150EA01020BD0F9
:10DEC000281A74EB010007D3049808B02A462346A9
:10DED000BDE8F05F03F030BF97F8150397F82811FD
:10DEE0008842D7D23BE097F8150397F8281188426B
:10DEF00076D234E097F8150397F8281188422ED38C
:10DF0000009A5146049802F0ADFD38B10498002201
:10DF1000514602F011FE00287FF4B8AE97F81003C6
:10DF200013281CD197F8150397F82811884216D3A7
:10DF300097F81913009A049802F094FD78B197F8B5
:10DF400019130022049802F0F7FD40B1284621463B
:10DF500004F088FA97F812132A46234645E0414612
:10DF6000D1E9B80250EA02034DD0281A74EB02003E
:10DF700049D391F810030A2810D00B2812D00C288E
:10DF800014D00D2816D00E2817D0102818D011281C
:10DF90001ED0132825D012282DD034E000220621CF
:10DFA000022018E000220721012014E000220621AF
:10DFB000032010E00022072195E600220721CDE68C
:10DFC00098F8670002281ED000220621072002E0F0
:10DFD000002207210820CDE9005400F067F81BE774
:10DFE00009E098F812132A462346022008B0BDE83B
:10DFF000F05F00F049BC049808B02A462346BDE80B
:10E00000F05F03F05FBE002006E70000D8FE0124A9
:10E0100088A9012420A107002DE9FC41002614460F
:10E020001D46804604F0B6FB1C4F97F81003B8B1AC
:10E030001B4822462B4618F0C9FC97F864000928B3
:10E0400001D00A2805D100F0FFFC0022082102F0CF
:10E05000B9FC0521224602202B4600F015FC06469D
:10E06000224605202B4602F063F840EA06070C48DA
:10E0700005214246C038CDE9004504F02CFF09488F
:10E080001AF0C8FC08490020087004490448B03957
:10E0900019F0ECF83846BDE8FC810000D8FE0124F8
:10E0A00088A90124C8AE0124B80001242DE9F04F4D
:10E0B000DFB014460F4680461C21DDE9685650A8A3
:10E0C000F2F710FE1C2157A8F2F70CFE2246394643
:10E0D000404602F077FC4FF4987104A8F2F702FE74
:10E0E00000216B480DF1100B2A463346CDF808B0DD
:10E0F000CDE90001674819F039FB804602F008F8C5
:10E10000654C94F86A00012806D104F59C6090F8EB
:10E11000910408B1012700E0002702F001F894F80B
:10E120001103012800D1BFB194F8661084F81913C7
:10E13000A1B1594F02284FF000094FF0130A07F11F
:10E14000800711D003280FD094F8182321EA020089
:10E1500050EA08001ED07FE00021E7E74D482A463C
:10E16000334618F033FC8BE04A483A4619F082F8FF
:10E17000074648482A46334618F028FC002F7FD12E
:10E1800084F810A304A884F8149384F8159300F07D
:10E1900051FA68E09DF83C0131EA00005CD104A826
:10E1A00002F086FCC0B394F81913012204A802F00F
:10E1B000C3FC88B30020D8460DF5A07200EB8003A5
:10E1C00002EB800C08EBC303411C93ED000AC8B2BC
:10E1D00007288CED000AF1D394F867000097022815
:10E1E0000FD094F8191357AB2A4819F091F92A4621
:10E1F00033468046274818F0E9FBB8F1000F0CD0F1
:10E2000014E004F1500094F8191357AB90EC030A92
:10E21000204819F091F8EAE71EE0122184F8101363
:10E22000012284F8142384F815931CE002F07AFA92
:10E230000097FD2294F819330146164819F026F983
:10E2400084F810A3074684F8149304A884F815935F
:10E2500000F0F0F937B906E00E482A46334618F0C8
:10E26000B5FBE3E70CE00D4800230D4A3146009072
:10E27000284600F061F918B100205FB0BDE8F08FCA
:10E2800094F8121302202A46334600F0FDFAF4E710
:10E29000A086010088A90124D8FE0124B801022427
:10E2A00020A107002DE9FC412C4E14461D46804656
:10E2B0002B4806F1800296F8661018F0DBFF5FF03D
:10E2C00000020346B8F1000F06D002EB820108EB12
:10E2D000C101D1E9060101E00020014606EBC207B9
:10E2E000C7E9AA0196F86AC0BCF1010F0FD196F8F0
:10E2F00064C0BCF1090F05D0BCF10A0F02D0BCF11B
:10E30000010F04D1001BA94101D2C7E9AA45521C43
:10E31000D2B2072AD6D32BB1184602F0D3F8002286
:10E32000014615E00B2286F81023002086F814031E
:10E3300086F8150303460B4920460B4A00912946EF
:10E3400000F0FAF810B10020BDE8FC81002208219D
:10E350000120CDE90045FFF7A9FEF5E7D8FE01242D
:10E3600088A90124B801022420A107002DE9F04169
:10E370000E4601EB86012DED048B00EBC100B0B021
:10E3800090ED008AD0E9065418EE100A6FEAD050DA
:10E3900010F0FF0F73D0501BA34170D302F096F919
:10E3A0003B4F50B307EB8600D0ED4C9A90ED9B9A13
:10E3B000304601F0ABFFDFED370A60EE208AF0EE69
:10E3C000490AB0EE690AFEF73FF930EE680AB4EE8A
:10E3D000C80AF1EE10FA0CDCF0EE490AB0EE690A58
:10E3E000FEF70EF930EE280AB4EEC80AF1EE10FA84
:10E3F00022D20B2087F8130341E0D7E9BA104A1B59
:10E4000070EB040201D20D46044623480DF10808C2
:10E410002A462346CDF800800DF03AFC78BB08EB85
:10E4200086001E4990ED000A38EE400AB0EEC00AA0
:10E4300010EE100A884222DC97F86A00012824D1E5
:10E44000761C1DA9F0B200F02FFDC0B19DF874003C
:10E45000A8B11E98FEF70FF888B11F98FEF70BF8C9
:10E4600068B19DED1E0AB4EEC80AF1EE10FA06DCA2
:10E470009DED1F0AB4EEC80AF1EE10FA05D2002095
:10E4800030B0BDEC048BBDE8F0810120F8E700005E
:10E49000D8FE012435FA0E3C0800022435FA0E3C61
:10E4A0002DE9F0419CB0054620480DF108080F46C3
:10E4B0002A460B46CDF800800DF0EAFB18B10C207F
:10E4C0001CB0BDE8F0811A4C04F1800694F8640099
:10E4D0000A280DD0009604F5227394F8661002AA5B
:10E4E000144819F015F80028EAD1C4E9BA57E7E74B
:10E4F00000254746284601F009FF07EB8500691C07
:10E50000D0ED070ACDB2072D80EE801A80ED071AF4
:10E51000F0D3009604F1500094F8661009AB02AAFB
:10E5200090EC030A034818F007FFC9E7080002242B
:10E53000D8FE012488A9012470B5049C2CB1C643DF
:10E54000CD43961B73EB050501D3002070BD8018E9
:10E550005941C4E90001012070BD000010B504005C
:10E560002DED048BB0EE418AF0EE608AB0EE409A59
:10E5700037D019EE100AFDF77EFF90B318EE900A1F
:10E58000FDF779FF68B318EE100AFDF774FF40B38A
:10E59000B5EEC08AF1EE10FA23D9B7EEE80A9FED86
:10E5A000195B9FED1A2B9FED1B1BB7EEC94AB7EE07
:10E5B000C83A30EE440BB0EEC00B80EE034B24EEB5
:10E5C000050B30EE020B30EE018B51EC180BFDF712
:10E5D0003DFF30B19FED110BB4EEC08BF1EE10FAA0
:10E5E00003DB0020BDEC048B10BDB0EE480BFDF743
:10E5F0008FFF51EC100B21F013FEC4E90001012044
:10E60000F0E700000000000080842E4100000000C0
:10E61000006A08410000000080843E4100000000C4
:10E620000000F0431CB50321CDE90023002203F0D4
:10E6300073FE1CBD30B50A4C002330B103EB8301DF
:10E6400000EBC102D2E9061201E000210A4604EB08
:10E65000C3055B1CDBB2072BC5E9AA12EDD330BDA5
:10E66000D8FE01242DE9FF5F904699462DED028BDF
:10E6700082B0129E002E7DD07C480021317090F82F
:10E680001013122976D2DFE801F0DFDFDFDFDFDFF2
:10E69000DFDFDFDFDFDFDFDF0B090D0F062704E041
:10E6A000052702E0072700E008274FF0010A0024B1
:10E6B00083465D460AFA04F09BF86610C0B2014238
:10E6C00079D0049919B191F82C11014205D1641C3B
:10E6D00086F800A00521E2B20BE0049804EB840167
:10E6E00000EBC100416931B1641C86F800A004212F
:10E6F000E2B23846B5E095F86A10012970D195F874
:10E7000064100A296CD195F81013112953D004EB29
:10E710008402B0EE001A04EB041102EBC4029FED78
:10E72000540A0090534800EB82025348D2ED860A07
:10E7300000EB810000F51070019060EE810A0098F6
:10E7400080EE808A8068FDF796FE08B300984068E6
:10E75000FDF791FEE0B100980068FDF78CFEB8B1BE
:10E760000098C068FDF787FE90B100980069FDF73A
:10E7700082FE00E068E058B10098404990ED020A3E
:10E78000B0EEC00A10EE100A884203DD102532E018
:10E79000132530E0009890ED010A0198B0EEC00A10
:10E7A000D0ED080A70EE880AB4EEE00AF1EE10FA35
:10E7B00002DD11251FE042E0009890ED000A01986B
:10E7C000D0ED050AB4EEE00AF1EE10FA06D3D0ED72
:10E7D000060AB4EEE00AF1EE10FA02DD0B250AE0BB
:10E7E0001BE000992648C968814203DC0099096949
:10E7F000814212DD12258BF81353224828220099FA
:10E80000F2F714FA1C48641CE2B2082180F848555B
:10E8100080F8492586F800A06BE795F810030F28CB
:10E820000DD195F86400092809D195F8690030B137
:10E83000049842464B462146FFF798FD58B1641CA8
:10E84000E4B2072CFFF435AF002002B0BDEC028B20
:10E8500004B0BDE8F09F641C86F800A008210620E3
:10E86000E2B2CDE90089FFF721FCEEE7D8FE0124F2
:10E8700000F07F4588A90124B8030224000060400D
:10E8800000005C42D80802242DE9F0479AB01646F1
:10E890001F468846682105466846F2F723FA664C0B
:10E8A00032463B462146E06D1290206E139068463A
:10E8B00000F0CEFF9DF85C0048B9022D07D194F816
:10E8C0006A00012803D194F813038DF85C000EABA5
:10E8D00094F86420022D8DF850208DF85150ADF839
:10E8E0005480D4E90E0183E8C30094F866008DF8E3
:10E8F000560094F869108DF8571094F811338DF87C
:10E90000523094F812138DF8531011D194F86A1004
:10E91000012902D094F87E1051B14BB994F810132C
:10E9200006290CD006218DF8521007238DF853309C
:10E9300094F81713072A8DF8581002D045E00821E3
:10E94000F1E7EDBBDFF8F4A05FF000014FF0010943
:10E9500001EB810C0CEBC10C09FA01F30AEB8C0CF6
:10E96000DBB21842BCF844C229D06FEA0C085FEA57
:10E97000887805D19DF85D8048EA03088DF85D80B0
:10E980005FEA4C7805D59DF85E8048EA03088DF86B
:10E990005E80CCF3C508B8F13F0F05D19DF85F80CC
:10E9A00048EA03088DF85F80CCF3422CBCF1070FD6
:10E9B00005D19DF860C04CEA030C8DF860C000E002
:10E9C00009E0491CC9B20729C2D3062A03D194ED34
:10E9D000C30A8DED070A684603F070FC002827D0B3
:10E9E000022D1BD194F86A00012802D094F87E0011
:10E9F000A0B101F08DFB9DF85B0028B99DF8560091
:10EA000032463B4600F088FD0D4890F84404032848
:10EA100002D0032000F05AFF01F082FB06484FF4B9
:10EA20004871F2F75FF9074A0020C2E904000120AB
:10EA30001AB0BDE8F0870000D8FE012488A901249F
:10EA4000B8030224B8000124134890F810131429C5
:10EA50001FD2DFE801F01E1E1E1E1E1E1E1E1E1EE1
:10EA60000A0C0E101214161C1818022070470120F0
:10EA70007047032070470420704705207047062028
:10EA800070470720704790F811030028FAD108203A
:10EA90007047002070470000D8FE01242DE9F04F98
:10EAA0000446007FD1B0DFF828A2401E164600F0D1
:10EAB000FF081D46DDF868B1204608EB0812CDF8C6
:10EAC00000B00AEB8207324607F5107700F00EF926
:10EAD000207B082821D0206AFDF7CDFC00287AD0C1
:10EAE000606AFDF7C8FC0028F9D0A06AFDF7C3FCF6
:10EAF0000028F4D0E06AFDF7BEFC0028EFD0206BC0
:10EB0000FDF7B9FC0028EAD06168DAF850048142C8
:10EB100008D0062051B0BDE8F08F6E4859461DF070
:10EB2000A9F8F7E7D4E90410721A75EB000207D3CD
:10EB3000694B711A65EB00000022591A824101D21B
:10EB40000520E7E7387808B9787850B16048324650
:10EB50002B4605F075FF30B100F07AF928B101209D
:10EB6000D8E70420D6E70A20D4E74FF4987104A828
:10EB7000F2F7B8F80021594804AA2B46029232460F
:10EB8000CDE90001564818F0F1FD207B38B101288D
:10EB900005D09AF844145746012975D16FE008EB67
:10EBA00088014F4801EBC8029AF8E01400EB82009C
:10EBB00000F5057929B9387818B1D9F8200002286C
:10EBC0000AD0002704A800F089FD0028A2D1207BEC
:10EBD000012803D00BE060E00127F3E79AF8441422
:10EBE00029B19AF8900410B1217F81424CD13FB1F4
:10EBF000B9F830103B48B0EBC15F09D00E2089E76F
:10EC00009BF866009DF83C11884301D0082081E7FD
:10EC100008EB880104A800EBC10797F8200070B941
:10EC20007868FDF728FC50B197ED010A2E49B0EE47
:10EC3000C00A10EE100A884201DC786908B1092088
:10EC400068E7234805F080FF012801D00C2061E728
:10EC5000207B88B15FF0000000F038FE227F0021A9
:10EC60008AF890240846CAF84864CAF84C548AF8CE
:10EC700091148AF8E0144DE70120EDE704E0217FCC
:10EC800097F89024914201D0072043E7052806D148
:10EC9000607F012803D0022801D003203AE700203A
:10ECA000324604A92B460090584601F053F800283C
:10ECB000A5D1084859461CF0DDFF00289FD102214C
:10ECC00087F8441407F24447C7E9016522E70000CA
:10ECD000B8030224C8AE012490D00300A08601002E
:10ECE00088A90124000080FFCDCC4C3D2DE9F041E6
:10ECF0000546007F80211646069C401EC7B29846F6
:10ED00002046F1F7EFFF287884F86A0068682066EB
:10ED1000A868E065D5E90402A6630126C4F83C8032
:10ED2000C4E91C02A969A167297B06FA07F084F8E7
:10ED30006B1084F86600384684F8696084F87C605B
:10ED400084F87D6001F0D8FAD5ED080A04EB87005D
:10ED500020EE200A80ED000A95ED090A80ED070AF1
:10ED6000384601F0C9FAD5ED0A0A4FF47A70364BED
:10ED7000022280EE801A84ED141A95ED0B0A84EDC0
:10ED8000150A95ED0C0A84ED160A696BA1FB0001CA
:10ED9000C4E9120184F86760287B811E072908D224
:10EDA000DFE801F00409091721213300092084F864
:10EDB0006400BDE8F0810A2084F8640084F86720CC
:10EDC000287B032803D0022084F86500F1E70120A6
:10EDD000FAE784F86460687F12E0022000E0012016
:10EDE00084F86700E5E707280DD0052084F8640063
:10EDF00007EB870101EBC70003EB8000D0F834027A
:10EE00000128ECD1E9E70420F0E707EB870101EBEB
:10EE1000C701032084F8640003EB810084F87E605E
:10EE2000D0F834020128C4D1084807EB071184F850
:10EE3000672000EB810090ED9D0A84ED140A90EDAF
:10EE40009E0A84ED150AB4E788A90124B8030224B8
:10EE5000124810B590F81003E8B9114890F84A1517
:10EE6000C9B990F83C02B0B90E4890F84D1F90F81F
:10EE70004E2F91420FD190F84F1F90F8502F914292
:10EE800009D1D0F81C1F31B9D0F8200F18B901F002
:10EE900029F9002800D0012010BD0000D8FE01246F
:10EEA000B8030224C8EE012470B504460D480D468F
:10EEB000407918B115B10CB1072C01D9002070BDF3
:10EEC00001F026F9084904EB0410442201EB80010B
:10EED000284601F5FE71F1F7A9FE01F021F90120A4
:10EEE00070BD0000B8000124B80302242DE9F04FE2
:10EEF0008246FB48D7B015468946407900287DD028
:10EF0000002D7BD001F004F94FF49A612846F1F707
:10EF1000E9FE4FF4987104A8F1F7E4FE182150A817
:10EF2000F1F7E0FE0021524604A80290ED484B465E
:10EF3000CDE90001EC4818F019FCEB4850A9C038A5
:10EF400003F090FF5046494600F058FCDFF89CB3B0
:10EF50003822C5E900A9E64C0BF500710BF24446D6
:10EF6000DBF85404401CCBF85404A860D4F8080F14
:10EF7000E860DBF8500428619BF84404287505F12B
:10EF80003800F1F753FE28220BF21C4105F1700006
:10EF9000F1F74CFED7484FF0010841692967416AF3
:10EFA0006967C16BA967816AC5F88810016DC5F8EA
:10EFB0008C100168C5F8901042680020C5F89420B4
:10EFC00085F8C78485F8C88485F8C90496F84C008C
:10EFD00085F8C40496F89C0085F8C60405F2C2457D
:10EFE000584605F0B1FD00212872584605F0D6FCC0
:10EFF00028700121A5F2C245584600E003E005F063
:10F00000CDFC38B903E0002057B0BDE8F08F9BF885
:10F010004A0500B1012085F8C30494F8570FB8B130
:10F02000B54844F6E061095800F58040BAEB0103A9
:10F03000D0F8E40E79EB00020AD3B04FBAEB01012D
:10F0400069EB00020026781A964101D3012000E006
:10F05000002085F8C5049DF8400185F8CB049DF893
:10F06000410185F8CC04FFF7F3FE85F8C1040826BA
:10F0700094F8280F2876D4F82C0FE861D4F81C0FE8
:10F08000286294F8290F85F824009D4FD4F8300F9A
:10F09000A862D4F8200FE86297F8100380B397F8BD
:10F0A0006A002876386EE861F86D286297F8660085
:10F0B0005C3785F8C004FFF7C7FC85F8300097F887
:10F0C000B402142818D2DFE800F0870A0C0A0E12E6
:10F0D000181012128787878787878787141803205D
:10F0E00008E0022006E0052004E0042002E00620FB
:10F0F00000E0072085F830006EE085F830606BE0B6
:10F10000FFE794F8500F94F84F1F884205D194F808
:10F110004E0F94F84D1F88422AD094F8500F94F85F
:10F120004F1F884203D0744844F6080108E094F861
:10F130004E0F44F2084100F007026F4800EBC21086
:10F14000084490F8661085F8C01490F86420032AEB
:10F1500004D19BF8E024114385F8C01490F86A208C
:10F160002A76026EEA61C06D286285F8308033E04D
:10F1700000205B464FEA000203EBC21191F8784091
:10F1800054B191F87C403CB910B10C7B082C03D1F0
:10F190000C7B0846082C03D0521CD2B2042AEBD3B5
:10F1A000D0B190E8160005F1180383E81600027F3D
:10F1B000521E08FA02F2D2B285F8C02485F83080D7
:10F1C000017B082908D113C80C3383E813009BF88E
:10F1D000E004024385F8C0249BF83C12584671B104
:10F1E00090F8E074002395F8C0443943214385F832
:10F1F000C01485F81880D0F85014C5E9071390F8AA
:10F200004A1569B195F8C02400240A4385F8C02442
:10F2100085F8306085F81880DBF85014C5E90714CC
:10F2200095F8C03473B100214FEA080202FA01F4E4
:10F23000234201F1010102D085F8C41402E0C9B2F1
:10F240000729F3D35FF00006DFF89CE004A806EB83
:10F25000860106EB460400EBC10104EB0614884668
:10F2600006EB8607D1E9060107EBC60705EBC404E8
:10F270009834BAEB00030EEB870779EB010207F530
:10F28000057704D3BAEB000069EB010102E04FF00F
:10F29000FF300146144B06EBC60C06F1010B84F857
:10F2A00000B003EBCC03012293F84530A3709DF826
:10F2B0003C31B240134201D0012200E000226270D2
:10F2C00000234FF47A72F1F74BF94FF0FF3C0246FE
:10F2D0000023BCEB00008B4114D2604613E0000019
:10F2E000B8000124A086010088A90124B8030224E3
:10F2F000C8EE01241CA80124C8AE012440420F001E
:10F30000D8FE01241046206198F82000012800D082
:10F310000020E07098F820002071304600F0ECFFEB
:10F32000D8ED000A80EE801A84ED061A98ED010AE5
:10F3300084ED070A98ED020A84ED080A98ED030AA5
:10F3400084ED090A98ED040A84ED0A0AD8F814003D
:10F35000606197F83000C043800715D000206071CD
:10F3600097F83000C0F38000A071388EC0F3C5005C
:10F370003F280BD00020A179E07151B1386A0128F3
:10F3800006D0022804D004E00120E8E70120F2E7DB
:10F390002072DFF8788108EB8600D0F85804E0602E
:10F3A000304600F0A9FFD7ED000A06EB0611442213
:10F3B00080EE801A08EB810104F13C0001F5107128
:10F3C00084ED0B1A97ED010A84ED0C0A97ED020A01
:10F3D00084ED0D0A97ED050A84ED0E0AF1F726FC7F
:10F3E000304600F089FFD4ED100A304680EE801AD6
:10F3F00084ED101A00F080FFD4ED110A304680EE43
:10F40000801A84ED111A00F077FFD4ED120A30460D
:10F4100080EE801A84ED121A00F06EFFD4ED140A0B
:10F42000304680EE801A84ED141A00F065FFD4EDAA
:10F43000150A304680EE801A84ED151A00F05CFF44
:10F44000D4ED160A304680EE801A84ED161A00F0CC
:10F4500053FFD4ED180A304620EE200A84ED180A36
:10F4600000F04AFFD4ED190A304620EE200A84ED60
:10F47000190A00F041FFD4ED1C0A254820EE200AAD
:10F4800084ED1C0A90F83405B04236D1DFF8848050
:10F49000002698F8380084F89400D8F82800C4F8BA
:10F4A000900000BF08EBC600D0E90220BAEB0203CF
:10F4B00079EB00010AD3BAEB020769EB0001384689
:10F4C00000234FF47A72F1F74BF802E04FF0FF306F
:10F4D000014608EB860C04EB86079CED000A00222F
:10F4E000D0F1FF338A4187ED200A01D24FF0FF307F
:10F4F000C7F88800761C022ED4D30BF0FF06072E27
:10F50000FFF4A2AE00F00CFE01207DE5B80302245A
:10F5100088A9012488AE012470B50B4C0125002177
:10F5200094F8E064064384F8E06400BF05FA01F64D
:10F53000064204D004EBC10606F59D660CC6491CC4
:10F54000C9B20729F2D370BDB803022410B504462E
:10F5500000F0DEFD0448214605F0ABFA044600F059
:10F56000DFFD204610BD0000B803022410B504469C
:10F5700000F0CEFD0448214605F0C0FA044600F034
:10F58000CFFD204610BD0000B80302242DE9F0474E
:10F5900004464F48C0B00D464079002878D000F0AE
:10F5A000ADF900F0B5FD2046294600F027F949489D
:10F5B00022462B4605F0EAFADFF818914FF0010ACF
:10F5C00099F84404022808D1FFF742FC28B94846BC
:10F5D00005F0BAFA08B989F844A400263E4F02E0C3
:10F5E0000EB1002106E097F84F0F97F8501F8842A0
:10F5F00062D10121374802AA05F06BFB60B32021DC
:10F6000018A8F1F76FFB02A80DF1600890E80E0052
:10F6100020A888E80E009DF814102246CDE91C456C
:10F620002B468DF86C10009002A8FFF737FA8DF882
:10F630006D0090B15FF000008DF87800254818A9A2
:10F6400005F094F99DF87800B0F1000807D09DF816
:10F65000140020B1012802D02EE00120ECE7202187
:10F6600010A8F1F73FFB02AB93E8070010AB83E86B
:10F6700007009DF814008DF84C009DF86D00CDE951
:10F6800014458DF84F009DF8780010B1002101E07D
:10F690001BE002218DF84D100E4810A98DF84EA0E8
:10F6A0008DF85D8005F09AF99DF8780020B9D9F8B9
:10F6B0002814491CC9F82814761CF6B2022E8FD3E0
:10F6C00040B0BDE8F04700F02BBD40B0BDE8F0878A
:10F6D000B8000124B8030224C8EE01242DE9F04744
:10F6E00007461F4897F82C1190F8E06436EA0101AC
:10F6F00019D1DFF870A000244FF00108814600BF47
:10F7000004EB840108FA04F0304207EBC10520D075
:10F7100009EBC400D5E90613D0F8E824D0F8EC04CE
:10F72000521A984102D30820BDE8F08795F82000CE
:10F7300068B9686958B96868FCF79DFE38B195EDFD
:10F74000010AB0EEC00A10EE100A504501DD092092
:10F75000EAE7641CE4B2072CD2D30020E4E70000FF
:10F76000B8030224CDCC4C3D10B5214C44212DEDE5
:10F77000028B96B06846F1F7B5FA1E48062111AA29
:10F7800017F098FFE8B99DED110AB0EE008A20EE5F
:10F79000080A10EE100AFCF76EFE90B101208DF8F9
:10F7A00000009DED110A60EE080AB1EE401A8DEDE1
:10F7B000011A8DED020ACDED030A9DED140A8DEDBF
:10F7C000040A442269462046F1F727F900280AD0A6
:10F7D000442269462046F1F729FA0748D0F8701408
:10F7E000491CC0F8701416B0BDEC028B10BD0000AF
:10F7F0009007022488A90124B803022470B5FFF7FA
:10F80000B3FF114D0020114C00EB800101EBC00251
:10F8100004EB800105EB8202D1F85834D2F834624F
:10F82000B2F8442246EA02221BB1D1F8746496422F
:10F8300004D05B1CC1F85834C1F87424401CC0B219
:10F840000728E1D370BD000088A90124B803022471
:10F85000F0B5054691F86A00D1B0164601F16A0488
:10F860001F4685F8590091F86B0085F85A0000F0A2
:10F870004FFC14F86A09012806D1114890F8910448
:10F8800010B10A2085F85C0000F04AFC4FF4987132
:10F8900004A8F1F727FA00210A4804AA3B4602927D
:10F8A0003246CDE90001084817F060FF94F8661071
:10F8B000002204A801F040F985F85B0051B0F0BDCA
:10F8C000B8030224A086010088A901240949D1F8BF
:10F8D0005024521CC1F8502402D10122C1F85024F6
:10F8E00081F8440408B1012100E00021024880F8B9
:10F8F000381F7047B8030224C8EE012430B5A3B006
:10F9000000F006FC304D0024304808A91BF088FCAC
:10F91000F0B39DF87900012852D120216846F1F713
:10F92000E1F99DF879008DF800001B9801901A9874
:10F9300002909DF87A008DF80C009DF871008DF80A
:10F940000D009DF872008DF80E009DF87C008DF87A
:10F950000F00DDE91801CDE90401BDF87400694626
:10F96000ADF818009DF873008DF81A009DF8760028
:10F970008DF81B009DF878008DF81C009DF87B0029
:10F980008DF81D00104805F029F808B108A900E01D
:10F9900016E00E481BF0B2FCDDE9180105F589629E
:10F9A00003C29DF87100022806D195F8440403288B
:10F9B00002D00320FFF78AFF641CE4B2082CA3D313
:10F9C00000F0AEFB23B030BDB8030224C8AE012462
:10F9D000F0B5D1B005460E4600F09AFB324C94F8D3
:10F9E000E004C8B1FFF734FAB0B94FF4987104A835
:10F9F000F1F778F900212D4804AA334602922A46ED
:10FA0000CDE900012A4817F0B1FE04A8FFF766FE11
:10FA100010B9002084F8E00494F8440438B10328B5
:10FA200005D021482A46334605F00AF810B100F007
:10FA300077FB36E01F49382201F52670F1F7F6F81A
:10FA400004F59A601C4F60C094F8440484F8D8040C
:10FA500097F81003C4F8DC040320FFF737FF0120F8
:10FA600084F89104D4F82C04401CC4F82C0400F051
:10FA700057FB97F81003A0B197F86A00012810D13E
:10FA800097F8640003280CD0FEF7DEFF00B90420CD
:10FA9000CDE9005694F890240621FEF707FB51B0FB
:10FAA000F0BD0020FBE70000B8030224A08601009F
:10FAB00088A90124B8050224D8FE01242DE9F04FBD
:10FAC000F1B0924607460E464FF0000800F020FBCA
:10FAD000814805F023F9814D044695F8500F95F8BB
:10FAE0004F1F884201D095F86E8800207A4A012382
:10FAF00002EBC01191F878C0BCF1000F10D091F862
:10FB00007CC0BCF1000F0BD191F80CC0BCF1080F08
:10FB100006D1097F491E03FA01F1C9B241EA08087A
:10FB2000401CC0B20428E3D392F84A05914638B984
:10FB300000F0E0FA08B944EA080499F84A0520B14F
:10FB400099F84A1528EA01000443DFF894B1ECB3B0
:10FB500099F8E02444EA08049BF810332243144641
:10FB60001BB19BF8660040EA020495F84E0F5D4B0E
:10FB70000BE000BF00F00702401C03EBC21202F5CD
:10FB80008042C0B292F86E24144395F84D2F824201
:10FB9000F0D195F8500F95F84F2F904202D095F87C
:10FBA0006E08044399F84A05C8463A46204333464E
:10FBB00089F84A05FFF7B0FC98F84404032802D0FE
:10FBC0000320FFF783FE4848381800E005E046F1BF
:10FBD0000001C8F85415C8F8500500F0A1FA99F8CA
:10FBE0004A05002875D04FF0000894B13F483A46C6
:10FBF000334616F0EBFE8BF81683444689F84B85A6
:10FC000099F84A153A4A394817F034FB08B189F88F
:10FC100000469BF8100368B100F06CFA50B1002167
:10FC20003A4603203346FEF72FFE9AF800100843A9
:10FC30008AF800005FF0000400F05CFA90B12948F7
:10FC400050A91BF00FFB68B150A83A463346FEF7A7
:10FC5000E9FC9AF80010641CE4B208438AF800003A
:10FC6000092CE9D34FF4987104A8F1F73BF800216F
:10FC7000204804AA334602923A46CDE900011B48C7
:10FC800017F074FD00F044FA9BF81003F0B995F8F2
:10FC90004E0F95F84D1F884218D195F8500F95F8E2
:10FCA0004F1F884212D199F84B054C4699F800161F
:10FCB00088420BD304A8FFF711FD28B104F5AA6010
:10FCC00003C8381A8E4101D384F84A8500F028FA17
:10FCD000012071B0BDE8F08FB8030224C8EE012402
:10FCE000D8FE0124C8AE012420A1070088A9012460
:10FCF00010090224A086010010B504460C48407982
:10FD000048B100F005FA0B48214604F06BFF0C28BF
:10FD1000044602D007E00E2010BD0648D0F830148B
:10FD2000491CC0F8301400F0FBF9204610BD00005B
:10FD3000B8000124B803022410B5044600F0E8F925
:10FD40000348214604F0F3FFBDE8104000F0E8B995
:10FD5000B80302242DE9FF5F002417461E4605461E
:10FD60002DED028BC0B0DDF840B100F0D1F938467E
:10FD70003146FFF743FDDFF85883296ED8F8500469
:10FD8000814201D006249AE1D5E91C107A1A76EB5B
:10FD900000020AD3BBF1000F09D1CE4B791A66EBF2
:10FDA00000000022591A824101D2052487E1C84887
:10FDB0003A46334604F044FE38B198F84414012919
:10FDC00005D0022903D0072479E10A2477E100262F
:10FDD000C14906EB860000EBC60295F8640006EB0D
:10FDE000860301EB8201439A0A2802EBC30901F55D
:10FDF000057A0CD0012803D195F86710022906D0A6
:10FE00000021092888460ED00A2802D005E00121E9
:10FE1000F7E795F86510022905D000213D91BBF167
:10FE2000000F02D00DE00121F8E7092803D00A28CD
:10FE300001D0012805D1DAF82000012805D00228D8
:10FE400003D000223C92012008E0439890F82C1146
:10FE500001203C90B0400142F5D100209C4A05EBC6
:10FE600086013A9199ED000AD1ED000A399006EB2E
:10FE7000061023A9009102EB800707F510774422B2
:10FE8000394630EE808A01A8F0F7D0FEB8F1000FB5
:10FE90000FD097ED050A8DED020A97ED060A8DED5C
:10FEA000030A97ED070A8DED040A97ED080A8DED18
:10FEB000050A0098442201A9F0F7B8FE442223A9BC
:10FEC00012A8F0F7B3FE012095F86610B040014289
:10FED0004CD095F86410042908D0052906D0B8F153
:10FEE000000F0BD09DF849205AB102E09DF849203F
:10FEF00022B1B8F1000F06D00224E0E09DF84820BE
:10FF0000F2E70424DBE0724AAB6F02EB8602D2F820
:10FF1000582493427FF436AF3C9A32B9439A92F810
:10FF20002C21024201D10824C9E0BAF830206B48E4
:10FF3000B0EBC25F01D00E24C1E0042917D005291F
:10FF400015D099F8200080B9D9F80400FCF793FA8D
:10FF500058B199ED010A6249B0EEC00A10EE100ADC
:10FF6000884202DCD9F8140008B109249DE03D98CC
:10FF7000E8B33A989DED150AD0ED000AF0EEE00ADC
:10FF8000F4EEC00AF1EE10FA39DC90ED070ADDED6F
:10FF9000160AB4EEE00AF1EE10FA30DC3998D8B166
:10FFA00018EE100AFCF767FA48B39DED130AB4EE99
:10FFB000C80AF1EE10FA22DC9DED140AB4EEC80A6C
:10FFC000F1EE10FA1BD39AED000AF0EEC80AF4EE37
:10FFD000C00AF1EE10FA12DC3A98DAED050A90ED5B
:10FFE000070AB4EEE00AF1EE10FA08DC00E008E0DF
:10FFF000DAED010AB4EEE00AF1EE10FA01DD0B24AD
:020000040801F1
:1000000053E095F864000A284FD195ED140ADDED10
:100010001B0AB4EEE00AF1EE10FAF0D3DDED1C0A93
:10002000B4EEE00AF1EE10FAE9DC95ED150ADDED2B
:100030001D0AB4EEE00AF1EE10FAE0D3DDED1E0A7F
:10004000B4EEE00AF1EE10FAD9DC95ED160AB5EE41
:10005000C00AF1EE10FAD2D1219B4FF47A72D5E9A1
:100060001210A3FB0237CB1A70EB0703C7D3229BF6
:10007000A3FB0232591A8241C1D33998A8B1D9F8E9
:100080000000FCF7F8F90028B9D099ED000ADDED81
:10009000130AB4EEE00AF1EE10FAB0D3DDED140A63
:1000A000B4EEE00AF1EE10FAA9DC761CF6B234B92F
:1000B000072EFFF48DAE28461CF01AF8044600F017
:1000C0002FF840B02046BDEC028B04B0BDE8F09F95
:1000D000B803022490D0030088A90124000080FF07
:1000E000CDCC4C3D024881784078081AC0B27047A8
:1000F000B8000124054881784078081AC0B2042865
:1001000001D201207047002070470000B800012490
:1001100002488068002800D000477047B8000124DA
:100120000248C068002800D000477047B80001248A
:1001300070B5C2B0144602A91D46064609481BF018
:10014000D4FD00280CD09DF86E1022AA05481CF0A2
:10015000A7F802213246CDE9004502A802F0DCF8FA
:1001600042B070BDC8AE012418F0AEBDF8B504466B
:10017000084816460D46407950B14EB1204602F06F
:1001800071F9054822462B46009619F0A9F8F8BDEA
:100190000020F8BDB8000124C8AE01242DE9FC41BF
:1001A0002D4D0024904606462C480F464FF4C16161
:1001B000AC60EC60F0F796FD28490120C1F85004CE
:1001C000084604F06FFC0020C5E90400244807F04D
:1001D000CCFE02F0EDFB224A01462248CDE9006741
:1001E00002F05EFE02F0E4FB01461E4820300CF0F7
:1001F0002EF802F0DDFB01461A48C03017F0CAFAAB
:10020000060005D117484021C03016F06DFF0646A4
:10021000154841461AF074FD1448AA21F0F740FD34
:1002200012484FF448712C70B030F0F75BFD104865
:100230004FF4D071F0F756FD084820216C7020383B
:10024000AC70F0F74FFDEC702C711EB1002068719E
:10025000BDE8FC810120FAE7B8000124B8030224BC
:1002600000900124C8A80124C8AE012428FE01245E
:10027000F8010224F0B540B139B132B190F86930DB
:100280001BB190F868307F2B01D00020F0BD9FEDAE
:100290000D0A00235D1C00EB830401EB8306D4ED03
:1002A000000A02EB8307EBB260EE800A072BC6ED73
:1002B000000AD4ED070A60EE800AC7ED000AE9D310
:1002C0000120F0BD35FA8E3C1CB50421CDE9002398
:1002D0000246064802F0FFFD054900200870034869
:1002E000BDE81C400349C03016F0C0BFC8A80124B7
:1002F000B800012428FE01249FED030A0628F7EE2A
:10030000000A00FE200A704727A09941074991F88A
:100310006A20012A04D191F8691009B1062802D097
:10032000B7EE000A70479FED020A7047D8FE01241D
:1003300027A099412DE9F05F17461E4601004FF0B6
:1003400000022DED028BDDF830B08BF8002014D0C8
:10035000DFF858910020012399F8662000EB800413
:1003600003FA00F801EBC40C12EA080FDCE90654AA
:1003700004D1401CC0B20728F0D371E091F82C21C1
:10038000012181400A4217D0DCF800106FEAD151F8
:1003900011F0FF0F10D0DCF8141069B9791B76EB5F
:1003A000040109D3DFF808817B1B66EB04020021FE
:1003B000B8EB0303914105D20020C9F8F802C9F84F
:1003C000FC024DE0D9F80083CE46D9F80413B8EB0F
:1003D000050271EB040243D2DFF8D4A0B5EB0803A9
:1003E00064EB01014FF00009BAEB030279EB01095C
:1003F00004D20021CEF8F812CEF8FC120EEB8002E7
:10040000CEF80053F046CEF804439CED000AD2ED3E
:100410009B0A30EE600AB0EEC08AFFF777FFC8EEA5
:10042000000A244910EE900A88421BDC4046C0E9CD
:10043000BC76D0E9BE12114301D1C0E9BE54D0F858
:10044000F812D8F8FC021C4A691A64EB0004881AF6
:1004500074F1000004D30120BDEC028BBDE8F09FD5
:100460000020F9E700214046144BC0E9BE1198ED89
:10047000C20A30EE600A10EE101A994206DBC0ED97
:10048000C20AC0F8F072C8F8F462E9E7D0F8F012D6
:10049000D8F8F4020A4A791A66EB0006881A76F14F
:1004A0000000DDD301208BF80000D9E7D8FE01243D
:1004B000A086010035FA0E3C400D030088C3E43AE3
:1004C00080841E00102815D2DFE800F012141414E6
:1004D0001408081408141014140A0C0E0120704794
:1004E00002207047032070470420704705207047A2
:1004F00000207047082070472DE9F84304464C4817
:100500001E460D46407930B142B13EB1494890F89F
:100510004A0558BB04E00520BDE8F8830420FBE74A
:10052000DFF81481404698F810130B2924D10346B4
:1005300090F86A0001281FD193F86400092803D0BD
:100540000A2801D0012817D198F866C000204FF082
:10055000010900BF09FA00F71CEA070F08D008EBF1
:10056000C003D3E9AA733F1BAB4101D30220D3E7F9
:10057000401CC0B20728EDD398F81503474698F8F9
:10058000283198423BD200EB400007EB8000D0F8C6
:1005900080101160D0F884105160D0F8880090600D
:1005A00097F81503401CC0B287F8150397F8281177
:1005B00088421FD197F810030B2810D00D280ED0B9
:1005C0000E280CD0102806D0112808D0122806D0EA
:1005D000132804D00EE097F8670002280AD01748C5
:1005E0000023174A294600902046FDF7A5FF08B9C9
:1005F000C7E9B84597F81403307001208CE701294A
:100600004FF003070DD003290BD00C2909D00D485A
:100610002B460092224617F023FA0128A7D1377003
:100620007AE708482B460092224617F06BF9F4E768
:10063000B8000124B8030224D8FE0124B801022422
:1006400020A1070088A901242DE9F04706001D48D4
:100650002DED028B90F8665029D096F82C1135EAD2
:10066000010124D1DFF860A000240127814600BFEA
:1006700007FA04F0C0B205421ED004EB8401204604
:1006800009EB840206EBC108D2ED9B0A98ED000A43
:1006900030EE600AB0EEC08AFFF738FEC8EE000AFE
:1006A00010EE900A504502DCD8F8140020B100206A
:1006B000BDEC028BBDE8F087641CE4B2072CD7D3F5
:1006C0000120F5E7D8FE012435FA0E3C0A4991F8DD
:1006D0006A2091F86600012A0CD191F86420092A59
:1006E00008D191F8691029B120B1411E084201D109
:1006F0000120704700207047D8FE0124084910B53A
:1007000091F864000A2809D0092805D191F86900F8
:1007100010B1FFF7DBFF08B1002010BD012010BDB4
:10072000D8FE0124044890F86700022802D04FF454
:100730008070704700207047D8FE01240C4910B526
:10074000497991B188B10B4991F84A1569B90A4CB8
:1007500094F8161349B1542204F50671F0F721FA02
:10076000002084F81603012010BD002010BD0000F9
:10077000B8000124B8030224D8FE01241A4A10B597
:10078000517971B168B1194B117893F8A8408C4236
:100790001DD803F5B26191F84B2591F800369A42C5
:1007A00001D3002010BD02EB420201EB8202D2F81D
:1007B00058350360D2F85C354360D2F8602582601A
:1007C00091F84B05401C81F84B05012010BD01EB51
:1007D0004104491C03EB84031C6804605C684460AA
:1007E0009B6883601170F0E7B800012428FE0124A3
:1007F00010B504460648407940B13CB1FFF77EF899
:1008000021460448BDE810401AF08EBD002010BDFE
:10081000B8000124C8AE0124F0B5B9B005461CA843
:100820000E467021F0F75EFA1F4C94F8670002281C
:100830000ED000208DF8DC0002AF58B11B482A46CC
:10084000334600970BF0E0FAD8B1012039B0F0BD83
:100850000120EFE768213846F0F744FA0020CDE99F
:10086000185604EB800207EB800192ED760A431CD8
:1008700081ED000A92ED6F0AD8B2072881ED070AD0
:10088000EFD30A4802A90A4B78300090A3F1A002E6
:100890001CA80BF023F808B10320D7E7012084F847
:1008A00016030020D2E70000D8FE012478000224BD
:1008B00088A9012410B59CB002460F4802AC0B4633
:1008C000009404460BF0E4F910B101201CB010BDF7
:1008D000094802A9094BE8300090A3F1A002204684
:1008E0000AF0FCFF08B10320F0E70549012081F878
:1008F00016030020EAE700000800022488A901246A
:10090000D8FE01242DE9F0410746174815461E463A
:1009100090F86A2090F8661090F86440012A05D19A
:10092000092C0AD00A2C08D0012C06D0A7B197F8C0
:100930002C0131EA000002D00EE02A460EE0092C1C
:1009400003D0384600F0CEF830B12A463346384658
:10095000BDE8F04101F02CBE2A4633463846BDE8DA
:10096000F041FDF79FBC0000D8FE01242DE9FE43B5
:1009700007460B4814461D46DDF828800E46407990
:1009800060B11046194601F06DFD8DE83001054853
:10099000324639461AF050FEBDE8FE830620FBE7DA
:1009A000B8000124C8AE01240449497919B10146AF
:1009B000034816F0F2B8052070470000B800012483
:1009C00088A90124064B10B593F81143002C05D1DA
:1009D00083F8110383F8121383F8172310BD000066
:1009E000D8FE012470B506460C4814461D464079D1
:1009F00030B10B4890F81003082803D0092801D023
:100A0000002070BD3046FFF75FFC22462B46314682
:100A1000BDE870400220FDF737BF0000B800012498
:100A2000D8FE01240D4930B54C79A4B198B10C79A8
:100A3000CD78641BE4B2022C0BD2094D0C7904F082
:100A4000010405EB04142260C4E901300879401C5C
:100A50000871012030BD002030BD0000B800012425
:100A600098030224F0B5D0B1CAB190F82C3131EA24
:100A7000030314D15FF0010505FA03F4E4B2214247
:100A80000FD003EB830602EBC30400EBC606D4E9E8
:100A90000074D6E906C6B7EB0C07B44101D30020B9
:100AA000F0BD5B1CDBB2072BE6D30120F0BD0000DC
:100AB00010B590F82C2131EA02020BD15FF001044D
:100AC00004FA02F30B4207D002EB820300EBC303EC
:100AD0005B690BB1002010BD521CD2B2072AEFD3C4
:100AE000012010BD70B5E8B190F82C2131EA020266
:100AF00018D1104D012400BF04FA02F3DBB21942F1
:100B000012D002EB820300EBC30393F820604EB9CE
:100B10005E693EB993ED010AB0EEC00A10EE103ADC
:100B2000AB4201DD002070BD521CD2B2072AE3D3D4
:100B3000012070BDCDCC4C3D30B590F82C3131EA60
:100B400003030DD15FF0010505FA03F40C4209D04F
:100B500003EB830400EBC40494F82040944201D0DA
:100B6000002030BD5B1CDBB2072BEDD3012030BD74
:100B70002DE9F04FFA4FADF55D7D4FF000090546C8
:100B80000C464E468DF80C90787998B3DFF8D483F4
:100B900000260FE000F0030000EB800101EBC00134
:100BA000F14808EBC1011AF0F3FF48B1787801264B
:100BB000401C7870B9787878091A11F0FF0FE9D1E4
:100BC00028462146FEF704FF9DF80C1008438DF8D7
:100BD0000C00D8A9DBA801F0D9FB28B1DDE9D823A6
:100BE000DB98FDF719FAD2E003AA28462146FEF762
:100BF00065FF10B19DF80C00C9E0D7E9041251EA75
:100C0000020010D0681A74EB02000CD3691A64EB6E
:100C100002000022D1F1FF33824101D24FF0FF31B7
:100C2000D24807F010FAC7E904544FF49871BB4654
:100C300004A8F0F757F80021CD4804AA23460292F1
:100C40002A46CDE90001CB4816F090FD070006D1F9
:100C5000C84804A92A462346A0380BF0ADFBC54876
:100C60002A462346C03802F06BF9182192A8F0F703
:100C700039F8C04892A9C03802F0F4F89DF85E0235
:100C8000DFF8F4A230B99DF85F0218B9FCF774FFE1
:100C9000002870D0002104A801EB810200EBC20201
:100CA000526942B101EB8102491C00EBC20040696C
:100CB00061F31F6004E0491CC9B20729ECD3484620
:100CC0009DF85E1211B99DF85F227AB108B107272D
:100CD00012E011B99DF85F0240B11FB99DF83C01C7
:100CE0007F2803D09DF83C01082705E0A348D0F8F1
:100CF000340803283FD30627804601F04BFD9D486A
:100D00002A46234615F062FE9AF81013A9B1062F61
:100D10000BD19AF86400092801D00A2805D1FDF703
:100D200093FE00220821FFF74DFE02202A462346AB
:100D30003946FDF7A9FD8DF80C002A4623463846B2
:100D4000FFF7F6F99DF80C104246CDE90054084330
:100D50008DF80C0087483946C03802F0BCF8864947
:100D60008448B0398BF8009016F080FA7E4817F06E
:100D700051FE3FE7FFE7DAA82A462346009004A881
:100D8000FDF770FC8DF80C009DF8681321B10DF58E
:100D90005D7D3043BDE8F08FFFF7BAF9784890F8F1
:100DA000440460B97648012103F0F8FD38B99AF897
:100DB0006A10012903D09AF87E00D04610B1FFF7DF
:100DC000AFF94DE0FFF7ACF9FCF7D6FEF0BB664893
:100DD0002A4623461BF018FAC0B301F0DBFC654835
:100DE0002A46234615F0F2FD98F8100328B1002199
:100DF0002A4603202346FDF747FD03202A462346C3
:100E0000FFF796F99DF80C102A46234608438DF803
:100E10000C005848C03802F013F8534817F0FAFD98
:100E200055495448B0398BF8009016F01FFA6821E4
:100E300070A8EFF757FF53480B210122D0F80C0F91
:100E40008DF8101283908DF8112200E008E0CDE9B2
:100E5000805470A801F032FA9DF80C10084399E014
:100E60009AF81003D046E8B3FFF744F9D8B33E48E8
:100E700070A91AF0C5FBB0B3414A40469DF826124E
:100E800098F866C09DF83E3292F8E02411438DF840
:100E900026120AB1012200E0002213438DF83E32EF
:100EA00090F86A20012A02D090F87E2002B1012237
:100EB0001A438DF83E2241EA0C018DF8261290F873
:100EC000671023468DF827122A4690ED140A8DEDFF
:100ED000840A90ED150A8DED850A98ED160A8DEDC0
:100EE000860A01E059E015E0224815F06FFD002167
:100EF0002A4603202346FDF7C7FCCDE9005404A988
:100F0000804670A83A4600F0F7FA48EA00018DF8EA
:100F10000C106FE698F86400032836D1FFF7EAF862
:100F200090BB98F86610B8AA0F481BF0B9F958B3EF
:100F30009DF8461398F86600814226D00E4980221B
:100F400098A8EFF773FE9DF846032A468DF8C6026F
:100F50002346084815F03AFD04A93A4698A87CE0D3
:100F6000B8000124F8010224C8AE01240090012435
:100F7000A086010088A90124D8FE012400A0012434
:100F8000B8030224C8EE0124FFE704A82A4623463A
:100F900000F06CF88DF80C002CE6FFF7ABF8E0B32E
:100FA000304898A91AF02CFBB8B32F484FF000082E
:100FB0009DF8C61290F8E0249DF8DE0211438DF8EA
:100FC000C6120AB1012100E0002108438DF8DE02BB
:100FD000244870A91AF089FE40B39DF82A129DF8A2
:100FE000DE02012900D000212A4608438DF8DE02E6
:100FF0009DF8C60223469DF8261208438DF8C602C6
:101000009DF827028DF8C7029DED840A8DEDAC0A8C
:101010009DED850A8DEDAD0A00E011E09DED860A9B
:1010200070A88DEDAE0AFDF7FDFA80463A46CDE98F
:10103000005404A998A800F05FFA40EA0800A9E764
:10104000FFF750F80028A7D1064850A91AF00AF96E
:101050000028A1D004A93A4650A8CDE9005400F0D8
:101060004BFA97E7C8AE0124B80302242DE9F04FEC
:10107000B3B015461C468246FE4A92F8100300287B
:1010800078D0A0F10A01092906D833B02A46504683
:10109000BDE8F04FFCF792BDF7490128934691F85F
:1010A000A83315D01646F34AF44F15EB070892F80B
:1010B000662044F1000902281FD003283DD096F88D
:1010C000151396F82831994255D304283AD052E0A6
:1010D000042B02D0052B22D0C6E1E7482A469BF814
:1010E00067102346C03801F067FE10BB00212A4676
:1010F0002346084669E1022067E191F8800302284F
:1011000002D0032815D0AFE191F8900332EA000035
:10111000E2D1D9484FF4807115F076FF18B1022161
:101120002A462346E7E7032186F81013C6E9B88963
:10113000CDE101212A462346DDE7042BD6D0052B3D
:101140007ED091E196F8690008B1114600E07F2158
:1011500050460122FFF7F0FC68B196F869000028BC
:10116000C4D1C5482A462346C03801F054FE0028A1
:10117000BCD079E1CCE0BF48374696F8101300F5B3
:101180000276082900F5987001900ED0092966D0E2
:1011900097F8150397F82821904201D305297CD0B0
:1011A000904201D3062979D040E1702108A8EFF7D9
:1011B00099FDB14808A9A0380BF024F830BB2BAA40
:1011C00024A908A8FFF756F800B324A82A46234606
:1011D00001F00CF901F0ECFB04AB0146A848002239
:1011E00083E845009DF888002BAB009024AA019865
:1011F000CDE902540AF0B8FE97F8150230B19E48C6
:101200002A462346C03801F0BDFD20B197F81613D9
:10121000384629B128E100212A462346084675E0D0
:1012200090F89C11012909D0D0F88811D7F88C21A9
:1012300085EA010084EA020108439AD1284600E0C9
:1012400041E12146FFF736FB002892D002202A46D2
:101250002346FFF739F802212A46234655E0D7E90D
:101260007E10D7E9802311EB020940EB03087021BF
:1012700008A8EFF737FDB5EB090174EB08002AD396
:101280007D4808A9A0380AF0BDFF20BB2BAA24A9DD
:1012900008A8FEF7EFFFF0B101E03CE09EE001F0AE
:1012A00087FB0146764A00200696CDE902542BAB17
:1012B000CDE904209DF8880024AA009001980AF046
:1012C00053FE97F8150230B16B482A462346C038C2
:1012D00001F058FD18B197F8160328B1C4E00021B9
:1012E0002A460120234611E097F86700022843D1DF
:1012F00028462146FFF790FAF0B304202A462346F9
:10130000FEF7E2FF04212A4623460220FDF7BCFA3D
:1013100033B0BDE8F08F9AF82C01012297F86610DF
:1013200031EA000000D000224FF0010E0020BB4641
:101330000EFA00F3DBB219421AD000EB80070BEB78
:10134000800C0AEBC706DCED530A96ED000A30EE7E
:10135000600AB5EEC00AF1EE10FA01D2B1EE400A11
:1013600010EE103A474FBB4201DC736903B1002213
:10137000401CC0B2072800E076E0D9D39BF8640097
:101380005E4603281AD196F87E30BBB1394A3A48F6
:10139000803215F06FFF010002D02A462346AAE6EC
:1013A000062286F81023002086F8140386F8150319
:1013B0005046C6E9B889FDF73DF988E052B10328E7
:1013C00032D000202A460021234633B0BDE8F04F3A
:1013D000FDF75ABA00208BF8150345E097F87E0018
:1013E00018B997F86A00012806D197F86610504698
:1013F000254AFFF737FBC8B197F8690010B197F895
:10140000661000E07F2150460022FFF795FB68B18F
:1014100097F8690028B918482A462346C03801F0D1
:10142000E3FC97F86400CAE70120CBE797F81503BF
:1014300097F82811884217D397F81003072813D17B
:1014400097F866105046FFF733FB68B10A482A4602
:101450002346C03801F074FC00283FF447AE97F8EB
:10146000690000287FF442AEDBE9B812691A74EB18
:1014700002010BE0D8FE012488A9012420A1070065
:10148000400D030035FA0E3C800102241FD39BF867
:101490001003042804D0082810D009280ED012E028
:1014A0000C482A46234601F0CBFC0B49002008706B
:1014B00008480A49C03015F0D9FE04E003202A4646
:1014C0002346FEF701FF03212A46234613E60020A8
:1014D0001EE70000C8A80124B800012428FE01244A
:1014E000044A18B111B1C2E90201704700209060AE
:1014F000D0607047B80001242DE9FF4F0026044654
:1015000068212DED028BF5B004A8DDE98457EFF7D3
:10151000E9FBE06D2A4616903B46206E2146179067
:1015200004A8FEF795F994F864004FF002098DF8CD
:10153000600012AA8DF86190D4E90E0182E8A30040
:1015400094F8660060A98DF8660094F869008DF83B
:101550006700FE4801F086FC9DF88201022809D050
:101560004FF4807094F86A104FF00108029001293E
:1015700002D015E00020F5E794F8640003280FD0AE
:101580000020009078992A463B462046FEF7E2FB71
:101590008DF86C0020B18DF862808DF8638066E074
:1015A00094F87E0018B194F86400032807D094F8EA
:1015B0006A00012806D194F86400042802D17898C2
:1015C000FDF738F894F8640058B3072858D0E0497C
:1015D00015EB010947F1000A012872D0DFF874B356
:1015E00002286DD0ABF18001DB4B01F5A6722D9284
:1015F000EA1801F502715F9147F100010328CDE976
:101600005D1275D0042874D0052873D009285BD0EA
:101610000A2859D008289FEDD18A6CD006286BD0B3
:1016200010E3799818B10320ADF864001FE0C748B3
:101630002246CDE90057789920300AF00DFDADF82B
:101640006400A0B9C1482A463B4601F05CFC70B971
:10165000002021461C228DF86100ADF8640004A82A
:10166000EFF7E4FAB9480BA920300AF0A9FD04A865
:1016700000F024FE75B0BDEC028B04B0BDE8F08F25
:10168000B24894F86610C03015F02EFD0600C7D1A0
:10169000B0484FF448718038EFF724FBAD48802202
:1016A00021468038EFF7C2FAAA48AD4A8038AA1816
:1016B00047F1000180F81093C0E9B82181E200E011
:1016C0002EE094F8690030B178992A463B462046CE
:1016D00000F058FDCEE794F8670002280DD04FF4D3
:1016E00080719A48C03015F08CFC060007D0A9E242
:1016F00064E064E180E1B2E165E20021F1E7954850
:101700004FF448718038EFF7EDFA92488022214675
:101710008038EFF78BFA8F48803880F8108327E005
:1017200094F8690038B3894894F86630C03090F86E
:10173000900333EA000001D0062683E28348FC22AE
:10174000111DCDF800B0C03015F0A0FE0600CED1BE
:101750008048802221468038EFF768FA7D480423CC
:101760008038002580F8103380F8148380F81553F2
:10177000C0E9B89A25E275487F230299FC22C0305F
:10178000CDF800B015F082FE0600B0D16F482A46B1
:101790003B4601F09CFA0028A9D16E4880222146E0
:1017A0008038EFF743FA6B4804258038002380F82F
:1017B000105380F8148380F81533D9E794F8690042
:1017C000E8B31C211EA8EFF78DFA1C2125A8EFF71E
:1017D00089FA002045461EAA94F8663005FA00F101
:1017E000C9B20B4213D0789B93F82C310B4220D016
:1017F000789900EB800301EBC30191F82030012BB5
:1018000017D191ED000A02EB800181ED000A401C26
:10181000C0B20728E0D394F86700CDF800B00228E2
:1018200011D04A4825AB94F86610C03015F070FE10
:10183000A8B146485A4694F86610C03000E035E03A
:1018400015F018FDB7E004F1500094F8661025ABD0
:1018500090EC030A3D48C03015F06EFDE8E73D48C6
:10186000802221468038EFF7E1F93A4C052100202B
:10187000803C1C2284F810131EA984F8145384F8A9
:10188000150304F544742D98EFF7D0F944E90C9A48
:1018900097E13048802221468038EFF7C7F92D487C
:1018A00000210624803880F81043D3E0702138A846
:1018B000EFF718FA7998E0BB244838A920300AF0ED
:1018C000A1FCB0BB56AA66A938A8FEF7D3FC80B32A
:1018D00001F06EF81EAE0095B7EE000A56AACDE9EB
:1018E000017666A90AF01EF918BB18482A463B463D
:1018F00001F0D1F9E8B917484FF448718038EFF793
:10190000F1F91448802221468038EFF78FF9154805
:1019100068221EA9EFF78AF90E488038C0E962579D
:10192000DDE93621C0E9642194F86730022B3FD00D
:1019300000E037E04FF0000C80F89CC1002300BFAE
:1019400006EB830C03F101080EE00000C8A8012497
:1019500020A1070058FF0124C091210035FA8E3CD8
:1019600000127A00780002249CED0E0A00EB830C32
:1019700008F0FF03072B8CED530AE1D3DDE95D3658
:101980004FF0090C80F810C392195941C0E9B821F1
:101990005F9809F0D3FF28463946FEF73DFF00283F
:1019A0003FF498AEC1484FF44871EFF79BF91EE041
:1019B0004FF0010CC0E706003FF46BAF42E194F832
:1019C0006900A0B194F86A0001280BD04FF4807030
:1019D000CDF800B094F86630FD220146B44815F009
:1019E00055FDE8E794F8670000F0CCFEF0E7B0485A
:1019F000594615F03BFCDEE794F86900072588B1ED
:101A000094F86A00012808D04FF48070CDF800B037
:101A100094F86630FB2201460EE094F8670000F06F
:101A2000B1FEF3E79DF8820100287BD0CDF800B02D
:101A3000FB2294F8663002999D4815F027FD0600B8
:101A400070D19A4880222146EFF7F0F8974800219C
:101A500080F8105380F8141380F8151388E64FF0BF
:101A60000009DFED948A1C218DF8089026A8EFF775
:101A700039F91C211EA8EFF735F900200DF1780285
:101A800094F8663008FA00F1C9B20B4237D0789B5F
:101A900000EB800604EB800103EBC606D1ED000AE3
:101AA00096ED000A26AB03EB800300EE880A02EBFA
:101AB000800683ED000A91ED070A20EE080A86ED04
:101AC000000A91ED000AB5EEC00AF1EE10FA02D25A
:101AD000F1EE400A01E0F0EE400A91ED071AC0EE87
:101AE000811AF4EEE81AF1EE10FA08DDB5EEC00A3C
:101AF000F1EE10FA01D2B1EE400AC0EE018A401CAC
:101B0000C0B20728BCD302A826ABCDE9002094F8C8
:101B100066206748789916F01FF9060022D194F8DC
:101B2000661000E08EE008FA00F2D2B211420CD04A
:101B3000789A00EB800302EBC30292F82020012A7E
:101B400003D00C268DF808000CE0401CC0B207281A
:101B5000E7D357481EAB26AACDF800B015F0D8FC45
:101B600006000CD030468DF86280FEF7ABFC8DF895
:101B700063009DF80800401C8DF8680062E04B4847
:101B800080222146EFF752F8484C05201C2226A956
:101B900084F8100384F8148384F815932D98EFF7D4
:101BA00045F89FED450A28EE800A10EE100A1EF057
:101BB00073FB424A40197941801841F10001C4E9A0
:101BC000B801002056E594F8670002280CD00020E8
:101BD000702106461EA8EFF785F835481EA9A038E3
:101BE0000AF010FB10B12CE00120F1E76EAA56A913
:101BF0001EA8FEF73FFB20B3002066A904EB80037C
:101C0000421C93ED000A01EB8003D0B220EE080ADB
:101C1000072883ED000AF1D300F0CAFE3AA9009527
:101C200066AA3346CDE9017194ED070A56A909F079
:101C3000A1FE30B91E482A463B46C03801F062F882
:101C400018B10C26ADF8646011E518484FF44871DE
:101C5000EFF748F8154880222146EEF7E7FF1848CD
:101C600070223AA9EEF7E2FF10480821DDE95D2372
:101C700080F81013DDE95241E3185141C0E9B83151
:101C80005F9809F05BFE28463946FEF713FE0028F0
:101C900098D001202A463B46FEF716FB01212A4632
:101CA00002203B46FCF7F0FDE4E40000D8FE0124EE
:101CB00088A90124000000000024744920A1070025
:101CC00008000224F8B515461E460746FEF72AFD11
:101CD000014616480090FD22A0F18004144894F8B3
:101CE000193315F0D3FBB0B9132184F81013002079
:101CF00084F8140384F815033846FCF79BFC04F5BC
:101D000038700C4A0023314600902846FCF714FC3A
:101D100008B10020F8BD94F8121301B02A463346EA
:101D20000220BDE8F040FCF7AFBD000058FF0124E1
:101D300088A9012420A107002DE9FC4114461D4675
:101D40000746FEF7EFFC014617480090FD22A0F180
:101D50008006164896F8663015F098FB20B1FEF71D
:101D6000B1FB0022014618E0112186F81013002073
:101D700086F8140386F815033846FCF75BFC0C481C
:101D800000230C4A294600902046FCF7D5FB10B1F1
:101D90000020BDE8FC81002208210820CDE9004593
:101DA000FCF784F9F5E7000058FF012488A9012415
:101DB000B801022420A1070070B58AB0044602A829
:101DC0000D461C21EEF78EFF214E304600F18001BA
:101DD00096F8673000F51B7290F866000091022BB0
:101DE00001461C4802AB07D015F092FB58B1FEF734
:101DF00069FB0022014624E006F1500C9CEC030A2A
:101E000015F09AFAF2E7102386F81033012286F8CB
:101E100014231148002186F81513009096F86700E6
:101E2000022809D00D4A002320462946FCF784FBEE
:101E300028B100200AB070BDD6E91223F4E70022D1
:101E400008210720CDE90045FCF730F9F2E7000052
:101E5000D8FE012488A90124B801022420A107008A
:101E60002DE9F04F4FF00001144607001D462DEDFF
:101E7000088B89B08A468B4606D0B84997F82C2142
:101E800091F86600904305D0002205210620CDE997
:101E9000004310E191F8640088460A2803D198F8BD
:101EA0006500012828D0FEF729FC00284FF0010921
:101EB0007DD09FEDAB8BAC487021EEF713FF002671
:101EC000CA46C1469FEDA9ABC8E9624588F89CA106
:101ED00006EB860209EB860807EBC2020AFA06F156
:101EE00092ED000AC9B288ED4C0A99F866200A42C0
:101EF0000BD0D8ED9B0A0AE020461946FFF75CFF9D
:101F000009B0BDEC088BBDE8F08FF0EE400AC8EDDB
:101F1000530A99F8660008422CD0B7EEC02AD8EDD3
:101F20009B0AB7EE0E1B3046B7EEE00A30EE420BCE
:101F3000B0EEC00B20EE01BBFEF7E8F9B7EEC01A19
:101F4000D8EDA20AB7EEE00A21EE000B8BEE009B63
:101F500051EC190BFAF77AFA00287CD0B4EECA9B40
:101F6000F1EE10FA77DCB4EEC89BF1EE10FA01DD69
:101F7000B0EE498B761CF6B2072EA9D351EC180BA4
:101F8000FAF764FA002867D0B4EECA8BF1EE10FAC3
:101F900062DC9FED780B28EE000BFAF7B9FA51ECF2
:101FA000100B1EF03DF94FF47A624E4600E02CE033
:101FB000C6E96401801A71F1000003D200211046C5
:101FC000C6E9640120462946FCF76AFA002878D160
:101FD00001E008216CE006A80090684AD6E9640197
:101FE0008218204641F100032946FCF7A5FA98B370
:101FF0000F2186F8101386F814A3002286F8152303
:10200000DDE90601C6E9B801A6E0002698F86610E9
:1020100009FA06F0C0B201422BD03046FEF776F93D
:1020200008EB86000490D0ED9B0A304680EE808A53
:10203000FEF76CF906EB8600F0EE400A07EBC000F5
:1020400090ED001A049881EE200A90EDA21AF0EEAD
:10205000480A02A801E031E033E0FCF77FFA68B3F8
:10206000DDE90201BAEB00027BEB010301D28246FB
:102070008B46761CF6B2072EC8D306A852465B469E
:10208000294600902046FCF757FAD0B133488030FB
:10209000009000F5F67298F8661000F50273384863
:1020A000924615F035FA70B1FEF70CFA002201469F
:1020B0000620CDE90045FBF7F9FF21E7761CF2B2D7
:1020C00087E7002285E7FEF701FB88B34046002240
:1020D0001646C0E9BA45C8F80023C0E9BE22C8E9DF
:1020E000BC45C8F8042300BF06EB8601444609FA44
:1020F00006F007EBC10208EB860192ED000A81EDC4
:102100004C0A98F8663003420ED091ED9B0AD2ED4E
:10211000000A304630EE600AB0EEC08AFEF7F6F8EC
:10212000C8EE000AC4EDC20A761CF6B2072EDBD355
:102130000D481C2251461C30EEF778FD0F2288F81E
:10214000102388F81493002188F81513DDE906128E
:10215000C8F8E422C8F8E0120020D1E6D8FE012435
:102160000000000000000000080002245AEBB5A0A7
:10217000F7C6B0420000000080842E41C0912100CB
:1021800088A901242DE9F04F16461F468B460546C7
:102190002DED028B83B045484FF44871EEF7A2FD58
:1021A000424880222946EEF741FDDFF800810024F5
:1021B0009FED3F8A4FF0010995F8661009FA04F087
:1021C000C0B2014236D095F86400012826D095F8B7
:1021D0007C00002805EB840090ED000A01D120EE80
:1021E000080A08EB840080ED9B0A95F87D1049B140
:1021F00004EB84020BEBC201D1ED000A30EE200AA1
:1022000080ED9B0A95F87C10002905EB840191ED87
:10221000070A01D120EE080A80EDA20A08EB840A21
:10222000DAF86C02FAF727F928B3DAF88802FAF735
:1022300022F900B3641CE4B2072CBDD31D48444608
:1022400095F8661090F89003814388F81A1317D018
:10225000184814F049FFE8B1FEF734F900220146AE
:102260005FF00200CDE90067FBF720FF03B0BDEC93
:10227000028BBDE8F08F641C08210120E2B2F1E777
:1022800003B032463B465846BDEC028BBDE8F04FEA
:10229000FEF738BB08480A2184F81013301847F1BC
:1022A0000001C4E9B8010020E0E70000D8FE0124E5
:1022B00035FA8E3C88A9012400127A0070B5050019
:1022C00003D0FDF70FFF10B108E0002070BD0F48EC
:1022D000294619F05DFC08B1012070BDFDF70AFF29
:1022E0000028FAD00A4C6822A07800F0030000EB26
:1022F000800101EBC000074901EBC0002946EEF761
:1023000095FCA078401CA070E6E70000C8AE012450
:10231000B8000124F80102242DE9F0419AB090465A
:1023200004000F46DDE9205625D068216846EEF707
:10233000D9FCE06D2A4612903346206E2146139058
:102340006846FDF785FA94F864000EAA8DF85000EF
:10235000022F8DF85170ADF85480D4E90E0182E857
:10236000630094F866008DF8560094F869008DF8C3
:10237000570004D006E000201AB0BDE8F081082024
:102380008DF853006846FFF799FFF5E7F0B54FF079
:10239000000328B321B300240460124A124FC1E99C
:1023A000004416E0D47804F0010407EB041670CE64
:1023B00092F803C00CF1010C82F803C0D0F800C001
:1023C0004CEA060CC0F800C00BB9C1E900455B1C23
:1023D000DBB2D4781579AC42E4D10BB10120F0BD69
:1023E0000020F0BDB800012498030224F0B50500D8
:1023F0002DED028B9DB02BD0174802AF009709F04E
:1024000047FC002824D1164E0024DFED148A00BFBB
:1024100005EB840007EB8401D0ED000A91ED000A82
:1024200030EE600AB0EEC00A80EE288A18EE100A7C
:10243000FAF721F840B196EDC30AB4EEC80AF1EEFE
:1024400010FA01D286EDC38A641CE4B2072CDFD3F4
:102450001DB0BDEC028BF0BD0800022435FA8E3CA5
:10246000D8FE01242DE9F047ADF53A7D064604A8D3
:1024700088464FF43671EEF735FCFDF749FE3C48CF
:1024800004A900F0EFFC3A480AA9203009F0BAFE8E
:102490000021384826AA434602923246CDE900017F
:1024A0003348C03015F062F9334872A905F045FD94
:1024B000DFF8BC9000244FF0010A09F1C00900BF09
:1024C00004EB840101EBC4020AFA04F009EB820177
:1024D0006A46C5B22648B1F84472C030214615F0AC
:1024E000E9F898B904A89DED000A00EB840080ED9E
:1024F0009E0A9DED010A80EDA50A9DED020A80ED80
:10250000AC0A9DF8DC0228438DF8DC02F843800712
:1025100004D19DF8DD0228438DF8DD02780704D54B
:102520009DF8DE0228438DF8DE02C7F3C5003F2880
:1025300004D19DF8DF0228438DF8DF02C7F3422063
:10254000072804D19DF8E00228438DF8E002641CBE
:10255000E4B2072CB4D3094804A9CDE9A06819F066
:10256000B4FDFDF7DDFD0DF53A7DBDE8F087000017
:10257000C8A80124A086010000900124C8AE01244F
:1025800010B504460848407900280BD0002C09D02B
:10259000FDF7BEFD0548214605F082FDBDE810406F
:1025A000FDF7BEBD10BD0000B8000124009001245D
:1025B0002DE9F0476E4CB6B08246164600201F4605
:1025C0008DF8B40004F51B7994F86A004FF0010807
:1025D000012830D194F86400092803D00A2801D0DA
:1025E00001282CD1624845465146CDF80080FDF7C0
:1025F000B1FB28B1002284F8130308210120A4E0D4
:1026000094F8662005FA00F10A4210D094F87D1083
:1026100069B100EB800204EB80010AEBC202D1ED4C
:10262000000A92ED000A30EE200A81ED9B0A401C60
:10263000C0B20728E4D394F86400092860D094F865
:1026400066105046FEF74EFA30B194F864000A283E
:1026500004D0092854D06AE00C205DE01C212EA88B
:10266000EEF740FB5FF0000594F8661008FA05F0FD
:10267000C0B2014232D094F86500012806D03D482E
:1026800001AA294615F016F8F8B90EE005EB850108
:1026900004EB85000AEBC101DFED370A91ED000A7A
:1026A00080ED9B0AC0EDA20A18E004EB850090EDD6
:1026B000A20AB5EEC00AF1EE10FA06D9DDED040A61
:1026C000B4EEE00AF1EE10FA03DD0E208DF8B450FE
:1026D00022E02EA800EB850080ED000A6D1CEDB213
:1026E000072DC1D301A8009004F1500094F86610A2
:1026F0002EAB4A4690EC030A1E4814F01DFE0AE079
:102700002DA91E484B46CDE9000194F8662051469C
:10271000184815F021FB50B1FDF7D4FECDE9006754
:1027200001469DF8B400401CC2B201200FE0FDF745
:10273000F9FF94F8662001460E4814F065FC58B184
:10274000FDF7C0FE002201460320CDE90067FBF73C
:10275000ADFC36B0BDE8F08709480C2184F81013B1
:10276000301847F10001C4E9B8010020F1E700008A
:10277000D8FE012488A90124000000006001022481
:1027800020A10700022802D04FF48070704700207B
:10279000704700000A4800B500F59C61A1B090F8B0
:1027A000102391F8E01412B190F86600014300295B
:1027B00003D004486A4619F073FD21B000BD000043
:1027C000D8FE0124C8AE012410B544184A1EA4F155
:1027D0000104114224EA020401D002F0BFF82046AD
:1027E00010BD000010B5084C012020700748FAF712
:1027F000C8FD0028A06803D0BDE8104013F006B85B
:10280000BDE8104012F0F6BFC002012444B9022412
:1028100070B5044690F84200A26B810709D4B4F861
:10282000401049B1A1F57F43FF3B1BD0491EA4F8DE
:102830004010B4F84010A9B90AB1810712D5164862
:102840002146FAF739FEFFF7CDFFE16809B12046CE
:102850008847216909B1204688472046BDE8704075
:102860000EF02EBFE16B002AC1F10001216311D0EF
:10287000810702D4616B49422163A56A4110236A32
:10288000491CA362E36A61F341002562E26284F8B5
:102890004200A36370BD000044B9022470B5304DFE
:1028A000686812F0BAFE0646687880F00100687029
:1028B00048E00020287094F842006978C0F3800254
:1028C0008A4243D061F38200216B84F84200020700
:1028D00001EB060219D4002917DC002A15DBC0071A
:1028E00009D1616939B120468847216AA26A014449
:1028F00021621044A062A16809B12046884794F87B
:10290000420040F0080084F84200206B80192063E8
:1029100016D4E16A884200DD21632046E1698847D8
:102920000146606A884204D0626861620AB1206828
:102930009047D4E90B01814202DB2046FFF768FF94
:10294000287818B10748FAF71CFD03E0054821462E
:10295000FAF729FD0400ACD112F066FE686070BD84
:10296000C002012444B9022470B5044640680D46F3
:1029700008B1FFF7F9FF2268002A04D02946204653
:10298000BDE87040104770BDB4EE400AF1EE10FA99
:102990000BD110EE100AB0F1FF4F06DA10EE100A5C
:1029A00010F5000F01D20120704700207047000091
:1029B000004870477005030870B50C46054600F0E6
:1029C00021F8002812D000226068C2EB0211521CCC
:1029D00005EB8101D2B291F83C10C943C9B2072A74
:1029E00040EA01006060EFD308B1002070BD012013
:1029F00070BD10B50368047A0B430360FF2C00D14F
:102A0000027210BD2DE9F0470746884608005DD0E8
:102A10000020C8F80000FF2288F80820C8F8040049
:102A200037B33878072803D002214046FFF7E1FF8B
:102A300000244FF4006A00BFC4EB041007EB8005CC
:102A400015F8040FA04204D0042122464046FFF7A7
:102A5000D0FF688828B1504503D2A88808B15045F6
:102A600004D3082122464046FFF7C3FF00261FE09B
:102A7000FF2240460121FFF7BCFF26E0C6EB06100F
:102A8000698807EB8009B9F80600814204D110215A
:102A900022464046FFF7ADFFA988B9F808008142F9
:102AA00004D1202122464046FFF7A3FF761CF6B250
:102AB000A642E3D34146284600F00CF8641CE4B279
:102AC000072CB9D3D8F8000010B10020BDE8F0877A
:102AD0000120FBE72DE9F041856B0F46067804469F
:102AE000280A05D04FF4005132463846FFF781FFDF
:102AF000E8070AD094F90600411C06D0012804D04A
:102B0000402132463846FFF774FFA80717D594EDE9
:102B1000020AFFF739FF68B194ED030AFFF734FFAB
:102B200040B194ED020AD4ED030AB4EEE00AF1EEEE
:102B300010FA04DB802132463846FFF75AFF680757
:102B400011D594ED040AFFF71FFF30B194ED040A8C
:102B5000B5EEC00AF1EE10FA05D84FF48071324696
:102B60003846FFF746FF280711D594ED050AFFF711
:102B70000BFF30B194ED050AB5EEC00AF1EE10FA84
:102B800005D84FF4007132463846FFF732FFE806A9
:102B90001DD594ED060AFFF7F7FE90B194ED070AF4
:102BA000FFF7F2FE68B194ED060AB5EEC00AF1EE49
:102BB00010FA06D394ED070AB5EEC00AF1EE10FA4A
:102BC00005D24FF4806132463846FFF712FFA8065F
:102BD00029D594ED080AFFF7D7FEF0B194ED090A64
:102BE000FFF7D2FEC8B194ED0A0AFFF7CDFEA0B1FF
:102BF00094ED080AB5EEC00AF1EE10FA0DD994ED85
:102C0000090AB5EEC00AF1EE10FA06D994ED0A0AE7
:102C1000B5EEC00AF1EE10FA05D84FF40061324665
:102C20003846FFF7E6FE680611D594ED0B0AFFF76C
:102C3000ABFE30B194ED0B0AB5EEC00AF1EE10FA1E
:102C400005D84FF4805132463846FFF7D2FE2806A9
:102C50001FD594ED0C0AFFF797FE90B194ED0D0A85
:102C6000FFF792FE68B194ED0C0AB5EEC00AF1EEE2
:102C700010FA06D994ED0D0AB5EEC00AF1EE10FA7D
:102C800007D832463846BDE8F0414FF48041FFF79F
:102C9000B0BEBDE8F08110B548B1C17F39B1017A4D
:102CA000052906D0062904D0072906D101E0012014
:102CB00010BD417F09B1417A09B1022010BD07243E
:102CC000047201218177C0E90423002010BD10B5F2
:102CD00028B1C17F19B1017A032908D101E001208F
:102CE00010BD017F19B1817A09B1417A09B1022081
:102CF00010BD00210424047241778177C0E90423C8
:102D0000084610BD10B528B1C17F19B1017A052957
:102D100014D101E0012010BD017F79B1417F69B17B
:102D2000817F59B9417A49B9817A39B1062404724F
:102D300001218177C0E90423002010BD022010BDCD
:102D400010B528B1C17F19B1017A082912D101E06B
:102D5000012010BD417F69B9817F59B9417A0129AC
:102D600008D0022906D0047F0021417281611CB184
:102D7000032102E0022010BD02210172C0E90423F8
:102D8000002010BD10B538B1C17F29B1017A0629E4
:102D900004D0072906D101E0012010BD417F09B10F
:102DA000417A09B1022010BD052404720021817707
:102DB000C0E90423084610BD10B528B1C47F1CB17A
:102DC000012903D0022901D0012010BD047A032C6F
:102DD00003D1447F0CB9847F0CB1022010BD8172F5
:102DE000C0E90423002010BD30B528B1C17F19B15E
:102DF000017F19B1032502E0012030BD0225447A8C
:102E0000002105724177032C8177C0E9042300D1AA
:102E10004172002030BD30B530B1C17F21B1017A9F
:102E2000042903D0022030BD012030BD05240472E6
:102E30000121417700258577C0E90423284630BD6C
:102E400030B568B1C17F59B10825057203244472B9
:102E500000210261C0E9053141778177084630BD24
:102E6000012030BDD0B1C9B1C27FBAB1027A0A70B7
:102E7000427A4A70827A8A70D0E90423C1E9022337
:102E800082690A61026802B112780A75027F4A7586
:102E9000427F8A75807FC875012070470020704787
:102EA000FEB515460028DDE9082313D00160002493
:102EB00004720126447284728461047744778477B3
:102EC0004560C677C0E90423CDE900642846029432
:102ED00005F060F8FEBD70B5DDE9043588B1C47F4A
:102EE0007CB171B101290CD002290AD00024082636
:102EF00006724172826144778477C0E904352046C6
:102F000070BD012070BD30B538B1C17F29B1017AE3
:102F100002290AD0032906D101E0012030BD417FFA
:102F200009B9817F09B1022030BD00210324047258
:102F30000125057741778177C0E90423084630BD34
:102F40002DE9F0430400154687B01E4626D0E07FE9
:102F5000002823D0606805F09CF8207A00274FF005
:102F6000020802281AD2DFE800F0010901202072CD
:102F7000C4E90456CDE90087029724E0206803A93C
:102F8000FFF740FD68B1206803A9FFF715FD84F83D
:102F900008806772E8B1103484E8E00007B0BDE84B
:102FA000F083039F012108206172207204F1100058
:102FB0004FF0030980E8E000606805F03CF8CDF8C8
:102FC0000090CDE9018760682A46334604F0E2FFAD
:102FD000E4E704982561C4E90560DFE7F0B5040083
:102FE0004FF6FF7004D0002241F22105064614E09E
:102FF000002900D00020F0BDA75C002380EA072054
:10300000070403D585EA400080B201E006EA4000EB
:103010005B1CDBB2082BF3D3521C8A42ECD3F0BD0D
:1030200070B54FF0FF3210B10C4E002411E091B199
:10303000002070BD035D5A405FF0000302F00105FF
:103040006D4235405B1CDBB2082B85EA5202F5D39A
:10305000641C8C42EED3D04370BD00002083B8EDD9
:103060002DE9F04716460C4680464FF00009089FB0
:103070000FB1C7F80090B8F1000F08D03EB137B1DA
:103080002CB1B4F5FD7F04D90220BDE8F087012002
:10309000FBE7A51DA81C834201D20820F5E70A46DC
:1030A00041463046EDF77DFD21464046FFF796FF4D
:1030B0004FF0200C014606F804C030190E4A01F00A
:1030C0000F0C4FF00A08C1F30324C1F3031602EBFF
:1030D00011312A2343706D1C0B788370135DC3700C
:1030E000935D037112F80C20427180F8068080F81D
:1030F000079000203D60C8E74C050308012910B582
:103100000BD00B290BD004290BD00D290DD00E2983
:103110000DD00F290DD0002010BD072010BD0620B6
:1031200010BD02F0F8FA401C10BD022010BD0420B2
:1031300010BD032010BD00002DE9F04F93B00546EF
:103140000CF029FB044628460CF0EBFA002C8246D2
:103150007ED0BAF1000F7BD094F8DC01D326864DE7
:103160004FF4867703286FF07F4922D01D204FF05F
:103170000C08CDE90107CDF800800022CDE9030558
:1031800001231146504600F097FACDE9016700226D
:10319000CDF8008001231146CDE90365504600F0CB
:1031A0008BFA00BF94F8DC01012819D002287DD0E9
:1031B000B0E02020C846CDE900090C213B4602467C
:1031C000504600F0EFF9D3223B460C215046CDE9A2
:1031D000006800F0E7F92146504600F0E7FAE1E721
:1031E00094F8DD014FF0030BB4F9DE614FF00108F4
:1031F000801CB0FBFBF26023CDE900850BFB1201C4
:1032000006F11A02504600F0EFF902204F46CDE9D0
:10321000000994F8DD114E2306F17402504600F0C7
:10322000E3F994F8DD1106F1E602CDE90085491CC9
:103230005046B1FBFBF30BFB1311602300F0D4F9F4
:103240000025B9466FF00B0BE80702D0B42701E068
:103250008EE06427022D01D38E2600E04026E80789
:1032600001D0584600E00C20022D01D3594600E061
:103270000C2138448846002201231146CDE9016023
:1032800000975046CDE9036900F016FA06EB0801F5
:1032900050460022CDF810900123CDE90271CDE90E
:1032A0000076114600F008FA6D1C00E002E0042DE3
:1032B000CAD32FE00AA80BF0ABFB30480A90304885
:1032C0000AF070FE00260090BDF800003727DFF8F6
:1032D000B4804FF0230B3546ADF8340005EB0510F4
:1032E000D8E908310BEB400207EB4000CDE9013192
:1032F000ADF80A0005EB85000AA9ADF8062004EB3D
:10330000001350464C33009601AA0BF0DFF86D1CF9
:10331000052DE3D394F8ED01052829D94FF4487120
:1033200094F8EE21B1FBF0F6401F4FF488740123AE
:10333000C6F1A0015143144AB1FBF0F526210492D5
:10334000C6200022CDE90041CDE902401146504699
:10335000263500F0B1F9A91950460022CDF8109099
:103360000123CDE90241CDE90045114600F0A4F961
:1033700013B0BDE8F08F00007777770030AD030819
:10338000666666004809030855555500F0B58DB0CE
:10339000074692F88C0615460E46129C072800D365
:1033A00000200B2B00EB400101EB001005EBC000EF
:1033B00000F1980011D00E2B16D00F2B1BD00D2B27
:1033C00021D0042B39D0012B5AD0032C72D2002CDF
:1033D00071D0012C70D047A384E00620B4FBF0F13B
:1033E00000FB1140474903E0464904F0030018314F
:1033F00051F8203076E00320B4FBF0F100FB1140DF
:1034000040492831F4E7817951B1007A24B1012192
:10341000884203D13CA004E00221F9E73DA000E08E
:103420003FA000903CB142A3314642A23846EDF79E
:1034300029F90DB0F0BD41A3F6E7104602F06BF993
:10344000844207D30DB0314638463DA2BDE8F04076
:10345000EDF718B92846E1B202F06BF904280446EA
:1034600000D900243021234605F59A6201A800F016
:1034700057F901A800902348343050F82430D3E79E
:10348000072C01D2204600E0002000EB400101EBB8
:10349000001002EBC00595F8A000983512F098FFD7
:1034A000697861B1696909B129A10DE0E97821B1B3
:1034B00029A109E015E010E011E029A104E0A978B4
:1034C00009B129A100E02DA1631C2EA2CDE90001C4
:1034D00031463846EDF7D6F8ABE72EA302E02FA32E
:1034E00000E007A331460DB0384613A2BDE8F04016
:1034F000EDF7C8B8E69CACE59CB0E68EA7E588B6CB
:103500000000000070090308E5B7B2E8AFBBE59B17
:103510009E000000E5BE85E98089E68BA9000000D9
:10352000E6A8A1E5BC8FE69CAAE6A0A1E9AA8C00CA
:103530004D4954002573202025730000504F53003F
:10354000E9A284E8A788E5B9B6E689A7E8A18C00D6
:10355000E69585E99A9C0000E4BDBFE883BD0000C4
:10356000E5A4B1E883BD0000E4B88AE6ACA1E58F2C
:103570008DE9A688E8BF87E69C9F0000E69CAAE745
:103580009FA500004D253032752020257320202571
:1035900073000000E794B5E69CBA0000E8AF8AE645
:1035A00096AD000030B591B00546DDE91404ADF8E4
:1035B0003810ADF83C30ADF83A20ADF83E00684622
:1035C0000BF0F0FA20460AF0EDFC10900EAABDF8C0
:1035D00040006946ADF80400FF208DF8030028463E
:1035E0000BF0CCFA11B030BD2DE9F04F85B0984604
:1035F00091468346DDE90EA7F9B1012921D0134E8A
:103600000A25002406EB840090F9031090F90220AB
:1036100090F901300497CDE902210193534690F9C6
:103620000000424649460090584600F045F8641CA8
:10363000AC42E7D305B0BDE8F08F044E503E0C25F8
:10364000DFE7024E203E0825DBE70000500A0308B2
:10365000F0B585B005460020164F0E460090B5F92E
:10366000084019E03A686946304690470023024610
:1036700001A928460CF0E1F870B1BDF80C0058B172
:10368000B5F90810B5F90A30BDF91020C91A081AA1
:10369000801AA04200DA04460098305C0028E1D18C
:1036A000B5F90800A04202D1002005B0F0BD2046C7
:1036B000FBE7000020030124F0B587B006461C4656
:1036C000DDE90C0C0E9FDDE90F3500FB041007FB54
:1036D00004110CFB042703FB0422ADF8000002A830
:1036E000ADF80410ADF80270ADF806200BF024FA26
:1036F00028460AF057FC0590012CBDF81400ADF8DF
:10370000080001DD032000E002206A4601ABADF8AD
:103710000A0002A930460BF002FA07B0F0BD000023
:103720007CB50C46054663B1012B14D0022B20D08A
:10373000032B21D0536B02B013A2BDE87040ECF70D
:10374000A1BF92ED080A02F02BF9B7EEC00A10A251
:103750008DED000B08E092ED090A02F021F9B7EEB9
:10376000C00A0DA28DED000B21462846ECF78AFF1A
:103770007CBD92ED0A0A01E092ED0B0A09A2B7EEB8
:10378000C00A8DED000BF1E7256C75206D7300000C
:10379000252B2E3166C2B000252E3166C2B02F73A4
:1037A00000000000252E3266000000002DE9F34FD6
:1037B0004FF0000B894683B05F466FF07F4500BF36
:1037C00099F8EF11282000EB4714B94230D104F1E9
:1037D00017004FF0010ACDE900050398621D0A2188
:1037E00040F20113FFF7DEFEDFF870810026A21918
:1037F000CDE9002518F80610A1F201104342039804
:103800000A31FFF7CFFEA21B1C32CDE9002518F8C4
:103810000610A1F20110434203980A31FFF7C2FEDD
:10382000761C052EE3D3BAF1000F03D0002202E08C
:103830004FF0000A2A46611D0398CDE9001B07EBF3
:1038400087010292122309EB0116454906F14C0249
:1038500000F004F9BAF1000F01D0002000E0284682
:103860000121A41D0094CDE901103E49F9230398DC
:1038700006F1740200F0F2F87F1C052FA0D3039824
:1038800000F0A4F8C4240398382240F20713112151
:10389000CDE90045FFF786FE03983822132140F258
:1038A0000513CDE9004BFFF77DFE2C4F10370024A8
:1038B00004F13002CDE90025395D9046A1F20710F0
:1038C000434203981131FFF76DFEC4F1CC06CDE9F8
:1038D0000065395D3246A1F2071043420398113169
:1038E000FFF760FE022C1BD3DFF870A04246CDE943
:1038F000008B0AF1180A1AF80410A1F207104342CB
:1039000003981131FFF74EFECDE9006B1AF8041051
:103910003246A1F20710434203981131FFF742FEED
:10392000641C082CC4D39020CDE900050398F12332
:103930008F222721FFF736FEB9F9F011A1F12700F8
:10394000CA2808D89420CB1CCDE9000503988A2208
:10395000C91EFFF727FE05B0BDE8F08F4809030830
:1039600030AD0308385B04082DE9F84F8A46054658
:10397000904611465046FFF7C1FBB8F1110F0746BC
:1039800004D20AEB080090F85D6600E000260220F1
:1039900085F8DC010024A14604EB8400A11905EBA5
:1039A0000010B94280F84C9006D24C304346524643
:1039B00000915021FFF7EAFC641C052CECD3A86CA5
:1039C0000121BDE8F84F1AF04CBA00002DE9F04192
:1039D000064621488AB0D0E90210CDE90610D6E9A2
:1039E0000080B26881880088081A401C07B206A9C6
:1039F00004A8F9F71CF800282BD004A9726808461F
:103A0000F9F715F8002824D0BDF912501DE000BFC9
:103A1000BDF9104014E06019C00710D10AF07AFA1D
:103A200002907068BDF80810B0F90220B0F90000EB
:103A3000AA1A02FB0742121A08EB42000180641C1A
:103A4000BDF91400A042E6DA6D1CBDF91600A842CB
:103A5000DEDA0AB0BDE8F081480903082DE9F04735
:103A60008EB01C4691460D468246DDF8588006A869
:103A7000DDE917760AF0CCFF304606950AF092FA97
:103A800000900026BDF800003346ADF8240047F64C
:103A9000FF702A4649460296CDE9006005A812F05B
:103AA00095F817B1BDF91400241A49462846ADF817
:103AB0000C40FFF7CDFDA8EB0000ADF80E00BDF8FF
:103AC0000C104B46BDF814201144ADF81010298994
:103AD00003AA00960844401EADF8120006A95046FD
:103AE0000AF0F4FC0EB0BDE8F0872DE9F0478146FE
:103AF0000C4608A81D46114690E8C0012046FFF775
:103B0000A7FD301A02B2484629B210F0E6FDB4F91A
:103B1000082039B2484610F0FFFD002221464846F1
:103B200010F02AFF00224846114610F005FF00223F
:103B30004846114610F005FF41464846BDE8F047AB
:103B4000002210F008BF70B5044640680D4680089A
:103B500001D100F003FF6868616820F00300001DD8
:103B600008446060204600F044F8204670BD40687C
:103B7000103120F00300884201D30120704700205B
:103B800070472DE9FC470546486801AA0C4620F01D
:103B90000300694612F006FCDDE9007005EBC71171
:103BA000804601EB8009D9F838600EB900F0D6FEE6
:103BB0000CB900F0D3FEC4E90265F46004F1080614
:103BC00004213046FEF700FE864201D000F0C6FE1A
:103BD0000120C9F838402A6905EB870100FA07F38C
:103BE0001A432A614A6900FA08F002434A61BDE8B3
:103BF000FC8710B5044600F08DF8046010BD2DE977
:103C0000FC4705464FF000005FEA010806460090B9
:103C1000019045D080290C4601AFE94607D30846FC
:103C20001AF080FF411F01208840401E04443A469C
:103C30004946204612F0B6FB009C092C30DA05EB11
:103C4000840201994FF0FF30576900FA01F10F40EB
:103C50000FD1641C2969A0400140080020D01AF04F
:103C600059FF0446009005EB800047690FB900F04A
:103C700075FE38461AF04EFF05EBC411019001EBBA
:103C80008000866B66B1706820F00301414501D267
:103C900000F064FEDDE900233146284619F030F9D2
:103CA0003046BDE8FC8710B50446FFF7A2FF416827
:103CB00041F002014160606840F00100606010BDA9
:103CC00010B5044600F026F8416821F00201416079
:103CD000606820F00100606010BD70B506460D46BA
:103CE000084600F017F8040001D100F037FE2079F3
:103CF000C0070DD06868800801D100F02FFE214672
:103D0000304600F03FF821462846FFF71CFF0546E5
:103D1000284670BD10B5426800F1080122F003008A
:103D2000001F0C18900801D100F018FE204610BDAD
:103D300070B50C00154606464FF0000021D00DB9B5
:103D400000F00CFE2079C00701D100F007FE2946E3
:103D50002046FFF70CFF78B12946204600F023F8F3
:103D600005462046FFF745FF6868294640F00200F7
:103D700068603046FFF705FF2046FFF7A1FF04F11A
:103D8000080070BD7CB50546486801AA0C4620F0C5
:103D90000300694612F006FBDDE9002321462846B0
:103DA00019F0AEF87CBD2DE9F0410D46044600F156
:103DB0000801281F0E18606806F1080720F00300AC
:103DC000401BA0F1040838460421FEF7FDFC8742A1
:103DD00001D000F0C3FD616808EB0500001D21F073
:103DE0000301814201D000F0B9FD307900F00300F9
:103DF00040EA0800706020F003000C2801D200F0B7
:103E0000ADFD207900F00300284360603046FFF7E5
:103E10004AFF3046BDE8F081B4EEE00AF1EE10FA58
:103E200002D2B0EE600A7047B4EEC10AF1EE10FAA9
:103E3000F9DDB0EE410A70470048704718070308E3
:103E40002DE9F14F00221146009810F0E5FB009893
:103E500000210FF070F90021044600980FF008FAD5
:103E600020440FFA80F9009800210FF0CBF920448C
:103E70000FFA80F800980FF017F9DFF8A0A000EB18
:103E8000090101EB080005B2009854460EF08EFBC4
:103E9000002607462AE0009821498068006850F80B
:103EA000260083460FF049FBF8B958460FF000FD95
:103EB00040BB002158460FF01BF918B3012821D050
:103EC00002281FD003281DD0002158460FF06FFA9A
:103ED00058B9BBF81A10BBF81600081A401C00B2FB
:103EE0004844A04200DB044624B2761CBE42D2D332
:103EF000544504D004EB080000B2A84200DC284678
:103F0000BDE8F88F0098BBF91A10B0F91600081A2E
:103F1000411CA142E8DB0C46E6E7000001E0FFFFA0
:103F2000010004002DE9F84F00228046114610F0F0
:103F30005DFB002140460FF0FEF80021044640469C
:103F40000FF084F920440FFA80FA404600210FF068
:103F50006BF920440FFA80F940460FF0B3F800EBFC
:103F60000901DFF868B101EB0A0005B25C46404682
:103F70000EF01CFB0021074640460FF0C2F8012856
:103F80004FF0000644D092E0D8F80800504900688D
:103F900050F8260000900FF0D0FAC0BB00980FF048
:103FA00087FC50B10098B8F91810B0F91400091A3C
:103FB000481CA0422ADB4C1C28E0009800210FF08E
:103FC00097F858B1032809D0062807D0082805D04B
:103FD000009800210FF0E5F958B118E00098B8F901
:103FE0001810B0F91400081A411CA1420EDB0C464F
:103FF0000CE000981430009009F0C9FE5044A04233
:1040000004DB009809F0C3FE00EB0A0424B2761C1E
:10401000BE42B9D35C4555D004EB09004DE000BF6A
:10402000D8F808002A49006850F8260000900FF0E0
:1040300084FAC0BB00980FF03BFC50B10098B0F977
:104040001810B8F91400091A481CA0422CDA2046AE
:104050002BE0009800210FF04BF858B1012809D04F
:10406000042807D0072805D0009800210FF09FF9F9
:1040700058B11BE00098B0F91810B8F91400091AEB
:10408000481CA0420EDB4C1C0CE000981430009041
:1040900009F07DFE4844A04204DB009809F077FE59
:1040A00000EB090424B201E0481C04B2761CBE42B5
:1040B000B6D35C4506D004EB0A0000B2584501D0E7
:1040C000A84200DC2846BDE8F88F000001E0FFFFB1
:1040D000010004002DE9F843F2F7ACFA154C06464E
:1040E00015490025A0682F46084040F00040A06018
:1040F000DFF848800DE06D1CF2F79CFA801B0A285F
:1041000001D2454505D3A068C00F05D00020BDE809
:10411000F883A068C00FEED14FF48061CDF8007035
:10412000BFF35F8F0098401C00908842F8D30120B5
:10413000EDE7000000200240C0FFFE3FA086010026
:104140001CB50B8804892344ADF800304B884489A2
:104150002344ADF802308B8804892344ADF8043041
:10416000C98843891944ADF80610436969469847E0
:104170001CBD10B5144608B114B90BB1012010BD17
:10418000B1F5006F01D3022010BD082B01D9032027
:1041900010BD018000228370C0F80320C0F8072002
:1041A00023B1C01C1A462146ECF7FBFC002010BDD1
:1041B00010B5040006D04FF4CE71ECF793FD01204A
:1041C00084F89B0110BD00280BD090F89B110029AA
:1041D00007D0012180F89A11D0F89411491CC0F839
:1041E0009411704770B558B190F89B2142B139B124
:1041F00090F8992190F89831934203D1012070BD35
:10420000032070BD02EB42032124521CB2FBF4F6E2
:1042100000EB83031D680D605D684D609B688B60DB
:1042200004FB162280F89921002070BD70B5E8B11A
:1042300090F89B21D2B1C9B10A88B2F5006F15D2AE
:104240008A78082A12D890F89831212490F8995148
:104250005A1CB2FBF4F604FB1622954208D1D0F8A2
:104260009011491CC0F89011022070BD032070BD50
:1042700003EB43030C6800EB83031C604C685C6039
:104280008968996080F89821D0F88C11491CC0F891
:104290008C11002070BD10B590F89032146803EBBB
:1042A000830300EB83031C6054685C6092689A602F
:1042B0001973D0F880121961D0F88012491CC0F827
:1042C000801290F89012491CC9B280F8901290F8B0
:1042D0009122914201D980F8911210BD40B101881C
:1042E000B1F5006F04D28078082801D8012070470A
:1042F0000020704710B5040006D04FF42571ECF78C
:10430000F1FC012084F8920210BD00002DE9F0417B
:104310000446002108460A4694F8905218E000BF6F
:1043200002EB820304EB83031E7B7EB160B101EBE1
:10433000810704EB870797F80CC0664504D805D1C0
:104340001B693E69B34201D901201146521CD2B209
:104350009542E5D8002808D0204600F047F8D4F868
:104360008C02401CC4F88C020120BDE8F0810000E2
:104370002DE9F0410C464FF0000148B190F892321F
:1043800033B12CB122B190F8907227B101231BE018
:104390000220BDE8F0810120FBE700BF03EB8306AC
:1043A00001EB810500EB860600EB850596F80CC055
:1043B00095F80CE0F44504D304D136692D69AE427A
:1043C00000D219465B1CDBB29F42E7D801EB8103A8
:1043D00000EB83031D6825605D6865609D68A560CE
:1043E0001B7B137000F002F80020D2E770B5054681
:1043F0000C460AE004EB8400142205EB800000F177
:104400001401ECF713FC641CE4B295F89002401E12
:10441000C0B2A042EED895F89002401E85F89002F6
:1044200070BD70B504000D4616460AD094F892028D
:1044300038B11046FFF752FF18B1032D03D90320FE
:1044400070BD022070BD94F89002202804D355B9A5
:104450002046FFF75BFF30B1324629462046FFF782
:104460001AFF002070BDD4F88402401CC4F88402F6
:10447000042070BD2DE9F041050016460F4621D0FD
:1044800095F89202F0B1EFB1072E1BD15FF0000456
:1044900004EB440007EB8000FFF720FF90B1641CA1
:1044A000E4B2B442F4D395F89002C0F12000C0B257
:1044B000B04209D2D5F88802401CC5F88802052010
:1044C000BDE8F0810220FBE75FF00004012104EB6E
:1044D000440007EB80022846FFF7DDFE641CE4B2CF
:1044E000B442F3D30020EBE72DE9FF4F83B004463D
:1044F000109FDDF84890DDE91356DDF810A04FEA73
:1045000047000FFA80F8B9F1040F22D0B9F1060F75
:104510001FD0B9F1050F5FD0B9F1140F59D1A3889D
:10452000E288CDF804804FF00008B4F90200B4F935
:104530000010121A07FB001C591A491C0FFA81FBC4
:10454000521C0FFA82F90AEB4C0A4FEA4B0000901A
:1045500085E0204609F00CFC0146019030460DF044
:10456000A1F9A188AB46CDF80880B4F90280B4F96E
:10457000000007FB0802081A401C00B200900AEB7A
:1045800042074FEA400A0DE05246394658460DF0C0
:10459000D7F8029808F101080FFA88F80744009844
:1045A0000BEB400BB4F906004045EDDAB9F1060F0C
:1045B0000FD100224EF207001146ADF8000005E0D1
:1045C00035F81130834200D17254491C019B994245
:1045D000F6D307B0BDE8F08FB4F902200023A1881C
:1045E000B4F806C0B4F90000ACEB020C0C1A07FBDF
:1045F0000201641C22B2B81A0CF1010C00EB400756
:1046000001EB41010FFA8CF40FFA87F801EB0A0075
:1046100015E000210BE08778775490F801C0077807
:1046200007EB0C2C4F1C25F811C039B2C01C91426D
:10463000F1DB5B1C1BB2404405EB42051644A34270
:10464000E7DBC6E7009A514628460DF079F8019A53
:1046500008F101000FFA80F805EB4B059244C845BC
:10466000F0DB0598B4F90220069B4500B4F9001070
:104670000498002405FB030007FB02110D1808E055
:104680005A46294630460DF05BF8641C24B25E445D
:104690003D444C45F4DB9CE7DFED020A20EE200AA6
:1046A0007047000035FA8E3CF0B52DED028B83B0DB
:1046B0001F4606000D46B0EE408A0A9C22D0002D0F
:1046C00020D004B911A462B1B0EE480A05F0E2FBB3
:1046D00038B1B7EEC80A02948DED000B47B10BA3B9
:1046E00007E00BA2234629463046EBF7CBFF05E057
:1046F00009A329460AA23046EBF7C4FF711900202E
:1047000001F8010C03B0BDEC028BF0BD000000000D
:104710002D2D202573000000E8BF87E69C9F200018
:104720002573252E3166202573000000044810B53E
:104730000078002803D003480121ECF747FB10BDA7
:10474000F4010124089F02242DE9F04105000F46E1
:1047500002D00A4C207810B10020BDE8F081084852
:10476000ECF71FFB4FF0000608B12670F4E70120BC
:1047700020703846A84701202670EEE7F401012496
:10478000089F022430B568B161B190F821204AB188
:10479000B430002490E82C0081E82C0000F8934C01
:1047A000012030BD002030BD10B568B161B190F876
:1047B00023204AB100F154021CCA81E81C000021E8
:1047C00006F0CAFF012010BD002010BD2DE9F04702
:1047D00004001D4690460F46DDF820904FF0060677
:1047E00016D0494606F0F6FF90B1A9EB0500322835
:1047F00036D2A07E78B1E16A404606F053FF70B32E
:10480000216B284606F04EFF48B3A07E18B10BE09E
:104810000020BDE8F087616AA9420DD0284606F065
:1048200041FFE0B1A07E38B1206B281A322803D3B3
:104830000221204606F010FFC4E90B850121A17674
:1048400049462046678006F08AFEB7F5805F0CD3A4
:10485000002020764FF6FF71A18060764DE0FFE7E3
:104860004946204606F07BFED2E7607E032802D24E
:10487000217E032901D9ECF7BBF804EB40000321AA
:104880004782607E401CB0FBF1F201FB12006076B3
:10489000207E032801D2401C2076C0B203282CD1F0
:1048A000628AA18A8A4201D2104600E0084600D9F5
:1048B0001146E28A824204D38A4201D9084600E0C6
:1048C0001046A08066788046134F062E06D237F831
:1048D0001610C822404606F0D4FF70B95FF00006FB
:1048E0004046962237F8161006F0CBFF08B1F6B214
:1048F00003E0761C062EF3D306262A4631462046D0
:1049000006F0CEFD4946204606F029FE204606F078
:104910006FFF01207DE700000008030870B5040068
:104920000D460CD0C021ECF7DDF965620620A562CA
:104930004FF6FF712070607020746180A18070BD9F
:1049400010B5040008D006F00AFE002804D0204666
:10495000BDE8104006F04CBF10BD00000249012028
:104960000870FFF7E3BE00001002012470B50D00CF
:1049700008D095E80E0000F049F8040002D094F841
:104980007A0008B1002070BD2022294604F13800C9
:10499000ECF74CF9012084F87A0070BD002810B5BE
:1049A00013D011B190F83C2272B9002200EBC2136F
:1049B00093F8784064B193F87C404CB91B7B082B8A
:1049C00004D000238B4203D1012010BD0123F9E75D
:1049D000521CD2B2042AE9D3002010BD70B50D00DC
:1049E00008D095E80E0000F011F8040002D094F809
:1049F0007C0008B1002070BD2022294604F1580037
:104A0000ECF714F9012084F87C0070BDF0B50500C6
:104A100014D0002405EBC41090F8786056B10678E5
:104A200001F0FF0ED0E9017C764503D1974201D118
:104A30009C4504D0641CE4B2042CEBD30020F0BDF0
:104A4000F0B5002829D090F81E1200F5007029B3A7
:104A5000C17F19B3017F09B3417FF9B18169E9B918
:104A6000D0E90054511B73EB040117D3D0E90210B5
:104A7000561A73EB000611D3094F551B63EB040460
:104A800000267D1BA64109D3511A3D4663EB000366
:104A90000024681A9C4101D30120F0BD0020F0BD24
:104AA000F0490200002803D04FF41071ECF71AB956
:104AB00070470B46010010B510D07BB1002001EB10
:104AC000C01494F878202AB194F87A2012B194F89E
:104AD0007B202AB1401CC0B20428F0D3002010BDB6
:104AE0002022184604F13801ECF7A0F8012084F8E0
:104AF0007B00204600F03DF8012010BD0B46010070
:104B000010B510D07BB1002001EBC01494F87820D0
:104B10002AB194F87C2012B194F87D202AB1401C6F
:104B2000C0B20428F0D3002010BD2022184604F1A2
:104B30005801ECF77BF8012084F87D00204600F056
:104B400018F8012010BD000002004FF000000ED048
:104B50005FF0000102EBC11393F8783003B1012339
:104B6000491C1844C9B20429C0B2F3D370470020CD
:104B7000704790F87B10002906D090F87D1000292E
:104B800002D08021ECF7AEB870470000F0B50028E5
:104B900024D0D0E9845100F500708D421ED0817F71
:104BA00000291BD0017F002918D0417F002915D092
:104BB0008169002912D1D0E90041161B73EB01066F
:104BC0000CD3074F141B63EB010100263C1B8E41E5
:104BD00004D345610121C177C0E90223F0BD000083
:104BE000F04902002DE9F04105000C464FF00006A7
:104BF0000ED06CB1207801280AD1A06840B161685C
:104C000031B1217F21B1072902D8217B082902D99E
:104C10000320BDE8F081D5F83822904201D80D205C
:104C2000F7E708294FF0010801D0002718E0012715
:104C300028463946FFF7B2FE20B92846FFF784FF21
:104C400004280DD3227F95F83C12521E08FA02F078
:104C5000014385F83C12A068C5F838020F20D8E758
:104C600039462846FFF79AFE08B10120D1E705EB47
:104C7000C01191F8782022B1097B082901D0761C57
:104C8000F6B2401CC0B20428F1D30FB9032E0ED2E5
:104C90002846FFF759FF042809D2002005EBC0166B
:104CA00096F8781029B1401CC0B20428F6D30C2025
:104CB000AFE780213046ECF715F838222146304620
:104CC000EBF7B4FF86F87880A068C5F838020020BA
:104CD0009FE770B513460A46F0B1EBB1002100EB37
:104CE000C11494F878509DB194F8795085B9257B1A
:104CF000082D0BD0002595420AD1382221461846AE
:104D0000EBF794FF012084F8790070BD0125F2E7EC
:104D1000491CC9B20429E2D3002070BD002805D087
:104D200090F83C12002280F83C2208467047002888
:104D30002FD000292DD00A69D0F810329A4205D020
:104D4000C0F81022D1E90023C0E980238A7F80F8CF
:104D50001E220A7F80F81C224A7F80F81D228A6961
:104D6000C0F8182291F8202080F820224A8CA0F860
:104D7000222291F8242080F824228A6AC0F828226E
:104D8000CA6AC0F82C220A6BC0F83022496BC0F8FE
:104D90003412704710B504002DD094F8C00405F00B
:104DA0008CF8002828D194F8C60405F086F800286D
:104DB00022D194F8C10428B994F8C20410B994F827
:104DC000C30420B194F8C404411E062914D994F8F0
:104DD0009C0628B194F89E0605F06FF800280BD1C8
:104DE00094F89A0610B994F8980620B194F85C05E6
:104DF000411E062900D9002010BD70B505000C46E3
:104E00000ED0002C0CD005F5A861204618F0BCFB94
:104E1000002805D0207E85F89B06607B85F86E060D
:104E200070BD0000F0B504001746A3B00D4601D0D8
:104E3000072D02D9002023B0F0BD00F02DFB84F82F
:104E40006E0618B1204613F067F8F3E7284606F01F
:104E50003DFD0646204618F0F4FD00F13C013246C7
:104E600011A800F07BFD4422684611A9EBF7DEFE95
:104E7000382104F59A60EBF735FF84F8DC542046BE
:104E800084F8ED7418F0DDFD007884F8EC04204619
:104E900018F0D7FDC068032DC4F8E8040DD0B7EEB4
:104EA000000AFFF7F9FBDDED030AB4EEE00AF1EECC
:104EB00010FA05DDB0EE600A06E09FED2C0A03E073
:104EC000B7EE000AFFF7E8FB04F5806080ED3C0ACE
:104ED000B2EE040AFFF7E0FBDDED040AB4EEE00AEF
:104EE000F1EE10FA02DDB0EE600A03E0B2EE040A61
:104EF000FFF7D2FB80ED3D0A9DED0D0A80ED3E0AE5
:104F00009DED0E0A80ED3F0A0F98C4F80405204677
:104F100018F097FDC068032DC4F884062069C4F812
:104F200088061BD05FF0000094F86F16002584F807
:104F30008F06032905D084F89F5684F89C5684F880
:104F40006F56204600F0E7FB50B10421204612F0D6
:104F5000ABFF84F88D5684F88E5604E00220E3E718
:104F6000204604F09FFA012065E7000000000000E1
:104F70002DE9F04104000E4644D0002E42D004F545
:104F8000A86130460D4618F0FFFA04F5B66728B957
:104F90003946304618F0F8FA002833D0202231463E
:104FA00004F5BD60EBF742FE0120294684F89F0618
:104FB000304618F0E9FA4FF0000508B184F89A5627
:104FC0003946304618F0E0FA38B184F89D5684F836
:104FD0009C56707F08B184F86F56F07B84F86E069B
:104FE000204618F01DFF84F8080694F89A0630B998
:104FF00094F89D0618B994F86F06012802D106208E
:1050000084F80806BDE8F0812DE9F04704000D465C
:1050100037D0002D35D02878052808D069780026AB
:105020004FF00108012914D0022837D03DE048781C
:10503000012826D194F8C10430B994F8C20418B9F3
:1050400094F89A0600281CD02046BDE8F04717F0D7
:105050009CBF012802D0022815D026E094F8C12474
:1050600042B994F8C2242AB994F89A2612B994F84D
:10507000C324D2B1204617F088FF84F8958684F8BF
:105080009486BDE8F08784F8968684F8956684F85F
:10509000946684F89766C4F88066F2E794F8082668
:1050A000052A02D194F8942642B194F89226002A57
:1050B000E7D00629E5D0012905D023E084F89566DC
:1050C00084F89686DDE701281CD194F89406002820
:1050D000D7D194F895060028D3D194F8C104474657
:1050E00084F8948640B994F8C20428B994F89A06D2
:1050F00010B994F8C30428B1204617F046FF84F88D
:105100009576BEE794F80826062ABAD02878052AAC
:1051100007D0012845D00428B3D168780128B0D041
:1051200042E0012802D16978022924D06978012956
:10513000A7D194F895160029A3D1012827D00328D8
:105140009FD194F8970600289BD094F894060028E5
:1051500097D0D4F87C06D5E90121101A814200D8F5
:105160000846C4F88006B0F5487F8AD32046BDE8DB
:10517000F04719F0B7B994F84816204612F094FE9B
:10518000C4F8806684F8966684F8976679E794F8A0
:105190009606002896D084F897866868C4F87C063E
:1051A0006FE7687801281AD0C0B2032817D000270B
:1051B000C0B2042815D0052816D00021112A04F504
:1051C0009A6A04F5C2692DD2DFE802F0106D7FFC07
:1051D000E32C2CFBFB38DF83FAB4C1F9F80001277C
:1051E000E6E74FF0FF31E9E70121E7E751B194F835
:1051F0008E060322C91C084490FBF2F102FB110049
:1052000084F88E06002F0DD094F88E0658B1012830
:105210000BD00921204684F84A6612F045FE207D15
:10522000012805D032E1012128E184F84B66FDE038
:10523000002220460121FFF7F5FD27E1022808D0D2
:105240000128A3D194F8C60430B1204617F09DFE82
:105250001CE194F84A1611E1207D012806D00021B6
:1052600020460022FFF7DEFD10B10FE10121F7E734
:10527000207D032816D1204618F0E3FB007894F82F
:10528000C41488420ED194F86E060E2803D0092863
:1052900001D0082806D1204618F0D3FB017820461B
:1052A00017F076FEF2E00722204612F0DDFD94F8BA
:1052B0008E0684F88C061FB10B21204612F0F4FDF7
:1052C0006878022833D10021D8E002282FD10B21A1
:1052D000D4E00622204612F0C7FD27B394F88E06CC
:1052E00060B104280DD005280ED0012812D000BFCF
:1052F0004FF0010211D14FF0020111E04FF0020115
:1053000004E04FF00D0101E04FF00E01204612F0D5
:10531000CBFD08E04FF00202ECE7022808D00321A1
:105320002046FFF77FFD687802283FF47CAFADE0B0
:105330000421F5E70222204612F096FD17B394F8F7
:105340008E0610B1012205210FE00222FBE70422A4
:10535000204612F089FDAFB194F88E06022808D0DD
:10536000032808D078B1072100222046FFF75AFD14
:1053700022E00A2103E00E2084F84A060921204693
:1053800012F092FD18E00621EEE702287ED10E21F0
:1053900074E0204600F0BFF9401CC2B2204612F073
:1053A00063FD4FB1204600F0B6F994F88E1688429E
:1053B000204608D104F076F8687886E738E020E0E7
:1053C0000CE03CE030E000F0B4F93822514684F8BB
:1053D0008F064846EBF72AFC0C21D0E719B1494269
:1053E000204603F007FF6878022804D001287FF4E4
:1053F00054AE042142E0382249465046EBF716FCF1
:10540000F7E70322204612F02FFD3FB194F88E06F5
:10541000032184F89006204612F046FD68780228A1
:1054200034D194F84B1629E002282FD10F2125E022
:10543000022801D00128DAD194F849161EE0032889
:1054400005D10F21204684F84B2612F02DFD6878F7
:10545000022801D00128CAD1204600F07CF90700BB
:1054600002D06878012805D00B21204612F01CFDDF
:1054700047B10BE00B2084F84A060921204612F0C0
:1054800013FD03E084F89F6684F86F66687801284E
:10549000ADD184F89586F4E52DE9F04104000D4680
:1054A00001D0082D03D94FF00300BDE8F08109D1E8
:1054B00090F8C80418B100BF4FF00000F5E74FF0B6
:1054C0000200F2E718F0BDFA064694F891060028AB
:1054D00070D0D4E90023D4F87016D4F874068F1A6B
:1054E00070EB030766D3804F8A1A60EB0303D21B6D
:1054F00073F100025ED294F8C824002ADFD094F839
:10550000C724002ADBD0032DD9D0042DD7D094F89E
:1055100092266AB394F8932652B394F854203AB37F
:1055200094F8552022B394F856200AB394F85720E3
:10553000F2B1D4E90E7CCA1B70EB0C0218D3D4E98B
:105540001023B1EB020E70EB030E11D3DFF898E1DC
:10555000CF1B60EB0C0CB7EB0E077CF1000707D2FA
:10556000891A774660EB0300C91B70F1000001D374
:105570000A209AE794F8C104D0B994F8C204B8B9E3
:1055800094F8C304A0B994F89A0688B994F89806D8
:1055900070B994F8990658B994F89D0640B994F8F2
:1055A0006F06012804D094F8CA1421B10C207CE7BE
:1055B00001207AE761E0032803D03DB1012D05D039
:1055C00009E0072D0AD0062D5ED107E094F8C60445
:1055D000F0BB012D06D07DB1012D13D0207D012817
:1055E0000ED108E094F8C40460B1217D51B1317846
:1055F000814205D106E02DB9207D18B1032801D0E4
:10560000072052E7307A022801D001280ED1022D5E
:105610001DD0052D1BD00DB1012D07D194F8C61456
:1056200021B9022802D196F83C0080B9707820B3E5
:10563000B07810B3306996281FD296ED060A04F0B0
:1056400029FCD0B196ED070A04F024FCA8B100E0D3
:105650001AE094F88C063178401C81422BD1707985
:1056600048B3F07938B3B07928B3307A18B3072D3E
:105670003FF422AFF07838B901E0082015E70DB10A
:10568000012D03D1307908B109200EE796ED070A04
:1056900004F000FC78B11549F06988420BDC14492C
:1056A000884208D8706920B994F8CC0428B1012D3B
:1056B00003D0062D01D00E20F7E6284606F006F9A5
:1056C000014606F13C00044612F0FBFC00287FF482
:1056D000F3AE012D05D10121204612F0F2FC002885
:1056E000F5D10420E1E60000F0490200CDCC4C3DAC
:1056F000CDCC4CBD10B504000CD04FF4D461EBF709
:10570000F1FA002284F808260E2184F86E16012092
:10571000C4F8780610BD002808D090F8DC040228F0
:1057200004D0042803D0032800D0002070470520AF
:105730007047024600B5FFF7EEFF884201D8FF2010
:1057400000BD92F8DC04032803D000200844C0B256
:1057500000BD0220FAE7002817D090F86F16032941
:1057600014D090F8C61489B990F89F1661B190F8DA
:10577000051649B990F8F405082807D0022805D085
:10578000032803D0042801D000207047012070476F
:1057900070B504000D4623D0002D21D084F86E266C
:1057A0000026287B082811D10F2A12D104F5B661F2
:1057B000284617F0E9FE30B1012184F89D660620E5
:1057C00084F86F160AE0287B082802D084F89A66CD
:1057D00003E084F89D6684F89C66082084F8080637
:1057E00070BD70B504000B460DD063B194F89906F6
:1057F000002550B13822184604F5B661EBF716FAC9
:1058000084F899560DE0002070BD94F898060028A1
:10581000FAD03822184604F5AF61EBF707FA84F89E
:105820009856012070BD00002DE9F0410400DDE92B
:1058300006877AD004F5CE6084F8928684F8937651
:105840004FF000060CC059B14FF49A622046EBF7B6
:10585000EDF9012084F89106204619F0F9FB19E0D2
:1058600094F89106B0B1D4E900013B4D101A63EBF6
:105870000103401B73F100000CD30020014600EB34
:10588000410202EB0111401C04EBC101072881F821
:105890009960F3D394F80806042803D00C2801D0AB
:1058A000052824D194F8DC142046FFF7F5FD216982
:1058B0000546D4F8880688420FD1204618F0C1F872
:1058C000C068D4F88416884207D1204618F0B9F889
:1058D000007894F8EC14884201D0062500E035B138
:1058E00084F86E562046C4F8806617F0A5FB94F83D
:1058F000C104E0B994F8C204C8B994F8C304B0B9BB
:1059000094F89A0698B994F89D0680B994F86F06B1
:1059100001280CD094F80806062806D1204618F075
:105920007FFA84F8080684F89C66BDE8F0810621B9
:1059300084F80816B8F1000F01D0002FF5D1207EB1
:10594000012803D094F89A060028EED02046BDE83E
:10595000F04117F01ABB0000F049020070B592B098
:105960001546442206460C466846EBF75FF97DB1C2
:1059700094ED050A8DED010A94ED060A8DED020AFB
:1059800094ED070A8DED030A94ED080A8DED040AE3
:10599000442269463046EBF749F912B070BD000069
:1059A000DFED020A20EE200A70470000E02E65427B
:1059B000142803D2024951F82000704701A0704713
:1059C0000C080308E69CAAE79FA5E58E9FE59BA02F
:1059D0000000000010B504002CD094F8790B0028CA
:1059E00028D000F029F8002824D094F8EC010028F1
:1059F00020D00FF019FED4F8E811411A142919D358
:105A0000D4F8E411C4F8E801401A8C2803D300202C
:105A100084F8EC0107E0B4F9E011C0F18C028C20AD
:105A2000514391FBF0F0A4F8DE012068BDE810407E
:105A30000DF0E6BE10BD00000348007808B100205C
:105A40007047012070470000100201242DE9F84F33
:105A500004007DD040F67C31EBF744F90AF084F97C
:105A60000028C4F8740B74D000210AF0B5FA0020A5
:105A70000CF03CFA002820606BD0884D00212A46AB
:105A80000EF00BFC2068F0224FF48C710EF044FEF7
:105A900020680022FF210EF02FFF08F03BFA0022C1
:105AA000014620680EF01CFF206810210CF08EF9D2
:105AB0007B491622206823460BF020FF20680CF05B
:105AC00015FA0028A06444D00021AB462A460EF007
:105AD000E4FBA06C302210210EF0FFFDA06CA02290
:105AE000F8210EF019FE08F015FA00220146A06C0C
:105AF0000EF0F6FEA06C0022FF210EF0FDFE08F075
:105B000025FB00220146A06C0EF0FBFEA06C0022DB
:105B100002210EF002FFA06C002208210EF016FFF9
:105B2000A06C01210BF03AFFA06C12210CF04EF991
:105B30001A2600964FF48475206802222B4608210D
:105B400006F0D8FCD422606008212B46009601E0C4
:105B500085E09FE0206806F0CDFC63686062002B62
:105B60007DD000287BD000221846FF210EF0C4FE15
:105B700008F0D0F90022014660680EF0B1FE606ABC
:105B80000022FF210EF0B8FE08F0C4F90022014601
:105B9000606A0EF0A5FE08F0D9FA00220146606A9C
:105BA0000EF0DEFE1827AA465FF000054FF022082F
:105BB0004FF01E09009705EB450220680821534667
:105BC00008EBC20206F096FC04EB85061C23222299
:105BD000B0601021CDF80090206806F08BFCB06218
:105BE000B168002958D0002856D02E4900220EF066
:105BF000C3FE08F0ABFA00220146B06A0EF0B0FE18
:105C000005EB8501B06804EB411101F212710BF054
:105C10008DFCB06A24A10BF089FC6D1C072DC9D343
:105C200020680CF063F90028606433D000215A46E4
:105C30000EF033FB606CCF220A210EF04EFD606C3B
:105C4000032201210EF068FD606C0022FF210EF09E
:105C500053FE08F07BFA00220146606C00E01BE076
:105C60000EF03EFE606C01210BF098FE606804F5BA
:105C7000F9710BF05BFC606A04F2A2610BF056FC58
:105C8000002184F8781B206808F0CAFBFFF7D4FED7
:105C900084F8790BBDE8F88F0020FBE7FFFF0F00C9
:105CA00039310108A0410408000000002DE9F04F3F
:105CB0002DED028B06001746D5B00C460FF2983832
:105CC0000FF2BC394FF0FF3054907BD0002CFCD049
:105CD000002FFAD096F8790B0028F6D0FFF7ACFE2B
:105CE0000028F2D094F8080611286BD294F88C168C
:105CF000072900D3002196F8782B01EB410303EB31
:105D00000113824204EBC30505F1980501D086F822
:105D1000780B00204FEA000100EB8002401C06EBEC
:105D20004212072882F84212F6D394F808060D288A
:105D300081F0E382DFE810F00D001A017503C6045C
:105D40007D077D07FE0ABE0BBE0B970043041601BC
:105D50007D070FF2343900202246014601EB410352
:105D600003EB011302EBC30393F89D3003B1401C16
:105D7000491C0729F2D3009094F8C70408B1C6A3C0
:105D800000E0C7A3A021CAA204A8EAF77BFC002177
:105D9000304604AA17F066F9002022464FEA0001B7
:105DA00001EB410303EB011302EBC30393F89930BA
:105DB00003B1401C491C0729F2D3009094F8C50494
:105DC00018B100E0F4E3BFA300E0C1A3A021C3A287
:105DD00004A8EAF757FC0121304604AA17F042F95B
:105DE00094F8CC0408B1C4A205E0207D012832D08B
:105DF000032832D0C7A23046022117F033F903211D
:105E00003046CBA217F02EF904213046D0A217F06D
:105E100029F9207D012822D0D5A23046052117F08E
:105E200021F9207D01281CD000212046FFF734FBFA
:105E3000FFF7BEFD06210246304617F013F994F82D
:105E40008E160320B1FBF0F200FB12100FF2343873
:105E5000C01C01F051BAD3A2CDE7D9A2CBE7DEA294
:105E6000DBE70121E1E70FF28439287A10F0B0FA7C
:105E7000A97909B1E2A100E0E5A1E9A2CDE900011B
:105E800094F88C36A02104A85B1CEAF7FBFB0021E8
:105E9000304604AA17F0E6F894F8C80408B1E4A262
:105EA00000E0E9A23046012117F0DCF8E87908B1FA
:105EB000ECA000E0EDA00090687908B1E9A300E053
:105EC000EAA3A021EBA204A8EAF7DCFB02213046FA
:105ED00004AA17F0C7F8A87860B12869009068781C
:105EE00008B1E0A300E0E9A3A021EAA204A8EAF730
:105EF000C9FB04E0A021EBA204A8EAF7C3FB03213D
:105F0000304604AA17F0AEF895F83C0008B1E9A2B3
:105F100000E0EEA23046042117F0A4F8207D01280D
:105F200012D000212046FFF7B7FAFFF741FD052107
:105F30000246304617F096F894F8C80430B194F849
:105F4000C60428B1E7A204E00121EBE7E9A200E0E2
:105F5000EFA23046062117F085F806205490F1A0F4
:105F60008046FAE30FF2DC39FAA0F9E70FF20C49A8
:105F70004FF0000A94F88D1601EB0A00834600EBFF
:105F8000400101EB0B1104EBC10595ED2C0A98358E
:105F9000FFF706FDFDA000906B785021AA782CA891
:105FA000FEF782FB68690028287A16D010F010FAF4
:105FB00069786A6909B1F6A300E0F7A30BF1010162
:105FC000CDE90220CDE9001394F88C16594501D192
:105FD000F5A300E0F5A3F6A221E010F0F9F9A97805
:105FE0002CAA49B1697829B1E97809B1F4A308E08C
:105FF000F5A306E0A5A304E0697909B1F4A300E0E4
:106000009AA30BF10101CDE90202CDE9001394F846
:106010008C16594501D1E4A300E0E4A3EFA2A0212E
:1060200004A8EAF72FFB04AA5146304617F01AF8E5
:1060300094F88C16594501D1CDF850A10AF1010A06
:10604000BAF1050F96D305213046E8A217F00AF8F9
:1060500094F88D36581DD7E1E5B7A620E8BF94E542
:106060009B9E2020E4B88AE4B88B20E98089E68BE7
:10607000A92020E4B8AD20E8BF9BE585A50000007D
:10608000E680BBE8A7880000E7B3BBE7BB9FE680DC
:10609000BBE8A78800000000E58FB0E69EB60000D0
:1060A000E7949FE4BAA7E58FAAE8AFBB0000000021
:1060B0002573202F20E5B7B2E58F91E78EB020251C
:1060C000752F3700E5B7B2E8BF9EE68EA500000049
:1060D000E69CAAE8BF9EE68EA5000000555342202C
:1060E00025732020E58F8DE9A688E69C89E69588B2
:1060F0002025752F37000000E7B3BBE7BB9FE6956F
:1061000085E99A9C202F20E69FA5E79C8BE8AF8A23
:10611000E696AD00E68EA7E588B6E69D833A20E8D0
:10612000BF9CE7ABAF202F20E58FAAE8AFBB0000F4
:10613000E794B5E69CBAE58897E8A1A8202037E562
:106140008FB0202F20E6AF8FE9A1B535E8A18C00F4
:10615000E8AF8AE696ADE4BFA1E681AF2020E68CE9
:1061600089E994AE202F20E698BEE7A4BA0000008B
:10617000E794B3E8AFB7E69CACE59CB0E68EA7E544
:1061800088B60000E4B88AE4B88B20E98089E68B01
:10619000A92020E4B8AD2FE58FB320E8BF9BE585AB
:1061A000A5000000E68EA7E588B6E69D833A20E6C6
:1061B0009CACE59CB0E5B7B2E68E88E69D83000016
:1061C000E68EA7E588B6E69D833A20E69585E99AAE
:1061D0009CE99481E5AE9A00E9878AE694BEE69C44
:1061E000ACE59CB0E68EA7E588B60000E69CACE581
:1061F0009CB0E68EA7E588B6E6A380E69FA50000E2
:10620000E6A8A1E5BC8FE5B7B2E6A0A1E9AA8C009B
:10621000E6A8A1E5BC8FE69CAAE6A0A1E9AA8C00AD
:1062200049442575202573202F2025730000000088
:10623000E69CACE59CB0E68EA7E588B63A20E5B7CB
:10624000B2E5BC80E694BE00E69CACE59CB0E68E70
:10625000A7E588B63A20E59BBAE4BBB6E58FAAE885
:10626000AFBB0000E69C89E695880000E69CAAE7A3
:106270009FA50000E58F91E78EB0202573202F2089
:10628000E88C83E59BB4202573000000E8BF87E617
:106290009C9F0000E58F8DE9A68820257320256C42
:1062A000756D7300E58F8DE9A6883A20E69CAAE714
:1062B0009FA50000504F53E6A087E5AE9A3A20E52F
:1062C000B7B2E9858DE7BDAE00000000504F53E640
:1062D000A087E5AE9A3A20E5B09AE69CAAE9858DBA
:1062E000E7BDAE00E4B8ADE994AE20E5819CE6AD33
:1062F000A2000000E58FAAE8AFBB202F20E69CACEF
:10630000E5B18FE4B88DE58FAFE68EA7E588B600DE
:10631000E4B8ADE994AE20E9878DE696B0E6A380B7
:10632000E69FA500E5B7A620E8BF94E59B9E202048
:10633000E58FB320E794B5E69CBAE8AFA6E683857F
:1063400000000000E794B5E69CBAE6938DE4BD9C9E
:1063500000000000E5B7A620E58897E8A1A8202066
:10636000E4B88AE4B88B20E98089E68BA92020E490
:10637000B8AD20E8BF9BE585A5000000E794B5E631
:106380009CBAE58897E8A1A800000000C2B0000010
:10639000E69585E99A9C0000E69585E99A9CE8BF18
:1063A00087E69C9F000000003E00000020000000E7
:1063B0002573257520257320256C75202573000015
:1063C000E4BDBFE883BD0000E5A4B1E883BD0000E3
:1063D000E5B7B2E58F91E78EB00000002573257513
:1063E000202573202573202573000000E4BD8DE770
:1063F000BDAE3A20E794B5E69CBAE8BE93E587BA0D
:10640000E8BDB420C2B00000A02100905B1CF9A23E
:1064100004A8EAF737F90621304604AA16F022FE4E
:106420009FE5AFF2F009287A0FF0D2FFA97849B1C1
:10643000697829B1E97809B1F7A104E0F9A102E08E
:10644000FBA100E0FEA1CDE9000194F88C36AFF28B
:106450003022A0215B1C04A8EAF714F90021304681
:1064600004AA16F0FFFD95ED060AFFF799FAAFF2C0
:10647000E400009050216B782CA8AA78FEF714F95C
:10648000A0212CABF2A204A8EAF7FCF801213046C7
:1064900004AA16F0E7FD95ED070AFFF781FAEFA0D1
:1064A00000906B785021AA782CA8FEF7FDF8A02167
:1064B0002CABECA204A8EAF7E5F80221304604AAC6
:1064C00016F0D0FDEAA000906B785021AA782CA895
:1064D00095ED080AFEF7E8F8A0212CABE5A204A888
:1064E000EAF7D0F80321304604AA16F0BBFDA878DD
:1064F00098B1697889B195ED0A0AA021E0A2B7EEBA
:10650000C00A04A88DED020B95ED090AB7EEC00A8A
:106510008DED000BEAF7B6F809E008B1E1A301E060
:10652000AFF2B823A021E3A204A8EAF7ABF8042154
:10653000304604AA16F096FDA87888B1687840B174
:106540006869A0210090DFA22B6904A8EAF79AF8F5
:106550000BE02B69A021E2A204A8EAF793F804E07B
:10656000A021E5A204A8EAF78DF80521304604AA87
:1065700016F078FD94F88E0607281CD094F86E0665
:10658000D8B1FFF715FA0090E2A294F88E06E04920
:1065900000F0070051F82030A02104A8EAF772F8B3
:1065A0000621304604AA16F05DFD0620549000E056
:1065B000FAE3DBA0D4E4E2A0E5E7E5A0E3E70FF22D
:1065C000A03994F88C36A021E9A25B1C04A8EAF754
:1065D00059F80021304604AA16F044FD4FF0000897
:1065E0004FF0010B95F894100BFA08F0014217D008
:1065F00005EB88014FF0010A91ED200A10EE100A18
:106600006FEAD05010F0FF0F0CD0B7EEC00A8DED3E
:10661000000BD1F88800B0F5FA7F24D287A323E0DD
:106620004FF0000A5021D9A22CA8EAF72BF82CA889
:106630000090A02108F15003D5A204A8EAF722F89F
:106640000BEB4801304604AA16F00CFDBAF1000F1E
:1066500010D005EB8800A021D0A2D0F8883004A883
:10666000EAF710F80BE0D1A35021D2A22CA8EAF748
:1066700009F8DCE7A021D1A204A8EAF703F8022177
:10668000304601EB480104AA16F0ECFC08F10108C1
:10669000B8F1020FA6D3D5F89030A021CBA204A860
:1066A000E9F7F0FF0521304604AA16F0DBFC687814
:1066B00008B1CBA200E0CFA23046062116F0D2FCF2
:1066C000D3A04DE494F890060FF2583928B1012870
:1066D0005DD03B6B002B7DD159E2787A40B1786870
:1066E000A0210090D3A23B8804A8E9F7CBFF04E0E7
:1066F000A021D6A204A8E9F7C5FF0021304604AACC
:1067000016F0B0FCB87A10B1AFF2A84000E0D5A006
:1067100000903B7AA021D7A204A8E9F7B3FF01219A
:10672000304604AA16F09EFCFB68A021D5A204A85E
:10673000E9F7A8FF0221304604AA16F093FCF86995
:10674000A0210090D4A23B6904A8E9F79BFF032194
:10675000304604AA16F086FC00E0C0E33B6AA021A4
:10676000D4A204A8E9F78EFF0421304604AA16F04B
:1067700079FC7B6AA021D5A204A8E9F783FF052153
:10678000304604AA16F06EFCBB6AD7A246E2236F1D
:10679000A021DCA204A8E9F775FF0021304604AA75
:1067A00016F060FC636FA021DBA204A8E9F76AFF82
:1067B0000121304604AA16F055FCA36FA021DAA2ED
:1067C00004A8E9F75FFF0221304604AA16F04AFC4C
:1067D000D9A200E0DDE1E36FA02104A8E9F752FFB0
:1067E0000321304604AA16F03DFCA021D7A204A83C
:1067F000B6E10000E8A18C2025752D2575202F20FD
:10680000372020E69CACE6ACA1E4B88AE794B5E971
:106810009BB6E782B9000000E5B7B2E4BDBFE883EC
:10682000BD000000E5B7B2E5A4B1E883BD000000FB
:10683000E78AB6E68081E8BF87E69C9F00000000FB
:10684000E78AB6E68081E69CAAE79FA500000000E3
:10685000E4BD8DE7BDAE202573000000C2B02F73EC
:1068600000000000E9809FE5BAA620257300000023
:106870004E6D0000E8BDACE79FA920257300000025
:10688000E6B8A9E5BAA6204D4F5320252E30662044
:106890002F20E8BDACE5AD9020252E3066C2B04378
:1068A00000000000E58F8DE9A688E8BF87E69C9F81
:1068B00000000000E6B8A9E5BAA6202D2D202F2063
:1068C00025730000E58F8DE9A68820256C756D7312
:1068D0002020E69585E99A9C20256C750000000033
:1068E000E8BF87E69C9F20256C756D732020E69598
:1068F00085E99A9C202D2D00E58F8DE9A688202D15
:106900002D2020E69585E99A9C202D2D0000000081
:106910008C0A03083E2573207C20257300000000AC
:10692000E8BE93E587BAE8BDB4202F20E5B7A620DE
:10693000E8BF94E59B9EE6938DE4BD9C00000000BB
:10694000E4B8AD2FE58FB320E8BF9BE585A5000037
:10695000E4B8ADE994AEE7BC96E8BE910000000053
:10696000E4BD8DE7BDAEE8AFBBE580BC0000000034
:106970004944257520E58E9FE5A78BE580BC202F37
:1069800020E69CAAE6A0A1E9AA8C00002D2D00001B
:10699000524944253032582025730000E6A0B7E65E
:1069A0009CAC20256C756D7300000000E8BF87E685
:1069B0009C9F20002573252E36670000E6A0B7E6D1
:1069C0009CAC20E69CAAE79FA5000000E8AFBBE5D1
:1069D0008F96E8B685E697B620256C750000000016
:1069E000E78AB6E68081E58F8DE9A68820E69C8956
:1069F000E6958800E78AB6E68081E58F8DE9A6886E
:106A000020E69CAAE79FA52FE8BF87E69C9F000091
:106A1000E58FAAE8AFBB202F20E5B7A620E8BF94FA
:106A2000E59B9E00E8AF8AE696ADE4BFA1E681AFA4
:106A3000000000004144432025752020E6A0B7E671
:106A40009CAC20256C756D73000000004144432010
:106A50002D2D2020E6A0B7E69CACE69CAAE79FA5DA
:106A600000000000E8BE93E585A5E69CAAE5B0B16C
:106A7000E7BBAA00E68C89E994AE20257520202585
:106A800073000000E8BE93E585A5E69585E99A9C2C
:106A900020256C7500000000444D41E99499E8AF51
:106AA000AF20256C752020E59D9720256C756D73B2
:106AB000000000005549E6A088E4BD99E9878F20D1
:106AC000256C7520776F726400000000E68EA7E5E4
:106AD00088B6E88097E697B6E69C80E5A4A72025CF
:106AE0006C75207573000000E68EA7E588B6E59109
:106AF000A8E69C9FE69C80E5A4A720256C752075E0
:106B000073000000E68EA7E588B6E8B685E69C9F90
:106B100020256C750000000043414EE4B8A2E5BC9E
:106B20008320256C75000000555342E4B8A2E5BCF3
:106B30008320256C75000000E68B92E7BB9DE8AFD3
:106B4000B7E6B18220256C7500000000E581A5E55F
:106B5000BAB7E5819CE6ADA220256C750000000067
:106B6000D4F88030E9F78EFD0421304604AA16F0EF
:106B700079FAD4F88430A021D9A204A8E9F782FDDB
:106B80000521304604AA16F06DFADAA24BE0AFF206
:106B90000423A021E0A204A8E9F774FD00213046F7
:106BA00004AA16F05FFA54F8883FA021DDA204A8D9
:106BB000E9F768FD0121304604AA16F053FA63682C
:106BC000A021DDA204A8E9F75DFD0221304604AA58
:106BD00016F048FAA368A021DCA204A8E9F752FD48
:106BE0000321304604AA16F03DFAE368A021883C50
:106BF000DDA204A8E9F746FD0421304604AA16F0F8
:106C000031FA7B69A021DEA204A8E9F73BFD05214A
:106C1000304604AA16F026FABB69E0A2A02104A817
:106C2000E9F730FD04AA3046062116F01BFAE2A06F
:106C3000C0E4052818D004F59A6188460B7F591ED8
:106C4000062905D803EB430101EB031204EBC2054F
:106C500004280CD0DFA0814698F80C00092808D23F
:106C6000E04951F8200005E004F5A161E5E7DEA068
:106C7000F1E7E1A00090A021E3A204A8E9F702FD5A
:106C80000021304604AA16F0EDF998F80C0005280A
:106C900035D098B301284ED006284CD007284AD0CA
:106CA00098ED090AFEF77CFEB7EEC08A98ED080A57
:106CB000FEF776FEB7EEC00A8DED028BA021D4A2BE
:106CC00004A88DED000BE9F7DDFC0121304604AA94
:106CD00016F0C8F998F80C00032847D0042845D0CE
:106CE000A87820B1687810B1286996285DD3022170
:106CF0003046CFA216F0B6F9D1A27AE01BE098F8A0
:106D00001D000FF065FB8246287A0FF061FBA02181
:106D10000346D2A2CDF800A004A8E9F7B3FC0121F4
:106D2000304604AA16F09EF902213046CFA216F092
:106D300099F9D6A25DE098B1012813D0062813D0A6
:106D4000DBA23046012116F08DF902213046DFA288
:106D500016F088F994F86E06FEF72AFE024648E01F
:106D6000E1A2EEE7E7A2ECE7EDA2EAE798ED0B0A75
:106D7000A021F2A2B7EEC00A04A88DED020B98ED97
:106D80000A0AB7EEC00A8DED000BE9F77BFC022181
:106D9000304604AA16F066F9D8F83430A021ECA2E7
:106DA00004A8E9F76FFC23E0F1E395ED060AFEF78E
:106DB000F7FDB7EEC00AA021ECA204A88DED000BF0
:106DC000E9F760FC0221304604AA16F04BF995ED74
:106DD000060AD8ED080A30EE200AFEF7E1FDB7EE0C
:106DE000C00AA021E6A204A88DED000BE9F74AFC39
:106DF00004AA3046032116F035F998F80C00032850
:106E00002CD004282AD005283FD0E2A23046042105
:106E100016F028F998F80C00022838D0042836D04B
:106E2000032834D0072832D0E2A23046052116F0DC
:106E300019F994F8080605282BD098F80C000228B8
:106E40003CD004283AD0032838D0052834D0E0A21A
:106E50003046062116F006F9E4A04BE295ED150A3E
:106E6000FEF79EFDB7EEC08A95ED140AFEF798FD79
:106E7000B7EEC00A8DED028BA021E4A204A88DED2F
:106E8000000BE9F7FFFB04AAC0E7E6A2BEE7ECA20D
:106E9000CBE794F8960668B1D4F88036A021F0A22A
:106EA00004A8E9F7EFFB04AA3046062116F0DAF849
:106EB000F2A01FE2FAA2F7E7FEA2C9E794F86E0675
:106EC00060B1FEF775FD00BF94F88F160522B1FB87
:106ED000F2F302FB1311434AF432F9E125E20CE22A
:106EE000E7BB93E69E9CE7A7AFE58E8B20256C75EC
:106EF00000000000E8BDAFE4BBB6E695B0E68DAE9D
:106F0000202F20E69CAAE5819AE5AE9EE789A9E9B3
:106F1000AA8CE8AF81000000E59BBAE4BBB620254F
:106F20007300000043414E205458E99499E8AFAFF4
:106F300020256C7500000000E981A5E6B58BE4B85A
:106F4000A2E5BC8320256C7500000000E69C80E56E
:106F5000B08FE6A088E4BD99E9878F20256C752065
:106F6000776F726400000000E69C80E5B08FE5A0BA
:106F700086E4BD99E9878F20256C752042000000CA
:106F8000E698BEE7A4BA535049E7B4AFE8AEA1E92A
:106F90009499E8AFAF20256C75000000E698BEE735
:106FA000A4BAE5889DE5A78BE58C96E99499E8AFAE
:106FB000AF20256C75000000E58FAAE8AFBB202F3D
:106FC00020E5B7A620E8BF94E59B9EE58886E7B15B
:106FD000BB000000E4BA8CE6ACA1E7A1AEE8AEA429
:106FE00000000000B8090308E58AA8E4BD9CE88D0C
:106FF00089E7A8BF00000000E69CAAE79FA5E693EA
:107000008DE4BD9C000000004944257520257300D7
:10701000E79BB8E5AFB920252B2E3166C2B0202002
:10702000E9809FE5BAA620252E3166C2B02F7300F5
:10703000E58AA8E4BD9CE5898D202D2D0000000087
:10704000E79BAEE6A087E69CAAE79FA5202F20E756
:10705000AD89E5BE85E58F8DE9A68800E6A8A1E5A6
:10706000BC8F202573202D3E20257300E6A8A1E5C6
:10707000BC8FE8AFBBE59B9EE5908EE6898DE7A1CE
:10708000AEE8AEA4E68890E58A9F0000E58887E632
:10709000A8A1E5898D3A20E5A4B1E883BDE4B894C0
:1070A000E9809FE5BAA6E8BF91E99BB60000000021
:1070B000E5819CE6ADA2E5B9B6E8AFB7E6B182E7F7
:1070C00094B5E69CBAE5A4B1E883BD00E7BB93E6BE
:1070D0009E9CE4BBA5E5BA94E794A8E58F8DE9A64C
:1070E00088E4B8BAE5878600E794B3E8AFB7E69CD2
:1070F000ACE59CB0E6938DE4BD9CE69D83E9999058
:1071000000000000E4BAA4E8BF98E8BF9CE7ABAF7A
:10711000E6938DE4BD9CE69D83E999900000000014
:10712000E6B885E999A4E5BD93E5898DE794B5E6D0
:107130009CBAE69585E99A9C000000004B702025DA
:107140002E326620204B6420252E3266000000007F
:10715000E4BF9DE68C8120256C756D732020E58948
:107160008DE9A68820304E6D00000000E58AA8E475
:10717000BD9CE5898D20252E3166C2B0000000003F
:10718000E9A284E8AEA1E79BAEE6A08720252E31D8
:1071900066C2B000E8BE93E587BAE8BDB4202F20F0
:1071A000E69CACE6ACA1E4B88AE794B5E99BB6E707
:1071B00082B90000E7BB93E69E9C3A20E7AD89E5E3
:1071C000BE85E5BA94E794A8E7A1AEE8AEA40000B6
:1071D000E4B8ADE994AEE69FA5E79C8BE6938DE419
:1071E000BD9CE7A1AEE8AEA400000000E5B7A62074
:1071F000E58F96E6B6882020E4B8AD20E69FA5E7A7
:107200009C8BE7A1AEE8AEA4000000004D4954E815
:107210008C83E59BB420252E31667E252E3166C2F7
:10722000B0000000E58887E68DA2E5908EE4BB8D76
:10723000E4BF9DE68C81E5A4B1E883BD00000000B9
:10724000E7BB93E69D9F3A20E5A4B1E883BDE5B98D
:10725000B6E6A380E69FA5E58F8DE9A6880000002D
:10726000E5868DE68C89E4BD8FE4B8ADE994AE2067
:10727000256C75202F203830306D7300E5B7A620BF
:10728000E58F96E6B6882020E69DBEE5BC80E590B9
:107290008EE995BFE68C89E7A1AEE8AEA4000000B8
:1072A000E8AFB7E58588E69DBEE5BC80E4B8ADE90A
:1072B00094AE0000E4B8ADE994AEE69FA5E79C8BE0
:1072C000E58887E6A8A1E7A1AEE8AEA4000000002B
:1072D00052F82130A021B7A2009004A8E9F7D2F912
:1072E0000621304604AA15F0BDFE94F808060C28C5
:1072F0001ED0B4A0804606205490549A21463046B1
:1073000005F0B6F994F808060C2879D00D2878D045
:107310000E2877D00F2876D0102875D0092874D081
:10732000072873D00828FCD058E3AFF23C40CBE5E7
:10733000AEA0DFE72046FDF72DFD94F89C1605462C
:1073400094F8C024002011B194F89E160A4300213D
:107350005FF0010303FA01FC1CEA020F00D0401C9D
:10736000491C0729F6D3217E39B994F8C11411B903
:1073700094F8C21409B1A7A100E0AAA10FF2B429A0
:1073800055B101280ED9CDE90001A0212B46ADA2AF
:1073900004A8E9F777F90DE0A021AEA204A8E9F767
:1073A00071F907E02B46AFF2A03204A80091A021AA
:1073B000E9F768F90021304604AA15F053FE94F865
:1073C0006F06012804D094F89C0618B1A8A207E023
:1073D000AFA205E094F89B0608B1B5A200E0BBA2FD
:1073E0003046012115F03EFE94F8300016F026FEDE
:1073F00002210246304615F035FE45B1681E07E011
:10740000FFE2C7E0CBE0CDE0CFE0CFE2E0E200205A
:1074100000EB400101EB001104EBC10000F1980802
:1074200090ED2C0AFEF7BCFAAFA0009025B198F8B9
:10743000020008B1012200E0002298F8013050213A
:107440002CA8FDF731F945B12CA82B46A0210090BE
:10745000A6A204A8E9F716F905E0A0212CABA4A286
:1074600004A8E9F70FF90321304604AA15F0FAFD44
:1074700094F8C80408B1A3A200E0A8A230460421F1
:1074800015F0F0FD05213046ADA215F0EBFD94F8A6
:107490006E06FEF78DFA06210246304615F0E2FD33
:1074A00094F8C8140420549011B1AEA0FEF758BD52
:1074B000B5A0FBE7082824D0BDA0814694F86F064C
:1074C000022820D003281ED094F89F06E8B194F833
:1074D000F505E0B101281CD003281CD0B8A2304625
:1074E000002115F0BFFD94F86E06FEF761FA012148
:1074F0000246304615F0B6FD94F86F0668B1B4A0A8
:107500000FE0BAA0D9E7BFA2E9E7C6A2E7E7C9A2A0
:10751000E5E7CCA2E3E7CFA2E1E794F8F60516F0A1
:107520008DFD02210246304615F09CFD94F86F0651
:10753000022806D038B994F89F0620B194F80506C1
:1075400008B1C8A200E0CDA23046032115F08AFDA3
:1075500094F86F0608B1D1A20AE0B4F80006A021A1
:107560000090D5A294F8023604A8E9F78BF804AA93
:107570003046042115F076FD05213046D4A215F0E1
:1075800071FD06213046D9A215F06CFD00E0C2E283
:10759000DEA08BE70FF298390FF2A43854E20FF215
:1075A000C43951E20FF2CC3926E20FF2D839F9A0F2
:1075B0000AE20000E7BC96E8BE913A20257320203D
:1075C00025730000E4B88AE4B88B20E98089E68B53
:1075D000A92020E4B8AD20E7BC96E8BE912020E5C4
:1075E000B7A620E8BF94E59B9E000000E4B88AE4BB
:1075F000B88B20E8B083E580BC2020E4B8AD20E45F
:10760000BF9DE5AD982020E5B7A620E58F96E6B6AC
:1076100088000000E8BF9CE7ABAFE58AA8E4BD9C0A
:1076200000000000E69CACE59CB0E8AFB7E6B18294
:1076300000000000E689A7E8A18CE78AB6E6808111
:107640000000000049442575E7AD892575E58FB038
:1076500020257300E79BAEE6A087E69CAAE79FA5DE
:10766000202F20E7AD89E5BE85E5BFABE785A70004
:1076700053544F50E5B7B2E8AFB7E6B182202F20A0
:10768000E7AD89E5BE85E6B885E790860000000095
:10769000E5819CE6ADA2E5B7B2E99481E5AD98201D
:1076A0002F20E7AD89E5BE85E58F8DE9A68800002E
:1076B000E5B7B2E58F97E79086202F20E7AD89E503
:1076C000BE85E7BB88E6808100000000E8AFB7E632
:1076D000B182E4B8AD202F20E5B09AE69CAAE7A1DC
:1076E000AEE8AEA400000000C2B000004944257519
:1076F000E8BE93E587BAE8BDB4E4BD8DE7BDAE2032
:1077000025730000E4B8ADE994AEE7AB8BE58DB32B
:10771000E8AFB7E6B1822053544F5000E58FAAE896
:10772000AFBBE6A8A1E5BC8F202F20E69CACE5B15D
:107730008FE4B88DE58FAFE5819CE6ADA200000037
:10774000E8BF90E8A18CE4B8ADE4B88DE58FAFE771
:10775000BC96E8BE91E68896E68DA2E794B5E69CD5
:10776000BA000000E4B8ADE994AE2053544F502065
:107770002F20E4B88DE4BE9DE8B596E5BD93E5897C
:107780008DE784A6E782B900E58FAAE8AFBBE79B47
:1077900091E8A786202F20E8AFB7E4BDBFE794A803
:1077A000E8BF9CE7ABAFE68EA7E588B60000000017
:1077B000E58AA8E4BD9CE7BB93E69E9C0000000020
:1077C000E58AA8E4BD9CE5A4B1E8B4A500000000EA
:1077D000E6A0B9E68DAEE69C80E696B0E794B5E605
:1077E0009CBAE58F8DE9A68800000000E69585E942
:1077F0009A9C202F20E6B885E79086E7BB93E69E0B
:107800009C000000E5819CE6ADA2E99481E5AD987D
:10781000202F20E6B885E79086E5B7B2E7BB93E670
:107820009D9F0000E8AFB7E6B182E69CAAE5AE8C6A
:10783000E6889000E58AA8E4BD9CE5AE8CE68890D9
:1078400000000000E58AA8E4BD9CE5B7B2E5819C94
:10785000E6ADA200E58AA8E4BD9CE5B7B2E58F9647
:10786000E6B68800E58F8DE9A688E5B7B2E7A1AE58
:10787000E8AEA4E5A4B1E883BD000000E5A4B1E84A
:1078800083BDE69CAAE7A1AEE8AEA4202F20E4BF0A
:107890009DE68C81E99481E5AE9A0000E7BB93E612
:1078A0009E9CE4BBA5E794B5E69CBAE58F8DE9A65E
:1078B00088E4B8BAE5878600E99499E8AFAF202557
:1078C000752020E8AFA6E68385202575000000001E
:1078D000E4B88DE4BC9AE887AAE58AA8E9878DE533
:1078E0008F91E58AA8E4BD9C00000000E5868DE646
:1078F000ACA1E689A7E8A18CE99C80E8A681E9878C
:107900008DE696B0E7A1AEE8AEA40000E4B8AD2FD6
:10791000E5B7A620E5B7B2E8AFBBE8BF94E59B9E0C
:107920002020E58FB320E8AF8AE696AD0000000086
:10793000E5B7A5E4BD9CE6A8A1E5BC8F000000006A
:10794000E5B7A620E8BF94E59B9E2020E4B8AD2FC4
:10795000E58FB320E7A1AEE8AEA4E58887E6A8A14D
:1079600000000000E681A2E5A48DE4B88EE5A4B194
:10797000E883BD00E8AF8AE696ADE58886E7B1BB4F
:1079800000000000E6938DE4BD9CE69CAAE68F9083
:10799000E4BAA400E4B8AD2FE5B7A620E8BF94E5AB
:1079A0009B9EE4BFAEE694B90000000094F8C804C2
:1079B00020B194F8C60418B184A005E089A003E0C2
:1079C000207D012802D08EA0804615E094A0FBE720
:1079D0002046FDF7C0FE08B10FF2642894F80806AF
:1079E0000C280ED004280CD00B282DD00D282BD01D
:1079F0000E2829D0022827D097F82C00A8B399A0E8
:107A000035E094F8DC04022807D0042807D098A0B9
:107A100097F82C1029B193A104E098A0F8E79AA058
:107A2000F6E76FA194F808260C2A0BD099A20291D0
:107A30005021CDE9000294F8EC3499A240A8E8F76F
:107A400021FE1BE09AA2F2E797F82C0008B185A16D
:107A500000E063A199A240A8CDE9009194F88C368A
:107A600050215B1CE8F70EFE08E0FFE75CA04B46E8
:107A7000502100908CA240A8E8F704FE06F5F971A9
:107A8000706850220D4640AB17F028F806F2A2614C
:107A9000706A70224346884617F020F894F808066A
:107AA0000C283DD07068022208210CF016FE4FF41D
:107AB000847470681A2221460CF02EFE706AD4225B
:107AC00008210CF00AFE706A1A2221460CF024FEEE
:107AD0007D49002270680CF04FFF7B490022706ADC
:107AE0000CF04AFF706A002201210CF034FF70682C
:107AF000002204210CF020FF7068002202210CF00B
:107B000020FF706A002204210CF016FF706A002228
:107B100002210CF016FF55B0BDEC028BBDE8F08FD2
:107B200094F8DC0402284CD004284CD067A00090C4
:107B300094F8EC34502168A240A8E8F7A3FD7068DF
:107B4000502240AB294616F0C9FF706A702265A327
:107B5000414616F0C3FF0122DA2108208DE8070014
:107B60006A490C2370682A46FBF7BFFF0222DB201C
:107B70004FF48C718DE8070065490023706A424616
:107B8000FBF7B3FF97F82C000028C4D0306C61A13C
:107B900009F0CCFC03221C210B208DE807005E4974
:107BA000F023306C5BA2FBF7A0FF06F0CFFA0022B7
:107BB0000146306C0CF0D4FE306C012116F051F906
:107BC000A9E756A0B3E758A0B1E70000E5B7A620A3
:107BD000E8BF94E59B9E2020E4B8AD2053544F505D
:107BE00000000000E58FAAE8AFBBE6A380E69FA5F2
:107BF000202F20E5B7A620E8BF94E59B9E0000005B
:107C0000E5B7A620E8BF94E59B9E2020E4B8AD2010
:107C1000E6A380E69FA5E5B9B6E794B3E8AFB70061
:107C2000E5B7A620E8BF94E59B9E2020E4B8AD20F0
:107C3000E9878AE694BEE7A1AEE8AEA400000000A2
:107C4000E4B8AD20E6A380E69FA52020E5B7A620F6
:107C5000E8BF94E59B9E2020E58FB320E8AF8AE63D
:107C600096AD0000205BE6A8A1E68B9F5D000000BA
:107C70004D4954E4BF9DE68C81000000504F53E70E
:107C8000A7BBE58AA80000004D4954E7A7BBE58AD9
:107C9000A8000000202F20E58F82E695B0000000AC
:107CA0004D253032752025732573257300000000A3
:107CB000202F20E695B0E580BC0000004D25303235
:107CC000752025732573000030AD03084D495420FD
:107CD000E4BF9DE68C81000025303275202F2025E1
:107CE00073000000E4B88AE4B88B20E8B083E58034
:107CF000BC202020E4B8AD20E4BF9DE5AD98202055
:107D000020E5B7A620E58F96E6B688005C6A0408F1
:107D1000E056040853494D00684E0408504F532064
:107D2000E7A7BBE58AA800004D495420E7A7BBE5BB
:107D30008AA800002DE9F04F0746C87A89B0154699
:107D400002280E4603D8012009B0BDE8F08F326941
:107D50001846B168F5F758F8041EF5D0207D00F0FC
:107D60001F0008F068F94FF4807808B1062011E090
:107D7000207D00F01F000E2806D014280AD008F03D
:107D80004BF930B1052005E031884FF00E0931B9CB
:107D900002E00420814606E07088404503D00021BF
:107DA0004FF00509A161226A22B12946384616F032
:107DB00060F8BEE0A069E8B302A8294605F0BDFF5F
:107DC000B6F900005FEA000A02D1708840452DD064
:107DD000EA88331DB5F80280A988B5F800C0A2EB87
:107DE00008027088521CCDE90003A1EB0C01534638
:107DF000491C12B209B202A8F4F7FEFFBDF8080050
:107E000029880844ADF80800BDF80A0069880844CC
:107E1000ADF80A00BDF80C0029880844ADF80C0044
:107E20006988BDF80E000844ADF80E00B96802AAD2
:107E300004A800E012E0F4F7FAFD002879D0D7F8A2
:107E4000088004A8B8602A46CDF800903146A3699E
:107E5000384606F019FBC7F808806AE0B96804A83C
:107E60002A46F4F7E4FDE8B3BDF81400BDF810109D
:107E7000401A401C0FFA80FB0BEB4B0009F0C0FBD3
:107E8000039004A9D7F8088001A805F056FF012146
:107E900001A805F0ABFFB5F90000B5F90210BDF976
:107EA0001020BDF91250101A0690A5EB010A37E018
:107EB00001AA414607A8F4F7BAFD80B303980FFA68
:107EC0008AF200905B46069801B2204608F09EFCBC
:107ED00001280ED0204608F0E7FB039809F0DEFBEE
:107EE000204600E025E008F0DFFB0020C7F808800E
:107EF0002AE707A8B860039B01AA31463846CDF8A7
:107F0000009006F0C1FABDF806000AF1010A401C13
:107F1000ADF80600BDF80A00401CADF80A006D1C63
:107F2000BDF91600A842C3DAC7F80880039809F023
:107F3000B5FB204608F0B8FB05E70B4610B540B18D
:107F40003BB100F5C0511846B822E8F76FFE01209A
:107F500010BD002010BD10B528B101684A1C01D029
:107F6000491C016010BDE8F743FD10B5040010D0B6
:107F700041F6C801E8F7B6FEA4F2E4744FF0FF3012
:107F800004F50054012120606060E060C4F89C109A
:107F9000206210BD2DE9F05F060017469846DDE926
:107FA0000AA9DDF830B00CD006F58054B4F8C20848
:107FB000B0F5807F03D8B4F8C058FF2D04D9E8F796
:107FC00017FD0020BDE8F09FFF2805D8411CA4F84C
:107FD000C2182844C5B20CE0681C41F6BC02C1B20C
:107FE000A4F8C018B018FFF7B6FFD4F8BC08C4F85E
:107FF0007C0805EB450006EBC000C0E90078D4F82A
:10800000B818816080F80CA080F80D90C0F810B00E
:10801000D4F8B808401CC4F8B80802D10120C4F84C
:10802000B808B4F8C208D4F81818814201D2C4F8CC
:1080300018080120C6E7002804D041F604010844CE
:10804000FFF789BF7047002810B51ED000291CD04B
:1080500000F5C054A06A6162421C01D0884200D978
:10806000A162E06A884200D2E162B1F57A6F0DD96F
:1080700004F13000FFF76FFF04F13400FFF76BFFEE
:10808000D4E90D01814200D2A06310BD00206063DD
:1080900010BD002803D000F5C050FFF75CBF70474B
:1080A00070B5002845D0002943D000F5C0500B68BA
:1080B0000022144683604B68C3608B680364CB68FE
:1080C00043640B6983644B69C3648B690365CB6943
:1080D00043650B6A83654B6AC3658B6A0366CB6A2B
:1080E00043660B6B83664B6BC3668B6B0367CB6B13
:1080F00043670B6C83674B6CC3638B6CC361CB6C46
:10810000C0F8203001EBC2035D6D50333DB11B68F8
:10811000AB4204D800EBC206C6E9203505E000EB0F
:10812000C203C3F88040C3F88440521CD2B2072A6D
:10813000E8D370BD2DE9FC41060090460C4647D0BF
:10814000002C45D0B8F1000F42D0B4F9003001271F
:10815000204D002B38DBB4F90220002A34DBB4F9BF
:108160000410B1F58C7F2FDAB4F90600F0282BDA71
:108170008B4229DC824227DC287828BBFDF75CFC97
:1081800010B32088ADF800006088ADF80200A08828
:10819000ADF80400E088ADF80600A0882188628868
:1081A000401AE188401C6E60891A491C10FB01F0DE
:1081B0004400EBF756FA034622464146684605F06E
:1081C00059FA002804D168602F70304606F0AAF8EA
:1081D000BDE8FC811C02012410B5EBF742FA05F062
:1081E00039FBBDE81040EBF73EBA00000A493D20DC
:1081F00070B50A4B01220A4D40F6F87488601A6087
:10820000AC61BFF34F8F0B20EEF7B6FA2320EEF7E9
:10821000B3FABFF34F8F70BD0000024084080240E4
:108220000030014070B50646C8788EB00C46022872
:108230005ED909A8114605F092FDB4F92000012885
:1082400029DD94F82200FD2825D3208818B394F85E
:108250002300BDF824104008C0F38002C0F340039F
:108260008818ADF82400BDF826001844ADF82600A3
:1082700094F82310BDF828004908C1F3C001401A42
:10828000ADF8280094F82310BDF82A00C1F340018E
:10829000401AADF82A00B26809A90BA8F4F7C7FB89
:1082A000002825D0E07B10F0070523D0E088ADF84A
:1082B0001C006189BDF81C00884200D10025684679
:1082C0001C21E8F70FFDA0788DF81900BDF81C00FF
:1082D000ADF80800208800280AD1002D08D109A88F
:1082E0000090E07869468DF81800304606F0A2FC50
:1082F0000EB070BD60680790DBE72DE9F0410646DF
:10830000086992B0154600280C467DD0A07E022850
:108310007AD9B2680EA82946F4F789FB002873D0F1
:10832000D6F808800EA8B060206908F082FA02280A
:1083300006D0206902A908F0DBF9012849D0C6E07F
:1083400041F6FF70002702973B46CDE90070D4E963
:10835000041210A80DF03AFCA8882A88801A401C44
:1083600001B2BDF9400001EBD17102EB610100EBFC
:10837000D072A1EB6201ADF80C100844401EADF8BC
:108380001000E8886A88801A401C01B2BDF94200DA
:1083900001EBD17102EB610100EBD072A1EB620144
:1083A000ADF80E100844401EADF8120005A806F006
:1083B0002FFB606903AA059005A9208BADF820006A
:1083C000A07E8DF82E0030460097236906F07EF8D7
:1083D0007DE003A806F060F8A0784FF0FF378DF835
:1083E0001800208BADF81400E07E8DF81600A07EFA
:1083F0008DF81700207F40B102996888ADF802001F
:1084000007EB515108445AE063E0A8882A88801A93
:10841000401C01B2029801EBD17102EB6102C0F382
:108420008A21A2EB5103ADF80030EA88491E6D881D
:10843000521B521C12B202EBD27205EB6202A2EB8B
:108440009052ADF8022007EB50555818ADF80400D3
:108450005119ADF80610236903A96A46304605F0A4
:10846000E7FF34E002992888ADF80000C1F38A21C3
:10847000491E084410E0236903A96A46304605F006
:10848000D7FF0298BDF80010C0F38A200144ADF870
:108490000010BDF804100844ADF80400B5F904104C
:1084A000BDF900008842E6DD0298BDF8021001EB3C
:1084B0005051ADF80210BDF8061001EB5050ADF868
:1084C0000600B5F90600BDF902108142CADDC6F802
:1084D000088012B0BDE8F081F0B5074691F822009F
:1084E00087B0164602280C466BD9208C002868D02D
:1084F00094F8230010F03E0F63D0C00761D1B1881B
:108500003388F0887288C91A491CB4F90050801A5F
:10851000401C09B200B2814200DA0846B5EB600F98
:1085200000DD4510314604A805F019FC94F823003D
:10853000BDF91020C0F344014807B4F9200001D46C
:10854000284440421044ADF81000B4F92000090757
:10855000BDF9141001D428444042081AADF81400A3
:1085600094F82300BDF9121040088007B4F92000E8
:1085700001D4284440420844ADF8120094F8230086
:10858000BDF916104008C007B4F9200001D12844F5
:108590004042081AADF81600208C281A00B20028B4
:1085A00000DA0020A27894F822102B46CDE90212BE
:1085B000E18B04AAADF8041031460090384600F073
:1085C00002F807B0F0BD38B5DDE90534FF2C00D363
:1085D000FF24009400F001F838BD2DE9FF478EB06C
:1085E00015460C4682461C211A9E02A809F032F953
:1085F000CDF808D0BDF84400ADF810008DF820602B
:10860000B4F90200B5F90210884201DC012700E04C
:108610000027B4F90600B5F90610884201DB0126EF
:1086200000E00026B4F90000B5F90010884201DC32
:10863000012100E00021B4F90420B5F90430894695
:108640009A4201DB012100E00021ADF80000A08882
:108650008846ADF804006088ADF802006888A0F193
:108660000100ADF806001FB102A9504606F0E2FA7B
:10867000E88800F10100ADF80200E088ADF80600DE
:108680001EB102A9504606F0D5FA2088ADF80000C8
:108690002888A0F10100ADF8040017B1B5F9020077
:1086A00001E0B4F90200ADF8020016B1B5F9060018
:1086B00001E0B4F90600B9F1000FADF8060003D0EF
:1086C00002A9504606F0B6FAA888B8F1000F00F1EA
:1086D0000100ADF80000A088ADF8040003D002A9A5
:1086E000504606F0A7FA12B0BDE8F0872DE9F04138
:1086F0002E4D0746686805F02FFE04463868C66BA5
:10870000716B09B1304688476868E1680068028883
:10871000408812FB00F0884201D1012000E00020D7
:10872000216859B1616849B128B107E068680068FB
:10873000816A01B1884720690028F7D101202061B2
:1087400069680968C9688A69D20702D08969890796
:1087500000D400206061606908B1012500E00025B7
:108760003868416971B1016911F0300F06D04907CD
:1087700004D5D6E9001000F01BF803E0D6E900218B
:10878000FBF7DEFC206800280BD06168002908D0C8
:108790003A68127CAA43D20703D1A268824202D16E
:1087A000A160BDE8F081A060FBE700005802012451
:1087B0002DE9F34F05468C4893B041680E68306947
:1087C000820701D542076ED4C0F3011002281ED0E3
:1087D000012801D0032866D100200F90084605F03B
:1087E000BBFD10904FF4A051AB88B5F90000EC88A8
:1087F000B5F902201B1A5B1CA71A1CB2B1FBF4F3DB
:108800007F1C3FB2BB420FDAB1FBF4F10DE0149ACA
:108810002946304600F0F4F8149A15B0294630463F
:10882000BDE8F04FFBF78CBC3946337C0B910792C7
:10883000C3F30111012906D0611E68800844E88055
:108840004FF0000BC1E07188081A401EE880011B40
:10885000491C6980F4E700BF0B99A7EB0B00884225
:1088600000DD08464FF0010100B201901098BBF105
:10887000000F016121D1A7421FDB0194307CC0F3BE
:108880000110032810D00020149A214600F0EBF8C4
:10889000307CC0F30110012808D031880798081AED
:1088A000401E011B56E09BE00120EDE70798079969
:1088B00020442980401EA8804FE00F9820B94FF433
:1088C000205008F09DFE0F90307CC0F3011003286B
:1088D0001BD00020019986460F980C90601E14FB57
:1088E00001F24843DDF85090521ECDE90D200020E2
:1088F0008842824621DA0E9ABEF1000F02EB0A008E
:1089000001D00D9A101A002211E00120E2E700BF09
:108910000C9BBEF1000F39F8028B03EB400CACF856
:10892000008001D0084400E0401A521C12B2A2425A
:10893000EEDB0AF1010000B2DAE7307CC0F301108F
:1089400001281BD031880798091AA1EB0B00019967
:10895000401E411AA880491C298001990BEB01088F
:10896000B84514DB10988069C00710D01098806952
:1089700080070CD51099012048610BE0079901EBA5
:108980000B00019928800144491EA980E5E7109851
:10899000002141610F9828B1024629463046FBF775
:1089A000CFFB05E0149AF8E7B16A09B13046884771
:1089B000109800690028F7D101990FFA88FB04FB91
:1089C00001F0149901EB40001490BB45FFF644AF51
:1089D0000F98002804D015B0BDE8F04F08F05EBE37
:1089E00015B0BDE8F08F00005802012430B50D88A5
:1089F0000488058010880880188810801C8030BD8D
:108A0000F8B58B8800240D88CE884F885B1B5B1CD3
:108A1000F51B6D1C13FB05F35B1E0DE002EB43061B
:108A200002EB44075B1E3588641CADF80050B7F8B4
:108A300000C0A6F800C03D80A342EFD843884C8810
:108A4000CA881B1B5B1ECB8043889A1A521E4A8021
:108A500003880C888A881B1B5B1E8B800088801A09
:108A6000401E0880F8BD2DE9F0470C461746002649
:108A7000824601EBD47936E0601C002500EBD0780B
:108A80002CE0A01B621B401E01B2A2F1010210B239
:108A9000BAF1000F0ED015FB041211FB040110FBFC
:108AA000046C07EB420307EB410216FB045007EB93
:108AB0004C010DE011FB040C10FB046215FB0411CA
:108AC00016FB045007EB420307EB4C0207EB410196
:108AD00007EB4000FFF78AFF6D1C2DB2B5EB680F66
:108AE000CFDB761C36B2B6EB690FC5DBBDE8F0878D
:108AF0002DE9FF4F99B0987B00F00F041A98032CD2
:108B0000DDF89880827E18D0012C1DD0022C21D057
:108B1000042C13D0082C7DD18D4D61014FF0FF0A3C
:108B2000FD2A2BD28B4E3078904202D17068A04241
:108B300021D0DFF824C200201BE00424844D4FF034
:108B4000F00A103D1021EBE7814D4FF0800A163DF1
:108B50000221E5E77E4D4FF0C00A143D0421DFE716
:108B60002F5CFF2F1BD017FB02F73F0A0CF8007099
:108B7000401C8842F4D3784D327074601998B3F871
:108B8000069081681B98B0F9002018890390B1F90C
:108B9000003009FB04F09A4203DB002302E0174691
:108BA000E4E79B1AB1F9046002EB09079B46B74260
:108BB00001DC4E4601E0B61A761C1B9AB1F9023070
:108BC000B2F902209A4201DB002300E09B1A039FC6
:108BD000B1F9061017440C938F4201DC039901E0B0
:108BE000891A491C169103FB00F20BFB042000F0CC
:108BF000070708EBD00126911C210FA808F02AFED8
:108C00001A988089ADF844001A98807E8DF8540037
:108C10001A9800E099E0807FC0F3C2008DF85500FB
:108C2000F4F778FE05F09CFB039A09FB02F1814200
:108C300000DC0846189008F0E3FC0A9009EB0B03EF
:108C40001290C4F108011B98A6F1010C07AAB0F814
:108C5000008000200291991BDDF8309008EB0B0397
:108C600061430E91ADF81C301B9909886144ADF841
:108C700020101B994B880F9203EB0901ADF81E10D1
:108C8000ADF8221014924AE0002359462AFA07F858
:108C900020E0269ADDF808C0ACEB070C127802EA57
:108CA000080232FA0CF205D015F802C00A9A02F84E
:108CB00000C001E00A9A1354029A974203D228FA9C
:108CC00004F8274404E0269AD046521C2692002736
:108CD000401C491CB142DCDBA6EB0B010A181899B9
:108CE0008A4203D2BDF82210491C0CE002208DF804
:108CF0004C0019980FA905F09DFFBDF82210002027
:108D0000491CADF81E10ADF8221009F101090E99A9
:108D1000269A394401F0070702EBD10226921699F0
:108D20008945B1DBBDF91E10BDF92200814209D091
:108D300002218DF84C10401EADF8220019980FA9A1
:108D400005F078FF0A9808F0A9FC1DB0BDE8F08F87
:108D500086AD03086002012414B80224F0B5B1F90D
:108D600002600C46B3F900100546761EB2F9000009
:108D70008DB0771006F0010688423E4400DB0846BD
:108D8000ADF80400B2F90000B3F90010884200DC2D
:108D90000846401EADF80800508801A9801BADF8B8
:108DA000060050883844ADF80A00AA680846F3F770
:108DB0003EFE002818D0E08818B1A08808B100262F
:108DC00000E001261C2103A808F044FD01A803903F
:108DD0002088002EADF81400207A8DF8240003D0EE
:108DE00003A9284605F026FF0DB0F0BD70B5054675
:108DF000B1F902008AB00C46401E1688411000F0FE
:108E000001000844301AADF8000010880844ADF89D
:108E10000400B2F90200B3F90210884200DA0146F8
:108E2000ADF80210B2F90220B3F90200824200DC70
:108E300002466946521EADF80620AA680846F3F7B6
:108E4000F6FD002818D0E08818B1A08808B10026E7
:108E500000E001261C2103A808F0FCFCCDF80CD092
:108E6000002E2088ADF81400207A8DF8240003D05D
:108E700003A9284605F0DEFE0AB070BD2DE9F047D3
:108E800096B0054606F085FC0446284606F049FCE7
:108E900004A90646204609F0ADFB94F834000025ED
:108EA000C10600D50125800601D545F00205204602
:108EB00000210AF070FAA0F51C51D13904D1608C60
:108EC000000501D445F0040509A805F0A1FD208E98
:108ED0000021ADF83A0009AA608EADF83C002046AA
:108EE0008DF841500AF062FB9DF84000012708B957
:108EF0008DF840704FF6FF700A9041F6FF7A0B90A4
:108F000094F8340000F00700022801D003281ED195
:108F10009DF84000022801D0032818D1BDF9361071
:108F200007A8CDE9001A0295BDF93830616A099A9F
:108F30000CF04CFEBDF81400BDF81020BDF91C105B
:108F4000801A401C00B2884201DA8DF84070002778
:108F5000B26804A913A8F3F76AFD00287DD094F83D
:108F6000340040070BD1204609F052FD404202B2C6
:108F7000002104A804F025FF608BADF816000DF168
:108F80004C0994F8340000F00700022813D003289D
:108F900011D0009704AA636A09A9304605F096FA31
:108FA000B068C6F80890804694F8340000F00700D6
:108FB00003280FD05BE0D6F8088004AAC6F8089012
:108FC00009A900973046636A05F080FA4046C6F862
:108FD0000880E6E7BDF9361008A8CDE9001A029529
:108FE000BDF93830616A099A0CF0F0FDBDF8140043
:108FF000BDF81020BDF92010801A401C00B2884234
:1090000017DA20220998114606F0C6FC218E00EBE3
:109010004000BDF8202011440844ADF83A00608EAD
:1090200004AAADF83C0009A900973046636A05F030
:109030004DFABDF81600BDF81220BDF92210801AB5
:10904000401C00B2884212DA208EADF83A0009982E
:10905000628E11440089084400E00AE0ADF83C004B
:1090600004AA009709A9636A304605F02FFAC6F8EA
:10907000088016B0BDE8F08770B5054691F82A0063
:1090800088B00C4602285FD9E08C00285CD004A888
:10909000114604F064FE208DBDF81010401E091A20
:1090A000ADF81010BDF81210091AADF81210BDF885
:1090B00014100144ADF81410BDF816100844ADF8B2
:1090C000160004A906A804F04AFEBDF81810E08CAA
:1090D000BDF81060091AADF81810BDF81C10BDF8E5
:1090E00012300844ADF81C00BDF81A00E18C401A9B
:1090F000ADF81A00BDF81E00E18C0844ADF81E0062
:10910000BDF81400BDF81610801BB4F90020C91A70
:10911000401C491C00B209B2884200DA0146B2EB99
:10912000610F00DD4A10A178E38C94F82A00134403
:10913000CDE90201A08C1BB206A9ADF804002846B7
:10914000009204AAFFF73FFA08B070BD70B5A4B052
:109150000C4620AA054622A909F070FC22A804F0BA
:1091600007FE20B920A804F003FE00283DD012A974
:10917000284614F026FC012837D12146684609F01C
:1091800041F802221A48D103CDE9010212A80D913B
:10919000049022A804F0ECFD80B122A86A461A21AE
:1091A0000390284606F0FAFA22AA204612A905F0F2
:1091B000E5FC1B216A46284606F0F0FA20A804F0D8
:1091C000D7FD002811D01A216A4620AE2846039602
:1091D00006F0E4FA20AA204612A9039605F0CEFC78
:1091E0001B216A46284606F0D9FA24B070BD00005B
:1091F0004CAD030870B592B00E46054690F8DC04FD
:1092000002F064FB0446284614F01BFC00F13C010C
:1092100022466846FCF7A2FB00EE106A95F8DC14C3
:10922000B8EEC01A022903D0032901D004291ED1A7
:1092300095F88F0605F58064D8B101282ED0022854
:1092400053D0032860D0042811D106EBC602D5F80C
:10925000040502EB06120F9900EB8200814200DD4B
:1092600008461099814200DA0846C5F8040512B094
:1092700070BD0329FBD0B7EE000AFBF70DFAD4ED61
:109280003C0A41EE000A9DED031AB0EE600AF1EED1
:10929000410AFAF7C1FD84ED3C0AE8E7B7EE000A9F
:1092A000FBF7FAF9DDED040AB4EEE00AF1EE10FA8C
:1092B00002DDB0EE600A03E0B7EE000AFBF7ECF95E
:1092C000F0EE401AB7EE000AFBF7E6F9D4ED3D0ADE
:1092D00041EE000A9DED041AB0EE600AF0EE610A5C
:1092E000FAF79AFD84ED3D0AC1E794ED3E0ADFED01
:1092F0000E0A01EE200A9DED0A1ADDED090AFAF7C1
:109300008BFD84ED3E0AB2E794ED3F0ADFED070ADC
:1093100001EE200A9DED0C1ADDED0B0AFAF77CFD3B
:1093200084ED3F0AA3E70000CDCCCC3D0AD7233C17
:109330002DE9FF5F93460C46202180460E9E0AF0E1
:10934000F5F8002872D0032E40461DD009F059FBD5
:10935000814607F0CDFA032E4FF0000705463E4642
:109360003946404613D009F07DFF00218246404631
:1093700009F042FFB9F1010F494658D002295DD0EA
:10938000B9F1030F60D136E009F034FBE0E709F0F2
:1093900045FF00218246404609F052FFB9F1010F16
:1093A00049461ED0022921D0B9F1030F4CD1B8F89B
:1093B0001820B8F81410521A521C13B2A3EB0A0268
:1093C000101A00EBD0720AEB62000844A98A07B2B7
:1093D000288B401A401C00B200EBD07001EB6000FB
:1093E00022E0B8F81410B5F9146024E0B8F81810A9
:1093F000B5F9186026E0B8F81A20B8F81610521A15
:10940000521C13B2A3EB0A02101A00EBD0720AEB43
:1094100062000844698B07B2E88A091A491C09B23C
:1094200001EBD17100EB610006B20DE02EE0B8F85F
:109430001610B5F9166001EB0A0004E0B8F81A102E
:10944000B5F91A60081A07B20399A01E00B20029E4
:1094500010DAB9F1000F15D0BE4221DC12E0002C69
:1094600001DDA41C24B2E01704EB9070801004B05E
:10947000BDE8F09FBBF1000F12DAB9F1000F01D087
:10948000BE420DDB002CEADA0446E8E70398E0422E
:1094900002D50398404204B2BBEB040000D55C4601
:1094A0002046E4E770B500F59A6104460D4616F0D3
:1094B000AFFA84F86E0620B12046BDE870400EF089
:1094C0002BBD94F808063822294684F8480604F58E
:1094D000A160E7F7ABFB052120460EF0E5FC00207C
:1094E000012184F89516C4F8800684F8970684F85C
:1094F000960670BD70B5044607F0EAF948B10068F9
:1095000082680AB1217A9047207E810742D4C00741
:109510007BD16068002109F0F3F8002518E0017A9A
:10952000CA0910D0802904D0227A21F0800191420A
:1095300009D14168E160016820468847207E8107A3
:1095400028D4C00761D16D1C6068294609F0D8F89D
:1095500018B101680029F6D0E1E70020214608F0A3
:10956000FDFF050053D06068002109F0C9F800260E
:1095700019E0016891B1017A0A060FD411B1227A7B
:1095800091420BD14168E160016820468847207E06
:10959000810701D5012070BDC00736D1761C6068F7
:1095A000314609F0ADF810B1012DE2D02FE0012DC8
:1095B0002DD16068416851B3217E490727D4217AB3
:1095C000232919D0242917D0A90309F0AFFFF0B13E
:1095D000207A11381C280FD2DFE800F01919191968
:1095E000191919191919190E0E190E0E1919191917
:1095F0000E0E0E0E19190E19606840686060204644
:10960000FFF778FF0128054601D0002070BD2846ED
:1096100070BD00002DE9FF4F0A880446888885B098
:10962000CB884988A0EB0200DDE91295A3EB01018C
:1096300000F1010001F1010106B20FFA81FA75B1E2
:10964000BDF82010B9F1FD0F01EB014000907CD373
:109650001FFA81F94FF0000BA6F1040851E1B9F1AE
:10966000FD0F0FD3002508E008993246204604F08C
:1096700079FC07986D1C04EB40045545F4DB09B0F8
:10968000BDE8F08FBDF8001000204A4660F30201EB
:1096900089B260F3C70189B260F30C2189B260F32B
:1096A0004F31ADF8001088B20090BDF80000029074
:1096B0000146089804F024FD01460091089909F13B
:1096C00004004FF0000B89B2C0084B07C006C1F37D
:1096D000C402000EC1F3042C9B0E12FB00F21CFB13
:1096E00000FC03EB513162F30F0511FB00F16CF349
:1096F0000F07C0F1FF0E61F31F45CDE903575EE090
:109700004FF0000954E000BF34F81910BDF808000C
:10971000884246D004EB49000088ADF80400BDF84B
:109720000410ADF808000398C1F3C40782B2030C1B
:1097300004984FEA417C17FB0E2285B2BDF8000069
:109740004FEA9C67C1F3042800E0E1E007EB5137E2
:10975000009118FB0E5517FB0E3102EBC21303EB01
:10976000C23201EBC11303EBC13C05EBC517C2F3D9
:10977000C45307EBC53701EBC1154FEA9C6263F395
:10978000C70005EBC13562F30200C5F3C252C7F34F
:10979000C45162F34F3061F30C20ADF8000080B289
:1097A000009004EB4902BDF8001009F10109118095
:1097B000B145A9DB07980BF1010B04EB4004D3453D
:1097C0009EDB5CE7002710E02A78FF2A12D0208871
:1097D000ADF804000199089804F092FC0190BDF8DE
:1097E00004002080A41C6D1C7F1CB7425EDAA80711
:1097F000EAD15BE0A4F80090F4E72868411C44D06B
:10980000F0B32A78FF2A54D02088ADF804000199DB
:10981000089804F075FC0190BDF80400A4F800005D
:10982000A41C15F8012FFF2A46D02088ADF80400AB
:109830000199089804F064FC0190BDF804002080B0
:10984000A41C15F8012FFF2A39D02088ADF8040098
:109850000199089804F054FC0190BDF804002080A0
:10986000A41C15F8012FFF2A2CD02088ADF8040085
:109870000199089804F044FC0190BDF8040000E050
:1098800011E02080A41C6D1C0FE0A00707D002206F
:10989000A4F8009000990151A4F8069003E0009804
:1098A00020600098606008342D1D3F1D4745A4DDF1
:1098B0001CE0A4F80090B3E7A4F80090C0E7A4F877
:1098C0000090CDE7A4F80090DCE72A78FF2A1CD0AE
:1098D0002088ADF804000199089804F011FC01906B
:1098E000BDF804002080A41C6D1C7F1CB742ECDB7B
:1098F00007980BF1010B821B1498811B04EB4204A7
:109900000D44D345FFF65EAFB9E6A4F80090EAE750
:109910002188002293469046ADF8001033E00027DE
:1099200027E0287818B3904205D0FF282ED000FBFE
:1099300009F31B0A9B46904203D134F81700814279
:1099400010D0BBF1FF0F23D004EB47005A4600882C
:10995000ADF800000099089804F0D2FB009034F8AC
:1099600017102A7804EB4703BDF8000018806D1C1F
:109970007F1CB742D5DB149808F10108831B0798B8
:109980001D4404EB4004D045C9DB78E64B46D1E7E3
:109990000898E3E72DE9FF4F83B00C46DDF84480DB
:1099A000F3F7B8FFBDF818A0B8F1000F81460CD04E
:1099B000A18800262288E3886088891A491C181A21
:1099C000401C0FB20FFA80FB41E0B4F9026017E0CF
:1099D000B4F900500FFA86F80DE010982BB20290FF
:1099E000ADF804A0CDF80080D9F80000059A0399DD
:1099F000C769B8476D1CB4F90400A842EDDA761CBB
:109A0000B4F90600B042E3DA07B0BDE8F08F0025F4
:109A100018E000BF18F8050098B11099ADF804A03F
:109A20004843000A02906088304400B20090D9F8A0
:109A300000002188059A2944D0F81CC00BB2039974
:109A4000E0476D1CBD42E5DB1299761C88445E45FB
:109A5000DDDBD9E72DE9F04F4FF00009044691B066
:109A6000CB4606F035FF0268CA46218BA38AD4F89C
:109A70002480CDF820A0C818117E03912083608B2C
:109A8000E18A08446083DEE0002046464FF480759A
:109A9000074605900FE00021304609F05EFC38448F
:109AA00007B23046002109F06AFC454330462D12CA
:109AB00008F07CFE0646002EEDD1A069029017B991
:109AC000B5F5807F09D04FF4803191FBF5F27842F3
:109AD00001B205AB02A80BF003F8BDF9081000298C
:109AE00000DC4942BDF90A00002800DC4042814206
:109AF0004FF0010001DD824600E008901021404651
:109B000009F014FD00287DD0089D57464046CDF849
:109B100000A02E4608F0A8FEC10700D1002781074B
:109B200001D400210091410700D40025000700D492
:109B30000026404608F06CFF0F90404608F042FEB9
:109B40000E90404608F098FE0D90404608F0F4FE56
:109B50000F99002902DC0E9900290FDD25B1BDF90E
:109B60000A2003998A4206DA46B10399BDF90A2010
:109B700049428A4202DCC1464FF00C0B0D99002984
:109B800001DC002810DD27B1BDF9082003998A42C5
:109B900007DA009941B10399BDF9082049428A4288
:109BA00002DCC1464FF0030B0F99002900DC0025B1
:109BB0000E99002900DC00260D99002900DC002701
:109BC000002801DC0020009027B1BDF9081003989F
:109BD000814214DA009828B10398BDF90810404278
:109BE00081420CDD25B1BDF90A100398814206DAE5
:109BF00046B10398BDF90A10404281420EDCBAF129
:109C0000000F00E00AE001D0032100E00C2194F8ED
:109C1000400061F3030084F8400018E04FF48071C5
:109C2000404609F083FC3AEA000010D14FF400717D
:109C3000404609F07BFC01460898884307D140461E
:109C400008F0B4FD8046B8F1000F7FF41DAFB9F104
:109C5000000F0AD094F840100020C4F82C90208304
:109C60006BF3030184F84010608311B04846BDE8EF
:109C7000F08F00002DE9FF4F83B08B46824608F03D
:109C8000B9FE060012D041F6FF7850460021444646
:109C900009F0C4FA00210090504609F0D1FA019071
:109CA000504608F083FC002507465FE0002007B01F
:109CB000BDE8F08FDAF808003149006850F8250057
:109CC000814609F03AFCE8BB4FF48051484609F060
:109CD0002DFCB8B3012E04D0022E08D0032E44D19F
:109CE0001AE0BAF81420B9F91400009932E0BAF871
:109CF00018200199B9F91800511A069A09B21044AE
:109D000000B2584531DB059A90422EDC401A00B271
:109D1000002821DD014620E0B9F81810B9F8140038
:109D2000BAF81830091ABAF81420491C09B201EB24
:109D3000D17100EB6100991A491C0BB2009900B275
:109D40005B1A00E011E00199591A01EBD1730099F7
:109D500001EB63011144D0E74142002C01DD2246B2
:109D600000E06242914200DA04466D1CBD42A1D37C
:109D7000444501D1002000E0604200B297E70000B6
:109D8000010004002DE9FF4F83B08B46824608F0A6
:109D900038FE060012D041F6FF78504600214446B6
:109DA00009F060FA00210090504609F025FA019070
:109DB000504608F0FBFB002507465FE0002007B097
:109DC000BDE8F08FDAF808003149006850F8250046
:109DD000814609F0B2FBE8BB4FF48051484609F0D8
:109DE000A5FBB8B3012E04D0022E08D0032E44D117
:109DF0001AE0BAF81620B9F91600009932E0BAF85C
:109E00001A200199B9F91A00511A069A09B2104498
:109E100000B2584531DB059A90422EDC401A00B260
:109E2000002821DD014620E0B9F81A10B9F8160023
:109E3000BAF81A30091ABAF81620491C09B201EB0F
:109E4000D17100EB6100991A491C0BB2009900B264
:109E50005B1A00E011E00199591A01EBD1730099E6
:109E600001EB63011144D0E74142002C01DD2246A1
:109E700000E06242914200DA04466D1CBD42A1D36B
:109E8000444501D1002000E0604200B297E70000A5
:109E900001000400B4EE400AF1EE10FA0BD110EE0E
:109EA000100AB0F1FF4F06DA10EE100A10F5000F9D
:109EB00001D201207047002070470123002103FADE
:109EC00001F2024201F1010101D0C8B27047C9B2EA
:109ED0000729F4D3002070472DE9F74F0546007F8E
:109EE0009346C1074FF00000824661D1EC684FF005
:109EF00001080026C1467CB9287FC0F3C000401E7F
:109F0000304254D1B9F1000F51D001992846884709
:109F10004FF000080446C1460EB9260047D0B8F1FC
:109F2000000F06D05A46214628469047B0420446C4
:109F30003DD0002C4FF00108DED0206809F0D0F8A9
:109F40000006D8D427681FE00121384609F0EEFA50
:109F5000B0B12FB10121384609F0E8FA0028CAD182
:109F6000E868A04223D0B0B1284600F005F90246C7
:109F7000E8680F21006805F011FC012817D106E000
:109F8000384608F013FC0746002FDDD1E8E7E86803
:109F9000006809F035FC2846EC6000F0EDF8024658
:109FA000E8680E21006805F0F9FB012802D0504650
:109FB000BDE8FE8FE868006809F022FC296909B154
:109FC000284688470120F3E782B04FF0000CCDE926
:109FD0000001009BC2F800C0DFF864C021F000401F
:109FE000604529DA034327D0B0F5801FA8BF136866
:109FF0000EDA9DED000B9FED141B6FF0350320EE84
:10A00000010B10EE901A8DED000B136021F0004053
:10A01000DFF83CC06FF31E510CEB20501844106069
:10A0200041F0FF5040F0005001909DED000B00BF4B
:10A0300051EC100B02B070479DED000BF8E70000EB
:10A040000000F07F0000000000000000000050430E
:10A0500002FCFFFF2DE9FC470D0024D00469616973
:10A0600029B10868A84202D14868BDE8FC87628A25
:10A0700000200427C2F308020EE000BFA36800EB33
:10A08000800653F826C007EB86069E5BA5EB0C0303
:10A090009E420AD2401C80B28242EFD819B10D60B4
:10A0A0000020616948600020DFE700EB8006A168BE
:10A0B00012224FF0060902EB86000027085C0228F6
:10A0C0000DD04FF00C0A78B1DFF8A8C003284FF08C
:10A0D00010084FF008020FD0012826D043E009EB0A
:10A0E0008600085AC7183EE00AEB860209EB86068E
:10A0F0008858895BC05C35E0ADF8043008EB860316
:10A1000002EB8608CDF800C001A8CA5A022351F814
:10A110000810F3F7F1FC30B3A16809EB860351F89E
:10A120000820C95A801A40101CE0ADF8043008EB32
:10A13000860302EB8608CDF800C001A8CA5A0223A4
:10A1400051F80810F3F7D8FC68B1A1680AEB860251
:10A1500009EB860351F808608A58801BC95A4010E1
:10A1600032F810000F18606910B10560606947602F
:10A1700038467AE715F002082DE9F0410026074637
:10A180003546304610E000BF06F0D3FB616DB942A2
:10A1900009D1022802D0042803D003E02046BDE8FC
:10A1A000F08126462546204606F098FB0400EBD1B8
:10A1B0000EB13046F3E70DB12846F0E7BDE8F041B7
:10A1C000002006F08BBB00007CB503690025DC682D
:10A1D0005B8AA0689B042BD4830F16D00123B3EBBA
:10A1E000907F31D101EB0241266818480423CDE964
:10A1F0000001A068314620F0404201A8F3F77CFC42
:10A2000010B3801B616880101DE0266801EB0221FD
:10A210000F4A0223009220F0404201A8ADF804103A
:10A220003146F3F769FC78B1801B616840100AE0A1
:10A230006368805C595C39B130B1637B491E226828
:10A24000401E11FB03210D5628467CBDB9C40108F0
:10A25000CDC401082DE9F0410F46418C0426C268A7
:10A2600005460020C1F305130FE000BF06EBC00454
:10A2700014595FEAC41C07D524F07F44BC4203D1C3
:10A2800052F83000BDE8F081401C8342EED84FF018
:10A29000806000EBB1204FEAB0506884C0F3051035
:10A2A000C100104607F030FAE86008B9FAF756FB2B
:10A2B000688CC0F30514641E16D06FF003014B00C8
:10A2C000E86801EBC40282585FEAC21C0CD4920118
:10A2D0000AD403EBC40C844400EBC402641EDCE922
:10A2E000000CC2E9000CEBD1E868082100EBC400C7
:10A2F00007F0B0FA082007F051F9E96841F8340096
:10A300000AF0F7FFEA6806EBC400115841F08071CB
:10A310001150EA6867F317011150E86850F83400EB
:10A32000B0E700002DE9FC410068C068C068B0FBE0
:10A33000F1F4944200DD1446154F78680068806996
:10A3400020B30020ADF8000025B2ADF80400ADF850
:10A350000200681E06B2ADF80660786869460068BB
:10A3600082699047BDF80600BDF80210401A401CF3
:10A3700000B2A04202DD351EEBDC01E0002D02DC64
:10A380000020BDE8FC81BDF90640641C2046F8E7CA
:10A39000580201242DE9FF4F83B01F46054605985A
:10A3A000F3F7BFFA0122B5F8209095F82230002487
:10A3B00082406FEA09014FF0FF3688B24FF0040B7C
:10A3C00002F0FF080190C3F3C00A1FE0E96801EB47
:10A3D000C4004268920140D5BAF1000F15D10BEBD1
:10A3E000C4028958049AC1F30741090491420CD16F
:10A3F0000068817911EA080F07D005996A460AF0CA
:10A40000D3FE012830D0022831D0641C688CC0F300
:10A410000510A042DAD820E0E96851F834008279CA
:10A4200012EA080F18D00BEBC40289581FFA81FA00
:10A43000C1F307421104049A91420DD1019A1AEA1C
:10A44000020F09D1B24507DD05996A460AF0ACFE54
:10A4500001280FD002280AD0641C688CC0F30510B4
:10A46000A042D9D8002E0DDB00983860012007B03B
:10A47000BDE8F08FCA45F7D05645EDDA009856464C
:10A480003860E9E70020F2E72DE9F041468C04232B
:10A49000C2680D4604460020C6F305110BE000BF5C
:10A4A00003EBC007D7595FEA871C03D527F07F4726
:10A4B000AF4202D0401C8142F2D8814203D002EB6D
:10A4C000C000BDE8F0814FF0806000EBB6204FEA9D
:10A4D000B0506084C0F30510C100104607F014F9B5
:10A4E000618CE060C1F30510401E0DD06FF00703D2
:10A4F000E16803EBC0020A4401EBC006401ED2E94A
:10A500000012C6E90012F3D1E068082107F0A2F9B1
:10A51000082007F043F8E16808600AF0EAFEE16805
:10A52000486840F000704860E16865F317004860D3
:10A53000E068C6E710B506F0E1FA0AF09DFB0028D6
:10A540000ED00848FBF782FA002809D00548D0F859
:10A55000740B0AF033FC002802D003490120087074
:10A5600010BD000008A70224F801012470B5ECF723
:10A5700061F8134D04462869201A0BF05FF82C612E
:10A58000104EA87820B1306809F03AF90020A87080
:10A590000D4996F8780B91F80816884203D1E868BF
:10A5A000201A642805D3094A07490648FBF77EFBB1
:10A5B000EC600448FBF70EFABDE870400BF07EB883
:10A5C000F801012408A70224A89F022484B20224CF
:10A5D0000021A0F13002092A01D8D1B216E0612889
:10A5E00001D32038C0B2413806280FD2DFE800F08E
:10A5F000030507090B0D0A2108E00B2106E00C21D9
:10A6000004E00D2102E00E2100E00F210846704712
:10A6100001230B7002694A60D0F878268A60D0F86E
:10A620007826521CC0F8782601D1C0F87836D0F8C8
:10A630007026D0F87406C1E9042070472DE9F04176
:10A640000446806D0D4600282BD0AA680223A97B02
:10A6500003EB820330F922700129C65E0AD1B4F9F6
:10A660001000B84203D1B4F91200B04202D0201D4C
:10A6700000F0BEFC201D00F069FD002811D12781EB
:10A680006681A87B012804F104000CD000F0B0FC26
:10A69000201D00F05BFD002803D120896189208204
:10A6A0006182BDE8F08100F0B1FBF1E770B5254CA7
:10A6B00004210546606808F039FF002828D0296B7E
:10A6C0006068814224D008F02BF80646286B08B158
:10A6D00008F026F886421CD11EB1606805F076FBB2
:10A6E0000FE0286B40B1A2680F2105F057F828460B
:10A6F00000F02CFD00280BD10E21D4E9010205F059
:10A700004DF8284600F022FD002801D1606828633A
:10A7100070BD78B12B6B53B1A26888B11021184677
:10A7200005F03CF8284600F011FD0028F0D1002E7D
:10A73000E2D0D2E7286B0028F9D0A2680F21EFE71A
:10A740000F21ECE7380201242DE9F0470D46897B03
:10A750000446407901294FF000082AD0010708D5A6
:10A7600020F0080121F001016171C4F8488084F8EB
:10A770000880A87B277A20726868E060D4F854903B
:10A780005FEA09007ED005F08BFBBF4E00287060A9
:10A7900078D0A87B08B1A5F80C80484605F080FB6E
:10A7A000002870606ED0A97B012905D000296AD0ED
:10A7B0000FE1000766D4DCE717B1012F36D008E1BE
:10A7C0000AF032FFA06469680A2906D0142917D05C
:10A7D000132918D01B291AD024E0706809F04DF80D
:10A7E00020B97068102108F0A1FE08B1012700E02F
:10A7F0000027484605F04EFB8743D9D101216BE085
:10A80000A889401E01E0A889401CA881E1E01B2125
:10A81000484605F0AFFB201D00F098FC002831D120
:10A82000202159E0484605F0A5FB59E06079C007B2
:10A830003FD1A06C0AF0F1FE2168898B88426079D3
:10A8400035D940F0010060710AF0EEFEE0646868FE
:10A850000A281CD1706809F010F820B9706810211E
:10A8600008F064FEC0B1484605F021FB01280ED96E
:10A87000484605F00FFB80F00101484605F08BFBD0
:10A88000202101E08FE031E0706807F0DAFA6079AA
:10A8900040F0010060719CE00521D6E9010204F05E
:10A8A0007DFF201D00F052FC00287CD1EFE7C0079F
:10A8B0001BD0E06C0AF0B1FE2168C98B884214D924
:10A8C0000AF0B2FEE06469680A2904D0142997D01E
:10A8D0001329A7D197E70621D6E9010204F05EFF0C
:10A8E000201D00F033FC00285DD172E0012F70D1F3
:10A8F00069680A2967D108F0C0FF20B97068102183
:10A9000008F014FEA8B3484605F0C4FA00286079A0
:10A910004FEAC07052D020B1484605F0C8FA01286D
:10A9200047D80821D6E9010204F038FF201D00F0C5
:10A930000DFC00286ED10421D6E9010204F02EFF9F
:10A94000201D00F003FC002864D10721D6E9010294
:10A9500004F024FF201D00F0F9FB00285AD10A2141
:10A96000484605F007FB201D00F0F0FB002851D100
:10A9700029E0FFE70821D6E9010204F00FFF201DBE
:10A9800000F0E4FB002845D16079C00704D1042120
:10A99000D6E9010204F002FF201D00F0D7FB0028D9
:10A9A00038D1072100E035E0D6E9010204F0F6FED7
:10A9B000D9E77068202107F044FA04E018B90121B2
:10A9C000484605F0E8FA6179C4F8488021F00101B1
:10A9D0006171C6F80480A88900281BD0484605F09C
:10A9E00059FA0028B5F90C0028D0002814DA4FF0E5
:10A9F00000060AE04FF01401484605F0BBFA201D9E
:10AA000000F0A4FB002805D1761CB5F90C004042EB
:10AA1000B042EFDCBDE8F087FCDD002609E0132141
:10AA2000484605F0A7FA201D00F090FB0028F1D160
:10AA3000761CB5F90C00B042F1DCEBE7002811DA26
:10AA40004FF0000608E0484605F008FA201D00F027
:10AA50007DFB0028DED1761CB5F90C004042B042E7
:10AA6000F1DCD7E7D6DD002608E0484605F098F986
:10AA7000201D00F06BFB0028CCD1761CB5F90C0032
:10AA8000B042F2DCC6E700003802012470B504468B
:10AA9000C06A002870D194F84100C0076CD1656A83
:10AAA0004FF4004603E0284607F080FE0546002DDF
:10AAB00062D03146284608F039FD0028F3D1B4F9B8
:10AAC0001400002801DD014600E041422B4A926853
:10AAD00013689B7E994209DAB4F91610002900DC4C
:10AAE0004942994202DA0021A187E187A18FE38FD1
:10AAF000E68A084400B2A087991909B2E1870028C4
:10AB000001DD034600E043421668F67EB34206DCF0
:10AB1000002901DD0B4600E04B42B3422CDD01234E
:10AB200084F84130002801DD034600E0434200295B
:10AB300001DD0E4600E04E42B34209DD002894F8E4
:10AB4000400020F0F00001DD20300AE0103008E085
:10AB500094F84000002920F0F00001DD803000E092
:10AB6000403084F840000C21284604F017FE2046AF
:10AB7000BDE8704000F0EABA70BD00003802012460
:10AB80002DE9F0470E46897B0446407901294FF0B4
:10AB9000000823D0010708D520F0080121F00101A9
:10ABA0006171C4F8488084F80880D4F854905FEA52
:10ABB00009007CD005F074F9664D0028686076D0F5
:10ABC000802108F0BFFCE16807467068E060B27B56
:10ABD000207A2272B27B012A03D003E0000766D4F8
:10ABE000E3E708B1AFB3B0E00AF01EFDA0647168FE
:10ABF000092903D00B2909D087B1A6E000214846D6
:10AC000005F0C9F9484605F0CBF856E00021484662
:10AC100005F0C1F9484605F021F94EE00A2902D0B5
:10AC20001B290BD016E00A21484605F0A3F9201D88
:10AC300000F08CFA00283AD1012137E01B21484668
:10AC400005F098F9201D00F081FA00287FD120211D
:10AC50002CE003E0484605F08DF92EE0012A01D0F2
:10AC600032B372E0012870D170680A2809D102213C
:10AC7000D5E9010204F092FD201D00F067FA0028DA
:10AC800065D16079C00720D1A06C0AF0C6FC2168AC
:10AC9000898B8842607916D940F001006071706834
:10ACA0000A2852D10AF0C0FC0521E06401E04EE020
:10ACB0001FE0D5E9010204F071FD201D00F046FA05
:10ACC000002844D141E0C0073FD0E06C0AF0A5FC69
:10ACD0002168C98B884238D90AF0A6FCE064716803
:10ACE0000A2904D0092989D00B29B3D18EE706217E
:10ACF000DCE7012829D10A29716020D10821D5E992
:10AD0000010204F04BFD201D00F020FA00281ED1A6
:10AD10006079C00709D10421D5E9010204F03EFDA4
:10AD2000201D00F013FA002811D10721D5E90102F6
:10AD300004F034FD201D00F009FA002807D16179E4
:10AD4000C4F8488021F001016171C5F80480BDE8B4
:10AD5000F08700003802012470B5044600680D46F3
:10AD600009880069A1826988E1820268117CC1F3C7
:10AD70000111022901D003290AD111882A88891AD0
:10AD8000491E298001686A884988891A491E698094
:10AD90000168097CC1F30111012901D0032907D100
:10ADA0002A8869886A8000684088401A401E288086
:10ADB0002068006903F0D4FA2068006903F00CFBF6
:10ADC000206D78B1B4F91020B5F900108A4205D190
:10ADD000B4F91220B5F902309A4203D0B5F9022035
:10ADE00009F07BFC2888208168886081207901280F
:10ADF00004F1040006D000F0FBF82089618920826C
:10AE0000618270BD00F002F8F7E700002DE9F04123
:10AE1000764D0446406A6860617809077ED4A96867
:10AE20004FF0000609680F6930B1E16A39BB4FF491
:10AE3000005108F07BFB10BB384603F0A7FA211D38
:10AE400005F01CFE686070B9384603F0A7FA211DB2
:10AE500005F014FE686030B9384603F0A7FA211DEA
:10AE600005F00CFE6860A06A48B1A6832046E68320
:10AE7000F2F7EDF8204600F069F900284ED1606A3B
:10AE8000696888423CD0A188E288A181E28140B112
:10AE9000AA68032104F082FC204600F057F900283C
:10AEA0003CD168686062A06250B30AF0BDFB606488
:10AEB0000121607820F0010060702683668394F899
:10AEC000400020F0FF0084F8400084F84160A6872D
:10AED000E687A682E682D5E9010204F05FFC2046FF
:10AEE00000F034F900287FD1A868417909077BD4A4
:10AEF000001DFFF7DBFB204600F028F9002873D186
:10AF0000A088A189401A01B2A182E088E289801A52
:10AF100000B2E082B4F91C20114400E064E001EBCF
:10AF2000D1714910A183B4F91E10084400EBD07010
:10AF30004010E083E06920626868002854D0AA6865
:10AF4000022104F02BFC204600F000F900284BD130
:10AF5000A8684079000747D42046F1F7C1FF204692
:10AF600000F0F4F800283FD12046FFF78FFD20467F
:10AF700000F0ECF8002837D1E06A002834D160787E
:10AF8000C0071DD1606C0AF048FBAA681168898B64
:10AF900088420FD96868052104F000FC204600F0C3
:10AFA000D5F8002820D1607840F0010060700AF0E8
:10AFB0003BFBA064E06A002816D16078C00713D07C
:10AFC000A06C0AF02AFBAA681168C98B88420BD9C9
:10AFD0006868062104F0E2FB204600F0B7F800287C
:10AFE00002D10AF021FBA064BDE8F08138020124FF
:10AFF0002DE9F84304464078434E0025000711D55B
:10B00000606A0321B26804F0C9FB204600F09EF894
:10B01000002877D160786562A56220F00800656439
:10B02000A5646070606A7060D4F82C8000285ED0DF
:10B03000B268082104F0B2FB204600F087F800282F
:10B0400060D1B8F1000F16D16078C00709D1042192
:10B05000D6E9010204F0A2FB204600F077F80028B0
:10B0600050D10721D6E9010204F098FB204600F0F8
:10B070006DF8002846D16562B8F100006564A564EA
:10B0800040D04FF48079009500274E4605460021B8
:10B090006E2208F0F9F8384407B2284600216D22E4
:10B0A00008F0F2F800B2C11700EB1160001210FBBB
:10B0B00006F006B2284607F079FB0500E7D10FB984
:10B0C0004E4514D04FF480306B4690FBF6F0794239
:10B0D0000DB2294606B204F11C00324609F000FD0B
:10B0E00004F120006B463246294609F0F9FCB8F11C
:10B0F000000F07D02046F1F7AAFF2046BDE8F8432D
:10B1000000F024B8BDE8F8833802012442799107A1
:10B1100018D500218162C16222F0030201638164BB
:10B12000C1648183C18390F8443023F00F0380F819
:10B13000443001844184A0F84010A0F842104271CC
:10B1400001484160704700003802012440788107BF
:10B1500002D5034A00215160C0F34000704700004F
:10B16000380201242DE9F04387B014216846E5F741
:10B17000B9FD2C48016841F002010160016801F04D
:10B1800002010591016841F008010160016801F0C8
:10B1900008010591016841F0100101600068012279
:10B1A000214FD40300F01000214605903846EBF7FC
:10B1B0003BFADFF878804FF440650022294640468C
:10B1C000EBF732FADFF86890661100223146484604
:10B1D000EBF72AFA00200121CDE90110694600941D
:10B1E00003903846EBF712F9694640460095EBF7B5
:10B1F0000DF9694648460096EBF708F9022005214B
:10B200000822CDE90020CDE9030169464046EBF76D
:10B21000FDF88020694600904846EBF7F7F807B044
:10B22000BDE8F083E04402580010025800040258C0
:10B23000000C0258F0B5AFB0B8216846E5F752FDF2
:10B24000002017904FF480510446CDE90010684665
:10B25000ECF7A4FB002862D13948016841F4805121
:10B260000160006800F480502E903548183801685D
:10B2700041F001010160006800F001002E903048AB
:10B280005838016841F480510160BFF34F8F016865
:10B2900021F4805101602B488821E5F723FD2948DE
:10B2A00078218830E5F71EFD264F262126484022CA
:10B2B0008837031587E80700C7E903437C6103204B
:10B2C000BC61FC613C62C7E90940FC6238463C63F2
:10B2D000E9F7F6FE18BB1B484FF480031B4A072111
:10B2E0001E015D1102601204C0E90314C0E90546A5
:10B2F000C0E907244462C0E90A414463C907846382
:10B30000C463046444648464C464C0E9144187670A
:10B310008465C0E90135B863EDF7E4FD10B10020A4
:10B320002FB0F0BDFCF762FF002208210B20EBF7E5
:10B330004FFA002208212320EBF74AFA0120EFE719
:10B34000F0440258E09C022410000240003001400A
:10B350002DE9F843C56A80210446284608F0E6F83E
:10B360004E4F41F6FF76C8B1284607F04AFB012848
:10B370001DD0022828D0032837D0E78666872846C4
:10B3800007F038FB012847D0022850D003285AD0B4
:10B39000A7862687A08E002872D072E004F13400C0
:10B3A000334639463A46009602F019FDF2E7E88A3C
:10B3B00000233246401C01B22846FEF7E3FCE0863B
:10B3C000E88A401E02B209E0B5F91A10002332469D
:10B3D0002846FEF7D7FCE086B5F91A200023394647
:10B3E0002846FEF7CFFC6087C9E7688B0023E98A0F
:10B3F0003246401A401C00B200EBD07001EB6008EE
:10B4000008F1010001B22846FEF7BCFCE086A8F175
:10B41000010002B20023E2E7B5F91410002332461E
:10B420002846FEF727FCA086B5F9142009E0B5F9F7
:10B430001810002332462846FEF71CFCA086B5F9FA
:10B440001820002315E0298B0023A88A3246091A08
:10B45000491C09B201EBD17100EB610808F1010050
:10B4600001B22846FEF706FCA086A8F1010002B250
:10B47000002339462846FEF7FDFB20878AE7FFE7D1
:10B48000A786208F00B92687E08E00B9E786608FF7
:10B49000002800D16687BDE8F883000001E0FFFFC7
:10B4A0002DE9F0410D46017817460446A9424FF0B8
:10B4B0000108457006D0A07F20B1204684F8208086
:10B4C00000F068F9207CA84201D025746763062D3E
:10B4D0004FF000060ED0E676B5B126772078A84268
:10B4E00019D0616B791A142915D32946204600F02A
:10B4F00062F820E0E07E2677002803D1A16A84F874
:10B500001B80A163BDE8F081207F0028E6D1E763BE
:10B5100084F81C80E2E794F8201061B1A8420AD1B7
:10B52000606B381A142806D3A06A84F82060A064DF
:10B53000E06484F82260002DE4D120780028E1D175
:10B54000207F0028DED0E06B381AC828DAD384F8D0
:10B55000078084F80680267284F82160D2E770B5EF
:10B560000D46044600F036F9002823D0A07E08B12D
:10B57000206B00E0606A281A322801D3022115E00E
:10B58000E07E28B1A06B281A322801D301210DE0FA
:10B59000607F70B1E07910B12078012809D1206C6A
:10B5A00042F21071281A884203D30321204600F08A
:10B5B00053F8012070BD70B501290D46044602D034
:10B5C0000026304603E0E07FD0B100260120A17FB5
:10B5D000E07761B12178204600F0DCF8616CA06A68
:10B5E0002278431A2046022100F073F858B1002057
:10B5F0002570691EA077042907D84FF0010206E0E4
:10B600004FF00106E2E716BB70BD4FF00002A16AE1
:10B610006277216484F8200014D8E27992B16164E1
:10B620004FF00102A1644FF00003E1644FF001010B
:10B63000A2772A4684F82200204600F04AF8002823
:10B64000E1D070BD002EFCD0207A0428F9D120462C
:10B65000BDE8704000F02FB810B5027A8A4204D0DD
:10B66000C268531C01D0521CC2600022C271827198
:10B67000062404704FF6FF73447004290474838019
:10B6800002764276C27602774277827780F820206F
:10B6900080F8222080F82320017202D0C27780F83F
:10B6A000212010BD401A04D0B0F1004F01D201207A
:10B6B00070470020704710B50121826A052480F888
:10B6C000B440002380F8B510C0E92E2380F8211083
:10B6D00010BD2DE9F041044690F823001F461646A0
:10B6E00008280D4601D9E5F783F9032D01D0042D73
:10B6F00015D1002111E001EB410204EB820292F826
:10B700005430AB4207D192F85520B24203D12046C3
:10B7100000F022F803E0491CC9B28842EBD894F843
:10B720002300082812D000EB400004EB800080F8D2
:10B73000545080F85560A16AC0E9161794F82300A8
:10B74000401C84F823000120BDE8F081042120463C
:10B75000FFF782FF0020F7E770B590F823208A42B8
:10B7600001D8E5F745F9521E80F823200CE000BF10
:10B7700001EB4102491C00EB820202F160035432EA
:10B78000C9B238CB82E8380090F823208A42EFD83B
:10B7900070BD000070B500240E46054610E000BFE5
:10B7A00004EB440005EB800191F855005431B042A0
:10B7B00004D10878032808D0042806D0641CE4B219
:10B7C00095F82300A042EBD870BD21462846FFF72C
:10B7D000C3FFF5E770B50C46816A0546A14204D067
:10B7E0002046FFF75FFF002801D00120AC6270BD4A
:10B7F0002DE9F04104468079002840D0E079002806
:10B800003DD0A07F00283AD060782278904236D18F
:10B81000207C904233D194F8200000282FD1A16CD5
:10B82000A06A451AB5F5FA7F29D3E16C814226D08A
:10B8300003212B46E0642046FFF74BFF00281ED073
:10B840002278012A1BD094F8220020B1216DA06A31
:10B85000401A962813D39621A76AA5F5FA70B0FB73
:10B86000F1F6012384F822302B4601FB1600381A2A
:10B8700020652046BDE8F0410421FFF72ABFBDE85E
:10B88000F081884201D3401A00E0081A904201D8A2
:10B8900001207047002070470A49002030B4A1F110
:10B8A0001004074A1C232073087548755060136004
:10B8B00005494870BFF34F8F30BC1220EAF75CBFD8
:10B8C00000200240EC9E0224EC010124032803D056
:10B8D000042801D00020704701207047F0B58FB0D8
:10B8E0001D4604001746149E08D039B137B12DB15A
:10B8F00026B194F86C0020B1012802D001200FB0CD
:10B90000F0BD08A8009001AB384601F11C0200F020
:10B91000B4FC08B10220F2E794F86C0001280BD0C7
:10B920004FF48071284608AB009601AA0BF02EFC5C
:10B930000028E4D00320E2E70021F3E7002804D048
:10B940000021016041608160C1607047B4EE400A2F
:10B95000F1EE10FA0BD110EE100AB0F1FF4F06DA3B
:10B9600010EE100A10F5000F01D2012070470020E0
:10B97000704700002DE9F04F5FEA0009984617462E
:10B980000E462DED068B85B0F0EE408ADFED619A14
:10B99000169DB0EE698A08D03EB137B12DB1B8F12D
:10B9A000000F08D0B8F1010F05D0012005B0BDECA3
:10B9B000068BBDE8F08F69464846F6F7FDFF80B17B
:10B9C000B0EE680AFFF7C2FF48B118EE900A52497C
:10B9D000884204DB18EE900AB0F17E5F03DD05209B
:10B9E000E4E70220E2E70024B0EE699AC4EB041118
:10B9F00006EB840B09EB81009BED000A00F1040AC1
:10BA0000FFF7A4FFD0B107EB8400039090ED000A8C
:10BA1000FFF79CFF90B10398DAED020A90ED000A5F
:10BA2000B4EEE00AF1EE10FA06D3DAED030AB4EE52
:10BA3000E00AF1EE10FA03DD0420B7E70320B5E7D2
:10BA4000DBED000AB8F1010F30EE600ADAED040A0E
:10BA500060EEA80AB0EEC00A80EE20AA11D1F7EE7F
:10BA60000E0A9FED2E1A20EE011A2AEE20AADAED18
:10BA7000050A60EEA80A81EE200AF0F709FEB0EE92
:10BA8000409A8AFE090AB4EEC80AF1EE10FA01DD06
:10BA9000B0EE408A641CE4B2072CA5D3702128467E
:10BAA000E5F720F9DDE91401B0EE480AC5E9160111
:10BAB00000F028FAC5ED1A8A9FED198A85F86C8086
:10BAC0000024C5E9180100BFD5E9180114F02DFBC9
:10BAD00001EE100A06EB840005EB840190ED000AEC
:10BAE00007EB840281ED000A92ED000A641C81EDEF
:10BAF000070AD2ED000A90ED000AE4B2072C70EEBE
:10BB0000C00A81EE080A80EE801A81ED0E1ADBD39E
:10BB100000204BE7000000000AD7233C89C0B84052
:10BB2000002474492DE9F04F060015460C462DED12
:10BB3000028B9DB028A8F0EE408A90E8000E9FEDA1
:10BB4000518A1ED0ECB1E5B15FEA0B0019D01AA9F9
:10BB50003046F6F731FFB0B1B0EE680AFFF7F6FEF7
:10BB600048B118EE900A4849884204DB18EE900A62
:10BB7000B0F17E5F09DD05201DB0BDEC028BBDE894
:10BB8000F08F0120F8E70220F6E7002704EB87009A
:10BB900090ED000AFFF7DAFEE8B305EB870898EDB1
:10BBA000000AFFF7D3FEB0B3C7EB0711D8ED000AC8
:10BBB00006EB810090ED060AF0EEE00A20EE281A6E
:10BBC00080EE810AB4EEC80AF1EE10FA01DDB0EEA3
:10BBD000408A7F1CFFB2072FD8D368216846E5F75B
:10BBE00081F8B0EE480ACDE9169A00F08BF9CDE95C
:10BBF000180114F09AFA00EE100ADFED241A00235F
:10BC00006946B6EE001AC0EE210A00BFC3EB03106E
:10BC100004EB830200E028E092ED000A01EB830CC4
:10BC200005EB83078CED000A97ED000A06EB800018
:10BC30008CED070AD7ED001A92ED000A61EE811A29
:10BC400001EEA00A8CED0E0AD0ED031A001DB4EE31
:10BC5000E10AF1EE10FA06D3D0ED031AB4EEE10AD0
:10BC6000F1EE10FA03DD042086E7032084E75B1C75
:10BC7000DBB2072BCAD368225846E4F7D7FF00206F
:10BC80007AE70000000000000AD7233C0024744932
:10BC90002DE9F047040015461F462DED048B0C9E40
:10BCA00024D01EB3D4E9180108431FD068213046C0
:10BCB000E5F718F8C6E91657D4E918018046894611
:10BCC00014F033FA824600EE10AADFED4A8AB7EE8E
:10BCD000009ADFED490AD4E91620C0EE209A511BE4
:10BCE00070EB070107D3B0EE688A1BE00120BDECC2
:10BCF000048BBDE8F087AA1A67EB0001B2EB0800DD
:10BD000071EB090005D3012086F86000B0EE498A86
:10BD100008E0104614F009FA00EE100A00EE90AAAE
:10BD200080EE208A94F86C0060B1B5EEC08AF1EE26
:10BD300010FA04D918EE100AB0F17E5F05DBB0EE00
:10BD4000680A32E0B0EE498AF9E79FED2C1A68EEF6
:10BD5000080ADFED2B5A68EE011ADFED2A4A20EEC1
:10BD6000880AF3EE0E2A40EEE51A20EEA22AB2EE81
:10BD7000045A60EE080AB2EE0E4A00EE412A40EE86
:10BD8000241A20EE051A20EE880A29EEA93AF1EECF
:10BD9000083A00EEC41A00EEA22AC1EE838A00EE31
:10BDA000231AB0EE418A82EE290A002004EB8001BA
:10BDB00006EB8002D1ED070A91ED001A70EEC10A80
:10BDC00000EE881A82ED001A94F86C3073B120EE00
:10BDD000801A00BF60EEA80A401C82ED071AC0B2AC
:10BDE0000728C2ED0E0AE1D3002080E791ED0E1A7C
:10BDF000F0E70000000000000024744900007042D9
:10BE0000000034430000F0422DE9F04706001546DB
:10BE10001F462DED048B0C9C21D004B3D6E91801EC
:10BE200008431CD068212046E4F75CFFC4E916579C
:10BE3000D6E918018046894614F077F900EE100A19
:10BE4000DFED2F9AD6E91620DFED2C8A80EE299AB5
:10BE5000511B70EB070107D3B0EE688A19E001208F
:10BE6000BDEC048BBDE8F087AA1A67EB0001B2EBCA
:10BE7000080071EB090005D3012084F86000B0EEE2
:10BE8000498A06E0104614F050F900EE100A80EEE0
:10BE9000298A002094F8602006EB800191ED070AC2
:10BEA000C0EE090A52B191ED0E0A04EB800181ED5A
:10BEB000000AC1ED078AC1ED0E8A19E0F0EE401AC2
:10BEC000F6EE002A91ED001A40EEC81AB1EE602A93
:10BED00060EEA20A00EE081A04EB800120EE880A48
:10BEE00000EE481A81ED001AC1ED071A81ED0E2A05
:10BEF000401CC0B20728CDD30020B1E700000000ED
:10BF000000247449B7EEC00A9FED111B10B520EE56
:10BF1000010BF0F7FDFA9FED101BB4EEC10BF1EE33
:10BF200010FA03D200214FF47A6010BD9FED0C1B74
:10BF3000B4EEC10BF1EE10FA03DD4FF0FF30014615
:10BF400010BDBDE8104051EC100B14F069B90000B1
:10BF50000000000080842E41000000000040AF403F
:10BF6000000000000000F0432DE9F04F99464FF02B
:10BF70000107DFED380ADDE90EE3DDE90B54DDF8FA
:10BF800024C0DDF834B088B181B17AB1B9F1000FC5
:10BF90000CD05BB1BCF17F0F4FF0000A08D083F8E2
:10BFA0000CA0062083F80DA0BDE8F08F0120FBE770
:10BFB0005FF0000600EB860C02EB86089CED070A9A
:10BFC00098ED001A09EB860C30EE410A9CED001A40
:10BFD000B0EEC00AB4EEE00AF1EE10FAB0EEC11A0B
:10BFE00001DDF0EE400AC6EB061C01EB8C0CDCED2B
:10BFF0000D1AF4EEC01AF1EE10FA06D39CED0E0AFB
:10C00000B4EEC10AF1EE10FA00D20027761CF6B2A7
:10C01000072ECFD3C3ED020A9FB1187B0122A8B12E
:10C02000D3E900012E1A74EB010608D3281A64EB39
:10C030000104B0EB0B0074EB0E0400D35A73002024
:10C04000B2E783F80CA083F80DA0F8E71A73C3E9F0
:10C050000054F4E7000000002DE9F05F04001546ED
:10C060000E462DED028BDDF830B011D086B17DB1DA
:10C0700094F8990060B1206800F074F850B196F817
:10C080002C017F2808D00320BDEC028BBDE8F09F77
:10C090000120F9E70220F7E79FED318A00274FF0F2
:10C0A000040900BFC7EB0712216805EB870A09EBFB
:10C0B00082009AED000A01EB000800F06DF888B1EB
:10C0C0009AED000AD8ED020A20EE080AF4EEC00A42
:10C0D000F1EE10FA06DCD8ED030AF4EEC00AF1EE38
:10C0E00010FA01D20420CFE77F1CFFB2072FD9D36B
:10C0F000002349462068C3EB031703EB830201EBDF
:10C100008707384406EBC207D0ED0B0A90F90620EA
:10C1100004EB830097ED001A00EE102A05EB830272
:10C120005B1CF8EEC01A92ED000ADBB2072B21EE81
:10C13000811A20EE080AC1EE201A30EE610A80ED65
:10C140001E0AD7D30D9B012084F898005A46314629
:10C150002046BDEC028BBDE8F05F00F02DB9000079
:10C1600035FA8E3C3EB504466946F6F74BFC00288E
:10C170000BD000215FF04300C1EB011204EB8202FF
:10C18000D26B30EA020201D000203EBD491CC9B288
:10C190000729F1D301203EBDB4EE400AF1EE10FABA
:10C1A0000BD110EE100AB0F1FF4F06DA10EE100AB4
:10C1B00010F5000F01D201207047002070470000E9
:10C1C00010B5C8B1C1B190F89920AAB190F89820E3
:10C1D000A2B19FED0B0A0022531C00EB8204D4EDA8
:10C1E0001E0A01EB8204DAB260EE800A072AC4ED6F
:10C1F000000AF1D3002010BD012010BD052010BDA4
:10C20000E12E65422DE9F04104000F460BD057B1F5
:10C2100094F8990038B1002504F10808D4F8946026
:10C22000F0070ED102E00120BDE8F0817022414606
:10C230003846E4F7FBFCD4F89400864201D1C007ED
:10C24000F2D06D1CEDB2032DE8D30620ECE770B5FB
:10C2500004000D460DD065B1A021E4F743FD012097
:10C26000256084F899002846FFF77CFF18B100206C
:10C2700070BD012070BD022070BD2DE9FF4F06008A
:10C2800091460F462DED028B8FB03DD0E7B3B9F14B
:10C29000000F7CD01498B8B31E98A8B396F89900F4
:10C2A00090B396F8980080B300244FF0040A3168E8
:10C2B000C4EB041207EB84080AEB82000D1895F911
:10C2C000060000EE100AB8EEC08A98ED000AFFF7EB
:10C2D00063FFF0B309EB840B9BED000AFFF75CFFF3
:10C2E000B8B398ED000AD5ED020AB4EEE00AF1EE1B
:10C2F00010FA45D3D5ED030AB4EEE00AF1EE10FAD8
:10C300003EDC95ED0B1A01E041E042E006EB8402D1
:10C31000684621EE081AD2ED1E0A00EB840007A938
:10C3200030EE600A01EB840120EE011A80ED001A64
:10C3300095ED0B0ADBED000A20EE080A20EE200A3C
:10C3400081ED000AD5ED080AF1EE601AB4EEE11AAB
:10C3500000E015E0F1EE10FA12D3B4EEE01AF1EEBF
:10C3600010FA0DDCD5ED090AB1EE601AB4EEC10A7F
:10C37000F1EE10FA04D3B4EEE00AF1EE10FA0ADDA1
:10C3800004200FB0BDEC028B04B0BDE8F08F01209B
:10C39000F7E70520F5E7641CE4B2072C87D314986F
:10C3A0001C226946E4F742FC1E981C2207A9E4F708
:10C3B0003DFC0020E5E70000F0B5040016469DB006
:10C3C0001F460D4671D0002D6FD094F89900E0B350
:10C3D00070216846E4F786FCCDE91667D5F8280198
:10C3E0001890E06E401C199094F898008DF8690040
:10C3F00094F8980050B300206E46DFED2E0A042713
:10C400002168C0EB001300EB800207EB83031944A3
:10C4100005EBC20291ED0B1A91F90630D2ED001A2C
:10C4200000EE103A04EB8003B8EEC00A93ED1E2A2A
:10C4300006EB800361EE802AC2EE811A31EE821A89
:10C4400021EE201A83ED001A01E02EE017E0D2ED74
:10C45000011A91ED0B1A401C21EE800AC0B2072888
:10C46000C0EE011A21EEA00A83ED070A92ED020A3E
:10C4700083ED0E0AC4D395F82C018DF86800D4F82A
:10C4800094006946401CC4F89400702204F108002E
:10C49000E4F7CCFBD4F89400401CC4F8940094F862
:10C4A000980020B100201DB0F0BD0120FBE7052061
:10C4B000F9E70000E12E654203880A88934201D023
:10C4C000981A704740884988401A704703780A785C
:10C4D000934201D0981A704740784978401A7047C3
:10C4E0000348002243684B6000788873CA73704722
:10C4F000240201242DE9F041984616460F46069D78
:10C5000004F052FB041E2CD032B239B208F0E5F828
:10C510002AB220460FFA88F108F0FEF812490022EC
:10C52000204608F029FA01F011FE002201462046BB
:10C5300008F016FA00222046042108F0FDF9172D14
:10C5400001DA002100E002212046002208F0F9F97A
:10C550000421204604F06EFF1221204605F036FC2F
:10C560002046BDE8F081000030AD03082DE9FC4114
:10C57000144688460646D80729D004F1080001254C
:10C580000746002206F11401F0F77AFA58B10020AC
:10C590006A4612218DF800003046019703F0FEF83C
:10C5A0009DF8000098B16089218A0844401EE0810E
:10C5B000B4F90E10B4F90600814200DDE08102B04A
:10C5C0002A4621464046BDE8F04102F047BA002520
:10C5D000EEE72DE9F04188B01D461646074688462D
:10C5E0000846F0F7ACFF02A90446404606F064F89E
:10C5F000224602A8114601F0D6FB022E05D0012EDC
:10C6000029D0002008B0BDE8F081DDE90201002357
:10C610001A46CDE9040104A9404606F0CEFEB968E9
:10C6200004AA6846F0F703FA0028EBD0DDE9000120
:10C6300001230022CDE9060106A9404606F0BDFE11
:10C6400006A902AA0846F0F7F2F90028DAD00698FF
:10C650002860079809E0B96802AA6846F0F7E7F988
:10C660000028CFD000982860019868600120C9E7B1
:10C670002DE9F04F2DED068B0D460446D5B028462A
:10C6800091F80816F6F73AFD074695F88C0694F8E7
:10C69000DC110728019100D300204FF0000B84F833
:10C6A000DCB1594600EB400284F8EDB102EB00101A
:10C6B00005EBC00000F19808A06C11F0D2FB606C93
:10C6C000002111F0CEFBA06C0022FF2108F014F92C
:10C6D000A06C0022022108F020F90026002104EBC2
:10C6E0008609D9F8080011F0BCFBD9F82800002110
:10C6F00011F0B7FB761C072EF0D395F8080688B921
:10C7000095F8C10470B995F8C20458B995F89C061B
:10C7100040B995F8CC0428B995F8920610B195F86F
:10C72000930618B984F8ECB1A4F8DEB1F7B395F824
:10C730008DA6052F01D8002003E0791F8A4501D975
:10C74000781F824684F8ED714FF0000984F8EEA15D
:10C750003AE00096A02195F8083607A82A46F6F791
:10C7600015FE95F88E366FF07F40FD4A9E4202D14D
:10C770004FF0010C01E04FF0000C4FF01E080DF1DE
:10C78000080ECDE9050207AB20468EE808182621E1
:10C79000FC2601EB491349460C22CDE9006811F053
:10C7A0008FFB00220A2104EB890600E011E0B0684B
:10C7B00008F0C2F8B0680022072108F0C2F809F1B9
:10C7C0000109B9F1050F4AD20AEB0906BE42C0D3EE
:10C7D00045E095F8081604F2422704F2E22A4FF0E9
:10C7E0000109072904F2C240329078D00DDC04F22E
:10C7F00082303390F1B3022972D0052904F202602D
:10C8000030906ED0062906D1F4E30829EDD00C292A
:10C8100068D0102967D000264FF0170924274FF45D
:10C82000807ACF4906EB8608CDF80CB06FF07F42D6
:10C83000069104EB4810314600F24220CDE904B2E3
:10C84000CDF800A00C22CDE9019006EB460007EBE5
:10C85000C003204611F034FB761C072EE1D395F877
:10C86000080605280BD0A06C3022102107F035FFF8
:10C87000A02200E00BE0A06CF82107F04DFF20683B
:10C8800006F0BEFF55B0BDEC068BBDE8F08F0198F9
:10C890004E4684F8DC91012834D194F8DD1195F8E6
:10C8A0008E0681422ED095F8C1245ABB95F8C22439
:10C8B00042BB95F89C262ABB95F8CC2412BB95F870
:10C8C0009226FAB195F89326E2B10322491CB1FBF6
:10C8D000F2F302FB1311814206D11C2006E0D5E2DF
:10C8E0003DE32FE25AE090E26FF01B00A4F8E00174
:10C8F000A4F8DE0108F098FEC4F8E401C4F8E801E9
:10C9000084F8EC61032095F88E265E46DFF854B279
:10C910004FF4807AB2FBF0F1DFF844924FF0160842
:10C92000232300FB112284F8DD210C22CDF800A086
:10C930000021CDE9046BCDF8189020460396CDE98F
:10C94000018711F0BDFA6FF07F41CDF81890039682
:10C95000CDE9046195F88E06E0B101281CD082A1D2
:10C9600002911A20BE229A23CDE9002050222046AF
:10C97000012111F0A5FACDF81890BA2333980C22B2
:10C98000CDE9046B03960221CDF800A0CDE901802A
:10C9900020467AE278A1E3E779A1E1E795F88F767E
:10C9A000052F00D3002795F861962846F8F7B3FEC7
:10C9B0000390032084F8DC0195F85006484503D322
:10C9C000A0EB0900C1B200E0FF214FF0FF3205F5F6
:10C9D0009A603090A4F8F0215FF0000684F8EF111F
:10C9E000502106EB860004EB001A0AF14C0000907F
:10C9F000E4F778F9039909EB0600884215D2C1B231
:10CA00002846F8F796FE604A01460690009852F8CC
:10CA1000213028215DA2E3F735FE069B2821309ABC
:10CA20000AF17400F6F77CFE0CE00BD1009858A2D6
:10CA30004FF02801E3F726FE28210AF1740058A2DE
:10CA4000E3F720FE761C052ECAD304AA554E6FF0DC
:10CA50007F415846CDF80CB0012F82E843007DD0CD
:10CA6000494850F8270000BF18214FF0E00ACDF8E0
:10CA700000A03B23CDE901101C222046002111F02B
:10CA80001FFA3B224FF00209CDE9002ACDF80890A9
:10CA90001C23444904F21272A068F7F726F8309A72
:10CAA000A02107A83B46F6F73BFE07A94FF0DC0B99
:10CAB0000020CDF800B026230390CDE9013104A970
:10CAC000394E6FF07F42602381E845001E222046E8
:10CAD000012111F0F5F96022CDF80890CDE9002B85
:10CAE000E0681E2304F2B2723146F6F7FEFF95F8B5
:10CAF000DC0404287DD003287BD0002032A98146A5
:10CB000008F13C0688464422314643A8E4F78EF8F3
:10CB1000B9F1000F0FD096ED050A8DED440A96EDA0
:10CB2000060A8DED450A96ED070A8DED460A96ED4B
:10CB3000080A8DED470A4422404643A9E4F776F8F7
:10CB4000B7EE00AA05F580664FF07E583FB1012F81
:10CB500071D0022F6DD0032F6CD027E058E05BE03E
:10CB600030AD0308AAAAAA00E69CACE59CB0E68E0C
:10CB7000A7E588B600000000E794B5E69CBA00007F
:10CB8000E8AF8AE696AD0000A4090308257300000B
:10CB9000E9A284E8A788E5B9B6E689A7E8A18C00F0
:10CBA0003E0000005C6A04083C780408D5F80405DF
:10CBB000DDED410A9DED421A00EE100AF8EE608AA2
:10CBC000B8EE418AB8EE409A19EE100AEFF776FCFB
:10CBD00068B318EE900AEFF771FC40B318EE100A34
:10CBE000EFF76CFC18B3B4EEE88AF1EE10FA53DDFF
:10CBF00000E00FE039EE680A78EE680AC0EE209A8D
:10CC0000F5EEC09AF1EE10FA35D2DFEDFB9A38E07E
:10CC1000FAA029E7012071E79DED350AF8F7C0FE7B
:10CC2000B0EE408A96ED3C0AF1EE488A10E033E01F
:10CC300001E012E018E09DED360AF8F7B1FEB0EE23
:10CC4000408A18EE100A96ED3D0A40456AFE088AB1
:10CC5000F8F7A6FEB0EE409AB6E796ED3E9ADDED07
:10CC60003B8A9DED3C8AAFE796ED3F9ADDED3D8A2C
:10CC70009DED3E8AA8E719EE900A404501DDF0EEF1
:10CC80004A9ADFEDE20A9FEDE20A09EEA00ABDEE44
:10CC9000C00A10EE100A14E019EE100AEFF70EFCAD
:10CCA00088B118EE900AEFF709FC60B1B4EE688A1B
:10CCB000F1EE10FA07D1B4EE689AF1EE10FA02D153
:10CCC0008C20A4F8F001D3480026D3496FF07F49A7
:10CCD00003964FF0140B04969E23CDE9059051F86E
:10CCE00027200221CDF800A0D0462046CDE901B290
:10CCF0001C2211F0E5F89E21CDE9001802270297C9
:10CD0000C4491C23206904F65202F6F7EEFEC1481E
:10CD10000FF2083C0396B82304961C22CDE9059037
:10CD20008DE800190321204611F0CAF8B8210297B6
:10CD3000CDE90018B7491C23606904F6F202F6F742
:10CD4000D4FE8CE595F8482629462046F6F70CFED9
:10CD5000A06C2622102107F0C0FCA06CAA22F821AA
:10CD600007F0DAFCDFF8C4A200266FF07F485F46C8
:10CD700006EB860C0397162204EB4C1101F24221BC
:10CD8000E82300930DF1100BCDE9012106EB4601DC
:10CD900001EBC6012C2000EB410331468BE88005F6
:10CDA0001822204611F08CF8761C062EE0D3CDE92F
:10CDB0000379CDE9058A309E1823E8208DE84900E3
:10CDC000B32320461822062111F07AF895F896062A
:10CDD0000028B6D0D5F88076002FB2D04FF4487630
:10CDE000B74200D93746606CCC22182107F075FC99
:10CDF000E8204743B7FBF6F001B2606C07F0D0FDC6
:10CE0000606C012111F02DF829E595F84926294695
:10CE10002046F6F7A9FD86A2039286A2DFF80C82CF
:10CE2000E027CDF810B01E210097CDE901126FF078
:10CE30007F46204642231C220021CDE9056811F0DF
:10CE40003FF895F86E06F8F7B3FD2C22CDF80CB03C
:10CE500000975946CDE9012004A86F231C2280E8E1
:10CE600042010121204611F02BF876A24FF0190C57
:10CE700075A3CDF810902046CDE90232AE231C22D6
:10CE8000CDE9007C0221CDE90568FDE10B222946B0
:10CE90002046F6F769FD6FF07F415E46DFF88C8132
:10CEA0003923CDF80CB04FF0E40BCDE90461182123
:10CEB000CDF800B0CDF818801A22CDE90117002175
:10CEC000204610F0FDFF6FF07F41CDF800B017272E
:10CED000CDF8188003965723CDE904611A22204625
:10CEE0000121CDE9017A10F0EBFF6FF07F41CDF821
:10CEF0001880039674231A222046CDE9046104F2B7
:10CF00002241CDF800B0CDE90171022110F0D8FF27
:10CF1000329B1A22039603210496CDF800B04C48A8
:10CF2000CDE90173CDE905089123204610F0C8FF33
:10CF30002846F8F710FC08B146A000E04AA0CDF85A
:10CF400000B018236FF07F41CDE90130CDE905181D
:10CF5000AF2320461A220421CDE9036994E1172367
:10CF6000DFF8C8A00DF1100C58464FF48076CDE9DB
:10CF7000027BCDE900636FF07F498CE80106232333
:10CF800020460C22002110F09BFF98F8020010B1FF
:10CF900098F80100D8B198ED060AF8F701FD36A01F
:10CFA000009098F80120A02107A81346F7F77CFB12
:10CFB00007AB32492427CDF80CB0CDF810B000965D
:10CFC000CDE9017340230C22CDE9059171E098ED84
:10CFD000060AF8F7E5FC10EE100A6FEAD05010F0E0
:10CFE000FF0F53D0B7EEC00AD8F8100002908DEDB5
:10CFF000000B45E082E0000000000000E8BE93E581
:10D0000087BAE8BDB4E9809FE5BAA60000004A43AC
:10D0100000001C42E0560408780A0308E4BB85E4DB
:10D02000BFAEE694B9E88D89E7A8BF0030AD03082C
:10D03000EF81B100E6938DE4BD9CE69CAAE68F905B
:10D04000E4BAA400EF819300E8BF94E59B9E000042
:10D05000AAAAAA00E8BF9BE585A5E68EA7E588B643
:10D06000E6A380E69FA50000E5B7B2E8AFBBE8BF46
:10D0700094E59B9E00000000C2B00000A44D04088F
:10D08000A02183A207A8E3F7FDFA04E0A02186A26D
:10D0900007A8E3F7F7FA07ABCDF80CB02227009604
:10D0A00004A9884ACDE90173584681E80504402364
:10D0B0000C222046012110F003FF0227B04617265C
:10D0C000CDF80CB007EB870CCDF818A0CDE904B96A
:10D0D00004EB4C10CDF8008000F2422007EB470132
:10D0E0000C22CDE901603B2000EBC103394620460C
:10D0F00010F0E6FE7F1C062FE2D322E62846F7F763
:10D1000049FE411E062900D90021002801EB4102F9
:10D1100002EB011005EBC00606F198060CD0B078C2
:10D1200050B196ED060AF8F73BFC10EE100AEFF747
:10D13000C5F908B1012000E000204FF000086FF0B1
:10D140007F4261494FF4807BCDF80C802F902323E0
:10D15000CDE904821522CDF800B006914146CDE913
:10D1600001270C22204610F0ABFE6FF07F4256499B
:10D17000CDF800B0172706913A23CDE90482CDF807
:10D180000C800C2201212046CDE9017A10F098FE96
:10D190004D495223DFF82CA10C22069120463399E9
:10D1A000CDF80C80CDE9048ACDF800B0CDE901714D
:10D1B000022110F085FE96ED060AF8F7F1FBAFF2BA
:10D1C00048102F9BA021009007A81A46F7F76CFA89
:10D1D0006FF07F423D4907AFCDF80C8022200691C9
:10D1E000CDE90482CDF800B06A23CDE901070C2215
:10D1F0002046032110F064FE2F9860B13069009042
:10D20000707808B132A300E037A3A0213CA207A8A0
:10D21000E3F738FA04E0A0213CA207A8E3F732FACA
:10D220003A46DFF8A4800026CDF800B01521CDF8ED
:10D23000188003968C23CDE901120C225F4606214B
:10D240002046CDE9046A10F03BFE6FF07F42CDE945
:10D250000528CDE9036932991A200097A3230C22EF
:10D26000CDE901010421204610F02AFE309B152251
:10D27000CDF818800521009720460396CDE90123BB
:10D28000BE230C22CDE9046A10F01AFE59E5000015
:10D29000E4B88AE6ACA120252E3166C2B0202F204A
:10D2A000256C756D73000000E4BD8DE7BDAE202DCB
:10D2B0002D202F20E58F8DE9A688E697A0E695889A
:10D2C00000000000AAAAAA0030AD0308A44D04087B
:10D2D000E8BE93E587BAE8BDB4E5BD93E5898DE482
:10D2E000BD8DE7BDAE000000E4B88AE6ACA1E8BEA3
:10D2F00093E587BAE8BDB4E4BD8DE7BDAE0000009C
:10D300002573202F20256C756D730000E8BE93E512
:10D3100087BAE8BDB4E4BD8DE7BDAEE69CAAE79F41
:10D32000A500000070B5044605F040F9002506464A
:10D3300006E0A068006850F82500FFF7F3FF6D1CB9
:10D34000B542F6D3608CC1071AD020F0010060848A
:10D35000204606F039FD204606F053FC86B1002138
:10D36000204605F000FF58B10C494968884207D8AB
:10D370000B49096801EBC00050E9022120469047A3
:10D38000608C810708D520F0020060842046BDE84B
:10D390007040002106F079BB70BD00004C020124F2
:10D3A000D80201242DE9F041C0B000F0A2FB5E4993
:10D3B0004A7D12B111F032FEB3E000240C758846AC
:10D3C00059495A4810390C731421047044703BA811
:10D3D000E3F788FCB8210AA8E3F784FC24213894F9
:10D3E00001A839943A94E3F77DFC5148016841F073
:10D3F0000101016000683BAA032100F001000090D8
:10D40000202082E813004B483BA9E8F7FFFF0220E9
:10D4100000224FF400210A911023CDE90B20CDE921
:10D420000D30C0250F9010900AA8CDE91154139427
:10D430003294EAF7B3FA28B1D8F80010491CC8F8BA
:10D4400000106EE03A480838016841F020010160A0
:10D45000006800F02000009035486038016841F015
:10D4600020010160BFF34F8F016821F020010160AE
:10D470002D4870218038E3F735FC2B4804212E4DD0
:10D480000823803840F2FF7C4FF4E012012605604B
:10D490000727C0E90441C0E9012304760623447646
:10D4A000C66180F820408462C4620463C46304647B
:10D4B00080F8444001A8214A3894CDE9051480E859
:10D4C0008C1019488DF825408038E6F703FF08BB1B
:10D4D000154838A98038E6F719FAD8B9124801A9D1
:10D4E0008038E6F7A7FAA8B9F6F7F4FD90B11C204A
:10D4F00028601220E9F740F9002208211220E9F7FC
:10D5000067F9012088F8146011F088FD012040B00F
:10D51000BDE8F081D8F80010491CC8F80010FEF7EB
:10D52000BBF90020F3E70000EC9E0224EC0101248B
:10D53000E044025800000258002002400000B84FAA
:10D540001D482DE9F0411B4D0068A84204D0BDE8FC
:10D55000F0411220E9F710B9174C2F688034207D74
:10D5600088B1607D78B1F80613D4E9F763F8134EFB
:10D570007168401A322810D3A068401CA060BDE832
:10D58000F041FEF789B920691C21401C2061296007
:10D59000DDE7E068401CE060F1E768683840C0F310
:10D5A000800070700448E6F74DFD00207070BDE803
:10D5B000F0810000002002406C9E0224EC01012456
:10D5C00070B50C00054619D000F093FA0C4E0146D8
:10D5D000D6E91D30326FF66FC4E90023084AC4E96A
:10D5E00002068032127D12B1281A322801DB002097
:10D5F0002073BDE87040084611F010BD70BD0000FA
:10D600006C9E022470B5054600F073FA174C06466E
:10D61000207D28B31648617D39B14068281A322828
:10D620001ED3A068401CA06014E0017819B14168C5
:10D63000691A052914D34560012101701220617512
:10D64000E9F79AF809488038E6F79AFF40B1606830
:10D65000401C6060FEF720F904488038E7F754F872
:10D660003046BDE8704011F0D9BC0000EC9E0224A9
:10D67000EC0101242DE9F843984615460C468146F5
:10D6800000F04BFA0746194800260078022821D1FD
:10D6900017480078F0B12A462146484600F007FABC
:10D6A000C0B1B4F1105F15D31248844212D205F113
:10D6B0001F01001B21F01F02214682420AD80B489D
:10D6C0002B460A4649465038CDF8008000F058F9FC
:10D6D000064604E005485038416A491C4162384614
:10D6E00011F0A4FC3046BDE8F8830000309E02240F
:10D6F000D4010124008000242DE9F041194C207848
:10D7000018B3194A0126194D10686B6C1169070787
:10D71000526A6361667101D54B0707D4430701D58F
:10D72000890703D4C00715D0100613D50F4810225F
:10D730005030C16A491CC0E90B12E8F77BFF696CE5
:10D7400002460A4800F070F908E0BDE8F0410B20FD
:10D75000E9F712B805487838E7F73EF9002060711C
:10D76000BDE8F081D401012400000240E09D0224C4
:10D7700070B504001DD000F0D0F90E493C220546DA
:10D780002046E3F753FA0B492422201D3439E3F7EE
:10D790004DFA08485038017E6170416C6163007E2B
:10D7A00000B1012084F838002846BDE8704011F02F
:10D7B0003DBC70BD309E02242DE9FF47214A8946B9
:10D7C000804601AB07CA83E8070000F0A6F90546CA
:10D7D0001D48007E18B1284611F028FC1CE01B4CA7
:10D7E000207820B1002010F039FE0028F3D0002569
:10D7F0002570FDF7B7FC002010F0F2FAFDF71AFDD6
:10D80000114E503618B16078012748B110E0B06A67
:10D810000321401CB0623170002004B0BDE8F087E5
:10D820000B4B0022084801A9009500F00CF9677025
:10D830000320C4E9028927702571357011F0F6FBC9
:10D840000120EAE73C090308E09D0224D4010124F9
:10D8500021EE020870B5064600F05FF905460F4854
:10D860000078A8B10E4C2078012802D1304610F083
:10D8700049FA0B483146503800F0FCF80848503857
:10D88000007E022804D103202070002010F0A8FAA6
:10D890002846BDE8704011F0C9BB0000D401012446
:10D8A000309E022470B51A4C2078B0B119491A4D37
:10D8B000486910F4587F15D005F1500100F45872F2
:10D8C000C86A401CC1E90B02E8F7B4FE696C024665
:10D8D0002846BDE8704000F0A7B8BDE8704023209E
:10D8E000E8F74ABF6A6C62612A7E012A05D109699C
:10D8F0000140080701D5012000E000202071074801
:10D9000001216171EBF7E0F900202071607170BDB9
:10D91000D401012400300140E09D0224E09C022457
:10D920002DE9F041074600F0F8F8124C0546207842
:10D9300030B1114E307818B9A6F15000007E28B1F0
:10D94000284611F073FB0020BDE8F0810B4800224F
:10D950004FF40061E8F768FE002010F041FA002063
:10D96000A070E070012127612846317011F05EFB44
:10D970000120E9E7D4010124309E0224000402586A
:10D980002DE9F84304001D4616468846089F02D03C
:10D99000207EA8B902E00020BDE8F883206878B1B5
:10D9A000606868B1A06858B11A463146404600F038
:10D9B0007EF828B1606C0121401C606404D004E052
:10D9C000606A401C6062E6E761640023A764626CE1
:10D9D000E0692664E564401C63762B462176414667
:10D9E000E06100923246D4F800C0E068E04720B918
:10D9F00003213A4620460FF0ACFA0120CCE700287C
:10DA000008D0037E012B02D1436C8B4203D0416BC3
:10DA1000491C41637047816C511A322901D302219C
:10DA200000E000210FF095BA002808D0037E012BFA
:10DA300002D1436C8B4203D0416B491C4163704758
:10DA400003210FF086BA2DE9F04104001E46174667
:10DA50000D46DDF818800BD05021E3F743F91DB1D6
:10DA600095E8070084E80700C4F81480C4E9037649
:10DA7000BDE8F081002819D0027E022A09D0012ACF
:10DA800014D1826C8A1A322A10D30A4602210FF06E
:10DA900060BA427E42B9826C8A1A322A04D3826A00
:10DAA00002234376521C826211F05EBA704710B5B1
:10DAB000E8B1E1B1C9061AD1CAB1B2F5525F16D8C0
:10DAC000048881888C4212D84388C08883420ED84B
:10DAD000B1F58C7F0BD2F02809D2091BC01A401C6B
:10DAE000491C41434800824201D1012010BD002061
:10DAF00010BD4FF0E02010B5D0F8000110F4802FD9
:10DB000001D0012400E000241220E8F742FEBFF318
:10DB10004F8FBFF36F8F204610BD0B2010B5EEF76F
:10DB2000D4FC04462320EEF7D0FC44EA40040B204A
:10DB3000E8F72FFE2320E8F72CFEBFF34F8FBFF34B
:10DB40006F8F204610BD00002DE9F0410026884669
:10DB500007461448EFF715FC04461DE0114821461E
:10DB6000EFF721FC05462068B84200D09FB96168F4
:10DB7000414502D0B8F1000F0DD10A482146EFF718
:10DB80009BFC216909B120468847204603F098FD97
:10DB9000F4F728FE01262C46002CDFD13046BDE8E4
:10DBA000F081000044B9022470B50C4605460948CE
:10DBB000EFF7E7FB0BE00168A94204D14168A142FD
:10DBC00007D0002C05D001460248EFF7ECFB0028F7
:10DBD000F1D170BD44B9022470B54421044603F06C
:10DBE00039FE09484FF4FA75E061002194F842309B
:10DBF000642221620120C4E90A25A4F8400043F010
:10DC0000010184F8421070BD41DC010838B50446BA
:10DC100000234FF480650095D4E90B20194603F0EA
:10DC20009FFC002140F2B6334FF46172009500F082
:10DC3000E2F8226AA16A891A414302EBA12038BDA9
:10DC400038B5044600234FF480600090D4E90B20DF
:10DC5000194603F085FC226AA16A891A414302EB46
:10DC6000A12038BD8B1A002B00DC531A4FF47A71B7
:10DC70004B43B3FBF0F0002800D1012070470000B7
:10DC800070B54168054611B12868FFF75DFF1B4874
:10DC9000EFF709FC1A4E10B107F0C6FC7060174888
:10DCA000EFF794FB040024D04422294603F048FDFA
:10DCB0002868A84200D12460717894F8420061F38A
:10DCC000820084F84200C1070FD0616939B1204653
:10DCD0008847226AA16A024422620844A0626268FC
:10DCE0001AB1206808B1216A9047F4F77BFD2046FD
:10DCF00070BDF6F733FE002070BD000044B9022469
:10DD0000C00201240A8802804A8842808A88828070
:10DD1000C988C18070470A8802804A8842808A8800
:10DD20008280C988C18070470A8802804A88428000
:10DD30008A888280C988C18070470A8802804A88A0
:10DD400042808A888280C988C18070470A880280A0
:10DD50004A8842808A888280C988C18070470A8840
:10DD600002804A8842808A888280C988C180704740
:10DD700010B5B0F90410B0F90020B0F90630B0F9D0
:10DD80000240881A401C191B491C484310BD818859
:10DD90000088081A401C00B2704781880088081A61
:10DDA000401C00B2704770B50388848846885B1AAF
:10DDB000C5880C440380B11A84802A444180C28003
:10DDC00070BD70B50388848846880B44C5880C44B0
:10DDD0000380B11884802A444180C28070BD10B590
:10DDE000029C018042808380C48010BD4288491E0D
:10DDF0001144C1807047F0B5C0F5806400FB00F6A7
:10DE000004FB04F5B70ADDF814C0AD0A05FB04F6FF
:10DE10007C43454347435543B00A5C434843BA0AF1
:10DE200005EB4503810A180D02FB0CF204EB4403D9
:10DE3000014401EB135000EB9220F0BDF0B54FF41C
:10DE4000FA660446C1F341304FF0640577100128AB
:10DE50000BD121F4C040B04207DCB84201DDC0F56F
:10DE60007A70584390FBF5F001B2C2F341300128BB
:10DE70000BD122F4C040B04207DCB84201DDC0F54E
:10DE80007A70584390FBF5F002B2944201DA2046D2
:10DE900000E01046884201DA0846F0BD944201DAFB
:10DEA0002046F0BD1046F0BDF0B54FF4FA660446CA
:10DEB000C1F341304FF06405771001280BD121F4F4
:10DEC000C040B04207DCB84201DDC0F57A7058436B
:10DED00090FBF5F001B2C2F3413001280BD122F4DE
:10DEE000C040B04207DCB84201DDC0F57A7058434B
:10DEF00090FBF5F002B2944201DA204600E01046B1
:10DF0000884201DA0846F0BD944201DA2046F0BDAD
:10DF10001046F0BD00221146104608B500F055F835
:10DF20000090BDF8000008BD00221146104608B55B
:10DF300000F077F80090BDF8000008BD00221146FF
:10DF4000104608B500F083F80090BDF8000008BD49
:10DF500000221146104608B500F0A5F80090BDF863
:10DF6000000008BD07B58107BDF8043002D0521E7D
:10DF700020F8023BBDF8041001EB014109E001600B
:10DF800041608160C160016141618161C161203096
:10DF9000103A102AF3D802E0521E20F8023B002A61
:10DFA000FAD10EBDF82101EA104108B5C0F34232A2
:10DFB00000F4E053114300F0F80041EAC30141EAE4
:10DFC0004010ADF8000080B208BD38B54C09C50856
:10DFD000BDF80030D208890864F3020398B265F3F3
:10DFE000C70080B262F30C2080B261F34F30ADF80D
:10DFF000000080B238BD38B54C09C508BDF8003006
:10E00000D208890864F3020398B265F3C70080B2AE
:10E0100062F30C2080B261F34F30ADF8000080B2A3
:10E0200038BD38B54C09C508BDF80030D20889089C
:10E0300064F3020398B265F3C70080B262F30C2068
:10E0400080B261F34F30ADF8000080B238BD38B512
:10E050004C09C508BDF80030D208890864F30203F2
:10E0600098B265F3C70080B262F30C2080B261F30E
:10E070004F30ADF8000080B238BD38B54C09C50846
:10E08000BDF80030D208890864F3020398B265F342
:10E09000C70080B262F30C2080B261F34F30ADF85C
:10E0A000000080B238BD38B54C09C508BDF8003055
:10E0B000D208890864F3020398B265F3C70080B2FE
:10E0C00062F30C2080B261F34F30ADF8000080B2F3
:10E0D00038BD38B54C09C508BDF80030D2088908EC
:10E0E00064F3020398B265F3C70080B262F30C20B8
:10E0F00080B261F34F30ADF8000080B238BD00004F
:10E1000038B584B2104B88B22502010241EA1020D2
:10E1100045EA1424A1B280B2121D41EA014140EA4D
:10E12000004019401840D208091A514300EB511021
:10E13000184040EA104080B2010241EA1020ADF8D8
:10E14000000080B238BD00001FF8E007FF22114632
:10E15000104608B5FFF739FF0090BDF8000008BD74
:10E16000FF221146104608B5FFF771FF0090BDF879
:10E17000000008BD2DE9F0411E4617460D46044635
:10E180001C2103F067FBC4E90057C4E90256BDE84F
:10E19000F0810000F8B55021044603F05BFB2069D4
:10E1A0004FF4A0732380F02565804FF0FF32A280EA
:10E1B00020F04000E28000218226218140F008000A
:10E1C0006181582166F3D01020614EF20700ADF84E
:10E1D00000000090BDF80000208702482064C4E9D8
:10E1E0001101F8BD8DF10108F8B505464948EFF772
:10E1F000EDF8040024D0E86B48B9A86C03F0CEF920
:10E2000006001DD02A6C014628469047EE634FF465
:10E21000B471204603F01EFB012025600821C4F8DC
:10E22000540104F5AC70EFF7C9F83B4E14213B489C
:10E230002246F768F46007F00BFA606018B107E057
:10E24000F6F78CFB5EE0F6F789FB6068002856D095
:10E25000286981070AD529886A88EB6811FB02F1D1
:10E26000DA68914202D920F002002861BDF800204E
:10E2700007201F2160F3020292B261F3C70292B23B
:10E2800061F30C2291B260F34F31ADF8001088B207
:10E290000090BDF800000090BDF800006085FF20F0
:10E2A00084F82900002003F021FE2061002003F003
:10E2B0001DFEE061002003F019FE194D00212062CF
:10E2C000E0692A4605F0E9FF206A00212A4605F0A8
:10E2D000E4FFE069022103F079FD206A022103F0E6
:10E2E00075FDE069002106F003FA206A002106F0BE
:10E2F000FFF9206905F084FAF7602FB105E02046A8
:10E3000003F0DEF90020F8BDF460606807F075FAEC
:10E310002046F8BD20B90224A8020124CDCC000873
:10E32000FFFF0F00C26800211161C06841617047A2
:10E330000148C06870470000A802012410B90548D0
:10E34000C06820B100680069C0F3C910704782201E
:10E3500070470000A80201240068C06870470000F0
:10E3600018B90948C068002809D00068017CC1F3C9
:10E370000111012904D0032902D0B0F9000070472F
:10E38000B0F9020070470000A802012410B518B9C6
:10E39000FFF7CEFF002800D0006A10BD10B518B9F5
:10E3A000FFF7C6FF002800D0C06910BD10B518B92E
:10E3B000FFF7BEFF002800D0006910BD10B518B9E6
:10E3C000FFF7B6FF002800D0406910BD10B508B9AE
:10E3D000FFF7AEFF806810BD18B90948C068002873
:10E3E00009D00068017CC1F30111012904D003297F
:10E3F00002D0B0F902007047B0F900007047000089
:10E40000A802012410B518B9FFF792FF002804D024
:10E41000D0F85401002801DD012010BD002010BDFE
:10E4200008B500210B460A46009106F093FD08BD91
:10E430002DE9F0411D0017460E4604461AD0F07A29
:10E4400002281AD9D4F81CC0BCF1000F03D0204612
:10E45000E047012811D02B463A4631462046F9F7CD
:10E4600069FC012809D006A239462046BDE8F041E2
:10E470000FF0FFBC02A23946F8E7BDE8F0810000CA
:10E480004E6F0A646174610038B58469049D002C84
:10E4900001D00095A04738BD38B51821044603F0D7
:10E4A000D9F9002211461046FFF7A5FD0090FF2282
:10E4B000BDF80000511C0090BDF800002081012033
:10E4C000E2726180207538BD704700002DE9FF4F72
:10E4D000B5B0887E1E46924602280C46429F7CD9E3
:10E4E0002068002879D03598006A002875D020224D
:10E4F00023A8E2F79BFB2068002E04906DD03078B3
:10E5000000286AD03598514682682DA8EEF78FFA18
:10E51000002862D0207FB0F1000B01D14FF0010B39
:10E52000607F810707D4BAF80410BAF80000081A0F
:10E53000401C03B20FE0B4F9121041F6FF720091D3
:10E540003146CDE90120B4F9143006A8226807F05D
:10E550003DFBBDF918304FF0000504984FF0FF3235
:10E56000BAF80010B4F912C0B0F90890ADF80C1068
:10E57000BAF802100CEB09000C90ADF80E10B4F9CB
:10E580001800B4F916C00144CDF8B0C0ADF80E10B3
:10E59000FFB1F0B9BAF9020000281ADAD7F808C0BA
:10E5A000ACEB0001002901DCA0EB0C010C984FF44E
:10E5B000806C40420CEB4000814200DD3A603868DC
:10E5C000002806DBBA880546BDF80E108818ADF89D
:10E5D0000E00607F00212F9300E0A5E0CDE9001040
:10E5E000B4F9142070190499EFF7E8F900EB050865
:10E5F00029E0617F00202F9BCDE90001B4F91420B0
:10E6000006EB08000499EFF7D9F94546BDF80E105E
:10E6100000EB05080C98084400B2ADF80E007FB17D
:10E6200010F5806F0CDB3868002809DA3D60BDF911
:10E630000E10BAF90200081A7860BAF90200B86040
:10E64000705D002870D03598BDF90E2002EB0901ED
:10E650008068B0F902008142CBDBBBF1020F584663
:10E66000CDF8C0B002D0032816D029E0607FA8EB17
:10E67000050100907019B4F91430049A07F004FBF6
:10E6800007465046FFF789FBC01BBDF80C1000EB96
:10E69000D07001EB600011E0607FA8EB05010090F5
:10E6A0007019B4F91430049A07F0EEFA0746504690
:10E6B000FFF773FBBDF80C20C01B1044ADF80C0035
:10E6C000D4E9019BD94502D94846D9468346A07F63
:10E6D000800717D011A800F02FFAA089ADF84400E8
:10E6E000049890F90E0000B90120ADF84600A07E14
:10E6F0008DF84C00A17F9DF84D00C90861F3010021
:10E700008DF84D0000200890FFF70EFC3290FFF7C7
:10E710000BFC0F9014A800F045FA208AADF85400C5
:10E72000BDF90C00319069E16CE100BFBDF80C103F
:10E730002C98014470192290A8EB05002B9000271B
:10E74000ADF80C100B97B9E000210791A9F57F42B5
:10E75000FF3A09D0ABF57F41FF3905D0AB4A291804
:10E7600030461268904707900BAB229809AA0AA975
:10E77000EFF70CF9607FC0070AD00A98232802D06F
:10E78000012F13D004E047B1012F0AD0022F0BD084
:10E79000E068022F0F904DD04EE00B9801270890B3
:10E7A0008CE0E068002746E0002787E0202840D181
:10E7B0000B990898081A072801D0A08937E0089A11
:10E7C0006946229810440622521E10F8013B01F8B7
:10E7D000013BF9D100208DF806009DF80100FBF700
:10E7E000F7FE07469DF80000FBF7F2FE07EB00106E
:10E7F00007909DF80300FBF7EBFE07469DF802002B
:10E80000FBF7E6FE07EB00100D909DF80500FBF707
:10E81000DFFE07469DF80400FBF7DAFE07EB001069
:10E82000C2B20D98C1B20798C0B2FFF7FAFB022737
:10E83000329043E032980F900498DDE9092101F00D
:10E84000ABF833904FF6FF70814522D0834520D03E
:10E85000079949451DD359451BD2BDF80C100C9B97
:10E86000ADF83410BDF80E005B1EADF83600339ADB
:10E870001844A38A521E19441144ADF83810ADF85B
:10E880003A000DAA359814A900F078F9E089ADF89E
:10E890003C0003AABDF83C0023A9ADF898000A9BF0
:10E8A000359800F037F93398002807DDA18ABDF8C4
:10E8B0000C00014433980844ADF80C002B990B98D8
:10E8C00081423FF641AFA07F800723D53198ADF854
:10E8D00000002068BDF94610BDF80E20B0F9080010
:10E8E00000EBD07301EBD170591001EB6000BDF863
:10E8F0000C101044ADF80810ADF8020002ABADF8F2
:10E900000A0011A9BDF83C006A46ADF844003598EC
:10E9100000F005F9A07FC0071FD03198ADF80000C6
:10E9200020680499BDF80E200389408991F90D10E3
:10E930001A44101A6A46401ABDF80C10ADF80810B7
:10E9400002ABADF8020011A9ADF80A00BDF83C0019
:10E95000ADF84400359800F0E2F8617F00202F9B6D
:10E96000CDE9000106EB0800B4F91420049907462C
:10E97000EFF724F84546BAF8001000EB0508309888
:10E98000ADF80C10022802D0032816D029E0607FD1
:10E99000A8EB050100903846B4F91430049A07F04A
:10E9A00073F907465046FFF7F8F9C01BBDF80C1085
:10E9B00000EBD07001EB600011E0607FA8EB050177
:10E9C00000903846B4F91430049A07F05DF9074610
:10E9D0005046FFF7E2F9BDF80C10C01B0844ADF833
:10E9E0000C00BDF80E100C98084400B2ADF80E00F3
:10E9F00035998968B1F90610884203DC705D0028FA
:10EA00007FF494AE39B0BDE8F08F00002C030124F0
:10EA100038B52021044602F01DFFFF20A076FFF745
:10EA200083FA0090BDF80000A0814FF6FF700A49FC
:10EA3000C4E90010A060FFF777FA0090BDF800006D
:10EA4000E081052006F03CF80090BDF8000020822F
:10EA50000020E07638BD000080EC0308036C002B3A
:10EA600000D018477047436C002B00D01847704700
:10EA70002DE9F0410546C06B17460E46002824D00C
:10EA8000E86C02F08BFD04001CD0E96C02F0E2FEA1
:10EA9000EEF740FF29683A4621626968E161A9689A
:10EAA000A16121460068007CC0F3801084F8240036
:10EAB00030682060706860602846EB6B98470500FE
:10EAC00005D007E0F5F74AFF0020BDE8F0812046B9
:10EAD00002F0F6FD2846F8E770B50C46054600F052
:10EAE00015FE206A2860E0696860A069A860EEF7FA
:10EAF00011FF006894F82420016962F38611016116
:10EB0000AA6C12B12146284690472046BDE87040C5
:10EB100002F0D6BD30B4046AA44630BC604730B4BD
:10EB20004C88002C06D00C7A022C03D9446AA446E7
:10EB300030BC604730BC704738B50A21044602F04B
:10EB400089FE01216180FF202072BDF800100020A5
:10EB500060F3020189B260F3C70189B260F30C214E
:10EB600089B260F34F31ADF8001088B20090BDF863
:10EB700000000090BDF80000208038BD30B4D3887C
:10EB800054881B1B5B1C1BB2012B09DB9388148868
:10EB90001B1B5B1C1BB2012B02DB036930BC18473B
:10EBA00030BC704738B53821044602F053FEFFF7F9
:10EBB000D7FA0090BDF8000024F8040FFFF7D0FA50
:10EBC0000090BDF800006080FFF7B8F90090FF25C5
:10EBD000BDF80000E08002202572A072FFF7AEF9B8
:10EBE0000090BDF800006083FFF7A8F90090BDF821
:10EBF00000002085E07F04F8015CA57520F03E0050
:10EC000084F826501E30A577024984F832502161DD
:10EC1000E07738BD80EC0308704770B514460D46A8
:10EC20000646F9F7FFFA224629463046BDE870400D
:10EC3000F9F763BB7CB50446087E0D4602280ED961
:10EC4000A26868462968EDF7F2FE002807D0616BDC
:10EC500009B120468847626D2946204690477CBD11
:10EC60002DE9F04FCD6887B00C46074615B1207CE2
:10EC7000002872D0207C012800D100257868818886
:10EC80000088081A401C00B20690BA6804A82168DF
:10EC9000EDF7CDFE002860D0EEF73CFE834600681D
:10ECA000D7F80080C16951BB017C490610D479684E
:10ECB000BDF91020BDF91230B1F90060B1F90210B0
:10ECC000921B5B1A069901FB032208EB420115E037
:10ECD0007A684146BDF91230BDF91060B2F902C040
:10ECE000B2F90080A3EB0C02069BA6EB08065A4380
:10ECF00002EB420306EB4602194411448846D4F85D
:10ED000004A05FEA0A0117D02168BDF91030BDF9EF
:10ED10001260B1F804C0B1F90020B1F90210ACEBF7
:10ED2000020C9A1A0CF1010C0FFA8CF9731A09FBF8
:10ED300003220AEB420A01E04FF0000935B3007CE0
:10ED4000000710D46069FFF713F80146002008E0BF
:10ED50002A5C802A02D9FF2201E035E000222A54F1
:10ED6000401C8842F4DB6069BDF91020BDF9123007
:10ED70008688B0F90010B0F90200761A511A181AF4
:10ED8000761C36B2294406FB001500E000267868A0
:10ED90004188008849420AB2404201B204A8FFF704
:10EDA00010F8DBF80000C069D0B160680028207E50
:10EDB0000DD001A9CDF80090534681E86100069A74
:10EDC00004A9404607F080FA07B0BDE8F08F8DE84F
:10EDD0006100A36804A9069A4046FAF7DBFDF3E751
:10EDE000607E0028F0D160680028207E0BD001A949
:10EDF000CDF80090534681E86100069A04A9404688
:10EE000007F0CEF8E0E78DE86100A36804A9069A50
:10EE10004046FAF7FFFBD7E72DE9F04790461D463D
:10EE20000A9ADDE90809B5F90240B5F804C0B2F95B
:10EE30000230B2F90070B5F9002003FB09F314FBAE
:10EE400008F6ACEB020C00EB43000CF1010C0FFADE
:10EE50008CF301EB460100EB470601EB42074FEA5A
:10EE6000430A0AE052463146384602F069FC641C07
:10EE700024B207EB480706EB4906B5F90600A042A5
:10EE8000F0DABDE8F0872DE9FF4F9DB00D4614463E
:10EE90001D98816817A8FEF759FF2888002618B921
:10EEA0006888B0F5807F01D0012000E00020169036
:10EEB0001C210EA802F0CEFCE97A0DF1180A169872
:10EEC0004FF002088DF850100028287BCDF838A0AC
:10EED00000F00F008DF8510029D12A98042804D0A1
:10EEE0000E2809D0142820D021E0A87AF8B920985B
:10EEF0000EA9CDE90E4012E01D98214682686846B1
:10EF0000EDF795FD00280DD020980F9613941190E1
:10EF10002989ADF840108DF848800E944DE01D9879
:10EF2000FFF788FE21B0BDE8F08FA87A80B31D9866
:10EF300081680888ADF818008988ADF81C10091A96
:10EF40001D98491C0EB21D9980684088ADF81A00C2
:10EF50008968C988ADF81E100B1AA78820885B1C29
:10EF6000E1880FFA83F962883F1A7F1C881A401CD7
:10EF700000B239B2CDE90A10EEF7CCFCFFF7F0F998
:10EF8000074606A8FEF7F4FEB84218D84F4618E028
:10EF9000FFE7A0882188E5886688411A491C209AE5
:10EFA000A81B8DF8488009B2401C00B24900CDE989
:10EFB0000E4201FB0020139411900EA9AFE7B7FB9E
:10EFC000F6F706FB07FB4FEA4B0002F019FB08902F
:10EFD000584602F015FB0C907F1E11908DF848806A
:10EFE00008980F902A981597BDF81A100428BDF9B3
:10EFF0001E00CDF84CA0099001EB0700ADF81E00F3
:10F0000005D1288818B96888B0F5807F01D0022022
:10F0100000E001208DF84800AAE006A919A8FEF733
:10F0200095FE60882188404202B2494209B219A87F
:10F03000FEF7C7FE16982A9A089900280C980ED059
:10F04000CDE90252CDE90410DDE90A10209ACDE99C
:10F0500000010A9B19A91D9800F037FB0BE0CDE9D0
:10F060000310CDE901520A98009019A82099DDE912
:10F070000A23F5F739FAA87A022866D92A89C0F155
:10F08000FF0992B25707C2F3C406BF0EC2F3042CA5
:10F0900016FB00F607EB52321CFB00FC12FB00F2E1
:10F0A00066F30F016CF30F031B9362F31F418E464F
:10F0B000002148E008981FFA8EF64FEA1E4700EB41
:10F0C000410001900088ADF80C00BDF80C201B98A1
:10F0D000C2F3C408530718FB09664FEA936808EBAC
:10F0E0005238C2F3042318FB097206EBC6171FFA45
:10F0F00080FCBDF8080007EBC63613FB09C302EB22
:10F10000C21707EBC237C6F3C45602EBC21CBF0ED0
:10F110000CEBC23266F3C70003EBC31808EBC33332
:10F1200067F30200C2F3C256C3F3C45266F34F3012
:10F13000491C62F30C20ADF8080080B202900198DF
:10F14000BDF8082002805945B4D31D980EA9FFF7D9
:10F1500071FDBDF81E001599401CADF81A00014460
:10F1600008B20999ADF81E00884201DDADF81E1005
:10F17000BDF91A10099881427FF74FAF0C9802F041
:10F180008DFA089802F08AFACCE6000010B50C4619
:10F190005821204602F05EFB0F492C2061610F4987
:10F1A00021610F4921630F4921620F49A1610F4974
:10F1B00061620F49A1620F4961630F49A1630F4961
:10F1C000E1630F4921640F4961640F49A1640F494C
:10F1D0006165E06410BD000019EC01089BF60108B0
:10F1E0001BEC0108E5F3010887EE0108FBF40108B8
:10F1F00099F60108C9F6010819EE0108E9F20108BB
:10F2000011F2010863F20108DFF3010861EC010863
:10F210002DE9F04117460C460646EEF77BFB054606
:10F22000F8070ED0A16A606921F0004102F012FBDC
:10F23000A06A40F00041A1622868016941F04001E4
:10F2400007E0A06A20F00041A1622868016921F06E
:10F250004001016160690834C6E90004B460BDE89A
:10F26000F081FEB5054600680C46164602900098EF
:10F2700020F0E0000090686881880088081A0099F2
:10F28000401C60F3942100916868C1884088081A86
:10F290000099401C60F35F510091A06A002801DAD8
:10F2A000052100E00421009861F304000090206A29
:10F2B0002860E0696860A069A860EEF72BFB006831
:10F2C0006B4694F82420016962F38611016104F110
:10F2D000080231462846FFF7ABF8284600F016FA38
:10F2E000684600F07EFEFEBD70B515460646D007A6
:10F2F0000C4672D1A80742D5A06A00F0004000F584
:10F30000C040A0622046FEF733FDA16A400021F014
:10F310000042824202D960F31E01A162A06A20F07D
:10F32000004002F03BF92146606168B9A06A00F034
:10F33000004000F54060A06220F0004002F02EF98D
:10F3400000282146606146D0084661886668A36A45
:10F350000268826023F00042E660E18123F0004110
:10F360002689A089801B401C00B292FBF0F200EBC2
:10F37000400391FBF3F02082521062822AE008469B
:10F38000096862688160E260FEF7F2FC0146A06AEB
:10F39000490061F31E00A06220F0004002F0FEF878
:10F3A0006061A16A21F0004102F054FAA06A05F000
:10F3B0000105616965F3DF70A06269B104F10800BD
:10F3C000C6E90010B060EEF7A5FA0068016965F3C0
:10F3D00086110161204670BDFFE70020FBE7486908
:10F3E00002F06EB9F0B597B01C46074608680023D6
:10F3F00015460E46224601A900F01FFAF0B3BDF8EB
:10F400000C1000293FD0BDF80A20002A3BD0BDF8DF
:10F410000E002B88184400B2ADF84C00336802444B
:10F420006D88B3F808C05B89ACEB030CBDF81030F5
:10F4300065446D1AEB1A1DB2ADF84E50BB68B3F9B6
:10F4400000C062451FDBB3F9042090421BDCB3F916
:10F4500002002944814216DBB3F90600854212DC22
:10F460000198214600F0DDF900280CD00199097BB4
:10F47000890708D101AB314613AA00E005E00090EE
:10F480003846F9F735FB17B0F0BD202CFBD3A4F5B7
:10F490007840FF38F7D0A4F500500C38F3D06A88D4
:10F4A000BDF810402888BDF80E302244BDF80C107D
:10F4B00012B218448B1801B218B20090BDF80A00BD
:10F4C000084403B214A8FEF78AFC05A8FFF76AFBFC
:10F4D00002208DF817008DF83E0001218DF84A00BA
:10F4E00014AA8DF82E00B089ADF832003846ADF878
:10F4F000341005A93B699847C5E72DE9F0470E464A
:10F50000B1F9021096B01C460029154681467ED0FE
:10F51000307A02287BD9B5F90020B4F90000824284
:10F5200005D1B5F90230B4F90270BB426FD0824206
:10F5300000DA104601EBD171A0EB6100ADF8440098
:10F54000B5F90000B4F90010B6F90220884200DCD9
:10F55000084602EBD27100EB6100ADF84800B5F946
:10F560000210B4F90200B6F90220814200DA08461E
:10F5700002EBD271A0EB6100ADF84600B5F90210C4
:10F58000B4F90200B6F90220814200DD084602EB20
:10F59000D27100EB6100ADF84A0011A9D9F808203A
:10F5A0000846EDF744FA002873D0D9F808A011A94D
:10F5B000C9F80810B5F90200B4F90210884206D162
:10F5C00023462A4631464846F9F7C8FB0BE0B5F911
:10F5D0000000B4F90010884205D123462A4631467E
:10F5E0004846F9F703FC707A010701D440074ED56D
:10F5F00002A8FFF7D7FA308847F6FF71ADF80C0084
:10F60000ADF80810307A8DF80B00727A00E040E017
:10F61000B6F90210520741F300004FEA610700F10A
:10F62000010818D528886A46C01BADF80000688814
:10F63000C01BADF802002888C119A1EB0800ADF885
:10F6400004006888C119A1EB0800ADF8060002A902
:10F650004846FFF793FA707A000718D520886A4663
:10F66000C01BADF800006088C01BADF80200208808
:10F67000C119A1EB0800ADF804006088C119A1EB25
:10F680000800ADF8060002A94846FFF777FAC9F866
:10F6900008A016B0BDE8F087704770B514460D4657
:10F6A0000646F8F7BFFD224629463046F8F725FE04
:10F6B000224629463046F8F70FFF224629463046B3
:10F6C000BDE87040F9F7D8BC70472DE9FF4F87B00F
:10F6D0009B460400DDE91865DDE91687DDE914A91C
:10F6E00001D1F5F73BF9D4F82CC0BCF1000F0AD0DA
:10F6F000CDE90465CDE90287CDE900A9DDE908126D
:10F700005B462046E0470BB0BDE8F08F416B002917
:10F7100000D008477047007A20F0800070474068AA
:10F720007047017A15290BD0142909D0162907D062
:10F73000182905D0172903D0192901D000207047B6
:10F7400000697047017A01291FD002291DD00329C1
:10F750001BD0042919D0052917D0062915D007294F
:10F7600013D0082911D009290FD00A290DD00B294F
:10F770000BD00C2909D00D2907D00E2905D00F294F
:10F7800003D0102901D0002070470069704700693C
:10F79000704700687047C0687047000010B588B0B7
:10F7A000C0B10023009001908DF808100A4CCDE9FB
:10F7B00003329DF8180020F007008DF818006068EB
:10F7C00005906846C4F804D0F9F794FE0599616085
:10F7D00008B010BD0120FBE72C020124027A132A95
:10F7E00006D10069B0F900208A4200DD114601808F
:10F7F00070477047092910B500D120210469FAF734
:10F8000029FC002806D0618A6268890B02EBC000DF
:10F8100001D0002010BD00682168C0F31300084427
:10F8200010BD70B504000D4601D1F5F797F8626878
:10F8300029462046BDE8704010472DE9F0470700F3
:10F840009A4690460C4601D1F5F788F80CB9F5F7C1
:10F8500085F84FF000093D464E46C4F800900FE091
:10F86000D5F800C05346424621462846E04730B10D
:10F87000A07BC00601D425600CE006B92E466D6958
:10F88000002DEDD14EB135685346424621463046F3
:10F89000A84726600120BDE8F087B8F1200F20D3EB
:10F8A000A8F57841FF391CD0A8F500510C3918D0C3
:10F8B000B7F9080000EBD0704008E080801CA08001
:10F8C000C4F8009039892181A4F80A90A4F80C901A
:10F8D000A07B20F00F00401C40F01000A07300201F
:10F8E000D9E74846A4F80690E9E700002DE9F0477B
:10F8F000092A9A460C46814649D00027D9F810506B
:10F900001146FAF7A7FB061E3FD0E9684FF0000842
:10F9100051B151464846FAF79DFB020004D03146EA
:10F920004846FAF751FC8046298A6868002F00EBA8
:10F93000C60001FB08F103684FEA21124FEA135198
:10F9400002D000BF4FEA4101114401F108014FEA22
:10F950001111A180417921810179E18090F906207E
:10F96000628190F90700A0816A8AA07B4FEA522247
:10F9700062F3030020F01000A07304D04FF6FF7074
:10F9800000EA4100E0804FF00100BDE8F0874FF051
:10F9900001074FF02002B1E77FB5040015460E467F
:10F9A00001D1F4F7DBFF2B46324669462046FFF7CC
:10F9B00044FFBDF8040004B070BD70B50446406853
:10F9C000B0B1C268B2B1216890470546606840880E
:10F9D00040B1A06830B1C06808B101F071FEA06804
:10F9E00001F06EFE002020606060A060284670BDBF
:10F9F0000B2070BD092070BD10B504460748EDF717
:10FA0000C0FC08E008680078A04201D1086810BD79
:10FA10000248EDF7C8FC0100F4D110BD38B902244A
:10FA200010B50446E1F749F840B1215C2E2907D012
:10FA30002F2903D05C2901D0401EF6D102A010BDB1
:10FA40002044401C10BD00000000000010F8011F01
:10FA50003A2900D1401C70472DE9F0410E001746AD
:10FA600005461FD03078FFF7C7FF04001DD061683E
:10FA700009B18847D8B1A068D8B13046FFF7E6FF92
:10FA8000A36801463A4620469847A0B1411C12D0CF
:10FA9000C5E900046088E8B1102001F07FFDA8608E
:10FAA00058B10CE00B20BDE8F0810320FBE70120FA
:10FAB000F9E70920F7E70C20F5E7F4F74FFFA8680E
:10FAC000102101F0C7FEAA684FF0FF314800116015
:10FAD000A96848600020E6E77CB51C004FF00005EF
:10FAE00000D02560436853B11B6953B10195456847
:10FAF0006B88002B01AB06D000F012F80BE00B2056
:10FB00007CBD09207CBD0093134600680A462E691F
:10FB100001462846B047002CF4D0019921607CBDF5
:10FB20002DE9FC5F054614468B4699460027D5E92A
:10FB300001C0BCF802A0D0E90021D0E90260B242C5
:10FB4000804648D88E4246D2B01A80B2891BAAEBB2
:10FB500000068E4200D30E46B44208EB000106D8E0
:10FB60002246584601F0ECFDC9F8004069E03246F3
:10FB7000584601F0E5FD4FF000000190544501A802
:10FB8000009008D9D5E90010A31B0BEB060207690A
:10FB9000B847074617E0D5E90010534642460769C3
:10FBA000B8470746A868A11B43680360AA68019884
:10FBB00081420344536000D20846414682B20BEBB7
:10FBC000060001F0BDFD01983044A04200D2044679
:10FBD000C9F8004034E054450AD9CDF800902346D6
:10FBE000DCF810605A4629686046B047074627E0AF
:10FBF000B8F1000F0AD1504601F0D0FCA968C860E6
:10FC000008B9F4F7ABFEA868D0F80C80002101A871
:10FC100053464246CDE90001D5E900100769B847CF
:10FC2000A96807460E60A868019AB118944241601D
:10FC300000D2224641465846C9F8002001F080FD16
:10FC40002FB9A868D9F8001082681144816038463D
:10FC5000BDE8FC9FF8B545680446E5B1AE69E6B17C
:10FC60006B880020C3B3D2B1012A21D0022A11D15E
:10FC7000206813460A4601462846B047002809D1A5
:10FC8000D4E900106A46C3699847002802D1A268E7
:10FC900000999160F8BD0B20F8BD0920F8BDA2685D
:10FCA00091600A46A3681D68A9420CD3596808E010
:10FCB000A3689A680A449A60A1680B689A4202D3C2
:10FCC00049688A42EAD9D4E900100023846901B066
:10FCD000A446BDE8F0406047FFE7206801B0134646
:10FCE0000A4601462846B446BDE8F040604770B574
:10FCF00006000C4636D0084600F0F0F83046EDF726
:10FD000040FB05E00868A0422CD03046EDF74BFBE5
:10FD10000100F7D1204602F003FD40B1A1688968D7
:10FD200029B1C9680968A14201D100F0C2F8A068F0
:10FD300010B9204601F07EFEA06886603046EDF7DF
:10FD400094FB05000AD030462C60EDF71AFBA84260
:10FD500008D13046BDE8704000F0ABB8BDE8704057
:10FD6000F4F7FCBD70BD00000C4810B5EDF72EFB9C
:10FD700004000FD00421EDF721FB217F0020E0607B
:10FD8000206121F00301606141F00C01A061204677
:10FD9000217710BDF4F7E2FD002010BD50B9022418
:10FDA00010B5084A04460849FAF796F86269002A2D
:10FDB00006D0002804D12046BDE81040012110479C
:10FDC00010BD0000A7D3000883D3000870B506005B
:10FDD00043D002F0A5FC04003FD0207FC0073CD1F7
:10FDE0000021204600F0D7F82046EDF7CAFA32E0AD
:10FDF0002868B0422BD1E06888B10068B0420ED0CC
:10FE00002046FAF7B9F90246E0680F210068FFF7CB
:10FE1000C5FC012821D1E068006803F0F1FC002D49
:10FE2000E5601AD0216909B1204688472046FAF7D3
:10FE3000A3F90246E0680E210068FFF7AFFC012835
:10FE40000BD1E0680068BDE8704003F0D9BC2946DA
:10FE50002046EDF7A8FA0500CAD170BD10B5084AD2
:10FE600004460849FAF738F86269002A06D00028E3
:10FE700004D12046BDE810400021104710BD00000D
:10FE8000AFD30008B5D300080148006870470000F0
:10FE900034020124002802D0007FC0F340007047E4
:10FEA000002803D0C068002800D000687047EDF734
:10FEB0006CBA70B50446007F40F00801C0F3C0057D
:10FEC00021774807204602D4FFF76AFF01E0FFF7D9
:10FED000C5FF207F65F3C300207770BD2DE9F04199
:10FEE000064602F01DFC04003DD0E068002740B348
:10FEF0000068B04220D1207FC10702D020F001006D
:10FF000020772046EDF73DFAE16888420FD1204680
:10FF1000EDF750FAE168884209D12046FAF72CF94A
:10FF20000246E0680F210068FFF738FC02E0204637
:10FF3000FFF7BFFFE06820B1E0680068B04200D181
:10FF4000E7602046EDF71DFA11E028682946B04227
:10FF500020460AD1EDF7B0FA284601F0B1FBB068AF
:10FF6000002800D08760BDE8F081EDF71CFA05009D
:10FF7000EBD1F8E713B5FFF793FF040003D080211E
:10FF800003F0E0FA08B101201CBD0D21204601AAB2
:10FF9000FFF704FC1CBD70B504001CD0207FC0F32B
:10FFA00040028A4217D061F3410020772046FFF7D4
:10FFB00077FF05000FD02046FAF7DEF80246E0682A
:10FFC0000E210068FFF7EAFB012804D12846BDE8AE
:10FFD000704003F015BC70BD027F61F3C30202776D
:10FFE00070477047014600200F290AD2DFE801F070
:10FFF00009090909080A080C0E10120C0E1012004B
:020000040802F0
:100000001020704718207047012070470220704769
:100010000420704708207047811E00200D2909D256
:10002000DFE801F0070808070807070707070707C1
:10003000070001207047032801464FF0000001D05F
:10004000062900D10120704770B54C6A0D46002C7E
:1000500012D0287C012802D12046FFF7AEFCE068D0
:1000600008B101F02DFB206908B101F029FB204601
:1000700001F026FB0020686270BD00007FB51446C9
:100080000D46084600F0D5FB20B1012817D0022804
:1000900039D035E02A6802F01F00001F11282FD246
:1000A0002168900A60F3942121602868400D60F374
:1000B0005F512160287860F3040121602FE0284619
:1000C000FFF7AEFC17A1E0F735FEC8B902222946BA
:1000D0006846FFF7C1FC68B90422214603AB6846B5
:1000E000FFF7FAFC05466846FFF767FC45B9039839
:1000F000042805D1207800F01F00001F11280ED31E
:10010000002004B070BD2068012161F39420C0F389
:10011000140000F5001020F01F000B3020600120BB
:10012000EFE7000062696E002DE9FF4F80469246BE
:100130005AA00F4687B05AA203685AA10493002020
:10014000126805921EC98DE81E00B8F808108AB220
:10015000D1B2120A08E000BF149C00EB40031D1945
:10016000401CE15400B26A700A9B9842F4DB98F894
:1001700014004FF0000900F01F00FFF733FF834623
:10018000D8F814000121002501FA0BF1491E2C4674
:1001900000F01F022E4689B206910B2A06D00C2AC7
:1001A00013D00D2A1ED00E2A30D12BE0C0F38A20A6
:1001B000C01D04EBE702C50807F0070315FB0A247E
:1001C0000DF11009C3F1070620E0C0F38A210622D1
:1001D000C91C07F003038D0805A804EBA704A2EBD4
:1001E00043060BE0C0F38A2168460422491C07F04D
:1001F00001034D0804EB6704A2EB8306814615FB5F
:100200000A4403E0C0F38A2515FB0A74D8F8247069
:10021000284601F0F5F95FEA000A14D098F81000BA
:10022000A8B100223846211DFFF714FD00232A46FD
:1002300051463846FFF750FC4FEA0A01CBF108025D
:10024000002053B222E000200BB0BDE8F08FD8F8B8
:10025000040080680119F1E70A7898F8144004F066
:100260001F05069CF24022400E2D01D019F80220F5
:10027000A6EB0B0466B2149C00EB40052C44002E48
:10028000A27001DA491C1E46401C00B20A9A904234
:10029000E2DB504601F002FA0120D5E700FF000042
:1002A0000055AAFF00112233445566778899AABBEE
:1002B000CCDDEEFF2DE9FF4F8046007D81B09146F9
:1002C00000F01F000E46FFF78DFE8246D8F814009E
:1002D0000121002501FA0AF1491E2F4600F01F02F4
:1002E0002C461FFA81FB072A06D0082A12D0092AB9
:1002F0001FD00A2A32D12BE0C0F38A20C01D04EBA4
:10030000E601C50806F0070215FB0914C2F107074C
:10031000083423E0C0F38A20C01C04EBA601850842
:10032000062315FB091406F003021034A3EB420761
:1003300014E0C0F38A20401C04EB66014508042346
:1003400015FB091406F001024034A3EB820705E017
:10035000C0F38A2515FB096404F58064D8F824905D
:10036000284601F04DF9061E44D098F8100068B1F7
:1003700000224846211DFFF76DFC00232A46314626
:100380004846FFF7A9FB314600202CE0D8F80400CE
:1003900080680119F8E70A78A7EB0A0CD9F80C5025
:1003A00000EB40030E9CFA4002EA0B024FFA8CF776
:1003B000DDF838C005EB42051C44002F2D88ADF850
:1003C00000500CF80350BDF800304FEA132363705F
:1003D000D9F810309A5CA27003DACAF10802491CFD
:1003E00057B2401C00B2049A9042D4DB304601F070
:1003F00055F9012005B0BDE8F08F00002DE9FE435E
:100400000646087C0C46012801D060B32FE06068E6
:10041000FFF706FB73A1E0F78DFC002822D161688D
:1004200002226846FFF718FB0028F7D1606A58B926
:10043000142001F0B3F8606218B9F4F78FFA606A1B
:1004400068B1142101F006FAD4F824000C226946A0
:10045000521E11F8013B00F8013BF9D107E0684654
:10046000FFF7ABFABCE060688068002876D061696D
:1004700001F01F000E2816D0142814D004283BD0F9
:10048000052839D0062837D0072839D0082837D092
:10049000092835D00A2833D00B2828D00C2826D09C
:1004A0000D2824D098E0227CF2B1C1F38A22490DB4
:1004B000142812FB01F01BD001264643304601F000
:1004C0006DF805000FD0676A002204213846FFF757
:1004D000C1FB0023324629463846FFF7FDFA48B1F2
:1004E000284601F0EDF87BE060688068A06170E06C
:1004F0000326E2E7A5616CE0207C0028F4D068E0E8
:10050000FFF770FD0127616A874061B9142001F08F
:1005100045F8606220B9F4F721FA606A002859D0E2
:10052000142101F097F9656A780001F037F8E86066
:1005300008B9F4F713FA384601F030F8286108B921
:10054000F4F70CFAE86870B3286960B3207C0128DE
:1005500005D060680024D0F8088038E03AE0002236
:1005600028460421FFF776FB002419E000236946A2
:1005700004222846FFF7B0FA9DF800209DF80110EC
:100580009DF80200FDF779FD0190E968BDF80400CF
:1005900001EB4401088029699DF803000855641C9B
:1005A000BC42E3D315E017E008EB840618F82420DA
:1005B0007178B078FDF761FD0090E968BDF8000042
:1005C00001EB440108802969F0780855641CBC429D
:1005D000EAD30120BDE8FE8321463046FFF734FD13
:1005E0000020F7E762696E002DE9F84F087D1D468F
:1005F00016460C46DDE90A32002100F01F000428EF
:1006000016D0052814D0062812D00B283CD00C2870
:100610003AD00D2838D00E2836D007283BD00828ED
:1006200039D0092837D00A2835D00020BDE8F88F06
:10063000277C012F36D1D4F824A098469146FFF7A5
:10064000D1FC074660690022C0F38A2015FB0060D8
:100650007843C1105046091DFFF7FCFA4FF0000126
:1006600000BBFC080D466B46504604FB08F40091A5
:1006700049462246FFF730FA10B90098844201D06B
:1006800029460FE001210DE03146204600922A461E
:10069000FFF74AFD05E03146204600922A46FFF763
:1006A00009FE01460846C1E710B504460068002867
:1006B0000BD0C2680AB121469047207C012804D1A2
:1006C000606800F0FDFF0020606010BD074810B5B5
:1006D000ECF77CFE040004D0142101F0BBF82046A6
:1006E00010BDF4F73BF9002010BD00005CB90224F6
:1006F0002DE9F0410F4605460421384601F0AAF8DD
:1007000025B1284600F095F818B105E00020BDE8B5
:10071000F081A8680028FAD00A480026ECF731FEDC
:100720000BE023682BB13A46294698470128064634
:1007300005D004482146ECF736FE0400F1D13046DE
:10074000E5E700005CB902242DE9FF411D460E4695
:100750002821044601F07EF8AEB1304600F069F879
:1007600008B9B16879B1BDF8081001282181E560A8
:1007700020740CD0666000272348ECF702FE04F1D9
:100780001408054635E0002004B0BDE8F08130468D
:10079000E0F793F9401C00F001FF606020B9F4F726
:1007A000DDF860680028EFD03146E0F762F9E2E753
:1007B0002B68CBB16868B8B14246314628469847A5
:1007C0000128074610D1256021466A6828469047CF
:1007D00001280746D8D00421404601F03BF800200C
:1007E0002062A0616062E06129460748ECF7DBFD0A
:1007F0000546002DDCD1207C012802D1606800F084
:100800005FFF3846C0E700005CB902242DE9FC41D7
:1008100005680E460021089FAC683CB1CDE9003761
:100820001346014632462846A04701460846BDE821
:10083000FC814FF0030130B10078A0F120015F2965
:1008400003D80120704708467047802801D3022052
:1008500070470020704770B52021044600F0FAFF71
:10086000002626700A20207660764FF4C871A18396
:100870006422E2833223E3760325A57670BD00006F
:1008800070B50546006920B9FDF752FD00282861C2
:1008900014D00D48ECF79AFD040010D05C2100F054
:1008A000D9FF256005216079224640F00200607181
:1008B000064804F0CDFE21684861204670BDF4F77B
:1008C0004DF8002070BD00002CB902243D0902083B
:1008D00001488068704700003802012418B10146C1
:1008E0000248ECF760BD0148ECF74BBD2CB902247F
:1008F000014840687047000038020124002806D0F3
:1009000001680978012903D0032901D0002070472C
:1009100090F8440000F00F007047002806D00168EE
:100920000978012903D0032901D000207047006B0A
:100930007047002801D00068007870477FB52A4CC6
:10094000C068A0600168096900294CD0FAF7DEFB95
:10095000A0684179490746D40068006940690028C9
:1009600041D10025A0686946ECF798FA9DF80F6020
:10097000A068FAF7CBFB6560A1689DF80E0001281E
:10098000087106D008680078042809D1BDF80C0069
:10099000D0B104F049FEA16809680969C1F8640191
:1009A000A06801680978012906D0022908D0042925
:1009B0000AD003290DD00FE06946FAF7CDF90BE014
:1009C0006946FAF7DDF807E0A0686946F9F7BCFE6A
:1009D00002E06946F9F732FEA068FAF797FB002EAD
:1009E000C0D1A56065607FBD3802012470B5224E7C
:1009F0000C464FF00005E8B1417941F00201417128
:100A0000B168814200D1756001680978012901D07F
:100A100002290ED114B1416BA14201D1456314B139
:100A2000816AA14201D1856214B1C16AA14200D19B
:100A3000C56270BD002018E0417941F002014171AA
:100A400001680978012901D002290ED114B1416B46
:100A5000A14201D1456314B1816AA14201D18562ED
:100A600014B1C16AA14200D1C562FFF737FF002867
:100A7000E2D1756070BD000038020124F8B50C4663
:100A80000546012102F052FD68BB206801230022C7
:100A900069460090284603F0CAFF6946284602F0DE
:100AA00056FD0022064605F114006946ECF758F899
:100AB00028B94FF40021284602F038FD80B12846BD
:100AC00001F074FD401E04000AD4A868694600685D
:100AD00050F82400FFF7D2FF002803D1641EF4D59C
:100AE0000EB12846F8BD0020F8BD02681278022A2F
:100AF00001D0042A00D141657047000010B5144CA4
:100B00002078002823D100F0F1FDECF731FFECF75D
:100B100067F9EBF7C5FEECF769F9FDF7D5FCECF7E3
:100B2000FBFD0C484FF4B471ECF748FC0A485C211B
:100B3000ECF744FCECF7F4FEECF790F944201128B4
:100B400001D1F3F70BFFFEF754FE0120207010BD1A
:100B50004402012420B902242CB9022410B50C4609
:100B600091F834200020411EE16222F018026062F8
:100B700002F0F80120866086A06201F0BF00022129
:100B800084F83400204601F021F90021204600F0CD
:100B900051FC2046BDE8104001A100F085BC0000DA
:100BA00054657874000000000146044810B501F057
:100BB0005FF8044601F0D0F8204610BD047B04081D
:100BC00010B508460C4600F00AF894F83400000707
:100BD00002D4606A00F074FD0020606210BD10B5A0
:100BE000044690F83400400603D5A06A08B100F02E
:100BF00067FD94F834000021A16220F0400084F8E1
:100C0000340010BD2DE9FF473F480E4601F0A6FC19
:100C1000012876D13046FEF77EFD04463046FEF7C9
:100C2000B8FD2A2C05461CD0132C0BD0292C18D02B
:100C30002C2C1ED0152C64D104B03046BDE8F047F2
:100C4000F8F71CB9002102F079FBB0F9080004B0F4
:100C5000C11700EB917081103046BDE8F047FEF7F8
:100C6000BDBD00F0B5FB04B02846BDE8F04700F07C
:100C70004FB9002102F062FB00218146284602F0B4
:100C800060FB00218046284602F061FB074695F88C
:100C900034000024C10600D50124800601D544F0AB
:100CA0000204284601F0EEFC0021284602F073FB06
:100CB000A0F51C51D13905D1688C000502D441F64C
:100CC000FF7002E0284601F0DDFC00974346CDE9C5
:100CD0000104696A03A84A4604F078FF3046FEF72B
:100CE00056FDB0F90020BDF90C108A4200DD114616
:100CF0000180B0F90220BDF90E108A4200DD1146D4
:100D00004180BDE8FF870000047B04082DE9F04F17
:100D10000D0080468BB001D1F3F720FE0021404644
:100D2000122202F0B1FA29881022081A002160F379
:100D30000F04404602F0A8FA6988081A08A960F36F
:100D40001F444046A14601F055FCBDF82400002593
:100D5000BDF820102C46D8F82470401A2946401CB3
:100D600000B20590404602F0E9FA002102904046A8
:100D700002F0EDFA00210090404602F0E2FA039002
:100D8000AB4602985E4698F83410B0F90800079018
:100D9000C80600D50126880601D546F00206404661
:100DA000002102F0F8FAA0F51C51D13905D1B8F8AC
:100DB0002200000501D446F00406D8F824200021C2
:100DC000404600F045FF079A8246009902EB010871
:100DD00020E00020CDE90006059B7819DDE902122C
:100DE000ECF7ECFD079A4FEA294104445A4491423A
:100DF0000BDC444A694600943846126890470A283A
:100E00000BD0385D48B9641C07E008EB0B002546A1
:100E10000FFA80FB785D0028DBD1BAF1020F4FF0AA
:100E2000000807EB050B03D0BAF1030F16D025E03D
:100E3000611B5846DDE90223009604F025FFBDF84A
:100E4000241000EBD073BDF82020881A401C00B29B
:100E500000EBD0704010A0EB63000DE0611B584622
:100E6000DDE90223009604F00FFFBDF82410BDF861
:100E70002020891A491C081A0FFA80F800208DF8E2
:100E80001800824604903CBB2AE004AB6A4601A9E4
:100E90005846ECF77BFDF00706D0049906A81BF82E
:100EA0000110ECF70BFEB8B9009ADDE90110FEF76E
:100EB00073FD00B20FFA89F2404482421EDB0499AE
:100EC0004A19A2421AD00AEB0502BA5CB2B18A46AC
:100ED000039908440FFA80F804982844A042D4D318
:100EE000094C5846049922689047226806462946CC
:100EF000384690470BB03044BDE8F08FCDF810A0D5
:100F0000EEE70000280301242C030124406A704707
:100F10002DE9F04F0446406A99B000287DD003A91E
:100F2000204601F067FBBDF81000BDF80C10401A18
:100F3000401C0FFA80F82046002102F0FFF9002142
:100F40000546204602F003FA00210746204602F03B
:100F5000F8F9814694F834000026C10600D5012630
:100F6000800601D546F002062046002102F013FA61
:100F7000A0F51C51D13904D1608C000501D446F094
:100F80000406009706A84B462A46CDE90186616A09
:100F900004F01CFE204603F09AF894F834004FF059
:100FA000030B4FF6FF7A4FF0000800F0070002280D
:100FB00004D003287ED001287DD0F4E10021204612
:100FC00002F09CF80604360C07D1204601F07AFBAB
:100FD000FDF7B4F990FBFBF086B207A8FCF7FCFD27
:100FE0004FF496700794ADF85CA00027149016900B
:100FF000BDF81010BDF80C00BDF91820081A401CEF
:1010000000B2904233DA00210F91801ACDE910101E
:10101000E84808900146204600E0C7E1FCF7C4FD1F
:1010200039460A4620B190F84220016BC2F34002D3
:10103000129888420FDD9DF85E00139120F00100A8
:101040008DF85E003AB140F002008DF85E00119913
:101050000F980F9111903046119A0F99FCF702FEEC
:101060001290159007A8FCF70BFE012705E0D14967
:101070002046FCF769FDA4F83080BDF81200BDF8E9
:101080000E10BDF91A20401A401C00B290427DDAC1
:10109000002F7BD1821AB5F9080000210F91101A98
:1010A000CDE91010C448089001462046FCF77CFDAD
:1010B000394601E022E0C2E00A4620B190F8422021
:1010C000016BC2F34002129888420FDD9DF85E006A
:1010D000139120F001008DF85E003AB140F002005B
:1010E0008DF85E0011990F980F9111903046119A6A
:1010F0000F99FCF7B7FD129015909CE00021204657
:10110000642202F0C1F800210646204601F0F6FFF5
:1011100007043F0C07D1204601F0D4FAFDF70EF981
:1011200090FBFBF087B207A8FCF756FDADF85CA07A
:101130004FF00009BDF81020BDF80C30BDF91810B3
:10114000D01A0794401C00B2884233DA2022284685
:101150001146FEF721FCBDF9181000EB4002CDE965
:101160000F9950184946404211909248119A0890A0
:101170003846FCF777FD8F4912902046FCF714FDA6
:1011800000B1006B36B1306B139000E026E0F06BDD
:10119000169009E01299814206DD13909DF85E00D9
:1011A00020F001008DF85E0007A8FCF769FD4FF004
:1011B000010905E07F492046FCF7C6FCA4F8308011
:1011C000BDF81200BDF80E20BDF91A10801A401C9F
:1011D00000B2884202DAB9F1000F06D07649204603
:1011E000FCF7B2FCA4F83280DDE0B5F9082000205D
:1011F0000F9010905018404211906F48119A0F991B
:1012000008903846FCF72EFD6B4912902046FCF7FB
:10121000CBFC00B1006B26B1306B1390F06B1690D5
:1012200009E01299814206DD13909DF85E0020F0DE
:1012300001008DF85E0007A8FCF722FDB3E0BDF8C1
:1012400012004FF0FF36BDF80E10411ABDF91A001A
:10125000491C09B2814209DAB5F90810884205DD56
:101260005649606A09688847032801D8E6629AE00F
:10127000BDF810002E22BDF80C10461A1146761C3F
:101280002846FEF789FB4844BDF80E10A0EB80000D
:101290003044ADF80000BDF81200401A401C00B206
:1012A000ADF80200B5F90820D11990FBF1F301FB6C
:1012B00013018A42A0EB010004DCADF80200298989
:1012C000084400E0C01B6946ADF802002046FFF765
:1012D0001DFD8146606ADFF7F0FB394A0746606A08
:1012E000494612689047374D019005E02A6801A9E8
:1012F000606A9047A9F101090198C01CB842F5D86D
:10130000DFF8C4B00025019EAA46606A019908442E
:10131000DBF8001088472D4A284401A9C5B2606A4D
:1013200012689047032D07D80198B84204D80AF1F3
:10133000010ABAF1030FE8D9616A2046274601EB9A
:10134000060AFFF74CFC042D12D9681C00F026F9A0
:10135000B86240B32A46514600F0F2F9B96A01F882
:10136000058097F8340040F0400087F834000BE027
:1013700097F834002A46514620F0400087F83400A0
:1013800007F1280000F0DCF92E210020626A3318F2
:10139000401C0328D154F9D3626AF61C09F10300FA
:1013A00002F80680E062204602F02AFA19B0BDE891
:1013B000F08F000009DE02080FDE0208300301246E
:1013C00024030124280301241C03012420030124F5
:1013D0002DE9F0410446054690F8340000F007007E
:1013E000012823D1E96A481C20D0114AC91E686A25
:1013F0001268904794F8341002460020490601D53F
:10140000A16A06E004F1280103E00F5C401CF754D8
:10141000C0B26E6A1318F75C002FF6D1095C104455
:1014200031542046FFF7DBFB781EE862BDE8F0810F
:101430002403012470B50D4619490446FCF784FBCA
:1014400018492046FCF780FB00202086022D60868C
:101450000FD0032D0DD0042D0BD094F8340020F0C4
:10146000200100BF01F0070084F83410012805D0E6
:101470000AE094F8340040F02001F3E7E06A401CF1
:1014800002D02046FFF7A4FF94F8340065F3020071
:1014900084F834002046BDE87040FFF739BD0000F5
:1014A00009DE02080FDE020870B50D46044602F0A0
:1014B000A7F905B9656A606AA84211D194F8341099
:1014C00009070DD4DFF7F9FA411C606A00F01CF936
:1014D000606228BBF3F742FA606A002825D01FE05B
:1014E00038B194F83410090703D400F0E9F800216A
:1014F00061622846DFF7E1FA401C00F04FF86062B5
:1015000020B9F3F72BFA606A00280ED0606A2946EA
:10151000DFF7AFFA94F8340020F0080184F83410B3
:101520002046BDE87040FFF7F3BC70BD70B50446BF
:1015300090F834000D46000705D4606A18B100F039
:10154000BFF80021616235B194F83410656241F052
:10155000080184F834102046BDE87040FFF7D8BC7D
:1015600030B58A42039C01DB904207DA8A4201DBF4
:10157000884209DD8A4203DC904201DC204630BD0E
:101580008A4203DC884201DB184630BDE41A451A62
:10159000501A654395FBF0F0184430BD70B5050056
:1015A00010D00B4C0146606804F0BFF906000BD068
:1015B000A0682844A060E168884200D80846E0603E
:1015C000304670BD024870BDF3F7C8F9F8E7000077
:1015D000F002012470B5094D0026344655F8340058
:1015E00038B100F06DF805EBC40045F83460867141
:1015F0008680641CE4B2102CF0D370BDA0B9022424
:101600002DE9F04105000BD0234C012600224FF0BC
:10161000FF3000BF04EBC2018B79DB0703D014E07D
:101620000020BDE8F0818988A9420ED305D104EBE2
:10163000C200867154F83200F3E7002804DB04EBA3
:10164000C0039B88994200D250B2521CD2B2102AD9
:10165000E0D3002805DB04EBC0018E7154F83000A4
:10166000DFE7002704EBC7008079C00704D07F1CA8
:10167000FFB2102FF6D30CE054F83700294600F0E3
:1016800043F830B104EBC7018E718D8044F8370008
:10169000C7E7F3F763F9C3E7A0B90224074A0021BB
:1016A00052F83130834204D102EBC101002088712D
:1016B0007047491CC9B21029F2D37047A0B902245F
:1016C000094910B588420DD000280BD0064C0146C0
:1016D000606804F0F9F8A168814201D9081A00E0B5
:1016E0000020A06010BD0000F002012404484FF467
:1016F000004110B504F0DAF80249486010BD00005E
:1017000000800024F002012410B539B10B4A904248
:1017100008D1BDE810400846FFF740BFFFF7D0FFF3
:10172000064810BD0A4601460448406804F010F916
:101730000028F6D1F3F712F9002010BDF0020124C1
:1017400030B500F00304034601F00305A54243D180
:101750004EE00C78203A1C704C785C708C789C7051
:10176000CC78DC700C791C714C795C718C799C7133
:10177000CC79DC710C7A1C724C7A5C728C7A9C721B
:10178000CC7ADC720C7B1C734C7B5C738C7B9C7303
:10179000CC7BDC730C7C1C744C7C5C748C7C9C74EB
:1017A000CC7CDC740C7D1C754C7D5C758C7D9C75D3
:1017B000CC7DDC750C7E1C764C7E5C768C7E9C76BB
:1017C000CC7EDC760C7F1C774C7F5C778C7F9C77A3
:1017D000CC7F2031DC772033202ABAD805E000BF47
:1017E00011F8014B521E03F8014B002AF8D130BD0D
:1017F000FCB1C4F1040405E011F8015B521E641E43
:1018000003F8015BACB1002AF6D112E00C68203A73
:101810001C604C685C608C689C60CC68DC600C6907
:101820001C614C695C618C699C61CC692031DC6114
:101830002033202AEAD802E010C9121F10C3042A5C
:10184000FAD804E011F8014B521E03F8014B002AAC
:10185000F8D130BD002210F0030315D0C3F104030A
:1018600004E000BF491E5B1E00F8012B63B1002994
:10187000F8D17047026042608260C26002614261DA
:101880008261C261203020392029F3D801E0091F8C
:1018900004C00429FBD802E0491E00F8012B0029EE
:1018A000FAD17047FF2310F003020BD0C2F10402FB
:1018B00004E000BF491E521E00F8013B12B100298E
:1018C000F8D170474FF0FF3209E002604260826059
:1018D000C260026142618261C261203020392029E8
:1018E000F3D801E0091F04C00429FBD803E000BFBE
:1018F000491E00F8013B0029FAD170472DE9F0415B
:101900001D4616460F46044600F094F8A0684FF0B6
:101910008061827E01EBB2114FEAB1618176A068ED
:1019200001F03F0101EB4101C0688900FFF7ECFEC7
:10193000A168C86008B9F3F711F8A1686FF00B004F
:101940006FF00302031D91F81AC0C9680CF03F0C38
:101950000CEB4C0C00EB8C0C41F80C70A1688F7EEA
:10196000C96807F03F0707EB470702EB87028E5471
:10197000A1688A7EC96802F03F0202EB420203EBD3
:1019800082028D50A1688A7EC96802F03F0202EB94
:10199000420200EB82000844BDE8F0812DE9FF41DE
:1019A0000C46074601F084FF0646E00702D03846A1
:1019B00001F026FFF869E10740EA0400F86111D060
:1019C0000221384601F0BEFD60B1384600F0A8FEA5
:1019D000050007D0FEF7E4F92846FEF761FA08B1E2
:1019E00001F00EFF384601F063FFB04202D114F05F
:1019F000C07F07D0384600F0D9FE01F06FFF3846AF
:101A000001F06CFFE0060CD502AA6946384601F0E9
:101A100015F86946384601F016FF02A9384601F06C
:101A200012FFBDE8FF81028C11438A4201D002F00F
:101A30007FBE704710B504468068002818D10D4855
:101A40004168491C41601C20FFF7A8FDA06020B937
:101A5000F2F784FFA06800280AD01C21FFF7FAFEE5
:101A6000A1680F204876A068017E41F0030101764D
:101A700010BD0000440201242DE9FC410E4605463C
:101A8000012101F053FDE0BB284600F093FE04461F
:101A900000F018FE0746FCF789FCA0420ED038463D
:101AA000FCF78CFCA04209D03846FCF777FCA0423A
:101AB00004D03846FCF76AFCA04237D14FF400242A
:101AC0002846214601F039FD28BB2846EBF737FDB3
:101AD00005F1140107466846FCF71DF9BDF8000042
:101AE000C01BADF80000BDF80200C01BADF802003D
:101AF000BDF804003844ADF80400BDF806003844D1
:101B000000E013E031466A46ADF806000846EAF701
:101B10008EFF00280BD0002331460122284601F019
:101B20004CFC1CE0012101F001FD10B10020BDE8DA
:101B3000FC812146284601F000FD80B9D5E9050168
:101B400000230122CDE900016946284601F035FC59
:101B500031466A460846EAF76AFF0028E7D0284679
:101B600000F024FE051EDDD10120E0E72DE9F04163
:101B700000270D464022064601F086FB04B284B3DE
:101B800045223046294601F07FFBC0B2022834D9F5
:101B900004EBD470012101EB600430464322294656
:101BA00001F072FB204429460FFA80F830464122AA
:101BB00001F06AFB04B230464222294601F064FB80
:101BC00000B2002C01DD214600E06142002801DD69
:101BD000024600E04242914206DD002C02DD204632
:101BE00005E00AE0604202E0002800DC4042404498
:101BF00000B2002800DA384607462946304601F090
:101C0000F5FA04000ED02946304601F0E3FA022826
:101C100008D92946304601F0E3FA2044B84200DBF7
:101C200007463FB230466922294601F02DFB04B237
:101C300030466A22294601F027FB00B2844200DCCC
:101C40000446002C01DD381907B23846BDE8F081A2
:101C500070B55B220D46064601F016FBC4B2304655
:101C60001622294601F010FB04B90124204670BD5C
:101C70002DE9F04100260D463649074600E0006890
:101C8000B8B182690A42FAD08069C0F30F10804669
:101C9000FFF784FC041E31D04146FFF7DBFDC4E9A9
:101CA00000756FF003074FF0010825B1A86878B3FD
:101CB00032E03046EBE7FCF73BFB05001AD0EA6860
:101CC000F2B1686A401C686281001046FFF71CFD93
:101CD000696AE86007EB81014450A6820020E68231
:101CE000FCF73EFB401E20830020FCF775FB401EE6
:101CF000608323E02046FFF7E3FC0020BDE8F0818D
:101D00000420FFF74BFCE8600460C5F82480E4E79A
:101D1000FFE72846FFF78EFEA868016881B1416899
:101D2000491C4160A86889000068FFF7EDFCA968BC
:101D30000860A968496807EB810144502046DDE747
:101D40000420FFF72BFCAA6810600460A868C0F8A4
:101D50000480F3E7F0FF0F0070B5054601F0BEFD0B
:101D6000002000F057FA284603F038FC284600F01F
:101D700070F8012000F04EFA4FF470214FF6FF7218
:101D8000284602F0BBF9284602F0A1F9FEF77CF8DC
:101D9000030007D0284601F07DFD18B129461846FA
:101DA000FDF7A5FF284600F001FD04000DD022211B
:101DB0002A46FDF7F3FC23212A462046FDF7EEFCD8
:101DC0002846BDE8704001F01BBD70BD7FB50C46D4
:101DD000064601F06DFD0546E0060CD502AA6946EF
:101DE000304600F02BFE6946304601F02CFD02A97A
:101DF000304601F028FDF069E10720EA0400F061B7
:101E00000ED0304601F0FCFC304601F051FD38B1F7
:101E1000304600F0CBFC01F061FD304601F05EFD84
:101E2000304601F045FDA84202D114F0C07F07D032
:101E3000304600F0BBFC04B0BDE8704001F04EBD80
:101E40007FBD028C22EA01018A4201D002F070BCFF
:101E5000704770B504680546206818B128602846A8
:101E6000FFF7F7FF2C6020466268002A03D029465E
:101E7000BDE87040104770BD2DE9F0414D680C463B
:101E8000EDB1284600F0F8FC0646284600F0C0FDFB
:101E9000002107461022284601F0F6F9E98A1222AD
:101EA0000844C01BE082411E28466183002101F0E6
:101EB000EBF9A98A0844801BA082411E2183002DD2
:101EC00041F20200E06106D043F20200C4F81C00B7
:101ED00043F20230E06140F0740040F40060E061E1
:101EE00002D040F40040E061BDE8F08101460448C2
:101EF00010B5FFF7BDFE0446FFF72EFF204610BDCC
:101F00004CAD030870B5054601F07AFC284600F098
:101F10004DFC0400284610D006F006F8204602F0DA
:101F200091FB002220462221FDF738FC2046BDE827
:101F3000704000222421FDF731BC00F0C3FB0400F7
:101F400007D02069A842284604D105F0EDFF002003
:101F5000206170BDBDE8704005F0E6BF70B50C466D
:101F60000846EAF727FF002000F054F9144A002140
:101F7000204602F092F9012000F04CF900212046A1
:101F8000FBF7E2FD204600F0CBFB10B12046FDF749
:101F9000A5FFA068002811D00068002518B1FFF740
:101FA0008FFBA0680560A068C06818B1FFF788FBC8
:101FB000A068C560A068FFF783FBA56070BD000046
:101FC000FFFF0F002DE9F047A2B08046FDF7A3FB0D
:101FD00006464046FDF7DDFB122E04464FF0010792
:101FE0004FF0000566D0DFF81892152E72D0182E2B
:101FF0005DD14046FDF795FB824601462046F7F746
:10200000A5F80021204601F08EF800284FD002A844
:10201000FCF7C8FD8DF80B50002102AA20468DF870
:1020200022508DF832508DF83E5001F006FB002111
:10203000204601F09EF900218046204601F093F9E8
:1020400004F1140106466846FBF75CFEBDF800107B
:10205000A1EB0800BDF80410ADF8000001EB08008A
:10206000ADF80400BDF802005146801BADF8020037
:10207000BDF806003044ADF8060010A800F0C2F824
:1020800002A8149068461D951A21CDF8449010AA14
:10209000CDE912702046FDF781FB02A96A46504641
:1020A000FCF76CFD1B21204610AAFDF777FB22B040
:1020B000BDE8F0874046FDF76AFB06460078022837
:1020C000F5D000212046172201F0DEF818B10220D9
:1020D0003070ECE745E00B22AA462946204601F085
:1020E000D3F80FFA80F92046002101F042F90021CF
:1020F0008046204601F037F904F114010546684690
:10210000FBF700FEBDF800104A46A1EB0800BDF841
:102110000410ADF8000001EB0800ADF80400BDF8B4
:1021200002006946401BADF80200BDF806002844D5
:10213000ADF806007068EAF7A3FC68B100212046FC
:1021400000F0EBFFFD2807D300212046602201F0BC
:102150009BF8C0B2FD2801D23770A8E786F800A02E
:10216000A5E74046FDF7DDFA804602A8FCF71AFD18
:102170000021204600F0D7FF28B19DF82B0040F049
:1021800001008DF82B000021204602AA01F055FA2B
:102190000021204601F0EDF800210646204601F01E
:1021A000E2F804F1140107466846FBF7ABFDBDF801
:1021B00000004146801BADF80000BDF8040030442B
:1021C000ADF80400BDF80200C01BADF80200BDF878
:1021D00006003844ADF8060010A800F013F802A875
:1021E00014906846CDF844901A2110AACDE91250F7
:1021F00020461D95FDF7D2FA02A96A4640464FE7F0
:102200004CAD030870B50D4604464821FFF722FB8C
:10221000256070BD01490870704700005402012418
:102220002DE9FF4188460846FDF775FA0446404609
:10223000FDF775FA012C054623D0082C23D0032C7A
:102240003ED02A2C3ED00D2C4CD00E2C7DD0092C0B
:102250007CD00A2C7BD00F2C7AD0292C79D0222C40
:1022600078D0242C77D0132C76D0152C03D0182CB2
:1022700001D0122C34D104B04046BDE8F041FFF744
:10228000A1BE2021FAE02021FFF7DBFD4046FDF74B
:1022900059FAFEF742FB002822D10821284601F016
:1022A00045F900281CD095F820004FF00101C00727
:1022B000284602D0FFF7C5FD30E0FFF7B4FB2DE064
:1022C0002021F8E000F072F90024064606E0A86834
:1022D000006850F8240001F001FB641CB442F6D3FE
:1022E000BDE8FF81082101F021F9F8B14046FDF772
:1022F0004EFA0478132C06D0112C04D0142C07D0DD
:10230000122C05D008E001212846FFF78CFB03E0E2
:1023100001212846FFF795FD0A2CE1D004B028469C
:1023200000221C21BDE8F041FDF738BA4FF40161ED
:10233000284601F0FBF80028D2D0284601F09DFA8B
:102340000028CDD10027284607E06DE095E09AE00F
:10235000B0E0B5E0D1E0F2E0F6E000F08DFA06463C
:10236000284600F0E9FA04464046FDF710FA0078E6
:1023700012281BD011280CD013282BD01428AFD131
:10238000284600F071FA800703D0002E38DC002CBC
:1023900036DC284600F0C9F90446284600F046FB22
:1023A000E11704EB9171A0EBA1000BE0284600F0CF
:1023B000BCF90446284600F039FBE11704EB9171A3
:1023C00000EBA1003A4604B001B22846BDE8F04156
:1023D00002F022B9284600F047FA8007E6D0002E26
:1023E00001DC002CE2DD284601F09AF8044628467C
:1023F00000F015FBE11704EB917100EBA1000BE07D
:10240000284601F08DF80446284600F008FBE11745
:1024100004EB9171A0EBA1003A4604B001B228464A
:10242000BDE8F04102F0E2B84FF4806101F07EF8BF
:1024300018B10121284602F0BCF8284600F070F9D6
:10244000FDF728FD02240646FEF742FA10B9404681
:10245000FDF778F9FEF76DFA022801D0042800D1C3
:1024600006241EB144F00801284607E0214628460C
:10247000FFF7D9FA082128461DE0402104B0BDE845
:10248000F041FFF7D0BA4021FFF7DBFC284600F00F
:1024900003FE02287FF424AF02AA6946284600F012
:1024A000CDFA6946284601F0CEF902A9284601F086
:1024B000CAF915E70E2104B0BDE8F041FFF7C1BC31
:1024C000002100F00FFE00210446284600F045FEE2
:1024D000204302D0284601F001FA284600F066F8B1
:1024E0000024064606E0A868006850F8240001F0C1
:1024F000F5F9641CB442F6D3F2E60021012200F0A3
:10250000C3FE06B228460021042200F0BDFE04B23C
:102510002846002100F0E6FD00210746284600F08D
:102520001CFE384305D142F2D170864201D084426C
:10253000BFD104B02846BDE8F04101F0CFB9688CA6
:1025400040F002006884F4E70021FFF70FFB04B0BD
:1025500001464046BDE8F041FDF740B910B50C46D4
:1025600000B96068006868B101690029FAD00021EB
:10257000E160026921469047217E0120C90700D011
:10258000002010BD012010BD8068002809D000295E
:1025900002DA4268511803D443680A468B4201D8D4
:1025A00000207047006850F82200704780680028BB
:1025B00000D04068704770B50C46054600F1140124
:1025C0002046FBF7A8FBA868002812D0808A218843
:1025D000081A2080A968A088898A0844A080A96870
:1025E0006088898A401A6080A968E088898A0844DE
:1025F000E08070BD70B50C460546002100F09BFDE3
:1026000006462146284600F057F8704202B220469E
:102610001146FBF7C8FB0021284600F005FE218883
:10262000084420800021284600F010FEA188081AE6
:10263000A0800021284600F01BFE618808446080CD
:102640000021284600F0DEFDE188081AE08070BD18
:1026500070B50021044600F00BFE0021054620461F
:1026600000F0D0FD00210646204600F064FD024641
:10267000204600F05AF8401B5142801B00EB4100FD
:1026800000B270BD70B50021044600F0CDFD002100
:102690000546204600F0DAFD00210646204600F0FF
:1026A0004AFD0246204600F03BFF401B5142801B82
:1026B00000EB410000B270BD0A4600F11401104663
:1026C000FBF729BB10B5416809B100F073F8044667
:1026D0000A48EAF756FE0EE0426A002105E0C368A8
:1026E00053F82130A34208D0491C8A42F7D801464A
:1026F0000248EAF758FE0028EED110BD20B90224A6
:102700008068002805D0827E02F03F028A4201D80C
:1027100000207047C06801EB410100EB8100704769
:102720008068002800D080687047418BC08A081AF2
:10273000401C00B2704770B5064600F037F805003F
:1027400001D000240AE0002070BD21462846FFF792
:102750001BFFB04201D1204670BD641C2846FFF724
:1027600025FFA042F1D84FF0FF3070BDF0B4468C89
:1027700004250024C6F3051613E000BFC76805EB67
:10278000C40C57F80C705FEAC71C09D527F07F47C7
:102790009F4205D1C06850F83400F0BC02F004BD7F
:1027A000641CA642EAD8F0BC00207047002800D084
:1027B0004068704700B50146FFF7F8FF0028FAD1DE
:1027C000084600BD2DE9F047DFF8948006464446F0
:1027D000FFF7ECFEDFF88CA0002507460EE0B0689E
:1027E0005146006850F82500814600F0A6FE20B949
:1027F000B9F91A00A04200DB04466D1CBD42EED3BD
:102800000021304600F03AFD00218146304600F0BC
:10281000FFFC00210746304600F093FC4445054686
:1028200004D0708BC01B401B201A04B2304600F04D
:102830003BFC80463046FFF778FF6942A0EB090079
:10284000C01B00EB41013046A8EB010100F0EEF89F
:10285000081A00B2844200DD2046BDE8F08700007F
:1028600001E0FFFF01000400806818B1407E00F025
:102870000F0070470F2070472DE9F84F00210646E2
:1028800000F045FC012807D0B068002802D0008A7B
:10289000404200B2BDE8F88F0021304600F0DCFC79
:1028A00000210090304600F0C5FC002181463046F2
:1028B00000F047FC41F6FF7A804654463046FFF769
:1028C00075FE002507460EE0B0681949006850F80B
:1028D0002500834600F031FE20B9BBF91400A04268
:1028E00000DC04466D1CBD42EED3544506D0B28ACE
:1028F00009EB08001044001B04B200E00D4C304608
:1029000000F0E0FB0546304600F00AFE0099C8F1F1
:102910000002411AA1EB090000EB4200291A3046DF
:1029200000F07DF8084400B28442B3DD2046B1E7F0
:102930000100040001E0FFFF2DE9F04700210646F9
:1029400000F0E5FB01280AD0DFF8A08030464446BD
:10295000FFF72CFEDFF898A00025074615E0B068C9
:10296000002801D0B0F91000BDE8F087B0685146EA
:10297000006850F82500814600F0DFFD20B9B9F964
:102980001800A04200DB04466D1CBD42EED30021BE
:10299000304600F061FC00210746304600F04AFC5A
:1029A00000218146304600F0CCFB4445054604D06A
:1029B000308BC01B401B201A04B2304600F082FB53
:1029C0008046304600F0ACFDC11B6A42A1EB090015
:1029D00000EB42013046A8EB010100F020F8081A94
:1029E00000B28442C0DD2046BEE7000001E0FFFFE8
:1029F000010004008068002802D0007EC0F381003E
:102A000070478068002802D0007EC0F30110704734
:102A10008068002802D0408A404200B27047806837
:102A2000002802D0008A404200B270478068002827
:102A300002D0408A404200B2704700002DE9F04FBA
:102A400091B0164600220C464FF0FF3705463B4634
:102A5000114620460097FBF7C2F900223B4611467B
:102A600030460097FBF7BBF91021284600F05EFDC9
:102A7000002816D0284600F00FFB070011D00020D8
:102A8000FDF72CFF022F804608D010E0FDF745FF30
:102A9000A84209D04046FDF721FF8046B8F1000F5B
:102AA000F4D111B0BDE8F08FB8F1000FF9D028468D
:102AB000FFF7AEFF05902846FFF784FE0A902846F0
:102AC000FFF7DAFE09902846FFF736FF0890284600
:102AD000FFF7CAFE10F00C0F81464FF000000B907C
:102AE00014D0012F10D0032F02D0022F07D00DE0F9
:102AF0000598002808DC0A98002805DC06E0404616
:102B0000FDF7FCFE0C2801D101200B905FEA8971D2
:102B10004FF00000079014D0012F10D0032F02D0E7
:102B2000022F07D00DE00998002808DC089800283B
:102B300005DC06E04046FDF7E1FE032801D1012057
:102B400007900B9907980843ABD04FF4803728467D
:102B5000394600F0DCFA012800D0002039460E90FA
:102B6000284600F08BFB39460490284600F050FBC5
:102B700039460F90284600F05DFB804639462846CE
:102B800000F06AFB012281462846394600F07CFBB2
:102B90000FFA80FB2846FFF7C8FD0090284600F09A
:102BA000BFFC02900B9800B158460799824609B1C4
:102BB000584600E00020394621221090284600F0B7
:102BC00063FBC0B2022808D231223946284600F001
:102BD0005BFBC0B20228FFF464AF05994FF0A00779
:102BE000009801440B9800280A98084400B20B9002
:102BF00070D00028FCD0E98A0E9871800028688B7C
:102C0000F08008D0AA8AABF1010102EB0800308005
:102C10000144B18007E0298BA1EB0900B080A0EB53
:102C20000B01491C318004990098411A0F98091A28
:102C30001098081A00990C9048430B9990FBF1F0FA
:102C400000B205900020FBF779FB00EB80015020DB
:102C500000EB4100B0F5A07F0ADB0020FBF76EFB24
:102C600000EB8001502000EB410090FBF7F000E00A
:102C700001200599884201DA084616E00020FBF79A
:102C80005DFB00EB8001502000EB4100B0F5A07F20
:102C90000ADB0020FBF752FB00EB8001502000EB29
:102CA000410090FBF7F000E00120009A0B9900B280
:102CB000891A0AB20C99091A09B2002A0BDCE98AAE
:102CC000049808447080698B0F98091A1098081AA4
:102CD000401EF08090E00A9B401E11FB03FCEB8A33
:102CE0009CFBF2F2891A049A1144194409B27180CA
:102CF0000844F080B5F9162004981044814238DA6F
:102D000070800020FBF71AFB00EB8001502000EBE5
:102D10004100B0F5A07F0ADB0020FBF70FFB00EBC2
:102D20008001502000EB410090FBF7F000E0012013
:102D3000B6F90210B6F906200844904219DD0020C9
:102D4000FBF7FCFA00EB8001502000EB4100B0F5EE
:102D5000A07F0ADB0020FBF7F1FA00EB8001502096
:102D600000EB410090FBF7F000E00120718808447F
:102D7000F080B5F91A201098B6F90610121A0F98BB
:102D8000101A814238DDF0800020FBF7D7FA00EB03
:102D90008001502000EB4100B0F5A07F0ADB00204D
:102DA000FBF7CCFA00EB8001502000EB410090FBD8
:102DB000F7F000E00120B6F90610B6F90220081A73
:102DC000904219DA0020FBF7B9FA00EB800150209D
:102DD00000EB4100B0F5A07F0ADB0020FBF7AEFA64
:102DE00000EB8001502000EB410090FBF7F000E089
:102DF0000120F188081A7080099902980144079807
:102E000000280898084400B200903FF44AAE002819
:102E1000FBD0698B0F98081A0299E080A1EB080299
:102E2000A0EB0B01A2EB0902A2EB0A00029A0490AC
:102E3000491C6180A98A50432180009990FBF1F1DF
:102E4000288BA08008B203900020FBF777FA00EBF4
:102E5000800050264FF4A07B06EB4000584509DB6C
:102E60000020FBF76BFA00EB800006EB400090FBC4
:102E7000F7F000E001200399884201DA084613E0E8
:102E80000020FBF75BFA00EB800006EB40005845A2
:102E900009DB0020FBF752FA00EB800006EB400054
:102EA00090FBF7F000E00120029A009900B2891A25
:102EB0000AB20499091A09B2002A18DC0E9850B116
:102EC000AA8AAAF1010002EB080108442080298B9C
:102ED000A1EB090009E0A98A01EB08002080298BF9
:102EE000A1EB0901A1EB0A00401EA080D9E5089BD7
:102EF00011FB03FC0E9B9CFBF2F2A1EB020109B259
:102F0000EBB3AB8A08EB0A02401E1944114409B224
:102F100021800844A080B5F914001044884233DDB4
:102F200020800020FBF70AFA00EB800006EB40004F
:102F3000584509DB0020FBF701FA00EB800006EBA7
:102F4000400090FBF7F000E00120B4F90010B4F964
:102F500004200844904217DD0020FBF7EFF900EB56
:102F6000800006EB400058450ADB0020FBF7E6F93D
:102F700000EB800006EB400090FBF7F001E03AE048
:102F8000012021880844A080B5F91820B4F9041064
:102F900078E0A0800020FBF7D1F900EB80005D46CF
:102FA00006EB4000A84273DB0020FBF7C7F900EBFB
:102FB000800006EB400090FBF7F000BFB4F904106E
:102FC000B4F90020081A904290DA0020FBF7B6F915
:102FD00000EB800006EB4000A8425BDB0020FBF723
:102FE000ADF900EB800006EB400090FBF7F0A18804
:102FF000081A208055E5AA8A4144401E114409B2AE
:1030000021800844A080B5F9142002EB0800814219
:1030100032DA20800020FBF791F900EB800006EB0C
:103020004000584509DB0020FBF788F900EB8000E1
:1030300006EB400090FBF7F000E00120B4F900102F
:10304000B4F904200844904216DD0020FBF776F91D
:1030500000EB800006EB4000584509DB0020FBF741
:103060006DF900EB800006EB400090FBF7F000E00C
:10307000012021880844A080B5F91820B4F9041073
:10308000A2EB0A02A2EB0900814282DC09E5FFE71C
:10309000012093E70120AAE7806818B1007E00F0C4
:1030A0000300704703207047054908B56A46496820
:1030B00000912C21FCF772FBBDF9020008BD000055
:1030C00068AD0308054908B56A46096800912C21D6
:1030D000FCF764FBBDF9000008BD000068AD030803
:1030E000008C7047092210B500F0CEF8C0B210BDB8
:1030F000092210B500F0C8F8C0B210BD662200F079
:10310000C3B8162210B500F0BFF8C0B210BD162229
:1031100010B500F0B9F8C0B210BD212210B500F012
:10312000B3F8C0B210BD342210B500F0ADF80028DD
:1031300000D0012010BD322210B500F0A5F800B279
:1031400010BD322210B500F09FF800B210BD04226D
:1031500010B500F099F800B210BD0A2210B500F0C9
:1031600093F880B210BD0A2210B500F08DF880B23D
:1031700010BD602210B500F087F8C0B210BD70B568
:103180000E460546FFF7F5FF02281BD9FD284FF034
:10319000FF0402D2C0EB0020040A0EB1002603E0B7
:1031A0002846FFF703FB054655B131462846FFF791
:1031B000E0FF022806D9FD28F2D24443240AEFE7B3
:1031C000022C01D8002070BDFD2C01D3FF2070BD62
:1031D000204670BD372210B500F056F8C0B210BDC1
:1031E000382210B500F050F800B210BD352210B5ED
:1031F00000F04AF800B210BD112210B500F044F8FA
:1032000000B210BD112210B500F03EF800B210BDA2
:10321000112210B500F038F800B210BD122210B51E
:1032200000F032F800B210BD122210B500F02CF8F8
:1032300000B210BD122210B500F026F800B210BD89
:10324000132210B500F020F800B210BD132210B503
:1032500000F01AF800B210BD132210B500F014F8F7
:1032600000B210BD102210B500F00EF800B210BD73
:10327000102210B500F008F800B210BD102210B5F1
:1032800000F002F800B210BD2DE9F843884606466A
:1032900001211446104602F09FF80025074615E06C
:1032A0006B46224641463046F7F774F8012805463A
:1032B00027D07FB1022D05D0B8F1000F02D04FF01A
:1032C000000803E03046FFF771FA0646002EE7D10A
:1032D000012D16D0B8F1000F03D1012C05D0042C1C
:1032E00003D0204602F00EF80AE031680FE0012C0E
:1032F0000AD0C88A50B161B1012C0CD0B1F91600C6
:1033000000900098BDE8F883888AF3E709680029EF
:10331000EDD10020F4E7B1F91400F1E770B55522C2
:103320000C460546FFF7B0FF024621462846BDE899
:103330007040EAF734B95722FFF7A6BF5722FFF7CC
:10334000A3BF582210B5FFF79FFF00B210BD59224E
:1033500010B5FFF799FF00B210BD6E2210B5FFF750
:1033600093FF00B210BD6A2210B5FFF78DFF00B2C7
:1033700010BD692210B5FFF787FF00B210BD6D22A6
:1033800010B5FFF781FF00B210BD012210B5FFF7A5
:103390007BFF00B210BD012210B5FFF775FF00B230
:1033A00010BD072210B5FFF76FFF00B210BD082255
:1033B00010B5FFF769FF00B210BD2DE9FF410746C8
:1033C00008880C461D46ADF8000016464888ADF842
:1033D00002000888ADF80400C888ADF806008888A7
:1033E000ADF8080048886946ADF80A00A088ADF835
:1033F0000C00E088ADF80E00384601F018FB01A97A
:103400002B463246384601F012FB02A92B463246C3
:10341000384601F00CFB03A92B463246384601F032
:1034200006FBBDF90030BDF90400834201DA1D46F8
:1034300000E00546BDF90810BDF90C20914201DA03
:103440000E4600E01646B54205DA834201DA1A4616
:1034500004E0024602E0914200DA0A462280BDF909
:103460000030BDF904108B4201DD1D4600E00D4621
:10347000BDF90800BDF90C20904201DD064600E0D0
:103480001646B54205DD8B4201DD1A4604E00A46C8
:1034900002E0904200DD0246A280BDF90230BDF993
:1034A0000620934201DA1D4600E01546BDF90A10D8
:1034B000BDF90E00814201DA0E4600E00646B54233
:1034C00005DA934201DA184604E0104602E0814230
:1034D00000DA08466080BDF90230BDF906108B4263
:1034E00001DD1D4600E00D46BDF90A00BDF90E20C4
:1034F000904201DD064600E01646B54205DD8B42EE
:1035000001DD184604E0084602E0904200DC104667
:10351000E080052220461146FAF745FCBDE8FF8110
:10352000018B808A081A401C00B27047C069814331
:1035300001D00020704701207047C069084000D0CA
:1035400001207047008C084000D0012070477FB5F3
:103550000D4606460221FFF7E9FF002820D0802112
:103560003046FFF7EFFFE8B902A93046FFF723F82E
:103570000022294602A8E9F7F3FA040012D04FF41A
:1035800080313046FFF7D2FF70B101206A46112129
:1035900000958DF804003046FCF700F99DF8040012
:1035A00004B070BD0020FBE72046F9E7F8B51446EB
:1035B0000D4656220646FFF767FEC0B2A0760228E7
:1035C00007D929463046FFF7DAFD022802D8002045
:1035D000A076F8BDFD2804D2A17E11FB00F0000A00
:1035E000A076A07E0228F4D929463046FFF796FE41
:1035F00000905822BDF800002946A0813046FFF710
:1036000043FE59222946A0823046FFF73DFE5A224A
:10361000294660823046FFF737FEA17F60F3020142
:103620003046A1772946FFF786FE5B2229462060B7
:103630003046FFF729FE2077F8BDF8B514460D4651
:103640000646FFF79CFD07465DB1022F09D8002012
:10365000E070A07684F8220084F82A0084F836000E
:10366000F8BDE078B0B1212230462946FFF70CFEC4
:10367000C0B2E07002280DD9202229463046FFF75B
:1036800003FE024629463046E9F789FF0090BDF85F
:103690000000A080322230462946FFF7F5FD00B237
:1036A000208428B394F8220010B3312230462946F2
:1036B000FFF7EAFDC0B284F82200022818D93022B0
:1036C00029463046FFF7E0FD024629463046E9F735
:1036D00066FF00903322BDF800002946E0833046A3
:1036E000FFF7D2FD94F8231060F3450184F823100E
:1036F00029463046FFF77AFDE084E8B194F82A00C5
:10370000D0B129463046FFF765FD022884F82A002B
:1037100012D929463046FFF763FD36222946208517
:103720003046FFF7B1FD024629463046E9F737FF3C
:103730000090BDF80000A084A07E80B3282230460F
:103740002946FFF7A1FD206148B3292230462946CA
:10375000FFF79AFDC0B2A076022820D92069FDF7B4
:1037600068F802283ED02A2229463046FFF78CFD11
:10377000024629463046E9F712FF00902B22BDF899
:103780000000294620833046FFF77EFD2C22294683
:10379000E0763046FFF778FD00B101202077FD2F5D
:1037A000BFF45EAFE278A57E94F8223094F82A0048
:1037B00012FB07F294F8361015FB07F513FB07F31D
:1037C000160AE67010FB07F02A0AA27611FB07F131
:1037D0001B0A84F82230000A84F82A00090A84F8B7
:1037E0003610F8BD29463046FFF7A5FD2946606131
:1037F0003046FFF793FD0090BDF800002083CEE730
:103800007CB50546E9F79BFE05F1140104466846C0
:10381000FAF781FABDF800006946001BADF8000018
:10382000BDF80200001BADF80200BDF80400204402
:10383000ADF80400BDF806002044ADF806002846A7
:1038400000F001F87CBD7CB50C460546FEF73AFF5A
:10385000FAF7D8FD00280FD021466846FAF75BFA40
:1038600069462846FEF708F9002805D02846FEF7E5
:1038700029FF6946E9F704FD7CBD0068002808D0EF
:10388000017E8907F9D0007E00F00300012800D0F6
:10389000002070470068002809D0017E11F00C0F4D
:1038A000F8D0007EC0F38100012800D000207047CE
:1038B00010B509490446FFF740FE08B1002010BDCD
:1038C0002046FEF773FF0028F9D00021FFF74BFCDC
:1038D0000028F4D0012010BD0100060010B5418C75
:1038E00041F001014184FEF765FF418C41F0040184
:1038F0004184FEF7E7FE4068002803D0BDE8104091
:1039000001F084BF10BD00002DE9F047994617462D
:1039100088468246FEF74AFE0025064624E000BFA0
:10392000DAF80810B9F1000F086850F8254005D002
:103930004FF480212046FFF7F9FDA0B9A38A628BDE
:10394000E18A03EB0800B4F818C03A44A082CB190E
:10395000E3820CEB08012183002341462046628369
:103960003A46FFF7D1FF6D1CB542D9D3BDE8F087C9
:103970002DE9FF47456816460F4604469DB30021D2
:103980002846FFF751FC002180462846FFF770FCCF
:103990004FF4802181462046FFF7C8FD48B1A98A2F
:1039A00007EB0803EA8A06EB090019440FB210443A
:1039B00010E02846FFF733F8AA8A02EB0801081A3C
:1039C000384407B22846FFF731F8EA8A02EB0901CA
:1039D000081A304406B228460021FFF7ACFB39181C
:1039E00030440FB206B2A08AE18A381A711A06B2C0
:1039F0000FB20EB9002F40D02046FFF701FF02A9F9
:103A00002046FEF759FE4FF0000875B1694628467A
:103A1000FEF7F0FD0022694602A8E9F731F85FEAF7
:103A2000000802D1284600F00DFEA08A628BE38ACE
:103A30003044218B3A44A0823B44E38231442183C9
:103A400000233146204662833A46FFF75DFF8DB181
:103A5000222122462846FBF7A1FE2046FFF7D0FE92
:103A60000022694604F11400E9F70AF8B8F1000FE2
:103A700007D104E02046FFF7C3FEBDE8FF8700281A
:103A8000FBD0284600F0DEFDF7E72DE9F0410D46BA
:103A90000646FEF7B6FFA0B93046FEF7B9FF04466A
:103AA0003046FEF78FFE00280BDA002C09DD40427D
:103AB000844200DB04462B4622B23046002100F04F
:103AC00069FC3046FEF796FF002825D13046FEF708
:103AD000D3FE04463046FEF72FFF0021074630464E
:103AE000FFF715FB01280BD0002F15DA002C13DD92
:103AF0007842844200DB04462B4621B2002206E0D5
:103B0000002C09DA002F07DD00222B462146304623
:103B1000BDE8F04100F03EBCBDE8F0812DE9F04782
:103B200086B08946866802A904464846FEF7C4FD69
:103B30004846E9F704FD0146024602A8FAF733F9C0
:103B400002AA314604A8E8F772FF4FF400250DF1F0
:103B5000100A20B929464846FFF7E8FC98B114211D
:103B60004FF0010822464846C4F808A0FBF716FEAD
:103B7000152122464846FBF711FE162122464846EB
:103B8000FBF70CFE01E04FF0000829464846FFF71E
:103B9000CDFC20B1306800907068019006E009F11A
:103BA000140231466846E8F742FF90B14846C4F82F
:103BB00008D0FEF7FBFC0025074608E0D9F808000E
:103BC000006850F82510204608F090FF6D1CBD429B
:103BD000F4D3B8F1000F10D0172122464846C4F89C
:103BE00008A0FBF7DBFD182122464846FBF7D6FD6F
:103BF000192122464846FBF7D1FDA66006B0BDE874
:103C0000F0872DE9F14F82B00298FFF751FE0028AE
:103C10007CD10298FEF7CAFD009000210298FFF7C0
:103C2000C0FB002182460298FFF7C1FB06460098C0
:103C300068B1FEF727FD81460098FEF709FD0546AD
:103C40004FF0640BCAF34130012803D012E0324632
:103C50005146A4E02AF4C040B0F5FA6F0ADCB0F592
:103C60007A7F01DDC0F57A7000FB09F090FBFBF074
:103C70000FFA80FAC6F3413001280DD126F4C04076
:103C8000B0F5FA6F08DCB0F57A7F01DDC0F57A7027
:103C9000684390FBFBF006B2029800216B22FFF70D
:103CA000F3FA07B2029800216C22FFF7EDFA02B294
:103CB0000298FFF735FC80460298FEF736FD044671
:103CC000C7F3413001280ED127F4C040B0F5FA6F98
:103CD00009DCB0F57A7F01DDC0F57A7000FB08F0F1
:103CE00090FBFBF007B2C2F3413001280DD122F462
:103CF000C040B0F5FA6F08DCB0F57A7F01DDC0F5A1
:103D00007A70604390FBFBF002B200E05AE0B11819
:103D10000AEB07000FB206B202980021FFF7E8F99C
:103D200050B1012839D0801E082836D2DFE800F0D3
:103D30000B1320242E183D4000980021FFF7E1F9D5
:103D4000012808D029E009EBD97108EBD870491097
:103D5000A1EB600001E0A9EB0800304406B21CE0D2
:103D600005EBD57004EBD4714010A0EB610000E0CE
:103D7000281B384407B210E009EBD97108EBD87062
:103D80004910A1EB6000304406B2F1E7291BA9EB12
:103D900008003044394406B20FB231463A46029820
:103DA00003B0BDE8F04FFFF7E3BDA9EB080006E064
:103DB00009EBD97108EBD8704910A1EB60003044D1
:103DC00006B2CDE7BDE8FE8F2DE9F04F0446408CEA
:103DD00087B0010501D540057ED42046FEF7E6FCFC
:103DE0005FEA000878D02046FEF746FD01900026E5
:103DF000608C4FF4FA6B42F2D17A000503D520466D
:103E0000FFF78EFB5DE000212046FFF7BEFA50452C
:103E1000054601D1012600E00026C5F34130012806
:103E200005D125F4C040584501DC012000E0002008
:103E300081464046FEF726FC074626B12046F0F7AD
:103E400071F805462BE0B9F1000F28D0B8F8220030
:103E5000000518D400214046FFF797FA504512D1CB
:103E600000212046FFF767F9002105462046FFF7AD
:103E7000DBF900EB050920460021FFF7E7F94119BE
:103E800001EB09000AE025F4C040B0F57A7F01DDBE
:103E9000C0F57A707843642190FBF1F005B22046BA
:103EA00000210222FFF7F0F90FFA80F920460021E5
:103EB0000322FFF7E9F902B23B4649462846F9F7E3
:103EC000F3FF07462046FEF7A3FD00904FF00009E0
:103ED000618C480505D500E06CE02046FEF725FC26
:103EE00054E000212046FFF732F9A0F51C510546A9
:103EF000D13907D05FF00000C5F341318146012977
:103F000002D007E00120F7E725F4C040584501DC66
:103F1000012000E0002083464046FEF799FBB9F1FE
:103F2000000F824604D02046EFF78AFF05461BE0CB
:103F3000BBF1000F18D0B8F82200400507D40021CB
:103F40004046FFF704F9A0F51C51D13936D025F4CD
:103F5000C040B0F57A7F01DDC0F57A70642100FBC6
:103F60000AF090FBF1F005B2204600210522FFF790
:103F70008BF90FFA80FB204600210622FFF784F917
:103F800002B2534659462846F9F758FF56EA090641
:103F9000054605D000232046DDE9002100F0FBFAAC
:103FA0002046FFF7BDFAB8421BD12046FEF7BDFB05
:103FB000A84216D1002007B0BDE8F08F00212046AE
:103FC000FFF7B9F8002105462046FFF751F900EB4D
:103FD000050B20460021FFF715F9411901EB0B00F5
:103FE000C1E72046FFF70CFC02A92046FEF764FB60
:103FF00004A94046FEF7FEFA002204A902A8E8F749
:104000003FFD060002D1404600F01CFBE08A6D1E19
:104010000021284460832046FFF773F801281CD054
:10402000A08A7F1E384420832921204602AAFBF75C
:10403000B5FB222122464046FBF7B0FB2046FFF7A6
:10404000DFFB608C002204A940F00200608404F1D0
:104050001400E8F715FD36B904E0208BC01B401CA6
:10406000A082E1E710B1404600F0ECFA204600F0F3
:1040700002F801209FE738B50446E9F760FA0546E3
:104080006A460020ADF8000013212046FBF786FBAE
:10409000BDF90000A84202D02046FFF7B1FBA0689E
:1040A00018B1BDF80010C18209E0BDF8000030B1C0
:1040B0002046FDF7BFFCA168BDF80000C882BDF92D
:1040C0000000A84202D02046FFF79AFB38BD70B529
:1040D00000210546FFF759F9002104462846FFF75D
:1040E00036F842F2D172944203D0904201D00020BF
:1040F00070BD2846FFF7F2FB012070BD2DE9F84F97
:1041000004464D4890460D46007800286FD0204662
:10411000FFF776FB0421404605F47F0501F05CF9CA
:1041200002210646404601F057F9012181464046EA
:1041300001F052F910210090404601F04DF9074678
:104140004FF6FF7BEEB1B5F5702F12D08DB1002187
:1041500020460422FFF798F800B242F2D17A504587
:1041600007D0002120460122FFF78EF800B250450B
:1041700044D1002220462A21FBF710FB2046FFF7FE
:10418000ADFB4FF4702A554500D07DBBD84500D01B
:104190002EB12046FEF70AFB08B1FFF79FFB5545FD
:1041A00000D01DBB17B3002120466E22FFF76CF82C
:1041B00000B240B9002120466D22FFF765F800B239
:1041C000B0F5807F01D002270AE00021204661225D
:1041D000FFF75AF8C0B2FF2801D0012700E00027FE
:1041E000A06828B1817E67F38711817606E020E020
:1041F00027B12046FDF71EFCA068F3E75F46B845EF
:1042000002D0B9F1000F02D02046FFF734FF20465C
:10421000FFF7F6FAB84504D0009949EA06000842CB
:1042200007D0B5F5803F04D02046BDE8F84F08F030
:104230003FBEBDE8F88F0000540201242DE9F04193
:104240000446408C15460E4604220021C0F305109A
:104250000BE000BFE36802EBC107DB59DF0103D5C8
:1042600023F07F43AB4202D0491C8842F2D88842F7
:1042700002D10020BDE8F081E06850F831003146FD
:1042800001F0B2F828B1324629462046FFF736FF42
:1042900001E00028EED00120ECE72DE9F05F4FF6B9
:1042A000FF7A05461FFA82F856460F0002F47F098E
:1042B00002D0F87900B900260024214658E0EA68C7
:1042C000042000EBC40BD04552F80B0083B2C0F3BE
:1042D000074C4FEA0C4C01D0434509D1B9F5702F7A
:1042E00001D0CC4504D12FB152F83420BA4201D0CC
:1042F000641C3DE0800105D500235246494628460E
:104300000AF03AFDE86850F80B10CA0101D489019F
:104310000CD550F8340001F0C8F8E86850F83400C3
:10432000FDF7CEF9E968002041F834000823204663
:104330000AE0E96803EBC0020A4401EBC001401C3B
:10434000D2E900C2C1E900C2698CC1F30511491E5E
:104350008142EED8688C0109491E61F30910688416
:10436000C0F30511E868C900FDF7CEF90121E86046
:10437000688CC0F30510A042A1D8002908D0002EF7
:1043800006D0324649462846BDE8F05FFFF7B6BE84
:10439000BDE8F09F2DE9F04116460D4692B0074664
:1043A00051EA06007AD0012B1DD03E493846F9F774
:1043B000CBFB3D493846F9F7C7FB002238460921B7
:1043C000FBF7ECF9012869D1324629463846E9F76E
:1043D000C2F8012862D112B0384600220A21BDE895
:1043E000F041FBF7DBB93846FEF76CF980466846CA
:1043F000F9F7F2FB2D484FF4C874009703902DB3E2
:104400004046F9F7ADFF40102A460021F9F72AFC93
:10441000C82801D2C82002E0A04200D920460B9053
:104420003846FEF7FCFA291A6A4640420890CDE960
:1044300009011D48092101901D4807903846FBF7E6
:10444000ADF901282AD16846F9F71AFC002E25D0CB
:104450004046F9F7C1FF401032460021F9F702FC4F
:10446000C82801D2C82002E0A04200D920460B9003
:104470003846FEF7DBFA311A6A4640420890CDE929
:104480000901084809210190094807903846FBF7BF
:1044900085F9012802D16846F9F7F2FB12B0BDE8B0
:1044A000F0810000ABD9020893D902087DD602083A
:1044B0000DDC01082DE9F047154699460C46824669
:1044C00051EA050065D0504600F0E0FA5046FEF78C
:1044D000A6FA40420FFA80F808EB040004B25046F6
:1044E0000021FEF714FE012813D0002C13DC25DA7E
:1044F0005046FEF7C1F906465046FEF71DFA304415
:1045000000B2002800DA00204042844216DA04B2E9
:1045100014E0002C02DA4FF000040FE00EDD5046EC
:10452000FEF7AAF906465046FEF706FA304400B2F6
:10453000002800DA0020844200DD04465046FEF7E1
:1045400075FA404206B2701905B2002D02DD4FF037
:10455000000510E00FDA5046FEF75AFA07465046BB
:10456000FEF730F9384400B2002800DA002040425B
:10457000854200DA05B2AA1BA4EB080001B212B210
:1045800051EA020005D04B465046BDE8F047FFF720
:1045900001BFBDE8F08770B51D46164604461A46B1
:1045A00000F024F82A4631462046BDE8704000F06D
:1045B00033B8F8B50E46044600F068FA00200090C3
:1045C0002046FEF7F3F804F1140705460AE03346E7
:1045D0006A462146384609F057F82C462046FEF731
:1045E000E5F80546002DF2D1F8BD000070B514467F
:1045F0000D4608490646F9F7A7FA3046FEF70FFAC6
:10460000401B234601B23046BDE870400022FFF750
:1046100051BF000093D9020870B514460D460849F1
:104620000646F9F791FA3046FEF700FA401B23469A
:1046300002B23046BDE870400021FFF73BBF0000EA
:10464000ABD902081FB502AA04466946FEF7F6F97F
:104650006846F9F78DFB20B902A8F9F789FB002815
:1046600010D06846F9F784FB18B169462046FFF779
:10467000EAF802A8F9F77CFB002803D002A920463B
:10468000FFF7E1F81FBD38B500230C4604210546AD
:104690006A46FEF76BF8012807D0002804D10022F3
:1046A0002146284600F03EF938BD0098A042F6D1D8
:1046B00038BD2DE9F04115460C461F460646194601
:1046C000F5F7C8FD2A46214600F004FF2246394688
:1046D0003046BDE8F041FFF711BD70B51546044600
:1046E00000F074F929462046BDE8704000F084B916
:1046F00070B50C460546FDF79DF9A868017E01F0EE
:104700000302A24207D064F3010101762846BDE806
:104710007040FFF775B870BD70B51546044600F0DF
:104720003FF929462046BDE87040FFF7ACBF0000C6
:104730002DE9F34F8FB08246008C109988427DD0CE
:1047400004905046AAF82010109A0499E8F7EAFF5E
:104750005FEA000872D04FF420742046FCF750FF47
:1047600021460290FDF776F80024204672E000BF53
:10477000DAF80C00042202EBC90500EBC9010D9127
:10478000405920F07F4000F050F90090DAF80C001A
:10479000405920F07F4000F045F9069010990098AC
:1047A000884355D10D984068800151D40D986721F8
:1047B0000AAA006800F0FAFC012849D10A9D0027E6
:1047C00040E000261EE000BF029806EB860100EBE9
:1047D00081010E91D1F804B0584600F026F90890F6
:1047E000584600F01FF92A680E9932F817200989F7
:1047F0008A4206D10699884203D1009908988842D6
:1048000002D2761CA642DFD3A6421AD1029B04EB49
:1048100084010298AA8900EB810023F82120298ACB
:104820004180A968C160296831F817100181696861
:1048300001610D99496821F07F4100E04DE0641C61
:1048400041607F1C286830F8170008B1202CB8D3CD
:1048500009F101008146BAF82200C0F3051149456B
:1048600001D9202C84D3002510E000BF029805EB6D
:10487000850100EB8106706800F0D4F8109B0146BA
:10488000049A50460096E8F7ABFE6D1CA542EDD3A6
:104890000298FCF703FFB8F1010F0ED0B8F1030F37
:1048A00011D0B8F1020F18D15046FEF7A9FF11B090
:1048B0005046BDE8F04FFFF7DEBB11B05046BDE8F3
:1048C000F04FFEF79DBF11B050464FF470214FF6E8
:1048D000FF72BDE8F04FFFF711BC11B0BDE8F08FDB
:1048E00007B481B01346BDF80810ADF800102021C0
:1048F000009A04B0FFF7DDBE13460A462121FFF7F8
:10490000D8BE07B481B01346BDF80810ADF800104A
:104910003021009A04B0FFF7CCBE13460A4632217C
:10492000FFF7C7BE13460A460421FFF7C2BE13466F
:104930000A466021FFF7BDBE13460A461221FFF763
:10494000B8BE13460A461021FFF7B3BE13460A4607
:104950000B21FFF7AEBE13460A465B21FFF7A9BE47
:1049600007B481B01346BDF80810ADF8001055210A
:10497000009A04B0FFF79DBE13460A465721FFF781
:1049800098BE13460A460121FFF793BE13460A4616
:104990000721FFF78EBE13460A460821FFF789BE9E
:1049A00038B500230C46012105466A46FDF7DEFEB8
:1049B000012807D0002804D1002221462846FFF70D
:1049C000E0FF38BD0098A042F6D138BD38B50023CD
:1049D0000C46072105466A46FDF7C8FE012807D0A8
:1049E000002804D1002221462846FFF7CFFF38BD1A
:1049F0000098A042F6D138BD38B500230C460821F6
:104A000005466A46FDF7B2FE012807D0002804D10A
:104A1000002221462846FFF7BEFF38BD0098A0427D
:104A2000F6D138BD00F47F00704780B270472DE9A1
:104A3000F0411E4615468846070025D0E8F785FD5B
:104A4000022813D000249EB13DB13846FDF7AEFEDA
:104A500033462A464146FFF7EAFF002C14D032467F
:104A600041463846BDE8F0410AF004BA0124EAE7BD
:104A700024B13246414638460AF0FCF9002D03D0F5
:104A80003846FDF793FED7E7BDE8F08170B50B4DD2
:104A90002978002911D101212970FDF78BFE0446E8
:104AA00006E000BF20F0040060842046F8F73AFCDE
:104AB000608C4107F6D40020287070BD4C020124A0
:104AC000132808B505D3F9F743FA0090BDF80000A4
:104AD00008BD024901EB4000008808BD5878040871
:104AE0002DE9FE4F0C00174605461E4602D1B7F5CC
:104AF000807F72D02888002C3188A0EB010001B2A1
:104B0000298070886A88A2EB000000B2688066D0B5
:104B1000DFF8FCB0DBF80000A04244D0B4F5616FD0
:104B2000204601DDA4F56160002801DA00F561602E
:104B30000A2190FBF1F8C8F100030FFA88F203EBA9
:104B4000830308F1010A00EB4309104600F074FFEB
:104B500002900FFA8AF000F06FFF08F15A010190FD
:104B600008B200F069FF0AF15A01009008B200F0A3
:104B700063FF0299C9F10A020346DDF804C04FF051
:104B80000A0802FB01F000990CFB09004A4303FBF1
:104B9000092190FBF8F091FBF8F1CBF800404211AD
:104BA0004911CBE90121DBE90132B5F90010B7F574
:104BB000807FB5F9020034881BD002FB01FC594309
:104BC00003FB10C302FB00107B43784304EBA341BB
:104BD0002980718801EBA0406880BDE8FE8F794391
:104BE0003288784302EB21212980598801EB20206B
:104BF000F2E702FB01F7594303FB107302FB0011BC
:104C000004EBA3202880708800EBA120E4E70000DB
:104C1000CC02012430B5B0F90420B0F900300D8881
:104C2000D21A448802EBD272521098184B88291A73
:104C3000A018181A11FB01F112FB02F210FB001070
:104C4000904201D8012030BD002030BD00B58FB0AA
:104C50006846F8F78DFD0748007848B99DF80000D0
:104C6000022805D1F0F7E8FE10B101200FB000BD19
:104C70000020FBE71C02012470B519480021F8F759
:104C80009BFD184D4FF0010430B3DEF7EAFCF8F756
:104C900047FE08B3144A4FF4D2531448A2F55251B8
:104CA000F9F768FA11481C30F9F774FA0F484FF415
:104CB0008C72F0211C30028041800C49C1600C498B
:104CC00041610C498162016921F003010161F9F739
:104CD0008BFA08B1012070BD2C70002070BD00005F
:104CE00059EE02081C0201248034002488B70224F3
:104CF00035810108D9810108F8F7ACBDF8F738BD56
:104D000030B58FB005466846F8F732FD104C607834
:104D1000D8B99DF83800C0B96068B0B99DF80000F6
:104D2000032812D1F0F788FE78B10120607009489D
:104D30000021F8F741FD40B12846F8F7F1FD20B118
:104D40000020207001200FB030BD0020FBE70000E4
:104D50001C02012459EE02083EB502000C4624D084
:104D6000002C22D094E80B008DE80B00607800F056
:104D70003DF869468DF801001046F0F745F99DF8B9
:104D8000012000210C48062A0ED2DFE802F00D03B4
:104D9000050F11130A2200E0142242602278022A31
:104DA00002D0012A01D1012101703EBD1322F4E796
:104DB0001122F2E71222F0E72402012410B5044682
:104DC0000848FBF748FD0748022101700649416089
:104DD000FBF756FD002803D02146FBF786FE012095
:104DE00010BD0000F4B70224E1C40108022807D076
:104DF000032807D0042807D0052800D103207047D6
:104E00000520704704207047022070472DE9FC41BF
:104E100000250E46143107462A46E7F731FE0028E2
:104E200026D001213046FEF781FB00BB3046E8F773
:104E30008CFBE0B900206A4612218DF80000304654
:104E40000197FAF7ABFC9DF8000002280FD030461E
:104E5000FDF7ACFB401E04000ED4B068006850F8AB
:104E600024103846FFF7D2FF050009D102E00020E8
:104E7000BDE8FC81641EF0D59DF8000000B9354600
:104E80002846F5E72DE9FC41DFF8B48000254FE026
:104E9000294491F83011E9BB002441E0011991F84F
:104EA0003011C1BBA5423AD000EBC40100EBC500F4
:104EB00030303031E7F738FE68B37068B04600EB49
:104EC000C40200EBC501684630313032E7F7DBFE43
:104ED0006846F8F74DFF0646D8F8040000EBC50019
:104EE0003030F8F745FF0746D8F8040000EBC4005F
:104EF0003030F8F73DFF3844864210D2D8F804002D
:104F00004646694600EBC5003030F8F70DFF716882
:104F1000012001E00BE002E0214481F83001641C33
:104F2000D8F804004646B0F85011A142B6D86D1C1E
:104F3000D8F80410B1F85021AA42A9D8BDE8FC81E4
:104F40005802012410B5F9F7F3F9BDE81040F9F75C
:104F50002DBA00002DE9F047A6B0994615468846BF
:104F60000646DDF8B8A0FDF7ADFB0446FFF7EAFF03
:104F7000B042074675D0A069B04272D0B8B108F00F
:104F800053FBA0690021F8F7DFFD0022A06911465C
:104F9000FFF7A3FBA06900226021FFF74FF994F807
:104FA0002800800702D53846FCF7ACFFA769606986
:104FB000A66138B194F82810890703D5FCF7A2FF41
:104FC00000206061B8F10A0F404655D00B2853D03D
:104FD0000C2851D00D284FD0B8F10E0F4CD0002125
:104FE00094F8280061F3000000216AF3410084F87E
:104FF00028003046F8F7A8FDFFF7A4FF0021F8F7D6
:10500000A3FD002230461146FFF767FBFFF79AFF2A
:1050100000221146FFF761FB002230466021FFF7B6
:105020000DF9FFF78FFF00226021FFF707F955EA1E
:10503000090023D014A8F8F7CFFD5648169056481B
:105040001496C9F10006179003A8CDE91F56F8F78A
:10505000C3FD2069B8F10F0FCDE90E56039026D29B
:1050600000E014E0DFE808F0161A242A3037475B26
:105070006C7D8240516476000121B1E7304608F032
:10508000D3FABAF1000F02D03846FCF73BFF26B046
:10509000BDE8F08741481590002004E03F48159096
:1050A0002046F9F75DF900211C90CDE91D0164E06F
:1050B0003A4815902046F9F753F90AE03848159018
:1050C0002046F9F789F9EEE7354815902046F9F7BB
:1050D00083F94042E7E7314815902046F9F740F957
:1050E00000211C90CDE91D012C480025049020468C
:1050F000F9F736F922E0294815902046F9F730F9FA
:1051000040421C900021CDE91D0124480025049057
:105110002046F9F725F9CDE90C500B952DE02048F4
:1051200015902046F9F758F900211C90CDE91D0192
:105130001B48002504902046F9F74EF94042EAE763
:10514000174815902046F9F747F940421C90002176
:10515000CDE91D011248002504902046F9F73CF9DD
:10516000D9E7104815900020FF219DE70D480490D5
:10517000FF2000210B90CDE90C01002238462521AB
:10518000FAF70CFB14A8F8F77BFD03A8F8F778FDF5
:105190007DE7000005D60208ADD5020815DE02083D
:1051A0001BDE02084F80020800F052B870B51446AA
:1051B0008288C379A2F57F45FF3D07D07BB3012BE1
:1051C00035D90668002206EB83052DE0002213E0A6
:1051D000056805EBC2052E8826F440468E420AD1AA
:1051E0002888010429D4400401D5304614E06868B9
:1051F0002060012070BD521C9342E9D825E000BF19
:1052000035F8120020F4404088420CD135F81210D5
:105210000B0412D4490403D500F074F8E8E714E055
:1052200006EB82000FE0521C9342E9D80DE022F415
:1052300040438B4209D1110401D5022070BD5104B5
:1052400001D51846E8E70068D2E7002070BD0000ED
:1052500070B514468288C379A2F57F45FF3D07D01B
:105260007BB3012B35D90668002206EB83052DE0C0
:10527000002213E0056805EBC2052E8826F440469F
:105280008E420AD12888010429D4400401D5304631
:1052900014E068682060012070BD521C9342E9D878
:1052A00025E000BF35F8120020F4404088420CD1C0
:1052B00035F812100B0412D4490403D500F022F87B
:1052C000E8E714E006EB82000FE0521C9342E9D8B5
:1052D0000DE022F440438B4209D1110401D5022094
:1052E00070BD510401D51846E8E70068D2E70020F8
:1052F00070BD0821FCF7AEBAC07908B10020704734
:10530000012070471CB545284FF000024FF0FF0107
:1053100055D01EDC302844D00EDC222841D006DCDB
:10532000032853D0062851D0202830D135E0252835
:1053300045D029282BD142E0362832D004DC312850
:105340003DD0332823D13CE0372838D044281ED123
:1053500027E0552825D00EDC4E2830D006DC462824
:105360002DD047281DD04D2811D11AE0522818D031
:1053700053280CD123E0602821D004DC56281ED00D
:10538000572804D120E0612819D06D2802D000925E
:1053900000981CBD4FF4807014E0FF2211461046A7
:1053A00002E0002211461046F8F793FE0190BDF886
:1053B00004000190BDF80400ADF80000E8E700919A
:1053C000E6E70F200090E3E70248FBE741F6FF70B5
:1053D000F8E7000080EC030810B50C46E8F7A8FADF
:1053E000204000D0012010BD2DE9F0410F468188FA
:1053F0000446A1F57F40FF3855D0E07900284DD014
:10540000012804D02668002106EB800549E021F43C
:105410004040B84247D10020A080E0713DE000BF8D
:1054200035F8112022F44042BA4239D1022813D073
:10543000401E00EB40004000FCF7B0F8010032D005
:10544000E3790020216002465B1E03F0FF0C84F824
:1054500007C001EB8C0319E00120E07121B128881D
:10546000A0803068206015E06888A0807068F9E747
:1054700035F810C0BC4508D056F820C041F822C00D
:1054800035F810C023F812C0521C401C94F807C015
:105490008445EDD23046FCF713F90120BDE8F081D8
:1054A000491C8842BCD80020F8E710B50446808823
:1054B000A0F57F41FF390BD0E079012802D920689F
:1054C000FCF7FEF82046BDE810400821FCF7C2B901
:1054D00010BD0000014B00F007B80000E1540208C5
:1054E00010801960704700002DE9F047044680885D
:1054F00089461D46A0F57F41FF3968D0E17929F43E
:10550000404617464FF00108012936D9236808465E
:1055100003EB81020BE000BF32F810C02CF4404CCA
:10552000B44504D103EB800302EB40022CE0401EA3
:10553000F2D5491C01EB410041001846FCF7E4F8A4
:10554000020044D0E079226002EB800106E000BF57
:1055500001EB400C31F81030ACF80430401EF7D5A8
:10556000E0793946401CC0B2E07102EB800303EBE6
:1055700040024846921E1B1F20E02AD120F44040E2
:10558000B04207D1221D234639464846AC46BDE805
:10559000F04760470C20FCF701F8002817D021687D
:1055A0002060E279521CD2B2E271A38800EB820241
:1055B00022F8023B031D016039464846A8473046A1
:1055C000E8F7AFF9A27908FA00F10A43A271BDE841
:1055D000F087221D234684F80780EDE770B5044666
:1055E00000F010F805000AD0054A00212046FEF719
:1055F00054FE21462846BDE87040EDF7B5B970BDB0
:10560000FFFF0F0010B510B1FDF75CF801E0F8F7EF
:105610008FFEBDE81040F8F7D9BE10B5044600F083
:1056200003F8001B10BD00000349012248680A70FE
:105630000B78002BFBD07047B802012403490022ED
:105640000A704A681044486070470000B80201249C
:105650002DE9F04115460E4607460D48E7F7B6FE20
:10566000040010D00021A7604FF0FF302660C4E98D
:105670000401FFF7D9FF074960600120E560087168
:105680002046BDE8F081EFF769F90020F9E7000056
:1056900014B902240803012410B504460146054844
:1056A000E7F70AFF04490120C8702046BDE8104012
:1056B000FCF706B814B90224080301242DE9F047C9
:1056C000494CA07810B10120BDE8F0870120A070FE
:1056D0002078002628B1FFF7A7FF5FEA000902D073
:1056E00007E0A670EFE72069401C2061642800D91C
:1056F00026614FEA06083D4D84F803803C4884F853
:105700000480E7F73EFE286037E03948E7F74BFEB4
:105710002E680746307DC0072ED18246304600F005
:1057200078F888B93069B0F1000A01DD401E3061B7
:10573000FFF77AFFB168706021B1BAF1000F01D0B4
:10574000304688474FF0010AE07820B9306910B937
:105750003046FFF7A1FFBAF1000F0DD02079E178B4
:10576000084309D028680028C6D100BF20484FF060
:10577000FF36E7F706FE11E02F6029680029C4D143
:10578000F4E7287DC00705D1284600F042F8B04272
:1057900000D2064616482946E7F705FE0500F0D177
:1057A0004846FFF73AFFE1680844E060A068FFF769
:1057B00034FFB0F5FA7F13D3E16864225143B1FBA3
:1057C000F0F0C0B26070642801D9002001E0C0F19F
:1057D000640060702546C4F80C80FFF725FFA860C0
:1057E000304684F802806FE708030124DC020124BC
:1057F00014B9022401214161704710B50446FFF736
:1058000013FF2168401A401E606010BD00214161F5
:10581000704710B504464068FFF7FFFE21688142DB
:1058200001D8002010BD081A10BD70B5083A0C460A
:10583000034602F00300111AA00705D1A1F10C00E4
:1058400047F6F572904201D3002070BD2078251FE5
:1058500000F00300084320F0020040F00101184668
:1058600021602946EEF78DF92846EEF7C2F9017955
:1058700002214160204670BD70B5810701D0002033
:1058800070BD002380601946C0E9030300EB810569
:10589000002200EBC1146B6104EB8206521C202A2B
:1058A000B063F9DB491C0929F0DB70BD70B50C460B
:1058B0000546FFF7E1FFA4F59762064605F59761F7
:1058C000FFF7B3FF304670BD2DE9F0414FF0000601
:1058D00041B3A1F1080405462079C00701D0EFF7D4
:1058E0003DF866682046EEF7DEF92079800711D58D
:1058F00027680FB9EFF732F83879C00701D1EFF711
:105900002DF839462846EEF73DFA21463846EEF79F
:105910001AF9044628462146EEF7DFF901462846E3
:10592000EEF72FF93046BDE8F08170B50A4605461E
:1059300004211046E8F706F9044601462846EEF72A
:105940005EF9014622462846BDE87040EEF7F0B900
:105950002DE9F05F0C00904681464FF000053AD0EB
:10596000B8F1000F33D0A4F108052846EEF7D2F9BC
:1059700069688246406821F0030620F00300304445
:1059800000F1040B40460421E8F7DCF8B045074677
:1059900000D92FB32879C00701D0EEF7DFFFB74257
:1059A00021D99AF80400C00701D05F451BD94146B0
:1059B0004846FFF7BAFF05003BD04645404600D3B6
:1059C0000646214632462846FBF7BAFE214648469F
:1059D000FFF77AFF2DE01146FFF7A7FF054628E005
:1059E0000020BDE8F09FB74206D929464846EEF7A9
:1059F00074F92846EEF764F928792E464D46C0071B
:105A000001D0EEF7ABFF39463046EEF7B0F878B18B
:105A100039463046EEF7C7F90146406820F00200EB
:105A200048602846EEF759F901462846EEF7A9F8EE
:105A300025462846D5E700004FF4B47190FBF1F2FB
:105A400001FB1200002802DA00F5B47000B20E4922
:105A50005A2802DA31F910007047A0F15A025A2A86
:105A600003D2C0F1B40000B2F4E7A0F1B4025A2AA4
:105A700001D210B202E0C0F5B47000B231F81000EB
:105A8000404200B270470000D47904082DE9FF4F6E
:105A900083B05FEA0009119F6FD099F800000028D9
:105AA0006BD00498002879D01098800702D541F671
:105AB000FF700690424A00240094A34601942546B4
:105AC00026464FF0FF38526869464846904782465E
:105AD0000098019058E03A4A01A948465268904718
:105AE0008346109806F10106C00709D01298514666
:105AF000E7F7E4FF20B1DDE90040DA46009043E03B
:105B000004985A465146F9F747FF00B229180DB2DA
:105B1000002802DD0598284405B2B8F1FF3F05D101
:105B20000598291A0698814200DDA0465046BAF130
:105B30000A0F1AD0BAF10D0F17D0014645F2A5127F
:105B4000A0F59C40904210D9002005E01DA2125CF7
:105B50008A420AD0401CC0B21AA2125C002AF5D1B7
:105B600077B1B8F1FF3F0AD00AE024B9B8F1FF3F9E
:105B700001D107B13D60761E0AE01FE00EE03D60F6
:105B8000DA46DDE90041009119F804000028A2D1AD
:105B9000B8F1FF3F05D0139868B1404607B0BDE8A3
:105BA000F08F2EB1BAF10D0F03D1BBF10A0F00D166
:105BB000009C2046F2E70FB1002038600020EDE79E
:105BC0001C030124202C2E3B3A2D5F002DE9FF4FB2
:105BD00083B004464FF0000093460F00DDF848A064
:105BE000DDF840902080608049D0BBF1000F46D0A6
:105BF0005FEA8A7002D541F6FF7011900025BBF86C
:105C00000860A84625E07819002100915946CDE9A1
:105C100001A0119B069AE7F7D1FE8044B4F9020077
:105C200006EB09028118B1F5004F28D230445A46DC
:105C300048446080069BA8EB05010298CDF800A0BF
:105C400000F022F8B4F90010814200DB0846454616
:105C50002080785D0028D6D15DB1781910F8010C4C
:105C60000A2801D00D2804D1618806EB09000844F8
:105C70006080B4F9021029B1A1EB0900608007B07F
:105C8000BDE8F08F6680FAE72DE9FF4707001E4662
:105C900090460D46DDF830900CD0B8F1000F09D0D9
:105CA0003878002807D00020009004468DF80800BE
:105CB000EDB923E0002004B0BDE8F08703AA6B46ED
:105CC00001A93846E7F762FE5FEAC97004D001997E
:105CD00002A8E7F7F3FE50B9039A40460199F9F795
:105CE0005BFE00B2002802DD2044304404B200987C
:105CF000A842E3D3002C01DDA01B04B22046DAE762
:105D00002DE9F0410024DFF82C800F460646254699
:105D100007E0D8F800103019884700B901206D1C41
:105D20000444BD4202D2305D0028F2D12046BDE8D5
:105D3000F08100001C030124F8B50746074E00203F
:105D40000D460446009004E0726869463846904764
:105D5000641C0098A842F7D32046F8BD1C03012418
:105D6000F8B50024074E05462046009405E0726809
:105D70006946284690470098641C285C0028F6D1A4
:105D80002046F8BD1C03012478B504464FF00005F9
:105D9000009501B969460A68A05C030601D405466E
:105DA0003AE006260223B6EB501F09D1521C0A60C6
:105DB000C006A45C400D2AE004F03F031D182BE050
:105DC0000E26B6EB101F05D1521C0A600007A55C19
:105DD000000C12E01E26B6EBD00F1DD1521C0A603B
:105DE0004007A55CC00AB3EB951F13D1521C0A6093
:105DF00005F03F06A55C00EB0630B3EB951F09D11B
:105E0000521C0A6005F03F05A45C00EB8510B3EB63
:105E1000941FD1D0002078BD521C28460A6078BD5E
:105E2000F8B50746086800250E4E401E0C4608606F
:105E300002E0042D13D2206831683844884718B92D
:105E4000216861B1491E21606D1C0028EDB2F0D0BF
:105E5000206869460090384672689047F8BD002077
:105E6000F8BD00001C0301240078010601D40120C4
:105E700070470621B1EB501F01D1022070470E215F
:105E8000B1EB101F01D1032070471E21B1EBD00FE1
:105E900001D104207047002070470000384A0020DC
:105EA0001168890311D4BFF34F8FBFF36F8F35494A
:105EB0000860BFF34F8FBFF36F8F116841F400315B
:105EC0001160BFF34F8FBFF36F8F1168C90322D4E6
:105ED0002B4970310860BFF34F8F081F43F6FF74E2
:105EE0000068284D1035C0F34E31C0F3C90304EAF1
:105EF0004116184646EA80772F60401EFAD2491EA6
:105F0000F5D2BFF34F8F106840F480301060BFF3BC
:105F10004F8FBFF36F8FE0F7ADFBE4F7ABFBE3F719
:105F200097FDE3F725FCE3F75DFCE3F797FCECF75F
:105F30003FFD08F0E3F9E0F783FB0446E0F786FB5A
:105F40004440E0F789FB4440E0F774FB4FF0E02168
:105F50000D4A896944400D4852684C4054404440C1
:105F600000D10124E0F766FB4FF47A712246A0FBD2
:105F70000101EAF713F9E3F7ABFC02F073F8FEE76F
:105F800014ED00E050EF00E0001000E026207EA3BA
:105F9000842801464FF0000000D0C81C7047000064
:105FA0002DE9FF4F8BB0CC884F8806468A881D4666
:105FB000DDE919BA0B885FEA0A00A4EB0700A2EB3F
:105FC000030100F101000FFA80F8584601F10101C8
:105FD0000FB205D0FD286ED90020A7F1040B33E1E4
:105FE000FD2813D37F0000240BE03A4629463046B3
:105FF000FBF7A6FB0D98641C06EB4006189805EB12
:1060000040054445F1DB0FB0BDE8F08F002021E0F2
:10601000002415E006EB440A5A4605EB4401BAF8A1
:106020000000ADF818000888ADF81400DDE905019E
:10603000F8F766F80590641CBDF81410AAF8001073
:10604000BC42E7DB0D9806EB4006189805EB4005CF
:1060500009F1010040458146DADBD4E70024D1464E
:106060001CE000BF99F80020AAB1FF2A1CD006EB63
:106070004400069005EB44010088ADF82400088830
:10608000ADF82000DDE90801F8F73AF80790069826
:10609000BDF81C100180641C09F10109BC427EDAC4
:1060A0005FEA8970DED17AE005EB440006EB44013B
:1060B00000880880EFE7D3E0D9F80000F0B3401C77
:1060C00072D099F80020AAB1FF2A79D006EB4400DB
:1060D000099005EB44010088ADF820000888ADF870
:1060E0001C00DDE90701F8F70BF806900998BDF8E8
:1060F0001810018009F10100059099F80120AAB15A
:10610000FF2A64D006EB4400099005EB4401408867
:10611000ADF81C004888ADF82000DDE90710F7F75E
:10612000EFFF06900998BDF8181041800598401CB3
:1061300005900278BAB1FF2A50D000E02CE006EBBF
:106140004400089005EB44018088ADF8240088885D
:10615000ADF81C0009990798F7F7D2FF0690089848
:10616000BDF81810818005984278AAB1FF2A3CD06A
:1061700006EB4400089005EB4401C088ADF81C0014
:10618000C888ADF81800DDE90601F7F7B9FF0590FA
:10619000BDF814100898C180241D09F104095C455C
:1061A0008ADB45E000E00BE005EB440106EB440030
:1061B0000A8802804A8842808A888280C988EAE701
:1061C00005EB440006EB44010088088092E705EBEC
:1061D000440006EB440140884880A7E705EB4400F3
:1061E00006EB440180888880BDE705EB440006EBA0
:1061F0004401C088C880CFE799F80020AAB1FF2ADF
:1062000027D006EB4400099005EB44010088ADF867
:1062100020000888ADF81C00DDE90701F7F770FFE2
:1062200006900998BDF818100180641C09F1010955
:10623000BC42E1DB0D981B9906EB400618988A4496
:1062400005EB40050198401C01904045FFF606AF64
:10625000D9E605EB440006EB440100880880E4E73A
:1062600000202CE000241EE01AF80400D0B1FD2824
:1062700001D35A4602E000FB0BF0020A06EB440091
:10628000039005EB44010088ADF818000888ADF8CC
:106290001400DDE90501F7F733FF05900398BDF819
:1062A00014100180641CBC42DEDB0D9806EB400636
:1062B000189805EB40051B98824409F10100404500
:1062C0008146CFDB9FE600002DE9FF4F85B09A465F
:1062D0000C46DDF850B0E7F71DFB0390BBF1000F53
:1062E000A1882288E388A1EB0200658800F1010003
:1062F000A3EB050101F1010106B20FFA81F801D00B
:1063000000204BE000271DE0002515E013980290C7
:106310000AEB4500079A0088ADF80400608838440D
:1063200000B2009003982188294400680BB20599B7
:10633000D0F81CC0E0476D1CB542E7DB12997F1C0A
:106340000AEB410A4745DFDB09B0BDE8F08F0025C5
:106350001BE000BF1BF80500B0B113994843000AC9
:1063600002900AEB4500079A0088ADF804006188A6
:1063700001EB090000B200900398218829440068CD
:106380000BB20599C769B8476D1CB542E2DB159998
:1063900009F101008B4412990AEB410A81464045FC
:1063A000D5DBD1E770B5802815460E46044605D2E8
:1063B000E117002004EB9171891006E008F0B2FBB0
:1063C000411FCC40801F84F020013060296070BDE7
:1063D000012803D0022803D002A0704703A0704711
:1063E00003A07047E69CAAE79FA500004D49540012
:1063F000504F53002DE9F04F05009146CDB09A461D
:106400000CD095F8050248B1589838B15FF00006F5
:10641000D5F8FC815FEAC87045D103E001204DB09A
:10642000BDE8F08F4FF498716846DAF75BFC95F899
:10643000F8210024CDE9489A8DF81821EB46D5F8CB
:1064400000024A9004EBC40004EB840105EBC00792
:106450000BEBC10039462822DAF7E8FB97F83D003C
:10646000B8B1D7E90601B9EB00037AEB010210D30A
:10647000B9EB0000DDE956C36AEB0102BCEB00009A
:10648000934106D301209DF82C11A04001438DF8C3
:106490002C11641CE4B2072CD4D3D5F8FC01804540
:1064A00001D1C00705D0761CF6B2032EB0D3072069
:1064B000B5E758984FF498726946DAF7B7FB0020B1
:1064C000ADE70000FEB504000D4625D025B34FF41E
:1064D0000271DAF707FC69462846ECF793FAE8B14F
:1064E0005FF00000431C00EBC001C0EB001204EBA6
:1064F000C10105EB820281F83C00D8B2D68807289A
:106500008E861289CA86EDD3002184F8F811012005
:1065100084F805020846FEBD0120FEBD0220FEBD36
:106520002DE9F84304001D4690460F461BD094F811
:106530000502C0B1BDB12868E5F7A4FFB0B1686835
:10654000E5F7A0FF90B1A868E5F79CFF70B1E86897
:10655000E5F798FF50B12869E5F794FF30B10126BF
:106560006946002004E00120BDE8F8830520FBE730
:1065700000EBC00304EBC302D28EBA420BD1087009
:106580009DF8000000EBC00004EBC007B98E414548
:1065900007D00420E8E7401CC0B20728E8D3032056
:1065A000E2E797F83D0040B1D7E90630D5E9061299
:1065B000591A904101D30620D6E7D4F8FC01401CBB
:1065C000C4F8FC0104F5FC74294628223846DAF7A1
:1065D0002DFB87F83D6030469DF80020217B9640DA
:1065E000314321732070A068401CA0606068401C8B
:1065F00060600020B8E7000070B5040015460E4644
:1066000009D094F8850130B12DB194F870010128BA
:1066100003D0052070BD042070BD204600F08BF82B
:1066200094F88311244B8288B242595C06D12A899E
:106630004088824202D1A87A884201D0062070BDEB
:106640002946204600F008F90028F8D194F8830183
:10665000002584F88451401C84F88301C0B20C28C2
:1066600025D394F8820100EB800202EBC00204EB18
:106670008202928EA2F57061FF3906D1012194F851
:10668000802181400A4384F8802194F8820184F8B3
:106690008351401C84F88201204600F0CBF894F826
:1066A0008201072803D3022084F8700101E084F8F6
:1066B0007051002070BD0000D00703082DE9F041A3
:1066C00004000E4605D094F8850110B10EB13006D5
:1066D00002D50420BDE8F08100254FF0010800BF7D
:1066E00008FA05F0C7B23E420ED005EB850000EB7C
:1066F000C500342104EB8000001DDAF7F3FA94F8AA
:106700008001B84384F880016D1CEDB2072DE7D3FA
:1067100084F88161002084F88201054684F88301B1
:1067200084F88401C4E95E00204600F083F800206C
:1067300084F87051CEE790F8821104220068C1EB12
:10674000011102EB8101084470473EB504000D467B
:1067500015D0A5B14FF4C471DAF7C4FA69462846DA
:10676000ECF750F968B125607F22002184F881217F
:10677000012084F8701184F8850108463EBD04208C
:106780003EBD032084F8700107203EBD2DE9F04195
:10679000040016461D46069F0ED094F8850158B198
:1067A00057B194F87001022809D0032809D00128B4
:1067B0004FF0030807D01DE00420BDE8F08103205E
:1067C000FBE70520F9E7D4E95E01321A75EB010217
:1067D0000AD3331A44F6206265EB0100991A70F16E
:1067E000000001D20220E8E794F88401042801D3D4
:1067F00009200CE02046FFF79EFF94F883110C4A15
:106800008078515C3A4606F005FE18B10A2084F8FB
:106810007081D2E794F88401012184F87011C4F8E2
:106820007861401C84F884010846C4F87C51C4E7B0
:10683000D0070308012210B502E0491C80F882113C
:1068400090F88211072905D290F8813102FA01F4FB
:106850002342F2D010BD00002DE9F0410C4606465F
:10686000FFF769FF014696F8820196F8832101231C
:10687000032700EB800505EBC0055348934006EB6A
:1068800085052D1D805C1FFA83F80D2851D009DC89
:10689000A0F1040007281DD2DFE800F011213241E9
:1068A000541C5B0016286BD004DC0E2844D015283D
:1068B00010D156E0172873D024280BD13FE0606830
:1068C000E5F7E7FD30B194ED010AB5EEC00AF1EE4F
:1068D00010FA01D8082028E085ED030A6EE0606810
:1068E000E5F7D7FD0028F5D094ED010AB5EEC00A12
:1068F000F1EE10FAEED0B0EEC00A85ED040A5DE0CC
:106900006068E5F7C6FD0028E4D094ED010AB5EE15
:10691000C00AF1EE10FADDD985ED050A4EE02068D7
:10692000A8618988206811E0072086F87071BDE8A9
:10693000F0812068686241E02068A8623EE020683B
:10694000E8623BE02068E861498820688842EBD132
:1069500034E020682862206801282FD00228B9D1AD
:106960002CE06068E5F795FD0028B3D094ED010AAE
:10697000B5EEC00AF1EE10FAACD985ED000A1DE0C3
:106980006068E5F786FD0028A4D094ED010AB5EE15
:10699000C00AF1EE10FA9DD985ED010A0EE0FFE77D
:1069A0006068E5F776FD002894D094ED010AB5EE15
:1069B000C00AF1EE10FA8DD985ED020A288E40EA60
:1069C000080028860020B2E7D0070308FEB50400BF
:1069D00016461F4641D094F8BF03E8B394F8A803C5
:1069E00001283ED002283CD003283AD0002500964A
:1069F000012002220021CDE9017004F5707000F041
:106A0000FCFE022220460021CDE9006700F016FFBF
:106A100094F8BE13002079B10021022384F880335A
:106A200084F8910384F8920384F8930384F8940320
:106A300084F8BE03C4E9E21165B184F8A80300211B
:106A400084F8BA0384F8BB0384F8BC0384F8BD035C
:106A5000C4E9EC110020FEBD01E00420FBE70520A5
:106A6000F9E70125C3E70000F0B516460A8893B0A0
:106A70000D4601681F4604466B4600204FF0080C87
:106A8000C0EB001E0CEB8E0E31F80EE0964512D1D5
:106A900018700CAA9DF8000000EB800101EBC0000B
:106AA00004EB8001284601F5057106F0E9FA042897
:106AB0000ED090BB13E0401CC0B20728E0D300BF4B
:106AC000D4F8A403401CC4F8A403092013B0F0BDFB
:106AD000D4F8A403401CC4F8A4030820F6E7282136
:106AE00002A8DAF7FFF89DED0C0A8DED020A9DED84
:106AF0000D0A8DED030A9DED0E0A8DED040A9DED44
:106B00000F0A8DED050A9DED100A8DED060A9DF820
:106B10004500082802D3014601E014E0002107AA3D
:106B200002AB82E8C2008DF8280004F10800298831
:106B30009DF84420FFF7F4FC0428C1D00328BFD0FF
:106B4000062807D068B1D4F8A403401CC4F8A403F5
:106B50000720BBE7D4F8A403401CC4F8A4030A2010
:106B6000B4E79DF84500082803D39DF800100620DF
:106B700004E09DF8001001280DD0022001EBC101B6
:106B800004EBC10181F84200D4F8A003401CC4F812
:106B9000A00300209AE70320F0E72DE9FE4F05004F
:106BA00016460C461F4624D01CB395F8BF0318B3F5
:106BB00005F5A46003C8084325D095F834150729C6
:106BC00021D2A07804281ED308281CD801EBC100CC
:106BD000E17805EBC000808FC2B2914213D12179D8
:106BE000B1EB102F0FD16079332807D0552805D08D
:106BF00009E00420BDE8FE8F0520FBE7A0795028BE
:106C00001DD051281BD005F570703246834600F028
:106C1000E5FC0DF108094FF000080123214602228E
:106C20005846CDE9008900F001FD4FF0010A40B35C
:106C300095F8A81395F8BB03032906D021E0324646
:106C40002146284600F052F9D4E7072819D2A17846
:106C5000082916D1C0EB001029680822238802EB0E
:106C600080028A5A9A420CD10622E37802EB800015
:106C7000085C984205D16079332802D1A0790A28AE
:106C80001BD001232146CDE900891A46584600F061
:106C9000CDFC10B1607955281BD04046C846CDE9DF
:106CA0000009012321460022584600F0BFFC08B32A
:106CB00095F88003012815D01CE09DF8081058466F
:106CC00001F00BF8002895D02146284600F04AF83C
:106CD00090E79DF80810584600F0FFFF002889D083
:106CE000002087E7A078082804D16079332816D0DF
:106CF000552814D032463B46284600F0FFFED0B15E
:106D00000023214605F58C601A46CDE900A881468E
:106D100000F08CFC78B19DF80810484617E09DF80B
:106D20000810584600F0D9FF00288DD0214628468B
:106D300000F07EF85EE700232146CDE900A81A4660
:106D4000584600F073FC28B19DF80810584600F032
:106D5000C4FFC5E732463B4621462846FFF784FE7E
:106D600048E70000FEB50446B0F8B8030F4694F8B3
:106D7000BB5340B10226072D20D26946384606F0A3
:106D8000DAF9D8B901E00126F5E7C5EB051021686D
:106D900008223B8802EB80028A5A9A420ED10623CF
:106DA000BDF8082003EB8000085A904206D19DF8F8
:106DB0000A000A2802D10098B04204D0052084F8C5
:106DC000A8030C20FEBD05EB8500184A00EBC500AA
:106DD00004EB8000B0F84412C0F8346241F00401C2
:106DE000A0F84412B2EB015F06D1012094F8901391
:106DF000A840014384F8901394F8BB03401C84F826
:106E0000BB03204600F097FF94F8BB13002084F8E2
:106E1000BC03072901D3042000E0022084F8A80362
:106E2000042801D00020FEBD0B20FEBD0000F0FFB5
:106E30002DE9FE4390F8926388460446072E07D357
:106E4000D4F89C03401CC4F89C030620BDE8FE83D4
:106E500006EBC600694604EBC0054046083506F05F
:106E60006AF930B1D4F89C03401CC4F89C03072095
:106E7000ECE7012785F83A70B8F8001004F50470C3
:106E80006A46FFF7B9FB4FF0000168B194F8802320
:106E9000032A01D184F8BE13D4F89C13491CC4F80A
:106EA0009C1300F097FCD1E706EB860202EBC603C9
:106EB000022004EB8303B3F844322B879BB285F89E
:106EC0003B00A3F57062FF3A03D185F8407085F866
:106ED0003A00D4F8980394F88023401CC4F898032F
:106EE000022A01D184F8BE130020AFE7F0B590F874
:106EF000345500F5A064072D01D30420F0BD05EB47
:106F0000C50694F8375000EBC60008304DB38D78B5
:106F1000082D26D14D79332D23D10D88C68EB5424B
:106F20001FD1808ECD78C6B2B5421AD10D79B5EB9E
:106F3000102F16D194F836608D7906F150008542F5
:106F40000FD1D4E90605171A73EB050709D31E4FB5
:106F5000B2EB000C63EB0500BCEB070570F1000021
:106F600006D3E06A411C01D0401CE0620A20F0BD5B
:106F70008D7AD1F8070065F31F606FEAD05111F0E8
:106F8000FF0F1AD044F8260094F8360004EBC00036
:106F9000C0E9022394F83620012094F8381090407C
:106FA000014384F83810002284F83720206B411CFC
:106FB00001D0401C20630020F0BDE06A411C01D0DC
:106FC000401CE0620820F0BDA086010070B50446B8
:106FD00090F8A80015460E460E2809D200EB400096
:106FE0002946FD2204EB8003304606F0DDF908B1A6
:106FF000072070BD94F8A800401C84F8A800002069
:1070000070BD7F22AFF30080FEB5040015460CD0A2
:1070100094F8BF0320B129B1B1F5807F05D101E01B
:107020000520FEBD0DB1280601D50420FEBD0027B8
:1070300040F6FB7C0126384606FA00F3DBB21A4222
:107040000CD000EB800303EBC00304EB8303B3F825
:1070500044323CEA030301D00620FEBD401CC0B20E
:107060000728E9D394F8A80328B1042803D00528F9
:1070700001D00220FEBDA4F8B813204684F8BA530C
:1070800084F8BB7300F057FE002084F8BC7384F8CA
:10709000A86302220121C4E9EC00CDE9000004F557
:1070A0007070029700F0A9FB002084F8BD6300BF58
:1070B00006FA00F1C9B20D4210D000EB800202EBDB
:1070C000C00204EB8202B2F8443223F00403A2F8B7
:1070D000443294F890238A4384F89023401CC0B231
:1070E0000728E5D30020FEBD2DE9F04704000E4639
:1070F00002D00EB1300602D50420BDE8F08794F826
:10710000BF0330B104F50470FFF7D8FA18B10620B8
:10711000F3E70520F1E74FF0000804F57075C1466C
:1071200047460DE0E81990F89000404506D34845E1
:1071300004D83946284600F0D0FD01E07F1CFFB29C
:107140001DB195F89900B842ECD8012284F8BE230D
:107150000023194602FA01F0C0B206420FD001EB3B
:10716000C10004EBC00080F84220A0F8403080F855
:10717000433080F8483080F8463080F84730491C6A
:10718000C9B20729E6D30020B7E700002DE9F04F88
:1071900005001F4695B091460E4609D0B9F1000F83
:1071A00006D02FB11E9818B1B6F5807F04D01EB15D
:1071B000042015B0BDE8F08F95F8BF0390B35421BB
:1071C0006846D9F78FFD00244FF0040B4FEA0D0AF3
:1071D0002968C4EB0412B6F5807F0BEB82000844EB
:1071E00023D004EB8401837801EBC40107EB840C0A
:1071F00009EB840804EB4402D0ED071A90ED061A5F
:1072000005EB8101DCED000A98ED000A9FED162ADE
:107210000AEB820201F50571D8B205F0F7FFB8B1AB
:107220000720C6E7FFE70520C3E707EB8401827864
:1072300004EB440391ED000A09EB8401D0B2F0EEB7
:10724000C00A91ED000A0AEB830106F01BF9E6E79C
:10725000641CE4B2072CBBD31E9854226946D9F7AC
:10726000A0FC0020A5E70000000000000A467F21E6
:10727000AFF300802DE9F04F5FEA02080E46ABB095
:107280000546104602D0AA21D9F70AFD2DB1B8F162
:10729000000F02D00EB1300603D504202BB0BDE89C
:1072A000F08F95F8BF0370B3AC216846D9F71AFD8B
:1072B00000244FF0060A4FF4807B4FF0010900BF15
:1072C000C4EB04132A6809FA04F00AEB8301304284
:1072D000515CCFB224D004EB840000EBC40005EB7A
:1072E000800090F84412D0F83402C1F3800119B143
:1072F00001280BD0022811D0002239466846FFF73A
:1073000065FE48B90AE0FFE70520C7E700223946D5
:107310006846FFF75BFE18B10720BFE75A46F6E75D
:10732000641CE4B2072CCBD3AA2269464046D9F7A5
:1073300038FC0020B2E700002DE9F04F9A46934652
:107340000E4605462DED048BABB0B0EE419AB0EE83
:10735000608A389FF0EE408A1FB1AA213846D9F7DB
:107360009FFC4DB1BBF1000F06D0BAF1000F03D066
:1073700017B10EB1300605D504202BB0BDEC048B3F
:10738000BDE8F08F95F8BF03F0B318EE900AE5F76B
:1073900087F8D0B318EE100AE5F782F8A8B319EE13
:1073A000100AE5F77DF880B3F5EEC08AF1EE10FA29
:1073B00054D918EE900A324988424FDCB5EEC08AA3
:1073C000F1EE10FA4AD918EE100A2E49884245DC2F
:1073D000AC216846D9F786FC00244FF0010900BFB4
:1073E00009FA04F0C0B206423FD004EB840195F8DC
:1073F000902301EBC401024205EB810101F5057107
:1074000007D0088E204A01E005E027E0B2EB005FDC
:1074100003D00820B1E70520AFE7C4EB041C9DF8BA
:10742000A80006222B6802EB8C0C0BEB840200EB0D
:10743000400092ED000A13F80C300AEB84086A460B
:1074400002EB8002D8ED000AB0EE492AF0EE481AAD
:10745000B0EE681AD8B205F0D9FE08B107208CE763
:107460009DF8A800401C8DF8A800641CE4B2072C0D
:10747000B6D3AA2269463846D9F793FB00207CE7A9
:107480000000FA430000A0400000F0FF2DE9F05F8B
:1074900007001E4692468B460A9D03D015B10EB1D9
:1074A000300602D50420BDE8F09F97F8BF0310B363
:1074B000AA212846D9F7F4FB00244FF001084FF029
:1074C000060900BF08FA04F030421BD095F8A80066
:1074D0000E280ED2C4EB04133A6809EB830100EBCB
:1074E0004003505C05EB83035246594605F05CFFB0
:1074F00018B10720D7E70520D5E795F8A800401C6C
:1075000085F8A800641CE4B2072CDBD30020CAE78E
:107510002DE9F04FADB0984691460D460646369F90
:107520001FB1AA213846D9F7BBFB4EB1B9F1000F04
:1075300006D0B8F1000F03D017B10DB1280603D55E
:1075400004202DB0BDE8F08F96F8BF0390B3AC21B6
:107550006846D9F7C7FB00244FF0010A0AFA04F085
:1075600028422FD008EB84002B9009EB840B214696
:10757000D0ED000A002230469BED000A00F037FCF7
:107580000028DED1C4EB0410316806239DF8A82042
:1075900003EB80032B989BED000AD0ED000AC85C3A
:1075A00002EB42016A4602EB810105F06BFF20B15C
:1075B0000720C6E7FFE70520C3E79DF8A800401CA9
:1075C0008DF8A800641CE4B2072CC7D3AA22694630
:1075D0003846D9F7E6FA0020B3E700002DE9F0417C
:1075E000002617461D46044618E000BF04EB0611AE
:1075F000D1E900013A1A75EB01020DD33B1A44F6AA
:10760000206265EB0100991A70F1000004D3314645
:10761000204600F062FB01E0761CF6B2002C03D09D
:1076200094F89900B042E1D8BDE8F0812DE9F0432B
:107630009146DDE90775B0B3A9B3A5B390F8996099
:10764000002233E023B1841894F890C0CC452BD1AC
:1076500000EB021494F80FC0BC4525D194F80EC07D
:10766000BCF1000F20D091F802C0BCF1080F1BD173
:10767000B1F800C0B4F80880C44515D191F803C032
:1076800094F80B80C4450FD191F805C094F80C8094
:10769000C44509D191F806C0647BA44504D10120FA
:1076A0002A70BDE8F08303E0521CD2B29642C9D8DA
:1076B0000020F6E770B5154610B10DB1072901D3CA
:1076C000042070BD00222A606A60AA60EA6090F817
:1076D000BF23B2B301EB810490F89023012304EBA4
:1076E000C1048B4000EB8404D9B20A4204F505744E
:1076F00025D0208E1C49B1EB005F20D12068E4F733
:10770000CFFEE0B16068E4F7CBFEC0B16069E4F79A
:10771000C7FEA0B194ED000AB5EEC00AF1EE10FA72
:107720000DD9D4ED010AF5EEC00AF1EE10FA06D932
:10773000D4ED050AF5EEC00AF1EE10FA04D80820DF
:1077400070BDFFE70520FBE785ED000A94ED010A17
:1077500085ED010AD4ED050AC5ED020AE4F774FFD0
:10776000002085ED030AEBE70000F0FFFEB508AE50
:1077700096E8320050B14DB190F8BF6346B18DE844
:1077800032000830FEF736FE002800D00420FEBD8F
:107790000520FEBD70B504000D460BD055B14FF469
:1077A000A861D9F79FFA04F108002946FEF78AFE7E
:1077B00040B901E0042070BD04F504702946FEF7CD
:1077C000C4FF08B1062070BD0120256084F8BF0306
:1077D000002070BD05280ED2DFE800F00305070980
:1077E0000B000020704701207047022070470320E3
:1077F00070470420704706207047F0B50028DDE987
:107800000574DDF81CC017D00023012610E0C51850
:1078100095F890508D4209D3954207D800EB031597
:10782000BCF1000FEE7301D0C5E900745B1CDBB244
:1078300090F899509D42EAD8F0BD00002DE9F0473C
:107840000446914600F570708846DDE9086700251A
:10785000824632463B46FFF7C1FE04F58C60324655
:107860003B46FFF7BBFE94F85924002010E000BF10
:1078700004EB0011261891F8CF3396F850142BB171
:10788000414503D3494501D86D1CEDB2401CC0B23F
:107890008242EDD894F8F9042844C0B2092802D9EC
:1078A0000020BDE8F087002526E0601904EB0511F3
:1078B00090F8500491F8CF23E2B140451AD34845DF
:1078C00018D801F5707191E8CC0094F8F91404EB24
:1078D000011C0CF58C6C21448CE8CC0081F8F00480
:1078E000294694F8F904401C84F8F904504600F045
:1078F000F4F901E06D1CEDB294F85904A842D4D813
:107900000120CEE72DE9FC5F040016461D46DDF898
:1079100030B020D05FEA0B001DD094F8A8030428F3
:107920001CD005281CD094F8BD034FF0000950B1BD
:10793000022220460121CDE90065FFF77FFF0028E4
:1079400078D084F8BD93052794F8A8034FF0020877
:10795000032807D01FE00420BDE8FC9F0B20FBE7B5
:107960000C20F9E7D4E9EC01321A75EB010208D3D7
:10797000331A44F6206265EB0100991A70F1000099
:1079800058D394F8BC03401CC0B284F8BC0304284C
:1079900063D284F8A88394F8BB03072803D3042098
:1079A00084F8A803DAE7C0EB001322684FF0060C56
:1079B00082460CEB830094F8A8130129105C02D0D6
:1079C00002292AD036E0B4F8B81329B102215A4668
:1079D00005F0E7FB80BB01E00121F8E7CDE9006598
:1079E0005A465146204600F0ACF818BB94F8BB0349
:1079F000401C84F8BB03204600F09DF994F8BB03BB
:107A0000072806D3204684F8BB9300F094F984F845
:107A1000A88301215B46524617E00A215A4605F029
:107A2000F9FC48B9CDE900655A465146204600F0B8
:107A300088F810B102208FE70FE0032084F8A80334
:107A400002215B46C4E9EC6552462046CDE900655B
:107A500000F0CBF808B101207EE784F8A8737FE737
:107A60002DE9FC47040015461E46DDF828900FD08E
:107A70005FEA09000CD094F8BF0358B194F8BE0334
:107A800050B1204600F03AF830B10220BDE8FC8742
:107A90000420FBE70520F9E794F8928304F50470CD
:107AA0002A463346CDF80090FEF770FE01284FF0CD
:107AB000000A07460CD1B8F1070F404608D2002152
:107AC0004B46CDE900560246204600F08EF830B114
:107AD00094F88003022809D0032807D008E0032186
:107AE00084F88013062084F8BEA3CFE784F8BEA3F1
:107AF0003846BDE8FC47FFF76DBE000070B515467F
:107B00001E46044600F58C60FFF768FD04F57070B2
:107B10002A463346FFF762FD94F8F90448B994F811
:107B20005914002009E000BF04EB001292F8CF23A3
:107B30000AB1012070BD401CC0B28142F4D80020BF
:107B400070BD2DE9FC5F00F570770D4600F58C6186
:107B50001646DDE90C89CDE90017044642464B463E
:107B60000846FFF73BFD42464B463846FFF736FDD9
:107B700000232068C5EB051196F805B0082296F899
:107B800006A002EB810196F803906C46475A00214B
:107B900054F8232092F899601FE002EB011090F84E
:107BA0000FC0BCF1000F16D0B0F808C0BC4512D110
:107BB00090F80AC0AC450ED190F80B80C8450AD1A8
:107BC00090F80C80D84506D190F80DC0D44502D16C
:107BD0000120BDE8FC9F491CC9B28E42DDD85B1C68
:107BE000DBB2022BD3D30020F3E72DE9FC5F00F5D5
:107BF00070741F4600269246DDE90C598B4680467C
:107C00002A4620464B46FFF7E9FCCAEB0A132946F1
:107C10000820354600EB830C787901904A463346BC
:107C200060F30705D8F8000030F80C80002094F8C5
:107C300099C0C14668F30F0697F80680CDF800801A
:107C400097F803E06AF3174668F30F254FF0010831
:107C500068F317456EF31F6663F31F6523E023186F
:107C600093F8908004EB0013D8451AD1B3F808803C
:107C7000C84516D193F80A80D04512D193F80B80ED
:107C8000F0450ED193F80C80019FB84509D15F7B78
:107C9000009B9F4205D104EB0010C56080E84600C0
:107CA00019E0401CC0B28445D9D8BCF1090F02D3F9
:107CB0000020BDE8FC9F04EB0C10C56080E8460086
:107CC00094F8992004F1900002F800B094F899001B
:107CD000401C84F899000120EBE7F0B518B190F84A
:107CE00099208A420FD80020F0BD00EB011404F166
:107CF00010054318E2CD02C4D1B284E8E00093F845
:107D0000912083F890204A1C90F89930D4B29C427C
:107D1000EBD3DAB2521ED2B200F1900300EB0214A0
:107D200000F8992F002121606160A160E160007876
:107D3000C1540120F0BD012210B502E0491C80F8B9
:107D4000BB1390F8BB13072905D290F8BA3302FA97
:107D500001F42342F2D010BD2DE9F05F5FEA000884
:107D60009A4615460F46DDE90AB60AD04FB1BAF178
:107D7000000F06D05FEA0B0003D016B10DB1280644
:107D800002D50420BDE8F09F98F8BF03B8B10024E5
:107D90004FF0010909FA04F0C0B2054221D097F86A
:107DA0002C11014202D10A203470EBE704EB84006D
:107DB00007EBC000406920B10F203470E2E70520D6
:107DC000E0E70BEB84010AEB8400D1ED000A90EDB3
:107DD000000A01222146404600F009F808B134703B
:107DE000D0E7641CE4B2072CD4D30020CAE710B556
:107DF00014462DED028B84B0B0EE608AF0EE408A1E
:107E00006A46FFF757FC00280ED118EE900AE4F7F7
:107E100047FB40B1DDED000AB0EEE80AB4EEE00A3F
:107E2000F1EE10FA04DD0D2004B0BDEC028B10BDA4
:107E300018EE100AE4F734FB90B12CB1B5EEC08A0D
:107E4000F1EE10FA0CD904E0B5EEC08AF1EE10FAAA
:107E500006D39DED030AB4EEC80AF1EE10FA01D282
:107E60000E20E1E70020DFE790F88E36002903DAE4
:107E70004BB1A3F1010304E005DD03F101039342DB
:107E800001D280F88E3690F88E1690F88D269142A9
:107E900001D280F88D1690F88D26521D914202D3A2
:107EA000091F80F88D16704770B590F8086600F2CB
:107EB0004C6390F88E5600F25D6442180129F55427
:107EC00090F8085690F88D362B5580F8081692F8E1
:107ED0004C1680F88E1692F85D2680F88D260FD10C
:107EE00090F88C1680F88E16914201D280F88D168B
:107EF00090F88D26521D914202D3091F80F88D16ED
:107F000070BD002902D00068091D42507047002949
:107F100001D000684250704790F8081680F8491662
:107F20001021FFF7C1BF00002DE9F04100220446F7
:107F30002121F7F733FC00287ED0608C40F480507C
:107F4000608401E0FFF7F0FF00212046FAF71CFBF8
:107F50000028F7D12046FAF7E3FB06460020F8F7A1
:107F6000BDFC002705461CE0A86AA04202D0E86AD2
:107F7000A04203D121462846F8F738FD686BA0429D
:107F800000D16F63686DB04207D1F8F7B1FCA04231
:107F900003D121462846F8F729FD2846F8F79EFC2C
:107FA0000546002DE0D12046E5F7BBFA60680426BF
:107FB0000028204602D0FAF7BEFB2BE0FAF782FB3E
:107FC00005460020EA68696A05E000BF52F82030E3
:107FD000A3420AD0401C8142F8D806E0E96806EBCB
:107FE00080028A5841F82020401C696A491E81425B
:107FF000F4D8686A401E6862EA6881001046F9F7A2
:1080000083FBE8601CE0096806EB80028A5841F8AF
:108010002020401C616889684A68521E8242F2D85A
:10802000606880684068401E4860626881009068AF
:108030000068F9F769FB00E007E06168896808609B
:108040002046BDE8F041F9F73BBBBDE8F0810022D6
:10805000C9B2FCF76CBC10B500B9012007F0A6FB53
:10806000002010BD10B507F067FC002010BD7FB5E3
:108070000D4641690446B0F9080081B1A16971B1AA
:10808000FDF786FFD4E905122B468DE8070022692B
:10809000D4E9001007F027FE039004B070BDFDF78F
:1080A00077FF03A92B46CDE90001228AD4E900100D
:1080B00092B207F0EBFD012801D00020EDE7039814
:1080C000EBE710B592B00C460A4601466846EDF75C
:1080D00045FC9DED010AF1F7DDFE002843D09DED42
:1080E000020AF1F7D7FEF0B39DED030AF1F7D2FED5
:1080F000C8B39DED040AF1F7CDFEA0B39DED010AD2
:10810000DDED020AB4EEE00AF1EE10FA6EDA9DED52
:10811000030AB5EEC00AF1EE10FA67D99DED040A24
:10812000B5EEC00AF1EE10FA60D9F4B39DF8010083
:10813000C8B19DED0D0AF1F7ADFEA0B19DED0E0A9F
:10814000F1F7A8FE78B19DED090AF1F7A3FE50B151
:108150009DED0A0AF1F79EFE28B19DED0B0AF1F79D
:1081600099FE00B100E03DE09DED0C0AF1F792FEB2
:10817000C0B39DED091AB5EEC01AF1EE10FA35DD67
:10818000DDED0B0AF5EEC00AF1EE10FA2EDD9DEDE5
:108190000D0AB4EEC10AF1EE10FA27DB9DED0A1AC2
:1081A000B4EEC10AF1EE10FA00E01CE01ED89DED1D
:1081B0000E0AB4EEE00AF1EE10FA17DBDDED0C0A60
:1081C000B4EEE00AF1EE10FA10D80F9864280DD33F
:1081D000DDE90F10884209D3B0F57A7F06D8012077
:1081E00012B010BD02E09DF80000F9E70020F7E7AB
:1081F0007FB5D1E92D45CDE9022305A2CDE9005493
:10820000D1F8A430002100F087FA04B0042070BD3A
:108210006572726F7220256C752062656E636820CE
:10822000252E2A7320636F64653D2573206669657A
:108230006C643D25730000002DE9FC4104460E46A8
:1082400000201746019094F81804022812D200EB7F
:10825000400101EBC01004EB80051046D8F72DFC5F
:1082600001462A4601A800904FF402733846EAF707
:10827000F7FE10B10520BDE8FC810198A5F80802C1
:1082800085F80A6294F81804401C84F81804002049
:10829000F1E770B5060015460C460CD05CB155B13F
:1082A0002068696800EB01020BB1012100E00021A8
:1082B0001144A02901D9002070BD8BB12021315477
:1082C0002068401C2060D5E900123044D8F769FCD2
:1082D000686800212268104420603154012070BD7C
:1082E0002068F0E770B506460D4610EE100A1A49F0
:1082F0008AB01446884206D210EE100A1749884206
:1083000001DA9FED170A202116A2B7EEC00A02A8D3
:108310008DED000BD8F7B6F9002801DB202802D339
:1083200000200AB070BD02A900E0401E50B10A183A
:1083300012F8012C302AF8D00A1812F8012C2E2A33
:1083400000D1401E002209A30A5422463046009163
:10835000294600F023F9E4E76F1203BA6F12033ADB
:1083600000000000252E3366000000002573000089
:108370000FB430B5ADF5017D0C4687AB054640F234
:1083800001216846869AD8F763F9002802DBB0F528
:10839000007F05D905200DF5017D30BC5DF814FB8B
:1083A0006A4621462846FFF747FFF4E72DE9FF41DB
:1083B0005FF000041D4616460F46804605EB84001C
:1083C00090ED000AB7EEC00A8DED020B8CB10AA049
:1083D00032460AA339460090404600F0DFF80028F4
:1083E00004D0641CE4B2072CE8D3012004B0BDE83B
:1083F000F08104A0ECE700002C0000002573252E7E
:1084000033660000000000002DE9F04FADF5077D58
:1084100090460122044600201F460146CDF8140272
:1084200000EB800304EBC30303F58043D3F8643C03
:108430001BB102FA00F3DBB21943401CC0B207289B
:10844000EED304F5804640F2012904A896F87C3D5D
:10845000D6F8142FCDE90231CDE900283E4B85AA8C
:10846000494600F09BF800286CD00025002D05EB54
:10847000850004EBC00000F5804090F8700C65D0DA
:1084800036A1CDE9001036A3494685AA04A800F01C
:1084900085F8002856D06D1CEDB2072DE6D332A327
:1084A000CB4685AA494604A800F078F8002849D0B0
:1084B000002544F6504A4FF0FF3900BF05EB850117
:1084C00004EBC10101EB0A00D0E9062C484652EA50
:1084D0000C0113D0B8EB020177EB0C010ED3B8EB13
:1084E0000200002367EB0C014FF47A72D8F738F8DA
:1084F0000022D0F1FF338A4100D2484645B317A18C
:10850000CDE900101BA3594685AA04A800F046F83F
:10851000002817D06D1CEDB2072DCFD396F8C80BED
:1085200000F0D0F915A3594685AA009004A800F0E0
:1085300035F8002806D09098022104AAFFF77CFEA7
:1085400040B100200DF5077DBDE8F08F05A198E74B
:1085500004A1D5E70120F5E7147D04082C000000F4
:108560002573257500000000206167655F6D733D10
:10857000000000002573256C750000002061726DFD
:108580005F73746174653D25730000000BB1FFF7E4
:10859000A9BE01A300F002B83F0000000FB470B5FF
:1085A0000D4611681446A9420CD26E1A079A084467
:1085B000314608ABD8F74CF8002803DB21686A1A6B
:1085C000824203D8002070BC5DF814FB0844206090
:1085D0000120F8E72DE9F0470500904689460ED0C6
:1085E000B8F1000F0BD095F81804022807D24046C6
:1085F000D8F763FA461C0446B6F5807F02D90520F9
:10860000BDE8F08795F81804224600EB400101EB25
:10861000C010414605EB80073846D8F7C2FA3A1930
:108620000A20385500215170A7F8086287F80A928D
:1086300095F81804401C85F818040846E0E7000087
:1086400070B591F84C6186B0D1E92B54D1F8A430C3
:10865000022E08D000940021CDE9015208A200F0BA
:108660005BF806B070BDD1E92D610094CDE90362DD
:1086700009A2CDE90151002100F04EF8F1E7000018
:108680006572726F7220256C7520252E2A73206307
:108690006F64653D257300006572726F7220256CF2
:1086A0007520252E2A7320252E2A7320636F64657A
:1086B0003D257300F0B515460E4607462DED028B9D
:1086C00081B0B0EE408A089C009310A3FFF766FFCC
:1086D000002817D05CB101B02A46B0EE480ABDECC4
:1086E000028B31463846BDE8F040FFF7FBBD01B0D4
:1086F0002A4631463846BDEC028B06A3BDE8F04061
:10870000FFF74CBF01B0BDEC028BF0BD2025733DDF
:10871000000000003F0000000FB42DE9F04105000B
:108720000E4605D0089A1AB195F81804022804D309
:108730000520BDE8F0015DF814FB00EB400101EB02
:10874000C0104FF4807705EB8004394609AB204612
:10875000D7F77EFF0022002804DBFF2802D8411C47
:10876000B94201D92270E3E727180A2323547A700B
:10877000A4F8081284F80A6295F81804401C85F8D9
:1087800018040020D5E700002DE9F04100241D4623
:1087900016460F46804607E034B10DA332463946EF
:1087A0004046FFF7FBFE80B105EB840032463946B8
:1087B00090ED000A4046FFF795FD30B1641CE4B22D
:1087C000072CE9D30120BDE8F0810020FBE7000081
:1087D0002C0000002DE9F041C4B00446002088467A
:1087E0001D461746429004F5804001464A9E0023EC
:1087F000D0F8380C4FF47A72D1F83C1CD7F7B0FEA1
:10880000CDE900504FF4807522A3294642AA02A860
:10881000FFF7C4FE00283AD044F6E030294623187A
:1088200042AA02A8FFF7B0FF80B31EA3294642AABE
:1088300002A8FFF7B3FE48B344F6FC3029462318DC
:1088400042AA02A8FFF7A0FF00B304F5804429461E
:1088500016A342AA94F8480C009002A8FFF79EFEC7
:10886000A0B15EB194F8C80B03F0F6FA12A3294642
:1088700042AA009002A8FFF791FE38B102AA394639
:108880004046FFF7A7FE44B0BDE8F081FFE70520B2
:10889000F9E70000257320745F6D733D256C75202A
:1088A000713D00002071643D000000002076616C85
:1088B00069643D25303278002073746174653D250C
:1088C00073000000082815D2DFE800F00406080A4B
:1088D0000C0E101208A0704709A070470BA070473B
:1088E0000DA070470FA0704711A0704712A07047ED
:1088F00013A0704715A07047424F4F54000000006E
:1089000053454C465F54455354000000554E414C6E
:1089100049474E454400000044495341424C4544B8
:1089200000000000454E41424C494E470000000007
:1089300052454144590000004D4F56494E470000F2
:1089400053544F5050494E47000000004641554C8B
:10895000540000002DE9F041040016460F4654D0A3
:10896000F7B3EEB300203870054630600FE0306892
:1089700008B1012300E00023314604EBC50238466C
:10898000AC32FFF786FC00283DD06D1CEDB294F8A8
:108990004C01A842EBD800250CE000BF04EBC50257
:1089A000314601233846BC32FFF773FC00282AD039
:1089B0006D1CEDB294F84D01A842EFD800251DE0E2
:1089C00004EB05103146CC30012380460246384680
:1089D000FFF75FFC20B10E4A00233146384600E025
:1089E00013E0FFF756FC80B10023314608F108027E
:1089F0003846FFF74EFC40B16D1CEDB294F84E01C5
:108A0000A842DDD80120BDE8F0810020FBE700008E
:108A100068050308002808D000F58040002190F880
:108A20004D2F80F84E2FC0F8241F704740F21A4196
:108A3000D8F736B9082813D2DFE800F01204060888
:108A40000A0C0E1007A0704709A070470EA07047CF
:108A500012A0704715A0704718A0704719A0704762
:108A60001DA070476E6F745F7265616479000000CD
:108A7000706F736974696F6E5F6F75745F6F665F37
:108A800072616E676500000073706565645F6F7585
:108A9000745F6F665F72616E676500006661756C1A
:108AA000745F70726573656E740000007374616C3E
:108AB000655F666565646261636B000074696D651E
:108AC0006F757400666565646261636B5F74696D80
:108AD000656F757400000000616374696F6E5F6696
:108AE00061696C6564000000092816D2DFE800F0B7
:108AF000150507090B0D0F11130009A070470BA0F6
:108B000070470D4870470DA070470EA070470FA02A
:108B1000704710A0704711A07047124870470000BE
:108B200076616C6964617465000000006469736358
:108B30006F7665727900000020B00208636C656191
:108B400072000000656E61626C6500006D6F746993
:108B50006F6E0000686F6C640000000064697361F0
:108B6000626C650000BA020870B500F58045084ED9
:108B70005A40D5F8104FD5F8080F641CC5F8104FAF
:108B8000484004FB06F15040484000D1204670BDEB
:108B9000B979379E2DE9F0410F4604460846D7F7CC
:108BA0008CFF064610E02C212046D7F72CFF05004D
:108BB00011D0281BB04205D1324639462046D7F79E
:108BC000A5FF60B125B16C1C14B120780028EAD152
:108BD0000020BDE8F0812046D7F76FFFEAE70120CB
:108BE000F7E770B506460D46084603F081FAD0B99E
:108BF00095F86A0006F5804438B994F8380F20B12A
:108C000095F8640003280ED107E095F86400032866
:108C100003D0D4F8200F30B921E094F84F0F94F826
:108C2000501F884201D0002070BD44F6080029463C
:108C300080223044D7F7FAFFE86DC4F8200F95F88A
:108C40006A0084F8290F286EC4F8300F04F57264A6
:108C500094F82F00401C84F82F00012070BD294695
:108C60003046BDE8704002F023BF00002DE9F0431C
:108C7000894606460021884601EB011006EB4010AC
:108C800090F824420830B4B1D0E98254571B73EBFA
:108C900004070CD3DFF82CC0551B63EB040400273A
:108CA000BCEB0505A74102D280F81C8203E0D0F896
:108CB00010524D4504D0491CC9B22029DCD30020F4
:108CC000BDE8F0830087930310B5040008D0FFF7D8
:108CD000ADFE2046BDE81040002102A2FFF71CBDFA
:108CE000062010BD6572726F722030207061727341
:108CF0006520636F64653D6C696E655F746F6F5F5F
:108D00006C6F6E67000000002DE9F04391F8516030
:108D1000C5B091460C468046A6B3012E34D0032E32
:108D200034D0A5A5D4E90E32D4E910710020B7EBF8
:108D3000030C71EB020C0ED3F81A61EB0201002355
:108D40004FF47A72D7F70CFC0022D0F1FF338A413E
:108D500001D24FF0FF3094F850100B2918D0092998
:108D600023D094F85720002A70D0012949D00A292D
:108D700047D08A1E072A7BD2DFE802F07476787A21
:108D80007A72B3008EA5CDE790A5CBE791A5C9E790
:108D900008F58040002192A2D0F8183F5B1CC0F873
:108DA000183F4846FFF7B8FC11E04EB1022E11D033
:108DB00000950021A36C99A24846FFF7ADFC06E0A0
:108DC00094F856109DA2CDE90001A36CB4E00028F0
:108DD0007DD0E8E02146684601F0BCFF9DE8070031
:108DE000C2F307233BB101AB0095D2B283E8070081
:108DF000A36CA2A254E00095AEA2CDE90101A36C40
:108E000076E0012909D0B9A7022E08D0002E1FD084
:108E1000CDE90075A36CB6A28EE0BCA7F4E72146AD
:108E2000684601F097FF9DE80700C2F307233BB1B6
:108E300001AB0097D2B283E80700A36CB5A22FE084
:108E40000097C3A2CDE90101A36C51E05FE00FE000
:108E500094F85610CDA20097CDE90101A36C47E02C
:108E6000DAA20FE0DBA24BE0DCA249E0DDA20AE0DF
:108E70000729DEA206D0082933D0022940D00329D1
:108E80003ED000E08EB1002005293CD003293CD023
:108E9000D8A100BFCDE90210CDE90025A36CD7A26F
:108EA00000214846FFF738FC91E794F8560094F803
:108EB000602094F85F3094F85E60024094F85D1092
:108EC0000340064002960140CDE9005100E066E013
:108ED000CDE90332D24A0021A36C4846FFF71CFCBF
:108EE00075E756B100210095CEA2CDE90101A36C32
:108EF00000214846FFF710FC69E794F85610F2E7A6
:108F000094F85600C0E7D6A1C4E730A1C2E74FF4F9
:108F100080774FF0000211B1062926D000E086B11B
:108F2000022942D0032942D0042942D0AFA000BF79
:108F3000CDE90005A36CCCA200214846FFF7ECFB6D
:108F400045E74292CFA3A06C42AACDE9000502A852
:108F50003946FFF723FB30B342AA234602A839461D
:108F6000FFF712FCF8B102AA14E04392CDA3A16C62
:108F700043AACDE900153946029003A8FFF70EFB7E
:108F800088B194ED070A43AA394603A8FFF7AAF966
:108F900048B103AA48460021FFF71CFB17E7012050
:108FA00045B0BDE8F0830020FAE78AA0C0E78BA0B7
:108FB000BEE78CA0BCE700006661696C65640000D8
:108FC000636F6D706C6574656400000073746F701E
:108FD0007065640063616E63656C6C6564000000BD
:108FE0006576656E7420256C75206C696E6B5F7498
:108FF000696D656F757420656C61707365645F6D14
:10900000733D3130303020616374696F6E3D73742D
:109010006F705F64697361626C650000646F6E6598
:1090200020256C752062656E6368206D6F76652003
:10903000726573756C743D2573000000646F6E6516
:1090400020256C752062656E6368206D6F766520E3
:10905000726573756C743D636F6D706C6574656477
:1090600020656C61707365645F6D733D256C752060
:109070006D6F746F72733D2530327800646F6E656A
:1090800020256C752062656E6368206D6F766520A3
:10909000726573756C743D25732073746167653DEB
:1090A000257320636F64653D2573206D6F746F7247
:1090B0003D257500646F6E6520256C752062656EB8
:1090C0006368206D6F766520726573756C743D25DD
:1090D000732073746167653D257320636F64653D1C
:1090E0002573206D6F746F723D3F00006D697400D1
:1090F000646F6E6520256C752062656E636820253F
:109100007320726573756C743D2573006D6F6465B3
:1091100000000000646F6E6520256C752062656E2E
:10912000636820257320726573756C743D66616990
:109130006C65642073746167653D257320636F649B
:10914000653D2573206D6F746F723D2575000000BD
:10915000646F6E6520256C752062656E63682025DE
:109160007320726573756C743D6661696C6564200B
:1091700073746167653D257320636F64653D257376
:10918000206D6F746F723D3F00000000646F6E656C
:1091900020256C752062656E6368202573207265DA
:1091A00073756C743D636F6D706C65746564206578
:1091B0006C61707365645F6D733D256C75206D6FB8
:1091C000746F72733D25303278000000696E6974E7
:1091D00000000000656E61626C65000073746F7062
:1091E0000000000064697361626C6500636C656116
:1091F00072000000656E61626C656400646F6E658C
:1092000020256C752062656E636820257320726569
:1092100073756C743D25732025733D2530327800BD
:1092200094810408646F6E6520256C752062656EFC
:109230006368206A6F6720726573756C743D25736F
:1092400020656C61707365645F6D733D256C75207E
:10925000617272697665643D2530327800000000E5
:109260006661756C74000000646F6E6520256C7516
:109270002061726D20257320726573756C743D25B5
:1092800073000000646F6E6520256C752061726D3F
:1092900020616C69676E20726573756C743D25730F
:1092A00020713D00646F6E6520256C752061726DC4
:1092B000206D6F766520726573756C743D25732023
:1092C000656C61707365645F6D733D256C75206DB1
:1092D00061785F6572726F725F6465673D00000060
:1092E0002DE9F04FADF5077D174605004FF0000062
:1092F00099468346909E85903AD0002E38D03046CD
:10930000FFF794FB05F5804494F8550F48B13A46B1
:109310004B462846009600F0FDF90DF5077DBDE8A7
:10932000F08F94F8570F18B394F8560F00B394F8D1
:109330005A0FF8B194F8590F94F8C81B884227D0F7
:10934000D4F8182F80460846521CC4F8182FFFF78F
:10935000B9FA82464046FFF7B5FACDE9000A02970E
:109360000021D4F8183F9CA23046FFF701F848B11D
:109370000020D2E794F8C81B012084F8591F84F814
:109380005A0F05E094F8C81B4FF0010B84F8591FE1
:1093900094F8532F002A7DD000239B481946D7F715
:1093A000DFF805F5804303F6E863CDE9000103CB60
:1093B00050EA010203D0381A79EB010201D30120EF
:1093C00000E00020824644F6A06028448FA1804639
:1093D000FFF7E0FB90B1BBF1000F0DD105F5804028
:1093E0000146D0F8F00ED1F8F41E50EA010203D085
:1093F000381A79EB010201D3012100E000218B46EC
:109400005AEA0B00C7D0BAF1000F78D0DDE900218D
:1094100044F6E86C44F6EC63BA1840F2012A49EBD2
:1094200001004CF805205851D4F8140F79A385AAEF
:10943000401CC4F8140FD4F8381CCDE9000104A86E
:109440005146FFF7ABF80028A5D07AA14046FFF7B8
:10945000A1FB88B179A3514685AA04A8FFF79EF81D
:10946000002898D044F6E03051462B1885AA04A86D
:10947000FEF79CFF00288ED072A14046FFF78AFBC2
:1094800098B172A3514685AA04A8FFF787F800286F
:10949000B8D000E09DE044F6FC3051462B1885AA78
:1094A00004A8FEF783FF0028ACD06BA14046FFF76D
:1094B00071FB88B16AA3514685AA04A8FFF76EF82C
:1094C00000289FD044F6184051462B1885AA04A8BE
:1094D000FEF76CFF00287CD064A14046FFF75AFBE2
:1094E000B0B194F8C80BFFF7EDF994F8DF2B94F8BE
:1094F000DE3B94F8DD1B03928DE80B0000E04DE0AD
:109500005CA3514685AA04A8FFF748F8002860D05C
:109510003EA14046FFF73EFBF0B101220021084684
:1095200000EB800305EBC30303F58043D3F8643CF1
:109530001BB102FA00F3DBB21943401CC0B207288A
:10954000EED394F87C0D57A3CDE9000185AA5146CE
:1095500004A8FFF723F8E0B35DA14046FFF71AFB2C
:1095600068B104F68850D4F8982D5BA303C88DE841
:10957000070085AA514604A8FFF710F848B394F8ED
:10958000480C5FA385AA5146009004A8FFF706F88F
:10959000F8B10221304604AAFEF74EFEBBF1000FDF
:1095A00017D096F81804022813D2594B44F6F062EB
:1095B000101DFB1849F1000153514151D4F8140F0B
:1095C0003A464B46401CC4F8140F28460096FEF756
:1095D0001BFF96F81804A0E645565420256C75200C
:1095E00053544154455F4348414E474544206672B9
:1095F0006F6D3D257320746F3D257320745F757307
:109600003D256C750000000040420F006D6F746FC7
:109610007200000054454C20256C75204A4F494E7D
:10962000545F535441544520745F75733D256C75E8
:10963000000000006A706F730000000020715F641A
:1096400065673D006A76656C000000002071645F0C
:109650006465675F733D00006A746F72000000000C
:10966000207461755F6E6D3D00000000737461745D
:10967000650000002061726D5F73746174653D2543
:109680007320616C69676E65643D257520656E6148
:10969000626C65643D2575206D6F76696E673D254A
:1096A00075000000206D6F746F725F76616C696485
:1096B0005F6D61736B3D2575206D6F746F725F66B2
:1096C00061756C745F6D61736B3D25750000000002
:1096D00064696167000000002063616E5F72783D1D
:1096E000256C752063616E5F74783D256C75207103
:1096F000756575655F68776D3D256C7500000000C8
:109700002076616C69645F6D61736B3D2575000047
:10971000A08601002DE9F04387B0044600F580469D
:1097200090461D46DDF8389096F8560F10B396F81F
:10973000532FFAB196F8547FE7B1D6F8E81ED6F861
:10974000EC0E51EA000304D0B8EB010175EB000008
:1097500034D300231C481946D6F702FF04F5804392
:1097600018EB000003F6E8634D41012F21C302D03E
:10977000022F09D022E0012049460222009013A3C3
:109780002046FFF727F818E005A8009044F6C830F7
:1097900006AB04AA03A9204402F018FC9DF814208B
:1097A0009DF810109DF80C008DE8070096F87C3DA0
:1097B00002210A4A4846FEF7AFFF18B1002007B061
:1097C000BDE8F0830120FAE740420F006461746154
:1097D00020353031206A6F696E747300308204085E
:1097E0002DE9F04FAFB082460020904699460C46D6
:1097F000DDF8E0B080218DF8880002A8D7F772FA72
:1098000023A9204602F070FB40B19DF88C00092886
:1098100006D0012804D00A2802D004E099A234E03E
:10982000D4F8A40020B194F84D01012819D108E022
:1098300098A321469AA25846FEF7DAFC2FB0BDE85D
:10984000F08F0021204626AA04F022FF48B10AF535
:109850008046012702ADD6F81C0F0DF16E0178B9D4
:109860000BE0D4E92D1092A2CDE90001D4F8A43088
:1098700000215846FEF750FF76E0D6F8200F48B199
:109880009DF88C00032871D10AE021465846FEF766
:10989000D7FE69E09DF88C000A2812D0092817D05D
:1098A00026A801F015FC0028DBD09DF88C000128CB
:1098B0007AD0082894F84E017ED000286CD078A287
:1098C000E3E726A95B462A46204601F069FA70E0E4
:1098D00022AB24AA26A801F0AFFB18B1D4F8A4301B
:1098E00080A223E02BAA20468BA104F0AFFED0B1CA
:1098F00029AA20468BA104F0A9FEE0B194F84E01FC
:109900000228DCD19DF8882002AB24A92BA801F005
:1099100016FC002815D0022811D061A00090D4F8C0
:10992000A43082A21CE0D4F8A4308BA200215846B7
:10993000FEF7F2FE18E0D4F8A43095A2F6E7A1A055
:10994000ECE79DF8882009AB24A929A801F0F7FBD2
:1099500078B102280BD052A00090D4F8A4309DA278
:1099600000215846FEF7D8FE042067E787E095A05F
:10997000F2E7002024A912E00A5C05EB820292EDD6
:10998000070AB5EEC00AF1EE10FA06D8D4F8A430F2
:109990009BA2CBE708E00FE04CE0401CC0B29DF872
:1099A00088209042E8D345E002A95A46204601F0BB
:1099B00011FB0028D9D13DE002280AD12BAA20466C
:1099C0009CA104F043FE20B129A92BA805F007F8BB
:1099D00018B1D4F8A43099A2A8E72DAA204651A125
:1099E00004F034FE20B12AA92DA804F0F8FF18B124
:1099F000D4F8A4309EA299E7DDED2A0AF5EEC00A5C
:109A0000F1EE10FA03D8D4F8A430A6A28EE79DEDAB
:109A1000290A00209DF86E1007FA00F2114205D0C5
:109A200005EB800181ED000AC1ED070A401CC0B2C0
:109A30000728EFD39DF88C008DF86C00D4F8A43083
:109A400001281993D6F80C3F1A93CDE9108903D059
:109A50000A2801D08DF86F7002A950468DF87170F8
:109A6000FFF7BFF858B1D4E92D109BA2CDE9000152
:109A7000D4F8A43000215846FEF74EFEDEE69EA242
:109A800003E70000756E6B6E6F776E5F636F6D6DD1
:109A9000616E6400726571756573745F696400005E
:109AA0006261645F617267756D656E7400000000CD
:109AB0006572726F7220256C752062656E63682016
:109AC000252E2A7320636F64653D6261645F617255
:109AD00067756D656E74206669656C643D6D6F7445
:109AE0006F7273006572726F7220256C75206265EB
:109AF0006E6368206D6F766520636F64653D62619B
:109B0000645F617267756D656E74206669656C640B
:109B10003D6D6F746F727300706F736974696F6EEF
:109B20000000000073706565640000006572726F6C
:109B30007220256C752062656E6368206D6F766596
:109B400020636F64653D2573206669656C643D70B4
:109B50006F736974696F6E006572726F7220256C25
:109B6000752062656E6368206D6F766520636F6433
:109B7000653D6261645F617267756D656E742066D4
:109B800069656C643D706F736974696F6E00000085
:109B90006572726F7220256C752062656E63682035
:109BA0006D6F766520636F64653D6261645F6172AD
:109BB00067756D656E74206669656C643D7370656C
:109BC00065640000636F756E745F6D69736D6174B9
:109BD000636800006572726F7220256C7520626583
:109BE0006E6368206D6F766520636F64653D2573D5
:109BF000206669656C643D737065656400000000F3
:109C00006572726F7220256C752062656E636820C4
:109C10006D6F766520636F64653D6F75745F6F6609
:109C20005F72616E6765206669656C643D7370651F
:109C30006564000064656C74610000006572726F99
:109C40007220256C752062656E6368206A6F6720DC
:109C5000636F64653D6261645F617267756D656EB7
:109C600074206669656C643D64656C746100000015
:109C70006572726F7220256C752062656E63682054
:109C80006A6F6720636F64653D6261645F617267DC
:109C9000756D656E74206669656C643D737065658D
:109CA000640000006572726F7220256C7520626519
:109CB0006E6368206A6F6720636F64653D6F7574BB
:109CC0005F6F665F72616E6765206669656C643D93
:109CD00073706565640000006F6B20256C752062F1
:109CE000656E636820252E2A732061636365707436
:109CF00065643D310000000062757379000000006A
:109D00002DE9F04F85B016461F4688460546DDF81A
:109D100038B0EAF791F805F580448246D4F81C0F74
:109D200010B194F8280F48B1D4F8200F10B194F86E
:109D3000290F18B198F84D0128B901E031A203E0CC
:109D400098F84E0140B131A241465846FEF778FCE2
:109D5000042005B0BDE8F08F4FF4884105F10800FC
:109D6000D6F7C0FF4FF00009284684F84C9F00F05A
:109D700097FF68B994F84D1F84F84E1F94F84F1F51
:109D8000C4F8249F84F8501F94F8510F84F8520FA0
:109D90003246D8F8A4103B462846FEF7E5FE05F506
:109DA0008042C4F80C0F02F56E60012184F8571F41
:109DB00084F8589F05F58045C0C0024684F8539F3B
:109DC00084F8549F072384F8551FC2E90067966002
:109DD0004FF47A72C5F8F47EC4F8149FC4F8189F43
:109DE0000E48D4F8081FCDE901030AF120000090C5
:109DF000CDE903120A4A0121D8F8A4305846FEF7EB
:109E00008BFCA6E762757379000000006261645FF5
:109E1000617267756D656E7400000000600503086F
:109E20003C8104087CB5044690F84E010D4600289C
:109E300041D194F84D0101283DD840B100216A4636
:109E4000204604F025FC0198042804D009E0214AAA
:109E5000D4F8A43039E0009804221FA1D6F756FEAA
:109E600018B10198062804D009E01D4AD4F8A4309E
:109E70002BE0009806221BA1D6F748FE18B10198E6
:109E8000032804D009E0194AD4F8A4301DE0009852
:109E9000032217A1D6F73AFE18B10198052804D07D
:109EA00009E0D4F8A43013A20FE00098052221A104
:109EB000D6F72CFE30B121A221462846FEF7C0FB82
:109EC00004207CBD214AD4F8A43001212846FEF7A5
:109ED00023FC7CBD5080040873686F77000000008D
:109EE000147E040873747265616D0000847C04083C
:109EF00061726D006F6B20256C752068656C702039
:109F000061726D20636F6D6D616E64733D616C692C
:109F1000676E2C656E61626C652C6D6F76652C7357
:109F2000746F702C64697361626C652C636C65611D
:109F30007200000062656E63680000006261645F29
:109F4000617267756D656E74000000005C7E0408C8
:109F50002DE9F04F87B04FF00008054691469A462C
:109F60000E46DDF840B047468DF80C808DF8108025
:109F70008DF814808DF8188091F84D0110B996F87D
:109F80004E0138B11E4A5846FEF75AFB042007B06E
:109F9000BDE8F08F05F5804494F8560F88B194F829
:109FA000C87B06A8009044F6C83005AB04AA03A9F4
:109FB000284402F00BF894F8DE0B10B17F208DF8E6
:109FC0000C0094F8570F48B144F6E06242F805904F
:109FD00005F58045C5F8E4AE84F8588F384601F0A1
:109FE0003BFF9DF80C20D4F8081F02910121CDE918
:109FF0000002D6F8A43003A25846FEF78DFBC6E750
:10A00000F0B902086F6B20256C752070696E6720AF
:10A0100073746174653D257320656E61626C65645F
:10A020003D2530327820626F6F743D256C750000DD
:10A030002DE9F047054692460C462DED028BCEB039
:10A0400091F84E0118B994F84D01012801D97FA269
:10A050006EE0286849A9E8F7AFFC804694F84D0106
:10A060004FF00009E8B10021204647AA04F010FB98
:10A0700000285BD046A947A801F0B2F8002855D0C7
:10A080004698411E072957D3D4F8A430002173A263
:10A090005046FEF741FB04204EB0BDEC028BBDE8FC
:10A0A000F0873C222F68012100263046C0EB0013C8
:10A0B00002EB8303FB5CDB4313F0FF0F03D101FAD8
:10A0C00000F3DBB21E43401CC0B20728EED30025CC
:10A0D000CDF89C90C5EB051007EB80000189C28884
:10A0E0000079FDB16AA300BFCDE90030CDE90221BE
:10A0F000802168A327AA04A8FEF750FAA0B16D1C1E
:10A10000EDB2072DE6D3279904A8E8F789FFFF22CF
:10A110008DE84501624A0121D4F8A4305046FEF78B
:10A12000FBFAB9E75F4BDFE74846F0E747A2214675
:10A130005046FEF785FAAEE7C0EB00112A686FF0D3
:10A140003703CDF8109103EB8100D4F8A410141854
:10A15000469B4FF48077A2886088A56BCDE90013F9
:10A16000CDE9020250A3394644AA04A8FEF716FA24
:10A17000002868D0E80709D094F9060058A344AA3B
:10A180003946009004A8FEF709FA05E055A33946C0
:10A1900044AA04A8FEF702FA002854D0C5F38010A0
:10A1A000009094ED0B0A50A3394644AA04A8FEF788
:10A1B00081FA002847D0C5F340069FED4D8A0096EE
:10A1C0004CA394ED020A44AA394604A820EE080ADA
:10A1D000FEF770FAB0B3009648A394ED030A44AAC0
:10A1E000394604A820EE080AFEF764FA50B3C5F316
:10A1F0008000009094ED040A42A3394644AA20EE60
:10A20000080A04A8FEF756FAE0B1C5F3C0000090B2
:10A2100094ED050A3EA3394644AA20EE080A04A894
:10A22000FEF748FA70B1E8B239463CA3009044AA60
:10A2300004A8FEF7B3F928B10121504604AAFEF79D
:10A24000C9F929E7FFE7052026E700006261645F9E
:10A25000617267756D656E74000000006572726FE3
:10A260007220256C752073686F7720636F6E666946
:10A270006720636F64653D6F75745F6F665F7261C1
:10A280006E6765206669656C643D6A6F696E74000F
:10A290003B000000257325753A25753A25750000A9
:10A2A000A080040804A902086F6B20256C75207338
:10A2B000686F7720636F6E666967206A6F696E7476
:10A2C0003D256C75206573633D25303278206D61C6
:10A2D000737465723D25303278206469723D0000E8
:10A2E000256400003F000000676561720000000007
:10A2F000E12E65426D696E5F646567006D61785F30
:10A3000064656700766D61785F6465675F73000000
:10A31000616D61785F6465675F7332002076657296
:10A3200069666965643D2530326C78002DE9F0413D
:10A330002DED028B0646904691F84E01B4B00D46C5
:10A3400000287BD195F84D01012877D806F5804784
:10A3500097F8561F002971D006F59B4440B10021A3
:10A36000284632AA04F094F93398032819D01EE045
:10A3700097F8C90B01F014FD616CE36E226BCDE917
:10A380000330CDE90121E06A0121009040465A4A9C
:10A39000D5F8A430FEF7C0F934B0BDEC028BBDE8AF
:10A3A000F0813298032255A1D6F7B0FB18B133984B
:10A3B00006280ED013E004F1400002AE0FC886E874
:10A3C0000F00D4E902014E4ACDE90001D5F8A430CE
:10A3D0002FE0329806224BA1D6F798FB18B133989C
:10A3E00003282CD031E0D7F8400F40F2E7329FED40
:10A3F000471B00EE100A4FF49E400023B8EE400BBE
:10A40000805906F5804607F61C77801880EE018B90
:10A41000D6F8041F41F10001521CD6F7A1F88DEDCA
:10A42000048B396A3A6800923A4ACDE90101D5F8BD
:10A43000A43001214046FEF76FF9ADE71DE03298E8
:10A44000032235A1D6F762FB18B1339804280ED049
:10A4500013E0D7F8440FE26EA16D8DE807002F4A94
:10A460000121D5F8A4304046FEF756F994E732981A
:10A4700004222BA1D6F74AFB30B12BA22946404635
:10A48000FEF7DEF8042087E7002608AF04EBC601DC
:10A49000D1F88400803110B10B68834207D906EBF4
:10A4A000460025A107EBC0000988018008E0009064
:10A4B00006EB4600182107EBC00020A2D6F7E2F811
:10A4C000761CF6B2072EE1D3236A2CA820AA26A96F
:10A4D000CDE906101AAC40460DF1380CCDE9043236
:10A4E00014AE184ACDE90264CDE9007CD5F8A43059
:10A4F0000121FEF711F94FE7587F040863616E00F0
:10A50000EC8004086D6F74696F6E0000000000003D
:10A5100000408F40BC7D0408757362005C7D0408B8
:10A5200072746F73000000006261645F617267752E
:10A530006D656E74000000003F000000256C752FF3
:10A54000256C7500B07F040830B5044691F84D01C4
:10A550008DB0154610B991F84E0108B1114A12E0BC
:10A5600044F65670005D68B1D1F8A43030210EA2D7
:10A5700001A8D6F787F8002801DB302808D305208A
:10A580000DB030BD0D4A2846FEF75AF80420F7E713
:10A59000002029460122009001AB2046FEF71AF95F
:10A5A000EEE70000F0B902086F6B20256C75207390
:10A5B000686F77206A6F696E74730000E8AA0208FA
:10A5C0002DE9FF5F04469B4600200E462DED028BD1
:10A5D000CEB04FF0FF39479091F84D01012819D1C5
:10A5E00096F84E01B0B90021304649AA04F050F85F
:10A5F00080B148A949A800F0F3FD58B1489F791EE1
:10A60000072909D3D6F8A43000215E98A3A2FEF74B
:10A6100083F82EE0AEA228E004F5804090F8562F93
:10A6200012B34FF0010C2368C7EB071590F87C2D8F
:10A630000CFA01FC0CF0FF0107EB87086FF0370CF8
:10A640000CEB850544F6284C04EBC80803EB050A1F
:10A650000A4008EB0C0500D0012290F8940E9046B9
:10A6600008420DD001230CE09DA25E983146FDF713
:10A67000E7FF04204EB0BDEC028B04B0BDE8F09FB4
:10A68000002304EB8702D5E9060102F598424593C1
:10A6900092ED960AD2ED9D0AC0FE608A50EA010250
:10A6A00014D0529B1B1A7BEB01020FD3529A00234A
:10A6B000101A6BEB01014FF47A72D5F751FF0022AB
:10A6C000D0F1FF338A4100D248468146B8F1000FED
:10A6D00007D095F82000082801D2696919B183A034
:10A6E0000FE084A00DE0012801D084A009E0864994
:10A6F0006868884202DC8549884201D984A000E06C
:10A7000085A0BAF80220BAF80410854BCDE90310F1
:10A71000CDE90172D6F8A4004FF4807647AA3146FD
:10A72000009005A8FDF73AFF00287DD095ED000ABE
:10A730009FED7C8A47AA314605A820EE080AFDF75E
:10A74000D1FD0028F1D078A3314647AA05A8FDF72E
:10A7500025FF0028E9D095ED010A47AA314605A852
:10A7600020EE080AFDF7BEFD0028DED072A33146B8
:10A7700047AA05A8FDF712FF0028D6D095ED020ADA
:10A7800047AA314605A8FDF7ADFD0028CDD06DA341
:10A79000314647AA05A8FDF701FF00287BD095EDBB
:10A7A000030A47AA314605A8FDF79CFD002872D090
:10A7B00066A3314647AA05A8FDF7F0FE00286AD037
:10A7C00095ED040A47AA314605A8FDF78BFD002840
:10A7D00061D0696960A3CDE9001947AA314605A88F
:10A7E000FDF7DCFE002856D0489847AA459B354621
:10A7F000314604EB800000F5984090ED8F0A05A8E3
:10A8000020EE080AFDF7C2FE70B15BA3294647AAF5
:10A8100005A8FDF7C3FE38B1489804EB800000F5A9
:10A82000984090ED960A00E035E0459B47AA20EE5F
:10A83000080A05A82946FDF7A9FE60B352A32946D8
:10A8400047AA05A8FDF7AAFE28B3489847AA459B42
:10A85000294604EB800000F5984090ED9D0A05A87C
:10A8600020EE080AFDF792FEA8B14CA3294647AA9C
:10A8700005A8FDF793FE70B1459B47AA28EE880A0C
:10A8800005A82946FDF782FE28B15E98012105AA98
:10A89000FDF7A0FEEEE60520ECE600006572726FA3
:10A8A0007220256C752073686F77206D6F746F72DE
:10A8B00020636F64653D6F75745F6F665F72616E74
:10A8C0006765206669656C643D6A6F696E74000037
:10A8D0006261645F617267756D656E74000000008F
:10A8E000756E617661696C61626C65006661756C3C
:10A8F00074000000616273656E74000064697361C6
:10A90000626C6564000000006F12833A6F1283BAB4
:10A910006D6F76696E670000686F6C64696E6700C2
:10A92000D07C0408E12E65422073706565645F6425
:10A9300065675F733D00000020746F727175655F1D
:10A940006E6D3D00206D6F735F633D0020726F740C
:10A950006F725F633D000000206661756C743D2579
:10A960006C75206167655F6D733D256C7520706D3A
:10A9700061785F6465673D0020766D61785F64652E
:10A98000675F733D00000000206D61785F73706544
:10A9900065645F6465675F733D000000206D6F76DE
:10A9A000655F73706565645F6C696D69745F64652C
:10A9B000675F733D00000000F0B5044691F84D015B
:10A9C00095B0164610B991F84E0108B11E4A13E031
:10A9D00004F5804595F8560F68B1D1F8A4303021C0
:10A9E0001AA205A8D5F74EFE002801DB302808D3AF
:10A9F000052015B0F0BD1A4A3046FDF721FE0420AF
:10AA0000F7E714A9204644F6C83C0091012405AF9D
:10AA100013AB12AA11A9604401F0D8FA0DF1040C8D
:10AA20009DF850309DF84C209DF848109DF844004A
:10AA30008CE80F0095F87C0D3B460A4A21460090B1
:10AA40003046FDF769FED4E7F0B902086F6B2025A8
:10AA50006C752073686F77206D6F746F7273000070
:10AA6000E8AA0208E48104082DE9F0430D4691F8B4
:10AA70004D1187B0914611B995F84E1109B1194A97
:10AA80000CE000F5804696F8561F31B144F6C83107
:10AA90004418A07D50B17F2709E013A229464846FB
:10AAA000FDF7CEFD042007B0BDE8F08300276078F5
:10AAB00001F076F98046207801F0CEF9D6F81C2F07
:10AAC0000146E37DCDF814800297CDE90332607D25
:10AAD000084ACDE90010D5F8A43001214846FDF719
:10AAE0001BFEE0E7F0B90208756E617661696C6182
:10AAF000626C6500047F04082DE9F04786B00C46BF
:10AB00003EA190463CA29946DDF838A00646204674
:10AB100003F026FF002894F84D0106F580454FF01C
:10AB2000000713D010B994F84E0108B135A247E0E0
:10AB300085F8537F012185F8547F36A2D4F8A430DC
:10AB40005046FDF7E9FD06B0BDE8F0870028EDD1DD
:10AB500094F84E010128E9D103AA204632A103F05E
:10AB600075FD0028E2D005A903A800F039FB0028F4
:10AB7000DCD02FA2204621A103F0F2FE10B101206B
:10AB8000322107E02CA220461CA103F0E9FEB0B15F
:10AB900002200A2185F8540F059808B1884214D97B
:10ABA00085F8547F26A2D4E92D10CDE90001D4F810
:10ABB000A43000215046FDF7AFFD0420C3E72DA2CD
:10ABC00021465046FDF73CFDF7E744F6E86385F87B
:10ABD000530F43F8068006F58046C6F8EC9ED4E98C
:10ABE0002D12009227A2CDE90110D4F8A430012142
:10ABF0005046FDF791FDA6E76F66660073747265B7
:10AC0000616D00006261645F617267756D656E748D
:10AC1000000000006F6B20256C75207374726561F5
:10AC20006D206F66660000007261746500000000B0
:10AC30006A6F696E747300006D6F746F72730000D9
:10AC40006572726F7220256C752073747265616D08
:10AC500020252E2A7320636F64653D6F75745F6FC6
:10AC6000665F72616E6765206669656C643D7261DE
:10AC700074650000756E6B6E6F776E5F636F6D6DE0
:10AC8000616E64006F6B20256C7520737472656152
:10AC90006D20252E2A7320726174653D256C750028
:10ACA00000F5804110B591F8382F3ABBD1F81C2F30
:10ACB0001AB191F8282F012A20D0D1F8202F1AB1EB
:10ACC00091F8292F012A19D091F8522F10E000BFD6
:10ACD00002F0070303EB830404EBC30300EBC3039D
:10ACE00003F5804393F8E138012B07D0521CD2B210
:10ACF00091F8513F9342EBD1002010BD012010BDCF
:10AD000070B504000D4617D044F66071D5F7EAFF20
:10AD1000E7F74EFE206005B9012504F58040322199
:10AD2000C0F8085F80F8531F44F6A0602044BDE8D7
:10AD3000704002A1D5F79DBE70BD00006A706F73B0
:10AD40002C6A76656C2C73746174652C6D6F746FEE
:10AD5000720000002DE9F0410D46074615F8520F2C
:10AD6000FDF7C2FE06466878FDF764FE0146A87945
:10AD70000022523D60F30704401E062862F30F24B0
:10AD800009D8012295F8563002FA00F0C0B2034209
:10AD900001D062F30F243E60C7E90114BDE8F081E1
:10ADA0002DE9F04192B014460D4606460020984623
:10ADB00002AB6A4604F166018DF80800284600F0EF
:10ADC0003BF918B99DF80800012801D062A313E0EF
:10ADD0009DF8005004AA62A1304603F037FC10B37E
:10ADE00061A104A801F05CF94FF0020730B1012124
:10ADF00084F86510052009E05DA24EE060A104A87A
:10AE000001F04EF978B1072084F8657096F84E117C
:10AE100081420AD056A231464046FDF711FC04207B
:10AE200012B0BDE8F0814EA3E6E706AA304656A16F
:10AE300003F00CFC28B104F1500106A803F0CFFD8B
:10AE400008B151A3D8E794ED140AB5EEC00AF1EEAB
:10AE500010FA04D910EE100A4C49884201DD4AA3C9
:10AE60001AE008AA30464AA103F0F0FB28B104F129
:10AE7000540108A803F0B3FD08B145A3BCE794ED65
:10AE8000150AB5EEC00AF1EE10FA04D910EE100A58
:10AE90004049884206DD3EA33FA231464046FDF7C9
:10AEA000A7F9BDE70AAA30463FA103F0CFFB28B1BE
:10AEB00004F158010AA803F092FD08B13AA39BE7F8
:10AEC0000CAA30463BA103F0C1FB68B103A90CA852
:10AED00000F086F940B1039842F2AD62A0F164013E
:10AEE000914203D333A3D7E732A385E74FF47A71B6
:10AEF00094F86520A0FB0110022AC4E91210C4E9ED
:10AF0000101025D10EAA30462DA103F09FFB30B1C1
:10AF100004EB85010EA80D4603F061FD08B128A3DE
:10AF20006AE710AA304629A103F090FB28B105F189
:10AF30001C0110A803F053FD08B124A35CE795EDB4
:10AF4000070AB5EEC00AF1EE10FA01D81FA3A3E775
:10AF5000002084F8677063E76D6F746F7273000090
:10AF6000616374696F6E0000686F6C6400000000BC
:10AF70006261645F617267756D656E7400000000E8
:10AF80006D6F7665000000006B7000000000FA43F2
:10AF90006B6400000000A0406F75745F6F665F72A5
:10AFA000616E676500000000746F727175655F66A1
:10AFB000660000006475726174696F6E5F6D730086
:10AFC000706F736974696F6E00000000737065655F
:10AFD000640000007CB5054690F84E0116460C460C
:10AFE000012816D10EA16A46284603F02FFB80B136
:10AFF0000DA1684601F054F808B1022005E00BA14C
:10B00000684601F04DF820B1012084F86700002067
:10B010007CBD084A02A329463046FDF7E9F87CBD0D
:10B020006D6F6465000000006D697400706F735F80
:10B0300076656C00F0B902082DE9FE4F8A464FF0A4
:10B0400000010500994690460F460E462CD0BAF1F5
:10B05000000F29D0B8F1000F26D0B9F1000F23D08E
:10B06000686808B30022C8F80020A8F80420144635
:10B0700088F8062022E003D02868005D2C281CD127
:10B080002868621A08446946CDE9010201A800F067
:10B09000A7F848B1009838B1072805D80121401E0B
:10B0A0008140C9B20F4202D00120BDE8FE8F721C60
:10B0B0000F4308F80600611CD6B2641C6868A04201
:10B0C000D9D28AF800704FF0000089F80060ECE7F0
:10B0D0002DE9FE430F464FF0000105000E4688465D
:10B0E0002AD04FB3686838B300241CE003D0286826
:10B0F000005D2C2816D12A68601A1144CDE9011090
:10B1000001A8694600F06CF8B0B10098A0B107281A
:10B1100012D8404510D9421E80460123611C93403D
:10B12000D8B20643641C6868A042DFD23E701EB1EC
:10B130004FF00100BDE8FE834FF00000FAE72DE973
:10B14000FC410F464FF00001050098464FF0010307
:10B150000E4639D0C7B3B8F1000F35D06C689CB338
:10B1600092B3072A30D800200BE0D5F800C01CF8B5
:10B1700000C0BCF12C0F03D1884208D0411C5B1CDD
:10B18000401C8442F1D88C4201D0934202D002206C
:10B19000BDE8FC811C214046D5F7A4FD00200446F3
:10B1A00018E003D02968095D2C2912D1B95D07295F
:10B1B0000AD22A68231A08EB81011044CDE9000362
:10B1C000684603F00CFC08B10120E1E7601C761C26
:10B1D000F6B2641C6968A142E3D24FF00000D7E7E1
:10B1E000F0B54FF0000478B171B1456865B1002346
:10B1F0000A2610E00268D25C303A0A2A04D2D74309
:10B20000B7FBF6F7A74201D20020F0BD04EB84049F
:10B210005B1C02EB44049D42ECD801200C60F0BDA5
:10B220000B4610B540B13BB100F5804292F8521F79
:10B2300092F8514FA14201D1002010BD92F8521F47
:10B2400001F0070101EB810202EBC10244F6880123
:10B2500000EBC200014418466822D5F7E7FC012044
:10B2600010BD000070B506000D4645D0C5B300F016
:10B27000C7F9B0BB38E000BF94F84E0F44F2084164
:10B28000802200F0070006EBC01001442846D5F7E5
:10B29000CDFC94F84E0FD4F8241F401C84F84E0FB8
:10B2A000F9B195F86A20012A0AD095F864000928B6
:10B2B00006D00A2804D0012814D195F8690080B17D
:10B2C000E86D88420ED194F82A0F82420AD1286E86
:10B2D000D4F8341F884205D10020C4F8240F05E0BB
:10B2E0000AE0FFE7012070BD06F5804494F84E1F88
:10B2F00094F84D0F8142BFD1002070BD70B50D464E
:10B300000446FFF78DFF18B195F85900012801D0C8
:10B31000002070BD04F5804494F8520F401C84F85E
:10B32000520F012070BD00002DE9F04107000E46CC
:10B330004FF000082DED028BADF5207DCDF8788221
:10B3400031D0002EFCD007F5804544F6880400BFBC
:10B3500095F8520F95F8511F8842F1D095F8520F89
:10B36000682200F0070000EB800101EBC00007EB52
:10B37000C000011984A8D5F759FC9DF8690201287D
:10B380000ED095F8520FD5F80C1F401C85F8520FBF
:10B3900097988842DCD19DF86002062804D058E0D6
:10B3A0003046FDF743FBD3E0D5F81C1F9698884242
:10B3B0004FD195F8281F9DF86902884249D1D5F8E8
:10B3C0002C1F9798884244D107F580410846DDE953
:10B3D0009424D1F8F81ED0F8FC0E531A74EB000335
:10B3E00003D3531A64EB000401E000231C465D4ABA
:10B3F0009DED8B8AD1432046D21A4FF0FF34814114
:10B4000001D220460BE040F2E73113EB010C40F192
:10B410000001604600234FF47A72D5F7A1F8B5EE2B
:10B42000C08AC5F83C0FF1EE10FA0EDB18EE100AD8
:10B430004D49884209DADFED4D0AB6EE000A08EE02
:10B44000200ABCEEC00A10EE104AC5F81C8FC5F8E1
:10B45000404F3046FDF7EAFA95F8550FF8B184A948
:10B4600032463846FDF750FC002872D0949A384690
:10B47000DDE99531FDF7FAFB002870D0DDE9941283
:10B48000C0E98212B6F80822A0F8182296F80A122B
:10B49000521C80F81A123146D5F783FB5FE09DF805
:10B4A00060020B281CD09DF8610228B3012825D02A
:10B4B000032825D02EA000BF969A40F20124CDE9A2
:10B4C0000020BDF864122CA39EAA029103A8214675
:10B4D000FDF764F800283CD09DF8600290B130E0A0
:10B4E000D5F8183F00212AA230465B1CC5F8183F4A
:10B4F000FCF73EFF60BB32E034A0DDE736A0DBE7BF
:10B5000037A0D9E79DF86102D8B938A321469EAA91
:10B5100003A8FDF743F8D8B184AB21469EAA03A83F
:10B52000FCF744FFA0B133A321469EAA03A8FDF770
:10B5300035F868B18BAB21469EAA03A8FCF736FF0D
:10B5400030B10021304603AAFCF776FE00288DD0EA
:10B5500000200DF5207DBDEC028BBDE8F0810120BF
:10B56000F7E7000018FCFFFF6F12834A00007A44DF
:10B570004641494C45440000444F4E4520256C75DA
:10B580002025732064657461696C3D257500000099
:10B5900045565420256C75204C494E4B5F54494DFF
:10B5A000454F555420656C61707365645F6D733DE4
:10B5B0003130303020616374696F6E3D53544F50A9
:10B5C0005F44495341424C4500000000434F4D50F9
:10B5D0004C4554454400000053544F5050454400DE
:10B5E00043414E43454C4C454400000020715F648C
:10B5F00065673D0020626961735F6465673D0000B7
:10B600000B4610B540B13BB100F5804494F8501F93
:10B6100094F84F2F914201D1002010BD44F608014B
:10B62000014418468022D5F701FB94F8500F401CC6
:10B6300084F8500F012010BD2DE9F04FADF5017DCC
:10B6400016465FEA00090C464FF00000DDE98B5713
:10B65000DDF828827F9018D0BCB1B7B13846FDF72D
:10B66000E5F902AA3146204603F054F809F5804670
:10B6700090B103280ED0BAA3D6F8440F411C02D0D3
:10B68000401CC6F8440FB9A22CE006200DF5017D40
:10B69000BDE8F08FBBA3EFE77FAA56A902A8FDF78C
:10B6A00059F9E8B1012086F8550F7F9956A8E7F7B8
:10B6B000B7FC82469DF8B00080B32B9942462B46DA
:10B6C0004846FDF7D3FA040029D0D4F814125145A6
:10B6D0000ED0B0A2384602A9FCF7B2FF0220D5E78F
:10B6E0002B9BB1A200213846FDF716F80420CDE7C8
:10B6F0003946204600F036FA96F8570F60B194F8B4
:10B700001B0248B144F6E063191D002243F809808A
:10B7100041F8095086F8582F0120B7E7FFE70022CB
:10B72000A9A102A803F01CF938B102A942462B4690
:10B7300048460097FEF7E4FAA2E00022A4A102A87E
:10B7400003F00EF938B102A942462B46484600974D
:10B75000FEF7FEFB94E000229FA102A803F000F98F
:10B7600020B102A83946FEF75DFB89E09CA29EA1AC
:10B7700002A803F0F5F898B19DF8552102A93846C2
:10B7800012B99DF856210AB199A296E09CA22B9B72
:10B790009DA1CDE90012A04A0121FCF7BDFF6FE099
:10B7A0009EA291A102A803F0DBF828B102A93A46B3
:10B7B0004846FFF759F963E09AA28BA102A803F06B
:10B7C000CFF828B102A93A464846FEF7BDFE57E039
:10B7D00096A285A102A803F0C3F828B102A93A46AF
:10B7E0004846FFF7E9F84BE092A27FA102A803F0D8
:10B7F000B7F838B102A942462B4648460097FEF7F3
:10B80000DFFE3DE08DA278A102A803F0A9F828B1DF
:10B8100002A93A464846FEF70BFC31E089A272A124
:10B8200002A803F09DF828B102A93A464846FEF75F
:10B830007DFD25E085A286A102A803F091F858B904
:10B8400078A283A102A803F08BF828B977A280A17F
:10B8500002A803F085F838B102A942462B464846B3
:10B860000097FFF749F90BE07BA102A800F000FC6C
:10B8700040B102A942462B4648460097FDF7B0FF6B
:10B8800004460FE076A102A800F0F2FB90B1DDE9DA
:10B890002F102B9B73A2CDE9000100213846FCF745
:10B8A0003BFF04249DF8B000F0B397F8180401287A
:10B8B00006D042E07AA2384602A9FCF7C1FEF0E7C2
:10B8C000052C4BD0DDF8ACB0CDF800A06CB3002156
:10B8D000BA4601915FEA0B012FD096F84C1F01EB9D
:10B8E000011109EB411708374FF408713846D5F7B5
:10B8F000F9F9C7F810B25146009AC7F81422C7E9FF
:10B900008285BAF80822A7F818229AF80A02521C6F
:10B9100087F81A02019887F81B023846D5F741F9D3
:10B92000012087F81C0201E007E008E096F84C0FC0
:10B93000401C00F01F0086F84C0F14B10EE00121EE
:10B94000C6E796F8570F48B144F6E063191D002288
:10B9500043F8098041F8095086F8582F204695E6AB
:10B960006261645F6C696E65000000006572726FF1
:10B9700072203020706172736520636F64653D25AD
:10B98000730000006C696E655F746F6F5F6C6F6E43
:10B9900067000000726571756573745F636F6E6632
:10B9A0006C696374000000006572726F7220256C10
:10B9B0007520706172736520636F64653D626164B8
:10B9C0005F6C696E6500000068656C6C6F0000005C
:10B9D00070696E670000000068656C700000000010
:10B9E000696E666F0000000073686F7700000000EA
:10B9F0006261645F617267756D656E74000000005E
:10BA0000756E6B6E6F776E0053544D33324837321C
:10BA10003356475436000000A87E040873746174DE
:10BA2000650000006A6F696E747300006D6F746F5B
:10BA3000727300006D6F746F72000000636F6E664A
:10BA40006967000064696167000000006F66660056
:10BA500073747265616D000062656E63680000005A
:10BA600061726D006572726F7220256C7520617253
:10BA70006D20252E2A7320636F64653D70726F669A
:10BA8000696C652063757272656E743D62656E6384
:10BA9000682072657175697265643D61726D000040
:10BAA000756E6B6E6F776E5F636F6D6D616E640048
:10BAB0002DE9F041054691F86A0005F580440E46EF
:10BAC00094F84D1F94F84E2F0128A1EB0200C1B24B
:10BAD0000CD096F86400062808D0092806D00A2859
:10BAE00004D0012804D196F8690008B1012700E0CC
:10BAF0000027082903D22FB1D4F81C0F10B1002061
:10BB0000BDE8F08194F84D0F44F20841802200F026
:10BB1000070005EBC01008443146D5F787F8D7B1C8
:10BB2000F16D05F58043C4F81C1F184696F86A109D
:10BB300003F6F86384F8281F0746316E05F5804543
:10BB4000C4F82C1FD6E90E1206C3D6E91001C7F8B7
:10BB5000000FC5F8041F94F84D0F401C84F84D0FDA
:10BB60000120CDE770B5B0F818220C460546014615
:10BB7000521C204605F50675D5F713F829880120D3
:10BB8000A4F80812A97884F80A1284F8180470BD81
:10BB90002DE9F04706000D460AD04DB106F5804468
:10BBA00094F8510F94F8521F401AC0B2082802D3DB
:10BBB0000020BDE8F08794F8510F44F6880100F0AA
:10BBC000070000EB800202EBC000682206EBC00019
:10BBD00008442946D5F72AF894F8510F4FF0000988
:10BBE000401C84F8510F95F8591095F85000012920
:10BBF00006D009280AD00A2808D0012803D021E05D
:10BC0000032803D122E095F8570088B3A86CD4F834
:10BC10001C2F904216D194F8280F814212D1E86C63
:10BC2000D4F82C1F88420DD106F58047C4F81C9F1C
:10BC300000203E46C7F8F80EC7F8FC0EC7F8000F04
:10BC4000C6F8040F95F85000032811D1A86CD4F859
:10BC5000201F88420CD195F8590094F8291F88427A
:10BC600006D1E86CD4F8301F884201D1C4F8209F77
:10BC700001209EE770B506000C4614D09CB194F8E4
:10BC80006A0001280FD1E06D68B1206E58B194F8B8
:10BC9000660040B1010606D494F86410032904D06C
:10BCA000411E084201D0032070BD204600F020FA5A
:10BCB0000028F9D194F8640003280DD006F58045DA
:10BCC000D5F81C0F78B9D5F8200F60B995F84D0F4D
:10BCD00095F84E1F884206D121463046FCF781FF79
:10BCE00008B1002070BD012070BD2DE9F0410600B3
:10BCF0008846A0B051D0B8F1000F4ED006F5804470
:10BD0000D4F81C0FE0B3D4F8240FC8BB94F84D7FCF
:10BD100094F84E5F3FE005F0070044F208418022AE
:10BD200006EBC01001446846D4F780FF9DF86A1006
:10BD300001290AD09DF86400092806D00A2804D0F9
:10BD4000012826D19DF8690018B3D4F81C2F179844
:10BD500090421ED194F8280F81421AD1D4F82C1F9A
:10BD60001898884215D1802269464046D4F75EFF74
:10BD70009DF86A0084F82A0F1898C4F8340F00E080
:10BD80000BE004F6247417982060012020B0BDE871
:10BD9000F0816D1CEDB2BD42BDD10020F6E7000080
:10BDA000082815D2DFE800F00406080A0C0E10126D
:10BDB00008A0704709A070470CA0704710A07047FA
:10BDC00013A0704716A0704718A070471CA07047BA
:10BDD0001DA070476E6F6E6500000000636F6E6699
:10BDE00069675F696E76616C69640000636F6E6697
:10BDF00069675F696E636F6D706C657465000000E4
:10BE00006C696E6B5F74696D656F7574000000001E
:10BE10006D6F74696F6E5F636F6E74726F6C00002C
:10BE20007472616E73706F7274000000636F6E7471
:10BE3000726F6C5F646561646C696E650000000020
:10BE40006472697665720000666565646261636B41
:10BE50005F7374616C650000082815D2DFE800F09C
:10BE60000406080A0C0E101208A0704709A07047BB
:10BE70000BA070470DA070470FA0704711A070472E
:10BE800012A0704713A0704715A07047626F6F74BF
:10BE90000000000073656C665F74657374000000D9
:10BEA000756E616C69676E6564000000646973613A
:10BEB000626C656400000000656E61626C696E67AB
:10BEC0000000000072656164790000006D6F7669A2
:10BED0006E67000073746F7070696E670000000019
:10BEE0006661756C7400000070B526A20C4627A12F
:10BEF000054602F035FD08B107203FE025A228469F
:10BF000022A102F02DFD08B1022037E023A228462D
:10BF10001EA102F025FD08B108202FE020A228462E
:10BF20001AA102F01DFD08B1092027E01EA2284633
:10BF300016A102F015FD08B101201FE01CA2284641
:10BF400012A102F00DFD08B10A2017E019A228463F
:10BF50000EA102F005FD08B103200FE017A228464C
:10BF60000AA102F0FDFC08B1042007E015A2284652
:10BF700006A102F0F5FC002802D005202070012067
:10BF800070BD0000696E69740000000062656E6338
:10BF900068000000656E61626C6500006A6F670092
:10BFA0006D6F7665000000006D6F64650000000035
:10BFB0006D69740073746F700000000064697361D0
:10BFC000626C6500636C6561720000002DE9F043EE
:10BFD00099460023079E01270B70137089F80030E3
:10BFE00086F8003003EB830590F8B4C107FA03F438
:10BFF00000EBC505E4B21CEA040F05F188052CD05E
:10C0000095F820C0BCF1080F04D2D5F814C0BCF1DB
:10C01000000F05D096F800C04CEA040C86F800C06A
:10C0200095F820C0BCF1010F17D191F80080DFF81E
:10C0300038C048EA040881F800806D68654503DC73
:10C04000DFF828C0654503D915782543157004E04D
:10C0500099F80050254389F800505B1CDBB2072B90
:10C06000C0D3BDE8F08300006F12833A6F1283BA29
:10C0700070B504460D460846D4F71FFD024694F8F5
:10C080004C0148B1D4F8B000904205D1D4F8AC00CE
:10C090002946D4F73BFD08B1002070BD012070BDDA
:10C0A00070B504000D460CD05DB10846D4F705FD0F
:10C0B00002466068904204D120682946D4F726FDE4
:10C0C00008B1002070BD012070BD10B504000DD076
:10C0D00000290BD044F6C8304FF436722044D4F710
:10C0E000A5FD04F58044012084F8560F10BD000022
:10C0F0002DE9F041040073D094F86400092806D0BB
:10C100000A2804D0082802D000273D4627E094F8EA
:10C1100066000127F0B3000662D4002500E0F7B105
:10C12000012194F86600A940084218D004EB850666
:10C130003068E0F799F968B3F069E0F795F948B32A
:10C1400094F864000A2803D194F86500012806D009
:10C1500096ED070AB5EEC00AF1EE10FA48D96D1C4B
:10C16000EDB2072DDBD394F864000A2842D1206D8C
:10C17000E0F77AF970B1606DE0F776F950B1A06D33
:10C18000E0F772F930B194ED140AB5EEC00AF1EEA1
:10C1900010FA00E024E02BD910EE100A164988426C
:10C1A00026DC94ED150AB5EEC00AF1EE10FA1FD99F
:10C1B00010EE100A114988421ADC114AD4E9120122
:10C1C000821A71F1000213D30E4B0022181A8A4111
:10C1D0000ED394F86500012805D0022808D102E0AA
:10C1E0000320BDE8F08194F86600411E084201D0AA
:10C1F0000B20F6E70020F4E70000FA430000A0401F
:10C20000A086010080969800F0B50500174685B01D
:10C210001E463CD005F5804494F8550FC8B194F8FB
:10C22000560F002834D004A8009044F6C83003AB61
:10C2300002AA01A92844FFF7C9FE94F8DE0B40B911
:10C2400094F8DF0B28B99DF8040010B99DF8080098
:10C2500030B194F8570FD0B194F8580FB8B903E043
:10C26000002084F8580F12E044F6E060405905F5CC
:10C2700080453A1AD5F8E41E76EB010207D3074A47
:10C28000381A66EB0106801A76F1000002D200200F
:10C2900005B0F0BD012084F8580FF9E740420F00C7
:10C2A00070B5144640B13CB100F5804393F8502F6F
:10C2B00093F84F5FAA4201D1002070BD93F86E2819
:10C2C0000A4344F608010144204683F86E28802280
:10C2D000D4F7ACFC012070BD2DE9F041184C0F469D
:10C2E0000546E6682068001D03F05CF938B922684D
:10C2F0000121206992F82C20914088432061681C1C
:10C3000007D137B12168BDE8F0410E48091D03F09F
:10C310009FB920683544B5424560216805D2A06BBD
:10C32000091DBDE8F04103F07BB9606B091D03F006
:10C3300077F9A06A854200D2A562BDE8F0810000CD
:10C34000DC000124CC6002242DE9F041054603F015
:10C350008BF92E4C2E4FA068401CA060206810B1B5
:10C36000606940B32DE02560A068012829D100262E
:10C3700006EB860007EB800003F044F9761C072EDD
:10C38000F6D323488C3003F03DF92148A03003F068
:10C3900039F91F48B43003F035F91D48C83003F0AF
:10C3A00031F91B48DC3003F02DF919488C306063FB
:10C3B0001430A06305E0E86A2168C96A814200D8A8
:10C3C00025600120616A491C6162E96A226988402E
:10C3D0001043206101EB8100291D07EB800003F071
:10C3E00037F903F061F9606900280CD02068E96A28
:10C3F000C06A884207D207494FF080500860BFF3F7
:10C400004F8FBFF36F8FBDE8F0810000DC00012487
:10C41000F05F022404ED00E010B5044690F85100EE
:10C4200058B101280CD002280FD0502080F3118879
:10C43000BFF34F8FBFF36F8FFEE7206B03F048F918
:10C440002046BDE8104003F043B910BD11484FF439
:10C45000705110B5420706D00E49C01D20F00700EC
:10C46000411AC1F570510C4C002301440839A4F164
:10C47000180221F00701C4E900030C1A11604B6097
:10C480000B60C0E9001494604FF0004154605161AA
:10C4900010BD0000E060022430010124144E4FF072
:10C4A0008058144CDFF85090A6F1C80712E000BF86
:10C4B00003F0DAF8F068C568281D03F073F8A06887
:10C4C000401EA0606068401E606003F0EDF82846E2
:10C4D000FFF7A2FF60680028EAD138680128F9D97F
:10C4E000C9F80080BFF34F8FBFF36F8FF2E70000F2
:10C4F000B8600224DC00012404ED00E02DE9F05FC7
:10C5000088469A4691001546DDE90B940A9EA522BD
:10C510008346206BD4F7BCFB206B6FF0030101EB6B
:10C520008501084420F00707780707D0502080F3E2
:10C530001188BFF34F8FBFF36F8FFEE7B8F1000F85
:10C540004FF000050ED00020221818F8001082F8D5
:10C55000341018F8001011B1401C1028F4D384F8DE
:10C56000435001E084F83450072E00D30626E662DB
:10C57000201DC4E9116503F050F804F1180003F020
:10C580004CF8E564C6F10700A06184F850505246AB
:10C59000246159463846646200F0C0F8B9F1000FD2
:10C5A000206001D0C9F80040BDE8F09F30B51149C6
:10C5B00000E011460A688242FBD34B685C18844253
:10C5C00003D14468084623444B6043681D189542D4
:10C5D00009D1084C183C2468A24209D052681A4478
:10C5E00042600A6812680260814200D0086030BD73
:10C5F0000460F9E7300101240648416B096829B15C
:10C60000416BC968C9684968816270474FF0FF3162
:10C61000FAE70000DC00012408484068401C4FF0A5
:10C62000500080F3118804D0BFF34F8FBFF36F8F9A
:10C63000FEE7BFF34F8FBFF36F8FFEE73801012492
:10C640002DE9F0410027044603F0ACF9324E306882
:10C6500008B9FFF7FBFE706904424ED1C4B3083439
:10C6600060070ED004F00700C0F108000444600722
:10C6700007D0502080F31188BFF34F8FBFF36F8F27
:10C68000FEE72CB37068844237D82348183001463F
:10C690000D6801E028460D466968A14202D229686A
:10C6A0000029F7D131688D4227D0076829680160D9
:10C6B00008376868011B10290FD92819420708D0CC
:10C6C000502080F31188BFF34F8FBFF36F8FFEE7C9
:10C6D00013E041606C60FFF769FF69687068401A99
:10C6E0007060B268904200D2B0600020726911435D
:10C6F000C5E90001F068401CF06003F0FDFB78071D
:10C7000007D0502080F31188BFF34F8FBFF36F8F96
:10C71000FEE73846BDE8F0811801012470B5041F1A
:10C72000094E231F4FF0807521F0010125601C1F69
:10C730001960A0F120010B1F266044380A606FF0D9
:10C7400002051D6070BD000019C602082DE9F04FFA
:10C75000544E054685B070680168CA68CC6B916814
:10C760002160016809698A0701D4C90723D0F1F75C
:10C7700033FE401E07B27068F1F7F2FD401E0097CD
:10C7800003B2002203A81146F1F729FB03A9616057
:10C7900070680068027CC068920705D5826942F023
:10C7A00002028261A16076E08169826961F34102DF
:10C7B0008261A5606FE0A9882A88EB88891A6F8852
:10C7C000491CDA1B521C0FFA81F90FFA82F8F1F7B3
:10C7D00003FE0146B5F90600814203DC7068F1F7FB
:10C7E000FBFD401E424607B270684946B246EDF76F
:10C7F00099FD00268146B5F902000DF1040B28E0F1
:10C800002E88ADF80460AE88ADF80860ADF806007B
:10C81000ADF80A10C4F804B0C4F808B0DAF804009F
:10C820000168C96889682160BDF90A10B94201DD53
:10C83000ADF80A70BDF90A60B74205D10068C0685A
:10C84000816941F002018161204600F02DF80FFA64
:10C8500088F000EB0908A8F10101B942D0DDB74228
:10C860001CD02B88ADF80430AB88ADF80830ADF89B
:10C870000600ADF80A70C4F804B0C4F808B0DAF8DD
:10C8800004000168C968896821600068C06881691E
:10C8900041F002018161204600F006F805B0BDE8D4
:10C8A000F08F0000580201242DE9F0415F4C94B054
:10C8B00007466068F1F750FDF968054609B138464A
:10C8C00088476068E96800680288408812FB00F0C9
:10C8D000884201D1012000E00020296859B169682F
:10C8E00031B128B907E060680068816A01B1884702
:10C8F00028690028F7D160680025F1F757FD014647
:10C900007868F8F783FA61680646496919B178686A
:10C91000F8F77CFA054656EA050051D16068F1F750
:10C920005BFD401E0FFA80F86068F1F719FD411EAB
:10C93000CDF800800BB2002211A81146F1F74FFA92
:10C94000386BB0B103A8F2F72DF9606811AAC16A7B
:10C95000079190F829108DF82610418DADF8101030
:10C9600003A990F829008DF80F0038463B6B9847D3
:10C9700026E06068C06A98B16946F3F7B9FE0128FD
:10C980001ED103A8F1F788FD606811AA90F829105C
:10C990008DF8171003A9C36A3846F1F749FD0FE077
:10C9A00003A8F2F7FFF86068418DADF8101003A9F5
:10C9B00090F829008DF80F0038467A68F2F7DEF813
:10C9C000606890F82810C9070CD006B90669384687
:10C9D000314600F09DF96068406990B105B905469F
:10C9E00029460BE0406928B105B905463846294675
:10C9F00000F08EF90EB9606806693146384600F0DD
:10CA000087F96068F1F7CAFC0146384600F080F902
:10CA10006068F1F7BBFC0146384600F079F96068C0
:10CA200014B0BDE8F041EBF761BE000058020124EC
:10CA30002DE9F0412C4C002020606068B0F8505186
:10CA4000002D4ED0002703E0411991F83011D1B1EB
:10CA50006D1EF9D50068416B01B1884760680026FA
:10CA60000168C9688A6922F001028A610168C9689F
:10CA70008A6922F002028A6190F8281041F00401CC
:10CA800080F8281022E02F46E4E7811991F8301150
:10CA9000D9B9BE4205D10168C9688A6942F001026C
:10CAA0008A610168C9688A6922F002028A6100EB22
:10CAB000C6003030FFF74AFE606800EBC600303039
:10CAC000F1F756F9216808442060761C6068B0F8D8
:10CAD0005011B142D9DC90F8281021F0040180F8FF
:10CAE0002810BDE8F0810000580201242DE9F04F24
:10CAF0000C468246012120468BB0F6F717FD002830
:10CB00007ED12046E0F721FD050027D000212046F8
:10CB10006122F6F7B9FB00F0FF09B9F1020F6FD3FC
:10CB20006B462A4621465046EFF753FD012867D150
:10CB300001276846002204F11401DFF7A1FFA8B124
:10CB400000208DF820001221204608AACDF824D01C
:10CB5000F2F724FE9DF8200038B107E00BB0214623
:10CB60005046BDE8F04FF6F7D9BF0027012D01D19F
:10CB700047F0020769463A465046F1F779FF05004B
:10CB80003ED0002120466F22F6F77EFB00B2002146
:10CB9000804660F30F0620467022F6F775FB01B25F
:10CBA0004FF06403C8F3413061F31F4601284FF48E
:10CBB000FA624FF47A7B17D128F4C040904213DC1C
:10CBC000B4F818C05845B4F81480ACEB080C0CF15C
:10CBD000010C0FFA8CFC01DDC0F57A700CFB00FC37
:10CBE0009CFBF3F060F30F06C1F34130012813D131
:10CBF00021F4C04090420FDC618BE28A891A00E088
:10CC000080E0491C09B2584501DDC0F57A70414306
:10CC100091FBF3F060F31F4602A8F1F73DFC002101
:10CC200020466E228DF81390F6F72EFB00B2ADF879
:10CC30000800B0F5616F02DDA0F5616003E0002837
:10CC400003DA00F56160ADF80800002120466D228E
:10CC5000F6F71AFB0021ADF80A0068222046F6F725
:10CC600013FB8DF81400B907284840680068007C61
:10CC7000C0F3C0008DF81C003AD52868A860688A07
:10CC800069896A680144B5F90600491EEA6009B27B
:10CC9000E98181422CDDE8812AE0B80705D53B46D1
:10CCA0002A4651462046EFF761FC21465046F6F7EA
:10CCB00035FFDAF804002946A28A32440088101AA7
:10CCC000ADF80C00DAF80420E08A00EB2640528828
:10CCD000801AADF80E0002AA5046F1F7C4FEB8075C
:10CCE0000CD5E889698A401C68810144491EE981A4
:10CCF000B5F90A00BDF906108842CEDD2946504636
:10CD0000F1F7EAFE0BB0BDE8F08F000058020124F5
:10CD10002DE9F0470C00814605D11B484068F1F72A
:10CD200045FB04002AD021464846FFF7DFFE1FE0FE
:10CD30000027F5F73BFC0025064608E0A0680068E0
:10CD400050F82510E7B14846FFF7D0FE6D1CB542FC
:10CD5000F4D317214A462046F2F720FD18214A460F
:10CD60002046F2F71BFD19214A462046F2F716FD30
:10CD7000A0464046F5F71AFD0400D9D1BDE8F0877A
:10CD80004145E3D10127E1E7580201242DE9F04FA5
:10CD9000464C8DB0606801680A7CD2077ED0C968B5
:10CDA000496800297FD000F5AC70E0F77CFB0028D3
:10CDB00079D160680168CA68936811680C938B42E6
:10CDC00000D151688946F1F7CBFA20210B9003A8D6
:10CDD000D3F788FF0025A0463CE0411991F83011B7
:10CDE000B9BB00F5AC70E0F7CCFA0646A0462EE0E1
:10CDF000D8F804003146444600F5AC70E0F7D3FAA9
:10CE000083466068314600EBC502303203A8DFF785
:10CE10005FFD0746401C19D000240DF10C0A09E003
:10CE2000E0F7F2FA0AEBC401641C64B20A6802601B
:10CE300049684160BC42D8F80400314600F5AC7046
:10CE4000EEDBE0F739FB3046F4F73AFC5E46002EA5
:10CE5000CED16D1CD8F804004446B0F85011A94258
:10CE6000BBD800F5AC702546E0F78BFA12E00B98C2
:10CE70002346CDF80090CDE901046868DDE90B2177
:10CE80000068C06B866BB0476868214600F5AC70DF
:10CE9000E0F789FA0400EAD1686800E003E000F5F1
:10CEA000AC70E0F758FA0DB0BDE8F08F58020124DD
:10CEB0002DE9F0410746F5F779FB0024054612E01D
:10CEC000B868006850F824603046F6F799FC0022F4
:10CED00030462A21F2F762FC3046F6F791FC3046E4
:10CEE000FFF7E6FF641CAC42EAD3BDE8F081000026
:10CEF00001220248D103D9F797BB00000010025865
:10CF00002DE9F0478846994617460546D8E9024676
:10CF10000EB9E7F723FD0CB9E7F720FD05EBC711C4
:10CF2000E66001EB8900B460826B42450FD1AC42F0
:10CF300084630CD105EB87020120516900FA09F3E3
:10CF40009943516103D12969B84081432961BDE802
:10CF5000F087037E012B17D1022341760229037645
:10CF600004D0032906D0012908D00AE0816A491CAF
:10CF7000816206E0C16A491CC16202E0016B491C82
:10CF80000163114601F0F0BF70470021AFF300804C
:10CF90002DE9F041044690F8C8040E4648B194F8D3
:10CFA0009C06002841D12046E7F7F4FE050002D098
:10CFB00005E002203DE0D6B3072E39D8354694F877
:10CFC0009806002618B184F8986684F89A6604F5E5
:10CFD000B66038218046D3F785FE94F8C004012757
:10CFE000691E94F8C62494F86F3600F07F0007FAA3
:10CFF00001F1084384F8CC554FF0080C84F8BCC507
:10D00000032B40EA020084F89E0601D084F86F6684
:10D0100041462046EDF7FCFA84F89976062084F81C
:10D02000080684F89C7684F89D76BDE8F081FFE7D9
:10D030000E2084F86E06F8E770B50446E8F76BFB3F
:10D0400008B10B2501E094F848562046FAF764FF32
:10D0500084F849560020C4F8800684F8960684F8BF
:10D06000970670BD01EB810100EB41101346034AA6
:10D07000A02100F24220D3F705BB000010EB02080C
:10D080002DE9F041040015460E4606D02DB1A078DA
:10D09000082804D00520BDE8F0810120FBE7084600
:10D0A00000F02BFA60B1E07800F00F002875E1780D
:10D0B000401E0E284FEA1110687503D90220EAE7D6
:10D0C0000420E8E7A379E179A0881F01227AD6ED50
:10D0D000000A01F00F0347EA111840BA1021B1EE1F
:10D0E000600A42EA032700F030FA85ED000AD6ED27
:10D0F000010A0C214046B1EE600A00F026FA85EDE7
:10D10000010AD6ED020A0C213846B1EE600A00F0A1
:10D110001CFA85ED020A607A00EE100AB8EE400AA9
:10D1200085ED030AA07A00EE100A0020B8EE400A4E
:10D1300085ED040AAFE728B121B18278082A03D02F
:10D1400005207047012070474279332A03D0552AC1
:10D1500001D0062070470379C27803F0070342EA42
:10D1600003220A8182798A72827AD0F8070062F3F8
:10D170001F600860486000207047012170EE601A4F
:10D180008140491E00EE101A71EE600AB8EE400AA6
:10D1900021EE800A80EE201ABCEEC10A10EE100AC1
:10D1A00070472DE9FC4114004FF0000200920192FB
:10D1B00005D0421E0E2A04D90220BDE8FC810120C0
:10D1C000FBE7012903D0022901D00320F5E78DF800
:10D1D000000055228DF804100D0A8DF802200A2354
:10D1E0008DF805500E0C0F0E8DF806606A4640F261
:10D1F000FF7120468DF8033008238DF80770E6F79D
:10D20000B8FF0028D9D00620D7E700002DE9F04765
:10D210005FEA02090C4682462DED068BB0EE429A7B
:10D22000B0EE618AF0EE418AF0EE609AB0EE40AA6C
:10D2300082B009D0AAF101000E2807D9022002B05D
:10D24000BDEC068BBDE8F0870120F8E7084600F04A
:10D2500054F9E8B31AEE100ADFF729F9C0B319EE52
:10D26000900ADFF724F998B318EE900ADFF71FF958
:10D2700070B318EE100ADFF71AF948B319EE100A66
:10D28000DFF715F920B394ED001AB0EECA0AB4EE38
:10D29000C10AF1EE10FA27DC94ED010AF0EEE90A7A
:10D2A000F4EEC00AF1EE10FA1EDCF5EEC08AF1EEE3
:10D2B00010FA19D318EE900A3749884214DCB5EEFB
:10D2C000C08AF1EE10FA0FD3344918EE100A00E0CC
:10D2D0000AE0884208DC94ED020AF0EEC90AF4EE96
:10D2E000C00AF1EE10FA01DD0420A8E71020F1EEEB
:10D2F000410AB0EE4A0AFFF740FF94ED011AB0EE82
:10D30000690A06460C20F1EE410AFFF736FFDFED11
:10D31000259A9FED231AB0EE680AF0EE690A80465E
:10D320000C20FFF72AFFB1EE041AF0EE690AB0EE06
:10D33000480A05460C20FFF720FF94ED021AB0EED4
:10D34000490A07460C20F1EE410AFFF716FF3C0997
:10D350008DF804503B018DF80540370A8DF80070B8
:10D360004FEA08118DF8016041EA15224FEA1811C1
:10D370008DF8021043EA10238DF806300823514639
:10D380008DF803206A468DF807004846E6F7F1FE5F
:10D390000028AAD0062052E70000FA430000A0406F
:10D3A0000000FA43000000007CB51C0017A3D3E97D
:10D3B0000053CDE9005314D0431E0E2B01D9022097
:10D3C0007CBD21B1B1F5807F01D003207CBDFB2A5B
:10D3D0004FF0010507D0FC2A05D0FD2A03D0FE2A14
:10D3E00001D001207CBD07288DF8072002D89D4080
:10D3F0006A0601D4084480B26A46082301462046E2
:10D40000E6F7B7FE0028EDD006207CBDFFFFFFFF4A
:10D41000FFFFFF001CB514004FF0000200920192C4
:10D420001CD0421E0E2A01D902201CBD042917D08F
:10D43000052915D0062913D0072911D008290FD0A6
:10D440000A290DD00D290BD00E2909D0152907D096
:10D45000162905D0172903D0242901D001201CBD8D
:10D460008DF8000033228DF8022004236A462046FE
:10D470008DF8031040F2FF71E6F77BFE0028EED036
:10D4800006201CBD30B50D0004462DED028BB0EE1C
:10D49000608AF0EE408A83B007D0601E0E2806D95D
:10D4A000022003B0BDEC028B30BD0120F9E718EE7D
:10D4B000900ADEF7FCFF48B118EE100ADEF7F7FF1E
:10D4C00020B1B5EEC08AF1EE10FA01D20420E8E7EF
:10D4D000B0EE680A684600F04CF8B0EE480A01A8C1
:10D4E00000F047F808236A4604F580712846E6F7FD
:10D4F00040FE0028D5D00620D3E710B5040022D086
:10D500002068DEF7D4FFF0B194ED000AB5EEC00A52
:10D51000F1EE10FA17DD6068DEF7C9FF98B194EDFF
:10D52000010AB5EEC00AF1EE10FA0CDDA068DEF7D4
:10D53000BEFF40B194ED020AB5EEC00AF1EE10FA5A
:10D5400001DD012010BD002010BD01EE100A70EEBB
:10D55000C00A0120B8EE411A8840401E20EE811A10
:10D5600000EE900AF8EE601AC1EE210A30EE800A51
:10D57000704710EE101A10B501700A0A42700B0CB9
:10D5800083700C0EC47010BD10B5826862B1037850
:10D590000C78A34208D140684B68984204D188684F
:10D5A000824201D1012010BD002010BD70B505469A
:10D5B0000068F5F787F80022044600692721F2F792
:10D5C000EDF8606900222821F2F7E8F8606928B1D7
:10D5D00094F82810890701D5F4F794FC00206061C5
:10D5E00094F82810002221F0010184F82810A0618D
:10D5F000602128681034F6F721FE2068BDE87040ED
:10D60000F6F7FEB870B505460068F5F75BF8044616
:10D61000F7F798FC606100222B6826212361BDE8A2
:10D6200070401846F2F7BAB870B50546F5F74AF8F3
:10D63000040022D026695EB1002230462521F2F78F
:10D64000ADF8206920B1002228462621F2F7A6F87D
:10D6500025610020A0615DB1002228462721F2F754
:10D660009DF8206920B1002230462821F2F796F873
:10D670002846BDE87040F6F7C3B870BD00220068C8
:10D680000A21F2F78BB800002DE9FF4F85B09146D3
:10D690000C460846F5F78AF810210646F5F746FFCE
:10D6A000002877D03046F5F7DFF80025834630466E
:10D6B000F5F7A7F91434CDE9024000B9059C002123
:10D6C0003046F5F73EFD002100903046F5F7D6FDD7
:10D6D0000146009808440FFA80F830460021F5F71B
:10D6E00097FD01460098728B0844F18A00B20190C0
:10D6F000101AE78801EB080CB9F802106388C01B08
:10D70000081AACEB03020FFA80FA3046521A17B22D
:10D71000F5F70BF8A0EB08010198002FA1EB000032
:10D7200000B204900BDBBAF1000F14DA002F06DD13
:10D730003D463046F5F76CF9401B0BD40BE0BAF1CF
:10D74000000F08DDCAF1000005B23046F5F73AF8DF
:10D75000E84200D500250398012804D0022809D00A
:10D7600003280FD117E0F28A618802EB08002944F0
:10D77000401A05E0718B0198E288091A50191BE0E4
:10D78000284405B230460024F5F734F90190A8B1D9
:10D79000029F14E0C4E00498F18A00EBD07208EB19
:10D7A0006200E28801446088121A521C12B202EB35
:10D7B000D27205EB62021044081AE1E7059F0021CE
:10D7C0003046F5F737FD009908440FFA80FA3046E5
:10D7D0000021F5F741FDB28A0099B6F818C052440D
:10D7E0003B88084401B20091B7F80480ACEB01011A
:10D7F000B9F80000D21AA1EB0801411A121A10B2AE
:10D8000009B200280ADB002912DA002806DD0446E6
:10D810003046F5F731F8001B09D409E0002907DD8F
:10D82000484204B23046F5F787F8E04200D50024BC
:10D830003046F5F775FEA0EB0A0200980199A2EBBD
:10D84000000000B2012904D0022908D003290ED11A
:10D8500023E0B28A398802EB0A0021442DE0318BA3
:10D860000098BA88091A1019081A204404B22E49DF
:10D870003046F0F769F92D4907463046F0F764F96C
:10D88000384306D0002230460A21F1F787FF0128ED
:10D8900046D15FEACB7012D014E000EBD072B18AAF
:10D8A0000AEB62003A880844B988891A491C09B20F
:10D8B00001EBD17104EB61011144401AD5E7002C52
:10D8C00000DA00245FEA8B7002D4002C00DD002413
:10D8D0005FEA4B7002D4002D00DA00255FEA0B707E
:10D8E00002D4002D00DD00250898B9F900100028A9
:10D8F00000D02046B9F902200844A9F8000002D15E
:10D900004FF0000000E0284621461044A9F802002C
:10D91000089B09B02A463046BDE8F04FF6F73ABDFD
:10D9200009B0BDE8F08F0000ABD9020893D9020816
:10D9300030B5AAB1B2F90050B0F91A40B0F936309A
:10D9400025449D4201DA1B1B1380B2F90050B0F947
:10D950001A40B0F93A3025449D4201DD1B1B13806B
:10D96000002915D0B1F90040B0F91830B0F93420D1
:10D970001C44944201DAD21A0A80B1F90030B0F99D
:10D980001820B0F938001344834201DD801A088062
:10D9900030BD034610B5F5F742F8084401B2184609
:10D9A000BDE810400022DFF7D6BD034610B5F5F7FD
:10D9B0003DF8084402B21846BDE810400021DFF7E8
:10D9C000CABDF8B505460C460846F1F7EBF84FF42A
:10D9D000803628463146F5F7A0FB0228E07008D9CA
:10D9E000202231462846F5F74FFC0090BDF8000094
:10D9F000A080312228463146F5F746FCC0B284F8B3
:10DA00002200022815D9322228463146F5F73CFC7F
:10DA100000B22084002809DD302231462846F5F77F
:10DA200033FC0090BDF80000E08302E0002084F8A1
:10DA30002200E07818B994F82200002800D00120D4
:10DA4000F8BD90F88C16072900D3002101EB4102A4
:10DA500002EB011100EBC10098307047F7B5154E8D
:10DA60004FF4806514460F46002229463046D8F709
:10DA7000DBFD1148022301226946DBF7F4FA60B9A5
:10DA8000ACB1012229463046D8F7CEFD0A48022320
:10DA900022463946DBF7E7FA48B10848C16A491C13
:10DAA000C1620549D1F8841001630020FEBD012048
:10DAB000FEBD0000000C0258E09C0224309E0224AF
:10DAC0002DE9F04FBBB0D8F7B5FD0446D5F760FBA4
:10DAD00005460E462046EFF795FD15A92046EFF7BF
:10DAE0006FFD9DF8600038B1BDF854108148DDE944
:10DAF00016230094E6F76AFE7E482146E6F720FFEB
:10DB0000DFF8F48198F8000038B198F8010020B1EE
:10DB1000F7F79CF808B1012700E00027D8F80800C3
:10DB2000DFF8D091C246201A052804D2A9F5D460A6
:10DB300090F89106B8B9714A28463146CAF80840AB
:10DB4000E1F7D4F978B199F806002A466B493346D3
:10DB5000CDE900076A48E7F767FE664838A9E6F7A7
:10DB600011FE30B909E099F8060000212A46334633
:10DB7000EEE7634838A9F7F7EFF85E4838A9E6F70B
:10DB800013FE0028F5D180460FE004A8E2F7B4F8B0
:10DB9000020003D05A4804A9E7F7FAFDD5F7ECFADA
:10DBA00008F10108B8F1020F05D2554804A9E7F7BA
:10DBB00018FE0028E9D128A8E1F7C8FC18B15048A0
:10DBC00028A9E7F71AF94FF0000830A8E1F7CEFCD2
:10DBD00040B14B4830A9E7F7CBF908F10108B8F19B
:10DBE000040FF2D34548BDF854103438018016991B
:10DBF00011B99DF8601001B1012180464172834640
:10DC00001798211AC8F8041099F80000F7F7EEF8F1
:10DC100088F8080099F8061088F80A1099F8081092
:10DC2000C8F80C10DAF80400201A32285AD3382128
:10DC300004A8D3F757F819A8F7F760F8CDE9045608
:10DC4000DAF81410D046491CCAF81410089199F853
:10DC500006108DF82C108DF82D7009B1F7B3012145
:10DC60008DF82E10DFB300210A91BDF85410012267
:10DC70008DF83020ADF8321099F80000F7F7B6F8BB
:10DC80008DF834004FF47A711798201A0E9022986C
:10DC900048430F90DDE91D1008441090002001F06A
:10DCA00095FC119004A8E2F747F8D5F765FADDE98D
:10DCB0001D121144CBF810102499CBF8141023999D
:10DCC000CBF818102299CBF81C101199CBF8201022
:10DCD0000A490C39081FD5F709FA01E005E007E009
:10DCE000C8F804403BB0BDE8F08F00218DF82E103D
:10DCF0000121B9E748A60224F8010124B8B20224A0
:10DD0000A89F02242DE9F041304C05462046A37817
:10DD10000069A5EB000223B32D48012B2D4D4FF4D4
:10DD200000414FF002074FF0030826D0022B37D0F6
:10DD3000032B20D1E378284A02EB03160022D8F700
:10DD400073FC7278B11C3078FFF788FE064600201D
:10DD5000FFF7CEF8E078401CC0B2E0700E2824D067
:10DD600024E0642A07D301221C48D102D8F75CFCC6
:10DD700025610120A070BDE8F081642AFBD3002258
:10DD8000D8F752FC002211201146FFF767FE064625
:10DD90000020FFF7ADF8D8F74DFC2061A77005E033
:10DDA000782AE8D384F80280E5E72F70002EE2D1CC
:10DDB000002000F053FBA96A491CA96285F8008085
:10DDC0000020BDE8F04100F00BB80000D4010124B0
:10DDD00000100258309E02245C0803080004025818
:10DDE00010B5040001D0012200E0002204484FF4E5
:10DDF0008061D8F719FC034880F8394010BD000055
:10DE000000040258309E02240186F5F7F9BC4186D1
:10DE1000F5F7F6BC09B2F6F7D9BD09B2F6F7ECBDD5
:10DE200090F86F1603291AD0022916D090F89F1681
:10DE300039B190F8F515022911D090F8051611B1F5
:10DE40000BE00220704790F8F405082807D002285C
:10DE500005D0032803D0042801D0072070470820EC
:10DE6000704700294FF0010101D0F3F7AFBFF3F77E
:10DE700095BDF0B597B014460D46074601A8F0F7DA
:10DE800091FEFF2211461046F0F7B5F800900026EB
:10DE9000BDF8000001A900902A46BDF80000ADF8C9
:10DEA00008003846F0F76AFE0FA8F0F7B1FD0FA999
:10DEB00023462A4638460096F0F708FB17B0F0BD17
:10DEC0002DE9FC5F8A46834690461F4600EB8A0098
:10DED000DDF84490DDE90F651AB20D9C816A01916D
:10DEE0000FFA88F180680090F6F7F7FB0C9822B2E1
:10DEF00001B20098F6F710FC129900220098F6F78C
:10DF00003BFD009800220121F6F725FD0EB12221EC
:10DF100000E0042100980022F6F70EFD172C01DA2C
:10DF2000002100E0022100980022F6F70AFD0DB161
:10DF3000002000E04846F0F735F80022014600983E
:10DF4000F6F70EFD15B16FF07F4000E00020F0F70E
:10DF500029F8002201460098F6F7C2FC009800223A
:10DF6000FF21F6F7C9FCF0F7F1F80022014600980E
:10DF7000F6F7C7FC002200981146F6F7CEFC0DB16B
:10DF8000052100E0002100980022F6F7DFFC0AEBF3
:10DF90008A010E9B0098A0220BEB411101F2127135
:10DFA00000F09CFD00980121FFF75BFF0EB10121FD
:10DFB00000E000210198FFF754FF002E37D07F1CAE
:10DFC00008F105003AB201B20198F6F786FB1E2C63
:10DFD00001DA601E00E01D2001B20198F6F753FB44
:10DFE0001A2C01DA134900E0134900220198F6F7D0
:10DFF000C3FC002201981146F6F7A3FC0DB10020E6
:10E0000000E04846EFF7CEFF002201460198F6F700
:10E01000A7FC0198F2F77AFF3146D2F78BFE002871
:10E0200005D001983146BDE8FC5FF3F77FBABDE843
:10E03000FC9F000080EC0308A0410408092803D2DB
:10E04000024951F82000704701A07047DC0903081D
:10E05000E69CAAE79FA5E998B6E6AEB500000000E9
:10E060002DE9FC470D8803F11F008E8820F01F0763
:10E0700014359846143691460C46EAF7B7F8280A44
:10E080008DF800008DF80150310A8DF80210002241
:10E090008DF803604FF400416088000A8DF8040099
:10E0A000A0788DF80500E088000A8DF80600A079B8
:10E0B0008DF807002348D8F7B7FA042269462A20CA
:10E0C000FFF7CCFC98B304222B2001A9FFF7C6FC74
:10E0D00068B300222C201146FFF7C0FC38B30122A0
:10E0E00019489102D8F7A0FA002F48460EDD00F03B
:10E0F0001F013944BFF34F8F144A1060203020397C
:10E100000029FADCBFF34F8FBFF36F8FBFF34F8F40
:10E110001FFA88F20E484946DBF7C2F850B10D48A5
:10E12000C16A491CC1620A49D1F884100163002008
:10E13000BDE8FC870848016921F008010161012060
:10E14000F6E7000000100258000C025868EF00E0EB
:10E15000E09C0224309E0224000002400146014857
:10E16000E6F740B8C009022470B5064621488EB0D3
:10E1700090F89A0110B106200EB070BD1E4C94F8B4
:10E180004C0008B1002531E02078F5E724216846ED
:10E19000D2F7A8FD1948D7F7B9FC48B318480CAA1C
:10E1A00009A9E6F7E5F818BB9DF8260003A900F0D9
:10E1B000EDF888B10020BDF8241002900DF127027F
:10E1C0000490CDE9001005906946069007900890EC
:10E1D0000A48D7F7F7FA20B12069401C20610520D2
:10E1E000CAE7E068401CE0606D1CEDB2B542CDD3DB
:10E1F0000020C1E7C0090224A05F0224F0710124BD
:10E200005C0B02240A4601460148E6F70AB9000001
:10E210005C0B02240A4601460148E6F72BB90000D0
:10E220005C0B022470B58AB00546202101A8D2F704
:10E2300059FD1DB11948806B072802D201200AB090
:10E2400070BD012640F2FF7100220192022006916A
:10E25000CDE90306144600BFC4EB0410029401A9E3
:10E2600005EB8000008905900C48D7F70CFB90B9AE
:10E27000641CE4B2072CEFD30222084801231146A4
:10E280000096D7F73FFB30B9012204481146D7F773
:10E29000CDFA0028D3D00220D1E70000F07101248C
:10E2A000144A154810B502F5CE73D2F88C41A0F18E
:10E2B0002C018461D2F89021826093F89122C2618E
:10E2C000D3F888220262CA6842620A6982624A6995
:10E2D000C26211F8032C02634A7842634A7982636E
:10E2E0000A6AC2638A6902644A6A4264896A81640A
:10E2F00010BD0000C0090224A05F0224FEB51C4E20
:10E30000502107461B48D2F7EDFC1B48E5F750FFAC
:10E310001A48E5F7EFFF1A491A4800F034FF154C88
:10E32000012584F84D504FB169463846E4F76AFB41
:10E3300020B13846FFF776FF90B901E028460FE09C
:10E340001148D8F700F808B1032009E00E48002270
:10E350003146D7F7F3F928B10B48D8F70DF8042068
:10E360002070FEBD84F84C5000202070FEBD0000DF
:10E3700001008003A05F0224C00902245C0B022478
:10E3800025E40208F00D0224F071012409B10828E7
:10E3900001D900207047034A52F82000086001208C
:10E3A00070470000DC070308014B83E80700704753
:10E3B000D000012413460A460146014800F0F6BE8B
:10E3C000F00D02240A460146014800F0A4BF0000F7
:10E3D000F00D02240A460146014800F0BABF0000D1
:10E3E000F00D02240A460146014800F0D1BF0000AA
:10E3F000F00D02240A460146054810B501F00EF85A
:10E40000040003D10348406800B18047204610BD96
:10E41000F00D0224D0000124014801F03FB80000B3
:10E42000F00D022410B530B129B1D4F7E5FE002873
:10E4300002D0012800D0022010BD0000054810B510
:10E4400000F02DFF04488068002802D0BDE810408D
:10E45000004710BDF00D0224D00001241F4A1D49C1
:10E4600070B51D48002414710C61026922F01F026E
:10E470000261426A22F080024262BFF34F8F00695C
:10E48000C0070AD1164D2868026822F00102026016
:10E49000BFF34F8F0868C00701D0002070BD8868A7
:10E4A00020F440408860E9F7A1FE0D480121883042
:10E4B000C4630464C464046580F8351080F8344093
:10E4C00085F8811085F88040A5F86240A5F86A407B
:10E4D000084670BD0030014000000240D401012414
:10E4E000E09C02242DE9F0410446D0F8880600257E
:10E4F0000626216988420FD12046FFF7A2FAC0689C
:10E50000D4F88416884207D12046FFF79AFA00789B
:10E5100094F8241588420CD084F86E66204684F85E
:10E52000965684F89756C4F88056BDE8F041FEF739
:10E5300083BD04F5A16120460F4601F069FA002869
:10E5400084F86E061DD104F5A860394638220746C6
:10E55000D2F76CFB39462046ECF75AF83822394698
:10E5600004F5AF60D2F762FB84F89F56012084F86F
:10E570009B5684F8086684F89A0684F8980684F80E
:10E580009506BDE8F08100002DE9F04100240F461A
:10E590000646486800E0641CA04203D93968095D5A
:10E5A0003D29F8D16CB3411EA1422AD93968021B1A
:10E5B00004F1010801EB08003D21521ED2F79CFA3C
:10E5C000F8B996F84E01082802D30920BDE8F08179
:10E5D00006EB00153868C5E933043A6802EB080118
:10E5E000C5F8D4107968091B491EC5F8D810CC3578
:10E5F000214600F05DF820B1284600F07AF80024AA
:10E6000011E00720E2E700BF06EB04106A68D0F8CB
:10E61000D010914205D12968D0F8CC00D2F776FA13
:10E6200058B1641CE4B296F84E01A042ECD8C0B2D6
:10E63000401C86F84E010020C8E70820C6E7A0F17C
:10E640004101192901D82030C0B270472DE9F041AD
:10E65000050016460F4619D0C7B1BEB1002411E01F
:10E6600005EB04103946CC3000F098F940B105EBC9
:10E670000411D1E93501C6E900010120BDE8F081AE
:10E68000641CE4B295F84E01A042E9D80020F5E7F9
:10E6900020B11AB190F84D318B4201D8002070475B
:10E6A00000EBC101D1E92F01C2E90001012070474F
:10E6B00010B5B8B1B1B10278A2F141031A2B02D35F
:10E6C000613A1A2A0ED201230FE0C25CA2F1410482
:10E6D0001A2C09D3203C1A2C06D331340A2C03D32C
:10E6E0005F2A01D0002010BD5B1C8B42EDD30120BE
:10E6F00010BD70B505000CD02E68002E09D0002486
:10E7000004E0305DFFF79BFF3055641C6868A04251
:10E71000F7D870BD2DE9F04F9BB04FF0000B07000C
:10E720000E4614465D46D9468DF868B00CD05CB1F3
:10E730004FF4A8711046D2F7D5FAAEB1B81910F857
:10E74000010C0A2804D005E001201BB0BDE8F08FC1
:10E75000761E14D0B81910F8010C0D2800D1761EC1
:10E76000A02E01D90320F0E7002006E0395C203913
:10E770005F2901D30420E8E7401CB042F6D33246BB
:10E7800039462046D2F70DFA00206B460DF1680A93
:10E79000014604F806B021E05A4601E02254401C2C
:10E7A000B04202D2275C202FF8D0B04218D20D29F7
:10E7B00001D30920C9E7024600E0401CB04202D262
:10E7C000275C202FF9D1A71803EBC108A0EB020C9E
:10E7D0004A1C43F83170D1B2C8F804C0B042DBD350
:10E7E0008AF800109DF8686096B100984FF0010813
:10E7F00000783038092826D804F1A4004FF0000230
:10E8000003003ED00198D8B34E4F0021054610E0DA
:10E8100002209AE70098405C30380A2831D2BA4288
:10E820002FD801D105282CD802EB8202491C00EB1D
:10E8300042028D42EED81A60D4F8A40000B1012043
:10E8400084F8A8000125B5424AD26E465DF835002D
:10E8500006EBC5077968FFF72BFFE8B3D7E900019E
:10E86000C4E92B0104F1AC000746FFF742FF6D1C21
:10E87000384635A184F84C8100F090F868BB02E07E
:10E88000FFE7052061E732A1384600F087F820BB9A
:10E8900031A1384600F082F8F8B99DF86800854249
:10E8A0004AD206EBC50756F835003D217A68D2F703
:10E8B00023F990B956F835007968FFF7F9FE58B199
:10E8C000D7E90001C4E92D0104F1B400FFF711FFFD
:10E8D000022084F84C0101E002E02DE06D1C2BE0E9
:10E8E000062032E706EBC5073D21D7E90002D2F743
:10E8F00003F940B14FF0010939462046FFF744FEC5
:10E90000002886D116E0B9F1000F01D007201CE7DE
:10E9100094F84D010228BFF44CAF04EBC000C022B4
:10E92000D7E90013C0F8BC10135094F84D01401CF7
:10E9300084F84D016D1CEDB29DF868008542D1D37D
:10E94000002002E79999991968656C700000000031
:10E9500068656C6C6F00000070696E6700000000F5
:10E9600070B51500044615D00220ACB1A1B194F8E1
:10E970004C21824210D104F1AC0000F00FF858B1E4
:10E9800035B104F1B400294600F008F8002800D0A1
:10E99000012070BD0120E8E7002070BD2DE9F041A5
:10E9A00005000E4612D08EB10846D2F786F8696887
:10E9B00081420BD100240DE02868005DFFF73FFE87
:10E9C0000746305DFFF73BFE874202D00020BDE8DE
:10E9D000F081641C6868A042EED80120F7E72DE9B9
:10E9E000F04304004FF0000091B00E460746054684
:10E9F00084466AD0EEB32368DBB36268CAB3402AA8
:10EA000063D219782B2901D02D2915D1012013E0CB
:10EA1000195CA1F13008B8F1090F05D830294FF081
:10EA2000010708D0012506E02E294ED1BCF1000FC8
:10EA30004BD14FF0010C401C8242E9D8CFB11946AE
:10EA40006846D2F7AEF861680027E8460DF8017015
:10EA5000D1F782FD8146076010A96846DDF738FED0
:10EA6000D9F80000022830D0616801EB0800109945
:10EA700000E02AE0884228D1B4EE400AF1EE10FA14
:10EA800023D110EE100AB0F1FF4F1EDA10EE100A7B
:10EA900010F5000F19D225B1B5EEC00AF1EE10FA4B
:10EAA00013D0B5EEC00AF1EE10FA04DD10EE100A34
:10EAB000B0F5000F09DBB5EEC00AF1EE10FA08D28E
:10EAC00010EE100A10F1FF4F03D20A2011B0BDE87A
:10EAD000F083002086ED000AF8E700002DE9F04100
:10EAE0000E46154607461C4619463046D2F722F90F
:10EAF00000280BD006A2234629463046D1F7C2FD96
:10EB000031463846BDE8F041F2F710BDBDE8F0816E
:10EB100025730000C143491C0840B0FA80F0C0F1E1
:10EB20001F00704718B1B0FA80F0C0F12000401EFD
:10EB300070470000FEB5066804460A460421002519
:10EB4000708CC0F305100BE0F36801EBC507DB59CF
:10EB50009F0104D5A76823F07F43BB4203D06D1CFF
:10EB6000A842F1D8FEBDA18844295CD00EDC33292F
:10EB70004CD006DC202956D0222954D0302913D17C
:10EB800051E0342942D036290ED14CE0622940D0E0
:10EB900006DC472947D0552945D0572904D135E00F
:10EBA000672933D0682931D062B3FF2A2CD0D4E949
:10EBB00003031B1A534300EB23200090F068012746
:10EBC00001AA50F83500F6F7EFFA60B1DDE900016F
:10EBD000884208D1BDF80020BDF804309A4202D125
:10EBE000884200D10027F068A188009A50F83500CB
:10EBF000F6F770FC002FB5D0A288A1682068F5F761
:10EC00007DFAFEBDE068D8E72069D6E7FF2AFBDA87
:10EC1000F8E7E0680028F7D02369002BCDD0802AE0
:10EC2000CBDB0093CAE7002A01DCA0892DE0FF2A94
:10EC300001DB208A29E0278AD2B2A389121DBFB244
:10EC400013489BB24FEA072C4CEA17274FEA032ED2
:10EC50004EEA132CBBB21FFA8CF743EA034347EA90
:10EC6000074707400340D208DB1B534307EB53120F
:10EC7000024042EA124080B2020242EA1020ADF89D
:10EC8000080080B20290BDF80800ADF8000095E7DA
:10EC90001FF8E0072DE9F04104682648A68825689A
:10ECA000DEF76FFB10E0A1420BD0086822689042AB
:10ECB00007D18868A268904203D18888A2889042D0
:10ECC00036D01C48DEF76FFB0100ECD1698C0420C4
:10ECD0000027C1F3051129E0EA6800EBC703D25809
:10ECE000930122D5A36822F07F429A421DD1114898
:10ECF0002146DEF7E1FB2046F2F7E2FCE868314608
:10ED000000EBC7042068F6F76FFBE86850F837009F
:10ED1000F6F7F2FA00280BD0D4E9001020F07F4279
:10ED20002846BDE8F041F5F7B8BA7F1CB942D3D800
:10ED3000BDE8F08168B9022470B50468A068A288B3
:10ED400000F47F0620683146F4F79EFAE060002068
:10ED5000A5882346A080314620682A4600F00CF89A
:10ED6000A580A1682068EBF78FFB0068A188E268A6
:10ED7000BDE87040F6F7AEBB2DE9FF5F00259A466F
:10ED80000E4607462548DEF715FB4FF4702804466B
:10ED90004FF004093CE054453CD020482146DEF7C2
:10EDA00006FB83462068B84231D1A068B04201D04A
:10EDB00046452CD1A1880298814203D0A0F57F411D
:10EDC000FF3924D1002511E0F86809EBC50141584D
:10EDD0008A010AD5464503D021F07F41B14204D1D2
:10EDE00050F83500A188F6F7FFFA6D1C788CC0F357
:10EDF0000510A842E8D800212046EEF7A5FE0748F6
:10EE00002146DEF759FB2046F2F75AFC01255C4605
:10EE1000002CC0D104B02846BDE8F09F68B9022498
:10EE20000B4870B514000D46847003D003210170A7
:10EE3000002000E00120FEF7D3FF06488368002B86
:10EE400005D0C06822462946BDE87040184770BD0D
:10EE5000309E0224D4010124054948680AB10122E8
:10EE60000A7000224A60002801D0EFF75BBA7047B1
:10EE70001C0201242DE9F84F92468B4600210446DE
:10EE80006E22F4F701FA06B2204600216D22F4F753
:10EE9000FBF905B216B9B5F5807F63D00021204695
:10EEA0006F22F4F7F1F90021ADF80000702220463E
:10EEB000F4F7EAF9ADF802006427BDF900004FF459
:10EEC000FA684FF47A79C0F34131012915D120F461
:10EED000C040404511DC04F11400EEF758FF014634
:10EEE000BDF9000020F4C040484501DDC0F57A704E
:10EEF000414391FBF7F0ADF80000BDF90200C0F30B
:10EF00004131012911D120F4C04040450DDC618B15
:10EF1000E28A891A491C09B2484501DDC0F57A70B8
:10EF2000414391FBF7F0ADF80200BAF1000FA18A5E
:10EF3000BDF8002001EB0200ADF80000E08ABDF84A
:10EF400002100844ADF8020006D04FF4803090FB68
:10EF5000F5F071420EB205B26B462A46314658466C
:10EF6000F5F7BEFDBDE8F88F70B504460D46C068E4
:10EF700061688847A8B1D4E9021088472369002056
:10EF8000A26C216A2064AA1AE064491C2076002B36
:10EF9000E263216208D0627E616C6069BDE8704006
:10EFA0001847A06B401CA06370BD000070B50C46F4
:10EFB000064600F059FB154D2868C06C80B92968D9
:10EFC000012081F850005CB101212046FDF784F951
:10EFD0000F494FF080500860BFF34F8FBFF36F8F22
:10EFE00000F062FB00F040FB29680020CC6C34B1DB
:10EFF00016B12968C86402E02A68611ED1642968D4
:10F0000081F8500000F050FB204670BDDC00012468
:10F0100004ED00E000880988401A7047BFF35F8F55
:10F02000002802D01220D7F7C5BB704710B50446A0
:10F03000BFF35F8FE00702D00B20D7F7BBFBA00721
:10F0400004D5BDE810402320D7F7B4BB10BD0000A5
:10F050002DE9F04F90F89E2612B14FF0010801E023
:10F060004FF0000890F86F16012975D1D0F8C055FF
:10F07000D0E90034D0F8C415AE46ED1A8B46A14154
:10F080006AD2D0F87056D0F87416EE1A71EB0406F6
:10F0900062D3324EEB1A61EB04019B1B71F100014C
:10F0A0005AD290F8C01401F07F010A4380F89E26DE
:10F0B00090F8C11400294FD190F8C21400294BD107
:10F0C00090F8C314002947D14FF47A7A4FF0010920
:10F0D00001EB410303EB011609FA01F300EBC6054E
:10F0E0001A42D5F8A86005F19805A6FB0A431BD083
:10F0F00095F800C04F1CBC4514D1AF7897B16F781C
:10F1000087B1962E0ED2EE7866B92E7956B96D6912
:10F1100045B9D0E900C5BCEB0E0665EB0B05A41B99
:10F12000AB4101D34FF00008491C0729D0D3B8F1F7
:10F13000000F02D04FF0020201E04FF0030280F80E
:10F140006F264FF0000180F89C1601D002E003E02A
:10F150004FF0090180F86E16BDE8F08FF04902000B
:10F1600070B50500144606D029B124B1B4F5027F6C
:10F1700003D9082070BD032070BDA81CD1F711FD74
:10F1800000202C8070BD70B504000D460DD045F2F6
:10F19000B011D1F7A7FD04F5A044C4F874510DB126
:10F1A000012000E0002084F88C0170BD2DE9F047BB
:10F1B0001E4691460F4640F2014358B157B14EB139
:10F1C00000F5A0440025358000F2014194F88C211F
:10F1D0001AB15CE00320BDE8F0870920FBE700BF1F
:10F1E000B4F87A21B4F87AC10CF1010CBCFBF3F845
:10F1F000825C0A2A03FB18CCA4F87AC105D094F8E3
:10F200008BC1BCF1000F42D131E094F88B2152B197
:10F21000D4F8980184F88B51401CC4F8980105205B
:10F22000A4F87C51D7E7B4F87C2142B300F5806C98
:10F2300012F80CC0BCF10D0F05D1521E1204120CB5
:10F24000A4F87C2123D092B24A4503D30620A4F827
:10F250007C51C0E73846D1F7A4FCB4F87C013D549A
:10F26000B4F87C0130800020A4F87C51B3E7B4F8F6
:10F270007CC1BCF5007F03D3012284F88B2106E01A
:10F280000CF80120B4F87C21521CA4F87C21B4F8BD
:10F290007A21B4F878C16245A2D102209BE7002808
:10F2A00008D000F5A04090F88C11002902D0002170
:10F2B00080F88A1170472DE9F0411C460F4615462B
:10F2C000DDE9071394F800C0069E099ABC4505D3F2
:10F2D0000868401C08600720BDE8F081297801EB30
:10F2E000810C0CEB012100EB41001946FFF738FFC0
:10F2F0000028F1D12878401CB0FBF7F107FB110082
:10F3000028702078401CC0B220703178884200D923
:10F3100030700020E0E71FB5C8B145F28C131B5CCC
:10F32000ABB145F29C1345F28114044400940344AC
:10F330000392CDE9013145F27E11421800F5A34355
:10F34000102100F20260FFF7B6FF04B010BD0920E3
:10F35000FBE77FB5D0B145F28C131B5CB3B145F22E
:10F36000A01345F28415034445F28514CDE9021239
:10F37000A91E04444218CDE90043431942F2A26495
:10F3800010212044FFF797FF04B070BD0920FBE770
:10F390002DE9F0414FF00005E8B300F5A04494F8E2
:10F3A0008C31C3B394F88831042B0FD394F8876160
:10F3B0000125D4F8A4715B1E761C06F0030684F8C0
:10F3C000876184F888317F1CC4F8A47144F24273C9
:10F3D00094F8866106EB860707EB062600EB4600ED
:10F3E0001844FFF7BDFE002813D194F8861194F855
:10F3F000880194F88921491C401C01F0030184F81C
:10F400008611C0B284F88801904201D984F889013C
:10F410002846BDE8F081FFE70920FAE7F0B540F2A1
:10F42000014608B111B90AB10320F0BD00F5A043AF
:10F4300093F88C41C4B1B2F5806F0ED8B3F878411F
:10F44000B3F87A5105F201452D1B6D1EB5FBF6F799
:10F4500006FB1755ADB2AA4208D9D3F8940110445F
:10F46000C3F894010420F0BD0920F0BD00250AE096
:10F47000671C11F805C0B7FBF6FE00F804C06D1C50
:10F4800006FB1E77BCB29542F2D3A3F87841D3F8BD
:10F4900090011044C3F890010020F0BD2DE9F04127
:10F4A000050057D005F5A04494F88C01002851D0F0
:10F4B00094F88A0100284DD194F8801144F66A70BE
:10F4C000284440F20A2259B194F87F11012601EB39
:10F4D000810303EB012105EB410101F2026118E018
:10F4E00094F8841129B194F88331022642F2A26182
:10F4F00008E094F8881100292CD094F8873103266D
:10F5000044F2427103EB830707EB032305EB43034C
:10F510001944D1F746FB44F66A70D4F87421415B74
:10F52000801C28449047012816D002281AD00120B8
:10F5300084F88A01012E1BD0022E26D094F8871160
:10F5400094F88801491C01F0030184F88711401EDA
:10F5500084F88801BDE8F081D4F8A801401CC4F803
:10F56000A801F7E7D4F8AC01401CC4F8AC01F1E7FE
:10F5700094F87F1194F88001491C01F00F0184F880
:10F580007F11401E84F88001E4E794F8831194F819
:10F590008401491C01F00F0184F88311401E84F896
:10F5A0008401D7E7D0E9013201699A60D0E90123EB
:10F5B0005A604A68824201D182684A600022026130
:10F5C0000868401E086008687047000008B90648CF
:10F5D00000680021006B01E0401C491C0278A52A4C
:10F5E000FAD0C1F38F007047DC00012410B5044C41
:10F5F0008023046004F154000860136010BD000013
:10F60000500301244FF0FF3300F108010022C0E94C
:10F6100001130260C1600161704700210161704700
:10F6200030B50B685A1C02D000F1080202E00269F2
:10F6300004E02246546825689D42FAD953684B601D
:10F6400099608A60516008610168491C016030BDA1
:10F6500042684A6093688B60936859609160086162
:10F660000168491C01607047502080F31188BFF386
:10F670004F8FBFF36F8F0A494868401C48600128CC
:10F680000CD10848006810F0FF0F07D0502080F31D
:10F690001188BFF34F8FBFF36F8FFEE770470000F5
:10F6A0003801012404ED00E00849486828B1401EF3
:10F6B000486001D180F311887047502080F3118891
:10F6C000BFF34F8FBFF36F8FFEE7000038010124B7
:10F6D00070B500282AD0164DA0F108046168686949
:10F6E000014207D1502080F31188BFF34F8FBFF341
:10F6F0006F8FFEE722683AB1502080F31188BFF384
:10F700004F8FBFF36F8FFEE78143616000F04AF9CE
:10F7100060686968084468602046FCF747FF28690C
:10F72000401C2861BDE8704000F0E6BB70BD0000E1
:10F73000180101244FF0E020002101614FF47A729A
:10F740008161072303490968B1FBF2F1491E416158
:10F7500003617047B000012410B5D0F7D9FE1149FC
:10F7600010280ED300F1E0200A7890F8F0039042C0
:10F7700007D2502080F31188BFF34F8FBFF36F8FF4
:10F78000FEE709488968006800F4E060884207D90C
:10F79000502080F31188BFF34F8FBFF36F8FFEE7C8
:10F7A00010BD0000380101240CED00E0020010B58E
:10F7B00014D00F48006B38B1502080F31188BFF38C
:10F7C0004F8FBFF36F8FFEE700F0ECF8002110467B
:10F7D000FCF782FD00F090FB002807D105494FF0AF
:10F7E00080500860BFF34F8FBFF36F8F10BD0000D4
:10F7F000DC00012404ED00E070B504000D460BD0E0
:10F8000095B11E4A106BB8B1502080F31188BFF338
:10F810004F8FBFF36F8FFEE7502080F31188BFF347
:10F820004F8FBFF36F8FFEE7502080F31188BFF337
:10F830004F8FBFF36F8FFEE700F0B4F82368D268F4
:10F840005919934204D98B420AD9914202D807E050
:10F850008B42FAD9881A21600021FCF73DFD00E0B7
:10F86000216000F049FB002807D105494FF0805086
:10F870000860BFF34F8FBFF36F8F70BDDC000124B2
:10F8800004ED00E02DE9F0410400884615D0FFF7B3
:10F8900063FF5020EFF3118680F31188BFF34F8F81
:10F8A000BFF36F8F94F85000022184F85010E16C80
:10F8B000491CE164012808D025E0502080F311881C
:10F8C000BFF34F8FBFF36F8FFEE7A06A38B15020B0
:10F8D00080F31188BFF34F8FBFF36F8FFEE7144D96
:10F8E0000127286B98B1134804F11801FFF7B0FE07
:10F8F000E06A2968C96A884205D9B8F1000F01D0C9
:10F90000C8F80070EF6186F31188BDE8F081201D12
:10F91000FFF748FEE06A2A6907FA00F111432961FE
:10F92000044900EB8000B43901EB8000211DDDE7C4
:10F93000DC000124A460022410B586B0002405AACE
:10F9400004A9039403A80494FFF750FEDDE9030122
:10F9500000940023CDE9011010480EA1059A00F093
:10F96000C2F90F490028C86211D0502080F31188D5
:10F97000BFF34F8FBFF36F8F01224FF0FF308862CC
:10F980004A61CC6006B0BDE8104000F005B906B091
:10F9900010BD000049444C45000000009DC4020811
:10F9A000DC0001240248016B491C01637047000020
:10F9B000DC0001241448016B11B10121C1617047C1
:10F9C0000021C16111490269B2FA82F2C2F11F023B
:10F9D00002EB820251F822306BB101EB820101F19E
:10F9E00008034A6852684A609A4201D152684A60E4
:10F9F000D16801607047502080F31188BFF34F8FAA
:10FA0000BFF36F8FFEE70000DC000124F05F0224EB
:10FA100070B50C4606462DED028B92B0FEF711F83C
:10FA20000546207BEBF752FF05F13C010246684694
:10FA3000E5F794FF217B3046E5F72EFD002810D135
:10FA4000207B052806D002280FD003280DD00428DB
:10FA500005D10AE0607F012802D002281BD192E084
:10FA6000042012B0BDEC028B70BD94ED080AEAF7D9
:10FA700011FA80B194ED090AEAF70CFA58B194ED45
:10FA80000C0AEAF707FA30B194ED0C0AB5EEC00A99
:10FA9000F1EE10FA01D00320E3E7DDED030AD5ED26
:10FAA000061A94ED080AB1EE601A31EE808AB4EEBF
:10FAB000C10AF1EE10FA64D3B4EEE00AF1EE10FAE6
:10FAC0005FDC94ED090AB5EEC00AF1EE10FA58D9E0
:10FAD000DDED040AB4EEE00AF1EE10FA51DC6878CC
:10FAE000B8B1A878A8B12869962812D2B0EE480A11
:10FAF000EAF7D0F9F0B39DED010AB4EEC80AF1EED1
:10FB000010FA3EDC9DED020AB4EEC80AF1EE10FADE
:10FB100037D3207BEBF7DAFE68B394ED0A0AEAF7F5
:10FB2000B9F938B394ED0B0AEAF7B4F910B394EDD0
:10FB30000A0ADDED090AB4EEE00AF1EE10FA20D36C
:10FB4000DDED0A0AB4EEE00AF1EE10FA19DC94EDEC
:10FB50000B0ADDED0B0AB4EEE00AF1EE10FA10D359
:10FB6000DDED0C0AB4EEE00AF1EE10FA09DC606B90
:10FB70000F9901E005E006E0884202D3109988421F
:10FB800001D90B206DE700206BE7000001484068B9
:10FB9000704700001801012437481CB53749026836
:10FBA0008A4207D1502080F31188BFF34F8FBFF3F3
:10FBB0006F8FFEE731490068491E884207D1502007
:10FBC00080F31188BFF34F8FBFF36F8FFEE72C498F
:10FBD000FF200A780192087008788DF800009DF8DF
:10FBE00000209DF8000002F0F002824207D0502071
:10FBF00080F31188BFF34F8FBFF36F8FFEE79DF83F
:10FC0000002007201F4C02F050022270A06005E087
:10FC10009DF8002052008DF80020401E9DF8002025
:10FC20001206F5D40328A06007D0502080F3118875
:10FC3000BFF34F8FBFF36F8FFEE74FF44070A060AC
:10FC4000019808700C482030016841F4700101608F
:10FC5000016841F070410160FFF76CFD00206060B9
:10FC6000D0F71EFC0848016841F040410160D0F720
:10FC700003FC00201CBD000000ED00E071C20F413C
:10FC800000E400E03801012434EF00E02DE9FF5FDB
:10FC9000994616468A4683469000DDE90E87FCF7B2
:10FCA000CFFC05001CD05420FCF7CAFC040014D083
:10FCB0000020256384F851004B46CDE90087CDE94B
:10FCC0000240324651465846FCF718FC2046FCF7E5
:10FCD0003BFB012004B0BDE8F09F2846FFF7F8FC8D
:10FCE0004FF0FF30F6E7F0B585B0DDE90B740A9D03
:10FCF000A7B1DCB154262763022684F8516000279F
:10FD000003970DF1100C0095CDE901C4FCF7F6FB4B
:10FD10002046FCF719FB049805B0F0BD502080F395
:10FD20001188BFF34F8FBFF36F8FFEE7502080F332
:10FD30001188BFF34F8FBFF36F8FFEE72DE9F041BE
:10FD40001F4690460D464FF0010690B10446FFF75E
:10FD50008BFC0FB1E06C3860022294F8500084F8FC
:10FD60005020B8F1050F19D2DFE808F0230B0E146C
:10FD70001200502080F31188BFF34F8FBFF36F8FB5
:10FD8000FEE7E16C294301E0E16C491CE16410E00D
:10FD9000022801D0E5640CE0002635E0E16C491C46
:10FDA00007D0502080F31188BFF34F8FBFF36F8FC0
:10FDB000FEE7012828D1201DFFF7F4FB154D012097
:10FDC000E16A2A6988401043286101EB81001249E9
:10FDD00001EB8000211DFFF73BFCA06A38B15020E9
:10FDE00080F31188BFF34F8FBFF36F8FFEE7286852
:10FDF000E16AC06A814207D908494FF08050086023
:10FE0000BFF34F8FBFF36F8FFFF74EFC3046BDE857
:10FE1000F0810000DC000124F05F022404ED00E02A
:10FE20000148C06870470000DC0001242DE9F04162
:10FE30002F4C206B002728B1A069401CA0613846D8
:10FE4000BDE8F081E668761CE66013D1606B00685F
:10FE500038B1502080F31188BFF34F8FBFF36F8FFD
:10FE6000FEE7606BA16B6163A063206A401C2062A7
:10FE7000FCF7C2FBDFF87C80A06A864209D3606B86
:10FE80000068A0B1606BC068C5686868864211D21E
:10FE9000A0622068C06A00EB800158F821000128A8
:10FEA00000D90127E0690028C9D00127C7E74FF032
:10FEB000FF30EDE7281DFFF775FBA86A18B105F1C3
:10FEC0001800FFF76FFBE96A0120226988401043A0
:10FED000206101EB810108EB8100291DFFF7B8FBD0
:10FEE0002068E96AC06A8142C9D30127C7E70000D8
:10FEF000DC000124F05F02242DE9F0472C4D286B33
:10FF00000024264638B1FFF7AFFB286B401E28635C
:10FF1000286B40B147E0502080F31188BFF34F8F2A
:10FF2000BFF36F8FFEE7234F0120A968D9B3A7F174
:10FF3000B40980463868E8B1F868C46804F118006C
:10FF4000FFF730FB201DFFF72DFBE16A2A6908FA55
:10FF500001F01043286101EB810109EB8100211DB3
:10FF6000FFF776FB2968E06AC96A8842E2D3C5F8E0
:10FF70001C80DFE70CB1FCF73FFBAC6944B147469E
:10FF8000FFF754FF00B1EF61641EF9D10020A861B2
:10FF9000E86940B1084901264FF080500860BFF37E
:10FFA0004F8FBFF36F8FFFF77FFB3046BDE8F087C1
:10FFB000DC000124A460022404ED00E010B5002957
:10FFC0000AD00878002807D005487844D0F7B2FE58
:10FFD000002801D0002010BD0248784410BD000068
:10FFE0007E8601007686010010B500290AD00878C7
:10FFF000002807D005487844D0F79CFE002801D09F
:020000040803EF
:10000000002010BD0248784410BD00006E8601003B
:100010006686010002494FF0000000F06FB900BF92
:100020000000F87F0EF1020E2EF0030E5EF8046B56
:10003000364205D4012A43EB030515F5001F12D8FB
:10004000012841EB010C1CF5001F0CD80ED14FEA22
:10005000D17C15F5001F0CEB4C0C0CF1020C08BF09
:100060004CEBD37C04E04FF0080C01E04FEAD37C6A
:100070000CEB4C0526FA05F606F00706B6F1040C63
:1000800006D20EEB860CBDE870404CF0010C6047C8
:10009000DFE80CF0090B02024FF000414FF00000C6
:1000A000A1F5002170BD19461046012851EB01044D
:1000B00018BFD4F5001484BF002001F0004170BDCA
:1000C00000EE100A00EE901AB4EE600AF1EE10FA9B
:1000D00078BF704700F00DB810B5FFF7F1FFEFF3F0
:1000E000008020F0104038BF40F0004080F30088CE
:1000F00010BDBDE8104010B500F047F80000000941
:1001000000F007B84FF0404010F1004FEFF30080CF
:100110007047401058BFC0F14040491058BFC1F16E
:1001200040418142EFF3008070474FF07E5209E07A
:1001300011F0004204D54042C1F1000138BF491E10
:1001400042F07E520B0002F1706212BF20235FEA80
:1001500000017047B1FA81FCA3EB0C0301FA0CF12A
:1001600020FA03FC02EBC352C3F1200341EA0C0165
:1001700010FA03FC5CEA416C42EB112018BF5FF0FF
:10018000806C28BF20F0010070470EF1020E2EF0A7
:10019000030E5EF8044B244204D44FEA4102B2F14C
:1001A0007F4F11D84FEA4003B3F17F4F0CD80ED1E7
:1001B0004FEAD07CB2F17F4F0CEB4C0C0CF1020CEF
:1001C00008BF4CEBD17C04E04FF0080C01E04FEA93
:1001D000D17C0CEB4C0324FA03F404F00704B4F1D3
:1001E000040C06D20EEB840CBDE810404CF0010C60
:1001F0006047DFE80CF0070802024FF00040A0F56E
:10020000800010BD0846420018BFD2F1807288BF3E
:1002100000F0004010BD4FF04070E1EE100A704752
:100220004FEAC1230A1543EA50534FEAC02C18BFC6
:1002300043F000431BD4A2F24E02D2F57C72C0F20E
:100240002080502AA8BF502223FA02F12CFA02F093
:1002500060B4D2F1200284BF03FA02F52843C2F150
:1002600000029CBF23FA02F5284360BC704701F1ED
:10027000804212F5801F04DA4FF000004FF00001B9
:10028000704770B5FFF7CEFE49922480002001E050
:100290006FEAE17001467047C2154FEA002318BFAC
:1002A00043F000430ED4D2F1BE0215D323FA02F17B
:1002B000B2F1200C2EBF23FA0CF0C2F1200C03FA8D
:1002C0000CF070474FEA400CBCF1FE4F04D24FF0E7
:1002D00000004FF00001704710B5FFF756FF00BF58
:1002E0009224498000204FF0000170476FEAE070CF
:1002F00001467047D0F7F1BED1F7E2B90CF00F0319
:10030000092B08BF082000F05F800A2B0BD0082BB8
:1003100018BF704708BF1CF0400F0AD04FF0000014
:100320004FF0000170471CF0400F18BF4FF0004025
:1003300070471CF0100F08D020F0704300F07F428F
:1003400042EAD3014FEA4370704700F0604021F069
:100350007F4242EA000201F07F4040EA727070473B
:100360004FF0FF0C4CF4E06C1CEA11531CBF9CEAEC
:10037000030C9445C2BFDA4201EB02517047002BD7
:100380000DD0BCF1000F0FD0002A01F00041A4BF36
:1003900041F0E04141F07F614FF00000704701F013
:1003A00000414FF00000704750EA01334FF09B0CC2
:1003B00018BF4CF0806C7FF42DAE7047D1F74CBD68
:1003C000D1F7C8BED2F756B81CF4801F11D01CF468
:1003D000E02F03D06FEACC31490070474FF0405016
:1003E000EFF3008222F0704242EA000282F30088BA
:1003F00070474FF0000070473C7C040815A20008CD
:10040000030000000000000000050000F8250124A2
:10041000F83901245C7C040805A3000802000000F0
:1004200000000000800100004C3A01244C400124EF
:100430002C7C040845A50008010000000000000015
:1004400000050000A0400124A0540124687C040899
:1004500039A6000800000000000000008001000034
:10046000F4540124F45A0124747C040811A60008F1
:10047000FFFF00000000000000040000485B0124B2
:10048000486B01244C7C04081DA40008FEFF0000FA
:1004900000000000800100009C6B01249C7101247D
:1004A000207C040865A30008FEFF00000000000097
:1004B00000080000A4050124A42501240005000073
:1004C0008001000000050000800100000004000021
:1004D000800100000008000000061016000610163B
:1004E0000001020304050607080C10141820304010
:1004F00000000000000000000000000000000000FC
:1005000000000000010000000200000003000000E5
:1005100004000000000000000500000000000000D2
:1005200000000000000000000600000000000000C5
:1005300000000000000000000700000000000000B4
:1005400001020304010203040607080930313233B3
:1005500034353637383941424344454600000000BF
:1005600062656E6368000000587D040801000000A9
:100570000700000000000100110000000000000062
:10058000000000000000000000000000000000006B
:10059000000000000000000000000000000000005B
:1005A000000000000000000000000000000000004B
:1005B0000100020012000000000000000000000026
:1005C000000000000000000000000000000000002B
:1005D000000000000000000000000000000000001B
:1005E0000000000000000000000000000200030006
:1005F00013000000000000000000000000000000E8
:1006000000000000000000000000000000000000EA
:1006100000000000000000000000000000000000DA
:1006200000000000000000000300040014000000AF
:1006300000000000000000000000000000000000BA
:1006400000000000000000000000000000000000AA
:10065000000000000000000000000000000000009A
:10066000000000000400050015000000000000006C
:10067000000000000000000000000000000000007A
:10068000000000000000000000000000000000006A
:10069000000000000000000000000000000000005A
:1006A0000500060016000000000000000000000029
:1006B000000000000000000000000000000000003A
:1006C000000000000000000000000000000000002A
:1006D000000000000000000000000000060007000D
:1006E00017000000000000000000000000000000F3
:1006F00000000000000000000000000000000000FA
:1007000000000000000000000000000000000000E9
:100710000000000000000000416574686F725F72A5
:100720006F626F0000000000000000000000000089
:100730000000000000000000302E312E302D7068C7
:100740006173653000000000000000000000000040
:100750006E6F742D696E6A656374656400000000D5
:100760000000000000000000000000000000000089
:100770000000000000000000000000000000000079
:10078000616574686F722D636F6E74726F6C6C65E7
:10079000722D303100000000000000000000000059
:1007A00061726D2D3031000000000000000000007B
:1007B000616574686F722D746578742D76310000F0
:1007C0000000000000000000000000000000000029
:1007D00007080A0405060D0E241516170000000070
:1007E00001000000020000000300000004000000FF
:1007F00005000000060000000700000008000000DF
:10080000FF0F0000300364069909CF0C48830408E9
:10081000FC820408508304089C82040808830408AE
:1008200018830408DC820408708304082883040801
:10083000AC83040894830408608304088C82040851
:100840007C82040838830408EC820408CC82040803
:10085000AC820408BC82040884830408360170005A
:100860000000000000000000000000003A015500F8
:10087000000000000000000000000000B2050C0CA9
:10088000003333000000000000000000B701350015
:10089000000000000000000000000000BB0132006A
:1008A000000000000000000000000000C201010084
:1008B000000000000000000000000000C30115005F
:1008C000000000000000000000000000C401200043
:1008D000000000000000000000000000C6010F0042
:1008E000000000000000000000000000D002A4A1F1
:1008F000000000000000000000000000E00ED00832
:100900000E0909053133481714153134E10ED008AA
:100910000E09091531334817141531342100000030
:10092000000000000000000000000000290000009E
:1009300000000000000000000000000061E002086C
:100940005DE40208F1CE020803020100000000008D
:10095000000023001701D10006040302010100007A
:10096000000006040303020216000000020100005A
:1009700034840408108504082485040820840408AD
:1009800054840408E085040884840408D08504089D
:1009900038850408B0840408B085040894840408E9
:1009A00074840408C0840408E0840408F083040804
:1009B000EC83040868850408788504088C8504089D
:1009C000108504082084040824850408648404082D
:1009D00084840408D0850408A4840408D08404080E
:1009E00048850408A08504086484040884840408F5
:1009F000F0850408E8840408248404084484040876
:100A00000306150615061512151203120312030626
:100A1000000A030A000E030E150C180C070211023F
:100A20000702070611021106080A100E100A080E26
:100A3000020202160216171605100A0A0A0A0F0EFB
:100A40000F0E1605061306150C110C15130B1315B6
:100A5000050A140A140A1417141705170517050AAE
:100A6000080A080408040B010B010F010F0112040E
:100A70001204120A0C0E0C1358850408F48304089F
:100A8000BC830408C883040804840408F8840408A8
:100A90001484040804850408D4830408E08304084B
:100AA00084840408D0850408C0850408C084040830
:100AB000E0840408F0830408EC83040868850408D3
:100AC0000020002F4002F4001F3001F3000F20002F
:100AD000F2000E1000E10003000010004F6003D58B
:100AE000000580391008E06F1007D05F0005C03E98
:100AF0000004A02C00000000000000000000000026
:100B000000000000000000000000000000000000E5
:100B10000000000000000400210000D00B30002B7A
:100B200000C10004900E000FFFFFFF5008503A0074
:100B300000B2068005FFFFFFF000E00A40001C0045
:100B4000B20003A00D00005900E0000000E000002A
:100B5000000F0000007EFC60004F713B3008D000A9
:100B600000007E00000002EB20000002CE800000AA
:100B7000007EC10000003E70000000AB0020000BB2
:100B8000A00CB537F40018DFC5000000F00000002D
:100B90000E000003CD900002B00000D3098000A435
:100BA00000004C003C003A000005B003D00B2000D0
:100BB000003D005B05909C8000C50B60C2991A70D7
:100BC00002CD80680E103D0000000C12E000F00025
:100BD0000007702D000F000001C000E002E00000DF
:100BE00086000A708900002C00001BDA000009ED65
:100BF00040000008C26E000000C601E000000B705B
:100C00008B0000007CAC10000004FB00006205EBD0
:100C1000E2003E11E70AC10AA05F100CC5E204F32E
:100C2000001CF9000CC437ECFA2019DDB403A5054B
:100C30008008E007D005C004A0000000000000000C
:100C400000000000000000000000066000D2006A02
:100C5000000C5001F1004D0006B0007A0007A00022
:100C60006B0005D0001F0000D4000790002E10007C
:100C7000870000001B0000B50005C0000E2000A783
:100C80000007A0005C0004D0004D0005C0006B0010
:100C9000097000D4003D00097001D000010000007F
:100CA0000B200053C55107DFEA2007DD0001D18783
:100CB0000000000000000000000000000000000034
:100CC00000000000000000000000000000000180A3
:100CD0000000002F00000002F00000113F11106F13
:100CE000FFFFFF40002F00000002F00000002F0077
:100CF00000000170000000000000000008D207E6BC
:100D000000B505D00B2000003FFFC001111000000E
:100D10000000000000000000100AE107D1000017E9
:100D2000000005A00000A500000E100004B00000A7
:100D30008700000D200003C000007800000C300088
:100D400002D000006900000B400001E000005A00E2
:100D5000000A500000003BEB20002E839D1009B0DC
:100D600000D700E60008C00F40006E02F30005F057
:100D70002F30005F00F40006E00E70008C009B0036
:100D80000D7002E83AD10003BEB2000049E700004E
:100D90000BBE70000000E70000000E70000000E7CE
:100DA0000000000E70000000E70000000E70000060
:100DB00000E70000000E70000133E832008FFFFFF3
:100DC000C0019CDA2001DA44CD00040002F50000E5
:100DD000000E70000001F40000006E1000001E7094
:100DE00000000BC0000008E2000008E3000009E674
:100DF000333304FFFFFFF1019CEB4000CA44AE20F7
:100E0000010000E70000000E6000003BC10002FF8F
:100E1000C10000024BD20000000BB00000008E00A9
:100E200040000BB04E9549F50039CEB40000002EBD
:100E3000C000000AEC000004E8C00000D78C0000ED
:100E40008C08C0002E408C000B9008C005E3229C4B
:100E500020AFFFFFFF5000008C00000008C0000022
:100E6000008C0004FFFFF6005E33331006D0000054
:100E7000007C00000008DBEC500049328F5000007D
:100E800000BC00000007E00000008D0040000DA045
:100E90004E944BE20039CEA2000007CDA2000AD545
:100EA00049A004E2000000AA0000000E600000005B
:100EB000F69EEA101FD512CA00E60005F00D70007C
:100EC0003F208C0006E001D935D70001ADC6003FB8
:100ED000FFFFFF1033333CA0000004E1000000C717
:100EE0000000004E1000000A90000000E500000025
:100EF0003F20000007E00000009C0000000AB00056
:100F00000000CA0000005CEC50004E626E4009A078
:100F100000A9008B00099002E701D40005FDB7008D
:100F200002C58EB100D6001CB02F10005F02F30086
:100F300005E00AC414D90007CEC700007DD910000F
:100F40009D43AD001F4000D703F10008B02F3000D3
:100F50007D00CB217EE002BEE87E00000008C000DC
:100F60000000C80000004E200B846E80003BEC6047
:100F70000007C10AE2001000000000000000100A93
:100F8000E207C000100AE107D100000000000000E5
:100F90000008D207E600B505D00B200000000000D5
:100FA0000000000017D40004AEA5017DC710006F3B
:100FB000910000005BEA400000027DD810000004B0
:100FC000A40000000000000000000111111106FF44
:100FD000FFFFF400000000000000000001111111EB
:100FE00006FFFFFFF400000000000000000000000A
:100FF0000000000000000006C610000006BE9300BE
:10100000000027DD70000001AF40005AEA4029ECE3
:1010100071000593000000000000000000000000C7
:101020000001100005DFFA001C415E7000000BA0FB
:1010300000000E7000008D100004E300000D800021
:10104000002F40000004000000010000005F60006D
:10105000003D4000000005ADDB810000002CB41015
:1010600037D500001D80000002D20009800000007A
:1010700007A004D0008DB8500E00A6009B24F300FA
:10108000D10E202E101E000C20F006A003C000E0A0
:101090000E0089006A005A00D205D23CC13D200AE8
:1010A0005009EA19EB30005D00000000000000B9B3
:1010B00000000000000001BC520284000000005A41
:1010C000DEC81000000002FC00000007BE20000087
:1010D0000C6B7000001F16C000006C02F20000B71D
:1010E00000C70001F3008C0006FFFFFF200B9222D7
:1010F0002D701E400009C06E000005F2BA0000010C
:10110000E705FFFEC700005F3236EA0005F1000781
:10111000E0005F10006D0005F1004D70005FFFFF03
:10112000B10005F3225BD2005F10000D9005F100C5
:1011300000AB005F10000D8005F3235CD2005FFF61
:10114000ED92000003ADDA30006EB65AE102E8001D
:10115000002009D00000000C900000000E7000007C
:10116000000E700000000C9000000009D00000008C
:1011700002E8000040006EA659E40003ADDA300535
:10118000FFECA300005F335AE70005F10008E2001E
:101190005F10000DA005F100009C005F100007E04B
:1011A00005F100007E005F100009C005F10000D9C4
:1011B000005F10008E2005F335BE70005FFECA3060
:1011C0000005FFFFFF505F43333105F10000005F72
:1011D00010000005F10000005FFFFF7005F43332DE
:1011E000005F10000005F10000005F10000005F432
:1011F0003333205FFFFFF805FFFFFF505F433331BC
:1012000005F10000005F10000005F10000005FFF25
:10121000FF8005F43332005F10000005F10000008C
:101220005F10000005F10000005F10000000029C4C
:10123000EA500005EC758E6001E9000020009D0079
:101240000000000C9000000000E7000333200E7047
:1012500000FFFC00C9000007C009D000007C002E80
:10126000800007C0006EB647DB00003ADEB700051D
:10127000F100006F0005F100006F0005F100006F44
:101280000005F100006F0005F100006F0005FFFF91
:10129000FFFF0005F544448F0005F100006F0005D5
:1012A000F100006F0005F100006F0005F100006F14
:1012B0000005F100006F0005F1005F1005F1005F0F
:1012C0001005F1005F1005F1005F1005F1005F10DF
:1012D00005F1005F10000007F00000007F00000033
:1012E00007F00000007F00000007F00000007F0012
:1012F000000007F00000007F00000007E000600031
:10130000AC002EA57E70003ADD700005F10005E40A
:10131000005F1003E70005F101DA00005F10BC0078
:101320000005F19F3000005F8EE8000005FF77E2C6
:1013300000005F900DA00005F1005F40005F10000D
:10134000BC0005F10003F6005F100009D005F100B4
:1013500000005F10000005F10000005F10000005B4
:10136000F10000005F10000005F10000005F1000B8
:101370000005F10000005F10000005F43333005F4A
:10138000FFFFF305F8000008F5005ED00000DE5016
:1013900005CD30004DC5005C9900098D5005D4D0B5
:1013A00000E3E5005E0D404C0F5005E0890970F543
:1013B000005E03E0E20F5005E00C9B00F5005E00CC
:1013C0007F600F5005E002C100F5005E0000000FD5
:1013D0005005F500006E0005ED00006E0005CC70B4
:1013E000006E0005D4E1006E0005E0B9006E000556
:1013F000E03E306E0005F009B06E0005F001E55EDC
:101400000005F0008C5E0005F0000D9E0005F00068
:1014100006EE0005F00000CE000004ADDA3000005A
:101420007EA56BE50002E700009E100AD000001EBA
:10143000700C9000000BA00E70000009D00E700020
:101440000009C00C9000000BA009D000001E700223
:10145000E800009E10007EA56BE5000004ADDA20D8
:101460000005FFFEC70005F3347EA005F10005F27C
:1014700005F10002F405F10004F205F1014DB0059B
:10148000FFFFE91005F332000005F100000005F14F
:1014900000000005F100000005F10000000004ADAF
:1014A000DA3000007EA56BE50002E700009E100A1E
:1014B000D000001E700C9000000BA00E7000000900
:1014C000C00E70000009D00D9000000BB00AD000D3
:1014D000001E7003F600008E10007F8349E50000B7
:1014E00005BFEB4000000008E30000000001CE74DF
:1014F0005000000018CED105FFFED81005F3336D63
:10150000B005F10004F205F10002F505F10005F265
:1015100005F3236EB005FFFFE80005F107E20005C3
:10152000F100DA0005F1005F3005F1000CC005F1B3
:101530000003F6003ADDA30002EB659E2008D00010
:10154000020009E000000003FB300000004DFB40FA
:101550000000005CFA000000006E800000000BB08C
:101560000620000CA00BE855BE30006ADDA2007F0B
:10157000FFFFFFF11333E933300000E70000000004
:10158000E700000000E700000000E700000000E7BF
:1015900000000000E700000000E700000000E70096
:1015A000000000E700000000E7000006F000006E09
:1015B0000006F000006E0006F000006E0006F0006D
:1015C000006E0006F000006E0006F000006E0006DF
:1015D000F000006E0005F100007D0003F300009BA9
:1015E0000000E90001E800006F956DD1000005CE14
:1015F000D91000CA000006E07E00000BB03F40009A
:101600000E600D80004F1008D0009C0004F200D73F
:101610000000E602F200009B07D000005E0B800095
:10162000000E5E3000000ADD00000006F900007EBA
:101630000000BC0000D74F3000EF1001F41F500332
:10164000DC5004F10D8007999007D00AB00B66C0FA
:101650000AA006E00E32F10D7003F23E00E50E40E6
:1016600000E46B00A83F1000C797006B5D00009A74
:10167000C3003E8A00006DE0000ED700003FB000BE
:101680000AF4003F50002E50AD0009C002E602E40B
:101690000008D09B00001E9E3000007FA000000AC2
:1016A000EC000003E4E50000C909D0005E201E70D4
:1016B0000D90008E16E10000D90BB00003F304F387
:1016C000000AB000C9002E40005E108C00000C81A2
:1016D000E5000005E7C0000000DF500000008E00BC
:1016E0000000007E000000007E000000007E000080
:1016F00000007E000009FFFFFFC00233336F60006F
:101700000000BB00000006E20000001E8000000098
:10171000AD00000004F40000000D900000008E10E9
:10172000000003E60000000CD33333303FFFFFFF1F
:10173000D003CCA04B0004B0004B0004B0004B0021
:1017400004B0004B0004B0004B0004B0004B000498
:10175000B0004B0004B0003CCA53000006900000EB
:101760002D000000C30000078000003C000000D2F4
:101770000000086000004B000000E100000A50007B
:10178000005A000001E000000B4000006900000268
:10179000D05CC90005A0005A0005A0005A0005A0B1
:1017A000005A0005A0005A0005A0005A0005A0003C
:1017B0005A0005A0005A05CC900006F4000000CCA9
:1017C000A000002E2E10000890B60000E305C00017
:1017D0005D000E300A70009800000000000000005C
:1017E00000000000000000000000000000000000F9
:1017F0000000000BEEEEEEEA003A000000003E8032
:1018000000000003E60000000034000000000000BB
:1018100000000000000000000000000000000000C8
:1018200000000000000000000000000000000000B8
:101830000000000000000000000000000000007B2D
:10184000EC60007C648F30000000E80000036DA0B5
:10185000008D97CA00AB000BA00E6000BA00DC44FC
:10186000BEA003CEB48A0006B000000007E000006E
:101870000007E000000007E000000007D3AEC5004D
:1018800007ED64AF4007E1000CB007E00008E00797
:10189000E00007E007E00009D007E0000D9007EB4B
:1018A00044CE1007A5CEA200002ADD9102EC54B26E
:1018B0000AD000000E7000001F5000000E700000E3
:1018C0000BC0000003EB44A6002ADD910000000CD1
:1018D000500000000F600000000F600000000F606B
:1018E000002BEC5E6002EB45CF600AD0000F600E6B
:1018F00070000F601F50000F600F60000F600CB091
:10190000001F6005F946DE60005CEB3C60002AECDD
:1019100060002E935D700AA0005D00E50002F11FDB
:10192000FFFFFF20E50000000BB00000003EA436E2
:1019300060002ADDA400000010007EF801E8110418
:10194000F30004F2006EFFF016F42004F20004F23B
:101950000004F20004F20004F20004F20004F200B9
:10196000006CEFFF905E517E310B9000D700B90004
:101970000C6005E306E2001DCEB3000790000000F6
:101980008C32210002EFFFFD30A70002DA1F200099
:101990000B90DA2018E202ADEC920006B0000000D5
:1019A00007E000000007E000000007E0000000077B
:1019B000D19DC40007ED75BE1007E2003F4007E06F
:1019C000001F5007E0000F6007E0000F6007E00015
:1019D0000F6007E0000F6007E0000F6006B007C06F
:1019E0000000000007E007E007E007E007E007E08D
:1019F00007E007E007E0006B0007C0000000000000
:101A0000007E0007E0007E0007E0007E0007E000A7
:101A10007E0007E0007E0007E0008D014DA09EB231
:101A20000000000000007D00000007D00000007DE5
:101A300000000007D00000007D000AC007D007E2C8
:101A4000007D04E40007D1E800007ECDD00007FC53
:101A50001D70007E105E2007D000BB007D0003E5F6
:101A600007D0007E0007E0007E0007E0007E000750
:101A7000E0007E0007E0007E0007E0006E2001DA53
:101A80000007A2ADA208DD50007DC75DCB85BE106A
:101A900007E2006F6002F5007E0004F2000F6007AD
:101AA000E0003F2000F6007E0003F2000F6007E038
:101AB000003F2000F6007E0003F2000F6007E00008
:101AC0003F2000F60007A19DC40007DD75BE10078A
:101AD000E2003F4007E0001F5007E0000F6007E012
:101AE000000F6007E0000F6007E0000F6007E000F4
:101AF0000F60002ADD800002EB45DC000BC0002EE9
:101B0000600E70000BA01F500009C00E60000BA0FB
:101B10000BC0002E6002EA45DC00002ADD800007D1
:101B2000A3AEC50007ED64AF4007E1000CB007E0CD
:101B30000008E007E00007E007E00009D007E00048
:101B40000E9007FB44CE1007D5CEA20007E00000A0
:101B50000007E000000007E000000007E0000000D0
:101B6000002BEC5C6002EB45CF600BD0000F600EE9
:101B700070000F601F50000F600E60000F600CB00F
:101B8000001F6005F946DE60005CEB3E600000006F
:101B90000F600000000F600000000F600000000FE9
:101BA0006007A2AE207CC75007F600007E00000749
:101BB000E000007E000007E000007E000007E0007B
:101BC0000001ADD910BC43940E7000009E7100005E
:101BD0006DE7000005E9000008C3D625D805BED88A
:101BE0000000610001F20002F2008EFFF816F421FD
:101BF00004F20004F20004F20004F20003F3000116
:101C0000EA33005DE809C0003F3009C0003F3009F9
:101C1000C0003F3009C0003F3009C0003F3009C05C
:101C2000003F3008E0007F3004F849BF30007DD825
:101C30000E309D00007E04F2000B900D7001F40048
:101C40008C006D0003F20B80000D61E300007B5DF2
:101C5000000002EB8000000CF300006E0005F400B1
:101C60001F42F4009D8005E00D700D7C009B009BE1
:101C700002D1E10C7005E06A0D51F3001F3A609843
:101C80004E0000C6D205C7A00008CD001EC6000049
:101C90004F9000CF20003F5004E309D00C9001E7A3
:101CA0005E10006ED600001EE000009BD70003E22D
:101CB0005E200C900BB06E1002E69D00006E03F3E8
:101CC000000B900C8001E4007D005E0001E40A90AE
:101CD000000A90E400004E4E000000DC9000000876
:101CE000F40000006E0000000C90000038E20000DC
:101CF0004EC30000000EFFFFE002224E700000AC59
:101D0000000005E300001E800000AD000005F300A8
:101D1000001DA222206FFFFFF1004BA00C8000E20B
:101D2000000E2000E3000D3000D3004E105F700065
:101D30003E1000D3000D3000E3000E3000D7000449
:101D4000BA05A005A005A005A005A005A005A00551
:101D5000A005A005A005A005A005A005A005A0055B
:101D6000A005A004905C80003E4000C6000C60000E
:101D7000C5000C4000C40009A0002EB00A9000C4A9
:101D8000000C5000C5000C6002E405C80000000013
:101D900000006ED300501C25D56D000003CD30002F
:101DA0000000000000000000000000000000000033
:101DB0000006CC502C00D12C00D106CC50000000E5
:101DC0000000000000000000000000000000000013
:101DD00000000000000000001800000000000000EB
:101DE0002F100000000000002F1000000000000075
:101DF0002F100000000000002F1000000000000065
:101E00002F322222000000002FFFFFFF10000000F1
:101E10002F100000000000002F1000000000000044
:101E20002F100000000000002F1000000000000034
:101E30002F100000000000002F10000000022222DE
:101E40004F322222202FFFFFFFFFFFFFF30222224B
:101E500022222222201FFFFFFFFFFFFFF2000000CF
:101E60000E400000000000000E40000000000000D6
:101E70000E600000000000000EFA200000000000CC
:101E80000E6AE910000000000E404DD40000000072
:101E90000E40019E100000000E40000100000000F6
:101EA0000E400000000000000E4000000000000096
:101EB0000E400000000000000E4000000000000086
:101EC0000B3000000002333333333333200DFFFF78
:101ED000FFFFFFFFD000000002E60000000000004E
:101EE0000BC00000000000007F9000000000000612
:101EF000ED9BA1000000006E5991BD40000008E577
:101F0000099008E70003CD400990005E901EA100F3
:101F100009900004C10200000990000000000000C8
:101F2000099000000000000009900000000000007F
:101F3000099000000000000008700000000000315F
:101F400000000000000000E300000000000002F3B9
:101F500022222222000005FFFFFFFFFF000008A051
:101F60000000000000000B700000000000000E5197
:101F70001111111100003FFFFFFFFFFF20000000C3
:101F80000000002F100000000000003E000222228E
:101F90002222105C001FFFFFFFFFD08A000000001C
:101FA000000000B700000000000003E30000000094
:101FB00001EFFF800000000000122100000009FF77
:101FC000FFFFFFB000000992222228B00000098024
:101FD000000006B000000980000006B0000009FF04
:101FE000FFFFFFB000000992222227B00000098005
:101FF000000006B000000980000006B00000099251
:10200000222227B0000009FFFFFFFFB00000098077
:10201000000006B000000980000006B000022A920D
:10202000222227C2202FFFFFFFFFFFFFF200000048
:102030000000026100002345689CEFF90000EEDC1F
:10204000BDC86410000000000980000000001111EC
:102050001A9111110000BFFFFFFFFFFB00000000FD
:10206000098000000000000009800000001FFFFF41
:10207000FFFFFFFFF0022224E62222222000000CB4
:10208000B00068000000009D10002E50000006E225
:10209000000006E200007FA89ABCDEFB0000CDBA7B
:1020A0008764323E5000000000000006300000004F
:1020B00008700000000000000A800000000000001E
:1020C0000A8000000007FFFFFFFFFFFF6007B2224A
:1020D0002A92222C6007B0000A80000B6007B00033
:1020E0000A80000B6007B0000A80000B6007B00098
:1020F0000A80000B6007FFFFFFFFFFFF6007B222AF
:102100002BA2222C600120000A8000021000000097
:102110000A800000000000000A80000000000000AB
:102120000A800000000000000870000000000300AA
:102130005900000000002E506B000000000005E177
:102140006B000000000000407B000000000AFFFF61
:10215000FFFFFFFF50023333B933333D500000001F
:10216000D500000D40000001F262000E30000007B3
:10217000C07C000F3000000D600C801F2000007D2F
:102180001003D02F100003E50000004E00002D903A
:102190000000006D0004E900000000BA000B8000A0
:1021A000000CFFE300000000000133100000344485
:1021B000444444430000BFFFFFFFFFFB000000005A
:1021C000000000000000000000000000000000000F
:1021D00000000000000000000000000000000000FF
:1021E00000000000000000000000000000000000EF
:1021F0000000000000000000000000000005555530
:1022000055555555501FFFFFFFFFFFFFF100000020
:102210001B100000000000000C80000000022222C1
:1022200028C22222200EFFFFFFFFFFFFD000001474
:1022300000003100000000BB0000AD3000001BB00A
:10224000000008E50004EA250000636E5005801ECA
:102250002001E30670000009A009B00000000001A1
:10226000D76E2000000000003EE4000000000001E6
:102270009EEA20000000017EB21AE8200007CFC5C8
:1022800000004BED91097200000000168000000074
:102290000B3000000000000008C000000003FFFF3A
:1022A000FFFFFFFF60002266222237221000007D20
:1022B00000005E100000000D5000A8000000222861
:1022C0005224E4222000FFFFFFFFFFFFC000F300C5
:1022D000000000000000F200000000000001F1001A
:1022E000000000000003E000000000000005D00036
:1022F00000000000000A900000000000002E4000D6
:10230000000000000029000000000000000000455F
:1023100000000000000000D700000000000005E3FE
:10232000FFFFFFFF60000D708A22222D40007F20FA
:102330003D00002F1003EF200E30007C001DAF2069
:10234000097000B7005C1F2005D002E200010F20D9
:1023500000D50BA000000F20005C4E2000000F20D5
:10236000000DE80000000F20000BF40000000F201B
:1023700000BD9E3000000F203CC108E600000F3A6F
:10238000E910006EC3000B183000000180000670D9
:102390000000000000000D4CFFFFFFA000004D01F9
:1023A0001E411A700000A8000F300B500003F70008
:1023B0000F200E20000BF7001F102E00006EB7003C
:1023C0002F006FFFA03597004D001118A000970057
:1023D0005B000008900097008A00000980009700C9
:1023E000C600000A70009701E200000B600097052C
:1023F000D000000C5000970D7000000E3000977D4B
:102400000000115E000097B40001EFE7000000003B
:102410000000000000002400000000C500006C0067
:10242000B60000E500006C004E3000E300006C00D8
:1024300008C001F200006C0001E303E000006C0042
:10244000001006C000006C0000000A8000006C0054
:1024500000000E4000006C0014005E0000006C28BC
:10246000E900DD2000009EEA3009C9D20002EA300E
:10247000009D209D100030004CD3000BB0000002E6
:10248000E8000001C200000000000000000000821F
:1024900000027000000003E12B05C00000000A905C
:1024A0006C05C00000001E30AA26D22210009C003D
:1024B000DFFFFFFF8003EC05D005C000001DDC0C32
:1024C0007005C000004C5C051005C00000014C0206
:1024D0002226D22220004C0EFFFFFFFFF3004C000B
:1024E0000005C00000004C000005C00000004C00CA
:1024F0000005C00000004C000005C00000004C00BA
:102500000005C000000039000004A0000000000029
:1025100002800000000000000CD00000000000005D
:10252000ADCA00000000000BD21CB100000003DDAA
:102530002001BD4000018EC311112AFA301ED5BF03
:10254000FFFFFC3AE202000000000000100122221E
:10255000222222221008FFFFFFFFFFFFA00000053C
:10256000E30020000000002E5000C800000001D74A
:1025700000002D7000001CB345689CF50000BFFFF3
:10258000ECBA878E100033100000000810000075B0
:1025900000095000000001E30008B000000008B08E
:1025A0000003900000001E41FFFFFFFF9000AF10EE
:1025B000222222221006FF1009100086002E8F1002
:1025C0000D4000C600191F100A6000E300001F1034
:1025D000089001F100001F1005C003D000001F107B
:1025E00003E006A000001F1001F1097000001F1099
:1025F00000D20C4000001F1122222E3220001F1B8F
:10260000FFFFFFFFF4001B0000000000000000536C
:1026100000091000000000D5000C8000000006D06A
:102620000005E00000000C711112921110005F28EB
:10263000FFFFFFFFF201DF000004D000000AEF00FF
:102640000004D000004E5F000004D00000042F0002
:102650001116D11110002F00FFFFFFFFA0002F0067
:102660000004D00000002F000004D00000002F0064
:102670000004D00000002F000004D00000002F0E46
:10268000FFFFFFFFF6001A02222222222000000094
:10269000000000000000000006A000000000000094
:1026A0005DE7000000000008D22D9000000002BC91
:1026B0001001BB3000007E80000008EA304ED7FFDA
:1026C000FFFFFF4AF507001119B1110030000000AB
:1026D00008A000000000111119B111111007FFFF2F
:1026E000FFFFFFFF9000000008A00000000001B203
:1026F00008A04A0000000BA008A01BB10000BC000D
:1027000008A000BB000BB1011AA0001D8002000B45
:10271000ED50000100000000000000000000006417
:1027200000520000000001E401E30000000007C0C7
:1027300007C0000000000D500DFFFFFFF5007F10E7
:102740006D2C72222002EF01E60B6000000CDF0A04
:10275000C00B6111103D3F19200BFFFFF0022F004D
:10276000000B600000002F00000B600000002F0035
:10277000000B711110002F00000BFFFFF3002F0062
:10278000000B600000002F00000B600000002F0015
:10279000000B600000001C00000A500000000094C4
:1027A00000059000000003E10006B00000000A9D53
:1027B000FFFFFFFFF5003E211117B1111000BD0012
:1027C0000006B0000006FD06FFFFFFFFC03E9D06AD
:1027D000A006B004C07A3D06A006B004C0013D06C4
:1027E000A006B004C0003D06FFFFFFFFC0003D0192
:1027F0007009800000003D00B80D500000003D0051
:102800001CCD000000003D0007ED820000003D16D9
:10281000CD33AEB851003C1B60000158B20000A29D
:10282000001A0000000005D0000B700000000C60D2
:102830000004A00000005D4FFFFFFFFFF101DA027E
:10284000229F4222200AFA0004ED6000004EAA00F6
:102850001E76B004C0176A02CC02E14E60006A3DE9
:10286000EB00CAD400006BEA7B006E2000006A30E7
:102870006B000E5000006A006B0007D100006A0078
:102880006B0010CA00006A007B6CA03EA0006A00CA
:10289000CFC60003E400580094000000100000734D
:1028A00000000000000003E2DFFFFFFF50000A907D
:1028B000D411111C50003E20D300000C5000CD005C
:1028C000D300000C5009ED00DFFFFFFF505F7D00DB
:1028D0001117B111005A3D000006B00000013D0182
:1028E0001117B11110003D1FFFFFFFFFF3003D0066
:1028F000008EEC0000003D0005D8BA9000003D00BD
:102900004E36B0D700003D07E506B02DA1003D4D85
:102910002006B001C5002B000005900000000080DB
:1029200000190000000006B0000D600000000D500E
:102930000006700000005E1FFFFFFFFFF200DB00DB
:10294000000000000009EB00DEEEEEED004F8B0012
:1029500000000000002A4B000000000000004B00B7
:10296000DEEEEEED00004B000000000000004B0129
:10297000EEEEEEEE00004B01E000000F00004B0118
:10298000E000000F00004B01E000000F00004B01D1
:10299000FEEEEEEF00003901A000000A0000046026
:1029A000002A000000000B70009A000000001E20AA
:1029B00002EFFFFF90007B001CE3002D2000D802F7
:1029C000BB3C21C70008F81D4004DD80003EC81D47
:1029D000004ADDB40078881D9DD6017DE310881D76
:1029E0003201A9003000881D017D70310000881D72
:1029F000047107C20000881D0027D9116000881DDE
:102A000003D7103D8000880100003AD600008800FE
:102A1000169DD71000007700097300000000009198
:102A200000059000000004D10009A00000000B8BFD
:102A3000FFFFFFFFC0002F20000D30000000AB00A3
:102A4000000E00000004F900DEEEEEED001DD900DE
:102A5000D200003D003A7900DDDDDDDD00007900C7
:102A6000D200003D00007900DDCCCCDD0000790013
:102A7000D200003D00007900D200003D0000790046
:102A8000DDDDDDDD00007900D200003D0000796F62
:102A9000FFFFFFFFF40046000000000000000340BD
:102AA0003500091000000A806A001E0000001E3078
:102AB0006A004D0000006D017B107A000000C89F85
:102AC000FFFCAFFFF506F8006A00E408802ED8008E
:102AD0006A06F60A508988006B0C980C2010883F13
:102AE000FFF92C1E0000883C00870D7A0000883C0E
:102AF000008709E50000883C008705E00000883C6D
:102B000000970BF50000883FFFF78C5D2000883CA4
:102B1000000AD108D200760100191000710000915E
:102B200000083000000005D00008A00000000C6C78
:102B3000FFFFFFFFF3004E00000000000000C9008F
:102B40009EDDDDDD0007F9009700004D003EB90075
:102B50009DCCCCDD00177900000000000000790E4C
:102B6000EEEEEEEEE300790F00000000D300790FE7
:102B70009EEEEEEAD30079000007A0000000790085
:102B80000007A000000079000007A0000000790005
:102B90000008A000000079000AED600000000000BD
:102BA00000000000000005200000350000000EBFFE
:102BB000FD00680000004E00895DEEDE30009800E8
:102BC000C400680A3001E503C2EEEEEEE50AF50A3C
:102BD0004000680A304EC55FEC5DEEDE3028A5404F
:102BE0003C0068000001A5004A0068000000A54103
:102BF00068AEEEEE7000A577A50068000000A51D88
:102C0000E2EEEEEEE000A509C00068000000A50CB1
:102C1000E80058000000A57C2CD631000000A8D2A6
:102C2000005ADEFFF200100000000000000000402B
:102C300007700000000005E009900000000009A2F4
:102C40002AA2222100000EFFFFFFFFFD00007D00F1
:102C5000099000000000E600099000000001A000BB
:102C600009900000000222222AA22222200FFFFF48
:102C7000FFFFFFFFF000000E400890000000002F53
:102C8000100890000000007C00089000100002E591
:102C900000089000D2004D900008A001E10CE8006F
:102CA0000004EFFFB0062000000012220000000A1E
:102CB000200000000000000AD20000000000000018
:102CC0009D100000000000000D90000000000000BA
:102CD0000EE20000000000004FBB000000000000FA
:102CE0008C1E400000000001E608C0000000000843
:102CF000D101E6000000002E60007E10000001CC33
:102D000000000DA000000BD1000003E90003DD204E
:102D10000000005EB11DA10000000003D201000010
:102D200000000000000BFFFFFFFFFFFFB0011111CB
:102D30001A911111100000000A80000000007FFFAE
:102D4000FFFFFFF600007B111A8111B600007A0028
:102D50000A8000B600007FFFFFFFFFF600007A0048
:102D60000A8000B600007A000A8000B600018B11CC
:102D70001A8111B7105FFFFFFFFFFFFFF5007A0018
:102D8000000000B600007A00000000B600007A00E3
:102D9000000011C600007A000003EEC2000000002F
:102DA000000000000000000008118000000D30004D
:102DB0005C00C6000007D000C6005A000000D70320
:102DC000FFFFFFFFE0006C0AE000A7000000004FDB
:102DD000E000A700000001DAE000A700000005C342
:102DE000FFFFFFFF90000002E000A70000001D129F
:102DF000E000A70000006D02FFFFFFFF8000C70298
:102E0000E000A7000003F202E000A7000009B00202
:102E1000E111A811101E5002FFFFFFFFF302000294
:102E2000D000000000000000087000000000330027
:102E30000A900033000099000A90009A000099005F
:102E40000A90009A000099000A90009A00009900E8
:102E50000A90009A00009FFFFFFFFFFA0000122275
:102E60002BA22221000390000A9000092005E00017
:102E70000A90000E4005E0000A90000E4005E000B8
:102E80000A90000E4005E0000A90000E4005E22284
:102E90002BA2222E4005FFFFFFFFFFFF4000000096
:102EA0000000000C40000004000040000000004F43
:102EB0002001E300000000BA00007B00000004F3E2
:102EC00000000D6000000CA0000005E200009D1055
:102ED000000000AD1008E6222222223DC11C5FFF47
:102EE000FFFFFFE190000000E30005D000000003B9
:102EF000F00005D000000006C00006C00000000C75
:102F0000700007B00000005E10000990000003E6AA
:102F100000000B8000007E8000213E50000AC400AB
:102F200000EFFB00000000000000000000000000B7
:102F30000000000000007A000222222220007A0015
:102F40004FFFFFFFF0007A00000A7003E0007B589B
:102F5000800B6003E04ADEC8500C5004D0469A0053
:102F6000000D4004D0007A00000E2005C0007A0059
:102F7000003E0006C0007A00306C0006B0007B6C9A
:102F8000D0C80007A000BFC504E100099000A4005C
:102F90000C90000B70000001BD10002E4000000BD3
:102FA000D200BFFC0000000210001320000000004F
:102FB00000000005900FFFFFFFF10006B00229A2FC
:102FC0002220B606B0000C600000B606B0001E411C
:102FD0001100B606B0005FFFFF80B606B000B70074
:102FE0000B50B606B003E1000E10B606B00C84001C
:102FF0004D00B606B0081CC1A800B606B00001BD61
:10300000E200B606B000000D90009506B000007E0C
:1030100020000006B00005E400000006B0019E504C
:1030200000000118B006B200000007ED50000000DB
:1030300000000000000017000000000000001E401B
:1030400002222222100007A05FFFFFFFB001111132
:10305000000B6006A02FFFFF300C5007A000006C93
:10306000000D4007A00001E5000E300890000AB2F4
:10307000901F200880005FBC504E00098004EEDBEA
:10308000006B0009703E6C6C70A8000A60050C6251
:1030900041E4000B60000C6006C0000D40000C60B5
:1030A0001D60000E20000C60CB00116E00000C6350
:1030B000C101EFE600000100000000000000203721
:1030C000000000027000E35B00000005C003E26B3B
:1030D00011102E05C007FFFFFFF02E05C00D405B4D
:1030E00000002E05C02B116B11102E05C04FFFFFE5
:1030F000FFF92E05C000005B00002E05C000116B1B
:1031000011102E05C008FFFFFFF12E05C008705BEF
:1031100000F12E05C008705B00F10305C008705B6C
:1031200000F10005C008705B6EC00005C000005BC8
:1031300000000238C0000037000008ED6000048085
:1031400000000860000001E500002E400001117C35
:103150001111AA11102FFFFFFFFFFFFFF200000067
:103160000000000000000000000000070002FFFF58
:10317000FA04A01F1002E0007A05B01F1002FEEE54
:10318000EA05B01F1002E0007A05B01F1002E0004F
:103190007A05B01F1002FEEEEA05B01F1002E00033
:1031A0007A03801F1002E0007A00001F1002E00086
:1031B0008A00113F1002E04ED5004EEA00000000E8
:1031C000000000000000000000046000000000009B
:1031D0000007B000002FFFFFA007A00000022C6234
:1031E0001007A00000000C502FFFFFFFF0000C5054
:1031F00002299224E0000C50000A7003E0000C50F9
:10320000000B5003D0000C50000D4004D0000C50B7
:10321000102E0005C0000CACE06B0006B029DFD812
:1032200030C70007A03C720006E1000990000000D2
:103230002D60000B70000003EA00213E4000000BEF
:103240007000CFEA00000000000000000000000055
:103250000000330000000000000089000008FFFFAC
:10326000F900890000000000000088000000000054
:1032700000DFFFFFF10111111122B823F12FFFFF31
:10328000FD00B601F0001E200000C402F0005D0247
:103290006000E303E0009801E002E003D000E200F8
:1032A000A606C004C005D58BEB0B7006B00CEB84F2
:1032B0002D4E2008A002000000CA000C7000000083
:1032C00006D16FFD10000000002002200000002940
:1032D00000540000000000AA00B70000000002E354
:1032E00000B7000100000AB000B7000BB0005F801B
:1032F00000B7008E2002EE8000B706E4001DBA8001
:1033000000B87E60000A1A8000BDE50000000A8057
:1033100002DE300000000A807EF8000000000A880B
:10332000E6B7000040000A8010B70000D5000A8010
:1033300000B80000E3000A8000AA0003E1000A8050
:10334000005EFFFF90000650000123320004FFFFE3
:10335000FD09FFFF9004D1115D0981199004D0008F
:103360004D0970089004D1115D0970089004FFFFA9
:10337000FD0970089004D0004D0970089004D00039
:103380004D0970089004FFFFFD0970089004D111E9
:10339000110970089004D00A600970099004D004E3
:1033A000E10977EE5004D28DF80970100009FFC6CC
:1033B0005E097000000AA3000819700000000000F8
:1033C000000760000002FFFFFFFFFFFFF402E222A0
:1033D000222222222002E000006900000002E00018
:1033E000007A00000002E000007A00000002E01114
:1033F000118B11110003E0DFFFFFFFFF7003E000FE
:10340000007A00000004D000007A07200005B00018
:10341000007A06D20007A000007A008C000A700033
:10342000007A0003000D4111118B1111104E0EFF97
:10343000FFFFFFFFF3160000000000000000DFFFA9
:10344000FFFFFFFFF100D511118711111000D4000B
:1034500000D600000000D43EEEFEEEEB0000D44D9E
:103460000000005C0000D44D0000005C0000E34E52
:10347000DDDDDDEC0000E24D0000005C0001F14EFE
:10348000EEEEEEEC0002E000005C00000005C0067D
:10349000B05C07800008902E505C02E5000D50CA19
:1034A000005C005E203E08C0006C0009B0150010F2
:1034B0007EE7000020000000770010000000000AF6
:1034C000D205D400000003CA10006E7000005FFD3A
:1034D000DEFEDDE900001421B900002B100000021F
:1034E000E4000000002FFFFFFFFFFFFFF300009D3F
:1034F0001000C800000009D206D41C900003CD8A39
:10350000E91011BD501E9046104CA006E2010004C7
:103510008CC50130000000CC73003DA0000000000D
:10352000015CD60000000469CEB6000000000AA7C6
:1035300040000000000000000000026000000124C4
:10354000578BDFE700004FEDBA97530000004E00A5
:103550000000000000004E000000000000004FFFCF
:10356000FFFFFFF600004E2C722224E200005D06F1
:10357000C00008B000006C01E3000E5000007A00AB
:103580008C009C00000099000C86E2000000C60040
:1035900003EE60000000E20008EE91000006D00596
:1035A000CE53CD61000C74DEA10007DE90071171CF
:1035B00000000005400002200A50050000000A90AB
:1035C0000E500B9000000E302F3001D600006C0022
:1035D0005E0000210000EFFFFFFFFFFFD00032225E
:1035E000D822222220000003F3000000000000097E
:1035F000FFFFFFE40000002EE32226E0000000AC05
:10360000A8000C80000006E22E407D1000004E70E5
:1036100005E8E3000005E80000BF9000004E6000F0
:103620004CD8EC300002007CE80019ED81000096D7
:1036300010000016A03FFFFFFF0000000003E1158F
:10364000D1DFFFFFB002E004C02E32288002E00587
:10365000C00C300A6002FFFFC009600D3002E004B8
:10366000C006902E0002E004C003D07B0002FFFFE2
:10367000C000D3C50002E005C0008BD00002E0040A
:10368000C0003F800002E46AEE304F80004EFEBB77
:10369000D201DAE300152004C01BA08D2000000435
:1036A000C1CC100AE3000003A080000060000123E9
:1036B00045689BD70008EDCBAB86532000002A005D
:1036C0000D3000E500000C50098006D00000078096
:1036D00005700D50000CFFFFFFFFFFFFC00C400006
:1036E00000000005C00C400000000004C0051DFFE4
:1036F000FFFFFF91300003E511115E300000006D07
:103700001001D80000000008D33D90000000000028
:103710008EE900000000004AEBBEA4000008BEE9EC
:103720003003AEEC8007730000000047700000001B
:103730000B4000000000000008C00000000DFFFF6B
:10374000FFFFFFFFD0000106B00B600000000C6619
:10375000B00B6A8000004D06B00B61D60002E50692
:10376000B00B603E30038006B00B600750000003D2
:10377000500530000000DFFFFFFFFFD0000003E333
:1037800000003E400000005E4003E700000000042F
:10379000D99E400000000004BFFA400000057AED09
:1037A0007228DEA7500A962000000369A0001222AA
:1037B0002222222100007FFFFFFFFFF700007B0095
:1037C000000000B700007B00000000B700007B0095
:1037D000000000B700007B00000000B700007B0085
:1037E000000000B700007FFFFFFFFFF7000012227C
:1037F0002222222100000001000010000000003EF3
:103800004003E600000003E700004E8000005E90E9
:10381000000003E90008E7000000003E90084000B7
:10382000000000047002222222222222201FFFFF19
:10383000FFFFFFFFF2000000000000F300000000A7
:10384000000000F300007FFFFFF100F300007B2287
:1038500023F100F300007A0001F100F300007A0088
:1038600001F100F300007A0001F100F300007FFF96
:10387000FFF100F300007B22222000F3000068002B
:10388000000000F300000000000000F30000000052
:10389000001335F200000000002EED900000000043
:1038A0008500000000000004E30000000000001D8F
:1038B00070019000000000AB0000BB00000008C0D9
:1038C00000001CA000007E4345667AF80003FFFE5E
:1038D000EDCBA99E400042000000000860000222DB
:1038E0002222222000002FFFFFFFFFF200002F10F6
:1038F000000002F200002F10000002F200002F1062
:10390000000002F200002F32222224F200002FFFDA
:10391000FFFFFFF200001C10000001C100000000CA
:103920006800000000000000C70000000000000167
:10393000E3000000000EFFFFFFFFFFFFF002222C5C
:10394000822222222000002E200000000000008B96
:1039500000000000000002E50000000000000AFF77
:10396000FFFFFFFC00006ED82222227C0005E4A7A6
:103970000000005C004E50A70000005C000400A79F
:103980000000005C000000A82222227C000000AFA2
:10399000FFFFFFFC000000960000004A000000004E
:1039A0000000026300000134679CEFE900008EDC38
:1039B000B986420000008900000000000000890074
:1039C0000000000000008FFFFFFFFFFFF3009A22BE
:1039D000222222222000A800000000000000B801DE
:1039E000111111110000C60FFFFFFFFF1000D50FCE
:1039F0002000002F1001F20F2000002F1005D00F23
:103A00002000002F100A900F4111113F103F300F7E
:103A1000FFFFFFFF1018000C2000002C10009FFF7C
:103A2000FFFFFFFF100099111661113F1000980071
:103A30000790001F1000985EEEEEE91F100098003E
:103A40000790001F100098000790001F100097BFFC
:103A5000FFFFFF2F1000A7000000001F1000B60E90
:103A6000EEEEE31F1000D40F1000D31F1000E20F82
:103A70001000D31F1004D00F1000D31F1008A00F88
:103A8000EEEEE31F101E400D1000114F003B000032
:103A900000009EE90000000000000000000000009F
:103AA000000000000000EFFFE02FFFFF0000E10238
:103AB000E02E002F0000E102E02E002F0000E202C5
:103AC000E02E002F0000EFFFE02FFFFF00000000BE
:103AD0009A009D70002FFFFFFFFFFFFFF20111BD55
:103AE0002115E71110001BE200006FA20018EF5033
:103AF000000009FFB32AEFFFE01FFFFF7000E202A2
:103B0000E01E002F0000E202E01E002F0000EFFF89
:103B1000E01FFFFF00009201601E0028000AFFFF67
:103B2000FFFFFFFFA00A933333333339A00A70003D
:103B300000000008A00A700111111008A00A702FDF
:103B4000FFFFF008A00A702E0001F008A00A702EF6
:103B50000001F008A00A702E0001F008A00A702EE3
:103B60000002F008A00A702FFFFFF008A00A700002
:103B700000000008A00A700000000008A00A8111DF
:103B800011111119A00AFFFFFFFFFFFFA00860003D
:103B9000000000079000111111111111000AFFFF20
:103BA000FFFFFFFFA00A600001100006A00A6000EE
:103BB00007A00006A00A600007900006A00A601196
:103BC00019911106A00A69FFFFFFFF96A00A600085
:103BD0000C500006A00A60001FC10006A00A600089
:103BE0007B7C1006A00A6002E408C106A00A602DD2
:103BF00090009B06A00A64E900000C56A00A603001
:103C000000000106A00AFFFFFFFFFFFFA008500011
:103C1000000000058000000000000000000AFFFF17
:103C2000FFFFFFFFA00A600004300007A00A600049
:103C30000A600007A00A66FFFFFFFF67A00A600096
:103C40000A600007A00A60BEEEEEEC07A00A600062
:103C50000A600007A00A60000A600007A00A6AFF65
:103C6000FFFFFF87A00A60000A600967A00A6000E2
:103C70000A600C47A00A60000A67DB07A00A600020
:103C800006400007A00AFFFFFFFFFFFFA00850004B
:103C9000000000058008FFFFFFFFFFFF9008A11153
:103CA0001111111A900890000880000990089000E6
:103CB00008800009900895FFFFFFFF7990089000A9
:103CC0000880000990089000088000099008904E34
:103CD000EEEEE7099008904B000097099008904B92
:103CE000000097099008904EEEEEE70990089000CA
:103CF000000000099008A1111111111A9008FFFF8E
:103D0000FFFFFFFF90077000000000077000000039
:103D10009300000000000002F200000000022228D0
:103D2000D2222222200FFFFFFFFFFFFFF000006DD5
:103D300000001000000001E50006B00000000AB01D
:103D40000006B00000007F400006B0000008EE4012
:103D5000FFFFFFFF503E5D401117B11100030D4002
:103D60000006B00000000D400006B00000000D404D
:103D70000006B00000000D400006B00000000D4A33
:103D8000FFFFFFFFF00006111111111110002800B4
:103D90000000A30000004C000500C40000004C001F
:103DA0002F00C40000004C002F00C45CA04FFFFB9C
:103DB0002F01DEDBA0025D212F9EE707A0004C0350
:103DC000BFA3C407A0004C09AF00C40790004C007B
:103DD0002F00C40790004C152F00C40980006EE925
:103DE0002F00C4ED303CEA202F0093002029200052
:103DF0002F000000B50000001F300001E3000000AC
:103E000009FFFFFFA00000000001111000002800C2
:103E10000006400000003D00000A700000003D0068
:103E2000000A700000003D008FFFFFFF102FFFF918
:103E3000122A822F10025D21000A700F10003D002F
:103E4000000A700F10003D00000A600F10003D00D6
:103E5000FFFFFFFFF3003D15222EE62220005EEA61
:103E6000004D7A00002BFB3000C82E20001A3000D5
:103E700006E109B0000000006E5001DA0000001AEF
:103E8000E500002EC200000920000001900028007B
:103E90000083360000004C0002E22E1000004C00AF
:103EA00008A00A4000004C000DFFFFFFF04FFFFB91
:103EB0008F413F1110025D23EF302F0000004C07AF
:103EC000AE313F1100004C011EFFFFFF90004C007F
:103ED0000E302F0000004C030E313F1100004EDD6C
:103EE0000EFFFFFF9018EE700E302F00004E910075
:103EF0000E302F00000300000E413F1110000000A3
:103F00000EFFFFFFF30000000D3000000000055021
:103F10000001B10000000B800002F10000000E6102
:103F20001102F10000002FFFFF12F10000006D00F0
:103F30004D02F7000000AA007A02FE700001ED00B9
:103F4000A802F4E40008BD20D502F16D100D39740B
:103F5000E002F10BA00003DA9002F102300000BF92
:103F60003002F100000000BF4002F100000008E84C
:103F7000E501B10000007E406EC62100002CE50086
:103F8000018DFFFFF3082000000012333000009184
:103F900000000000000007D00000000000003EFF0D
:103FA000FFFFFFFF6004E60000000000000E78ED58
:103FB000DDDDDDE400020890000000E4000008DC24
:103FC000CCCCCCE400000890000000E4000008ED38
:103FD000DDDDDDE40000004E20000000000003EE07
:103FE000DDDDDDB000005EC900005E400003E40AD4
:103FF000B218E50000001000AEED20000001358D84
:10400000EBAED964204EDB84000048ACD100000048
:104010000000000000000000077000000000000029
:1040200009900000000000000A900000000000005D
:104030000B700000000000000C600000000FFFFF8C
:10404000FFFFFFFFF00333335FF533333000000031
:104050006DD7000000000000A97C000000000002F5
:10406000E41E50000000000AB008D0000000005F0D
:104070003001D900000003E800005F7000006E907E
:10408000000006F8001BE7000000006ED1073000BA
:10409000000000027000036008600000000009A03A
:1040A0000A80000000000E500A80000000005FFF40
:1040B000FFFFFFFC0000D8333B9333320008E100E0
:1040C0000A800000000960000B700000000222223C
:1040D0002D822222202FFFFFFFFFFFFFF2000000B2
:1040E0005EE4000000000000C97C00000000000742
:1040F000E21E70000000007E6004E60000002AE678
:1041000000006EA1001AEC30000003DEA20940009E
:1041100000000004900029000001910000004C0004
:104120000008C00000006900000E50000001981156
:10413000006D00D3004FFFFF20D4006C0000E10EA3
:1041400009A0012D7002D02D5FEEFFEDE006A04B1F
:1041500026432000A30A608800111111000BB1C48E
:1041600009FFFFFF7000ADE00970000A70000BE26C
:104170000970000A70002EAD1970000A7000B80AAC
:104180004970000A701CB00009FFFFFF70080000B2
:1041900007611118500000000000000000008FFFB0
:1041A000FFFFFFF80000122222224DE6000000006F
:1041B0000003DE4000000000008EB200000000009E
:1041C00008D500000000000008A000000002222224
:1041D00029B22222202FFFFFFFFFFFFFF300000084
:1041E00008A000000000000008A00000000000007F
:1041F00008A000000000000008A00000000000006F
:1042000008A00000000000222A9000000000007EAC
:10421000EC300000000000008200000000000002FE
:10422000F200000000022227D2222222200FFFFFEC
:10423000FFFFFFFFF000004E10000000000000D65E
:1042400001111111000007D04FFFFFFB00003E508D
:10425000000007B00004EF300001BA00003E8F30CC
:104260000003F00000160F39FFFFFFFFF4000F31CD
:104270001114F21110000F300003F00000000F3095
:104280000003F00000000F300114E00000000E30C9
:1042900009EE9000000000001C200000000000005B
:1042A0000AA00000000AFFFFFFFFFFFF900A822222
:1042B00022222229900A700000000008900A75FF4F
:1042C000FFFFFF48900000111111110000000000D5
:1042D00000000000001FFFFFFFFFFFFFF101111DA5
:1042E000611B71111000000E300B60000000003ED9
:1042F000100B6000100000B9000B6000C3002BD24F
:10430000000B7000E21CEB100007FFFFB00520005F
:1043100000000111000000000B3000000000000050
:104320000AA00000000AFFFFFFFFFFFFA00A822291
:1043300022222229A00A700000000008A00A71228F
:1043400022222218A00009FFFFFFFFA000000000AA
:10435000099000000000035009900000000009903F
:104360000991111000000C7009FFFFF500002FC02B
:104370000990000000008BB9099000000003E31CC5
:10438000DCA10000002E70006BEFFFFFF2050000C3
:1043900000012333200000000B400000000000005B
:1043A00008C000000008FFFFFFFFFFFF8008A11109
:1043B0001121111A800890B500E400098002204EF6
:1043C00070F300022000010361F2000000007D4054
:1043D00002F10000000006E305D0000000000030FC
:1043E00007B00000000DFFFFFFFFFFFFE00000002F
:1043F0006E14000000000004E62DC5000000019EC0
:1044000080006DC40004BEC40000008E70028300F2
:104410000000000340000000074000000000000012
:1044200009A00000000CFFFFFFFFFFFFC00C4000D1
:1044300005600005C0063EEEEEEEEEE36000000013
:104440006F9300000000004AC36CD71000005EB6F6
:10445000000029D0001FFFFFFFFFFFFFF101111136
:10446000111116C110002EEEEEE405C000002E0062
:1044700000B505C000002E0000B505C000002FEEFD
:10448000EEE505C000002E00000006B000000200AE
:104490000009EE70000000000000000000000000B5
:1044A0000000008400000000000000B600011111AF
:1044B000100000B6000DFFFFF40000B60000000081
:1044C000E22222C720000003E4FFFFFFF5004005C1
:1044D000C00000B60003E509800000B600005E5D84
:1044E00040B600B6000005EE004E10B6000000BE5B
:1044F000200B60B6000004EBC00570B600000D8014
:10450000D80000B600009D00460000B6000AD300A7
:10451000000133D5000A20000001EEB100000000C8
:10452000046000000000000008A00000000000007F
:1045300008A000000000000008A000000000052006
:1045400008A0034000000E5008A006D000004E1046
:1045500008A000D700008C0008A0007D0000C70064
:1045600008A0001E6004E20008A00009C00BA00023
:1045700008A00003F24E200008A00000E6010000A1
:1045800008A000005100000008A000000000002367
:104590003AA000000000005EEC40000000000000B7
:1045A0000000000000001000087000120000B900B8
:1045B0000980009B00002E40098003E2000007D024
:1045C00009800C6000000040098005000001FFFF29
:1045D000FFFFFFFF1001F3111111112F1001F10066
:1045E0000000000F1001F10EFFFFE00F1001F10EAF
:1045F0002003E00F1001F10E2002E00F1001F10E78
:104600002003E00F1001F10EFFFFE00F1001F10E8B
:104610002000000F1001F1030000123F1001F10013
:1046200000005EEA0000000000000000000003A09F
:1046300000005700000000D400007966002FFFFF43
:10464000FF20791D20011111110079078000000061
:10465000000189111004FFFFF79EEEEEE304B000A5
:104660009700A6000004B0009700C9600004EEFEA9
:10467000E700E990000010D32002E7900000D1D3BA
:10468000D206A7900004B0D3690B6790000B50D3FB
:10469000182E1790650900D300A80690760000D365
:1046A00007D003DDD2002EC1072000000000CFFF9D
:1046B000FFFFFFFF4000C6000000000E4000C600E4
:1046C0000000000E4000CFFFFFFFFFFF4000C502CB
:1046D000A00005900000C500A4000D400000C5EF3B
:1046E000FFFFFFFFA000D4007A002F100000E300BE
:1046F0007A001F100000F2007A002F100003E6FF7E
:10470000FFFFFFFFF206B000D6001F10000B80086D
:10471000D1001F10002E219E40001F10002802A271
:1047200000001D100005FFFFFFFFFFFF50013333A6
:104730003BA33333100000000A900000000000008B
:104740000A900000000000000A9000000000000035
:104750000A900000000000000A9000000000000025
:104760000A900000000000000A9000000000000015
:104770000A900000000000000A900000002FFFFFD8
:10478000FFFFFFFFF30333333333333330000002D3
:10479000B000000000000005D0000000000000078D
:1047A000A0000000000EFFFFFFFFFFFFD002222E3F
:1047B000522222222000003E000000000000007B68
:1047C00000000000000000C822222222000003EBAB
:1047D000FFFFFFFF70000990000F200000002E2057
:1047E000000F20000000BA00000F20000007D100D9
:1047F000000F2000004E3000000F2000000404FFD6
:10480000FFFFFFFFF2000022222222222007FFFFEB
:10481000FFFFFFF300013333333333F300000000B5
:10482000000000F30000A800000000F30000A80052
:10483000000000F30000A800000000F30000AFFF3C
:10484000FFFFFFF30000A922222223F30000A800AB
:10485000000000000000A800000000001000A800F8
:1048600000000001E200A80000000003E0008B103F
:104870000000001AB0002CFFFFFFFFFD3000001207
:1048800022222210000006000450007100000D805A
:1048900007A007D1000005B008A01C400009FFFFD9
:1048A000FFFFFFFFB009700000000006B00972DDD5
:1048B000DDDDDD36B00212F000000E41200002F016
:1048C00000000E40000002DDDEEDDD3000000000E3
:1048D00006C0000000008FFFFFFFFFFB00008911F2
:1048E00017C1117B0000890006C0006B0000890021
:1048F00006C0007B0000890006C09FE700000000A2
:10490000059000000000029000000A40000001E64F
:1049100000004F200000006D0000AA000001223BB3
:104920003223E5221008FFFFFFFFFFFFA000006B0E
:104930000000B7000000006B0000B7000000006B33
:104940000000B7000002227C2222B822202FFFFFA5
:10495000FFFFFFFFF20000990000B700000000D643
:104960000000B700000006E10000B70000003E7044
:104970000000B7000006EA000000B7000009600070
:104980000000960000000000000000000000000091
:1049900004C000000000000000D600000001FFFF7E
:1049A000FFFFFFFFF001F322222222222001F2006A
:1049B000015000060001F24302E0003F2001F289AD
:1049C00000D4007C0001F13E009800B70002F10D18
:1049D000406B00E30003F009803E05D00003E006D1
:1049E000C01B1C600005C002A0003E000008A00023
:1049F0000000A800000C71222223E322202F29FFAF
:104A0000FFFFFFFFF429000000000000000000008D
:104A100003B000000000111112E611111000EFFFA9
:104A2000FFFFFFFFF200E300620006300000E3003A
:104A3000C4000B500000E9EEFEEEEFEEE000E200F5
:104A4000C4000B500000F200C4000B500001F20043
:104A5000CEEEEE500002F100000000000002E2FF86
:104A6000FFFFFFF90004D004D20006D10007A00028
:104A70007D418D30000B700008FED200002E258A8B
:104A8000ED86CEB86128068520000269A0000000EE
:104A900003B000000000000001E600000001FFFF7D
:104AA000FFFFFFFFF201F00000A700000001F0ADE2
:104AB000DDEEDDDA0001F00000A7005B0001F8DDAB
:104AC000DDEEDDEFF502E00000A7005B0003D000A3
:104AD00000A7005B0003D0CDDDEEDDDA0004C0A44A
:104AE00000AB00191006B03D70AE84D700088002FC
:104AF0009CE8AE20000C539E92A70AD5002E1A8285
:104B000000B7003AE2390001EED300001008FFFFC1
:104B1000FFFFFFFFA001226D2222AA221000004DFC
:104B2000000099000000004D000099000000004DB9
:104B3000000099000000004D00009900002FFFFFC9
:104B4000FFFFFFFFF202228C2222AA2220000099FE
:104B500000009900000000D600009900000003E169
:104B60000000990000000CA00000990000009E10B9
:104B700000009900000AE4000000990000073000DE
:104B8000000077000000BFFFFFFFFFF30000B6004A
:104B9000000000D30000B600000000D30000BFFFFB
:104BA000FFFFFFF30000B600000000034000A90073
:104BB00000000009A0004DFFFFFFFFFD30000001D5
:104BC00011111100000000C500008900000111C68C
:104BD00011119911102FFFFFFFFFFFFFF30003E0FA
:104BE0000000890000001C80000089000005DA0038
:104BF000000089000009600000007700000000004C
:104C00000B2000000000000009A00000001FFFFFB3
:104C1000FFFFFFFFF101111AC21271111000008C89
:104C20001001CA00000009C101224EB00000AFEE21
:104C3000FFFEDCDA000034321000001A1000007AA7
:104C40000000B6000001118B1111C711102FFFFFDA
:104C5000FFFFFFFFF20000A70000B600000002E324
:104C60000000B60000002DA00000B6000018EA0009
:104C70000000B600000940000000950000000000A0
:104C8000000B337000000000000E51BB000000005C
:104C9000000D5008201FFFFFFFFFFFFFF20222223E
:104CA000222C822220000000000980000000000069
:104CB0000008A0000008FFFFFF76B000000122B945
:104CC0002215D000000000A70002F100000000A79C
:104CD0000000E400000000A70000B800400000A7AA
:104CE00004707D00A60015CEEEB01E40B40CFEB7D9
:104CF000300008D5E10430000000009E9000000064
:104D0000087000000000B6000A90007D00005E10F0
:104D10000A9000D600000B800A9007C0000004D063
:104D20000A900E40000000000A9001000000CFFF32
:104D3000FFFFFFFD000023333333337D000000000D
:104D40000000005D000000000000005D00004FFF5B
:104D5000FFFFFFFD000002222222226D0000000062
:104D60000000005D000022222222227D0002FFFFBF
:104D7000FFFFFFFD000000000000004A000004A04B
:104D80000003B00000003E500004D0000005E70022
:104D9000CFFFFFFF801F70201115D111000502E326
:104DA0000004D00000000BB11115D11110005F3BC1
:104DB000FFFFFFFFF504EF10000000F2004E8F1020
:104DC000111112F310270F18FFFFFFFFF4000F104F
:104DD000030000F200000F101E4000F200000F1050
:104DE00006D000F200000F1000C500F200000F1006
:104DF000001013F100000F100004EEA000000000EE
:104E00000000000000002A000005400000003D00F6
:104E10000005E20000003D000000A90000033D91F4
:104E200022224322200C4D87FFFFFFFFF50E3D3C61
:104E300007A00000002C3D0707A0000000683D000F
:104E400007A0000000013D0007A0000000003D0099
:104E500007A0000000003D0007A0000000003D008A
:104E600007A0000000003D0007A0000000003D007A
:104E700007B0000000003D0007FFFFFFE0002C002E
:104E80000000000000003B000008500000004D0042
:104E9000000A700000004D00111B811100065DC169
:104EA000CFFFFFFF000D5D87000A701F000E4D2D24
:104EB000000A701F003B4D03000B601F00684D008F
:104EC000000B601F00004D0AFFFFFFFFF6004D01C1
:104ED000223FE42221004D00005DB70000004D009C
:104EE00000C74E1000004D0006D10BB000004D0071
:104EF0005E4002EA00004D09E600003ED3003B0997
:104F00003000000291000000078000000000000057
:104F10000A700000000111111D711111101FFFFF17
:104F2000FFFFFFFFF20000007CA90000000000016D
:104F3000D62E40000000000BA006E300000004DBBA
:104F40009C207E800007CE7007E404DE910960009B
:104F500016410005700063750BA000A40000D3A7E4
:104F600000C8006C0003E0A70026074D400B80A896
:104F700000001C58A008105EFFFFFC02700000003B
:104F80001111100000000053000027000000007DF8
:104F900000009B000000000D6001E300000001180C
:104FA0008119B11000000FFFFFFFFFF100000F306B
:104FB000000003F100000F30000003F100000F5269
:104FC000222224F100000FFFFFFFFFF1000000008C
:104FD00019000000000000230BC100420000D27B3A
:104FE00000BB007C0004E07B001A100C600A907B80
:104FF00000000735D01E207C11112C50B101002C6F
:10500000EFFFEC100000490000B1000000005B0061
:1050100001F0000000005B0013E1111110036BB7F9
:10502000FFFFFFFFF10A8BA406A00410000C7B68B1
:1050300009700C30000E5B240C462D22704A5B0078
:105040001E0C1E1680015B006B1D1E0A40005B00DB
:10505000C6684C1D00005B03E0428E3500005B0C0F
:105060008000CD8000005B5D0007C2D000005B02C5
:10507000003E409A00005B0008E7000BB1004900C9
:1050800009400000700000000970000000000000EE
:105090000E40000000000DEEEEEEEED000000D30F0
:1050A000000004D000000DDDDDDDDED000000D309D
:1050B000000004D000000DEDDDDDDED000000D307D
:1050C000000004D000000D30000004D000000DEE00
:1050D000EEEEEEC0000000001C3000010000B2C582
:1050E00004E3008B0004C0C50066072D600D50C7A7
:1050F00000002E26D006007EFFFFFB0010000000FF
:1051000011111000000087000005600000008700FA
:105110000008900000008709EEEEEEEEB0028A7003
:1051200000089000000E88D4DDDEEDDD600D877292
:1051300000089000003B871EEEEEEEEEE46887006C
:105140000000000000228700EEEEEEEF0000870076
:10515000E100001F00008700EEDDDDDF00008700BA
:10516000E100001F00008700EDDDDDDF00008700AB
:10517000E100001F00008700E100002F0000660032
:10518000E1000EEA00000000000000000000000046
:10519000003B082000000000003E07E70000000080
:1051A000003F002B1000EFFFFFFFFFFFF300E622A0
:1051B000223F32222000E400000F20010000E51110
:1051C000100E403E1000EFFFF50C608A0000E40076
:1051D000C50991E40000F300C406C8B00001F20064
:1051E000D402EE200003F001E202E8007106D2FFD3
:1051F000B01DEC00B40A901101CC2F40D21E40002B
:105200002DD20AD6E03C00004B1001AE7000000029
:105210000000000000000000001B1540000000001E
:10522000002F14DA10000000001F201A300DFFFFBD
:10523000FFFFFFFFE0022222222E62222000000058
:10524000000D50030000FFFFF80B602E2000F1005E
:10525000980A807B0000F1009808A0D50000F200B9
:105260009805D7C00000FFFFF802FE4000000000D4
:105270000000EA00200000269C19FB00B407BEFDD8
:10528000969E6E20C30A85102CD30AC5E00000004C
:105290004A1001AE800000000007800000000000FE
:1052A0000008A000000000000008A0000003333345
:1052B000333AB333300EFFFFFFFFFFFFF000000073
:1052C00002EDA000000000000CA8A00000000000FB
:1052D0009D18A00000000007E308A0000000007E69
:1052E0004008A000000009E50008A0000002BE4040
:1052F0000008A000002EC2000008A000000400006A
:105300000009A000000000006EEF60000000000037
:105310000331000000002B000077000000003E0079
:105320000098000000003E000088000000014E11BF
:1053300011991110003FFFF9FFFFFFF300003E003D
:10534000009700F200003E0000A600F200003E01BF
:1053500041B400F200005EDB8EE300F2004DFE611E
:1053600004FB20F100264E0006C9E5F100003E00D6
:105370000C6065E200003E002E1000D220003E00CE
:10538000C90000C495015E1BD1000089C30BE83B36
:105390001000002DB00000000000000000000C1004
:1053A0000000000000000F104FFFFFFFC0000F10B3
:1053B0004E222222204FFFFF4E00000000012F311D
:1053C0004E00000000000F104FFFFFFF00000F1005
:1053D0004E22223F00000F124E00001F00003FDF50
:1053E0006E00001F003CFF824E11113F00273F104E
:1053F0004FFFFFFF00000F104E00000000000F10D5
:105400004E00000000000F104E00000000012F10A1
:105410004FFFFFFFF30CEB00022222222000380096
:105420000000000400004B007900003F00004B002A
:105430007986003E00016B10794D004D004FFFF45E
:10544000790C505C00004B007906B06B00004B00FB
:105450007902E18900004B00790050B700006DC56A
:10546000790000D5004DFD50790001F600366B0043
:10547000790987EC00004B007BCB1D8E40004B0070
:10548000AF904E18A0004B01E602D803E1016B007B
:10549000301DB000D60DE600001A100031002C00BF
:1054A0000000000000002F00AFFFFFFF40002F00B2
:1054B00006B1117D00013F1100D502E4003FFFFD60
:1054C000003E6D6000002F00000AFC1000002F005D
:1054D00027EA4AE830002F15D9306039E4017FEA25
:1054E0000001F100004FDF204FFFFFFF20022F00DF
:1054F0000112F21100002F001112F21110002F0200
:10550000FFFFFFFFF4002F000001F10000014E003B
:105510000001F100000BE9000001F10000000000B3
:105520000000100000003A000000C20000003C0033
:105530000000E20000003C005FFFFFFF80015C1004
:105540000111E311004FFFF80000E20000003C00F1
:105550001111E31110003C03FFFFFFFFF5003C01B8
:10556000000000D400007EE7111111D5105EED405F
:10557000FFFFFFFFF3244C00021000D400003C00AA
:1055800008B000D400003C0000D500D400003C006E
:10559000006A00D400015C00000022D3000CE70088
:1055A0000000DEB1000000000000000000002C0040
:1055B0000004B00000002E000001E20000002E00F8
:1055C000DFFFFFFFF1014E11D4121111F14FFFFA6D
:1055D000D30C7000F1002E00721E200081002E00FE
:1055E000116D111110002E04FFFFFFFFF5002E7B3F
:1055F00002E200B70027CFC609A000E3005C9E00CE
:105600001E7005D000002E0007EA2D6000002E005D
:10561000001AFE0000002E00001BDDC300014E003A
:1056200049EA119E600DE900C8300005B000000095
:1056300000000000000038000066000000005B0071
:1056400001E6000000005B0009FFFFF500016C119E
:10565000AE300A80003FFFF9EEEEEFEE10005B0087
:105660008903E01F10005B007903E01F10005B005E
:105670007903D01F10005DA57904C01F102AEE9297
:105680007906B02F10299B0AFFFFFFFFF3005B0094
:10569000001ED50000005B0000B93E2000005B004A
:1056A0000AC006C100027B05DA00008E600BE63CF2
:1056B00050000004C200000000000000000039009B
:1056C0000000000000004B00AFFFFFFFB0004B00E8
:1056D000A7000005B0016C10A7000005B04FFFF84F
:1056E000AFFFFFFFB0004B00A7006B0000004B00B6
:1056F000A7005B0000004C44AFFFFFFFF416BFC5DE
:10570000B5006B00005CAB00D3005B0000004B00F9
:10571000E5FFFFFFC0004B03E4C00004C0004B07DF
:10572000B3B00004C0004B0C73B00004C0016B4E5A
:1057300013FEEEEEC00DE61503900002800000009F
:1057400000000000000048000013468B30006B0092
:10575000DDCB975200006B001204700320017B1018
:105760006A03C00C606FFFF61E10E13C00006B0086
:10577000071030B500006B04FFFFFFFFF1006B0462
:10578000B0000000E1006DA970000000914BED71C8
:105790007FFFFFFD00378B00097000A700006B0042
:1057A00002E205D100006B00006D7E2000006B005E
:1057B000003DF90000017A026BE74CD7300ED609A4
:1057C000A6100059D10000000000000000005700A2
:1057D0000006300000006A000006C00000006A00F9
:1057E000DFFFFFFFC0017A1004400072005FFFF48A
:1057F00005C002E100006A0000A30B6000006A0619
:10580000FFFFFFFFF3006A10000B100000019EE392
:10581000006C0000006EEC39FFFFFFFFF6236A000A
:1058200008B000E300006A002E4005D000006A00C6
:105830003BEA5E5000006A00002CFE400001890136
:1058400037CD68EB200DD509C95000199000000034
:1058500000000000000048000004800000005B0021
:105860000001E20000005B02FFFFFFFFF3016B128B
:10587000E0000000D34FFFF8E0480630C3005B00B3
:1058800001D505E300005B001C90006D20005B006B
:10589000CA000008A0005CA541000001103AED71AB
:1058A0005FFFFFFF40498B000003F00000005B003A
:1058B0000003F00000005B000003F00000005B004C
:1058C0000003F00000017A0AFFFFFFFFF60EE6007A
:1058D000111111111000000000000000000037003D
:1058E0000000000000005B007EDDDDDF20005B00CB
:1058F0007900000F205FFFF77ECCCCCF20016B102A
:105900007900000F20005B007EDDDDDF20005B0002
:105910000000000000005B000000000000005C9838
:10592000FFFFFFFFF03AEE820103D00000498B0039
:105930003D03D00000005B007A03FFFF30005B00F6
:10594000CE23D00000005B08C2D9D00000017A4EFF
:105950002029DFFFF50EE602000000111000000014
:1059600000000000000069000000000000007A0054
:1059700009EDDDE300007A00096000D3003FFFF28B
:1059800009EDDDE300018A100000000000007A0349
:10599000DDDA3DDDB0007A03A02B4A02C0007A6454
:1059A000A02B4A02C003BFC5EDDB4EDDC05FEA009D
:1059B0000004C00000287A000004C00000007A073C
:1059C000FFFFFFFFF3007A00009EED3000007A0039
:1059D0002BA5C4D50000792AE704C03CC20AE5180B
:1059E0001004C00060000000000000000000000083
:1059F0000004400000022222200A7000000BFFFF7A
:105A0000D00D400000000004D03F31111000000410
:105A1000D08FFFFFF3000004D1EA003E0008FFFF33
:105A2000D9BE007B0008A2223D2B40B700089000A1
:105A30000007A2E2000890000001E9B00008900011
:105A40000000AF5000089005A000AF300009B8EE8C
:105A50008007EBD1000DFC60008E50CC2009400087
:105A60001CE5001CE3000000092000007000056038
:105A70000004A000000005D00008A000000000A164
:105A8000000C7000004FFFFFFB1FFFFFF5017B11B3
:105A9000116E213F30006B0000CF304D00006FFFD2
:105AA000F6EB607A00006B12FA8590A700007A018D
:105AB000F101E1E300007901F000BAC000009702B3
:105AC000E0007F700000C503E0006F400001E103CB
:105AD000D002EEC00007B005C01CB1D8001E5008AF
:105AE000A4DC104EA05A05FE5C800003C300000039
:105AF000000000000000049000076000000005C0E6
:105B0000000C5000000005C0000E1000000116C17E
:105B1000114FFFFFF54FFFFFFA9A223F300005C0FB
:105B200001EC004E000005C008DE007B000116C13C
:105B30003E4D30A70009FFFFF40981E30009700121
:105B4000F005E6C000097001F000DE600009700198
:105B5000F0009E1000097112F005EE900009FFFFA1
:105B6000F16E53E8000970004CD4004EC2010000F1
:105B7000381000019100055000009400000005D08D
:105B80000000E200000111C41103E000001FFFFF4C
:105B9000FF37FFFFF3003302300B611D5000C503D8
:105BA000D12E301E1005D000898F704C001E40078A
:105BB0006AE9B07900177A0E3051E1C500000CCCCB
:105BC0000000A8E0000001E900005F80000007DE9F
:105BD00040004F6000003E37D001DCE20004E700E7
:105BE000B32CA0AC102E700006EA001CD2020000FC
:105BF00006600000800220B2050090000003C0D3C0
:105C00008903E000000091D39006C000003EEEFE44
:105C1000EE79A11110000AFD300DFFFFF2008CD6C5
:105C2000D73F702E001AD1D3289CB05B001A107198
:105C300001E3E188000007900060B5C4000DFFFF9C
:105C4000FB007CD000007A00B6001E800001E9064F
:105C5000D0003E9000003ADE3001D9E4000008ECAC
:105C6000C12CA06D3018DB1055EA0008E3072000B6
:105C7000056000005002100A100000178009670D2F
:105C800027227BEC60096A3D2D0DA5100009666D89
:105C9000780D30000009611D410D300000098FFFB3
:105CA000FF7D41111009604F600DFFFFF50960AFE6
:105CB000D20D306A000963CD6C0E206A00096C5D5C
:105CC000292F106A0009AA0D201F006A0009610D22
:105CD000202E006A00096006105C006A0009FFFFC0
:105CE000FFA9006A0000111111D4006A0000000031
:105CF000008000580000048000000005000001E260
:105D000000047AED500FFFFFFF3E85200000A10147
:105D1000B02E00000000A505B02E00000000550ABE
:105D2000602E0000003FFFFFFF6FFFFFF40000E167
:105D3000002E1199100000E2003D0098003FFFFF87
:105D4000FF5C0098000040E2405B00980004C0E265
:105D5000C36A0098000C40E15AA70098000500E1D2
:105D600003E2009800003EC006A00098000000007A
:105D7000001000660002FFFFFFFFFFFF400022222D
:105D80002D622222000000000E3000000000000002
:105D90000F200000000000001F100000002FFFFF78
:105DA000FFFFFFFFF30222228BC722222000000008
:105DB000B6C6000000000002E2C600000000000AB3
:105DC000A0C600000000004F30C60000710004E7CC
:105DD00000C60000D4007E9000C80002E22DE6005C
:105DE000007FFFFFB006100000012222000000002B
:105DF0000000007400001111000000B6000AFFFF4F
:105E0000400000B6000A600C422222C8210A600C41
:105E10004EFFFFFFF50A600C400000B6000A700C50
:105E2000402000B6000AFFFF42E200B6000A600C04
:105E3000409B00B6000A600C401D50B6000A600C82
:105E40004006C0B6000A711C400010B6000AFFFFF1
:105E5000400000B6000A6000000000B60004200008
:105E6000000323D500000000000BEEB100003EEE61
:105E7000EEEEEEE400003D00000000D400003D0026
:105E8000000000D400003EEEEEEEEEE400003D0027
:105E9000000000D400003D00000000D400003EEEF1
:105EA000EEEEEEE400000002400410000000710578
:105EB000B00D401900008905B00D40A900000D3556
:105EC000B00D45D000000665B00D4A200002222624
:105ED000C22D5222205FFFFFFFFFFFFFF5002ECCF7
:105EE000CCCCCCE300002E00000000E300002ECC60
:105EF000CCCCCCE300002E00000000E300002CCC52
:105F0000CCCCCCC30000000000000000003FFFFF2D
:105F1000FFFFFFFFF200A600A70000000000AEDDBB
:105F2000E7DFFFFF7000A600A71E200D2000AEDDFA
:105F3000E708B08A0000A600A700DAD10004CBACC5
:105F4000EE408F90002EC975B74BC5CC60000000A5
:105F500097A60006B1000000B30000000000000496
:105F6000E0000000000FFFFFFFFFFFFFF001113F07
:105F7000411111111000007D00000000000000D848
:105F800011111110000007FFFFFFFFF200003EF3A8
:105F9000000000F20001D9D4000000F2001DA0DFD3
:105FA000FFFFFFF2000300D3000000F2000000DF5B
:105FB000FFFFFFF2000000D4000001F2000000D358
:105FC000000000F2000000D3000112F1000000D335
:105FD0000007EEA000000000000000000000C40068
:105FE000C40000000000C400C40AFFFFC000C400D9
:105FF000C50A6115C02FFFFFFF7A5004C000C4001E
:10600000C40A6005C000CEEEE40AFFFFC000C40071
:10601000C40A5004C000C400C40B5004C000CEEE3B
:10602000F40B6115C000C400C40CFFFFC000C40025
:10603000C50D3004C06FFFFFFF7E1004C0003604A2
:10604000202E0004C000C706C05B0004C008D000BA
:10605000B7B70127C01C200022C104ED600000007A
:1060600000000000000000000770000000000000B9
:106070000990000000000000099000000000DFFF10
:10608000FFFFFFFE000022222AA2222200000000C1
:10609000099000000000000009900000000FFFFFC1
:1060A000FFFFFFFFF0022222AFFA222220000004AD
:1060B000ECBE40000000003E4994E300000004E60E
:1060C00009906E4000007E70099007E7002CE50003
:1060D0000990006EC20920000990000290000000A3
:1060E00008700000000000000770000000000000C1
:1060F0000990000000000000099000000002333306
:106100003AA33333300EFFFFFFFFFFFFE00000052F
:10611000C99D40000000000D5997C0000000007D9F
:106120000990D600000002E409905E2000001D9056
:1061300009900AC10001CB00099000CC202DC7FFB7
:10614000FFFFFF6CE20701333AA333106000000049
:10615000099000000000000009900000000000000D
:10616000077000000000068000000000000007909B
:1061700000FFFFF40000079000F322D4000228A2E1
:1061800020F100C4002FFFFFF0F100C400000C90CC
:1061900000F100C400002FA000F100C400007EF553
:1061A00000F100C40000CABD31F000C40004B7967D
:1061B000D3E000C4000B679044C000C4005D0790AA
:1061C00008A000C4112407900C5000C44900079097
:1061D0003E0000C449000790C80000C6780007923E
:1061E000C000007ED3000000000000000000076037
:1061F0000000000000000980022222221000098015
:106200003FFFFFFFC001199118800007A03FFFFF6B
:10621000A5B0000B70001E8002E0000E30006FE39E
:1062200000D4004D0000BDBD209800990001D98721
:10623000C03E12E200089980A00B7AB0001E39809F
:106240000004EE20008B09800001EC000022098090
:10625000001CBD900000098003DB03E900000980F9
:106260009E90003DC200076073000001A100000085
:10627000077000000000000009800000000BFFFF15
:10628000FFFFFFFFC00122222A92222210000000FD
:10629000098000000000AFFFFFFFFFFB0000A71117
:1062A0001A91117B0000A7000980007B0000A70065
:1062B0000990007B0000AFFFFFFFFFFB0000000024
:1062C000BFEB00000000001BAA9AB100000003D938
:1062D00009809D4000029E70098007EA301EA200DE
:1062E0000980002AE2010000077000001000094048
:1062F0000010013000000C50008B05C000000C5055
:1063000000C701F100011C6101F200C7003FFFFF5F
:1063100056D0006D00001E500D70100D70005FC053
:106320007E15E006E100AED87509B0008000DC6E95
:10633000200E600000068C58303E1000000D3C50CE
:10634000009A01D1005B0C5001E300A800020C5040
:1063500007C0003E10000C501EA79BCF60000C50E1
:106360005FDB9758C0000A400100000120007FFF5A
:10637000FFFFFFF800007B00099000B800007B00E1
:10638000099000B800007FFFFFFFFFF800007B00CE
:10639000099000B800007B00099000B800007FFF62
:1063A000FFFFFFF80000000009900000000FFFFF52
:1063B000FFFFFFFFF0011113DEDE41111000002D81
:1063C0007996E400000006E709905E800005DE5043
:1063D000099003DE702EA10009900008D100000092
:1063E0000770000000000660000000000000097057
:1063F00000000000001FFFFFFB0FFFFF80011E4198
:106400007A0F100980003E00790F100980008B0080
:10641000970F10098002E400C50FFFFF802D709FC9
:10642000C64111110002000009800000000FFFFFAB
:10643000FFFFFFFFC0011112DEEC11110000001C74
:10644000899AA000000003D80980AC3000019E802A
:10645000098009E9202EC4000980004CE1030000F6
:10646000077000001000000008700000000000002D
:1064700009800000001FFFFFFFFFFFFFF100000683
:10648000EBBE50000000004E6987E400000003E806
:1064900009808E4000007E80098008E8102CE5000D
:1064A0000330004DE20717EDDDDDDE60500007A090
:1064B00000000B60000007ECCCCCCE60000007A011
:1064C00000000B60000007ECCCCCCE6000000000A8
:1064D00000000000000CFFFFFFFFFFFFD0011111C3
:1064E00011111111100007400000000000000B60A6
:1064F0000111111100000B6008FFFFFF60011C710A
:1065000000000000003FFFFF7000000000002F604F
:106510000111111110007FD13FFFFFFFF400CEBB2E
:106520000000C5000002CB6B6000C50000097B6263
:1065300015B0C55B003E1B600970C51E20670B606F
:106540000E20C50A80000B607C00C505C0000B60F2
:10655000E400C501E2000B603023D50040000B6071
:1065600000AEC100000000000000000000000A2092
:10657000001A100000000E20000F2C5000000E200A
:10658000000F23E300011E41000E2065100FFFFEE7
:10659000146ECEED40002F306DAD830000007FA063
:1065A000000A70001000CFC50009B8BEC002CE5D61
:1065B0004ADFE96310087E233744E006C01E1E2030
:1065C0000000E34E30390E200000ABE500000E2045
:1065D0000000AF4061000E20006DBE50A3000E21F0
:1065E0008ED507D4D1000E208400008E90000A20A2
:1065F0000006600000000D200003E10000000D20F7
:106600001111B51110011E419FFFFFFFF20FFFFF97
:106610000041015000004F3002E302D500008FA07E
:106620000B80003E3000CED3AD600078D001BD6B52
:1066300062E203E140076D28009909A0000D1D20CA
:10664000002E6E3000590D200007F90000120D20B9
:10665000000AEC2000000D2001BC2AE500000D20FE
:106660007EA0008EC2000B209400000280000B0070
:106670000520000910001F1009A0004E00001F1087
:1066800002E200A800012F2101A413E3101FFFFB69
:106690009FFFFFFFC0003F100000F20000008FA02E
:1066A0000000F2000000CFB51FFFFFFF4002CF4CFB
:1066B0000111F41100087F120000F200001E2F10DB
:1066C0001112F41110591F13FFFFFFFFF2021F10E8
:1066D0000000F20000001F100000F20000001F1078
:1066E0000000F20000000C000000C20000000940A1
:1066F0000000000000000B501FFFFFFF00000B50C8
:106700001F00002F00011B612F00002F003FFFFF23
:106710005FFFFFFF00001E601F10002F00006FD101
:106720001F00002F0000BD9B2FFFFFFF0002BB5A80
:106730002F14D00110096B501F00D31BA03E1B501B
:106740001F009ADA00270B501F002E8000000B500C
:106750001F0009C000000B502F2590CB10000B50DC
:106760005FFC802CE20009403720000060001A0026
:106770000003900000002E00000AD00000002E0050
:10678000004EC80000013E1101D51D60003FFFF919
:106790000C9003E700005E01BB10004E9000AF6C50
:1067A000A8FFFFD2D300EEC3000000000003CE78A4
:1067B0002205500730097E026904A00E102D2E001C
:1067C0001D02D05A00472E000D20E0C300002E000D
:1067D000062014B000002E0000000B5000002E0711
:1067E000FFFFFFFFF0001B000000000000003E0064
:1067F0000092039000003E0000D304D000003E034E
:10680000FFFFFFFFF1014E1000B303B0003FFFF8A0
:106810007DDDDDDD30005E108800000D40009E90C3
:106820008EDDDDDE4000DEB28800000D4003DE6854
:106830008800000D40098E167DDEEDDD302E4E0005
:106840000006B00000483E08FFFFFFFFF1003E00D9
:10685000003E7C1000003E0003D809B100003E0558
:10686000AE70009E91002B077200000290000000A5
:1068700009400000000520001F4000000009E7005B
:106880005E00000000004E709FFFFFFFA00002109E
:10689000E622222B80000006D00D500E3000001D95
:1068A000700E505D00000019000E6076000005803B
:1068B000002F900000000D70006EE00000008D00C1
:1068C00000BAC5000002E50004F36D00000CB00042
:1068D0002D900C90001B2003DB0003E90000007EDC
:1068E000A000004ED20000850000000170000000F2
:1068F00000B200000000000000F3000000000000F3
:1069000000F300000000000000F3000000000E3063
:1069100000F3000000000F3000F3000000000F3013
:1069200000FFFFFF70000F3000F5333310000F3011
:1069300000F3000000000F3000F3000000000F30F3
:1069400000F3000000000F3000F3000000000F30E3
:1069500000F3000000022F5222F52222203FFFFF09
:10696000FFFFFFFFF2012222222222221008FFFF56
:10697000FFFFFFFFA000000003F000000000000088
:1069800003F000000000030003F0000000000F30DF
:1069900003F0000000000F3003FFFFFF00000F3086
:1069A00003F2222200000F3003F0000000000F303D
:1069B00003F0000000000F3003F0000000000F3073
:1069C00003F0000000022F5225F22222202FFFFFA9
:1069D000FFFFFFFFF300000005A0000000000440DF
:1069E00006C000000000098006FFFFF700000980D4
:1069F00006C111100000098006C00000000FFFFF53
:106A0000FFFFFFFFE002222229B22222200000B76E
:106A100008A00085000006E108A004E300004E5035
:106A200008A00D800004E70008A1CD00000160006F
:106A300006BDB100000000003AEA00000000026B51
:106A4000FB400000000AEFEA30000000000762008F
:106A500000000000000000186000000000005AEB79
:106A6000605FFFF00001F510005A00F00001F00037
:106A7000007900F00001FFFF90B700F00001F11174
:106A800004E200E20001F0000E8000AEE301F1112B
:106A9000040000000001FFFF97FFFFFE0001F0006F
:106AA00000B3007A0001F000105B00D50016FACEAA
:106AB000D00C68B0005DF8520002EE200001F0003A
:106AC000001AEE910001F00039EB12CE9101800026
:106AD00049300004800000A300000000000005E22F
:106AE0001111111100000DFFFFFFFFFFB0006D003D
:106AF000000000000002E50000000000001D97FFFC
:106B0000FFFFFFF300070980681000F200000A6031
:106B100019D300F100011C50007801F2104FFFFF63
:106B2000FFFFFFFFF5001F10B50002E000003E0070
:106B30003C9003E000006C0001B505D000008FFF21
:106B4000FFFFFFFFB000000000000A80000000000F
:106B5000001DEC2000000000076054000000000051
:106B600009805DA100000000098001A6000EFFFF62
:106B7000FFFFFFFFF00222222AB222222000820021
:106B800009E1002B10008D1009F700CA00000AB0BF
:106B900009DD0BC0000001D3099CCC1000000010DF
:106BA0005E84F3000000002BDC80AC00000008EAEB
:106BB00019801DB00005DD50098002DC201E910007
:106BC0000980002CE30100133B8000005000003ED0
:106BD000EC20000000025000000000018004DB2DCA
:106BE000DDDD5231C0000A4E00085491C000000E95
:106BF00009085491C000000E0D085491C02D500E8C
:106C00000D085491C006E90E0D085491C000240EE1
:106C10000D085491C000000E0D085491C000010EE3
:106C20000D085491C0003D0E0D085491C000890E0E
:106C30001D085491C000D40059200011C004D00098
:106C4000C4C40001C00B801B802D2002C008208618
:106C5000000561EE8000000000000000000150000F
:106C60001004A0011003DB12E205C008B0001B9065
:106C70009A05C01E300000002E15C09900000000CB
:106C80000305C011002D6000EFFFFFFF4004DB0093
:106C9000E522222D40001700E300000C4000000018
:106CA000EFFFFFFF40000430E400000C40000B70D9
:106CB000E300000C40002E10EFFFFFFF40009A00A1
:106CC000E400000C4001E300E300000C4008C000B9
:106CD000E300011D40064000E3000EEC1000000040
:106CE0001000000000025000000730000004DB101C
:106CF000000B500000001B3CEEEEEEEE80000000AA
:106D0000000B500000000006DDDEEDDD202B200032
:106D1000000B5000001AE57EEEEEEEEEE200790088
:106D20000000000000000003EEEEEEEC00000303A4
:106D3000D000004C00000D43EDDDDDEC00005D03F4
:106D4000D000004C0000C603EDDDDDEC0005E103E2
:106D5000D000004C000B8003D000005C0002200338
:106D6000D0003EE7000000000000000000005000DE
:106D7000000000000002CD40FFFFFFFB000008D034
:106D8000F100006B00000010F100006B000000003B
:106D9000FEEEEEEB001A6000F100006B0002AD00A9
:106DA000FFFFFFFB000003000000000000000000E8
:106DB0000000000000000338FFFFFFFF40000A88CA
:106DC00080D0580C40003E1880D0580C4000B808C5
:106DD00080D0580C4005E10880D0580C400B70DF83
:106DE000FFFFFFFFF50000111111111110015000FC
:106DF000000000000003DB18FFFFFFFFF3001A781C
:106E000091117511100000088000D50000000008E5
:106E100086DDFEDD802D300887800007900AE509B9
:106E2000878000079000690A77EDDDDE9000000B97
:106E3000778000079000040C57EDDDDE90001E2DDA
:106E40003000970000006B2E02C0972D0000C65C3A
:106E50000990970B8004E0B83E109704E10B83E1A2
:106E60007700970092072480005FD40000000000A4
:106E700000000000000000000850000000000000BA
:106E80000A700000000000000AFFFFFF8000000001
:106E90000A822222100000000A70000000005FFF3A
:106EA000FFFFFFF500005C22222222D500005B00DC
:106EB000000000C500005B00000000C500005C1180
:106EC000111111C500005FFFFFFFFFF5000000007A
:106ED0000000000000006A04501A00A70000D50658
:106EE000B00C503E300AB004D007B008B019100200
:106EF000800270018000006500910000000000E544
:106F000000C70000000008D0007C000000003EFF29
:106F1000FFFFFFFFB002DF2000880000003E8FEE81
:106F2000EEEEEEEA00070F200088000000000F20C0
:106F30000088000000000FEEEEEEEEEC00000F20E7
:106F40000088000000000FFFFFFFFFFF80000A2005
:106F50000000001100008A05701C10A90000E40563
:106F6000B00C602E4009B004D007A007C008200272
:106F70007003600191000000000000000007FFFFA7
:106F80004FFFFFFFB007900E20098007A007900E6B
:106F9000200D40088007900E20AC000B6007FFFF1B
:106FA0006CC10BEC2007900E340000000007900E1F
:106FB0002AFFFFFF4007900E2A60000C4007911E39
:106FC0002A60000C4007FFFF2AFFFFFF40068000F9
:106FD0000000000100008A05600C209A0001E40610
:106FE000B00B701E500AA004C006B007C01A1002F1
:106FF00080028001A100057000650000000556A018
:1070000000C50000000966A002E10000000B67A2B5
:1070100007FFFFFFF20DFFFF5D55B1D4F22E06A072
:107020006C0961E1F16A06A1E40E15A1F00206A067
:10703000406A0972E00006C980C50E23D015AEE88B
:1070400026D04C04C04E99A02E40A705B00006A043
:10705000B903E107A00006A0100B7009800006A08C
:10706000006D000B600006A005E3124E200006A094
:1070700008503FE90000001000000000000000C1BF
:1070800000067010000000F1000890D5000700F124
:107090000008904E100B90F1000890096001E5F196
:1070A00000089000000066F6FFFFFFFFF30000F20B
:1070B000222BD222200001F1000DF10000000BF183
:1070C000000ED5000000BCF1005E6B00001CB1F1A9
:1070D00000991E20003C10F102E30990000000F12D
:1070E0000AB002E4000000F16E20008D200000F7DD
:1070F000E600000BE30000B560000000711FFFFF19
:107100003FFFFFFF10011E411F10002F10000E2037
:107110001F01801F10000E201F01E01F10000E2015
:107120001F01E01F100DFFFC1F01E01F10011E4199
:107130001F02D01F10000E201F04C01F10000E20C1
:107140001B07B01B10000E20000CEA0000001EBE42
:10715000505E8A00302BED8301E86A00B3172000EF
:107160002DA06A00D1000005E9003DDDA00000016E
:1071700050000000003FFFFA7FFFFFFFA0015D11FC
:107180007900E207A0004C007900E106A0004C0065
:107190007EEEFEEEA0004C007900E106A01FFFF796
:1071A0007900E106A0015D107900E107A0004C0024
:1071B0007FFFFFFFA0004C000000F30000004C0028
:1071C0000111F31110004D45AFFFFFFFD016DFD7BF
:1071D0000000F300004B72000000F3000000000DFF
:1071E000FFFFFFFFF7000001111111111000014016
:1071F00006700000000007C00890000000000C802E
:107200000890000000002F5229A2222200008FFFC8
:10721000FFFFFFFF6001E50008900000000AC000CA
:1072200008900000000820000890000000000222E2
:1072300029A2222100005FFFFFFFFFFC00000000E9
:10724000089000000000000008900000000000000E
:10725000089000000000000008900000001FFFFFE1
:10726000FFFFFFFFF20222222222222220008FFFB4
:10727000FFFFFFFF20008A2229B2222F2000890071
:1072800007A0000F2000890007A0000F20008FFF3B
:10729000FFFFFFFF20008A2228B2222F2000890052
:1072A00007A0000F2000980007A0000F2000AFFFEC
:1072B000FFFFFFFF2000B62228B2222F2000D200BD
:1072C00007A0000F2003E00007A0000F2007B00078
:1072D00007A0000F201E600007A0112F203C000017
:1072E0000790AEEA0000000000000000000000006F
:1072F00007600000000000000A8000000000222259
:107300002A9222220003FFFFFFFFFFFF4003E0005D
:107310000A80000E4003E0000A80000E4003FFFFD9
:10732000FFFFFFFF4003E1111A91111E4003E0002F
:107330000A80000E4003E0000A80000E4003FFFFB9
:10734000FFFFFFFF4003E2222A92222E400010009E
:107350000A800000000000000A8000000000000019
:107360000A8000000000000008700000000000001B
:1073700008500000000000000B70000000002222F6
:107380002C8222220000EFFFFFFFFFFC0000E30041
:107390000B70005C0000E3000B70005C0000EFFF6E
:1073A000FFFFFFFC0000E5111B81117C0000E300E2
:1073B0000B70005C0000E3000B70005C0000EFFF4E
:1073C000FFFFFFFC0000E5222C822222500020005B
:1073D0000B700000D40000000AA00003F2000000BF
:1073E00005EFFFFFA000000000133332000000098A
:1073F000200280000001F10E3008B0000001F10E03
:10740000300D81111001F10E302FFFFFF101F10E4F
:10741000309A00000001F10E34E269000001F10E23
:107420004C6009D20000900E3000007D1000000179
:107430000000000000006FFFFFFFFFF800006A037C
:10744000E00D309800006A02E00D308800006A020A
:10745000E00D308800006A02E00D3088003FFFFF39
:10746000FFFFFFFFF40111111111111110007FFF37
:10747000FFFFFFF500007B22222222D500007A00C8
:10748000000000C500007A00000000C500007FFF7A
:10749000FFFFFFF500007B22222222D500007A00A8
:1074A000000000C500007A00000000C500007FFF5A
:1074B000FFFFFFF500007B22222222D500007A0088
:1074C000000000C500007A00000000C500007FFF3A
:1074D000FFFFFFF500007B22222222D5000046009C
:1074E000000000730000077000000000000008802A
:1074F00006FFFFFFC000088006B22227C0166BB649
:1075000056B00006C02BBEDBA6B00006C0000E8041
:1075100006FFFFFFC0004FC006B11116C0009DE975
:1075200006B00006C001D99C76B00006C00798825C
:1075300096FFFFFFC01E288006B11117C06A0880A1
:1075400006B00006C013088006B00006C000088020
:1075500006B11116C000088006FFFFFFC0000880BA
:107560000590000490000000112356950000DEED08
:10757000EEBA975300000000A90000000000CEEE14
:10758000EEEEEEEE10000004E00000000000000847
:10759000B0000000000FFFFFFFFFFFFFF00000AB97
:1075A00000000000000007FEEEEEEEE700006EE4D3
:1075B000000000A7001AD3CDCCCCCCE7002B10C420
:1075C000000000A7000000CDCCCCCCE7000000C438
:1075D000000000A7000000CEEEEEEEE700000093F2
:1075E0000000008500006500000000000000C700EA
:1075F000000111110001E511113FFFFF7005FFFFB0
:10760000FB3D000A700D80E3003D000A704E10E360
:10761000003D000A700100E3003D000A704FFFFFCB
:10762000FF7D000A700223F3224D000A700003F26E
:10763000003D000A700007ED103D000A70000C5A72
:10764000B03D000A70006D00D93E111A7002E600CC
:107650003C4FFFFF702DA000003D000A70070000A6
:107660000014000110009300000000000000E20080
:1076700004FFFFFFD003F21114E222222006FFFFD5
:10768000B4D00000000C74D004D00000002E14D040
:1076900004FFFFFF200204D004E2222E200FFFFF90
:1076A000F7D0000E200227B224D0000E2000089050
:1076B00004E1111E20000BC104FFFFFF20001EABE0
:1076C00004D0000000007B0B94D000000002E40115
:1076D000B5D00000002D700004FFFFFFF30600008E
:1076E000002222222000000000470000001FFFFFB0
:1076F00040B8000000015C1103FFFFE300008900B7
:107700000A9007C00000B5005E202E300000E102A4
:10771000EFFFFFFFC006FFFD9D30A504C00DE14B4C
:107720000D30A504C04EE03B0DEEEEEEC029E03B6F
:107730000E20A504C001E03B0E30A605C001E03BD1
:107740001FFFFFFFC001E04B3D00A504C001FFFB90
:107750007900A504C001E001D400A505C0003005F2
:10776000900053DE700000000000000000001222B4
:107770002222222100009FFFFFFFFFF900000000EE
:1077800000000000000000000000000000022222B3
:1077900022222222200FFFFFFFFFFFFFF000000048
:1077A00009A000000000011009A00000000009B0BD
:1077B00009A00C8000002E4009A004E200009B00FC
:1077C00009A000AB0006E30009A0002F302E6000E6
:1077D00009A0000BA00400133B9000033000003E02
:1077E000EC4000000000000120000000000036BE58
:1077F000B0222222104ECCC303FFFFFF900006A050
:1078000003D00008900006A003D00008903FFFFFBF
:10781000F7D0000890011CC114D0000890002FF68A
:1078200003D2222990008DCD33FFFFFF9001D8A510
:10783000D0000000000996A050020011004E16A0D2
:10784000006C009A001506A000C7002E300006A0AC
:1078500004E10009A00006A01D600003E1000590FE
:1078600018000000710000350001920000048CEA4D
:10787000000AB00000098D4001AFFFFE20000C405F
:107880004D91009900000C40547C39C1003FFFFF2E
:10789000300AFB0000014F6117DE7A2000008FD113
:1078A0009C719C000000DDAA0007FFFFE204AC4BC6
:1078B000109D2007A00B4C404DB5102E304C0C40B5
:1078C0002609D4C800130C4000009F9000000C4013
:1078D0000018E80000000C405AEB200000000A30BD
:1078E000A720000000000044000490000007AEE95B
:1078F0000002E20000086E30DFFFFFFFF3000D30F2
:107900000000000000000D300BDDDDDF002FFFFF69
:107910004B40001F00025F520BDDDDDF00009FC106
:10792000000000000000EEAABFFFFFFFF0079D3639
:10793000B5000001F02E2D30B57CCCA1F0690D30E2
:10794000B58501C1F0120D30B58501C1F0000D30D3
:10795000B57DDDA1F0000D30B5000001F0000B2079
:10796000A400005DA00000000A100000000000005C
:107970000D6000000000000009A0000000012222AC
:10798000266222221006FFFFFFFFFFFF70000000AB
:1079900000000000000001E100001E30000000D5E2
:1079A00000005E000000009900009A000000006DD9
:1079B0000000D6000000002F1002F1000000000EB1
:1079C0004007B0000000000B600C600000022223A2
:1079D000225F4222202FFFFFFFFFFFFFF200460041
:1079E0000000B20000002E103900E20480000930CF
:1079F0004C00E206B03FFFFF7C00E206B00111112F
:107A00004FFFFFFFB00840560000000000076077FE
:107A1000EFFFFFFFF40590951113F3111003B0B3BE
:107A20000004D0000002C0D07FFFFFFFE001D0C003
:107A3000790E0862E00053B5980E0851E0058DFDFF
:107A4000A80E0851E02EA620780E0851E000000094
:107A5000780E0851E0000000680B066EA0002900B7
:107A60000009200000009B00004E10000002EFFF04
:107A7000FCCFFFFFF11D81E20AC03D10001600514E
:107A80000980052000009FFFFFFFFFFB00000000B2
:107A9000099000000000000009900000003FFFFF77
:107AA000FFFFFFFFF400000000005C00000000008A
:107AB00000005D00000BFFFFFFFFFFFFC00002C3DF
:107AC00000005C000000006E40005C00000000054B
:107AD000D0116C000000000000CED70000000100B3
:107AE0000660012000000C80098009C0000002E34C
:107AF00009803E30000111851A915611100CFFFFCC
:107B0000FFFFFFFFD0000004DCED60000000019CDF
:107B10002983AD600005BE80098003BD5007600069
:107B200008700004500000000C600000000EFFFF11
:107B3000FFFFFFFFE0011111ACC911111000000699
:107B4000E43E6000000003AE6004EA300019DFB3D9
:107B500000003BFD92097200000000379000000019
:107B6000000003700000124578ACEFD50002EDCBA9
:107B7000ED75310000000007B1002500000002B8DB
:107B80000008E60000003EEDDEFA100000000423CD
:107B9000AD501B100000007D700007C100017DEAA0
:107BA0009ACDEEEB0001CA8769C2100C7000007319
:107BB00007B04602100007E207B03D9000007E408B
:107BC00007B002DA0008E40007B0001D9000200AA8
:107BD000EE70000110000001210000000000BEEE68
:107BE000EEEEEEED0000B5000980004D0000BEDDB8
:107BF000DEEDDDED0000B5000980004D0000B500B0
:107C00000980004D0000BEEEFEEEEEED0000006CBF
:107C10006006A10000005EFDDEE9240000001314F0
:107C2000B7101AA00000029DBBCDDEEC0003CFFF11
:107C3000FFA1000A300145D408A0860000003DA045
:107C400008A04DB10008E80019A001AD40063006BB
:107C5000ED500006400006500009400000000D6095
:107C6000005E100000004D0000DFFFFE2000B700A6
:107C70000AF6118C0004D02DAD6E13E4001D73B90B
:107C80008208BD70005FDDD10003EE1000011D40D1
:107C9000006E8BD30000A8005CE5008EA208D68A97
:107CA00068177002A23FEB860003AD50000200008F
:107CB0000000049000000026239300000039CEEB62
:107CC000328DD7100039630000004BE8000000003F
:107CD00000000038000004200000850000000C8037
:107CE0000000B60000003E101222C7222000A900AA
:107CF0007FFFFFFFF104D01B2000B600003EA7BBB2
:107D00000000B600003A7CD11FFFFFFFC0002E40EC
:107D1000022222221000C80000000000000AE9BE72
:107D200059FFFFFF603EC9520981111C600100002C
:107D30000970000B600001584970000B603ADFEADF
:107D40003981111C6039630009FFFFFF60000000EA
:107D50000750000840000570003B000000000B8049
:107D600000A9000000002E1002FFFFE200009800B2
:107D70000B8007B00003D11D9D101E20001C84A99C
:107D8000CEFFFFFF604ECDD00E30B40A60001D3034
:107D90000E20B30A6000B6010E20B30A600AEADEC4
:107DA0003EFFFFFF603C85200E3000000000000019
:107DB0000E200000000036AD6E200000B34EEA62D7
:107DC0000D400001E113000007EFFFFF90000000ED
:107DD00000011110000005600003800000000C90FD
:107DE0000002F20000003F200111B61110009A00BD
:107DF0007FFFFFFFF202E22C101D6010000C83AA2F
:107E000000AA00D5004FEEE107D1027E10021D50FE
:107E10009FEEEDBCA000B800349307219009EADD85
:107E200000D30C50002EA63000E20C5000000001E0
:107E300003E00C50000038CD09A00C50A33ED940FF
:107E40007E200C50C303000AE50009FFD0000002A9
:107E500010000000000006400006800000000D40F9
:107E600000079006A0005C002FFFFFCD5000B50179
:107E70000118919C0004C02E000792E4001D86C6E4
:107E800011189AB1102C9CC0EFFFFFFFF5002D20B8
:107E9000000981000000C50103CFFFFF500AECE993
:107EA00099F1000B501EA63010F1000B500000009D
:107EB00000FEEEEE5000037B10F1000B501ADEB70F
:107EC00000F1000B5019510000FFFFFF50000000AF
:107ED00000B10008300007300002B00000000E3092
:107EE0000000C60000006C005FFFFFFFA000B500AF
:107EF0005A000006A003C0885A000006A00B73D1E8
:107F00005FFFFFFFA03B9E705A00000000005C0076
:107F10006EEEEEEED001D3117D90B0B0D00AECE55C
:107F20008C90B0B0D02FC830AA90B0B0D002000171
:107F3000D7EEEEEED00039E6E590B0B0D02DD716F2
:107F4000B490B0B0D014000B6490B0B1D000000673
:107F50001250000A7002FDDDEDDEDDDE4002F006AB
:107F6000A00A600D4002FDDDEDDEDDDE4000000018
:107F70000C600000000DEEEEEEEEEEEEA000000054
:107F80001E00000000000BCCCECCCCB000000E20B8
:107F9000000003D000000EBBBBBBBCD000000E2015
:107FA000000003D000000EBBBBBBBCD000000EBA6B
:107FB000AAAAABD000000E20000003D0001DDFDD18
:107FC000DDDDDDEDD10000004B0000000000000011
:107FD0005C00003D10007FFFFFFFF7D400000000B1
:107FE0005C003D40000000005C04E500000DFFFF68
:107FF000FFFFFFFFF00000003CC200000000000691
:10800000EB100000000003BFFEEEEEE70003BF9C94
:1080100070000000002FB31E200000000003007F4E
:10802000FFFFFFA00000000000000A700000000039
:1080300000000D500000000001004E100000000084
:108040000DFFE700000000000000000000000570C8
:10805000000000370000079000004AE8100FFFFF03
:10806000B38DF810000008900883E200000007902C
:108070000000E200000AFFFF7002E89B90000790FA
:1080800007EFFB85200008900341E200003FFFFF5F
:10809000F100E20000002EE30002E9ACE400ADDDF7
:1080A0001CEEFB852004D89AA430E200001D5791F5
:1080B0008000E200413907900000E200960007903E
:1080C0000000E400B400079000009EFFC000011013
:1080D0000000000000000930002B000000004E17D7
:1080E000202F00160000C607B02F39EE3008D33518
:1080F000E42FFC71000DEDCABB2F30000001000021
:10810000142F0000B206FFFFF41F2112E106A000A9
:10811000D40AEFFE9006A000D41700000006EEEE91
:10812000E42F00051006A000D42F05CC4006EEEE8B
:10813000E42FDA500006A000D42F10002006A00083
:10814000D42F0000A506A011D42F2001D306A08EA5
:10815000C10BEFFEB00010000000000000000000A6
:1081600008500000000000000E4000000000022245
:108170005E22222100006FFFFFFFFFF900006C006C
:108180000000009900006C000000009900006FFFE3
:10819000FFFFFFF900006C22222222A900006C00E0
:1081A0000000009900006C000000009900006FFFC3
:1081B000FFFFFFF900006C11111111A900006C0004
:1081C0000000009900006C11111111A900006FFF4F
:1081D000FFFFFFF900005A00000000770000005880
:1081E000000084000001118B1111C711101FFFFF47
:1081F000FFFFFFFFF100007B0000B60000004024FD
:108200000000420000009D606FFFFFFE000003D3EE
:108210006C22225E000200006B00003E000CC300D6
:108220006B00003E00008E406B00115D00000222DA
:108230006B00BED8000001C76B00000000001C905E
:108240006B000000C301CB005D000002E208C0002B
:108250001DFFFFFFA00110000012222100000037C7
:10826000000083000001115C1111D511100FFFFFF8
:10827000FFFFFFFFF000004A0000A30000003EEEF9
:10828000EEEEEEE400003D00000000E400003D00E2
:10829000000000E400003EDDDDDDDDE400003D0027
:1082A000000000E400003EEEEEEEEEF40000000000
:1082B00009800000000111111A811111101FFFFF28
:1082C000FFFFFFFFF2000000098000000000000037
:1082D0000980000000000000076000000000002A84
:1082E000000093000001114E1111D511100FFFFF76
:1082F000FFFFFFFFF000003E0000D4000000301739
:10830000000181000003E57C0004C5C200004ED2DC
:108310000004C07D1004DDB01115C117201B40E220
:10832000FFFFFFFFF00002E50007F10000002DD77E
:10833000000AE6000006E697001E6C00002D40963D
:10834000009B0C60000000B505E303E3000002E2BF
:108350006E50007E5001EE82D4000006C000000086
:1083600000000000000002B20000000000001D80BC
:108370000FFFFFFFC002DA0002222222102DA0010F
:10838000000000000018009B00000000000004E353
:108390000000000000001D80BFFFFFFFF401CF3090
:1083A000122226D2201DCE30000005C0004C1E3007
:1083B000000005C000000E30000005C000000E30B7
:1083C000000005C000000E30000005C000000E30A7
:1083D000000005C000000E30000227C000000E3073
:1083E000001EED6000000100000000000000000021
:1083F0000760000000000000098000000004FFFF8B
:10840000FFFFFFFF600000000980000000007EEE1B
:10841000EEEEEEEA0000000009800000000000001F
:1084200009800000000EFFFFFFFFFFFFE0000005D6
:10843000E5D400010000009E306D006E30017DF536
:10844000000D78D3002ED5D50004EB10000300D525
:1084500000007E50000000D65AE505EA300003FF18
:10846000C720002AE2000182000000001000000086
:1084700000000000000DFFFFFFFFFFFFD00000071E
:10848000900B500000000007900B50000001FFFF10
:10849000FFFFFFFF3001F007900B500E3001F00797
:1084A000900B500E3001EEEEEEEEEEEE30000003DB
:1084B000E2000000002FFFFFFFFFFFFFF20000AB14
:1084C00000008C10000004E30002E50000000AFE3A
:1084D000A64D900000000015BFFF82000001358C02
:1084E000EA58DFC6000BCA851000038D500000005B
:1084F00000000000000027000000000000001D60D8
:108500000CFFFFFF700004700C60000A700FFFFE8C
:108510002C50830A7001116D0C50C50A700000D6F2
:108520000C50C50A700007D00C50C50A70002EA070
:108530000C50C40A7001CFE60C50D20A701CBE5E0B
:108540003C51F20A701B0E271215FC0210000E207F
:10855000000BCC0000000E20005E5C0084000E20AA
:1085600002E63C0095000E204D803D00C3000E2128
:10857000D6000BDDA0000000000000000000000598
:10858000200840000001700C501E40000002F00C5A
:10859000505FFFFFE002F00C50C736000002F00C05
:1085A00055E12D600002F00C556004E20000000768
:1085B0003000005100000DFFFFFFFFF100000D51E2
:1085C000122113F100000D400A8002F100000D405D
:1085D0000B7002F100000D400D7202F1000004105A
:1085E0009C8900400000004CD289000190048DE776
:1085F000008A0004C0069500004DEFFE6000000CEC
:10860000500000000000007FFFFFF700000004E3BF
:108610000004E20000004E80000D70000004EFFF37
:10862000FFFFFFFF000B8E4114E1114F00000E30E1
:1086300003E0003F00000EFFFFFFFFFF00000F40C0
:1086400004E0004F00001F2003E0003F00002F2047
:1086500004E0004F00003FFFFFFFFFFF00007B0032
:1086600003E0003F0000C70003E0003F0006E10018
:1086700003E0226E0009600000008ED800000000B8
:1086800000000000000022000000A30000007D2088
:108690000000E400000008D20000E40000000082B6
:1086A0000000E400000000000000E40000022210CE
:1086B0003333E633313FFF70FFFFFFFFF5000A70F1
:1086C0000000E40000000A700000E40000000A70EE
:1086D0000000E40000000A700000E40000000A70DE
:1086E0003000E40000000A9CA000E40000000DF847
:1086F0000000E40000005E500000E4000000020002
:108700000000C300000011000000B10000007D1057
:108710000001F20000000AD10001F100000000B3E6
:108720000001F100000000000001F0000002221032
:108730000003F000003FFF900004F20000000890EA
:108740000006F400000008900007F8000000089000
:10875000000ABD0000000890000E4E300000089195
:10876000605D08B0000008CD80C702E300000CE5A2
:1087700008D0007D20003C207E30000BD20000009D
:108780007300000081000000000000000002C20031
:108790001111111110008D20CFFFFFFFF00008A074
:1087A000000098000000000000009800003FFF302B
:1087B0000300980000022E300F20980000000E30B9
:1087C0000F209FFFB0000E300F20992210000E30B6
:1087D0000F20980000000E300F20980000000E3788
:1087E0000F20980000000ECD1F20980000003FC110
:1087F0000F20980000009A05FFFFFFFFF500100012
:1088000011111111100020000000910000009B10B8
:108810000006F40000000BB0002E9D20000001A017
:1088200000C808C1000000001BB000AC20022203F9
:10883000DA00720AE53FFF43600AA00051000C40D5
:1088400004D9003000000C401C400AA000000C407D
:108850000001BB0000000C40006D900980000C413D
:108860001BD4006E10000C8D520008E400001EE5C1
:108870000005CC2000007C2039DD600000000100F4
:108880003A40000000001000034000092001E4000D
:1088900005D0003E10007E3000D50099000008B0E1
:1088A000018612E4100000209FFFFFFFD026661013
:1088B0000000D400004BBE300000D40000000D309A
:1088C0001FFFFFFF50000D300111E51100000D30BA
:1088D0000000D40000000D301111E51110000D3022
:1088E000FFFFFFFFF3000D7D1000D40000000EE538
:1088F0000000D40000006D300000D4000000110022
:108900000000B30000001000000000000002E400BE
:108910002FFFFFFF40006E302E00000D400009A029
:108920002E00000C400001102E00000D404FFF20D3
:108930002FFFFFFF40022F200000000000000F204B
:108940009FFFFFFFB0000F200112F11110000F2058
:108950000003E00000000F22FFFFFFFFF5000F22E1
:10896000111BE81110000F8E103E5E3000003FD347
:1089700003D707D300005B13AE70008E9200000295
:108980009200000290000000000190000001C2006F
:108990000002F00000009D10CEEEFEEEC00009A027
:1089A0000002F000000000106DDDFDDD500222002D
:1089B0000002F000004FFF35EEEEEEEEE5000E3067
:1089C0000000000000000E303EEEEEEF10000E3012
:1089D0003D00001F10000E303ECCCCDF10000E33E7
:1089E0003D00001F10000EAE5EDDDDDF10002FD257
:1089F0003D00001F10007B103D00002F10001000F4
:108A00003D000EEA00000000000000000000100021
:108A10000002A0000001E4000003E00000005E404E
:108A20008FFFFFFF400003600003E0000000000232
:108A3000FFFFFFFFC002220001000008805FFF105F
:108A400008A1630D30000F10616BB50400000F101A
:108A50006D30C50000000F100370D30000000F1729
:108A6000FFFFFFFFF2000F26000AA20000000FCB5D
:108A7000005E3C8000002FB006E601BB00008A03C8
:108A8000BE50000AB10010049100000080002000D8
:108A9000000000000001E600DFFFFFFFB0003E50D5
:108AA000D3116115B0000580D201D004B0000000E0
:108AB000D2BDED94B0022200D201D004B04FFF101D
:108AC000D201D004B0000F10D5DDDDD5B0000F10FD
:108AD000D2000004B0000F10E1ADDD64B0000F1053
:108AE000E0C10674B0000F14D0C10674B0001FBD01
:108AF000A0CDDE74B0004FCB60C10004B000BC2E2E
:108B000010000015B0003139000003EE60000000D5
:108B10000000000000000000000170000008FFFFDE
:108B2000F106A00000087111D10A6000000863A0DE
:108B3000D10EFFFFF20863B0D15C112E100863B0B4
:108B4000D1C7003C000863B0D6FA0069000864B0E1
:108B5000D58E0096000864B0D10A50D2000865A0F6
:108B6000D105C3C000086880D100CC7000021B4151
:108B700020005F2000003D3D1000BEA00001C6089F
:108B8000B009B1C9001CA000D6CC102CC20700004F
:108B90001180000080000000046000000005C40097
:108BA0000C70000000006DB16EEEEEEE90000065FE
:108BB000E309A01E20000016402ED32600027BE60B
:108BC00002D62D60001EA5039D6001AE900000043A
:108BD0007100000250001FFFFFFFFFF400001F3173
:108BE000145111E400001F100A7000E400001F106F
:108BF0000E3000E400001B10AB5930920000002A38
:108C0000D129ED7100058CE9100006CE700A95108F
:108C100000000005500001A000008100000002E0FB
:108C20000004D000001FFFFFFB0AFFFC000002E071
:108C3000003D1087000002E000D502D00009EEFEE2
:108C4000E8CEDDDE700950D096870208700950D05A
:108C500096870E08700950D096870E087009EEFEB0
:108C6000E5871D0870000CFA00873C0870006BEA6D
:108C7000908769087003D3E0C533A513201E52E026
:108C80001005D3D6000502E0017D301BA10001B024
:108C9000078100007100039000000000000004C084
:108CA00002FFFFFFC00005C00000E205C00CFFFF8F
:108CB000F502E006B00004C000079007A00115C14E
:108CC000102E300A802FFFFFFCD709FD300000F086
:108CD00001600000000450F0009FFFFF700780F06B
:108CE0000097000A700880FFF797000A7009C1F02A
:108CF0000097000A700BE7F0009FFFFF700E3DF435
:108D000010000000005B017CEFFEEEEEE4140000BA
:108D1000012222222000093000004A0000000E201B
:108D200000008A00003FFFFFA8FFFFFFB00189118C
:108D30001113F3111000B5700005D0000002E2F02D
:108D40002FFFFFFFF506A1F0022E6222200A72F12A
:108D5000002F1000000EFFFFA05E1111000101F0B6
:108D6000009FFFFF700001F01000008C000369FEFF
:108D7000E20203E2003EB9F2003E8D60000001F025
:108D80000002BE20000001F0000008E4000001B075
:108D900000000064000003A000075000000007B0BE
:108DA000000C6000003FFFFFF90E511110023E322F
:108DB000213FFFFFF3005C00007B0001E00097779C
:108DC00000C60203C000E28703E15B069005C1888C
:108DD00015906B08500BFFFFF8007B000001008727
:108DE00000009E00000000870000CE40000357CE28
:108DF000EA03E7A0003ECACA200B80D30000008728
:108E0000006E107C0000008706E4000CC2000066C3
:108E10000740000191000A200000580000000F10D8
:108E200000006B00002FFFFFA0006B000001891104
:108E300010117B111000B52008FFFFFFD000E1D218
:108E400008705A03D003C0D208705A03D00981D3E6
:108E500008705A03D00DFFFFA8706A04D00100D239
:108E600008FFFFFFD00000D208705A03D00358EE6D
:108E7000B8705A03D02EC9E408705A03D00000D24B
:108E800008716A14D00000D208FFFFFFD00000B1C3
:108E900007600002A0000B200000000000001E0080
:108EA00004EDDDDE303FFFFF84C0000D300299226B
:108EB00014EDDDDE3000C560000000000000E2F0CF
:108EC0003FFFFFFFF304B1F002E0000E200982F142
:108ED00002E0000E200EFFFF72FDDDDF200101F039
:108EE00002E0000E200001F012EDDDDF200369FE3C
:108EF000B2E0000E203EB8F102E0002E200001F0AA
:108F000059EDEEEFE50001F02532100E200001B022
:108F10000000000B100057000000A30000008800B4
:108F20000008EA00003FFFFC008A19C10001D311CC
:108F30000A90006E8100E001CFEEEEEAB303B66165
:108F4000910000000007778000000001500B48816D
:108F50005EEEC273B01FFFFC5902C3A3B0010780CD
:108F60005EEEC3A3B00007825902C3A3B0047CFA2B
:108F70005EDDC3A3B02D9A805902C3A3B000078061
:108F80005902C003B00007805903C003B000066057
:108F9000593E80DE60012000000005800006D200FE
:108FA000000007B000008D10000007B000000A4A62
:108FB000FFFFFFFFE0000001222228B22000000096
:108FC000000007B000011100860007B0003FFF203D
:108FD0004E2007B000000F2008B007B000000F209F
:108FE00001B107B000000F20000007B000000F2003
:108FF000001229A000004F60004EEC400009D6CAC4
:1090000051000012312E2006BFFFFFFFF2010000C9
:109010000011111000000000000000000009A10074
:10902000DFFFFFFF2001AD30122222220000095095
:109030000000000000000000000000000000000E22
:10904000FFFFFFFFF44FFF0222D8222220013F0042
:1090500004E10A4000002F000AA007C000002F0012
:109060002E2000D500002F00A90134AC00002F04F1
:10907000FEFFFEDE50002F01854210079001AFA1D8
:1090800000000000000CB3AE94322335622C1004B3
:109090009CDEEEEDD2000000000000000002300077
:1090A0000012468B4004E4005FECB97410005E20AF
:1090B0005C000000000008405C00000000000000B0
:1090C0005C000000000000006FFFFFFFF32FFF2097
:1090D0007B111E5110022E2089000D3000000E2041
:1090E00097000D3000000E20C6000D3000000E214C
:1090F000F2000D3000000E28C0000D3000007F8807
:1091000050000D30000AD5BC61000012312E20063F
:10911000BEFFFFFFE301000000111110000000007E
:109120000123457A30079000CFECBA751002E700B2
:10913000C500000000005E20C50000000000040023
:10914000C511111100000000CFFFFFFF2001110029
:10915000E400005C003FFE00F3A200C600003E01F8
:10916000F06E57C000003E05D004EE2000003E0A1D
:109170009007EDA000003E3E34CD21CB10006E36AE
:109180000C70001B2009D9D831000012313D102885
:10919000DFFFFFFFE201000000111100000360008B
:1091A000000000000002D80CFFFFFFFFC0003E528D
:1091B0003334F533200006300008C0000000000002
:1091C000002E70000000000000BF6400004FFE0091
:1091D00008ED7CA000025E008E3B61CA00003E1AD2
:1091E000E40B601D90003E2B200B600290003E00BF
:1091F000000B600000003E00000B600000009E407D
:10920000000B6000001CB6DA41000012326D10172E
:10921000DFFFFFFFF50200000122222110013000D4
:10922000026003500004E40004D007A000005E3098
:1092300004D007A000000638FFFFFFFFB0000001C8
:1092400026D228B21000000004D007A0003FFF2063
:1092500004D007A000011F2126D228B220000F2A27
:10926000FFFFFFFFF1000F20098007A000000F2083
:109270000E3007A000000F20BC0007A000007F7286
:10928000C20007A0000AD5BB61000012312E2005E4
:10929000BEFFFFFFE201000000011100000000001E
:1092A00000000000000A9000EFFFFFFF1001CC203B
:1092B0001111111100000B4000000000000000001F
:1092C000000000000000000FFFFFFFFFF14FFF0153
:1092D00016C14E1110013F0006B03E0000002F00E5
:1092E00008903E0000002F000C603E0010002F0090
:1092F0004E103E00D1002F03D7003E11E0002F2E6C
:1093000080000DFE9001BFB300000000000BB29E74
:1093100083211234522C10049CDEEEEDD2000000AA
:109320000000000000024000008400000004E30090
:1093300000E4000000007D0CFFFFFFFFB0000B30D9
:109340000B701100000000003E10F2000000000051
:10935000B800F200004FFE03FFFFFFFF40014E0088
:109360003212F41100002E000000F20000002E0165
:109370001112F41110002E0EFFFFFFFFF0002E005F
:109380000000F20000006E200000F200000AC7D9C1
:1093900041009212324E1017DFFFFFFFF50300006D
:1093A000012222211000000000038000000A60005A
:1093B0001E25C0000004E5006D05C00000006E2001
:1093C000CFFFFFFF80000407C005C00000000001C0
:1093D0002005C0000001110DFFFFFFFFF31FFF017B
:1093E00012F33F1110002F0003E02F0000002F00A8
:1093F00008A02F0010002F002E502F00B3002F04C4
:10940000DA001F21D3002F1E80000CEFC0008FC494
:1094100000000000000AD37EA4322335731C200311
:109420009CEEEEEDD2000000000000000000000005
:109430000000000000086002EEEEEEEF5002D800DF
:10944000047207D700001C50005BEC100000000203
:10945000DDDDEFED90000003E005B007A001110392
:10946000E005B007A04FFF13EDDEEDDEA0000F1307
:10947000E005B007A0000F13EEEEEEEEA0000F1314
:10948000E005B007A0000F13E005B007A0005F5291
:10949000D004A3ED5009C4BB51000012312D1005BA
:1094A000ADEFFFFED301000000000000000000004F
:1094B0000006500000098000000980000001D80D5E
:1094C000FFFFFFFFF1001C300009800000000004D6
:1094D000EEEEEEEE50000004C009800B503FFF346A
:1094E000C009800B50011D34C009800B50000D34A1
:1094F000EEEFFEEE50000D30009EE90000000D3052
:1095000009A988D300000D34CA09804D50001E59A6
:10951000500980034006D8CA51033001211E30058E
:10952000AEFFFFFEE201000000011000000000009D
:109530000013469A1007700ADCBA97420002DB005B
:10954000300B004D00001D70D40A60B60000020010
:109550006B0684C0000000003D000120002FFF02C8
:10956000DEEEEEEE30013F094009700000002F0DE5
:10957000EEEEEEEEE1002F000009700000002F007B
:10958000F009701F10002F00F009701F10002F004D
:10959000FFFFFFFF1000AFA000000000000BB29D16
:1095A00083211234522C10049CDEEEEDD100000019
:1095B000000000000000000000000000001FFFFF8E
:1095C000FF3FFFFFD0000B1D00022225D0000B1D26
:1095D00000000004D00AFFFFFA000004D00A492965
:1095E0004A000004D00A49194A1FFFFFD00A4A095D
:1095F0004A1F3225D00A980CBA1F1002600A910047
:109600004A1F1000000A40004A1F1000000AEDDD4A
:10961000EA1F1000100A40004A1F1000A60A40006E
:109620004A1F1000B50AEEEEEA0F5112E3093000AE
:109630003709EFFEA000135850000000002EDDC8CF
:1096400048FFFFFFC00208705088111D500B38758D
:10965000A00B40AA0003B88C2002DBB000002871E8
:109660000019EF70003FFFFFBAED54DC61001EB03F
:109670002C603506C4005FF800007A000000CC9D25
:1096800066FFFFFF8005B87380118A11001D4870C6
:1096900000007A00004908700FFFFFFFF300087018
:1096A00000007A000000087000007A0000000760E7
:1096B0000000680000000001224568A20000AEFF23
:1096C000FFD986410000000009800000001EEEEE78
:1096D000EEEEEEEEE10000000980000000006CCC30
:1096E000CEECCCC700007A000980009800007ECC48
:1096F000CEDCCCE800007A000980009800007A00F7
:109700000980009800006DDDDEEDDDD7000000006F
:10971000098000000000EEEEEEEEEEEE200000000C
:1097200009800000002EEEEEEEEEEEEEE2002FBB22
:10973000BBBBBBF200002FAAAAAAAAF200002F000E
:10974000000000F200001BBBBBBBBBB100055555C0
:1097500055555555511777777777777771005BBBFC
:10976000BBBBBBB600007A000980008900007DAA5F
:10977000ADDAAAD900007DBBBDDBBBD9000000007B
:10978000098000000000BCCCCEECCCCC0000000076
:1097900009800000003DDDDDDEEDDDDDD3003700BA
:1097A000010095000000B7000A60A6097003FFFFE2
:1097B00092E1A62D001D61110094A685004A0000CB
:1097C0000111B7110004FFFF49FFFFFF50001C51BA
:1097D0000970100B50000B400970B50B50011C5163
:1097E0000970B50B500DFFFF7970B50B50000B40A1
:1097F0000970C50B50000B400970E30B50000B4182
:109800002656C00730000DBE505E4DA200005FA27C
:109810004AD4007E80003500871000019100480086
:10982000004A00D10000B600004B00F10004FFFF29
:109830006DFFFFFFE01D6222005B01F2003A0000B5
:10984000004B00F10005FFFF215B11F210001C51DD
:109850004FFFFFFFF4000B400000000000011C510F
:1098600005FFFFFF300FFFFF75B0000D30000B400C
:1098700005B0000D30000B4005EEEEEE30000B425F
:1098800015B0000D30000DBE35B0000D30004F9109
:1098900005EEEEEF30001400048000092000840083
:1098A00000000B100000E205FFB9DEDD6005FFF6E9
:1098B0003A700C16700C61100C200C16706E0000C3
:1098C0003B2EEEEEE6180000A4000C167008FFFA1E
:1098D000FFBADEDE7000590104A00C1000016A100E
:1098E000168BEEEEA02FFFF8B8600C1000005900A8
:1098F000DB300C10000059008E3EEEEEE0005922E5
:109900005E100C1000006CD5CCB10C100000AE46FF
:10991000C09D66100000B22C2004ADEFF3000000E3
:1099200000000000000000B200000040000000F352
:10993000000008E2000000F30000AE30000000F379
:10994000004DC200000000F32BE80000000000F30F
:109950002B300000000223F522222222201FFFFFCD
:10996000FFFFFFFFF10000F301E30000000000F340
:10997000008B0000000000F3001E6000000000F3F8
:109980000005E400000000F300108E60000001F606
:109990008CE207EB400007FEB720003BE2000361CA
:1099A0000000000010007000000000000000BB0577
:1099B000FFFFFFFF90001D502222222A900002008C
:1099C000000000099008A000000000099008A00F06
:1099D000FFFFF0099008A00F1001F0099008A00FF8
:1099E0000001F0099008A00FFFFFF0099008A00FF8
:1099F0001001F0099008A00F0001F0099008A00FD5
:109A00000001F0099008A00FFFFFF0099008A000E6
:109A1000000000099008A0000000001A8008A000C3
:109A2000000003ED400000000000000000011111E3
:109A30000002C100000BFFFE1007F400000B607B6A
:109A4000001E9D10000B60D4009A0AA0000B64D089
:109A500006E101D8000B6A706E40002DA10B66C2B2
:109A6000E4100011B20B60A810F102F0000B604C82
:109A700000F102F0000B601E00F102F0000B715EBD
:109A800000F102F0000B7EE602E002F0000B600045
:109A900006C002F0000B60000C7002F0000B6000CA
:109AA0008D1002F000095000A30001C00000111049
:109AB000000000000007FFFE1EFFFFFF1007704CB4
:109AC0000E30000F100770960E30000F100770E177
:109AD0000EFFFFFF100774C00E30000F100770B5A7
:109AE0000E30000F1007704B0EFFFFFF1007701EA7
:109AF0000E42E1000007700E1E30C305B007703E35
:109B00000E30885E600778E70E302ED400077000B4
:109B10000E3009A0000770000E3262D900077000F5
:109B20003FEEB02DC2066000294000017000111008
:109B300000009400000BFFF80005F800000B40C483
:109B4000004D4D70000B43C006E302E7000B496275
:109B5000BC20003DB10B4C3068FFFFFCB30B44C090
:109B60000000D500000B40C30000C400000B40966D
:109B70001111D511100B4079FFFFFFFFF30B40A728
:109B80000000C400000B7EC10A50C479000B4000E5
:109B90004D10C40D500B4001D600C404D10B40043D
:109BA000A011D400920B400000CEC10000011110A2
:109BB00000035000000DFFFA0004C000000D30B596
:109BC0009EEEEEEE900D31E000D104B0000D369522
:109BD000EEEEEEEEE30D3C4000000000000D35C05F
:109BE0002CCCCCCC000D30C43D00001F000D3078D3
:109BF0003EBBBBBF000D30893D00001F000D4EE392
:109C00003ECCCCCF000D31000001F100000D30053D
:109C1000FFFFFFFFF40D30000001F100000D3000E8
:109C20000001F100000920000001B0000000BDDDCE
:109C3000DEEDDDDB000222222A922222200BBAAACC
:109C4000ADCAAAABB00B4ABB6987BBA4B00B40003E
:109C500009800004B0003BBB6007BBB300000000FC
:109C600019C0000000000028D8BC610000027CE898
:109C70001A339EB8402E950004B00049C2003DDD65
:109C8000DDDDDEE20000000100007D400000002D6F
:109C9000B76D91000000000038DD500000000000AA
:109CA0000004B3000000CEEEEEEEEEEC000000008B
:109CB00009700000000ADDDDDEEDDDDDA00B4000F7
:109CC00009700004B00B4ABB6977BBA4B00B40001D
:109CD00009700004B0002BBB6977CCC30000000002
:109CE00009700000000EEEEEEEEEEEEEE000000079
:109CF0000C500000000000000E2000000000AFFF2C
:109D0000FFFFFFFF1000A603D009600F1000A6039D
:109D1000D009600F1000A603D009601F1000950243
:109D2000B00856EB000CFFFFFFFFFFFFE001111131
:109D30002E611111100000005D00000000003FFFC7
:109D4000FFFFFFF600003E11111111C600003E009A
:109D5000067000C600003E00089000C600003E00ED
:109D6000089000C600003E00099000C600003E00BA
:109D70000B7000C600003E002E4300C6000002012A
:109D8000CB1DC4100000017EB1007EB20006AEC53E
:109D9000000001AE600873000000000550000000E4
:109DA00000000000000FFFFFB8FFFFFFF501112EBC
:109DB00050115E11100140A900117B110003ECA0AD
:109DC00000FFFFFFA0002DC100F10007A00002D995
:109DD00010F12707A06FFFFFF4F14C07A0000B5113
:109DE000E0F14C07A0000B5690F14C07A0000B5679
:109DF00020F15C07A0000B5000F17A07A0000B5087
:109E00000031D53110000B50000BB2D800011C50AE
:109E100004CB002D9009EC202B600001B100000064
:109E200000000000000074000001C0000000C40039
:109E30003CCCFCCC3000E2003B01F00B4003FFFEC9
:109E40004B01F00B4007904B3CCDFCCC300D4096C5
:109E50000001F000004E24A1EEEEEEEEE5265B00E0
:109E60000000000000005B004FEEEEEF10005B0012
:109E70004B00200F10005B004B03E00F10005B0055
:109E80004B03D00F10005B584B07B00F10006EC291
:109E9000014E5B510000CA004AE503AC400060017E
:109EA000B71000058000000000008600000EFFFDD6
:109EB0000003E9000000002C000C9D600002604BD4
:109EC000007C03E40005905A07E2005E50068068BB
:109ED0009D200005E5077087527FFFF441095096E9
:109EE00000001000000BEEEE85808504C000000825
:109EF00072D059097000001970D23B0E10159DBA2E
:109F000050A51B5A005C720B402100B40000000DEC
:109F1000200003D00000003E1FFFFFFFF1007ED7AE
:109F20000000000000000000000000000000000031
:109F3000000000040400000000000005050D000002
:109F400021000008080D000055000009090C000060
:109F50008B000009091000FED300000F0F0C000059
:109F60002D01000B0B0C00006F010004040D00001C
:109F700089010005051100FCB4010005051100FC74
:109F8000DF010007070D00000D020009090A0000AB
:109F90003A020004040700FC48020006060500001F
:109FA00057020004040300005D020006071000FDD4
:109FB00095020009090C0000CB020009090C000001
:109FC00001030009090C000037030009090C000017
:109FD0006D030009090C0000A3030009090C00002F
:109FE000D9030009090C00000F040009090C000046
:109FF00045040009090C00007B040009090C00005D
:10A00000B104000404090000C3040004040D00FCB2
:10A01000DD040009090A00000A0500090909000019
:10A0200033050009090A000060050008080D00005A
:10A030009405000F0F0F00FD0506000A0A0C000032
:10A040004106000B0B0C00008306000A0A0C0000FE
:10A05000BF06000B0B0C000001070009090C0000F3
:10A0600037070009090C00006D07000B0B0C0000FE
:10A07000AF07000C0C0C0000F7070005050C0000F2
:10A0800015080009090C00004B08000A0B0C000021
:10A090008D080009090C0000C308000D0D0C00001C
:10A0A0001109000C0C0C00005909000C0C0C0000EC
:10A0B000A109000A0A0C0000DD09000C0C0F00FDCC
:10A0C000370A000A0A0C0000730A000A0A0C000092
:10A0D000AF0A000A0A0C0000EB0A000C0C0C00008E
:10A0E000330B00090A0C00006F0B000E0E0C000071
:10A0F000C30B0009090C0000F90B00090A0CFF0052
:10A10000350C000A0A0C0000710C0005051000FD5A
:10A11000990C0006071000FDD10C0005051000FD8C
:10A12000F90C0009090C00002F0D0009090200FEBE
:10A13000380D000A0A0E00007E0D00090909000012
:10A14000A70D000A0A0D0000E80D0008080900002C
:10A150000C0E000A0A0D00004D0E0009090900004E
:10A16000760E0005060E0000A00E0009090D00FC89
:10A17000DB0E000A0A0D00001C0F0004040D000095
:10A18000360F00040511FFFC610F0009090E0000E5
:10A19000A00F0005050D0000C10F000F0F09000002
:10A1A0000510000A0A0900003210000A0A0900001E
:10A1B0005F10000A0A0D00FCA010000A0A0D00FC46
:10A1C000E11000060709000001110007070900005F
:10A1D00021110006060C00004511000A0A090000C2
:10A1E00072110008090900009B11000D0D09000003
:10A1F000D611000808090000FA110008090D00FC3A
:10A20000351200080809000059120005051000FD6C
:10A2100081120004041200FBA5120005051000FDC8
:10A22000CD12000909080000F1120006060C00001A
:10A2300015130010100F00FF8D130010100F00FEFB
:10A2400005140010100F00FE7D140010101000FE09
:10A25000FD140010100E00FF6D150010101000FE10
:10A26000ED150010101000FE6D160010101000FE0D
:10A27000ED160010100C00004D170010101000FE1D
:10A28000CD170010101000FE4D180010101000FE29
:10A29000CD180010101100FD55190010100F00FE10
:10A2A000CD190010101000FE4D1A0010101000FE05
:10A2B000CD1A0010101000FE4D1B0010101000FEF3
:10A2C000CD1B0010101200FD5D1C0010101000FED0
:10A2D000DD1C0010101000FE5D1D0010101000FEAF
:10A2E000DD1D0010101000FE5D1E0010101000FE9D
:10A2F000DD1E0010101000FE5D1F0010101000FE8B
:10A30000DD1F0010101000FE5D200010101100FD78
:10A31000E5200010101100FD6D210010101000FE4E
:10A32000ED210010100F00FE65220010101000FD3E
:10A33000E5220010101000FE65230010101000FE32
:10A34000E5230010101100FD6D240010101000FE18
:10A35000ED240010101100FD75250010101100FDF6
:10A36000FD250010101000FE7D260010101100FDCC
:10A3700005270010101100FD8D270010101000FEA1
:10A380000D280010101000FE8D280010100F00FE88
:10A3900005290010100F00FE7D290010100F00FE8F
:10A3A000F5290010101000FE752A0010101000FE94
:10A3B000F52A0010101000FE752B0010100F00FE83
:10A3C000ED2B0010101000FE6D2C0010101000FE80
:10A3D000ED2C0010100F00FE652D0010100F00FE78
:10A3E000DD2D0010101000FE5D2E0010101000FE7C
:10A3F000DD2E0010101000FE5D2F0010101000FD6B
:10A40000DD2F0010101000FE5D300010100F00FE58
:10A41000D5300010101000FE55310010101000FE55
:10A42000D5310010100F00FE4D320010101000FE4C
:10A43000CD320010101000FE4D330010101000FE41
:10A44000CD330010101000FE4D340010101000FE2F
:10A45000CD340010101100FD55350010101000FE15
:10A46000D5350010101000FE55360010101000FEFB
:10A47000D5360010101000FE55370010101000FEE9
:10A48000D5370010101000FE55380010101000FED7
:10A49000D5380010101000FE55390010101100FDC5
:10A4A000DD390010101000FE5D3A0010101100FDA3
:10A4B000E53A0010101100FD6D3B0010101000FE79
:10A4C000ED3B0010100F00FE653C0010100D00FF6A
:10A4D000CD3C0010101000FE4D3D0010100F00FE8E
:10A4E000C53D0010101000FE453E0010101000FE8B
:10A4F000C53E0010101100FE4D3F0010101000FE70
:10A50000CD3F0010101000FE4D400010100F00FE57
:10A51000C5400010100F00FE3D410010101000FE5D
:10A52000BD410010101000FE3D420010101000FE52
:10A53000BD420010101100FD45430010101000FE38
:10A54000C5430010101000FE45440010101000FE1E
:10A55000C5440010101000FE45450010101000FE0C
:10A56000C5450010101000FE45460010101100FDFA
:10A57000CD460010101100FD55470010101000FED0
:10A58000D5470010101000FE55480010101100FDB6
:10A59000DD480010101000FE5D490010101000FE94
:10A5A000DD490010101100FD654A0010101100FD7A
:10A5B000ED4A0010101100FD754B0010101100FD48
:10A5C000FD4B0010101100FD854C0010101100FD16
:10A5D0000D4D0010101100FD954D0010101100FDE3
:10A5E0001D4E0010101100FDA54E0010101100FDB1
:10A5F0002D4F0010101000FEAD4F0010101100FD87
:10A6000035500010101000FEB5500010101000FE64
:10A6100035510010101000FEB5510010101000FE52
:10A6200035520010101000FEB5520010100F00FE41
:10A630002D530010101000FEAD530010100E00FF3F
:10A640001D540010100F00FE95540010101100FD55
:10A650001D550010101100FDA5550010101000FE32
:10A6600025560010101000FEA5560010101100FD18
:10A670002D570010101000FEAD570010101000FEF6
:10A680002D580010101000FEAD580010100F00FEE5
:10A6900025590010101000FEA5590010101000FEE2
:10A6A000255A0010101100FDAD5A0010101000FEC8
:10A6B0002D5B0010101000FEAD5B0010101000FEAE
:10A6C0002D5C0010101000FEAD5C0010101000FE9C
:10A6D0002D5D0010101000FEAD5D0010101000FE8A
:10A6E0002D5E0010100F00FFA55E0010100E00FF81
:10A6F000155F0010101000FE955F0010101000FE96
:10A7000015600010101000FE95600010101000FE83
:10A7100015610010101100FD9D610010101100FD69
:10A7200025620010101100FDAD620010101000FE37
:10A730002D630010101100FDB5630010101000FE15
:10A7400035640010101000FEB5640010101000FEFB
:10A7500035650010101100FDBD650010101000FEE1
:10A760003D660010100F00FEB5660010100F00FED1
:10A770002D670010101000FEAD670010101000FDD6
:10A780002D680010101000FEAD680010101000FEC3
:10A790002D690010101000FEAD690010100F00FEB2
:10A7A000256A0010101000FEA56A0010101000FEAF
:10A7B000256B0010101000FEA56B0010101000FE9D
:10A7C000256C0010101100FDAD6C0010100F00FE84
:10A7D000256D0010101000FEA56D0010101000FE79
:10A7E000256E0010101000FEA56E0010100F00FF67
:10A7F0001D6F0010101000FE9D6F0010101000FE65
:10A800001D700010101000FE9D700010101000FE52
:10A810001D710010100F00FE95710010101000FE49
:10A8200015720010101000FE95720010101000FE3E
:10A8300015730010101000FE95730010101000FE2C
:10A8400015740010101000FE95740010100E00FF1B
:10A8500005750010101100FD8D750010101100FD20
:10A8600015760010101100FD9D760010101000FEEE
:10A870001D770010101000FE9D770010101000FED4
:10A880001D780010101100FDA5780010101100FDBA
:10A890002D790010101000FEAD790010101100FD90
:10A8A000357A0010101100FDBD7A0010101000FE66
:10A8B0003D7B0010101100FDC57B0010101000FE44
:10A8C000457C0010101000FEC57C0010101000FE2A
:10A8D000457D0010101000FEC57D0010101000FE18
:10A8E000457E0010101000FEC57E0010101100FD06
:10A8F0004D7F0010101000FECD7F0010101100FDE4
:10A9000055800010101000FED5800010101000FEC1
:10A9100055810010101000FED5810010101000FEAF
:10A9200055820010101000FED5820010101000FE9D
:10A9300055830010101000FED5830010101000FE8B
:10A9400055840010101000FED5840010101000FE79
:10A9500055850010101100FDDD850010101000FE5F
:10A960005D860010101000FEDD860010101000FE45
:10A970005D870010101000FEDD870010101100FD33
:10A9800065880010101000FEE5880010101100FD11
:10A990006D890010101000FEED890010101000FEEF
:10A9A0006D8A0010101100FDF58A0010101000FED5
:10A9B000758B0010101000FEF58B0010100F00FFBB
:10A9C0006D8C0010100E00FFDD8C0010101000FECA
:10A9D0005D8D0010101000FEDD8D0010101100FDC7
:10A9E000658E0010101000FEE58E0010101100FDA5
:10A9F0006D8F0010101000FEED8F0010101000FE83
:10AA00006D900010101000FEED900010101000FE70
:10AA10006D910010100F00FEE5910010101000FE67
:10AA200065920010100F00FEDD920010101100FD65
:10AA300065930010101000FEE5930010101000FE4A
:10AA400000000100020003000400050006000700EA
:10AA5000080009000A000B000C000D000E000F009A
:10AA6000100011001200130014001500160017004A
:10AA7000180019001A001B001C001D001E001F00FA
:10AA800020002100220023002400250026002700AA
:10AA9000280029002A002B002C002D002E002F005A
:10AAA000300031003200330034003500360037000A
:10AAB000380039003A003B003C003D003E003F00BA
:10AAC000400041004200430044004500460047006A
:10AAD000480049004A004B004C004D004E004F001A
:10AAE00050005100520053005400550056005700CA
:10AAF000580059005A005B005C005D005E00900049
:10AB0000EA4DEB4DED4DEE4DF44D024E0D4E1A4E0D
:10AB10006C4E844E874EA54EAD4EC54ED64EFA4E67
:10AB20002D4F2F4F394F3C4F5F4F7D4FBD4FC14F82
:10AB3000CE4F1C503A503C504550285145516D5114
:10AB4000A651DA51E651E751F751FD5116522D52F7
:10AB50007F528852F65253536B537F53A253AD53D7
:10AB6000B153B653B753B853CA53CF53D053D3533B
:10AB7000EE5348544856BE56C056D456DA56085777
:10AB800010573757E657E458ED5807591159AB5944
:10AB9000305B385B6C5B7A5B7E5BA45BD95BEF5BA5
:10ABA000FA5B115C2F5CC55DC65DD25D185E565EBA
:10ABB000745E865E975EE05EE25EE35EEF5E335F4C
:10ABC000655FB95FCB5FE15F1B6042604F60A5606E
:10ABD000F061F6612D624762B262BF62C962E162F2
:10ABE000E96242634E63686385638763B063AD6403
:10ABF00019651E652565286550658D659065C0657C
:10AC0000D6651E66E066E966FF660A670C671A6726
:10AC100023673F675E677C679667C567E767E86796
:10AC2000016817681968A068016A016B426B436B81
:10AC3000456B956BAF6B226C2B6D686DE56D096E86
:10AC4000706E997006714771497296729073E673CF
:10AC5000FF74087513751575B176CE76D876EB76D8
:10AC6000C577C9774E781A79CF79DB791F7AAB7AB5
:10AC7000CF7A297B5B7CDB7C0F7DA87EB37EBD7E9B
:10AC8000BF7ECA7EF67E4E7FE37FF77FDD80CA817E
:10AC9000E382298397832C8848886189A689A889BB
:10ACA000B289818B848BA18BAA8BC68BCF8BD78BE0
:10ACB000DB8BE38B058D248D368D658D4C8F4F8F0F
:10ACC000548F718F738FA78FB08FB18FB48FB88F60
:10ACD000BB8FBC8FBE8FE98FFA8FFF8F45902D9170
:10ACE000AA91AD91AF91E194F9940E955F95D495A9
:10ACF0001696309644967C96D696E096559864982B
:10AD000068996C9A200000006D9A010040AA03081F
:10AD10000000000062010300C00A0308289F030826
:10AD200004AD030800000000000001081402012423
:10AD3000EDF80108F5F701081400040000FE010019
:10AD400018AD030800000000000000000000000033
:10AD5000791E02085D1F020800000000212202087F
:10AD6000820082004A020000000001E001E00000D1
:10AD700000FF0055AAFF00112233445566778899D9
:10AD8000AABBCCDDEEFF000102030405060708099B
:10AD90000A0B0C0D0E0F101112131415161718199B
:10ADA0001A1B1C1D1E1F202122232425262728298B
:10ADB0002A2B2C2D2E2F303132333435363738397B
:10ADC0003A3B3C3D3E3F404142434445464748496B
:10ADD0004A4B4C4D4E4F505152535455565758595B
:10ADE0005A5B5C5D5E5F606162636465666768694B
:10ADF0006A6B6C6D6E6F707172737475767778793B
:10AE00007A7B7C7D7E7F808182838485868788892A
:10AE10008A8B8C8D8E8F909192939495969798991A
:10AE20009A9B9C9D9E9FA0A1A2A3A4A5A6A7A8A90A
:10AE3000AAABACADAEAFB0B1B2B3B4B5B6B7B8B9FA
:10AE4000BABBBCBDBEBFC0C1C2C3C4C5C6C7C8C9EA
:10AE5000CACBCCCDCECFD0D1D2D3D4D5D6D7D8D9DA
:10AE6000DADBDCDDDEDFE0E1E2E3E4E5E6E7E8E9CA
:10AE7000EAEBECEDEEEFF0F1F2F3F4F5F6F7F8F9BA
:10AE8000FAFBFCFDFEFFBF0BF0AF0AE09E08D08C82
:10AE900007C0000010BF1AE0F51F3F51F3E40F3E5A
:10AEA00040F27208100005C003E000007A005C0068
:10AEB00000098007A001FFFFFFFFFD033E733C83F5
:10AEC0003000F200C500000F100E300002F000F25A
:10AED000009FFFFFFFFF4138C336E3300089005C6D
:10AEE00000000A7007A0000000790000000079004F
:10AEF00000005CFFE92006FCBC9E900EB0790010BB
:10AF00000F807900000DF579000003EFFD5000007F
:10AF100006CFFE400000795EF100007905F30700DE
:10AF20007907F12FE9BCAFA003AEFFD7000000798D
:10AF30000000000079000003DE800005D000E40C72
:10AF40005001E3004C005A00A90006A004C04E00C6
:10AF5000004C005A0D500000E41C58A0000003CE25
:10AF600073E13CE9000000D60E40A800007C03C05D
:10AF700003D0002E203C003D000B7000E20980064B
:10AF8000D00004DDA00009EFB1000009E43CA000FE
:10AF900000D9007D00000CC01CA000003FAEC10025
:10AFA0000001DFC0000003EB8F701800DB007F653D
:10AFB000F03F40008FEA03F70000CF700BF966CF37
:10AFC000BF4008DFEA30A5000000000000F5F5E40E
:10AFD000E47200DA05F20BC00F703F405F206F1083
:10AFE0007F006F105F203F400F700BC005F200DA4A
:10AFF0003F300CB006F101F600E900BC00AD00AE38
:10B0000000AD00BC00E901F606F10CB03F30004A8B
:10B01000000674A4A02BFFE5007FFB207B6B8D0056
:10B0200004A0000013000000051000000F500000F5
:10B030000F5000011F5110EFFFFFF3344F74400019
:10B040000F5000000F50000952FD0BA0C50F00016A
:10B0500011101FFFF30444400312FC1E9000000572
:10B06000F100000AB000000F6000005F100000ABAC
:10B07000000000F6000005F100000AB000000F60BB
:10B0800000004F100000AC000000F6000004F100CA
:10B09000000AC000000E6000004F1000000008EF22
:10B0A000C50000CFA8CF7007F5000AF20DC000015F
:10B0B000F81F800000DC3F600000BD3F600000BD65
:10B0C0001F800000DC0DC00001F807F5000AF20047
:10B0D000CFA8CF700008EFC500EFFF367AF3005F0E
:10B0E0003005F3005F3005F3005F3005F3005F309B
:10B0F00005F3005F3005F304BEFD7007FD98CF90A7
:10B10000280000BF00000007F2000000AF000000B0
:10B110004F8000003FC000003EC100002EC1000073
:10B120002ED100002EF8777746FFFFFFFA6FFFFF62
:10B13000FF0277779FB000000CE1000009F30000E8
:10B1400005F6000000DFE910000459FD00000006CC
:10B15000F40000003F64400008F3BFC98CFB007C92
:10B16000FFD700000001EB00000000BE100000004F
:10B170006F500000002F900000000CD0000000086D
:10B18000F301D50003F8002F6000ED2223F7216FB3
:10B19000FFFFFFFF81555556F9520000002F600058
:10B1A000000002F60005FFFFFF007F77777008E0E0
:10B1B000000000AD0000000BC2100000DFFFFB30FC
:10B1C000045568FF20000004F80000000F925000B2
:10B1D00005F68FD98AFD105BEFE9100005CEFC6003
:10B1E000009FC88B7005F80000000CD00000001F05
:10B1F000800000002F68EFFA103FEE648FD02FF12F
:10B200000006F40EC00002F609F10006F301DE8626
:10B210009FB00019EFD8008FFFFFFFE8F77777FCAA
:10B220008F00004F5590000BE0000002F800000076
:10B230009F1000000FB0000006F4000000DD0000C9
:10B24000003F7000000AF1000001F90000005CFFFF
:10B25000D70006FC76AFA00CD00009F10DC00007A6
:10B26000F207F7115EC000BFFFFE1009F9547ED04F
:10B270002F800004F64F500000F81FA00005F609CB
:10B28000FB76AFD0006CFFD810008EFD80000CF86C
:10B2900068FC005F50003F708F00000EC07F3000E0
:10B2A0001FF01FD413CFF104EFFFA9F00002310A01
:10B2B000F00000000EA00000009F3009A78DF700ED
:10B2C00007DFEB40001E92FC031000000000031299
:10B2D000FC1E901E92FC0310000000000001E91FFC
:10B2E000D0A80E30A00000004200017DF3039FE8CB
:10B2F00010BFB50000EE81000017DFB4000004AFFE
:10B30000D200000182EFFFFFF345555551000000C8
:10B310000001111110EFFFFFF334444440500000CE
:10B3200000EF92000006CFB50000039FE200006C22
:10B33000F3029EE920BFC600009300000004BEFD9A
:10B340007007FC77BFA0270000CF00000009F000C5
:10B350000001EA000001DD100000CE1000003F6097
:10B36000000001300000000100000006F5000000B0
:10B370005F4000000017CEFDB500000005FB532321
:10B380007DC200006E400000008E1002F401AEFA93
:10B390003F49B00A901EE65BEF40E30F308F10008C
:10B3A000AF40981F00D900003F406A3F00E800000E
:10B3B0001F405C1F00D900003F406A0F308F100013
:10B3C000AF40980A901ED65ADEA6F203F301AFFAF8
:10B3D00016EE50006E4000000000000006FB5323F4
:10B3E000750000000017CEFDA30000000002FD0064
:10B3F000000000009FF4000000000F9EB00000005D
:10B4000006F27F20000000DC01F80000004F600B16
:10B41000E000000BF0004F600001FA1111ED000098
:10B420008FFFFFFFF3000EC444444FA006F400005A
:10B4300000AF10CD00000002F85FFFFFEB4005F801
:10B440005557DF405F400001FA05F400000FA05F90
:10B4500051113AF405FFFFFFFA005F744459FA05F1
:10B46000F4000008F25F4000005F45F4000009F2BC
:10B470005F85556AFB05FFFFFFD70000028DFEB414
:10B480000004FFB89DF902FD20000850BF20000015
:10B49000000FA000000002F6000000002F60000076
:10B4A0000000FA000000000BF2000000002FD200A4
:10B4B0000085005FFB89DF800029DFEB405FFFFF35
:10B4C000EA30005F97779EF8005F400000AF605F52
:10B4D0004000000DE05F40000006F45F4000000304
:10B4E000F65F40000003F65F40000006F45F400096
:10B4F000000DE05F400000AF605F97779EF8005F4F
:10B50000FFFFEA30005FFFFFFF95F97777745F4038
:10B51000000005F40000005F51111105FFFFFFE07E
:10B520005F74444405F40000005F40000005F4002F
:10B5300000005F97777765FFFFFFFD5FFFFFFF95D7
:10B54000F97777745F40000005F40000005F400069
:10B550000005F52222105FFFFFFE05F85555405FFC
:10B5600040000005F40000005F40000005F400000A
:10B570000000018DFEB500004FFB89DFB002FD2009
:10B580000006600BF2000000000FA0000000002F7A
:10B5900060000000002F60000009F00FA00000090B
:10B5A000F00BF2000009F002FD20000AF0004FFB52
:10B5B00089DFC000028DFEC6005F4000004F55F4D9
:10B5C000000004F55F4000004F55F4000004F55FF3
:10B5D0005222225F55FFFFFFFFF55F8555558F55BE
:10B5E000F4000004F55F4000004F55F4000004F53E
:10B5F0005F4000004F55F4000004F55F45F45F45DF
:10B60000F45F45F45F45F45F45F45F45F400FFFFE8
:10B61000FA007777FA000000FA000000FA00000054
:10B62000FA000000FA000000FA000000FA00000032
:10B63000F9072003F60DE98EF101AEFB305F400003
:10B6400002EB05F40001EC005F4001DE1005F400A0
:10B65000CE20005F40BF300005F49F9000005FCF18
:10B66000EF400005FF91EE10005FA003FC0005F421
:10B670000006F8005F400009F505F400000CF25FD9
:10B6800040000005F40000005F40000005F40000E9
:10B69000005F40000005F40000005F40000005F47A
:10B6A0000000005F40000005F40000005F9777771E
:10B6B00025FFFFFFF55F400000001E95FC00000025
:10B6C00008F95FF5000002FF95FDE00000AEF95FAC
:10B6D0005F70003F5F95F38F100BC0F95F31E90495
:10B6E000F30F95F307F2DB00F95F300DEF200F95B4
:10B6F000F3005F9000F95F300071000F95F30000D8
:10B700000000F95F5000004F55FF200004F55FFD79
:10B7100000004F55FAF90004F55F4AF5004F55F463
:10B720000DF204F55F402FD04F55F4006F94F55F94
:10B730004000AFAF55F40000DFF55F400002FF5559
:10B74000F4000006F500018DFEB5000004FFB89E70
:10B75000FA0002FD200008F900BF2000000AF20FE5
:10B76000A00000003F72F600000000F92F6000000A
:10B77000000F90FA00000003F70BF2000000AF206A
:10B780002FD200008F90004FFB89EFA0000028DF30
:10B79000EB50005FFFFFD7005F9778BFC05F4000AE
:10B7A00007F65F400000FA5F400000FA5F400003C8
:10B7B000F85F62236EF15FFFFFFD305F855420006C
:10B7C0005F400000005F400000005F40000000009C
:10B7D000018DFEB50000004EFB89EFA00002FD20A8
:10B7E0000008F9000AF2000000AF200FA0000000DE
:10B7F0003F702F600000000F902F600000000F903E
:10B800001F900000002F700BF1000000AF2003FC20
:10B81000100007F900006FFA78DFB0000003AEFFF8
:10B82000C500000000003ED415B000000002BFFFBC
:10B8300080000000000131005FFFFFD7005F9778B4
:10B84000BFC05F400007F65F400000FA5F400000A5
:10B85000FA5F400003F85F52236EE15FFFFFFC30A8
:10B860005F8555F9005F40007F405F40000CE05F5E
:10B87000400002F9005CEFD92007FC87AF900EC0B2
:10B880000001100F800000000DF500000003EFEA3A
:10B8900050000005AEFE400000004EF10000000523
:10B8A000F308000008F22FFA77BFA0029DFFC7003F
:10B8B000FFFFFFFFF56778FB77720001F7000000DC
:10B8C00001F700000001F700000001F7000000018F
:10B8D000F700000001F700000001F700000001F789
:10B8E00000000001F700000001F700006F300000C9
:10B8F0008F16F3000008F16F3000008F16F3000080
:10B9000008F16F3000008F16F3000008F16F30006F
:10B91000008F05F4000009F03F700000CD00DE202C
:10B92000005F8004FFA8BFD00003BEFD81000CE0D3
:10B930000000006F306F5000000CC000FB000003DF
:10B94000F60009F20000AE00002F80001F900000FA
:10B95000CE0007F2000005F600DB0000000EC04F2D
:10B96000500000008F3BE000000002FBF8000000E8
:10B97000000BFF10000000004FB000005F4000000F
:10B98000DF000002F50F900002FF400007F00BE01F
:10B990000007FE90000CB006F3000CAAE0001F6048
:10B9A00001F8001F54F3006F1000CD007F10F80065
:10B9B000CC00007F20CB00AD01F700002F71F60016
:10B9C0005F26F200000DC6F1000F7BD0000008FDDD
:10B9D000C0000BDF80000003FF700006FF30000096
:10B9E00000EF200001FE00003F900000CD008F40DE
:10B9F000007F3000DE102F800003FA0CD00000071B
:10BA0000FBF30000000CF800000001EFC000000094
:10BA1000BF7F7000006F60AF20002FB001ED000C01
:10BA2000F10004F807F6000009F30CE0000007F24B
:10BA300003F700001F9000AF10009E10001FA0022F
:10BA4000F6000008F30BD0000000EC4F40000000AF
:10BA50005FFB000000000CF20000000009F0000095
:10BA6000000009F00000000009F00000000009F0EB
:10BA700000003FFFFFFFFD01777777BF90000000D8
:10BA80001EC00000000CF200000008F500000004D9
:10BA9000F900000001EC00000000CF200000008F42
:10BAA000500000004F900000001EF877777705FFE8
:10BAB000FFFFFFF05FFF05F7505F3005F3005F30D9
:10BAC00005F3005F3005F3005F3005F3005F3005DC
:10BAD000F3005F3005F7505FFF007E0000001F405D
:10BAE00000000C90000007E0000002F4000000C914
:10BAF0000000007E0000002F4000000C90000007B6
:10BB0000E0000002F3000000D90000007E00000009
:10BB10002F3000000D90000007E0BFFA35EA00EA80
:10BB200000EA00EA00EA00EA00EA00EA00EA00EAC5
:10BB300000EA00EA35EABFFA002F8000009DE0002D
:10BB400000F3D50006D07B000C601F203F100B8057
:10BB50009A0004E0FFFFFFFF1111111107F6000327
:10BB6000E7019EFD8000CE87AF90020000AF00008D
:10BB70000006F202BEFFFF20EC4227F22F50007FAA
:10BB800020EC427FF202BFFB6F208F000000008F8D
:10BB9000000000008F000000008F2BFEB3008FEC30
:10BBA00078EF308FA0001EC08F200007F18F0000BB
:10BBB00005F38F200007F18FA0001ED08FEC78EFE7
:10BBC000308E2BFEB300003AEFC4004FD87CF40D4A
:10BBD000D0000713F60000004F30000003F600000D
:10BBE000000DD00006104FD77CF4003AEFC40000DF
:10BBF000000001F700000001F700000001F7003B22
:10BC0000FFA3F704FD87CEF70ED0000BF73F6000CF
:10BC100003F74F300001F73F500003F70EC0000A52
:10BC2000F704FC65BEF7003BFFB2F7003BFEA20045
:10BC300004FC67EE200EC0001EA03F500007F04F2E
:10BC4000FFFFFFF13F722222200EC000020004FD20
:10BC500087AF50003AEFD600005DFC002FB57004AE
:10BC6000F3000CFFFFA048F753005F300005F3001E
:10BC7000005F300005F300005F300005F300005F57
:10BC80003000003BFFB2E904FE87CFF90ED1000A75
:10BC9000F93F600001F94F400000F93F600001F9F1
:10BCA0000ED00009F904FD87CFF8003BFFB3F70081
:10BCB000000005F409E977AFB0017CFFD8008F00E0
:10BCC000000008F00000008F00000008F2BFEA103A
:10BCD0008FFB89FD08F80006F48F10001F78F00034
:10BCE00000F88F00000F88F00000F88F00000F8828
:10BCF000F00000F89E1AF20008F08F08F08F08F0AC
:10BD00008F08F08F08F00007E20009F30000000040
:10BD100007F10007F10007F10007F10007F1000744
:10BD2000F10007F10007F10007F10008F0186EC0FC
:10BD30003EFC208F00000008F00000008F00000093
:10BD400008F0001DD18F001DE208F01DE2008F2DCC
:10BD5000F30008FEFF70008FE2BF3008F201EE1022
:10BD60008F0003FB08F00007F78F8F8F8F8F8F8F67
:10BD70008F8F8F8F8F8E3CFE913BFEA208FF969F88
:10BD8000CFC68FD08F70009FC0005F58F10005F6BE
:10BD90000001F78F00004F40000F88F00004F4000E
:10BDA00000F88F00004F40000F88F00004F40000FE
:10BDB000F88F00004F40000F808E3BFEA108FFA6C9
:10BDC0008FD08F80006F48F10001F78F00000F883F
:10BDD000F00000F88F00000F88F00000F88F0000DE
:10BDE0000F80003BEFC40004FD87CF600ED0000B36
:10BDF000F13F600003F54F300001F73F600003F5AD
:10BE00000ED0000BF104FD77CF60003BEFC4008E35
:10BE10003BFEB3008FFB57DF308F90000DC08F10BB
:10BE20000007F18F000005F38F200007F18FA000BD
:10BE30001ED08FEC78EF308F2BFEB3008F00000008
:10BE4000008F000000008F00000000003BFFA2F701
:10BE500004FD87DEF70ED0000BF73F600003F74FBD
:10BE6000300001F73F600003F70ED0000BF704FD30
:10BE700077CEF7003BFFA3F700000001F7000000BA
:10BE800001F700000001F78E2BF08FED908FA000DE
:10BE90008F20008F00008F00008F00008F00008F28
:10BEA000000002AEFD911ED769D04F3000002FB4C4
:10BEB000100006EFFD6000015BF5010000F75FA7D1
:10BEC0006BF319DFEC4005F300005F3000CFFFFAA1
:10BED000048F753005F300005F300005F300005F4C
:10BEE000300004F400001FC680005DFC10AE0000AE
:10BEF0002F5AE00002F5AE00002F5AE00002F5AE26
:10BF000000002F59F00004F56F3000AF51EE76BFFE
:10BF1000F502BEFB3F500DC00000CB06F20002F55B
:10BF200000F90009E0009E000F80002F606F1000F4
:10BF30000CC0CB000005F6F4000000EFD0000000BC
:10BF40008F7000BB00009F10004F16F1000EF6002E
:10BF500009C00F6005FCB000F600AC00AB5F105FDD
:10BF60001005F10F50F70AB0000F76F009C0F50088
:10BF700000ACBA004F8F000004FF4000EFA00000AB
:10BF80000EE00008F400004F70009F208F305F50DB
:10BF900000CD2E900002FFD000000AF6000004FD44
:10BFA000E10001EB0DC000BE103F806F40007F40FC
:10BFB0000DC00000CB06F30002F400EA0009D00037
:10BFC0008F101F70001F707F10000AE0D90000035F
:10BFD000F9F2000000CFB00000006F40000000AD9B
:10BFE00000001C79F500001AEE7000004FFFFFF909
:10BFF00015555BF400004F800001EC00000BE100E0
:10C00000008F400004F700001EE555535FFFFFFC62
:10C01000002CF500AF6100CC0000DB0000DB00006D
:10C02000DB0002EA001FF40005FA0000DB0000DB81
:10C030000000DB0000CC0000AF61002CF55F15F1C3
:10C040005F15F15F15F15F15F15F15F15F15F15F98
:10C0500015F15F10BE8003AF4001F6001F7001F7BD
:10C06000001F7000F9000AFB00FB201F7001F700A1
:10C070001F7001F603AF40BE900000000000003DBD
:10C08000E400B50C86F51E20F003EF9002000010CE
:10C090000002CE900D40893B000E3B000E0D408902
:10C0A00002CE900008F8EFE7F70000000000000063
:10C0B0000000000000000049DC0000000016BFFF87
:10C0C000FF0000038DFFFFFFFF0000CFFFFFFFFF1A
:10C0D000FF0000FFFFFFFFC7FF0000FFFFEA510066
:10C0E000FF0000FF83000000FF0000FF00000000D1
:10C0F000FF0000FF00000000FF0000FF0000000044
:10C10000FF0000FF00002BFFFF0000FF0000DFFF2B
:10C11000FF2BFFFF0000DFFFFDDFFFFF00002BFF15
:10C12000B2DFFFFD00000000002BFFB200000000A6
:10C1300000D00FFFFFFFFFF00DFFFFC888888CFFC6
:10C14000FFF00F80000008F00FF00F80000008F0F3
:10C150000FFFFF80000008FFFFF00FECCCCCCEF00B
:10C160000FF00FECCCCCCEF00FFFFF80000008FFEB
:10C17000FFF00F80000008F00FF00F80000008F0C3
:10C180000FFFFFC888888CFFFFD00FFFFFFFFFF075
:10C190000DDFFF73FFFFFFFFFDFFFFA5FFFFFFFFA9
:10C1A000FFFFFFA5FFFFFFFFFFDFFF73FFFFFFFFA5
:10C1B000FD0000000000000000DFFF73FFFFFFFF35
:10C1C000FDFFFFA5FFFFFFFFFFFFFFA5FFFFFFFF35
:10C1D000FFDFFF73FFFFFFFFFD0000000000000016
:10C1E00000DFFF73FFFFFFFFFDFFFFA5FFFFFFFF66
:10C1F000FFFFFFA5FFFFFFFFFFDFFF73FFFFFFFF55
:10C20000FD0000000000000AB1000000000000BFB7
:10C21000FC00000000000BFFFB0000000000BFFF5F
:10C22000C01BA000000BFFFC00CFFB0000BFFFC045
:10C2300000BFFFB00BFFFC00000CFFFBBFFFC00006
:10C240000000CFFFFFFB000000000CFFFFB000006C
:10C25000000000BFFB0000000000000BB000000069
:10C2600000030000000308FC10001CF8FFFC101C79
:10C27000FFF5FFFC2CFFF505FFFFFFF50005FFFFB5
:10C28000F500001DFFFD10001CFFFFFC101CFFF956
:10C29000FFFC1CFFF505FFFCDFF50005FFD1A40046
:10C2A0000004A10000004FE00000000002106FF148
:10C2B000031000005FD06FF13FD10003FFF16FF179
:10C2C0005FFD000DFF406FF109FF704FF7006FF148
:10C2D00000CFE09FF0006FF1005FF3BFC0006FF18F
:10C2E000002FF5BFC0004FE0001FF6AFE0000000D8
:10C2F000004FF46FF400000000AFF00FFE100000DC
:10C3000005FFA006FFD300007FFF20009FFFDABEDD
:10C31000FFF4000006FFFFFFFD3000000017BDCA5C
:10C320005000000000008BB8000000000000FFFF7C
:10C33000000000003006FFFF60030004FDDFFFFF88
:10C34000FDEF400DFFFFFFFFFFFFD04FFFFFF99F05
:10C35000FFFFF408FFFF2002FFFF8000FFF900004D
:10C360009FFF0000FFF900009FFF0008FFFF200271
:10C37000FFFF804FFFFFF99FFFFFF40DFFFFFFFF5F
:10C38000FFFFD004FEDFFFFFFDDF40003006FFFFB0
:10C39000600300000000FFFF0000000000008BB8F9
:10C3A00000000000000003DD303FF3000000006FDC
:10C3B000FFF54FF400000009FF99FFBFF4000001F2
:10C3C000BFF6226FFFF400002DFE35FF53EFF4009F
:10C3D00004FFC18FFFF82DFE407FFA1AFFFFFFA177
:10C3E000AFF7CF82DFFFFFFFFD28FC140EFFFFFF3A
:10C3F000FFFFE041000FFFFFFFFFFFF000000FFF16
:10C40000F9008FFFF000000FFFF8008FFFF0000031
:10C410000FFFF8008FFFF000000EFFF6006FFFE047
:10C4200000000000DFFD000000000000FFFF000032
:10C4300000000000FFFF000000000000FFFF000000
:10C4400000000000FFFF000000000000FFFF0000F0
:10C4500000004FFFFFFFFFF400000BFFFFFFFFB0E6
:10C46000000000BFFFFFFB000000000BFFFFB0005B
:10C4700000000000BFFB000000DFFFFC1BB1CFFF8E
:10C48000FDFFFFFFC22CFFFFFFFFFFFFFFFFFFFFCE
:10C49000FFFFFFFFFFFFF0E0FFDFFFFFFFFFFFFFFA
:10C4A000FD0004EFFFFFFFFE4000001EFFFFFFFF47
:10C4B000FFE10000AFB00000000BFA0005FF100024
:10C4C000000001FF501EF600000000006FE1AFB059
:10C4D00000000000000BFAFFFFFF800008FFFFFFD5
:10C4E000FFFFFFF1001FFFFFFFFFFFFFFFFFFFFF49
:10C4F000FFFFFFFFFFFFFFFFFFFFFFFFFFFFFFFF4C
:10C50000FFFFFFFF8FFFFFFFFFFFFFFFF8000006A9
:10C51000BDDA5002FF0005EFFFFFFE42FF007FFF84
:10C52000A77BFFF9FF05FFC100002CFFFF0EFC00F9
:10C53000000222DFFF5FF200000FFFFFFF8FB0005D
:10C54000000FFFFFFF0000000000000000000000DF
:10C550000000000000FFFFFFF000000BF8FFFFFFEE
:10C56000F000002FF4FFFD22200000CFE0FFFFC20B
:10C5700000002CFF40FF9FFFB76AFFF700FF24DF9A
:10C58000FFFFFE5000FF2005ACDB60000000000054
:10C59000000000008D000008FF00008FFFDFFFFF9C
:10C5A000FFFFFFFFFFFFFFFFFFFFFFFFFFFFFFFF9B
:10C5B000FFDFFFFFFF00008FFF000008FF0000000B
:10C5C0008D000000000000000000000000008D0051
:10C5D00000000008FF000000008FFF0000CFFFFFF9
:10C5E000FF0150FFFFFFFF06F7FFFFFFFF00BEFF49
:10C5F000FFFFFF00AEFFFFFFFF05F8DFFFFFFF02B9
:10C600006000009FFF0000000009FF000000000024
:10C610009E00000000000000000000000000000676
:10C6200010000000000000001FD2000000008D007C
:10C630000003EE10000008FF000AB12FB000008FC9
:10C64000FF0005FC07F4DFFFFFFF02505F60F9FF0A
:10C65000FFFFFF06F70DC0BDFFFFFFFF00AE09F0B3
:10C660009FFFFFFFFF00AE09F08FFFFFFFFF06F700
:10C670000DC0ADDFFFFFFF02505F60E900008FFFDC
:10C680000005FC06F4000008FF000AB12FB000000E
:10C69000008D000002EE100000000000001FD2001C
:10C6A0000000000000000610008FFFFFFFFFFFFFEB
:10C6B000F8FFFCFFFFFFFFFFFFFF202FFFFFFFFF43
:10C6C000FFFC000CFFFFEEFFFFFF202FFFFE22EF1D
:10C6D000FFFFFCFFFFE2002EFFFFFE4EFE200002E8
:10C6E000FFFFE202C2000000FFFF20000000000088
:10C6F000FFFF000000000000FFFFFFFFFFFFFFFF44
:10C70000FF8FFFFFFFFFFFFFF800004E400000001B
:10C710000BFB00000001FFF10000009FFF900000F4
:10C720002FFFFF30000CFFFFFC0007FFFFFFF802A8
:10C73000FFFFFFFFF29FFFFFFFFF9EFFFFFFFFFED8
:10C74000FF2FFFFFFFFEF2BFFFFFFE9FA1BFFFFF16
:10C7500092FFA22FFFF204FFFFFFF400029EFE9261
:10C76000000000000000FF300001CCFF40002DFF62
:10C77000FF4003EFFFFF403FFFFFFF44FFFFFFFFCE
:10C780009FFFFFFFFFFFFFFFFFFFFFFFFFFFFFAF69
:10C79000FFFFFFFF45FFFFFFFF404FFFFFFF40038D
:10C7A000EFFFFF40002EFFFF300001CC0000000033
:10C7B00000000000000000008F910000000000FF5A
:10C7C000FF7000000000FFFFFD40000000FFFFFFC2
:10C7D000FA100000FFFFFFFFF70000FFFFFFFFFF61
:10C7E000D500FFFFFFFFFFFFB2FFFFFFFFFFFFFDD1
:10C7F000FFFFFFFFFFFFFDFFFFFFFFFFFFB2FFFF98
:10C80000FFFFFFD500FFFFFFFFF70000FFFFFFFA6C
:10C81000100000FFFFFD40000000FFFF700000005F
:10C82000008EA100000000000000000000000000D9
:10C830000000000000008FFFF8008FFFF8FFFFFFEF
:10C8400000FFFFFFFFFFFF00FFFFFFFFFFFF00FFF5
:10C85000FFFFFFFFFF00FFFFFFFFFFFF00FFFFFFE6
:10C86000FFFFFF00FFFFFFFFFFFF00FFFFFFFFFFD6
:10C87000FF00FFFFFFFFFFFF00FFFFFFFFFFFF00C5
:10C88000FFFFFFFFFFFF00FFFFFFFFFFFF00FFFFB6
:10C89000FF7FFFF7007FFFF78FFFFFFFFFFFF8FF2E
:10C8A000FFFFFFFFFFFFFFFFFFFFFFFFFFFFFFFF98
:10C8B000FFFFFFFFFFFFFFFFFFFFFFFFFFFFFFFF88
:10C8C000FFFFFFFFFFFFFFFFFFFFFFFFFFFFFFFF78
:10C8D000FFFFFFFFFFFFFFFFFFFFFFFFFFFFFFFF68
:10C8E000FFFFFFFFFFFFFFFFFFFFFFFFFFFFFFFF58
:10C8F000FFFFFF8FFFFFFFFFFFF80000000000CCED
:10C90000100003FFFFD20004FFFFFE3004FFFFFF13
:10C91000F404FFFFFFFF54FFFFFFFFF9FFFFFFFFDE
:10C92000FFFFFFFFFFFFFFFFFFFFF9FFFFFFFF44D8
:10C93000FFFFFFF304FFFFFE3004FFFFD20004FF00
:10C94000CC100003FF00000000000000002DD2000A
:10C950000000000001EFFE10000000001DFFFFD1ED
:10C9600000000000CFFFFFFC0000000BFFFFFFFFF7
:10C97000B00000AFFFFFFFFFFA0009FFFFFFFFFF5E
:10C98000FF900FFFFFFFFFFFFFF008FFFFFFFFFF1C
:10C99000FF8000000000000000000CFFFFFFFFFF11
:10C9A000FFC00FFFFFFFFFFFFFF00FFFFFFFFFFFC5
:10C9B000FFF00CFFFFFFFFFFFFC00000001A400068
:10C9C0000001DFF000001DFFA00001DFFA00001DE4
:10C9D000FFA00001DFFA00000CFFA000000DFF80A7
:10C9E000000001DFF80000001DFF80000001DFF8FB
:10C9F0000000001DFF80000001DFF00000001B5060
:10CA000004A10000000FFD1000000AFFD10000008B
:10CA1000AFFD1000000AFFD1000000AFFD100000C4
:10CA20000AFFC0000008FFD000008FFD100008FFC3
:10CA3000D100008FFD100008FFD100000FFD100095
:10CA40000005B1000000000004FF400000000008E5
:10CA5000FF800000000008FF800000000008FF8049
:10CA60000000000008FF80000048888CFFC8888410
:10CA7000FFFFFFFFFFFFFFFFFFFFFFFFFFFF4888F4
:10CA80008CFFC88884000008FF800000000008FFB9
:10CA9000800000000008FF800000000008FF800008
:10CAA00000000004FF40000014444444444441EFAB
:10CAB000FFFFFFFFFFFEFFFFFFFFFFFFFF7BBBBB93
:10CAC000BBBBBBB7000005ADFFDA5000000004DFC0
:10CAD000FC88CFFD4000007FFE400004EFF7000718
:10CAE000FFF4009E804FFF704FFFC000AFF80CFFB7
:10CAF000F4DFFF809AFFFE08FFFDDFFF80EFFFFEFF
:10CB000008FFFD4FFFC08FFFF80CFFF407FFF4088C
:10CB1000EE804FFF70007FFE400004EFF80000043D
:10CB2000DFFC88CFFD4000000005ADFFDA500000BB
:10CB30008C200000000000000000DFE40000000086
:10CB4000000000001BFF8049DFFDA5000000007F02
:10CB5000FFFFD88CFFD400000004EFF800004EFF68
:10CB6000700000001CFF69E804FFF70004E3009F69
:10CB7000FEFF80CFFF400DFF7005FFFFE08FFFD06D
:10CB80000DFFF7002DFFE08FFFD004FFFC0000AF8A
:10CB9000F8CFFF30007FFF400006FFFFF7000008DE
:10CBA000FFF400003EFFA00000004DFFC88201BF5F
:10CBB000F7000000005ADFFC1008FFA00000000092
:10CBC000000000004EFD000000000000000002C850
:10CBD000000000002DD20000000000000000BFFB9C
:10CBE0000000000000000005FFFF500000000000F2
:10CBF000000DFFFFD00000000000007FFFFFF700E6
:10CC00000000000001FFD88DFF10000000000AFFA7
:10CC1000A00AFFA0000000003FFFB00BFFF30000E0
:10CC20000000CFFFC00CFFFC00000005FFFFD00D8F
:10CC3000FFFF5000000EFFFFF99FFFFFE000008F95
:10CC4000FFFFE22EFFFFF80002FFFFFF9009FFFF4A
:10CC5000FF100AFFFFFFE33EFFFFFFA00FFFFFFFF4
:10CC6000FFFFFFFFFFF008FFFFFFFFFFFFFFFF8059
:10CC70000000000000000000000000000000D800DC
:10CC8000000000000000FF80FFFF700007FFFFF8BA
:10CC9000FFFFF6006FFFFFFD788EFF15FFE8FFE254
:10CCA0000002E54FFE20FE20000013FFF3005200BB
:10CCB00000003FFF310052000002EFF45E20FE2032
:10CCC000788EFF51FFE8FFE2FFFFF6006FFFFFFDE8
:10CCD000FFFF700007FFFFF8000000000000FF806A
:10CCE000000000000000D80000000000000000006C
:10CCF00000000000000000000001DD100000000046
:10CD00001DFFD100000001DFFFFD1000001DFF9995
:10CD1000FFD10001DFF9009FFD101DFF900009FF0A
:10CD2000D1BFF90000009FFB5F9000000009F500F3
:10CD3000000000000000000000000000005F900004
:10CD4000000009F5BFF90000009FFB1DFF900009DE
:10CD5000FFD101DFF9009FFD10001DFF99FFD100F9
:10CD60000001DFFFFD100000001DFFD100000000EA
:10CD700001DD1000000000000000000000000000C5
:10CD8000000000000000001DD100000000000000B5
:10CD900001DFFD10EFFFFFFFD0001DFFFFD1AFFF50
:10CDA000FFFFF000CFCFFCFC0000000FF0006B1F76
:10CDB000F1B60000000FF000000FF0000000000FBF
:10CDC000F000000FF0000000000FF000000FF00076
:10CDD00000006B1FF1B6000FF0000000CFCFFCFC8D
:10CDE000000FFFFFFFFA1DFFFFD1000DFFFFFFFE49
:10CDF00001DFFD10000000000000001DD100000058
:10CE000000000000000000008FFFFFE200000000B3
:10CE1000FFFFFFFE20000000FFFFFFFFFFFFFFF806
:10CE2000FFFFFFFFFFFFFFFFFFFFFFFFFFFFFFFF12
:10CE3000FFFFFFFFFFFFFFFFFFFFFFFFFFFFFFFF02
:10CE4000FFFFFFFFFFFFFFFFFFFFFFFFFFFFFFFFF2
:10CE5000FFFFFFFFFFFFFFFFFFFFFFFFFFFFFFFFE2
:10CE60008FFFFFFFFFFFFFF80000000BB000000086
:10CE7000000000BFFB00000000000BFFFFB000003F
:10CE80000000BFFFFFFB0000000BFFFFFFFFB00033
:10CE9000004FFFFFFFFFF400000000FFFF00000055
:10CEA000000000FFFF000000000000FFFF00000086
:10CEB000000000FFFF000000000000FFFF00000076
:10CEC000DFFFF0DFFD0FFFFDFFFFF900009FFFFF19
:10CED000FFFFFFFFFFFFFFFFFFFFFFFFFFF0E0FF90
:10CEE000DFFFFFFFFFFFFFFD00000000000000006C
:10CEF0000000000000000AEA62000000000002FFDB
:10CF0000FFF000000000009FFFFF00000000000F86
:10CF1000FFFFD00000000002FFFFFB000000000048
:10CF200003EFFF70000000000004FFF200000000AB
:10CF30000000BFFB0000000000006FFF3000000297
:10CF400000004FFF9000028FF3006FFFD0000AFF38
:10CF5000FFE4BFFFD10000EFFFFFFFFFD100000A99
:10CF6000FFFFFFFF900000006FFFFFFB300000009D
:10CF700002FFDB72000000000008EE800000066186
:10CF800008FFFF80002DFFD0EF33FE002EFFF30ED1
:10CF9000F33FE02EFFF3008FFFFF6EFFF300008EE4
:10CFA000FFFFFFF300000002EFFFF3000000002E80
:10CFB000FFFF30000008EFFFFFFF300008FFFFF623
:10CFC000EFFF3000EF33FE02EFFF300EF33FE002E1
:10CFD000EFFF308FFFF80002DFFD008EE800000059
:10CFE00066100000DFFFFF0D200000FFFFFF0FE2D3
:10CFF0000000FFFFFF0FFDDFF0FFFFFF2000FFF04D
:10D00000FFFFFFFFFFFFF0FFFFFFFFFFFFF0FFFF4E
:10D01000FFFFFFFFF0FFFFFFFFFFFFF0FFFFFFFF3E
:10D02000FFFFF0FFFFFFFFFFFFF0FFFFFFFFFFFF2E
:10D03000F0FFFFFFFFFFFFF0DFFFFFFFFDFFF90045
:10D0400000000000FFFFFFFFFF0000DFFFFFFFFD0C
:10D0500000008FFFFFFFFFC200FFFFFFFFFFFE206A
:10D06000FF00000001FFE2FF00000000FFFCFF00E6
:10D07000000000FFFFFF00000000FFFFFFFFFFFFB9
:10D08000FFFFFFFFFFFFFFFFFFFFFFFFFB11BFFFE2
:10D09000FFFFFFF1001FFFFFFFFFF1001FFFFFFF7A
:10D0A000FFFB11BFFFFFFFFFFFFFFFFFFF8FFFFF32
:10D0B000FFFFFFF812222222222221FFFFFFFFFFA3
:10D0C000FFFFFFFFFFFFFFFFFF122222222222218C
:10D0D0000000000000000012222222222221FFFF75
:10D0E000FFFFFFFFFFFFFFFFFFFFFFFF12222222D4
:10D0F000222221000000000000001222222222220F
:10D1000021FFFFFFFFFFFFFFFFFFFFFFFFFFFF12FA
:10D110002222222222218FFFFFFFFFFFFFF8FFFFC5
:10D12000FFFFFFFFFFFFCFFFFFFFFFFFFFFC09FF38
:10D13000FFFFFFFFFF90D25FFFFFFFFFF52DFF62B4
:10D14000CFFFFFFC26FFFFFA18FFFF81AFFFFFFFB5
:10D15000E34DD43EFFFFFFFFFF8118FFFFFFFFFFFE
:10D16000FFFFFFFFFFFFFFFFFFFFFFFFFFFF8FFF3F
:10D17000FFFFFFFFFFF800DFFFFD000001FFFFFCE6
:10D18000000003FFFFF7000006FFFFF2000008FFAA
:10D19000FFD000000AFFFFFFFFD00CFFFFFFFFA042
:10D1A0000EFFFFFFFF200DFFFFFFF80000000AFF4A
:10D1B000E00000000EFF500000002FFC0000000007
:10D1C0005FF3000000009FA000000000DF100000DF
:10D1D0000000D70000000004EE40000000DFFF99CF
:10D1E000FFFD0000FFFF99FFFF0000FFFFFFFFFFB3
:10D1F0000000FFFF9000000000FFFF0DFFFF0D206B
:10D20000FFFF0FFFFF0FE2FFFF0FFFFF0FFDFFFF0D
:10D210000FFFFF2000FFFF0FFFFFFFFFFFFF0FFFCC
:10D22000FFFFFFFFFF0FFFFFFFFFDFFF0FFFFFFF0E
:10D23000FF00000FFFFFFFFF00000FFFFFFFFF00D9
:10D24000000DFFFFFFFD000000CC00000000000209
:10D25000FF3000000001BFFFFC2000001EFFFFFFA9
:10D26000E100009FFFFFFFF80000EFFFFFFFFD0060
:10D2700000FFFFFFFFFF0001FFFFFFFFFF0003FFB5
:10D28000FFFFFFFF3008FFFFFFFFFF801EFFFFFFD4
:10D29000FFFFE1CFFFFFFFFFFFFCCFFFFFFFFFFF1F
:10D2A000FC0000000000000000000EFFE000000095
:10D2B0000004EE4000008FFFFFFFFFFFFFFFF8FFBD
:10D2C000FFFFFFFFFFFFFFFFFF00F00F00F00F0069
:10D2D000FFFF00F00F00F00F00FFFFFFFFFFFFFF59
:10D2E000FFFFFFFFF808808808808FFFFFF80880A5
:10D2F0008808808FFFFFFFFFFFFFFFFFFFFFFF009A
:10D30000F00000000F00FFFF00F00000000F00FF22
:10D31000FFFFFFFFFFFFFFFFFF8FFFFFFFFFFFFF8D
:10D32000FFF8000000000000000000000000000006
:10D330000003AF70000000000004CFFFF000000009
:10D340000006DFFFFFA000000017EFFFFFFF300027
:10D350000018FFFFFFFFFC00002AFFFFFFFFFFF4A4
:10D360000008FFFFFFFFFFFFD0000FFFFFFFFFFFE1
:10D37000FF600008FFFFFFFFFFFE0000000000004D
:10D38000FFFFF7000000000000FFFFF100000000B9
:10D390000000FFFF80000000000000FFFF10000001
:10D3A00000000000FFFA00000000000000FFF20093
:10D3B0000000000000008F8000000000000000005E
:10D3C00000000000DFFFFFF0D200FFFFFFF0FE20B3
:10D3D000FFFFFFF0FFE2FFFFFFF0FFFDFFFFFFF2A7
:10D3E0000000FFFFFFFFFFFFFFFFFFFFFFFFFFFF4B
:10D3F000FFFFFFFFFFFFFFFFFFFFFFFFFFFFFFFF3D
:10D40000FFFFFFFFFFFFFFFFFFFFFFFFFFFFFFFF2C
:10D41000FFFFFFFFFFFFFFFFFFFFFFFFFFFFDFFF3C
:10D42000FFFFFFFD00000000000000000000000002
:10D43000049CEFFEC94000000007EFFFFFFFFFFE66
:10D44000700004DFFFFCA88ACFFFFD406FFFD5000E
:10D450000000005DFFF6CFF60000000000006FFC4A
:10D460001A30005ADFFDA50003A100004DFFFFFFA9
:10D47000FFD400000005FFFEA88AEFFF5000000166
:10D48000DF70000007FD1000000012000000002106
:10D490000000000000004EE400000000000000005A
:10D4A000EFFE0000000000000000EFFE00000000A2
:10D4B000000000004EE4000000008FFFFFFFFFFFB0
:10D4C000FFFFFF80FFFFFFFFFFFFFFFFFFF0FF00F9
:10D4D0000000000000000FFDFF0FFFFFFFFFFFFF38
:10D4E0000FFFFF0FFFFFFFFFFFFF00FFFF0FFFFF1B
:10D4F000FFFFFFFF00FFFF0FFFFFFFFFFFFF0FFF1B
:10D50000FF000000000000000FFDFFFFFFFFFFFF16
:10D51000FFFFFFF08FFFFFFFFFFFFFFFFF808FFF89
:10D52000FFFFFFFFFFFFFF80FFFFFFFFFFFFFFFF8A
:10D53000FFF0FF000000000000000FFDFF0FFFFFE5
:10D54000FFFFF0000FFFFF0FFFFFFFFFF00000FFE6
:10D55000FF0FFFFFFFFFF00000FFFF0FFFFFFFFFC8
:10D56000F0000FFFFF000000000000000FFDFFFFB4
:10D57000FFFFFFFFFFFFFFF08FFFFFFFFFFFFFFF3A
:10D58000FF808FFFFFFFFFFFFFFFFF80FFFFFFFF19
:10D59000FFFFFFFFFFF0FF000000000000000FFD95
:10D5A000FF0FFFFFFF0000000FFFFF0FFFFFFF0057
:10D5B000000000FFFF0FFFFFFF00000000FFFF0F54
:10D5C000FFFFFF0000000FFFFF0000000000000051
:10D5D0000FFDFFFFFFFFFFFFFFFFFFF08FFFFFFFCC
:10D5E000FFFFFFFFFF808FFFFFFFFFFFFFFFFF80B9
:10D5F000FFFFFFFFFFFFFFFFFFF0FF000000000045
:10D6000000000FFDFF0FFFF0000000000FFFFF0FF5
:10D61000FFF00000000000FFFF0FFFF0000000001F
:10D6200000FFFF0FFFF0000000000FFFFF000000F1
:10D63000000000000FFDFFFFFFFFFFFFFFFFFFF0F7
:10D640008FFFFFFFFFFFFFFFFF808FFFFFFFFFFF49
:10D65000FFFFFF80FFFFFFFFFFFFFFFFFFF0FF0067
:10D660000000000000000FFDFF00000000000000AF
:10D670000FFFFF0000000000000000FFFF0000009F
:10D680000000000000FFFF000000000000000FFF8E
:10D69000FF000000000000000FFDFFFFFFFFFFFF85
:10D6A000FFFFFFF08FFFFFFFFFFFFFFFFF80000086
:10D6B0000000000100000000000000000007FD1055
:10D6C00000000000000001CFFFF500000000000096
:10D6D00000B929FE100000000000003F1002000009
:10D6E000000003DF800A90000000037000DFFF7776
:10D6F000F7555555558FD30FFFFDCCDFDCCCCCCD86
:10D70000FFB08FFE1000AA0000004D400046100040
:10D7100001F202331000000000000009B1CFF9004F
:10D720000000000000000AFFFF9000000000000061
:10D730000000BFF90000000000000000012200000E
:10D74000000018DFFD920002EFFBEFFF300DFFFA43
:10D750002EFFE04FFFFA03FFF59FFAFA354FFACF9D
:10D76000C08A3D0BFDEFFB03128FFEFFFFB006FFEB
:10D77000FFFFFFD108FFFFEFFD11109FFFDFD15921
:10D780003B0BFDAFD7FA381DFB5FFFFA01DFF70D4A
:10D79000FFFA1DFFF103EFFCDFFF500018DFFEA3CF
:10D7A0000000007FFFF70000EFFFFFFFFFFFFEEF2D
:10D7B000FFFFFFFFFFFE000000000000000FFFFF63
:10D7C000FFFFFFF00FFFFFFFFFFFF00FF99F99F939
:10D7D0009FF00FF88F88F88FF00FF88F88F88FF090
:10D7E0000FF88F88F88FF00FF88F88F88FF00FF808
:10D7F0008F88F88FF00FF88F88F88FF00FF99F99C6
:10D80000F99FF00FFFFFFFFFFFF008FFFFFFFFFF93
:10D81000800000000000007FA00000000000008FDA
:10D82000FFB000000000000DFFFFA0000000008A14
:10D830001DFFFF000000008FFA1DFF700000008F29
:10D84000FFFA1D800000008FFFFFFA000000008F2C
:10D85000FFFFFF800000008FFFFFFF800000008FB0
:10D86000FFFFFF800000008FFFFFFF800000006FC0
:10D87000FFFFFF800000000BFFFFFF8000000000A3
:10D88000DFFFFF80000000000EFFFF8000000000AF
:10D8900000DEDB600000000000000000000000006F
:10D8A000000000001BFFFFFFFFFFFFE40001DFFFA0
:10D8B000FFFFFFFFFFFE001DFFFFFAEFFEAFFFFFC0
:10D8C00001DFFFFFA02EE20AFFFF1DFFFFFFE202C4
:10D8D000202EFFFFCFFFFFFFFE2002EFFFFFCFFF55
:10D8E000FFFFFE2002EFFFFF1DFFFFFFE202202EE1
:10D8F000FFFF01DFFFFFA02EE20AFFFF001DFFFF79
:10D90000FAEFFEAFFFFF0001DFFFFFFFFFFFFFFEAB
:10D9100000001BFFFFFFFFFFFFE40008FFFFFFE425
:10D92000008FFFFFFFFE08F80F0B40FF8FF80F0B73
:10D9300040FFFFF80F0B40FFFFFFFFFFFFFFFFFF60
:10D94000FFFFFFFFFFFFFFFFFFFFFFFFFFFFFFFFE7
:10D95000FFFFFFFFFFFFFFFFFFFFFFFFFFFFFFFFD7
:10D96000FFFFFFFFFFFFFFFFFFFFFFFFFFFFEFFFD7
:10D97000FFFFFFFE4EFFFFFFFFE40000000000007E
:10D9800000010000000000000003E00000100000A3
:10D990000002EF1000BF000000007FF100CFF10097
:10D9A000000007FF11CFFF77777777BFF1CFFFFF39
:10D9B000FFFFFFFFFF17FFFFFFFFFFFFFFE007FF76
:10D9C000F100000000000006FF1000000000000051
:10D9D00005A00000000000000000000000000000A2
:10D9E000000050040000000000005004030C01007F
:10D9F00012004006050501071F00400B0B0C00003C
:10DA00006100F0090A1000FEB100800D0D0C00004D
:10DA1000FF00000B0B0D00FF47016003020501072B
:10DA20004C016005040F01FD6A017005040F00FD43
:10DA30008801600607070005A101500908080102D6
:10DA4000C101A003030500FEC9012006060300036F
:10DA5000D201A00303030000D701A0050810FFFEB8
:10DA60001702B00A0A0C00005302F005050C000072
:10DA700071023009090C0000A7022009090C0000FE
:10DA8000DD02B00A0B0C00001F033009090C000076
:10DA90005503E0090A0C000091039009090C0000ED
:10DAA000C703500A0A0C00000304E0090A0C000036
:10DAB0003F04A003030900004D04A003030C00FD74
:10DAC0005F045009080801027F0450090806010399
:10DAD0009704500908080102B7043009090C000036
:10DAE000ED049010100F00FD6505B00B0D0CFF004C
:10DAF000B305200C0B0C0100F505900B0B0C00007E
:10DB00003706300D0C0C01007F06C00A090C01001D
:10DB1000B506300A090C0100EB06600C0C0C000085
:10DB20003307000D0B0C01007507F004030C010016
:10DB300087073008080CFF00B707800B0B0C0100AB
:10DB4000F9078009090C01002F08400F0D0C010096
:10DB50007D08000D0B0C0100BF08700D0D0C0000BE
:10DB60000D09900B0A0C01004909700D0E0F00FD04
:10DB7000B209A00B0A0C0100EE09F0090A0C000022
:10DB80002A0A60090A0C0000660AA00C0B0C0100AE
:10DB9000A80A600B0D0CFF00F60A0012120C000020
:10DBA000620BC00A0B0C0000A40B600A0C0CFF00F7
:10DBB000EC0B800A0B0C00002E0C5005050F01FD2C
:10DBC000540CA0050810FFFE940C5005040F00FD36
:10DBD000B20C500908070102CE0C0008080200FE32
:10DBE000D60CA0090502010ADB0C90090909000006
:10DBF000040DF00A0A0C0100400D2009090900007B
:10DC0000690DF00A0A0C0000A50DD0090A090000F0
:10DC1000D20DA005070C0000FC0D100B0A0C00FD36
:10DC2000380EE00A090C01006E0E7004030C0100AE
:10DC3000800E9004060FFEFDAD0EE009090C0100F8
:10DC4000E30E7004020C0100EF0EF0100F0901004A
:10DC5000330FE00A090901005C0F300A0A090000CD
:10DC6000890FF00A0A0C01FDC50FF00A0A0C00FD2D
:10DC700001109006060901001C10000808090000A8
:10DC80004010A006070B00006710D00A0909010028
:10DC90009010F0080A09FF00BD10600E0F09000087
:10DCA0000111D008090900002A11F0080A0CFFFD33
:10DCB00066115008080900008A11A005060F00FD32
:10DCC000B711D004030F01FDCE11A005050F00FD13
:10DCD000F4115009090500040B12B00606060006EF
:10DCE0001D1200050304010323120010101100FE91
:10DCF000AB120010100C00000B130010100E00FFF0
:10DD00007B130010100C0000DB13000B0B0C000049
:10DD10001D140010101000FE9D140010101000FEC5
:10DD20001D150012120E00FF9B150010101000FEB2
:10DD30001B160012120C000087160010101000FEB7
:10DD400007170008080E00FF3F17000C0C0E00FF1D
:10DD500093170012121000FE23180010100C000080
:10DD60008318000B0B1000FEDB18000E0A1002FED9
:10DD70002B19000E0E1200FDA919000E0E0F00FF48
:10DD8000121A000E0E0E00FF741A000E0A1002FE88
:10DD9000C41A000E100EFFFF341B000A0A0E00FF0B
:10DDA0007A1B000A0A0E00FFC01B000E0E0E00FFB9
:10DDB000221C000E0E0400043E1C0012120C000077
:10DDC000AA1C0014141000FE4A1D00121410FFFEBD
:10DDD000EA1D0010101000FE6A1E000E0E0A00015F
:10DDE000B01E000E0E0A0001F61E0014140E00FFF5
:10DDF000821F0010100C0000E21F0010101000FE27
:10DE0000622000101111FFFEF320000E0F0E00FF24
:10DE10005C21000E0E1000FECC21000E0E0E00FF45
:10DE20002E22000E0E0E00FF90220010100C00009B
:10DE3000F022000A0C10FFFE5023000E0E1000FE10
:10DE4000C023000E0E1000FE30240012120C000041
:10DE50009C2400101212FFFD3E25000C0C1000FE49
:10DE60009E250014140F00FF34260014140A00012C
:10DE700098260014140A0001FC260014140A00015C
:10DE800060270014140A0001C4270014140A0001BA
:10DE900028280014150E00FFBB28000E0C1001FEF0
:10DEA0001B29000E0E1000FE8B2900101111FFFD22
:10DEB0001C2A0014140C0000942A000C0C1000FE04
:10DEC000F42A2010110B00010000721F51EF58EFCF
:10DED0005BEF5CEF5DEF61EF63EF65EF69EF6CEFB8
:10DEE00071EF76EF77EF78EF8EEF93EF98EF9BEF90
:10DEF0009CEF9DEFA1EFA2EFA3EFA4EFB7EFB8EF78
:10DF0000BEEFC0EFC1EFC4EFC7EFC8EFC9EFCBEF73
:10DF1000E3EFE5EF14F015F017F019F030F037F0FB
:10DF20003AF043F06CF074F0ABF03BF190F191F10A
:10DF300092F193F194F1D7F1E3F13DF254F2AAF4A6
:10DF400012F7F2F7200000005F000100000000005F
:10DF50000000000000000200B0000000F3F76000C5
:10DF6000C8DE0308000000003E00030000000102BC
:10DF70000003040502060708090A090A0B0C000D34
:10DF80000E0F101112130C141400000015161718A0
:10DF900019161A1B1C1D1D1E1F201D1D16212223B4
:10DFA00003241E2525262728292A2B002C002D2E68
:10DFB0002F303132332D343435302D2D2E2E36374F
:10DFC0003839333A3A3B3A3C290000093D09000010
:10DFD0000000000000000000000000000000000041
:10DFE0000000000000000000000000000000000031
:10DFF0000000000000000000000000000000000021
:10E00000000000000000000000000000010200030A
:10E01000040502060708090A090A0B0C0D0E0F1069
:10E02000110C1213141515000000161718191719E2
:10E0300019191719191A1919191917191719031B69
:10E040001C1D1D1E1F2021222300240025262727FA
:10E0500027002726282926262A2A272A272A2B2C62
:10E060002D2E2E2F2E300000230931090000000034
:10E0700000000000000000000000000000000000A0
:10E080000000000000000000000000000000000090
:10E090000000000000000000000000000000000080
:10E0A000000000000000000000010000000000006F
:10E0B000000100000300000000020000000000005A
:10E0C000000000000000000000000100000000004F
:10E0D000000000000000000000010C0007FA000032
:10E0E0000000F2F1020C0604F6020D010B03080019
:10E0F000000000000000000000000F02FE00000011
:10E100000000000000000000000500F80000000012
:10E1100000FB04050000FD00FE0300FD00FDFFFB09
:10E1200000000000FD0000FDFC0000FD00FB000001
:10E1300000000000000000FDFD00FC00F900E1000F
:10E1400000FB0005080000FB03030805FC050000B8
:10E15000F10000000000000000000000F7000000D7
:10E160000000000000000000000000F9FDF300F6D0
:10E17000FE00000000010A00F8FEFF0100FC0000A4
:10E18000FEED0000000000000000000000ECFE0AB0
:10E19000000000000000000000000000F600000089
:10E1A000000000000000000800030000FB00000069
:10E1B00000000000000000000000000000000A0253
:10E1C000010000000000000000000000000000004E
:10E1D000000000000000000000000000000000003F
:10E1E0000000000000000000F70000000000000038
:10E1F000000000000000000000000000000000021D
:10E20000050308FD000005FDF8DD02070501FD001E
:10E21000090008000800E800FD080008FD050300EB
:10E220000001FD0000FC1400140008000B030408AA
:10E23000000000F70000000001FE0002FBFDFB02F1
:10E2400000FD000000F600000000000000000000DB
:10E2500000EF0000000000000000000000000000CF
:10E260000001F200F000000000FE0019FDFD0303B4
:10E27000FE00FD030000F2000000000000000000AE
:10E280000000E700030000000000000000000000A4
:10E2900000F0000F0000F7000800EFE7EFFB0800B8
:10E2A00000EF0003FA00FC00000000000000000086
:10E2B0000000000708E1000000000000000000006E
:10E2C00000000C000200000000000202FDFB00FF45
:10E2D000FFFD0000FE000000FB00FE00FAFB00FA5C
:10E2E000F8F8FB00FB00FB00000000FE000003004C
:10E2F00002FD000100000003FE000000FE0303FF1A
:10E30000000000FB00FF0000000000010003FE0011
:10E31000FD00FC0000FE00080000FD000000000001
:10E32000FF01FEFE0000FD00FD00000000000000F7
:10E330000000FFFF00FDFD0000000000010000FEE6
:10E3400000FDFDFD000000000000000000FE0000D8
:10E350000000FEFD00FC00F8FEF8050000FB0305D0
:10E360000700FAFFFD00FFF403FE02F203000001C4
:10E37000F300F2FEEAFE00F30005070003000000D0
:10E38000000100FBFD00F8000000FD000000FD00A2
:10E3900000000000FFFF00FFFD0000000000000083
:10E3A000FDFD00FEFDFE0000FD000000000000007D
:10E3B00000000000FEFE00FD00FE00FB030000FD6B
:10E3C000010303000000000000FE00000000000246
:10E3D0000000FD00FDFEFD00000000000000020046
:10E3E000FE00000000FDFC00FB0008FE01F800003C
:10E3F00007F3F3F5FB0300FEEFFB00FB00FB04FB60
:10E40000F000F9000001FF02FE000300F8F600F33F
:10E41000FAFBFAF8FDF9FFFBF902000100FD00002C
:10E42000000200030000000000000000000000FDEA
:10E4300000FF00FFFD00FCFAFAFF00F800000000FA
:10E440000000FE0000000001FE00000003000000CC
:10E4500000000000000C00000000000002000000AE
:10E46000FD0000000000000000000000FB000300B1
:10E47000000000000000000000000000FE0000009E
:10E48000FB00000000F3F8000000FCF30000FD03B7
:10E4900000F900000000000000000000FC0000FB8C
:10E4A0000000000000000000000000000300FB006E
:10E4B000000000030002FBFB00FDFDFD000000006A
:10E4C0000000F800FD00FCFD00FAFAF8FE00FB0079
:10E4D000F800000000140000010000FD000300F53A
:10E4E0000000000000E8FB0808FEF50003FC00F354
:10E4F000FFFD03EEFD030004F7FCF7F8F50000F163
:10E50000000F0000FF000000FFFFFDF9F8FFE8002A
:10E5100000000000000000000100000000000000FA
:10E52000000000000000000000FD00FFFDFC0000F6
:10E53000FB00FD00000000000000000000000000E3
:10E540000000FF00FB000005FF0300FA03FEFFF9D7
:10E55000FD00FDFDFE00FCFC0000FEFFFEFCFD00DA
:10E5600000FD0003FE00FA000000FB00FC00FCFCC4
:10E57000030000000000000000FB0300FC00FEFDA3
:10E58000F8FEFEFEFFFEFDFF0000000000FDFEFEA7
:10E590000000000003FE00FE000000FEFDFEFEFD88
:10E5A000FE00020AFF00F900FE0500FDF5FD040073
:10E5B00000F4FC03FC0200FEFEF800FC010000FC7D
:10E5C0000000000303FBFB00FCFDFCFDFD00FC0163
:10E5D000FBFC080000000000000000000300000039
:10E5E000000000000000000000000000000000002B
:10E5F00000000000FC00000000000000000000001F
:10E60000000000000000000000000000000000000A
:10E6100000000000000000000000000000000000FA
:10E62000FE000000000000000000000000000000EC
:10E630000000000000000000000000000000FEFDDF
:10E64000000000000000000000000000FC0000FDD1
:10E650000000FDFD00000000FD00000000FF0000C4
:10E66000000000FE00000000FC00FB000000F800BD
:10E6700002FA0501FEF40000FAFD00F6FAF90000C6
:10E68000F5FDF6F6F400F9000211FD00FAFDFFFDBC
:10E69000FCF9FBF7F6FAFD0000FE00010000EEFEBB
:10E6A0000806FAF70001F800F3FEFD05E8FD010099
:10E6B00000EFFDF3FDED0000EE000F0100FE000095
:10E6C0000000FFFEF6FE00EF00000000F800FE0074
:10E6D000FFF9F40000FFFCF8FD00FE00000000F46C
:10E6E000FDF8F8FEFCFAFDFC00FBFEF8FC00FDFB6B
:10E6F000FDFB000100FEF8000500FB000000000328
:10E700000002FB0A00FDFDFD000000000000F80013
:10E71000FD00FCFD00FAFAF8FE00FB020A00000012
:10E7200000140000010000FD0003000000000000D4
:10E730000000FF0000000000FEFB0000000000FFE2
:10E74000000000FDFD0000FBFD0000FB0004FF00D9
:10E7500000000000000100000000040502FE00F8B7
:10E76000FC0008F8F8FBFB0A0503EAFE05FD00FDC6
:10E7700003FDF700FD03FDFEF8FE0000080500F9AB
:10E7800000F2FD07FDF601FDF8F8FD0A0300FC00AC
:10E79000F9000208FAF7F6FA080001EDFE03FCFEA4
:10E7A000FA00FAF7FCFCFE0000FAFBFD000806FD8B
:10E7B000F200F2FC00F7F1FFF8FCF8F9070000FDA9
:10E7C00000FBFE00FDFB0004F8030000F200FDFA70
:10E7D000FCFEF8FAF8FA00F8FDFAFBF8FD0000017B
:10E7E0000CFC00F8FD00FDFBFAF9F9F6FDFB050055
:10E7F000FC00F3FD0205F8F7FBF808FD01E8FB0556
:10E80000FAFCF700F8F5FDFDFEFDFBF8FF0000083F
:10E8100007FEEF00F1FA06F6EFFBF7F5F3F8050057
:10E82000000000FD000003FD0502FB050000F8FFED
:10E8300000FF000101FE000000000000FD000000DC
:10E840000002080100FD00000000FEFEFD000000C7
:10E850000102000000000200FE000A00050101FDA7
:10E8600000050000000200000000000000000000A1
:10E870000008000700000000000000000000000089
:10E880000000F100FD04000800001903FBFB030376
:10E89000FE01F300000CF100000000000000000089
:10E8A0000000EF0A2400000000000000000000004B
:10E8B00000F1000000000000000000000000000067
:10E8C000000000000000000000000000FC0000FB51
:10E8D000FE0000000000000000000000000000003A
:10E8E00000000000FE00F900000100000321FBFE13
:10E8F0000807F90300000303FD000000000000000A
:10E9000000000000DF070000000000000000000021
:10E9100000000000000000F9000000F90000000005
:10E92000FAFF000000FA00FD00F400000000000003
:10E930000000000000EF00000000010000000000E7
:10E9400000FD0000FB00FC00F9000000FC03FD00DE
:10E9500000F9FDFA0000F900FD00F400FD0000EBF5
:10E96000FBF6FDF70000EF00F9FF000000000000DB
:10E970000000FCFBFEFC00000000FA00FA03FD05AD
:10E9800000FEFAFEFCFB00FDFFFE02F9FF000000A6
:10E99000E9FEFC00FA00FEF4FE0000FEFE000000AE
:10E9A000000200FEFCFE0400000000000000000069
:10E9B0000000000000000000000000000000000057
:10E9C0000000000000000000000000000000000047
:10E9D000000003000000000000FA00FE000000FB41
:10E9E00003000000F9FDFB0000F900FD00F4000049
:10E9F0000000E700FBF7F30000EF00FEFC00000062
:10EA00000000000000FDFCFFFC01000004FD000808
:10EA10000DFDFDF8030D0406F9030B0307060700BF
:10EA200000000000000000000000100CFBFD00FED4
:10EA3000140B14000000030000090000FC0000009B
:10EA4000000000000000FE000000000000000004C4
:10EA500000000000EAFDFEF6F30000EF00000000F9
:10EA600000000000000000000000000000FC0000AA
:10EA700000000000000000FE000000000000000098
:10EA80000400000000EAFDFEF6F30000F6000000BE
:10EA90000000000000000000000000000000000076
:10EAA000FE000000FA0300FD020503F800FFFE036C
:10EAB000000200000000FA00FEFEFB00FEF600105F
:10EAC000FD00FAFE00FEFC00FDF9FBFD000000FC6D
:10EAD000000000000000000000FE00000000000038
:10EAE00000000400000000EAFDFEF6F30000EF0065
:10EAF00000000000000D0000000000000000000009
:10EB0000FC00F8FDFE08FEFDF601FE01FEF901061F
:10EB100001020102FAF6FD00F6FBF9F5F600FCFB36
:10EB2000FDFDFEFEFDFE00FEFF040004FE000800E9
:10EB30000000000000000000000000FEFDFD0000DD
:10EB4000F900FF00FC0000000000000000000000D1
:10EB5000F10000000000000000000000FDFD00FDCD
:10EB600000000000FE0000FCFD0300FCFBFE00F9BD
:10EB7000FEFAFEFD00FC00000000000000000000A6
:10EB800000EF00080000FB00000000FD00FD000099
:10EB9000FF0000FE00FA00000BFDF8F8020303FF7F
:10EBA000F9020402080208FEF90000F60000F8F974
:10EBB0000000FB00FDFC00FC00FC00FE0400FEF871
:10EBC000FD090000FE00FB000003FA0003FD020047
:10EBD00000F800FEFF00FD03FE000000F6FDFA0055
:10EBE000F80000F40009FD00FB000200FD00FDF844
:10EBF00000FD0300000000FE000003FD010000FD19
:10EC0000FE00FD0000000000000000000000000009
:10EC100000000000F000060000FE000000000100FF
:10EC2000FDFD0000000500060000000000F0F101FD
:10EC30000B0804F6020B00090005000000000000AC
:10EC400000000000000E00000000000000000000B6
:10EC50000000000000000000A8E003086CDF0308CB
:10EC60000AE003083D31000086AE0308D8D9030846
:10EC700044DF030858EC030810000228680201244E
:10EC8000EDF80108F5F701081200030000FF01008C
:10EC900068EC030800000000000000006FC6FC5F85
:10ECA000B4FA4FA3F93F92F82F71D60001949FE474
:10ECB000F9BE01F8BE01F8AD01F7AD00F7AD00F700
:10ECC00057008300007F0004F2000000AC0007F052
:10ECD000000000CA0009D0000DFFFFFFFFFFF8068B
:10ECE00088FB888EC8840002F4000F70000003F2D5
:10ECF000000F50000005F1002F40000007F0004F0A
:10ED000020007FFFFFFFFFFFE0388DD888CF88709D
:10ED1000000D9000AC0000000F7000CA0000001F42
:10ED20005000E80000000005F00000000005F000C1
:10ED300000000005F000000007CFFFC81001DFFE53
:10ED4000FDFFD008FC15F006600CF305F000000C88
:10ED5000F505F0000006FE76F00000008FFFF94098
:10ED60000000027CFFFE40000005F4AFF200000549
:10ED7000F009F7010005F006F80C9205F02DF40CEF
:10ED8000FFEDFDFFA0004AEFFFC600000005F00008
:10ED900000000005F00000000002700000009EE985
:10EDA000000000DA0000AD44DA00009E10001F40B1
:10EDB00004F1004F400003F1001F301E9000002FAF
:10EDC0003003F10AD0000000CB11BB05F3000000B6
:10EDD00001CFFC11E81AFE7000001100AD0AD45FEB
:10EDE000600000005F32F3007E0000001F704F00E3
:10EDF00004F000000BC004F0003F000006F2002FFA
:10EE00002006E00002F70000BB23E60000CC000073
:10EE100001AFE80000019DFD700000000DF97BF7D7
:10EE20000000004F9000DC0000005F7000EC00006C
:10EE3000001FE11BF400000005FDEF50000000047E
:10EE4000EFF3000000008FC7FD20083007F9005FD6
:10EE5000E21F800EE00005FEAF300FD000004FFC37
:10EE6000000DF700005EFF3004FFEBBEFE6FF20006
:10EE700029DFFC7003B000000000000000BEBEAD42
:10EE8000ADAD57000ED0007F6000EF0003FA000820
:10EE9000F5000BF2000EF0000FE0000FD0001FC0D5
:10EEA000000FD0000FE0000EF0000BF20008F5009C
:10EEB00003FA0000EE00007F60000ED02FB000AF1C
:10EEC0003003FA000EF0009F4006F7003FA002FB5F
:10EED000001FC000FD001FC002FB003FA006F7009E
:10EEE0009F400EF003FA00AF302FB00000099000F1
:10EEF000260990625FCBBCF502BFFB2007EFFE70D6
:10EF00006F6996F60109901000066000000000008D
:10EF1000000000FA00000000FA00000000FA000003
:10EF20000000FA0000AFFFFFFFF46AAAFDAAA200EA
:10EF300000FA00000000FA00000000FA000006A13C
:10EF40000FF80AF705F209C00D709BBBB5DFFFF89B
:10EF500007B20FF80AE40000000750000004F700B1
:10EF60000000AF1000000FC0000004F6000000AF6A
:10EF70001000000FC0000005F6000000AF100000F8
:10EF80000FB0000005F6000000AF1000000FB00049
:10EF90000005F6000000BF1000001FB0000006F5DD
:10EFA000000000BF0000001FB0000006F5000000D8
:10EFB00000018DFEA3000002EFFDEFF60000DFA1CF
:10EFC000006FF2006FC000007FB00BF4000000FF84
:10EFD00000EF1000000CF30FF0000000AF50FF0036
:10EFE00000000AF50EF1000000CF30BF4000000F16
:10EFF000F006FC000007FB000DFA1006FF20002EB3
:10F00000FFDFFF60000018DFEA3000DFFFF4ACCE66
:10F01000F4000BF4000BF4000BF4000BF4000BF401
:10F02000000BF4000BF4000BF4000BF4000BF400E5
:10F030000BF4000BF4006CEFEA3002DFFEDFFF5050
:10F040005F910009FE001000000EF200000000DFDA
:10F05000200000002FD00000001DF50000001CF86B
:10F060000000001DF80000001DF80000002EF70051
:10F0700000002EF60000002EFFCCCCCC94FFFFFF4A
:10F08000FFFC4FFFFFFFFF03CCCCCCEFD000000014
:10F090002FE20000001DF40000000CF60000000943
:10F0A000FA00000000FFFE8000000668EFC00000CC
:10F0B0000000DF5000000008F801000000AF77E614
:10F0C00010006FF27FFFEEFFF60028CFFEA30000D6
:10F0D000000007FB00000000003FD100000000011D
:10F0E000EF30000000000CF600000000008FA000D0
:10F0F00000000004FD00010000002EF2006F70000F
:10F1000000CF50006F700009F900006F70003FFFE2
:10F11000FFFFFFFFF22CCCCCCCDFECC100000000E5
:10F120007F7000000000007F7000000000007F7012
:10F130000000FFFFFFFF001FFCCCCCC002FB000063
:10F1400000004F9000000006F7000000007FECCAAE
:10F15000720009FFFFFFF7000000028FF4000000BB
:10F16000008FA000000004FC020000006FA3F82044
:10F17000005FF44FFFEDFFF90017CEFEB500000071
:10F180005BEFEB60000BFFECDFB000AFB2000110F3
:10F1900004FC000000000AF4000000000EF06CFF08
:10F1A000C6000FFAFDBCFFA00FFF60002EF50FFA9E
:10F1B000000005FA0CF7000003FC07FA000005FA4E
:10F1C00001EF60002EF4004FFEBCFF8000019DFEA9
:10F1D000B4006FFFFFFFFFF26FECCCCCDFF16F806C
:10F1E00000006FA06F800000DF3014200004FC00DE
:10F1F0000000000CF5000000003FD000000000AF50
:10F200006000000002FE0000000009F8000000009D
:10F210001FF1000000007F9000000000EF200000C0
:10F220000006FB0000000006CEFEB50000CFFCACDF
:10F23000FFB006FC10002DF409F6000008F706FBED
:10F2400000001DF400AFEA9AFF80005EFFFFFE4061
:10F2500006FE61027FF40EF3000005FC1FE00000D3
:10F2600000FF0FF1000003FE0AFB10002DF801DF84
:10F27000FCBCFFC00007CEFEB600003AEFEB40003A
:10F2800006FFDACFF8001FF40001CF505F900000B6
:10F290002FD06F9000003FF12FF40001CFF408FF52
:10F2A000DABFECF5004BEFD91AF4000000000DF3C3
:10F2B000000000001FF000000000AF900040001AA6
:10F2C000FE1006FEDDFFE30003ADFEC710000AE4FA
:10F2D0000FF807B20000000000000000000007B2B5
:10F2E0000FF80AE40AE40FF807B20000000000007B
:10F2F0000000000006A10FF80AF705F209C00D7022
:10F3000000000000630000029FF40005CFFB4028CE
:10F31000EFE81000AFC40000008FFA400000029E2A
:10F32000FD710000006CFFB200000039F400000025
:10F330000001AFFFFFFFF46AAAAAAAA20000000022
:10F340000000000000000000000000AFFFFFFFF41D
:10F350006AAAAAAAA26300000000AFD61000001794
:10F36000DFF930000003AFFC600000016EF4000024
:10F3700006CFF30039FFD6005DFFA30000AD71009A
:10F3800000002000000000007CEFDA3002EFFCCE2D
:10F39000FF606F800008FE001000000FF100000009
:10F3A00001FE00000000BF60000001CF80000000EF
:10F3B000CF800000004FC000000003740000000078
:10F3C0000000000000029300000000AFC000000039
:10F3D00006F8000000000049DFFEC9300000000010
:10F3E0002DFD97679EFB10000005FD300000004DCD
:10F3F000E300003FA00058850394BE1000EC002DF0
:10F40000FFFFD7F51DB006F301EF7104DFF505F23C
:10F410000BD008F700001EF500E70E900CF000007E
:10F4200008F500CA0F700EE0000006F500AB0F7083
:10F430000DF0000006F500BA0E900AF300000BF57F
:10F4400000D80BD003FD10007FF703F406F3007F14
:10F45000FA9DF7FEAEC000EC0004CFFB405EFA1050
:10F46000003FA0000000000000000005FD3000008B
:10F470000000000000003DFD9768AF700000000034
:10F48000005ADFFDB71000000000000EF800000079
:10F490000000005FFE000000000000DFAF60000021
:10F4A000000004FA1FD0000000000BF30AF5000072
:10F4B00000002FC003FC00000000AF5000CF300060
:10F4C0000001FE00005FB0000008F700000EF2002F
:10F4D000000EFFFFFFFFF900006FDAAAAAAAFF10D3
:10F4E00000DF300000009F8005FB000000002FE0DF
:10F4F0000CF4000000000AF6EFFFFFFEB5000EFB63
:10F50000AAABDFFA00EF1000004FF30EF10000008D
:10F51000AF60EF1000000CF40EF1000029FC00EFCA
:10F52000FFFFFFFD100EFBAAAACEFD10EF1000009A
:10F5300008FB0EF10000000FF0EF10000000FF1EAE
:10F54000F10000008FE0EFBAAAABEFF40EFFFFFF6F
:10F55000FD9200000017CEFEB5000005EFFFDEFFB4
:10F56000C1005FF920003BF502FF60000000300899
:10F57000F900000000000DF300000000000FF00093
:10F58000000000000FF000000000000DF30000007C
:10F59000000008F9000000000002FF6000000030D9
:10F5A000005FFA30003BF50005EFFFDFFFC1000010
:10F5B00017CEFEB500EFFFFFFDA40000EFDCCCDFAF
:10F5C000FFB100EF1000005DFD00EF10000000CF64
:10F5D000A0EF100000001FF1EF100000000AF6EF8E
:10F5E0001000000008F8EF1000000007F8EF10000E
:10F5F00000000AF6EF100000001FF1EF10000000FD
:10F60000BFA0EF1000005DFD10EFCCCCDFFFB1001C
:10F61000EFFFFFFDA40000EFFFFFFFFF0EFDCCCCCE
:10F62000CCC0EF100000000EF100000000EF100051
:10F6300000000EF100000000EFFFFFFFF20EFCCC17
:10F64000CCCC10EF100000000EF100000000EF1015
:10F650000000000EF100000000EFCCCCCCCC3EFF4F
:10F66000FFFFFFF4EFFFFFFFFFEFDCCCCCCCEF1090
:10F67000000000EF10000000EF10000000EF10008D
:10F680000000EFCCCCCCC1EFFFFFFFF2EF10000089
:10F6900000EF10000000EF10000000EF100000006D
:10F6A000EF10000000EF10000000000016CEFEB6C4
:10F6B000000005EFFFDEFFD2005FF9200029F7020E
:10F6C000FF600000002008F900000000000DF300BA
:10F6D000000000000FF000000000110FF00000001B
:10F6E00003FB0DF300000003FB08FA00000003FB1E
:10F6F00001FF60000003FB005FFA30002AFB0004FA
:10F70000EFFFDFFFE4000017CEFEB600EF100000B1
:10F7100000DF2EF10000000DF2EF10000000DF2EE0
:10F72000F10000000DF2EF10000000DF2EF10000EC
:10F73000000DF2EFFFFFFFFFFF2EFDCCCCCCCFF290
:10F74000EF10000000DF2EF10000000DF2EF1000BE
:10F750000000DF2EF10000000DF2EF10000000DFCE
:10F760002EF10000000DF2EF1EF1EF1EF1EF1EF181
:10F77000EF1EF1EF1EF1EF1EF1EF1EF100CFFFFFC4
:10F78000F4009CCCCFF40000000BF40000000BF45C
:10F790000000000BF40000000BF40000000BF4006C
:10F7A00000000BF40000000BF40000000BF401005B
:10F7B000000DF20CC2006FE00AFFDEFF60006CFF7C
:10F7C000C500EF1000000BF80EF100000BF800EF81
:10F7D00010000BF9000EF1000BFA0000EF100AFB0D
:10F7E00000000EF10AFB000000EF19FF3000000ED0
:10F7F000FAFEFE100000EFFD1AFC00000EFD100CDA
:10F80000FA0000EF20001EF7000EF100002FF400B8
:10F81000EF1000004FF20EF10000006FD1EF10006A
:10F820000000EF10000000EF10000000EF100000DB
:10F8300000EF10000000EF10000000EF10000000CB
:10F84000EF10000000EF10000000EF10000000EFCC
:10F8500010000000EF10000000EFCCCCCCC8EFFF90
:10F86000FFFFFBEF10000000000EFEF9000000009B
:10F8700008FFEFF300000002FFFEFFC0000000BF22
:10F88000FFEF9F6000004FAFFEF1EE10000DF1FFA3
:10F89000EF06F90007F70EFEF00CF301FD00EFEFA5
:10F8A000003FC0AF400EFEF0009F9FA000EFEF00B2
:10F8B00001EFF1000EFEF00006F70000EFEF000090
:10F8C0000400000EFEF00000000000EFEF2000003A
:10F8D00000DF2EFD1000000DF2EFFB000000DF2E18
:10F8E000FEF800000DF2EF4FF50000DF2EF15FF3A0
:10F8F000000DF2EF108FE100DF2EF100BFC00DF21E
:10F90000EF1001DF90DF2EF10002FF6DF2EF10002B
:10F9100005FFFF2EF1000008FFF2EF1000000BFFC3
:10F920002EF10000000DF2000016CEFEB500000022
:10F9300004EFFEDFFFD300005FF920003BFF200152
:10F94000FF600000009FD008F9000000000DF50DD9
:10F95000F30000000006FA0FF00000000003FC0FA7
:10F96000F00000000003FC0DF30000000006FA08A0
:10F97000F9000000000DF501FF600000009FD000BD
:10F980005FFA20003BFF200004EFFFDFFFD3000001
:10F990000017CEFEB50000EFFFFFEC7000EFDCCDEE
:10F9A000EFFD20EF100002BFC0EF1000000EF3EFDC
:10F9B0001000000AF5EF1000000BF5EF1000002F0B
:10F9C000F2EF100015DFA0EFFFFFFFFB00EFCCCC44
:10F9D000B94000EF1000000000EF1000000000EF41
:10F9E0001000000000EF1000000000000016CEFE26
:10F9F000B5000000004EFFFDFFFD3000005FFA2063
:10FA0000004BFF20001FF600000009FD0008FA006F
:10FA10000000000DF500DF30000000006FA00FF0C7
:10FA20000000000003FC00FF00000000003FC00DCC
:10FA3000F20000000006FA009F9000000000CF5086
:10FA400002FF500000008FD00006FF920003BFF3BA
:10FA5000000006FFFECEFFE3000000028DFFFD6008
:10FA60000000000000009FE2001A10000000008F5C
:10FA7000FBBFF300000000004BEFB300EFFFFFEC13
:10FA80007000EFDCCDEFFD20EF100002BFC0EF10E3
:10FA900000000EF3EF1000000AF5EF1000000BF568
:10FAA000EF1000002FF2EF100015DFA0EFFFFFFFB7
:10FAB000FA00EFCCCBDF9000EF10001EF200EF1049
:10FAC0000004FD00EF1000009F90EF1000000DF407
:10FAD0000006CEFEC71000CFFDCDFFD008FC2000F1
:10FAE00017600CF3000000000CF40000000006FF9B
:10FAF00071000000007FFFD9400000016AEFFE4066
:10FB000000000003AFF20000000008F70100000051
:10FB100007F80DB300003EF40AFFFCCEFF90003959
:10FB2000DFFEA400EFFFFFFFFFFABCCCDFFCCCC878
:10FB300000002FD0000000002FD0000000002FD0C8
:10FB4000000000002FD0000000002FD000000000B7
:10FB50002FD0000000002FD0000000002FD00000A8
:10FB600000002FD0000000002FD0000000002FD098
:10FB7000000000002FD000000FF00000002FD0FF89
:10FB800000000002FD0FF00000002FD0FF00000079
:10FB900002FD0FF00000002FD0FF00000002FD0F5B
:10FBA000F00000002FD0FF00000002FC0FF000006A
:10FBB000002FC0DF30000005FA09F9000000CF6017
:10FBC0002FF80001AFE0005FFFDEFFE3000029DF58
:10FBD000FD81000CF5000000000EF105FC000000A6
:10FBE000006F9000EF30000000DF20007FA00000D9
:10FBF00004FB00001FF200000BF4000009F80000F5
:10FC00002FD0000002FF00009F60000000BF6001D5
:10FC1000FE000000004FD007F8000000000DF40EB9
:10FC2000F10000000006FB5FA00000000000EFEF05
:10FC30003000000000008FFC0000000000001FF5F5
:10FC40000000003FD0000000CF60000002FB0DF379
:10FC5000000001FFC0000008F508F8000007FFF1F0
:10FC600000000DF103FD00000CF8F700003FB000AC
:10FC7000DF30002FB2FC00008F50008F80007F50DB
:10FC8000CF1000DF00003FD000DF007F7003FB00DB
:10FC9000000DF302FA002FC008F5000008F808F57F
:10FCA000000CF20EF0000003FD0DF00007F73FB06E
:10FCB000000000DF6FA00001FC8F500000008FFFEC
:10FCC000400000CFEF000000003FFF0000006FFB8E
:10FCD000000000000DF90000001FF500001FF300F8
:10FCE0000000BF7005FE100006FB00009FA0002F63
:10FCF000E100000DF600DF40000003FF29F80000DE
:10FD000000007FEFC0000000000BFF20000000009B
:10FD10001EFF7000000000BF9FF300000007FC05FD
:10FD2000FD0000003FF200AFA00000DF50000DF525
:10FD3000000AFA000003FF205FD00000007FC00C23
:10FD4000F500000004FB002FE1000000DF20008F21
:10FD50009000007F700000EF30002FD0000005FC05
:10FD6000000BF40000000BF605FA000000002FE184
:10FD7000EF10000000008FEF700000000000DFD0E7
:10FD8000000000000008F70000000000008F700075
:10FD90000000000008F70000000000008F70000065
:10FDA00000000008F70000000FFFFFFFFFFF40CC3E
:10FDB000CCCCCCEFF2000000001DF6000000000BE0
:10FDC000F90000000008FC0000000005FE10000023
:10FDD0000003FF3000000001EF5000000000CF8062
:10FDE000000000009FB0000000006FD10000000084
:10FDF0004FF2000000001EFECCCCCCCC72FFFFFF07
:10FE0000FFFFF9EFFF4EFAA2EF000EF000EF000E39
:10FE1000F000EF000EF000EF000EF000EF000EF02B
:10FE200000EF000EF000EF000EF000EF000EFAA25F
:10FE3000EFFF405700000006F50000001FA0000083
:10FE400000CF00000006F50000001FA0000000BF6A
:10FE500000000006F50000001FB0000000BF000019
:10FE60000006F50000001FB0000000BF10000005F4
:10FE7000F60000000FB0000000AF10000005F60013
:10FE800000000FB0000000AF10000005F6AFFF96B5
:10FE9000ACF9005F9005F9005F9005F9005F9005EF
:10FEA000F9005F9005F9005F9005F9005F9005F992
:10FEB000005F9005F9005F96ACF9AFFF9000007508
:10FEC00000000005FF1000000CBF7000003F49D08B
:10FED00000009D03F40001F700CB0007F1006F2044
:10FEE0000DA0000F804F300009E00000000000FF6F
:10FEF000FFFFFFFF333333333327700005FC10005F
:10FF00002DD105BEFEB4007FFDBDFF502A10007F3D
:10FF1000E00000000DF20001111CF308EFFFFFF3F9
:10FF20009FC6444CF3FF00000BF3EF10003FF38F2C
:10FF3000D769FEF306CFFC59F33FB0000000003F45
:10FF4000B0000000003FB0000000003FB000000023
:10FF5000003FB19EFD92003FDEFDCEFE403FFE30F1
:10FF6000008FE13FF300000AF73FD0000004FA3FA2
:10FF7000B0000002FC3FD0000004FA3FF300000A8A
:10FF8000F73FFE30008FE13FCEFDCEFF403FA19E08
:10FF9000FE92000003AEFE910007FFDCEFE204FEDC
:10FFA00040007F60CF400000100FE000000002FC26
:10FFB000000000000FE000000000CF40000010042F
:10FFC000FE40007F6007FFDCEFE20003AEFE910021
:10FFD0000000000001FD0000000001FD0000000025
:10FFE00001FD0000000001FD0004BEFC61FD008F6A
:10FFF000FDCEFBFD05FE40007FFD0CF5000009FD78
:020000040804EE
:100000000FE0000003FD2FC0000001FD0FE0000025
:1000100003FD0CF4000008FD05FE20005FFD008FCD
:10002000FBADFBFD0004BEFD70FD0004BEFC6000E6
:10003000008FFCBEFC0005FD2000AF800CF300002B
:100040000DF00FE1111119F42FFFFFFFFFF60FE480
:10005000444444410CF30000000004FE40002B2007
:10006000007FFECDFF600003AEFEA3000006DFD6DA
:10007000006FEAC600CF200000EF0000BFFFFFF1D5
:100080007AFFAAA000EF000000EF000000EF0000E0
:1000900000EF000000EF000000EF000000EF0000A4
:1000A00000EF000000EF00000004BEFD70DF008FD5
:1000B000FDCEFCEF05FE40005FFF0CF4000006FFE4
:1000C0000FE0000000FF2FC0000000FF0FE0000065
:1000D00001FF0CF5000007FF05FE40005FFF008FE9
:1000E000FDBEFCFF0004BEFD71FE0000000003FB2E
:1000F00001A400002DF504FFFCBDFFA00028CEFEEA
:10010000B5003FB000000003FB000000003FB0005E
:10011000000003FB000000003FB19EFE9103FDEFD5
:10012000DDFFD03FFD2002DF73FF200004FC3FD045
:1001300000001FD3FB000000FE3FB000000FE3FBF8
:10014000000000FE3FB000000FE3FB000000FE3F98
:10015000B000000FE03EB07FF0084000003FB03F2D
:10016000B03FB03FB03FB03FB03FB03FB03FB03F17
:10017000B03FB00002EC00005FF10000750000002D
:10018000000001FD00001FD00001FD00001FD00095
:1001900001FD00001FD00001FD00001FD00001FD87
:1001A00000001FD00001FD00001FD00005FA07DB92
:1001B000FF407EFD50003FB0000000003FB0000057
:1001C00000003FB0000000003FB0000000003FB062
:1001D0000002DF503FB0002EF6003FB003EF60009A
:1001E0003FB03FF600003FB4FF9000003FEFFFF24A
:1001F00000003FFF59FD00003FF400CF90003FB0EA
:10020000001EF6003FB00004FF203FB000007FD08A
:100210003FB3FB3FB3FB3FB3FB3FB3FB3FB3FB3FFE
:10022000B3FB3FB3FB3FB03FA3AEFD7005CFFC5027
:1002300003FDFEBCFFAAFEBCFF703FFB1003FFF9ED
:100240000004FF13FF100009FE00000BF43FD00074
:10025000006FB000008F63FB000005F9000008F696
:100260003FB000005F9000008F63FB000005F900C5
:100270000008F63FB000005F9000008F63FB0000B5
:1002800005F9000008F63FB000005F9000008F60A5
:100290003FA2AEFE9103FDFFCBEFD03FFC1001CF9C
:1002A00073FF200004FC3FD000001FD3FB000000C0
:1002B000FE3FB000000FE3FB000000FE3FB0000077
:1002C0000FE3FB000000FE3FB000000FE00003AEB4
:1002D000FD9100007FFDCEFE3005FE40007FE10C69
:1002E000F4000009F70FE0000003FB2FC00000013D
:1002F000FD0FE0000003FB0CF4000009F704FE40D2
:10030000007FE1007FFDCEFE300003AEFD91003F97
:10031000A29EFD92003FCEFBADFE403FFD20006F50
:10032000E13FF3000009F73FD0000004FA3FB000BE
:100330000002FC3FD0000004FA3FF300000AF73F40
:10034000FE30008FE13FDEFDCEFF403FB19EFE92CA
:10035000003FB0000000003FB0000000003FB000D0
:100360000000003FB0000000000004BEFC60FD0083
:100370008FFDCEFAFD05FE40007FFD0CF400000964
:10038000FD0FE0000003FD2FC0000001FD0FE000A5
:100390000003FD0CF4000009FD05FE40007FFD0098
:1003A0008FFDCEFBFD0004BEFC61FD0000000001DE
:1003B000FD0000000001FD0000000001FD00000044
:1003C0000001FD3FA19E83FCEFF73FFE4003FF408D
:1003D000003FE00003FC00003FB00003FB00003FD3
:1003E000B00003FB00003FB00000005CEFEA5009E2
:1003F000FFCBDFD01FE10002302FD00000000DFC4A
:1004000063000002CFFFFB30000147BFF200000095
:1004100009F60930000BF55FFEBBEFC005AEFEC765
:10042000000078000000EF000000EF0000BFFFFFB9
:10043000F17AFFAAA000EF000000EF000000EF003B
:100440000000EF000000EF000000EF000000CF40D0
:1004500000006FFBD70007DFD54FA000003FB4FAC4
:10046000000003FB4FA000003FB4FA000003FB4F65
:10047000A000003FB4FA000003FB4FB000005FB2E1
:10048000FD000009FB0DF70005FFB04FFDADFCFBC3
:10049000003BEFD72FB00DF2000000EF006F90008F
:1004A000005F9000FF00000BF20009F60002FB0065
:1004B000002FC0009F400000BF300FD0000004FAA2
:1004C00006F70000000DF1DF100000007FBF900074
:1004D000000001FFF30000000009FC000000BF1055
:1004E0000000EF000001FA5F700005FF600006F5F4
:1004F0000FD0000BFFB0000CE00AF2001FABF100C0
:100500001F9004F8006F55F7007F3000ED00CE001B
:10051000EC00DE00008F32F9009F23F800003F98C6
:10052000F3003F88F200000DEED0000DDEC00000A9
:1005300007FF700007FF70000001FF100002FF10AE
:10054000002FE10000DF306FB000AF6000AF706FD0
:10055000A00000DF5FD1000003FFF30000000BFBF1
:1005600000000006FFF6000002FE2EF20000DF4051
:100570003FD0009F80008FA05FC00000CF600DF2D1
:10058000000000EF006F9000005F8000EF00000BA4
:10059000F20008F70002FB00001FD0009F4000009F
:1005A000AF400FD0000003FB06F60000000DF2DFA5
:1005B000000000006FCF8000000000EFF20000009C
:1005C0000008FB0000000000AF40000003003FC037
:1005D000000002FDBFF300000008EFC400000000AF
:1005E0001FFFFFFFF80AAAAAAFF50000009F9000C6
:1005F0000006FC0000003FE1000001DF4000000BAE
:10060000F70000007FB0000004FD1000001EFCAAEF
:10061000AAA63FFFFFFFFB003CFA00EFC603FC0069
:1006200004FA0004FA0004FA0004FA0005FA008E45
:10063000F600DFE20007F90004FA0004FA0004FA09
:100640000004FA0004FA0002FD0000EFC6003CFAC4
:10065000EEEEEEEEEEEEEEEEEEEEEEEEEEEEEEEEBA
:10066000EEEEEEAFC3006CFE0000CF3000AF4000F6
:10067000AF4000AF4000AF40009F50005FE8002E49
:10068000FD009F70009F4000AF4000AF4000AF40B2
:1006900000AF4000CF306CFE00AFC30009EE600039
:1006A000D67FABFB26F3B9005EFF9031000032002D
:1006B000006DEA1007E53BC00E4000E41F0000B7E4
:1006C0000F3000D508C208E0009FFC200000100099
:1006D00009A28FFC9FFD2DE5000000000000000036
:1006E00000310000000000000015AEFD0000000019
:1006F00000027CFFFFFF0000000049EFFFFFFFFF4B
:10070000000004BFFFFFFFFFFFFF00000FFFFFFF20
:10071000FFFFFFFF00000FFFFFFFFFFB69FF00006F
:100720000FFFFFFE950008FF00000FFFC73000001D
:1007300008FF00000FF80000000008FF00000FF89D
:100740000000000008FF00000FF80000000008FF94
:1007500000000FF80000000008FF00000FF8000084
:10076000017BBDFF00000FF800001EFFFFFF00131C
:100770003FF800007FFFFFFF2BFFFFF800004FFF57
:10078000FFFCDFFFFFF8000006EFFFA1FFFFFFF710
:100790000000000220007FFFFFD1000000000000E9
:1007A000028AA600000000000000C403FFFFFFFF54
:1007B000FFFF404CFDCDFFEEEEEEEEFFDCDFFA8AF0
:1007C000FA00000000AFB8AFF403FA000000009F89
:1007D000404FF404FA000000009F504FFFFFFA0062
:1007E0000000009FFFFFF747FD77777777DF847F73
:1007F000F403FFFFFFFFFFFF404FF747FD777777D9
:1008000077DF847FFFFFFA000000009FFFFFF40402
:10081000FA000000009F504FF403FA000000009F10
:10082000404FFA8AFA00000000AFB8AFFDCDFFEEEE
:10083000EEEEEEFFDCDFC403FFFFFFFFFFFF404CE7
:1008400000000000000000000000DFFFFA0CFFFFC6
:10085000FFFFFFFDFFFFFD0EFFFFFFFFFFFFFFFF9D
:10086000FD0EFFFFFFFFFFFFFFFFFD0EFFFFFFFF7E
:10087000FFFFCFFFF90AFFFFFFFFFFFC00000000B2
:10088000000000000000CFFFF90BFFFFFFFFFFFC9F
:10089000FFFFFD0EFFFFFFFFFFFFFFFFFD0EFFFF4E
:1008A000FFFFFFFFFFFFFD0EFFFFFFFFFFFFCFFF7B
:1008B000FA0BFFFFFFFFFFFC00000000000000003C
:1008C0000000CFFFF90AFFFFFFFFFFFBFFFFFD0E58
:1008D000FFFFFFFFFFFFFFFFFD0EFFFFFFFFFFFF1B
:1008E000FFFFFD0EFFFFFFFFFFFFDFFFFA0CFFFF23
:1008F000FFFFFFFD000000000000000000000000FE
:100900000000000000004E60000000000000000435
:10091000FFF7000000000000004FFFFF0000000094
:10092000000004FFFFF60000000000004FFFFF6022
:1009300006E400000004FFFFF6007FFF4000004FC8
:10094000FFFF6000FFFFF40004FFFFF600006FFFF1
:10095000FF404FFFFF60000006FFFFF8FFFFF500BC
:100960000000006FFFFFFFFF500000000005FFFFC9
:10097000FFF50000000000005FFFFF5000000000D6
:10098000000005FFF500000000000000005E5000C0
:1009900000000000067000000018408FFB000001FE
:1009A000DFF4FFFFB0001DFFFB7FFFFB01DFFFF463
:1009B00008FFFFBDFFFF40008FFFFFFFF4000008AE
:1009C000FFFFFF40000001EFFFFC0000001DFFFFE4
:1009D000FFB00001DFFFFFFFFB001DFFFF48FFFF2F
:1009E000B0CFFFF4008FFFF9DFFF400008FFF92EC2
:1009F000F40000008FC000100000000100000000A3
:100A00000026500000000000000000DFF30000009E
:100A10000000006400DFF400720000000BFE10DF35
:100A2000F409FE300000AFFF50DFF40EFFE10005D7
:100A3000FFFB00DFF405FFFB000DFFB000DFF4005B
:100A40005FFF404FFF2000DFF4000BFFA08FFB0093
:100A500000DFF40004FFF0BFF70000DFF40001FF47
:100A6000F1BFF60000DFF40000FFF2BFF700008DD9
:100A7000C10000FFF18FFA000000000004FFF04FFA
:100A8000FF10000000000AFFB00EFFB000000000E1
:100A90004FFF5006FFF900000004FFFC0000AFFF0D
:100AA000D510039FFFF200000BFFFFFFFFFFFF4089
:100AB0000000008FFFFFFFFFD200000000029EFF3A
:100AC000FFB600000000000000121000000000004F
:100AD00000000002200000000000000006FFFF6090
:100AE00000000000000008FFFF800000000001007F
:100AF0002BFFFFB2001000008F87FFFFFFFF79F888
:100B00000004FFFFFFFFFFFFFFFF400CFFFFFFFFA1
:100B1000FFFFFFFFC02FFFFFFFC77CFFFFFFF207B4
:100B2000FFFFFA0000AFFFFF70006FFFF100001F32
:100B3000FFF600007FFFE000000EFFF700006FFFF0
:100B4000F100001FFFF60007FFFFFA0000AFFFFFF4
:100B5000702FFFFFFFC77CFFFFFFF20CFFFFFFFFBF
:100B6000FFFFFFFFC004FFFFFFFFFFFFFFFF40008D
:100B70008F97FFFFFFFF78F8000001001BFFFFB118
:100B800000100000000008FFFF80000000000000CF
:100B900006FFFF60000000000000000220000000CF
:100BA0000000000000004610006760000000000028
:100BB000009FFE200FFF000000000001BFFFFF515B
:100BC000FFF10000000002DFFC8FFF8FFF1000002C
:100BD0000004FFFA004EFFFFF100000007FFF708D6
:100BE000D32DFFFF1000000AFFF51BFFF50BFFF4EC
:100BF00000001CFFE22DFFFFF708FFF6003EFFC1DB
:100C00004EFFFFFFFA05FFF90EFF906FFFFFFFFF9A
:100C1000FC13EFF64F709FFFFFFFFFFFFE31CC008C
:100C2000003FFFFFFFFFFFFFFB00000004FFFFFF8F
:100C3000FFFFFFFFC00000004FFFFF8001EFFFFC40
:100C400000000004FFFFF6000EFFFFC00000004F91
:100C5000FFFF6000EFFFFC00000004FFFFF6000E46
:100C6000FFFFC00000002FFFFF4000CFFFFA000091
:100C70000000000000000000000000000000000074
:100C800056650000000000000007FFFF7000000034
:100C900000000008FFFF8000000000000008FFFFC8
:100CA0008000000000000008FFFF8000000000003E
:100CB0000008FFFF8000000000000008FFFF800028
:100CC000000000000008FFFF800000000007EEEFBA
:100CD000FFFFFEEE70000005FFFFFFFFFFFF50006B
:100CE00000006FFFFFFFFFF50000000005FFFFFFA2
:100CF000FF5000000000005FFFFFF5000000000053
:100D00000005FFFF500000007AAAAA914FF419AA2B
:100D1000AAA7FFFFFFFD2332DFFFFFFFFFFFFFFF5B
:100D2000F99FFFFFFFFFFFFFFFFFFFFFFFFFFFFF39
:100D3000FFFFFFFFFFFFFB0F48FFFFFFFFFFFFFF6E
:100D4000FFEFEFFF14444444444444444441000052
:100D50003DFFFFFFFFFFF9000000001EFFFFFFFF48
:100D6000FFFFF80000000AFF9888888888DFF300FA
:100D70000005FFA00000000002FFD00001EFE1002D
:100D80000000000007FF8000AFF500000000000039
:100D90000DFF205FFA000000000000003FFC0DFF87
:100DA0009888700000038888DFF5FFFFFFFF500080
:100DB00000CFFFFFFF7FFFFFFFFC00005FFFFFFF93
:100DC000F8FFFFFFFFFFFFFFFFFFFFFF8FFFFFFFAA
:100DD000FFFFFFFFFFFFFFF8FFFFFFFFFFFFFFFF2A
:100DE000FFFFFF8EFFFFFFFFFFFFFFFFFFFFF65E2E
:100DF000FFFFFFFFFFFFFFFFFFFB00000000000100
:100E000010000007BA0000017CFFFFB5000BFF00D7
:100E1000007FFFFFFFFFE50BFF000AFFFFDBBEFFC8
:100E2000FF9AFF00AFFFA200003BFFFFFF05FFF6A8
:100E3000000000005FFFFF0DFF60000007BA9CFF8D
:100E4000FF3FFC0000000CFFFFFFFF7FF6000000EB
:100E50000BFFFFFFFF00000000000000000000008B
:100E60000000000000000000000000000000000082
:100E7000000000FFFFFFFFB00000006FF6FFFFFF64
:100E8000FFC0000000CFF3FFFFC9AA70000007FFFA
:100E9000D0FFFFF5000000006FFF50FFFFFFB30021
:100EA000003BFFF900FFA9FFFFEBBDFFFFA000FF24
:100EB000B05DFFFFFFFFF70000FFB0005BFFFFC862
:100EC000100000AB700000011000000000000000E6
:100ED000000100000002EE0000002EFF000002EF03
:100EE000FF47777EFFFFFFFFFFFFFFFFFFFFFFFFD3
:100EF000FFFFFFFFFFFFFFFFFFFFFFFFFFFFFFFF02
:100F0000FFFFFFFFDFFFFFFFFF000009FFFF000003
:100F1000009FFF00000009FF0000000089000000A2
:100F200000890000000000009FF000000000009F0A
:100F3000FF00000000009FFFF00000DFFFFFFFFF49
:100F400000730FFFFFFFFFF01FF4FFFFFFFFFF0025
:100F50005FCFFFFFFFFFF000FFFFFFFFFFFF004F2E
:100F6000DFFFFFFFFFF01FF5FFFFFFFFFF0085041E
:100F70007777EFFFF00000000002EFFF00000000B5
:100F80000002EFF0000000000002EE000000000090
:100F9000000110000000000000000000007B2000A5
:100FA000000000000010000009FE300000000002F8
:100FB000EE00000009FF2000000002EFF0000870C2
:100FC00008FD00000002EFFF0000EFB00CF6047710
:100FD00077EFFFF00002DF803FD0FFFFFFFFFF0051
:100FE0007401FF10CF3FFFFFFFFFF01FF408F7076A
:100FF000F6FFFFFFFFFF005FC03FA04F9FFFFFFF17
:10100000FFF000FF02FB04F9FFFFFFFFFF005FC0DE
:101010003FA05F9FFFFFFFFFF01FF408F707F6DF19
:10102000FFFFFFFF007402FF10CF3000009FFFF0B2
:101030000002EF803FD00000009FFF0000EFB00CE7
:10104000F6000000009FF000087008FD000000009E
:10105000008900000008FF200000000000000000E0
:1010600009FF300000000000000000007B200000AD
:101070005EFFFFFFFFFFFFFFFFE5EFFFFFFFFFFF4B
:10108000FFFFFFFEFFF638FFFFFFFFFFFFFFFF60E0
:1010900000AFFFFFFFFFFFFFFF30007FFFFFFBEF11
:1010A000FFFFFF8000CFFFFF903EFFFFFFFA7CFFB6
:1010B000FFF90003EFFFFFFFFCFFFF9000003EFF82
:1010C000FFFF906FF900000008FFFFF90006900095
:1010D000000008FFFFB000000000000008FFFF80D4
:1010E00000000000000008FFFFC888888888888802
:1010F0008CFFEFFFFFFFFFFFFFFFFFFE5EFFFFFF25
:10110000FFFFFFFFFFE500000042000000000003BA
:10111000FF10000000000AFF60000000001FFFC079
:10112000000000008FFFF400000001FFFFFC000042
:10113000000AFFFFFF6000004FFFFFFFF20001EF1A
:10114000FFFFFFFC000BFFFFFFFFFF703FFFFFFFF4
:10115000FFFFF1AFFFFFFFFFFFF6EFFFFFFFFFFF16
:10116000FAFFA6FFFFFFFFFBEF91FFFFFFFFFABFB4
:10117000E09FFFFFFFF75FF907CFFFFFF20CFFB320
:1011800009FFFF8001DFFFFFFFFA000009FFFFFFFB
:101190007000000015774000004760000000161B3B
:1011A000FF1000002DFBBFF100002EFFCBFF100051
:1011B0003EFFFCBFF1004FFFFFCBFF105FFFFFFCC6
:1011C000BFF16FFFFFFFCBFF9FFFFFFFFCBFFFFFE4
:1011D000FFFFFFCBFFFFFFFFFFFCBFFFFFFFFFFF96
:1011E000CBFF4EFFFFFFFCBFF12DFFFFFFCBFF103A
:1011F0001CFFFFFCBFF1000CFFFFCBFF10000BFF3B
:10120000FCBFF100000AFFCAFF10000008F7000051
:101210000000000000065000000000000000BFFDBC
:1012200030000000000000FFFFFA10000000000086
:10123000FFFFFFF70000000000FFFFFFFFD40000EA
:101240000000FFFFFFFFFFB2000000FFFFFFFFFFF6
:10125000FF800000FFFFFFFFFFFFFE5000FFFFFFCA
:10126000FFFFFFFFFB20FFFFFFFFFFFFFFFFF2FF7E
:10127000FFFFFFFFFFFFFFF6FFFFFFFFFFFFFFFF87
:10128000F2FFFFFFFFFFFFFFFB20FFFFFFFFFFFF5E
:10129000FD5000FFFFFFFFFFFF800000FFFFFFFF8B
:1012A000FFA2000000FFFFFFFFD400000000FFFFCF
:1012B000FFF70000000000FFFFFA10000000000030
:1012C000BFFD3000000000000006500000000000DC
:1012D0000000067777300006777730BFFFFFF30016
:1012E000BFFFFFF3FFFFFFF700FFFFFFF7FFFFFF69
:1012F000F800FFFFFFF8FFFFFFF800FFFFFFF8FF18
:10130000FFFFF800FFFFFFF8FFFFFFF800FFFFFF00
:10131000F8FFFFFFF800FFFFFFF8FFFFFFF800FFF7
:10132000FFFFF8FFFFFFF800FFFFFFF8FFFFFFF8E8
:1013300000FFFFFFF8FFFFFFF800FFFFFFF8FFFFD0
:10134000FFF800FFFFFFF8FFFFFFF800FFFFFFF8C7
:10135000FFFFFFF800FFFFFFF8FFFFFFF800FFFFB0
:10136000FFF8EFFFFFF600EFFFFFF66FFFFFC10092
:101370006FFFFFC10000000000000000000577774C
:10138000777777777730BFFFFFFFFFFFFFFFF3FF30
:10139000FFFFFFFFFFFFFFF7FFFFFFFFFFFFFFFF65
:1013A000F8FFFFFFFFFFFFFFFFF8FFFFFFFFFFFF5B
:1013B000FFFFF8FFFFFFFFFFFFFFFFF8FFFFFFFF4B
:1013C000FFFFFFFFF8FFFFFFFFFFFFFFFFF8FFFF3B
:1013D000FFFFFFFFFFFFF8FFFFFFFFFFFFFFFFF82B
:1013E000FFFFFFFFFFFFFFFFF8FFFFFFFFFFFFFF14
:1013F000FFF8FFFFFFFFFFFFFFFFF8FFFFFFFFFF0B
:10140000FFFFFFF8FFFFFFFFFFFFFFFFF8EFFFFF0A
:10141000FFFFFFFFFFF66FFFFFFFFFFFFFFFC100B2
:10142000000000000000000005200000005766FFDB
:101430004000000CFF8FFF600000DFF8FFFF70002E
:101440000DFF8FFFFF8000DFF8FFFFFF900DFF8F84
:10145000FFFFFFB0DFF8FFFFFFFFCDFF8FFFFFFFB4
:10146000FFFFF8FFFFFFFFFFFF8FFFFFFFFFFFF80A
:10147000FFFFFFFF5DFF8FFFFFFF40DFF8FFFFFE75
:10148000300DFF8FFFFE2000DFF8FFFD20000DFF75
:101490007FFD100000DFF3FB1000000CFF000000D8
:1014A000000000000000000002100000000000002A
:1014B000000AFF400000000000000AFFFF300000AB
:1014C00000000008FFFFFE200000000007FFFFFFF4
:1014D000FE1000000006FFFFFFFFFD10000005FFEB
:1014E000FFFFFFFFFC000004FFFFFFFFFFFFFB000B
:1014F00003FFFFFFFFFFFFFFFA00DFFFFFFFFFFF1C
:10150000FFFFF50EFFFFFFFFFFFFFFFF605FFFFF25
:10151000FFFFFFFFFFC00000000000000000000010
:101520009FFFFFFFFFFFFFFFE20FFFFFFFFFFFFF38
:10153000FFFF70FFFFFFFFFFFFFFFFF80FFFFFFF41
:10154000FFFFFFFFFF70BFFFFFFFFFFFFFFFF30085
:10155000000000000000000000000000000000008B
:1015600000005F800000005FFF4000005FFFE200BE
:10157000005FFFE200005FFFE300005FFFE30000A9
:101580005FFFE300005FFFE300000DFFF5000000D8
:101590004FFFE30000004FFFE30000004FFFE300B8
:1015A00000005FFFE30000005FFFE30000005FFF5B
:1015B000E20000005FFF400000005F8000000000CC
:1015C0000000000000000002DB00000000CFFC0073
:1015D000000009FFFC00000009FFFC00000009FFFB
:1015E000FC00000009FFFC00000009FFFC000000F7
:1015F00009FFFC0000000DFFF6000009FFFC0000E1
:1016000009FFFC000009FFFC000009FFFC000009C5
:10161000FFFC000009FFFC000000CFFC00000002FE
:10162000DB00000000000000000000000000025588
:10163000000000000000000FFF800000000000001C
:101640002FFFA00000000000002FFFA000000000FE
:1016500000002FFFA00000000000002FFFA00000EE
:10166000000000002FFFA00000003777778FFFC732
:10167000777760EFFFFFFFFFFFFFFFF6FFFFFFFF42
:10168000FFFFFFFFF8DFFFFFFFFFFFFFFFF5144441
:10169000445FFFB44444300000002FFFA00000006E
:1016A0000000002FFFA00000000000002FFFA0009E
:1016B00000000000002FFFA00000000000001FFF3E
:1016C000900000000000000DFF600000000000001E
:1016D000002100000000499999999999999980FFF2
:1016E000FFFFFFFFFFFFFFF7FFFFFFFFFFFFFFFF12
:1016F000F7CFFFFFFFFFFFFFFFF40222222222228B
:1017000022221000000006ADFFEC83000000000064
:10171000008FFFFFEFFFFC4000000003EFFF92008F
:1017200005DFFF90000004FFFF50025201CFFFB021
:101730000004FFFF80007FF901EFFFB001EFFFF031
:101740000008FFF708FFFF80AFFFFB0225FFFFE067
:101750003FFFFF2FFFFFA07FFFFFFF02FFFFF79F6D
:10176000FFFB05FFFFFFC03FFFFF21EFFFF00CFF76
:10177000FFF507FFFF8003FFFF801AFFE501EFFF82
:10178000B00004FFFF50001001CFFFB0000003DFE6
:10179000FF920005DFFF90000000007FFFFFEFFFDA
:1017A000FC40000000000005ADEFEC8300000000ED
:1017B000006000000000000000000000000BFC10B2
:1017C000000000000000000000000CFFE40000002A
:1017D00000000000000000009FFF70048CEFED94FB
:1017E000000000000005FFFBEFFFFEFFFFE600002A
:1017F0000000002DFFFFC40004CFFFB10000000077
:1018000000BFFF60031009FFFE200000000007FF7B
:10181000F94FFA00CFFFE100000BB0004EFFEFFFE1
:10182000A04FFFFB00006FFD3001CFFFFFF10FFF66
:10183000FF5000BFFFF60008FFFFF30EFFFFA00000
:101840006FFFFF00005FFFF20FFFFF50000CFFFF74
:10185000400002DFFE8FFFFA000001EFFFC0000032
:101860000AFFFFFFD10000002EFFF90000006FFF0C
:10187000FD1000000001CFFFC4000003EFFD2000B9
:1018800000000006EFFFFEE3001BFFF50000000074
:1018900000059DEFEC20008FFF900000000000008D
:1018A0000000000004EFFB0000000000000000004A
:1018B00000002CFA00000000000000000000000002
:1018C00060000000000007A300000000000000000E
:1018D00000008FFE10000000000000000002FFFF6B
:1018E0009000000000000000000AFFFFF30000006D
:1018F00000000000004FFFFFFB00000000000000A0
:1019000000DFFFFFFF5000000000000006FFFFFFA8
:10191000FFD00000000000000EFFA224FFF700002F
:10192000000000008FFF9001FFFF10000000000288
:10193000FFFFA002FFFF90000000000AFFFFB003BE
:10194000FFFFF2000000003FFFFFC004FFFFFB00AD
:10195000000000CFFFFFD005FFFFFF40000006FFA3
:10196000FFFFF99CFFFFFFD000000EFFFFFFF52BEC
:10197000FFFFFFF700008FFFFFFF9001FFFFFFFE5B
:101980001001FFFFFFFF8000FFFFFFFF900AFFFF36
:10199000FFFFF41AFFFFFFFFF20FFFFFFFFFFFFF44
:1019A000FFFFFFFFF70BFFFFFFFFFFFFFFFFFFFF43
:1019B000F4016888888888888888888840000000C2
:1019C00000000000043000000000000000000FF5DF
:1019D00000000000000000000FFF50EFFFF60000C5
:1019E00001CFFFFFF5FFFFFF50000CFFFFFFFFFFE0
:1019F000FFFFF500BFFFFFFFF72223DFF809FFF726
:101A00002FFF8000002EB07FFF900FF80000000332
:101A100006FFFA000760000000004FFFB000000062
:101A200000000003FFFD030007600000002EFFE13F
:101A30003F900FF8002223DFFE22EFF72FFF80FFF9
:101A4000FFFFF300CFFFFFFFF8FFFFFF50000CFF89
:101A5000FFFFFEEFFFF6000001CFFFFFF4000000E4
:101A6000000000000FFF40000000000000000FF524
:101A7000000000000000000004300000000000949E
:101A8000000000000000000CFF50000000000000FB
:101A9000CFFFF500000000000CFFFFFF500000002A
:101AA00000CFFFAEFFF50000000CFFF902EFFF5082
:101AB0000000CFFF90002EFFF5000CFFF9000002A0
:101AC000EFFF50AFFF900000002EFFF27FF9000003
:101AD000000002EFE10670000000000029200670FF
:101AE000000000000029207FF90000000003EFE162
:101AF0009FFF900000003EFFF20BFFF9000003EF94
:101B0000FF5000BFFF90003EFFF500000BFFF90300
:101B1000EFFF50000000BFFFAEFFF5000000000B1C
:101B2000FFFFFF500000000000BFFFF500000000B5
:101B300000000BFF500000000000000094000000B7
:101B40000000009C10000000000000000000000ADF
:101B5000FFD100588888888881000000AFFFFD20F1
:101B6000EFFFFFFFFFF600000AFFFFFFE24EFFFF5F
:101B7000FFFFF600008FFCFFCFFD000000001FF606
:101B800000007FC2FF67FC000000001FF60000039A
:101B900001FF6030000000001FF600000001FF6040
:101BA00000000000001FF600000001FF60000000C0
:101BB00000001FF600000001FF6000000003D71FB7
:101BC000F63D700001FF600000000AFF7FF9EFF0B2
:101BD0000001FFB888888832EFFFFFFF600001FF37
:101BE000FFFFFFFFF22EFFFFF6000000DFFFFFFF09
:101BF000FFE202EFFF6000000000000000000000B4
:101C00002EF600000000000000000000000130007F
:101C1000005EFFFFFF900000000000EFFFFFFFF9F4
:101C20000000000000FFFFFFFFFFB888888860FF0A
:101C3000FFFFFFFFFFFFFFFFFBFFFFFFFFFFFFFFB8
:101C4000FFFFFFFFFFFFFFFFFFFFFFFFFFFFFFFFA4
:101C5000FFFFFFFFFFFFFFFFFFFFFFFFFFFFFFFF94
:101C6000FFFFFFFFFFFFFFFFFFFFFFFFFFFFFFFF84
:101C7000FFFFFFFFFFFFFFFFFFFFFFFFFFFFFFFF74
:101C8000FFFFFFFFFFFFFFFFFFFFFFFFFFFFFFFF64
:101C9000FFFFFFEFFFFFFFFFFFFFFFFFFE5EFFFF06
:101CA000FFFFFFFFFFFFE500000000031000000042
:101CB00000000000006FD10000000000000006FFDF
:101CC000FD100000000000006FFFFFD100000000C9
:101CD0000006FFFFFFFD10000000006FFFFFFFFF89
:101CE000D100000006FFFFFFFFFFFD1000000DFF09
:101CF000FFFFFFFFFF60000000111BFFFF511100FD
:101D0000000000000BFFFF400000000000000BFF80
:101D1000FF400000000000000BFFFF40000000003B
:101D200000000BFFFF400000000000000BFFFF4021
:101D30000000007AAAAA2BFFFF42AAAAA7FFFFFF72
:101D400082677608FFFFFFFFFFFFFB7777BFFFFF8C
:101D5000FFFFFFFFFFFFFFFFFFFFFFFFFFFFFFFF93
:101D6000FFFB0F48FFFFFFFFFFFFFFFFEFEFFF1439
:101D70004444444444444444410000000000000002
:101D80000462000000000000000001FFFEB500003A
:101D900000000000007FFFFFF00000000000000EC8
:101DA000FFFFFF00000000000005FFFFFFD0000064
:101DB00000000000BFFFFFFB00000000000006FF66
:101DC000FFFF8000000000000005FFFFF40000009E
:101DD0000000000005FFFE0000000000000000BF42
:101DE000FF90000000000000004FFFF20000000024
:101DF0000000002EFFF8000000013000001DFFFD74
:101E000000000029FF70003EFFFF300004BFFFFF0D
:101E1000407FFFFF500000EFFFFFFEEFFFFF50008D
:101E2000000CFFFFFFFFFFFE400000008FFFFFFFE1
:101E3000FFFB1000000004FFFFFFFFD500000000C3
:101E4000001FFFFFEA400000000000005764200070
:101E50000000000000000025400000000000000914
:101E6000FFFE30000004AA507FFFFFE000008FFF5C
:101E7000F5EFD37FF60008FFFFB0FF800FF7008F6C
:101E8000FFFB00DFE7AFF508FFFFB0005FFFFFFDDE
:101E90009FFFFB000005EFFFFFFFFFB00000000108
:101EA0005FFFFFFB00000000000BFFFFF2000000DF
:101EB00000259FFFFFFD10000009FFFFFFFFFFD17E
:101EC00000007FFFFFFB6FFFFD1000EFD37FF505E4
:101ED000FFFFD100FF800FF7005FFFFD10DFE7AFCE
:101EE000F50005FFFFD15FFFFFC000004FFFF405C5
:101EF000EFFB100000016620000100000000000060
:101F000000000008BBBBBB50900000000FFFFFFFAC
:101F100081FB0000000FFFFFFF81FFB000000FFFFB
:101F2000FFFF81FFF88CC90FFFFFFF800000FFFC5F
:101F30000FFFFFFFD54443FFFC0FFFFFFFFFFFFA3A
:101F4000FFFC0FFFFFFFFFFFFAFFFC0FFFFFFFFF8C
:101F5000FFFAFFFC0FFFFFFFFFFFFAFFFC0FFFFF81
:101F6000FFFFFFFAFFFC0FFFFFFFFFFFFAFFFC0F71
:101F7000FFFFFFFFFFFAFFFC0FFFFFFFFFFFFAFF6E
:101F8000FC0FFFFFFFFFFFFAFFFC0FFFFFFFFFFF4C
:101F9000FAFFFE0BFFFFFFFFFFF7FFFF91000000BE
:101FA000000000FFFFFFFFFFFF800000FFFFFFFFBB
:101FB000FFFF700000588888888887100000067727
:101FC00077777777600000BFFFFFFFFFFFFD10000E
:101FD000FFFFFFFFFFFFFFC100FF9000000001DFD8
:101FE000FC10FF8000000000BFFFC0FF8000000069
:101FF00000BFFFF3FF8000000000BFFFF4FF800080
:10200000000000BFFFF4FFD888888888EFFFF4FF46
:10201000FFFFFFFFFFFFFFF4FFFFFFFFFFFFFFFFDB
:10202000F4FFFFFFE402CFFFFFF4FFFFFF60002F8C
:10203000FFFFF4FFFFFF40000FFFFFF4FFFFFFA0D3
:10204000006FFFFFF4FFFFFFFC8AFFFFFFF4EFFFCD
:10205000FFFFFFFFFFFFF36FFFFFFFFFFFFFFFA08B
:102060000000000000000000000000000000000070
:102070000000EFFFFFFFFFFFFFFFF6FFFFFFFFFF87
:10208000FFFFFFF8ACCCCCCCCCCCCCCCC400000057
:102090000000000000000000000000000000000040
:1020A0000000000000000000CDDDDDDDDDDDDDDD58
:1020B000D5FFFFFFFFFFFFFFFFF8DFFFFFFFFFFF81
:1020C000FFFFF5000000000000000000000000001D
:1020D0000000000000000000000000000000ACCC88
:1020E000CCCCCCCCCCCCC4FFFFFFFFFFFFFFFFF874
:1020F000EFFFFFFFFFFFFFFFF60000000000000002
:1021000000005EFFFFFFFFFFFFFFFFE5EFFFFFFFA8
:10211000FFFFFFFFFFFEFFFFFFFFFFFFFFFFFFFFD0
:102120007FFFFFFFFFFFFFFFFFF703EFFFFFFFFF53
:10213000FFFFFE30E31BFFFFFFFFFFFFB13EFF701D
:102140007FFFFFFFFFF707FFFFFB13DFFFFFFD31FF
:10215000BFFFFFFFE40AFFFFA04EFFFFFFFFFF806E
:102160005DD508FFFFFFFFFFFFFC2002CFFFFFFF51
:10217000FFFFFFFFFDDFFFFFFFFFFFFFFFFFFFFF91
:10218000FFFFFFFFEFFFFFFFFFFFFFFFFFFE5EFF11
:10219000FFFFFFFFFFFFFFE5001444444100000084
:1021A000BFFFFFFA000000EFFFFFF8000000FFFF95
:1021B000FFF3000002FFFFFFD0000004FFFFFF80DD
:1021C000000006FFFFFF40000008FFFFFFFFFFF5D4
:1021D0000AFFFFFFFFFFF40DFFFFFFFFFFB00FFF40
:1021E000FFFFFFFF200BFFFFFFFFF9000000008F44
:1021F000FFE100000000CFFF6000000000FFFD00D5
:1022000000000003FFF40000000007FFA000000032
:10221000000BFF20000000000FF800000000002F5E
:10222000E00000000000094000000000000671000E
:10223000000000001444BFFE4443000000EFFFF91B
:102240004FFFFF400000FFFFF83FFFFF500000FF7F
:10225000FFFFFFFFFF500000FFFFFFA8888820005E
:1022600000FFFFF6000000000000FFFFF0CFFFFFBF
:1022700051E200FFFFF0EFFFFF51FE20FFFFF0EF04
:10228000FFFF51FFE2FFFFF0EFFFFF50BBB7FFFF83
:10229000F0EFFFFF800000FFFFF0EFFFFFFFFFFA0E
:1022A000FFFFF0EFFFFFFFFFFAFFFFF0EFFFFFFF81
:1022B000FFFAFFFFF0EFFFFFFFFFFACFFFF0EFFFA6
:1022C000FFFFFFFA000000EFFFFFFFFFFA00000032
:1022D000EFFFFFFFFFFA000000EFFFFFFFFFFA0034
:1022E00000007BBBBBBBBBB40000000031000000A2
:1022F0000000000005FD0000000000000009FF10C4
:10230000000000000007EFFFFB2000000000AFFF0F
:10231000FFFFF300000008FFFFFFFFFE1000001F9B
:10232000FFFFFFFFFF8000005FFFFFFFFFFFD00008
:10233000007FFFFFFFFFFFF000008FFFFFFFFFFFA9
:10234000F000009FFFFFFFFFFFF10000DFFFFFFF36
:10235000FFFFF50001FFFFFFFFFFFFF90009FFFF8F
:10236000FFFFFFFFFF105FFFFFFFFFFFFFFFD0EF4B
:10237000FFFFFFFFFFFFFFF69FFFFFFFFFFFFFFFD6
:10238000E3000000000000000000000000AFFFF2CA
:102390000000000000003FFFA0000000000000025D
:1023A00075000000005EFFFFFFFFFFFFFFFFFFFB68
:1023B0000EFFFFFFFFFFFFFFFFFFFFF6FFC88FA825
:1023C000AF88BF88FB88FF8FF800F404F005E00EAB
:1023D000500FF8FF800F404F006F00F600FF8FFF97
:1023E000FFFFFFFFFFFFFFFFFFF8FFFF946F648F0A
:1023F00044BB44FFFF8FFFF602F205F008800EFF9A
:10240000F8FFFF946F648F44BB44FFFF8FFFFFFF13
:10241000FFFFFFFFFFFFFFF8FF800F4000000000FD
:10242000F600FF8FF800F4000000000E500FF8FFD8
:10243000C88FA888888888FB88FF8EFFFFFFFFFF72
:10244000FFFFFFFFFFF65EFFFFFFFFFFFFFFFFFF46
:10245000FB0000000000000000000056000000002B
:1024600000000000017EFFA0000000000000018FBE
:10247000FFFFF0000000000002AFFFFFFFA0000020
:10248000000004BFFFFFFFFF3000000005CFFFFF8B
:10249000FFFFFB00000006DFFFFFFFFFFFF400006F
:1024A00018EFFFFFFFFFFFFFD00005FFFFFFFFFF5B
:1024B000FFFFFF50000EFFFFFFFFFFFFFFFE0000CA
:1024C0000DFFFFFFFFFFFFFFF7000002ACCCCCCDFC
:1024D000FFFFFFF000000000000004FFFFFF80008E
:1024E000000000000004FFFFFF10000000000000DB
:1024F00004FFFFF90000000000000004FFFFF200ED
:1025000000000000000004FFFFB000000000000019
:102510000004FFFF300000000000000003FFFC008B
:102520000000000000000000EFF4000000000000C8
:1025300000000027300000000024444444303000F4
:102540000FFFFFFFFC0F6000FFFFFFFFC0FF600FEA
:10255000FFFFFFFC0FFF60FFFFFFFFC0FFFF6FFFEC
:10256000FFFFFC0BBBBBFFFFFFFFE100000FFFFF06
:10257000FFFFFFFFFFFFFFFFFFFFFFFFFFFFFFFF6B
:10258000FFFFFFFFFFFFFFFFFFFFFFFFFFFFFFFF5B
:10259000FFFFFFFFFFFFFFFFFFFFFFFFFFFFFFFF4B
:1025A000FFFFFFFFFFFFFFFFFFFFFFFFFFFFFFFF3B
:1025B000FFFFFFFFFFFFFFFFFFFFFFFFFFFFFFFF2B
:1025C000FFFFFFFFFFFFFFFFFFFFFFFFFFFFFF8B8F
:1025D000BBBBBBBBBBBB8000000000002343200093
:1025E000000000000000038CFFFFFFFC83000000E0
:1025F00000006DFFFFFFFFFFFFFD60000003DFFF36
:10260000FFFFFEFFFFFFFFD30008FFFFFB7200008C
:10261000027BFFFFF80AFFFFA2000000000002AFEC
:10262000FFFABFFD30000000000000003DFFB0BA1F
:102630001000059DEFED9500001AB00000006DFF41
:10264000FFFFFFFD600000000001BFFFFFFFFFFF75
:10265000FFB1000000008FFFFA53235AFFFF8000F4
:10266000000000CFB100000001BFC000000000006A
:102670004000000000004000000000000000019D3C
:102680009100000000000000000000AFFFA000006B
:10269000000000000000000FFFFF0000000000002D
:1026A00000000000CFFFC00000000000000000009C
:1026B00003EFE30000000000000000000000100035
:1026C00000000000001788888888888888888888A3
:1026D000600CFFFFFFFFFFFFFFFFFFFFFF80FFFF1B
:1026E000FFFFFFFFFFFFFFFFFFFC0FF800000000F0
:1026F0000000000000CFFDFF84FFFFFFFFFFFFFF92
:10270000FF0CFFFFF84FFFFFFFFFFFFFFFF05BFF36
:10271000FF84FFFFFFFFFFFFFFFF008FFFF84FFF6A
:10272000FFFFFFFFFFFFF008FFFF84FFFFFFFFFF3A
:10273000FFFFFF0CFFFFF80000000000000000009A
:10274000CFFFFFC888888888888888888EFD4EFFDC
:10275000FFFFFFFFFFFFFFFFFFFFA04EFFFFFFFF99
:10276000FFFFFFFFFFFFC2001788888888888888DE
:10277000888888600CFFFFFFFFFFFFFFFFFFFFFF60
:1027800080FFFFFFFFFFFFFFFFFFFFFFFC0FF800D1
:102790000000000000000000CFFDFF81FFFFFFFFF1
:1027A000FFFF60000CFFFFF81FFFFFFFFFFFF600B9
:1027B000005BFFFF81FFFFFFFFFFFF6000008FFF57
:1027C000F81FFFFFFFFFFFF6000008FFFF81FFFF7C
:1027D000FFFFFFFF60000CFFFFF80000000000009B
:1027E000000000CFFFFFC888888888888888888E86
:1027F000FD4EFFFFFFFFFFFFFFFFFFFFFFA04EFFAC
:10280000FFFFFFFFFFFFFFFFFFC2001788888888D8
:10281000888888888888600CFFFFFFFFFFFFFFFF24
:10282000FFFFFF80FFFFFFFFFFFFFFFFFFFFFFFC3A
:102830000FF8000000000000000000CFFDFF81FF46
:10284000FFFFFFA00000000CFFFFF81FFFFFFFFAD3
:10285000000000005BFFFF81FFFFFFFFA000000002
:10286000008FFFF81FFFFFFFFA0000000008FFFFC6
:1028700081FFFFFFFFA00000000CFFFFF800000039
:10288000000000000000CFFFFFC888888888888883
:1028900088888EFD4EFFFFFFFFFFFFFFFFFFFFFF5A
:1028A000A04EFFFFFFFFFFFFFFFFFFFFC2001788E3
:1028B000888888888888888888600CFFFFFFFFFFE9
:1028C000FFFFFFFFFFFF80FFFFFFFFFFFFFFFFFF97
:1028D000FFFFFC0FF8000000000000000000CFFD2B
:1028E000FF81FFFFE000000000000CFFFFF81FFF6A
:1028F000FE0000000000005BFFFF81FFFFE0000022
:10290000000000008FFFF81FFFFE00000000000025
:1029100008FFFF81FFFFE000000000000CFFFFF850
:10292000000000000000000000CFFFFFC88888887A
:1029300088888888888EFD4EFFFFFFFFFFFFFFFF1E
:10294000FFFFFFA04EFFFFFFFFFFFFFFFFFFFFC2E4
:10295000001788888888888888888888600CFFFFA6
:10296000FFFFFFFFFFFFFFFFFF80FFFFFFFFFFFFF6
:10297000FFFFFFFFFFFC0FF8000000000000000059
:1029800000CFFDFF8000000000000000000CFFFFF2
:10299000F80000000000000000005BFFFF80000066
:1029A000000000000000008FFFF8000000000000A1
:1029B00000000008FFFF8000000000000000000C85
:1029C000FFFFF8000000000000000000CFFFFFC87C
:1029D00088888888888888888EFD4EFFFFFFFFFFE3
:1029E000FFFFFFFFFFFFA04EFFFFFFFFFFFFFFFF07
:1029F000FFFFC20000000000000000100000000007
:102A0000000000000000000CFE200000000000009C
:102A10000000007CDFFF90000000000000000009C3
:102A2000FBBFFF9000000000000000002F700AFCB8
:102A30001000000000003200009E000000000000B6
:102A400000002DFF9001F600000000001C3000CFB8
:102A5000FFF63CF333333333335FF910FFFFFFFFEF
:102A6000FFFFFFFFFFFFFFFFD0CFFFF63334ED3353
:102A70003333335FFA102DFF9000005F3000000009
:102A80001C300000320000000DA00000000000001B
:102A9000000000000006F30AFFF70000000000003D
:102AA000000000CEAEFFF8000000000000000000B3
:102AB00008BEFFF8000000000000000000000AFF50
:102AC000F7000000000000000000000122200000CC
:102AD0000000000034310000000003BFFFFFE700EA
:102AE00000006FFFFAFFFFB00004FFFFF19FFFF847
:102AF000000DFFFFF10AFFFF103FFFFFF100BFFFD6
:102B0000607FFD8FF1660CFFA0AFF807F16F13FF38
:102B1000D0CFFF7071531EFFF0DFFFF70001DFFF22
:102B2000F0EFFFFF600CFFFFF0EFFFFF3007FFFF4C
:102B3000F0DFFFF300108FFFF0CFFF30B16709FF28
:102B4000F09FF60BF26E02FFD06FFFCFF2522EFF16
:102B5000A01FFFFFF202EFFF5009FFFFF22EFFFE62
:102B60000000DFFFF4EFFFF500001AFFFFFFFF603A
:102B700000000027ABB9500000000002ABBBB7005B
:102B8000000057777CFFFFFF777772FFFFFFFFFFA3
:102B9000FFFFFFF7EFFFFFFFFFFFFFFFF600000063
:102BA0000000000000000688888888888888200C3B
:102BB000FFFFFFFFFFFFFF400CFFFFFFFFFFFFFFD7
:102BC000400CFF77FF3BFE1EFF400CFF66FF2AFE16
:102BD0000EFF400CFF66FF2AFE0EFF400CFF66FF53
:102BE0002AFE0EFF400CFF66FF2AFE0EFF400CFF80
:102BF00066FF2AFE0EFF400CFF66FF2AFE0EFF4016
:102C00000CFF66FF2AFE0EFF400CFF66FF2AFE0E39
:102C1000FF400CFF77FF3BFE1EFF400BFFFFFFFF57
:102C2000FFFFFF3007FFFFFFFFFFFFFE0000578899
:102C3000888888887200000000000000000164009D
:102C40000000000000000002DFF8000000000000AB
:102C50000002EFFFF8000000000000007FFFFFF817
:102C6000000000000002908FFFFFF0000000000253
:102C7000EFB08FFFFC0000000002EFFFB08FFE10EE
:102C800000000002EFFFFFB08E2000000002EFFF07
:102C9000FFFFB01000000002EFFFFFFFFE1000007A
:102CA0000002EFFFFFFFFE2000000002EFFFFFFF2A
:102CB000FE2000000002EFFFFFFFFE2000000002E8
:102CC000EFFFFFFFFE2000000001EFFFFFFFFE20EF
:102CD000000000008FFFFFFFFE20000000000AFF41
:102CE000FFFFFE200000000000CFFFFFFE200000DD
:102CF0000000000EFFFFFE20000000000000FFFFAC
:102D0000FE200000000000000575310000000000FA
:102D10000000000000006EFFFFFFFFFFFFFFFB2031
:102D200000008FFFFFFFFFFFFFFFFFFB00008FFF93
:102D3000FFFFFFFFFFFFFFFFF0008FFFFFFF85FF9B
:102D4000FF58FFFFFF008FFFFFFFB004FF400BFFA6
:102D5000FFF08FFFFFFFFF40044004FFFFFF8FFFE6
:102D6000FFFFFFFF400004FFFFFFFFFFFFFFFFFF2C
:102D7000FF1000EFFFFFFF8FFFFFFFFFFF4000048A
:102D8000FFFFFFF08FFFFFFFFF40044004FFFFFF46
:102D9000008FFFFFFFB004FF400BFFFFF0008FFF2D
:102DA000FFFF85FFFF58FFFFFF00008FFFFFFFFFC2
:102DB000FFFFFFFFFFF000008FFFFFFFFFFFFFFFA0
:102DC000FFFB0000006EFFFFFFFFFFFFFFFC200086
:102DD00000288888887300002EFFFFFFFFF6001D83
:102DE000FFFFFFFFFFE01DF60E50D608FF1DFF603E
:102DF000E50D608FFCFFF60E50D608FFFFFF60E583
:102E00000D608FFFFFFFFFFFFFFFFFFFFFFFFFFFD3
:102E1000FFFFFFFFFFFFFFFFFFFFFFFFFFFFFFFFC2
:102E2000FFFFFFFFFFFFFFFFFFFFFFFFFFFFFFFFB2
:102E3000FFFFFFFFFFFFFFFFFFFFFFFFFFFFFFFFA2
:102E4000FFFFFFFFFFFFFFFFFFFFFFFFFFFFFFFF92
:102E5000FFFFFFFFFFFFFFFFFFFFFFFFFFE9FFFF98
:102E6000FFFFFFFFF807ABBBBBBBBBA6000000002A
:102E7000000000000000070000000000000000004B
:102E80000AF100000100000000000AFF10000AF330
:102E90000000000000FFF1000BFF50000000000FD9
:102EA000FF100CFFF50000000000FFF11DFFFFCB3D
:102EB000BBBBBBBBBFFF1CFFFFFFFFFFFFFFFFFF55
:102EC000F19FFFFFFFFFFFFFFFFFFF009FFFF9667E
:102ED000666666666640008FFF50000000000000D6
:102EE00000007FF50000000000000000005C100002
:102EF00000000000000000000000000000000000D2
:102F0000000060050000000000006005030E0100E5
:102F10001500D007060601082700100E0E0E00004F
:102F20008900700C0C1400FD0101E010110E00006E
:102F30007801C00D0E0F00FFE10130040206010808
:102F4000E701C006061301FC2002C006051300FCC1
:102F500050020008080800077002A00B0A0A0103CB
:102F6000A2029004040600FDAE02B00706020105AD
:102F7000B402900404030000BA0210070914FFFE13
:102F80001403500D0D0E00006F036007060E0000C5
:102F90009903800B0B0E0000E603700B0B0E000074
:102FA0003304600D0E0E00009504800B0B0E000024
:102FB000E204500C0C0E00003605F00B0C0E000065
:102FC0008A05E00C0C0E0000DE05500C0C0E000013
:102FD00032069004040B000048069004040E00FD25
:102FE0006406A00B0A0A01029606A00B0A07010458
:102FF000B906A00B0A0A0102EB06700B0B0E0000CB
:103000003807B014141200FCEC07A00E100EFF00DD
:103010005C08200F0D0E0200B708700E0E0E0000A7
:10302000190980100E0E02007B09600D0B0E0200C4
:10303000C809B00C0A0E02000E0A700F0E0E000036
:10304000700A40100D0E0200CB0A3006030E02007B
:10305000E00A400A0A0EFF00260B600E0D0E020069
:10306000810BE00B0A0E0200C70B20130F0E0200AB
:10307000300C40100D0E02008B0CD010100E000012
:10308000FB0C700E0C0E02004F0DD010111100FD44
:10309000E00D900E0C0E0200340E700C0C0E0000B1
:1030A000880EC00B0C0E0000DC0ED00F0D0E0100C0
:1030B000370F400E100EFF00A70F8016160E0000EF
:1030C0004110700D0E0E0000A310F00C0F0EFF004B
:1030D0000C11200D0D0E00006711B006051302FC47
:1030E000971110070914FFFEF111B006051300FC3B
:1030F0002112B00B0A0901034E12000A0A0300FE56
:103100005D12000C0603020C6612F00B0A0B0100A4
:103110009D12A00D0C0F0100F712700B0B0B00009D
:103120003413A00D0C0F00008E13400C0C0B00008C
:10313000D0131007080F00000C14D00D0C0F00FC6A
:103140006614A00D0B0F0100B9149005040F0100C7
:10315000D714B0050713FEFC1A15500C0C0F010014
:1031600074159005030F01008B152015130B01003A
:10317000F415A00D0B0B01003116B00C0C0B000068
:103180007316A00D0C0F01FCCD16A00D0C0F00FC4A
:1031900027173008070B01004E17000A0A0B000022
:1031A00085174008080E0000BD17900D0B0B01009D
:1031B000FA17300B0D0BFF0042180012120B000023
:1031C000A518100B0B0B0000E218300B0D0FFFFCC5
:1031D0004419700A0A0B00007B190007061301FC52
:1031E000B4190006021302FCC7190007061300FCFD
:1031F000001AA00B0A040105141A60080808000749
:10320000341A4006040401043C1A0014141500FD8D
:103210000E1B0014140F0000A41B0014141300FE56
:10322000621C0014140F0000F81CC00D0E0F0000EB
:10323000611D0014141500FD331E0014141500FD4B
:10324000051F8016171300FEE01F0014141500FD63
:10325000B2208016170F00005F210014141500FD26
:103260003122000A0A1000008122000F0F1000FF17
:10327000F9228016171300FED4230014140F000047
:103280006A24C00D0E1500FDFD2480110D1302FEF1
:1032900079258011121500FD36268011121300FECB
:1032A000E1268011121300FE8C2780110D1302FEFF
:1032B000082880111313FFFEBD28800C0B1301FE9C
:1032C0002629800C0B1301FE8F298011121300FE9A
:1032D0003A2A801112050005672A8016170F000090
:1032E000142B00191A15FFFD252C80161815FFFD4B
:1032F000212D0014141300FEDF2D8011120B00028B
:10330000422E8011120B0002A52E00191A1000FF88
:10331000752F0014140F00000B300014141500FD5D
:10332000DD3000141515FFFDBA318011121300FEB7
:1033300065328011121500FD22338011121300FE38
:10334000CD338011121100FF66340014140F0000F9
:10335000FC34800C0E15FFFD8F358011121500FD19
:103360004C368011121500FD09378016170F00002A
:10337000B63700141615FFFD9D38000F0F1500FD20
:103380003B390019191300FE293A0019190D0001E3
:10339000CC3A0019190D00016F3B0019190D0001FD
:1033A000123C0019190D0001B53C0019190D00015E
:1033B000583D00191A1100FF353E8011101501FD0E
:1033C000DD3E8011121500FD9A3F00141515FFFD1A
:1033D00077400019190F00003341000F0F1500FD51
:1033E000D1412014150D00010000721F51EF58EF5C
:1033F0005BEF5CEF5DEF61EF63EF65EF69EF6CEF43
:1034000071EF76EF77EF78EF8EEF93EF98EF9BEF1A
:103410009CEF9DEFA1EFA2EFA3EFA4EFB7EFB8EF02
:10342000BEEFC0EFC1EFC4EFC7EFC8EFC9EFCBEFFE
:10343000E3EFE5EF14F015F017F019F030F037F086
:103440003AF043F06CF074F0ABF03BF190F191F195
:1034500092F193F194F1D7F1E3F13DF254F2AAF431
:1034600012F7F2F7200000005F00010000000000EA
:103470000000000000000200B0000000F3F7600050
:10348000E8330408000000003E00030000000102D1
:103490000003040502060708090A090A0B0C000DBF
:1034A0000E0F101112130C1414000000151617182B
:1034B00019161A1B1C1D1D1E1F201D1D162122233F
:1034C00003241E2525262728292A2B002C002D2EF3
:1034D0002F303132332D343435302D2D2E2E3637DA
:1034E0003839333A3A3B3A3C290000093D0900009B
:1034F00000000000000000000000000000000000CC
:1035000000000000000000000000000000000000BB
:1035100000000000000000000000000000000000AB
:103520000000000000000000000000000102000395
:10353000040502060708090A090A0B0C0D0E0F10F4
:10354000110C12131415150000001617181917196D
:1035500019191719191A1919191917191719031BF4
:103560001C1D1D1E1F202122230024002526272785
:1035700027002726282926262A2A272A272A2B2CED
:103580002D2E2E2F2E3000002309310900000000BF
:10359000000000000000000000000000000000002B
:1035A000000000000000000000000000000000001B
:1035B000000000000000000000000000000000000B
:1035C00000000000000000000001000000000000FA
:1035D00000010000030000000002000000000000E5
:1035E00000000000000000000000010000000000DA
:1035F000000000000000000000010E0009F90000BA
:103600000000EEED020F0705F30210010D030A00A2
:10361000000000000000000000001303FE00000096
:103620000000000000000000000600F6000000009E
:1036300000FA05060000FD00FE0300FD00FDFEFA95
:1036400000000000FD0000FCFB0000FD00FA00008F
:1036500000000000000000FDFD00FB00F700D900A5
:1036600000FA00060A0000FA03030B06FB0600003E
:10367000EE0000000000000000000000F400000068
:103680000000000000000000000000F7FCF000F364
:10369000FE00000000010C00F6FDFF0100FB000031
:1036A000FEE80000000000000000000000E6FD0C45
:1036B000000000000000000000000000F300000017
:1036C000000000000000000B00030000FA000000F2
:1036D00000000000000000000000000000000C03DB
:1036E00001000000000000000000000000000000D9
:1036F00000000000000000000000000000000000CA
:103700000000000000000000F400000000000000C5
:1037100000000000000000000000000000000002A7
:1037200006030AFD000006FDF5D402090601FC00AF
:103730000C000A000A00E200FC0A000BFD06030070
:103740000001FD0000FB1A001A000A000D04050A22
:10375000000000F40000000001FE0002FAFCFA0282
:1037600000FD000000F30000000000000000000069
:1037700000EB00000000000000000000000000005E
:103780000001EE00EC00000000FE0020FCFC030342
:10379000FD00FC030000EF0000000000000000003E
:1037A0000000E10003000000000000000000000035
:1037B00000EC00130000F4000B00EAE1EAFA0A0052
:1037C00000EB0004F900FB00000000000000000016
:1037D000000000080AD900000000000000000000FE
:1037E00000000F000200000000000202FCFA00FFCF
:1037F000FFFD0000FE000000FA00FD00F9FA00F8ED
:10380000F5F5FA00FA00FA00000000FD00000300E0
:1038100002FD000100000003FE000000FE0303FFA4
:10382000000000FA00FF0000000000010004FE009C
:10383000FC00FB0000FE000A0000FD00000000008C
:10384000FF01FEFE0000FD00FD0000000000000082
:103850000000FEFE00FDFC0000000000010000FE74
:1038600000FDFDFD000000000000000000FE000063
:103870000000FEFC00FB00F6FEF6060000FA030660
:103880000900F8FFFC00FFF103FE02EF0300000156
:10389000EF00EFFDE4FE00F0000609000400000068
:1038A000000100FAFC00F6000000FD000000FD0031
:1038B00000000000FEFE00FEFC0000000000000012
:1038C000FDFD00FEFCFD0000FD000000000000000A
:1038D00000000000FDFD00FC00FE00FA030000FCFB
:1038E000020303000000000000FE000000000002D0
:1038F0000000FD00FDFEFC000000000000000300D1
:10390000FD00000000FCFB00FA000AFE01F60000CA
:1039100009F0EFF3FA0300FDEBFA00FA00FA05FAFA
:10392000EC00F7000002FF03FE000300F6F400F0D5
:10393000F8F9F8F6FCF7FFFAF702000100FD0000C5
:10394000000200030000000000000000000000FD75
:1039500000FE00FFFD00FBF9F9FF00F6000000008B
:103960000000FD0000000001FE0000000300000058
:1039700000000000000F0000000000000200000036
:10398000FD0000000000000000000000FA0003003D
:10399000000000000000000000000000FE00000029
:1039A000FA00000000F0F6000000FBF00000FD034C
:1039B00000F700000000000000000000FB0000FA1B
:1039C0000000000000000000000000000300FA00FA
:1039D000000000040002FAFA00FDFDFC00000000F7
:1039E0000000F600FD00FBFD00F9F8F6FD00FA000E
:1039F000F6000000001A0000020000FC000300F2C4
:103A00000000000000E2FA0B0AFDF30003FB00F0E7
:103A1000FEFC03EAFD040005F5FBF4F5F30000ED00
:103A200000120000FE000000FEFEFDF7F5FFE200C0
:103A30000000000000000000010000000000000085
:103A4000000000000000000000FD00FEFDFB000083
:103A5000FA00FD000000000000000000000000006F
:103A60000000FF00FA000006FF0400F903FEFFF863
:103A7000FD00FCFDFE00FBFB0000FDFFFEFBFC006B
:103A800000FD0003FE00F9000000FA00FB00FBFB54
:103A9000030000000000000000FA0300FC00FEFC30
:103AA000F6FEFEFEFFFEFCFF0000000000FDFDFD37
:103AB0000000000004FE00FE000000FEFCFEFDFC15
:103AC000FD00030DFF00F700FE0600FDF3FC0500FE
:103AD00000F1FB03FB0200FEFDF600FB020000FB11
:103AE0000000000303FAFA00FBFDFBFDFD00FB02F2
:103AF000FAFB0A00000000000000000003000000C4
:103B000000000000000000000000000000000000B5
:103B100000000000FB0000000000000000000000AA
:103B20000000000000000000000000000000000095
:103B30000000000000000000000000000000000085
:103B4000FE00000000000000000000000000000077
:103B50000000000000000000000000000000FDFD6B
:103B6000000000000000000000000000FB0000FC5E
:103B70000000FDFD00000000FD00000000FE000050
:103B8000000000FE00000000FB00FA000000F5004D
:103B900002F90601FEF10000F9FD00F3F8F700005C
:103BA000F2FDF3F4F100F8000315FC00F9FDFFFD50
:103BB000FBF7FAF4F3F9FD0000FE00010000EAFD56
:103BC0000A07F9F40001F600F0FEFD06E3FC01002F
:103BD00000EBFCEFFDE90000EA00130100FE00002D
:103BE0000000FEFEF4FE00EB00000000F600FD0009
:103BF000FFF7F10000FEFBF6FD00FE00000000F202
:103C0000FDF5F6FDFBF8FDFB00FAFDF5FB00FCFA07
:103C1000FDFA000200FEF5000600FA0000000004B4
:103C20000002FA0D00FDFDFC000000000000F6009F
:103C3000FD00FBFD00F9F8F6FD00FA030D000000A1
:103C4000001A0000020000FC000300000000000059
:103C50000000FF0000000000FEFA0000000000FE6F
:103C6000000000FDFD0000FAFD0000FA0005FE0066
:103C700000000000000200000000050603FD00F641
:103C8000FB000AF5F6FAFA0D0603E4FE06FD00FD58
:103C900004FDF500FD03FCFDF6FD00000A0600F73B
:103CA00000EEFC09FCF401FCF5F5FD0D0300FB0042
:103CB000F700030BF9F4F3F80A0001E9FD03FBFE3A
:103CC000F900F9F4FBFBFD0000F9F9FD000A07FD1E
:103CD000EE00EEFC00F5EDFFF6FBF5F7090000FC49
:103CE00000FAFD00FDFA0005F5030000EF00FDF904
:103CF000FBFEF6F8F5F900F6FDF9FAF6FD00000115
:103D00000FFB00F6FD00FDFAF9F7F7F4FCFA0600E8
:103D1000FB00F0FC0206F6F4FAF50BFD02E2FA06EF
:103D2000F9FBF400F6F3FCFDFDFDF9F6FF00000AD7
:103D300009FEEB00EDF908F4EAFAF5F3F0F50600F8
:103D4000000000FC000003FC0602FA060000F6FF7B
:103D500000FF000101FD000000000000FD00000068
:103D600000030A0100FC00000000FEFEFC00000051
:103D70000103000000000300FD000C00060101FC2F
:103D8000000600000003000000000000000000002A
:103D9000000A000900000000000000000000000010
:103DA0000000ED00FD05000A00002004FAFA0303FC
:103DB000FE01F000000FED00000000000000000018
:103DC0000000EA0C2D0000000000000000000000D0
:103DD00000ED0000000000000000000000000000F6
:103DE000000000000000000000000000FB0000FADE
:103DF000FD000000000000000000000000000000C6
:103E000000000000FE00F700000100000329FAFD99
:103E10000A09F70300000303FC0000000000000093
:103E200000000000D60900000000000000000000B3
:103E300000000000000000F7000000F70000000094
:103E4000F9FE000000F900FC00F100000000000095
:103E50000000000000EB0000000001000000000076
:103E600000FD0000FA00FB00F7000000FB03FC006F
:103E700000F7FDF90000F700FD00F100FC0000E68E
:103E8000FAF3FCF40000EB00F7FE00000000000075
:103E90000000FBFAFDFB00000000F900F904FC063D
:103EA00000FEF9FEFBFA00FCFEFE02F7FF00000038
:103EB000E4FDFC00F900FEF1FD0000FEFD00000045
:103EC000000200FEFBFE05000000000000000000F4
:103ED00000000000000000000000000000000000E2
:103EE00000000000000000000000000000000000D2
:103EF000000004000000000000F900FE000000FACD
:103F000003000000F7FDFA0000F700FD00F10000DB
:103F10000000E100FAF4F00000EB00FEFB000000FE
:103F20000000000000FDFBFEFB01000005FC000A94
:103F300010FDFDF604100507F7040D04090709003C
:103F400000000000000000000000140FFAFD00FD5A
:103F50001A0E1A0000000300000C0000FB00000015
:103F6000000000000000FE0000000000000000044F
:103F700000000000E5FCFDF3F00000EB0000000095
:103F800000000000000000000000000000FB000036
:103F900000000000000000FE000000000000000023
:103FA0000400000000E5FCFDF3F00000F300000059
:103FB0000000000000000000000000000000000001
:103FC000FD000000F90300FD030603F600FFFD03FA
:103FD000000300000000F800FDFEFA00FDF30014ED
:103FE000FD00F9FE00FEFB00FDF7FAFC000000FBFF
:103FF000000000000000000000FE000000000000C3
:1040000000000400000000E5FCFDF3F00000EB0000
:104010000000000000100000000000000000000090
:10402000FB00F6FCFD0AFDFDF301FE01FEF70107B2
:1040300001030103F8F3FC00F4FAF7F3F400FBFAD0
:10404000FCFCFDFEFCFE00FEFF050005FE000A0074
:104050000000000000000000000000FEFDFD000068
:10406000F700FE00FB000000000000000000000060
:10407000ED0000000000000000000000FDFD00FC5D
:1040800000000000FD0000FBFD0300FBFAFE00F74E
:10409000FEF9FEFC00FB0000000000000000000034
:1040A00000EB000A0000FA00000000FC00FD000028
:1040B000FE0000FE00F900000DFCF5F6020404FF0E
:1040C000F70205020A020BFEF70000F30000F6F704
:1040D0000000FA00FCFB00FB00FB00FE0500FDF603
:1040E000FD0C0000FD00FA000004F90003FD0300D0
:1040F00000F500FEFF00FD04FD000000F3FCF900E8
:10410000F60000F1000CFD00FA000200FD00FDF6D3
:1041100000FD0300000000FE000003FC010000FCA5
:10412000FE00FC0000000000000000000000000095
:1041300000000000EC00070000FD0000000001008E
:10414000FDFD0000000600070000000000ECEE018D
:104150000E0A05F3020D000C00060000000000002E
:10416000000000000011000000000000000000003E
:104170000000000000000000C83504088C3404086A
:104180002A3504083D3100009CEC0308F82E040891
:1041900064340408784104081000022870020124E5
:1041A000EDF80108F5F701081600040000FF010012
:1041B000884104080000000000000000007DFE802F
:1041C00000000000DF30000AFD9CFC00000009F93F
:1041D00000004FB0008F7000004FD00000BF3000D3
:1041E0000FD00000DF300000EF00000CF10009F9F3
:1041F000000000FE00000AF1004FD0000000EF00B8
:10420000000CF100EF30000000BF30000FD009F8C3
:10421000000000004FB0008F704FD0000000000A77
:10422000FD9CFC00EF3005885000007DFE8009F801
:1042300001CFFFFC10000000004FD00BF9118FB030
:1042400000000000EF302FC0000CF300000009F860
:10425000006F600006F70000004FD0008F400004A0
:10426000F8000001EF30007F500005F800000AF868
:1042700000004F800008F500004FD000000EE10064
:104280001EE00001EF30000004FE87EF40000AF856
:10429000000000003BFFB3000000004410000000DD
:1042A0000000FF500000000000FF50000000000070
:1042B000FF500000000000FF500000033333FF7385
:1042C00033312FFFFFFFFFFFF62FFFFFFFFFFFF64A
:1042D000000000FF500000000000FF500000000040
:1042E00000FF500000000000FF500000000000FF31
:1042F0005000002555555506FFFFFFF26FFFFFFFE9
:10430000201AC409FFE0AFFF02DE600000000005D4
:1043100086000000000EF8000000003FF3000000DF
:10432000009FD000000000EF7000000004FF20009C
:1043300000000AFC000000000FF7000000005FF121
:1043400000000000AFC000000000FF600000000699
:10435000FF100000000BFB000000001FF500000034
:10436000006FF000000000CFA000000002FF50002E
:10437000000007FE000000000DF9000000002FF40F
:10438000000000008FE000000000DF90000000034C
:10439000FF3000000009FD000000000EF8000000E2
:1043A000004FF2000000009FD00000000000000756
:1043B000CFFEB5000000004EFFFFFFFB1000004FD6
:1043C000FFD98AFFFD10001EFF700001BFFA000830
:1043D000FF80000000DFF300EFE000000004FF902A
:1043E0003FF9000000000EFE07FF5000000000BF74
:1043F000F19FF30000000008FF3AFF2000000000DA
:104400007FF4AFF20000000007FF49FF300000001A
:10441000008FF37FF5000000000BFF13FF900000FA
:104420000000EFE00EFE000000004FF9008FF800E2
:1044300000000DFF3001EFF700001BFFA00004FF9C
:10444000FD98AFFFD1000004EFFFFFFFC1000000A7
:10445000007CFFEB500000CFFFFFF6CFFFFFF657C9
:1044600077AFF600005FF600005FF600005FF60031
:10447000005FF600005FF600005FF600005FF600E8
:10448000005FF600005FF600005FF600005FF600D8
:10449000005FF600005FF600005FF600005FF600C8
:1044A000005FF600005FF600038CEFFC8200000264
:1044B000BFFFFFFFFF60002EFFFB98AEFFF5002D52
:1044C000F91000008FFE0001600000000CFF2000CA
:1044D0000000000008FF40000000000009FF20006D
:1044E000000000000EFE0000000000007FF9000048
:1044F00000000004FFE100000000003FFF4000005A
:10450000000004FFF400000000004FFF4000000026
:104510000004FFF400000000004FFF400000000016
:1045200005FFF300000000005FFF30000000000501
:10453000FFFA77777777700FFFFFFFFFFFFFF20F2C
:10454000FFFFFFFFFFFFF20FFFFFFFFFFFFF00FF77
:10455000FFFFFFFFFFF00677777777DFF7000000B8
:1045600000006FFA00000000003FFD0000000000A6
:104570001EFF20000000000CFF400000000009FFAB
:10458000700000000005FFF961000000007FFFFFE0
:10459000F70000000388ADFFF9000000000004FFF1
:1045A000F3000000000006FF8000000000001FFB79
:1045B000000000000001FFA050000000006FF83F65
:1045C000C40000005FFF2AFFFEA889DFFF7009FF1B
:1045D000FFFFFFFF7000016ADFFEC7200000000040
:1045E0000004FFB00000000000002EFE10000000DC
:1045F000000000CFF300000000000009FF70000081
:10460000000000005FFA00000000000002FFD00080
:1046100000000000000DFF30000000000000AFF6B9
:1046200000000000000007FFA0000AB70000003FE4
:10463000FD00000FFA000001EFF200000FFA000089
:104640000BFF5000000FFA00008FFD6666666FFCDE
:104650006662EFFFFFFFFFFFFFFFF6FFFFFFFFFFB9
:10466000FFFFFFF600000000000FFA00000000004E
:1046700000000FFA000000000000000FFA00000028
:10468000000000000FFA000000000000000FFA0018
:1046900000001FFFFFFFFFFF00003FFFFFFFFFFFC6
:1046A00000004FF97777777700006FF30000000084
:1046B00000008FF10000000000009FF000000000EB
:1046C0000000BFE0000000000000CFD000000000AC
:1046D0000000EFFFFFEC94000000FFFFFFFFFFC2B0
:1046E00000007777779CFFFE1000000000002CFF91
:1046F00090000000000001FFE0000000000000CF7B
:10470000F0000000000000CFF0031000000001FFE7
:10471000D00DE60000002CFF705FFFFB989BFFFDB3
:104720000005DFFFFFFFFFB10000049CEFED9400E8
:10473000000000028CEFFDA4000001AFFFFFFFFFAF
:1047400040001DFFFB8689ED0000CFFB200000022A
:104750000006FFB000000000000DFF100000000088
:10476000002FFA0000000000006FF60000000000BB
:10477000008FF305AEFED82000AFF3BFFFFFFFF7B9
:1047800000AFFDFF9546AFFF609FFFD1000004FF23
:10479000E07FFF300000008FF54FFE000000004F6B
:1047A000F71FFE000000004FF60AFF300000008FE8
:1047B000F402FFD1000004FFD0007FFF9545AFFF5A
:1047C000400006FFFFFFFFE400000017CEFEC71009
:1047D000002FFFFFFFFFFFFFFA2FFFFFFFFFFFFF8D
:1047E000F92FFB77777777CFF52FF800000000FFE0
:1047F000E02FF800000006FF702FF80000000DFF0A
:104800001000000000004FF9000000000000CFF28F
:10481000000000000003FFB000000000000AFF409D
:1048200000000000001FFD0000000000008FF600E7
:104830000000000000EFE0000000000006FF800024
:10484000000000000DFF1000000000004FFA000003
:1048500000000000BFF3000000000002FFC00000E5
:1048600000000009FF5000000000001FFE000000D3
:104870000000005ADFFDA60000003DFFFFFFFFD350
:104880000002EFFD7557DFFF200AFF80000008FFE0
:10489000A00EFE00000000DFF00FFB00000000AFE4
:1048A000F00FFD00000000CFF00AFF50000005FFF0
:1048B000A001EFFA4225AFFE10002CFFFFFFFFC260
:1048C00000008FFFFFFFFFF8000BFFC520026DFF08
:1048D000B05FFB00000000AFF5AFF2000000002F5A
:1048E000FABFF0000000000FFC9FF4000000004F32
:1048F000FA4FFD20000002DFF50AFFFA6456AFFF11
:10490000B0009FFFFFFFFFF90000027CEFFEC72011
:104910000000005BEFED930000002CFFFFFFFF9015
:104920000001DFFC6458DFFA0009FF8000000AFF85
:10493000600FFD00000000EFE02FF8000000009F76
:10494000F52FF8000000009FF90FFD00000000EFB8
:10495000FC0AFF8000000AFFFD02FFFD7558DFEE34
:10496000FE003EFFFFFFFE3EFE00007CEFEB600F0F
:10497000FD0000000000002FFA0000000000006FA2
:10498000F7000000000000CFF1000000000007FF6A
:10499000A000110000008FFE10008FA867AEFFF38B
:1049A0000000FFFFFFFFFC20000039CFFFD94000CF
:1049B000000017BEFFDA400008FFFFFFFFF9000DFF
:1049C000FEA656AFFF600370000002FFE00000008B
:1049D00000008FF200000000006FF40028CEEFFF0F
:1049E000FFF406FFFFFFFFFFF52FFE5100006FF5FC
:1049F0007FF40000006FF59FF10000008FF57FF558
:104A0000000002FFF52FFE50016EFFF505FFFFFFCE
:104A1000FF9FF50029EFFD923FF5000018DFEB4006
:104A2000001DFFFFF90009FFA4493000EFD000008E
:104A3000000FF900000001FF9000009FFFFFFFFE44
:104A400009FFFFFFFFE0234FFB33330001FFA0000E
:104A500000001FFA00000001FFA00000001FFA0084
:104A6000000001FFA00000001FFA00000001FFA0ED
:104A70000000001FFA00000001FFA00000001FFA64
:104A800000000001FFA00000001FFA0000005ED33C
:104A9000DFFABFF70650000000007FF37FF37FF3DB
:104AA0007FF37FF37FF37FF37FF37FF37FF37FF376
:104AB0007FF37FF37FF37FF37FF218CEFD93000245
:104AC0008DFFD920007FF5EFFFFFFF707FFFFFFF15
:104AD000F6007FFFFC645AFFFAFFC645AFFF307F48
:104AE000FF8000006FFFF8000007FFB07FFD0000AF
:104AF000000DFFC0000000DFF07FF700000009FF9D
:104B0000700000009FF17FF400000007FF400000EC
:104B1000008FF27FF300000007FF300000008FF3EA
:104B20007FF300000007FF300000008FF37FF300E9
:104B3000000007FF300000008FF37FF30000000744
:104B4000FF300000008FF37FF300000007FF30000C
:104B500000008FF37FF300000007FF300000008F9C
:104B6000F37FF300000007FF300000008FF37FF3B6
:104B700000000007FF300000008FF37FF207CEFE39
:104B8000B50007FF5EFFFFFFFB007FFFFD7558EFDD
:104B9000F907FFF9000002EFF27FFD00000007FFB8
:104BA00067FF700000002FF87FF400000001FF97FE
:104BB000FF300000001FFA7FF300000001FFA7FF95
:104BC000300000001FFA7FF300000001FFA7FF3054
:104BD0000000001FFA7FF300000001FFA7FF300074
:104BE00000001FFA7FF300000001FFA000029DFFFC
:104BF000EC8300008FFFFFFFFF8005FFE86569EF92
:104C0000200BFF20000003000DFD00000000000B42
:104C1000FF700000000003FFFEB8510000004DFFD0
:104C2000FFFFD5000000369CFFFF7000000000056C
:104C3000EFF000000000008FF20570000000BFF1EF
:104C40000EFFA7557CFFB01CFFFFFFFFFC100038D4
:104C5000CEFFDA50000000100000007EFFC4000A02
:104C6000FA67DF504F80000CF09F000004F5BD0094
:104C70000002F69F100005F43FA0001EE008FD9A18
:104C8000FF40005CFEA200000000000000000000E9
:104C900000009007000000000000A017161401009B
:104CA000DC0050100E0D01043701C00A0903010792
:104CB00045016006050401004F01E0090C1BFFFDE2
:104CC000F101B012111401009B02600A08140000E7
:104CD000EB021010101400008B0300100F140000E2
:104CE0002104C01212140100D50410101014000089
:104CF00075054011101401001506C01010140000B5
:104D0000B5061012101401005507401110140000D0
:104D1000F507C0100E0F01005E08E0090B1500003A
:104D2000D208D00704150200FC08A01D1A0F0200CB
:104D3000BF0910130F0F0200300A000E0E0F000003
:104D4000990AC00B0A0A010B000005000B000D00B8
:104D50000E000F00100011001200130014001500C7
:104D600016001700180019004100460049004D00C8
:104D70004E00530090000000200000009100010050
:104D8000484D04080000000017000300BC4104085F
:104D9000884C0408784D0408000000000000010859
:104DA00078020124EDF80108F5F701081E0005005E
:104DB00000FE01008C4D040800000000000000000F
:104DC0000D10D10D10D10D10D10D10D10D70008C22
:104DD00000CC000CC00C93048C00D48094C00D0C4B
:104DE0000B1C00D08961C00D02E11C00D00301C082
:104DF00003CDB300E302400E3000005D92000006D8
:104E0000D6000002E028105D007CDB2000000000DE
:104E1000000000000000000202000000000000038B
:104E2000030800000C00000909080000300000071A
:104E300007080000000029002D00330020000000BA
:104E400034000100344E0408000000000400030098
:104E5000C04D04080C4E04083C4E0408000000003D
:104E60000000010880020124EDF80108F5F70108AF
:104E70000F00040000FE0100504E04080000000076
:104E8000000000000005000001B000001B0006CC7F
:104E9000ECC2001B000001B0000017000000000081
:104EA0005CC70000000000000720D400034000920F
:104EB000000B0003800083000B0002900074000BC5
:104EC0000001A00065000A100002BD9000C40A7035
:104ED0002D003C04A001E059000F04A001E02D00CA
:104EE0003C00C50A6002BD900003AE100024E10042
:104EF000000E100000E100000E100000E100000EA6
:104F0000100000E1000DDFDB0007CD8003801C50A6
:104F1000000088000009600001D10000A700008A9D
:104F200000008B00006FDDEE0007CD9001701B705C
:104F300000007800003C3000BE70000009900000C6
:104F40003E056009A008CDA1000006F10001CD10CA
:104F50000086D1003C0E100B40E105A00E10ADDD27
:104F6000ED30000E100000E1000AEEE800B3000092
:104F70000C100000D9B8000511A9000004E00000E1
:104F80002D05600A8019CD9000008DC60088004074
:104F90001D000003B5B9104E607B03B000E01D009A
:104FA0000E00A605B000ADB2005EEEEE0000078078
:104FB0000001C000008700000D100002D000005A60
:104FC00000000790000088000003CDA100C40890F5
:104FD0000D003A007A185003CDC001C00990580066
:104FE0000E03C105D006CCB20005CC7002D10B5027
:104FF0006A004B06A001D02E21AE005BA4C00000C9
:105000005A00401C3009DC50000D4CD53CD500DA6C
:1050100015E916D00D300E200F00D300E200F10D7F
:10502000300E200F10D300E200F10D300E200F10D3
:1050300007DC702D00301E500003BC400004E0333C
:1050400001E12ACD501995640A199500000000006D
:105050000000000000000000000A00000000000D39
:1050600000000000000D00000000000D0000000026
:10507000000DDDDD7000000D00000000000D0000DF
:105080000000000D00000000000D00000000000DF9
:105090000000005DDDDEDDDDD54DDDDEDDDDD400D3
:1050A000000A30000000000A30000000000AC400BE
:1050B0000000000A6CA10000000A307E4000000AD7
:1050C00030042000000A30000000000A3000000018
:1050D000000A30000000000A30000000000000005C
:1050E000000000076000000000076000000BDDDE2C
:1050F000DDDDA00C00076001C00C00076001C00CE2
:1051000000076001C00C00076001C00CDDDEEDDDB2
:10511000C008000760017000000760000000000781
:10512000600000000007600000000A20000000008E
:105130003B8CCCCCA000B41B00039006F10B000705
:10514000503ED108400C1075B103A02B0000B100F7
:10515000B2A40000B1004CB00000B1001E7000000D
:10516000B102D7D40000B16D502D8100B4A200006F
:1051700084000800000000004B6DCCCCB000B46689
:105180000001B005E0660001B03DD05CCECC90736C
:10519000D0000C000000D4CCCECCC500D000AEC0F6
:1051A0000000D0068C690000D06C0C0A7000D6C1DB
:1051B0000C00B700C1000B0001000000000000005F
:1051C000560075000000B201EBBBA002B00BC10796
:1051D000800AA2882B6B004DA5602BE71095A5AB2C
:1051E000A326C502A57108700002A563A4290002C8
:1051F000A56028A13102A4529307B002A00048C7BD
:105200000002900A840000000000000000001A0064
:105210000D00000077BBBEBBB100D0003900000715
:10522000B04ACCAA402EB06500066066B06B999C6F
:105230006001B06500066001B06B999C6001B065CB
:1052400000066001B06CAAAC6001B06500066001A8
:10525000B6BBBBBBB50010000000005EDCECCCCCE4
:10526000C00930B23800C009CBE20B01A00930B24E
:105270000C05700930B209394009CBE2048C0009F1
:1052800030B200E7000954CC20D6006DB8C3099DA8
:10529000100000B27B06C10000A3A00064000064FF
:1052A0000000000000B30000003DDDEDDDDDD300B7
:1052B0000A50000000004B0BCCCC4002D30000860B
:1052C000003DD20009600043B2CCCEDCC500B20084
:1052D00009300000B20009300000B20009300000BF
:1052E000B206CC1000000000000000000093000097
:1052F000000000C10000002CCCECCCCCC10005901B
:10530000000000000950000000000D200000000017
:105310003CCDDEDDA000850049000001D000490041
:10532000000A50004900006A0000490000202DDDFD
:10533000DDDDD50000000B00001DDDE22B000000CC
:1053400000A26800000000A2ADCDE50000A3E506C4
:10535000700EDDDBAA0A300D00040C1D000D0000EC
:1053600007A8000D001002F2000D5AC20AD8002E44
:10537000A302B90B9002000B600094000000000033
:1053800000000005800000007605ECCC10007605DA
:105390008000000076058000003DDDDDEDDDD300FE
:1053A0000516700300003C06702D0003D20670C481
:1053B000000930069C7000000018D50000036AD870
:1053C0001000002C8400000000000000000000001D
:1053D0001C00000000009ECCCCCCC104B00000003A
:1053E000003D6BBBBBBA0013761A200C0000840290
:1053F000C20C005CECBBCBBEC600C059002A00004A
:10540000D005B03A0002EBBBDBCDB0000000007667
:10541000000000003AC20000000000000007203039
:105420000A204004D4770B21C000220D0B29500024
:1054300000030B23004B307DCCCDA0029076000200
:10544000A000007DBBBCA00065760002A000C17D6D
:10545000BBBCA004A0760002A00C30760002A0071E
:105460000065009C60000000000000025A300B2024
:105470000029C45BBDDBB500A20000000000A2084B
:10548000BAAB705CED9830057001E605AAAA40063B
:10549000EC6BBBBBB20BA47700008377A247A9A932
:1054A0008340A247A0198300A24769968300A247C0
:1054B0000005C20000000000000007500560003C2D
:1054C000CDDCCDDCC300075006700000AAAAAAAA52
:1054D0000000C000000D0000DAAAAAAE0000C00063
:1054E000000D0000ABBDCBBA000000075000004C1F
:1054F000CCCDDCCCC40000075000000000075000F9
:105500000001000000000006A06DCCCCE100666543
:105510000720B10000659DB5B10000650820B16DA0
:10552000E167AAA8B100B1650000B100B174CAB5C5
:10553000B100B193A055B100CAC0CAB5B102E8A08C
:105540005000B1012530002C900000000000000048
:10555000000000000000000303000000000000073E
:10556000070800001C0000040404000024000003DD
:105570000302000027000005050C00FE450000079F
:105580000709000065000007070900008500000703
:1055900007090000A500000707090000C500000773
:1055A00007090000E50000070709000005010007E2
:1055B0000709000025010007070900004501000751
:1055C0000709000065010007070900008501000BBD
:1055D0000B070000AC01000606070000C101000433
:1055E00004090000D301000C0C0B00001502000C94
:1055F0000C0B00FF5702000C0C0D00FFA502000C65
:105600000C0C00FFED02000C0C0C00FF3503000C2D
:105610000C0D00FF8303000C0C0E00FED703000CE2
:105620000C0B00FF1904000C0C0C00FF6104000CB3
:105630000C0D00FFAF04000C0C0D00FEFD04000C6F
:105640000C0C00FF4505000C0C0E00FE9905000C2B
:105650000C0C00FFE105000C0C0E00FE3506000CE2
:105660000C0C00FF7D06000C0C0C00FF00000B0072
:105670000D000E000F0010001100120013001400A6
:10568000150016001700180019004D005300900077
:10569000EA4DEB4D0D4EA54EBD4FCE4F1C50B653AF
:1056A000385BC65D1965456BAF6B686D1F7A2983E2
:1056B000E38B000020000000E48B01006C5604081E
:1056C0000000000023000300844E04084C55040829
:1056D000B4560408000000000000010888020124FC
:1056E000EDF80108F5F701081000040000FE0100C4
:1056F000C856040800000000000000000000000080
:105700000009500000095000000950006EEEEEE361
:10571000000950000009500000095000000000007E
:10572000000000005EEE30000000000000000A8073
:105730000B900000C10001C0000670000B20000C9F
:105740000000580000940000D000049000085000B1
:105750000D00003B0000760000710000007DC500D8
:1057600007C23E300D5008901F1004D03E0003E0E9
:105770004E0002F03E0003E01F1004D00D500890D0
:1057800006C24E30007DC500017CB000028BB00027
:105790000007B0000007B0000007B0000007B0002D
:1057A0000007B0000007B0000007B0000007C0000D
:1057B0000BFFFFC004BEC4002D516E2001000D7010
:1057C00000000B7000000E5000006D000001D600BC
:1057D000000BA000009C100009D211105FFFFFF029
:1057E00003BED6000C516F4000000C8000000C601E
:1057F00000018C10007FE20000015D50000006D027
:10580000000006D05C414D8006BED7000000BE00FF
:105810000005DE00000D6E00008A3E0002E13E0041
:105820000B703E005D003E00AFFFFFF400003E0045
:1058300000003E0000003E0007FFFF7008911100CD
:10584000098000000A6000000BCDD80004403D80B4
:10585000000006D0000004E0000007C05C415E507C
:1058600006BEC500003BEC4002E614700A80000052
:105870000E3000001F3AD9102FB21AA01F1002F0EC
:105880000E2001F10B6003E004D31B90005CD900F3
:105890004FFFFFF10111199000002D100000A7002B
:1058A0000001E2000006B00000098000000D500079
:1058B000000F3000001F2000002F1000009DD800B6
:1058C00008B11C600C5006A00980078002D82C206B
:1058D00000BCF9000B504D703D0004E04C0002F09C
:1058E0000D7009B002ADD91001AEB3000C815E108D
:1058F0003E0009805C0005C03E0005E00D704DE0F3
:1059000003BD95C0000006B000000C6008328D0099
:1059100006CEA100100000006D710000028DA400F1
:1059200000004AD200038D9116CC6100693000005E
:105930000000000000000000029DD90007623D60E9
:10594000000009A00038BDB008C407B01E2007B091
:105950001E615DB006DD86B0009EB04E3107C0000E
:105960007B007EFF508B0007B0007B0007B0007B00
:105970000007B0007B000A80065000000A800A8001
:105980000A800A800A800A800A800A800A57DC415D
:10599000AEA100AD829DC43D700A9002F3008A0062
:1059A000A8001F2007B00A8001F2007B00A8001F9A
:1059B0002007B00A8001F2007B00A8001F2007B07A
:1059C0000A57CD6000AD827E100A9000E400A80066
:1059D0000D500A8000D500A8000D500A8000D500A7
:1059E000A8000D5004CEB400E704400E4000007E35
:1059F00092000018E7000004E039218C018CEB20B4
:105A0000049602A1854805709BA1000000000000DB
:105A10000000000000000000000000000000000086
:105A20000000000000000003030000000000000868
:105A3000080A0000280000050504000032000004E8
:105A40000402000036000005060E00FD600000089C
:105A5000080B00008C000008080B0000B8000008CC
:105A6000080B0000E4000008080B0000100100080B
:105A7000080B00003C010008080B0000680100084A
:105A8000080B000094010008080B0000C00100088A
:105A9000080B0000EC010008080B000018020008C9
:105AA000080900003C020008080800005C0200052C
:105AB000050C00007A020004040B00009002000DA7
:105AC0000D080000C402000909080000E8020007F0
:105AD0000708000004030005050B000000000B0090
:105AE0000D000E000F001000110012001300140032
:105AF000150016001700180019001E00410046008E
:105B000049004D004E0053009000000020000000AE
:105B100091000100DC5A0408000000001700030097
:105B2000FC5604081C5A04080C5B04080000000022
:105B30000000010890020124EDF80108F5F70108C2
:105B40001200040000FE0100205B040800000000B9
:105B500000000000000006200000E100005B0000E3
:105B600009700000E200004C000008800000D30033
:105B7000003D000007900000C400001E000006A0C9
:105B80000000B500001E100005B00000A6000000D7
:105B9000001ADC50001DB47E5006E1009D00CA00D2
:105BA00003F30E70000F60F60000E72F50000D8029
:105BB000F60000E70E70000F50CA0004F306E10083
:105BC0009D001DC58E50001ADC50000037DC00001F
:105BD0000CDEC0000000AC0000000AC0000000ACF9
:105BE0000000000AC0000000AC0000000AC0000075
:105BF00000AC0000000AC0000000AC0000244CD43F
:105C00004107FFFFFF40007BEB4001CC75AF400731
:105C10001000CB00000009E0000000AC0000000D07
:105C200090000006F3000001DA000000BD10000043
:105C30009E3000009E4000009F8444423FFFFFFFD3
:105C400080007BEC6000BD748F70031000BD00000D
:105C50000008E0000000CB000035CC20000EFE5014
:105C60000000026E900000005F30000002F60600A7
:105C7000006F33EB747EB0019DEC700000000BF3FD
:105C8000000006EF300001E8F30000AC3F30004EAA
:105C900033F3000D803F3008D003F303E4003F30BE
:105CA0009FFFFFFFD233336F63000003F300000058
:105CB0003F30000003F30002FFFFFD003F6444405B
:105CC00004F10000005F00000006E01000007ECF3D
:105CD000FB20038204DC00000005F40000001F70BC
:105CE000000002F50500008E23EB659F80029DEC0D
:105CF00050000005BEB60007E857E302E6000100C9
:105D00008D0000000C90000000E75CEB300FCA43F0
:105D1000BE10EA0001E70D80000C90AB0000C90442
:105D2000E2002E500BD54CC00008CD91002FFFFF94
:105D3000FF90444448F4000000C90000006E1000C9
:105D4000000D80000004F20000009C0000000D80A7
:105D5000000001F60000004F30000006F2000000D5
:105D60007F10000009E00000003BED80002E935DF5
:105D70009007D0004F007C0002F203F4006D000891
:105D8000E93D40005DDFB0006D206EA00E60003F79
:105D900052F30000D80E60000E708E624BD1005C92
:105DA000ED9100005CEB30006E749E300E8000AB15
:105DB00002F40004F23F30001F40E70003F609E55B
:105DC00037CE7008DD92F60000003F30000007E09B
:105DD000000001D900BB56CC1002ADD9100004F36D
:105DE00000000DA004F300000DA004F300000DA0BE
:105DF00004F300000DA004F300000DA004F75555B6
:105E00005EA004FFFFFFFFA004F300000DA004F359
:105E100000000DA004F300000DA004F300000DA08D
:105E200004F300000DA004F300000DA004F3004FE4
:105E30003004F3004F3004F3004F3004F3004F30D0
:105E400004F3004F3004F3004F3004F30004F30078
:105E500000CC004F3000AE2004F3007F50004F30E4
:105E60004E800004F32EB000004F4CFA000004FCFA
:105E7000E9F400004FF50CC00004F8004F50004F4B
:105E80003000BD0004F30003F7004F30000AE104C6
:105E9000F300002E9004FB000000EF1004EE100051
:105EA00004EF1004EC600009BF1004E7B0000E7F9F
:105EB0001004F3E1004D4F1004F1C600985F100488
:105EC000F17B00E35F1004F12E14D05F1004F10C9D
:105ED00059805F1004F107AD305F1004F102FD003E
:105EE0005F1004F100B8005F1004F10000005F10C3
:105EF00000019CEB60000004ED86AEB00000DC10F9
:105F0000005E80007F3000009E100BC0000004F592
:105F100000DA0000001F700E90000000F800DA00A8
:105F200000001F700AD0000004F4006F400000AEB3
:105F30001000DC10005E700003DD86AEA0000001E2
:105F40009CEB60000004FFFED930004F7446CE2069
:105F500004F30001D9004F30000AC004F30000BC74
:105F6000004F30001E9004F6346DD1004FFFEC91CD
:105F70000004F3000000004F3000000004F30000B4
:105F800000004F3000000004F3000000000019DEA4
:105F9000B60001DD969EA006F300022008F0000086
:105FA0000005F9000000009FD710000004CFE600B4
:105FB000000003BFA000000008F300000003F50884
:105FC000500007F209FB769E90005ADEB6007FFF74
:105FD000FFFFF92444CD44430000AD00000000ADB4
:105FE00000000000AD00000000AD00000000AD00AA
:105FF000000000AD00000000AD00000000AD00009A
:106000000000AD00000000AD00000000AD00000089
:1060100000000000000000008E0000000008E0000A
:106020000000008E0000000008E000019DD88E00F6
:1060300000DE75AEE0008F3000AE000DB00008E06D
:1060400000E800008E000F800008E000EA00008EEB
:10605000000AE1000BE0002ED66CDE00003BEC6590
:10606000E00006D18DD800006ED958EB0006F5008F
:1060700007F3006F10002F6006F10000F8006F10AA
:10608000000F7006F10003F5006F2000AE1006FE51
:1060900075AF60006F4BEC500006F1000000006F20
:1060A0001000000006F1000000006F10000000006A
:1060B0000056000000000000000D78FFFFFFFF40C9
:1060C0000005E18A222222F40000C908A000000F86
:1060D00040004F308A000000F4000DF208A2222296
:1060E0002F400AEF208FFFFFFFF406E4F200000CC0
:1060F000600000140F200000C600000000F2CFFF77
:10610000FFFFFFF3000F22223DFF82220000F2007A
:1061100009CDAE2000000F2005E2C67C000000F291
:1061200005E50C60CB00000F39E600C601CC30005D
:10613000F2A4000C6001B3000A10000095000000FA
:1061400000000002B1000000000010003F2000111C
:1061500000006D0003F2000C700006D0003F20002C
:10616000C700006D0003F2000C700006D0003F2055
:1061700000C700006D3336F5333D700006FFFFFFAA
:10618000FFFFF70000000003F2000000002B2000DA
:106190003F20002B2003F20003F20002F3003F2017
:1061A000003F20002F3003F20003F20002F3003F13
:1061B00020003F20002F3003F53336F53335F30050
:1061C0003FFFFFFFFFFFFF3000000000000002D292
:1061D000000000000000052000000111111000D592
:1061E000000007FFFFFF100D40000000000000004E
:1061F000E40000000000005FFFFFFF00000000015E
:1062000034F636F01FFFFFFF501F203E0022D82239
:106210002103F004E0001E3020004E005D0005D098
:106220000D4007B005D00099008900A9006C000E50
:106230003005E00D6007B006E8CEEE54E1008A00BC
:10624000BEA63076BA000A80010000006E3001E57B
:10625000000000000E70BFFD0000000000300133A0
:1062600000000000000000000B2000000000000003
:1062700000F3000233333100000F3000CFFFFFA0E6
:106280000000F300000000A823333F630000000C6F
:106290006CFFFFFFF4003000E300000F30003E60B1
:1062A0004E000000F300006E58B03C000F300000BC
:1062B0007EE600D600F30000009F4006D00F3000BD
:1062C000000BFC000E40F3000004F5D900400F3035
:1062D0000000D905F30000F30000AE100600000F27
:1062E0003000AE3000000345F3000A300000006EBD
:1062F000EA00000000000086000000000000000727
:10630000D000000000CFFFFFFFFFFFFF100C833520
:10631000733338433000C6006B0001F200000C8F6D
:10632000FFFFFFFFFFD000C6007B0002F300000D5F
:106330005006B0001F200000D5006FFFFFF20000E4
:106340000E4000000000000000F30000000000000C
:10635000001F2EFFFFFFFFF70004E001D60000AB97
:1063600000006C0003D913CB10000A900002DEFA83
:10637000000001E3479CEB68DEA861190496400029
:1063800000369A00000A1000003700000001F100FA
:106390000005C00000001F1002226D22210023F31F
:1063A00020EFFFFFFF704FFFFD00005C00000001C9
:1063B000F1000005C00000001F10CFFFFFFFFF40ED
:1063C00001F102222224F320003FBC0000001F1034
:1063D00004CFF72AFFFFFFFFF3383F101232224F9E
:1063E000320001F1002D1001F100001F1000B90072
:1063F0001F100001F10003E201F100001F10000A6C
:10640000301F100024F100000135F1000BEA0000FC
:10641000004EEA0000000000000000000000000044
:10642000000000092000122221000000F30009FFF3
:10643000FFA000000F300098007A133333F63109C3
:106440008007A7FFFFFFFF5098007A000000F300CD
:10645000099118A011000F30009FFFFA0AA000F365
:1064600000098007A01E500F300098007A006D10C0
:10647000F300098007A000C80F300098007A0002DE
:1064800000F30009FFFFA000000F30009922210057
:106490000000F3000650000000001F300000000064
:1064A000004EEED100000000000044300000000566
:1064B000B0000000000000005D000EFFFFFFB00014
:1064C00005D000E633339B00005D000E300008B0BD
:1064D0001FFFFFF4E300008B0033AD331E5222296F
:1064E000B0000DD000EFFFFFFB0003FE300E3000C8
:1064F00008B0008DED20E300008B000D7D7C0E3098
:106500000008B007A5D0B2EFFFFFFB02E35D000E6D
:10651000622229B04805D000E300008B00005D0036
:106520000E300008B00005D000EFFFFFFB00005D5B
:10653000000E622229B000038000710000340000C8
:10654000001600004800000047BED3002D60000088
:106550000A9C90003DFFFFE1000098006E8111B998
:10656000000009804E67106E100022A92130BD6D19
:1065700020003FFFFF9003DA10000001EC129A8226
:10658000890000008DBC01008FFFFE101D98960150
:10659000AB2119A008898105DB1002E302E2980112
:1065A000C63E40CB0039098000006ECC1000109828
:1065B000000003DD10000009800029EA100000003F
:1065C0009806CFC4000000000760583000000000AB
:1065D000000008A000000000000002EFFFFFE30041
:1065E000000000BA11118E100000007E20001E7005
:1065F0000000004EA22228E22210005EFFFFFFFFF3
:10660000FFFC00098C7000B80006C00000B8111B28
:1066100081117C00000BFFFFFFFFFFC00000C700DF
:106620000B80006C00000C6000B80006C00000E7A2
:10663000111B91117C00001FFFFFFFFFFFC0000531
:10664000E0000B80006C0000AA0000B80006C0004B
:106650005E30000B80339C0008800000000DED6070
:106660000000000000000000000008500000095079
:10667000000000D5000000B700001FFFFFF1000B75
:1066800070000037D3330000B7000000880002FF1D
:10669000FFFFFB000C4A702F22B727B002E0A702D1
:1066A000F00B605B008B2A822F00B605B00CFFFF59
:1066B000F3F00B605B00100A702FFFFFFFB00000CB
:1066C000A702F22B727B00000BBA4F00B605B01A7E
:1066D000DFFD93F00B605B01B85B702F00B605B077
:1066E0000000A702F22B727B00000A702FFFFFFF51
:1066F000B000008501D000004900003A0000002AE7
:1067000000000005B000001DE200003FFFFF302D3B
:10671000D9E300002B62205ED109E60000D2008F91
:10672000D20008FC201E3A085DFFFFF78105A4C0D7
:10673000000000001200A54C00EFFF7545A01EFFF1
:10674000FF3E1087775A00426D20EEEE7775A0006D
:1067500004C00E1087775A00007EB2E1087775A05A
:106760002CEEE60EEEE7775A00734C00E1087765F1
:10677000A00004C00E1087005A00004C00E1097010
:1067800006900003900E1AE42EE5000000000000C1
:106790000000000000000000C20000008A000000AD
:1067A0000F30000002D909FFFFFFFFFF0003E611D1
:1067B000112F4111100007400000F30000000000FD
:1067C0000DFFFFFFFF40044420D300F300E402DD8F
:1067D000E70D300F300E40000A70DFFFFFFFF400BE
:1067E00000A70002DFE40000000A7000C9F8E7001B
:1067F0000000A702CA0F32D900000A76E900F301AF
:10680000D70002DB45000F30010006E89D83103100
:10681000012311E50039EFFFFFFFF1020000000145
:106820002211000000710000000000000009D10FDB
:10683000FFFFFFFF70000B9033333333C7000011AD
:10684000000000000B7007C00000000000B7007CD3
:1068500000AFFFFFA00B7007C00A71117A00B700EC
:106860007C00A60007A00B7007C00A70007A00B772
:10687000007C00AFFFFFA00B7007C00A60007A0029
:10688000B7007C00A60007A00B7007C00A60007A62
:1068900000B7007C00AFFFFFA00B7007C000000036
:1068A0000000B7007C00000000012D7007C0000050
:1068B00000007ED300000000000000000000000087
:1068C00000000000000000000000000404000000C0
:1068D00000000007071100FD3C000009090D000041
:1068E00077000009090D0000B2000009090D000041
:1068F000ED000009090D000028010009090D000044
:1069000063010009090D00009E010009090D000046
:10691000D9010009090D000014020009090D000049
:106920004F020009090D00008A02000C0C0D000046
:10693000D8020005050D0000F902000B0B0D000048
:106940004103000E0E0D00009C03000D0D0D000014
:10695000F103000B0B0D00003904000A0A0D0000C2
:106960007A04000A0A0D0000BB04000B0B0F0000A4
:106970000E05000B0B0E00FC5B050011111100FE53
:10698000EC050011111100FE7D060011111100FE31
:106990000E070011111100FE9F070011111100FEDA
:1069A00030080011111200FDC9080011111100FE7C
:1069B0005A090011111100FEEB090011111100FE1E
:1069C0007C0A0011111200FD150B0011111100FEBF
:1069D000A60B0011111200FD3F0C0011111100FE59
:1069E000D00C0011111200FD00000F00100011006A
:1069F00012001300140015001600170018001900EB
:106A0000280029002B002D002F0030003300340017
:106A100044005000BD4FDA518852D95B865EE16276
:106A2000D665D876DB79B289548F738FFF8FD49572
:106A300020000000D5950100E8690408000000006E
:106A400024000300545B0408C0680408306A04088A
:106A5000000000000000010898020124EDF8010880
:106A6000F5F701081500040000FE0100446A04085F
:106A7000000000000000000000000007930000007C
:106A800000000000BF600000000000000BF60000E6
:106A90000000000000BF600000000000000BF600D6
:106AA000000000000000BF600000000000000BF6C6
:106AB00000000000DFFFFFFFFFFFFF700DFFFFFF83
:106AC000FFFFFFF700000000BF60000000000000B3
:106AD0000BF600000000000000BF60000000000096
:106AE000000BF600000000000000BF600000000086
:106AF00000000BF6000000000000006830000000FD
:106B00000000000000000000000000000000000085
:106B10000000000000000000000000111111100929
:106B2000FFFFFFF009FFFFFFF00000000000000082
:106B30000000000000000000000000000000000055
:106B40000000000000000000000000000000100035
:106B5000004EF70000BFFE0000AFFE00002CD60084
:106B6000000000000CF2000000002FC00000000038
:106B70006F7000000000BF3000000001ED00000059
:106B80000005F9000000000AF4000000000EE0001B
:106B90000000004FA0000000009F5000000000DE39
:106BA0001000000003FB0000000007F600000000DA
:106BB0000CF2000000002FC0000000006F800000F9
:106BC0000000BF3000000001ED0000000005F900EA
:106BD0000000000AF4000000000EE0000000004F7A
:106BE000A0000000009F5000000000DE1000000028
:106BF00003FB0000000008F6000000000CF200009B
:106C000000002FC0000000006F8000000000131083
:106C100000000000000004ADEC810000000008FF4F
:106C2000FFFFE400000007FFB436DFE2000001EFE1
:106C3000B00002EFA000007FF2000008FF20000C6F
:106C4000FC0000002FF70001FF80000000DFB00013
:106C50003FF50000000AFD0005FF300000008FF046
:106C6000006FF200000007FF1007FF200000007F08
:106C7000F2007FF200000007FF2006FF2000000066
:106C80007FF1005FF300000009FF0003FF500000E8
:106C900000AFD0001FF80000000DFA0000CFC000C8
:106CA0000002FF600007FF3000008FE200001EFCC2
:106CB00000003EFA0000006FFC537EFE2000000042
:106CC0008FFFFFFE30000000004ADEC81000000009
:106CD00000003AEF400000000029DFFFF400000050
:106CE0000005FFFFFF400000000014449FF4000077
:106CF0000000000006FF400000000000006FF400EC
:106D0000000000000006FF400000000000006FF4DB
:106D100000000000000006FF400000000000006FBF
:106D2000F400000000000006FF400000000000002A
:106D30006FF400000000000006FF400000000000AB
:106D4000006FF400000000000006FF40000000009B
:106D500000006FF400000000000006FF400000008B
:106D60000000006FF400000000000006FF4000007B
:106D7000000133339FF7333200005FFFFFFFFFFF57
:106D8000A00005FFFFFFFFFFFA0000004ACECA6027
:106D900000000001BFFFFFFFB2000002DFE9546CFA
:106DA000FFC000006FE3000009FF60000062000008
:106DB000001EFB00000000000000BFE0000000001B
:106DC000000009FF00000000000000AFE00000002C
:106DD0000000000DFB00000000000004FF70000038
:106DE00000000000BFE10000000000005FF80000AC
:106DF000000000001DFD0000000000000BFE400030
:106E00000000000008FF60000000000007FF900085
:106E10000000000007FFB0000000000007FFB00006
:106E20000000000008FFB0000000000009FFC3449C
:106E30005555550009FFFFFFFFFFFFF200AFFFFFB1
:106E4000FFFFFFFF20000039CEDB81000000009F24
:106E5000FFFFFFE5000001DFFB6459EFE3000008DE
:106E6000E5000005FFB00000010000000CFE00007E
:106E700000000000009FF20000000000000AFF0078
:106E8000000000000001EFC0000000000001BFF49E
:106E9000000000001248EFE6000000000AFFFFB209
:106EA0000000000000AFFFFE92000000000002485A
:106EB000EFE500000000000001DFE200000000003C
:106EC0000003FF900000000000000EFC0000000026
:106ED000000000DFD00004000000002FFB0009FAD2
:106EE0001000001CFF50009FFE95458EFF90000093
:106EF0006EFFFFFFFE9000000005ACEDB820000023
:106F00000000000008FFB0000000000003EFFB00DD
:106F10000000000000CFFFB000000000007FDAFB9F
:106F200000000000002EF6BFB0000000000BFC0BBC
:106F3000FB0000000006FF40CFB000000002EF9011
:106F40000CFB00000000BFD100CFB00000005FF4D8
:106F5000000CFB0000001EF90000CFB000000AFD8D
:106F600010000CFB000004FF400000CFB00000DF69
:106F7000B222222CFC22205FFFFFFFFFFFFFFA0658
:106F8000FFFFFFFFFFFFFFA00000000000CFB000E9
:106F900000000000000CFB00000000000000CFB06B
:106FA0000000000000000CFB00000000000000CF0B
:106FB000B00000000000000CFB0000000BFFFFFF12
:106FC000FFFE000000CFFFFFFFFFE000000DFB55BC
:106FD000555555000000EF800000000000000FF73D
:106FE00000000000000001FF600000000000002F12
:106FF000F400000000000003FF300000000000006B
:107000004FF7BEFDA500000005FFFFFFFFFB1000CE
:10701000002DE73025DFFA00000000000000CFF56A
:1070200000000000000003FFB00000000000000EA0
:10703000FE00000000000000BFF0000000000000A3
:107040000CFE00000000000000EFC0000400000083
:10705000007FF7000AF90000005EFD0000AFFD852B
:1070600046AFFE3000006EFFFFFFFD40000000163F
:10707000ACEDA700000000000039DEDB600000007E
:10708000009FFFFFFFC2000000AFFC7558EF9000AB
:10709000007FF80000027000001EFA0000000000EF
:1070A0000006FF20000000000000BFC0000000003C
:1070B00000000EF800000000000002FF6039DEB999
:1070C0001000003FF58EFFFFFE500004FFCFB4120A
:1070D0006EFE20004FFF7000003EFA0003FF90009C
:1070E0000000AFE0002FF600000006FF2000EF8058
:1070F0000000004FF4000CFB00000005FF40008F73
:10710000E10000007FF20003FF7000000CFD0000B2
:107110000AFE300006FF6000001DFE8448FFB0003C
:1071200000002DFFFFFFA10000000007CEEB600074
:107130000007FFFFFFFFFFFFF3007FFFFFFFFFFFE1
:10714000FF20025555555556EF90000000000000F5
:107150008FC00000000000003EF3000000000000AF
:107160000BF900000000000006FE10000000000007
:1071700000DF800000000000004FE200000000007F
:10718000000AFB00000000000001EF6000000000AA
:1071900000007FF10000000000000AFD0000000078
:1071A000000000DFA00000000000002FF70000003A
:1071B00000000005FF500000000000008FF20000FA
:1071C000000000000AFF10000000000000CFE000F7
:1071D00000000000000DFD00000000000000EFC0F6
:1071E0000000000000000FFC00000000000004ACE4
:1071F000EC93000000000AFFFFFFF900000008FE0A
:107200009313AFF7000002FF8000009FE100005FD2
:10721000F1000001FF400008FE0000000DF6000034
:107220006FF2000000EF500001EFA000003FE1000E
:107230000007FF91000BF800000007FFD718FC00C3
:107240000000001CFFFEFC100000003DE88EFFE780
:107250000000003EF50006DFF900000CF800000118
:10726000BFF60004FE10000000DFD0007FD0000059
:107270000008FF1008FD000000006FF3006FF2002F
:10728000000008FE0001EFB0000002EFB00005FFB3
:10729000D62127EFE2000006EFFFFFFFC30000004A
:1072A000007ADECA500000000018DEDA500000004C
:1072B000004DFFFFFFA00000002EFD6359FFB0004E
:1072C000000BFD200007FF600003FF6000000BFDC6
:1072D00000006FF10000004FF40008FE0000000005
:1072E000EF80009FE00000000CFB0007FF000000A3
:1072F00000AFD0005FF40000001DFE0001EFC000F1
:10730000001CFFE00006FFC4116DECFE000009FF49
:10731000FFFFD49FD0000004ACEC710BFB00000019
:1073200000000000EF800000000000002FF50000CA
:107330000000000008FE10000000000001EF9000B7
:107340000028000001CFE100000DFD8558EFE500A9
:1073500000004DFFFFFFE50000000018CEEC8100AB
:107360000000000005ACEDA6000000007DFFFFFF5F
:10737000FA0000004FFD8547DFF70000009600008F
:1073800001DFE000000000000007FF300000000007
:1073900000004FF50000000001479CFF7000000155
:1073A0007CFFEDCFF7000006EFC73003FF7000064B
:1073B000FF7000003FF70000DFA0000003FF700037
:1073C0002FF60000004FF70001FFA000005DFF70E6
:1073D000000CFF9447BFDFF700003EFFFFFE80DF99
:1073E00070000019CED9300CF700000005BDEC503C
:1073F0000008FFFFF50002EFD54710008FF40000F2
:10740000000AFF00000000BFE00000000BFE0000CB
:107410000000BFE000000DEFFFFFF500FFFFFFFFE2
:1074200050033CFE33310000BFE00000000BFE00C3
:10743000000000BFE00000000BFE00000000BFE005
:107440000000000BFE00000000BFE00000000BFE8B
:1074500000000000BFE00000000BFE00000000BFC5
:10746000E00000000BFE00000000BFE00000002B69
:10747000C500008FFD00006FFB00000561000000EB
:1074800000000000000000000000003FF700003F87
:10749000F700003FF700003FF700003FF700003F14
:1074A000F700003FF700003FF700003FF700003F04
:1074B000F700003FF700003FF700003FF700003FF4
:1074C000F700003FF700003FF700003FF0018CECB1
:1074D0008100028DEB700000003FF23DFFFFFD10C8
:1074E0005EFFFFFB0000003FF8EE968EFF97FE86E2
:1074F0009EFF6000003FFFB20002EFEFA10003FF1C
:10750000C000003FFB0000009FF9000000BFE0004A
:10751000003FF70000007FF50000009FF200003FF1
:10752000F70000005FF50000007FF300003FF70068
:1075300000005FF50000007FF300003FF70000004F
:107540005FF50000007FF300003FF70000005FF5EB
:107550000000007FF300003FF70000005FF500002F
:10756000007FF300003FF70000005FF50000007FA0
:10757000F300003FF70000005FF50000007FF3001C
:10758000003FF70000005FF50000007FF300003FC0
:10759000F70000005FF50000007FF300003FF700F8
:1075A00000005FF50000007FF300003FF0017CED7C
:1075B000A30000003FF22DFFFFFE5000003FF8EE59
:1075C000A77BFFD000003FFFC20000AFF600003FE6
:1075D000FB0000003FF800003FF70000000FFA003A
:1075E000003FF70000000EFB00003FF70000000E18
:1075F000FB00003FF70000000EFB00003FF700001B
:10760000000EFB00003FF70000000EFB00003FF7FC
:107610000000000EFB00003FF70000000EFB000022
:107620003FF70000000EFB00003FF70000000EFBDC
:1076300000003FF70000000EFB0000004ACEDA40D9
:1076400000000BFFFFFFFA10008FF94258ED100009
:10765000EFA00000120001FF800000000000DFD357
:1076600000000000004EFEA40000000004CFFFD880
:107670001000000004AEFFE600000000017EFE40A6
:107680000000000002EFA00000000000BFC001A247
:10769000000000DFA00BFE96325CFE4001AFFFFF52
:1076A000FFE60000039CEDB820000005BEC7000007
:1076B00009FB8BFA0003F90007F4007F20000E801D
:1076C00009F00000EA006F40003F7001DD403CE13E
:1076D0000003DFFFD400000047510000000000005D
:1076E000000000000000000000000000000000009A
:1076F000000000000000000000000000000000008A
:107700000000000000000000000000000000000079
:107710000000000000000000000000000000000069
:107720000000000000000000000000000000000059
:10773000000000000000000707000000000000112A
:1077400011130000A200000A0A0A0000D400000879
:1077500008050000E800000C0C1E00FA9C01001156
:10776000111600005702001111160000120300113B
:1077700011160000CD03001111160000880400113D
:10778000111600004305001111160000FE0500113E
:1077900011160000B906001111160000740700113F
:1077A000111600002F08001111160000EA08001140
:1077B000111000007209000A0B180000F6090008F9
:1077C00008170000520A001C1C100000320B0012A7
:1077D00012100000C20B000E0E100000320C000B45
:1077E0000B17000000000B000D000E000F00100032
:1077F00011001200130014001500160017001800E5
:1078000019004100460049004D004E005300900011
:107810002000000091000100E4770408000000004F
:1078200016000300786A04082C770408107804080E
:107830000000000000000108A0020124EDF801088A
:10784000F5F701082200040000FE01002478040876
:107850000000000000000000F206E8EC993661D656
:107860003A9624BE055E05FA04B14D6A8E09CEE74C
:10787000FF47FE00FCC0FAA47AA963F19CF3EA8AF0
:10788000E38EECD3FE7AFF5DEA0FF312F476FDDAB5
:10789000FF3DAA37BB59CC9BE5FCF73E7AB893B9BC
:1078A000B4FBD63DEF3E5B587C399D5BC65DEF5E19
:1078B000453E65BE965FBEFFE79F2DBE4E1E86BF4E
:1078C000B73FE7BF263B4E9C86FDB75EE7BF25333B
:1078D0004DB58658B6FBE79E65CD8630A6B4CF3948
:1078E000EFBD9E6CAEB0C714DF79F7DDD70ADF2E8F
:1078F000E773F7B8FFDCFF6BFF8EFFB3FFD8FFFC29
:10790000FE45FEA9FF10FF76FFDCFD24FDA9FE70F9
:10791000FF16FF9CFB88FC4CFD52FE77FF5C8B6CD6
:10792000A44FBD54D679EF5D7C939535B5F8CEDB89
:10793000EF7EBDF7E71CEF7DF7BEFFDFE1C6D16547
:10794000C145B0E3D8CCC0CBA8AA8869893578F402
:1079500068D348B159B65175413430D23A5531F3F4
:1079600029B2190F1C5C1BBA13380A3404DC045A00
:1079700003B702B3057804B40411030C044F03CD1C
:10798000034B026845083C672BE61AE47D886CE7E8
:1079900054453343C646ADA59CE483A2FEC6FE050E
:1079A000FD44F3E2FD80FD00FC60FB60FC60F3E061
:1079B000EB60E280F283E243DA02B9A16A685A0618
:1079C00049A53924536F42CC3229218773AE630C09
:1079D0004208210400003C027804B306EE08280B9C
:1079E000610D990FD01106143A166C189D1ACB1C14
:1079F000F71E212148236C258E27AC29C72BDF2DAC
:107A0000F32F0332103418361C381C3A173C0E3E44
:107A1000FF3FEC41D443B64593476A493C4B084D80
:107A2000CD4E8D504652F953A5554B57EA58825AC0
:107A3000135C9C5D1F5F9A600D627963DD6439663B
:107A40008D67D9681D6A596B8C6CB76DD96EF36FF1
:107A500004710C720B730174EE74D275AD767F777E
:107A600047780679BB79677A0A7BA27B327CB77C40
:107A7000337DA57D0D7E6C7EC07E0B7F4B7F827F2C
:107A8000AF7FD27FEB7FFA7FFF7F00000000000016
:107A900000040404040404040404040000000000BE
:107AA00006060606060605000000000000000000AD
:107AB00000000000000000000200000000000000C4
:107AC00000000400000200020200000000000000AC
:107AD000020202020002000000020000000000009A
:107AE000020000000001010505050105000000007D
:107AF00000100101000000001002020C0C12120024
:107B0000000000004CAD03085D0B0208C10B020829
:107B100000000000050C0208D127D12780030000D7
:107B200030313233343536373839414243444546B3
:107B300040305800303132333435363738396162AD
:107B400063646566403078000400000800000000AF
:107B50000000000200010000100000000000000012
:107B60000000000030313233343536373839616245
:107B700063646566787000303132333435363738B7
:107B8000394142434445465850000000024000003D
:107B9000000000A00000000005400000000000C838
:107BA000000000000C4000000000409C00000000AD
:107BB000194000000020BCBE00000000344000005E
:107BC000BFC91B8E00000004B5400000504BCFD051
:107BD0006607E2CF010000006C4100003E8251AA1E
:107BE000DFEEA73401000000D9420000DCB5A0E2BE
:107BF0003A301F97FFFFFFFFB4450000FD25A0C8E6
:107C0000E9A3C14FFFFFFFFFFF3F0000000000801E
:107C100000000000FF3F00000000008000000000A6
:107C2000446562756755695461736B0050726F7477
:107C30006F636F6C5461736B0000000041726D43A1
:107C40006F6E74726F6C5461736B0000446961678E
:107C50006E6F73746963735461736B0043616E522A
:107C6000785461736B0000005573625478546173EB
:107C70006B00000054656C656D65747279546173B6
:107C80006B0000006F6B20256C752068656C7020A0
:107C900073747265616D20636F6D6D616E64733DA9
:107CA0006A6F696E74732C6D6F746F72732C6F666C
:107CB000662072617465733D6A6F696E74735F31BB
:107CC0005F35302C6D6F746F72735F315F313000D0
:107CD0006F6B20256C752073686F77206D6F746FE4
:107CE00072206A6F696E743D256C75206573633D03
:107CF00025303278206D61737465723D253032789D
:107D00002073746174653D257320706F735F6465C3
:107D1000673D000054454C20256C75204D4F544F55
:107D2000525F535441544520745F75733D256C7503
:107D30002076616C69645F6D61736B3D25752066AB
:107D400061756C745F6D61736B3D2575206472693C
:107D50007665723D000000003D0000006F6B20253D
:107D60006C752073686F7720646961672075736232
:107D70002072785F6C696E65733D3F206261645F5D
:107D80006C696E65733D256C752072785F6F7665E2
:107D900072666C6F773D256C752074785F64726FC6
:107DA000705F646174613D256C7520627573795FE5
:107DB0006D61785F6D733D3F000000006F6B2025A3
:107DC0006C752073686F772064696167206D6F74CC
:107DD000696F6E206163746976653D256C752070EE
:107DE00072656469637465645F6D733D256C7520AD
:107DF000656C61707365645F6D733D256C75206D96
:107E000061785F6572726F725F6465673D252E33BE
:107E1000660000006F6B20256C752068656C702013
:107E200073686F7720636F6D6D616E64733D696E0B
:107E3000666F2C73746174652C6A6F696E74732C31
:107E40006D6F746F72732C6D6F746F722C636F6EC5
:107E50006669672C64696167000000006F6B20250C
:107E60006C752068656C702062656E636820636F56
:107E70006D6D616E64733D696E69742C6D6F6465C0
:107E80002C6D69742C656E61626C652C6A6F672C51
:107E90006D6F76652C73746F702C64697361626C9E
:107EA000652C636C656172006F6B20256C752073A7
:107EB000686F7720696E666F206D63753D2573204E
:107EC0007472616E73706F72743D7573625F636418
:107ED000632063616E3D636C61737369635F316DD1
:107EE000206D6F746F723D73333531392064726960
:107EF0007665723D646D33353230206275696C642D
:107F00003D2573006F6B20256C752073686F77209B
:107F100073746174652073746174653D25732061A9
:107F20006C69676E65643D257520656E61626C6580
:107F3000643D25303278206D6F76696E673D25751A
:107F4000206163746976653D256C75206661756C8A
:107F5000743D2573000000006F6B20256C75207345
:107F6000686F772064696167206C6F6F705F6D6107
:107F7000785F75733D256C7520646561646C696E0E
:107F8000655F6D6973733D256C752063616E5F6518
:107F900072726F723D256C75207573625F64726FCB
:107FA000703D256C75206661756C743D257300000D
:107FB0006F6B20256C752073686F7720646961672B
:107FC0002072746F7320636F6E74726F6C5F737462
:107FD00061636B3D25732063616E5F737461636BD6
:107FE0003D25732070726F746F636F6C5F73746183
:107FF000636B3D2573207573625F737461636B3DC2
:10800000257320686561705F6D696E3D256C752014
:1080100074656C656D657472795F737461636B3DD3
:10802000257320646961675F737461636B3D2573B9
:108030002075695F737461636B3D25732073746190
:10804000636B5F756E69743D776F726473000000D7
:108050006F6B20256C752068656C7020746F70697B
:1080600063733D73686F772C73747265616D2C61F7
:10807000726D2C62656E6368206578616D706C65E9
:10808000733D73686F775F73746174652C61726D93
:108090005F6D6F76652C62656E63685F6D697400F5
:1080A0006F6B20256C752073686F7720636F6E6629
:1080B0006967206D61703D2530386C78207265717C
:1080C00075697265643D2530326C78207665726919
:1080D000666965643D2530327820656E61626C6545
:1080E0005F72656164793D25750000006F6B202526
:1080F0006C752073686F7720646961672063616EB7
:108100002072783D256C752074783D256C7520644F
:10811000726F703D256C75206572726F723D256CB3
:1081200075206275736F66663D256C752071756587
:1081300075655F68776D3D256C7500006F6B202558
:108140006C752068656C6C6F2070726F746F636FF4
:108150006C3D616574686F722D746578742D76312D
:108160002066773D25732070726F66696C653D25CA
:108170007320646F663D257520626F6F743D256CBA
:1081800075207761746368646F675F6D733D256CFC
:1081900075000000646F6E6520256C752062656E49
:1081A000636820696E697420726573756C743D250F
:1081B00073206964656E746974793D253032782066
:1081C0006D6F64653D253032782072616E6765732E
:1081D0003D253032782076657273696F6E3D2530AB
:1081E0003278000025732070726573656E743D25CA
:1081F00030327820656E61626C65643D253032787E
:10820000206D6F76696E673D2530327820686F6C1F
:1082100064696E673D25303278207374616C653D0A
:108220003030206661756C743D2530327800000076
:108230006461746120353032206D6F746F72732009
:1082400070726573656E743D2530327820656E619D
:10825000626C65643D25303278206D6F76696E679B
:108260003D25303278207374616C653D3030206676
:1082700061756C743D25303278000000E9878DE52A
:10828000A48DE8AFB7E6B18200000000E7BB93E63B
:108290009E9CE5BE85E5A484E7908600E58F82E696
:1082A00095B0E697A0E6958800000000E9809FE57C
:1082B000BAA6E8B685E9999000000000E6B8A9E5FD
:1082C000BAA6E8B685E9999000000000E8BDACE7E1
:1082D0009FA9E8B685E9999000000000E58F82E843
:1082E0008083E5B7B2E58F98E58C9600E5819CE642
:1082F000ADA2E5B7B2E99481E5AD9800E58AA8E4BE
:10830000BD9CE5BF99000000E58F82E695B0E69C34
:10831000AAE6A087E5AE9A00E8AFB7E6B182E8BF6B
:1083200087E69C9F00000000E58F8DE9A688E8BFE6
:1083300087E69C9F00000000E5B09AE69CAAE5B0A5
:10834000B1E7BBAA00000000E5B0B1E7BBAA00009E
:10835000E58FAAE8AFBBE9858DE7BDAE0000000060
:10836000E8B685E587BAE88C83E59BB40000000099
:10837000E69CAAE88EB7E69CACE59CB0E68EA7E545
:1083800088B60000E58F8DE9A688E5BC82E5B8B81F
:1083900000000000E8BE93E585A5E68896E698BE55
:1083A000E7A4BAE5BC82E5B8B8000000E5B09AE6FB
:1083B0009CAAE5A4B1E883BD00000000E6AF8FE60B
:1083C000ADA520302E313000E6AF8FE6ADA52030D0
:1083D0002E303100E58887E68DA2504F5300000013
:1083E000E58887E68DA24D49540000004B640000EB
:1083F0004B700000E6AF8FE6ADA520312E30C2B045
:108400002F730000E6AF8FE6ADA520313030206D30
:10841000730000004D4954E4BF9DE68C81000000CC
:108420004D495420E69C89E99990E4BF9DE68C81F2
:1084300000000000E78AB6E68081E8AFA6E6838503
:1084400000000000E5A4B1E883BDE6B885E79086AA
:1084500000000000E5B7A5E4BD9CE6A8A1E5BC8F3F
:1084600000000000E58887E68DA2E6A8A1E5BC8FA4
:1084700000000000E7B3BBE7BB9FE8B584E6BA9015
:1084800000000000E6B885E999A4E69585E99A9C84
:1084900000000000E8B083E5BAA6E4B88EE9809A4F
:1084A000E4BFA10053544F5020E5819CE6ADA200EB
:1084B000E68EA7E588B6E6A380E69FA5000000004B
:1084C000E79BB8E5AFB9E8A792E5BAA600000000BF
:1084D000E7AD89E5BE85E8BF9BE5BAA600000000D0
:1084E000E9809FE5BAA60000E6ADA3E59CA8E8BF39
:1084F00090E58AA800000000504F53E7A7BBE58A2B
:10850000A80000004D4954E7A7BBE58AA800000079
:10851000504F5320E79BB8E5AFB9E7A7BBE58AA862
:10852000000000004D495420E79BB8E5AFB9E7A72C
:10853000BBE58AA800000000E4BD8DE7BDAEE5AF55
:1085400084E5AD98E599A800E6A0A1E9AA8CE58F9D
:1085500082E695B000000000E6AF8FE6ADA52031C1
:108560002E30C2B000000000E4BF9DE68C81E6978B
:10857000B6E997B400000000E794B3E8AFB7E69C13
:10858000ACE59CB0E68EA7E588B60000E9878AE6F0
:1085900094BEE69CACE59CB0E68EA7E588B60000EC
:1085A000E58F91E78EB0E794B5E69CBA0000000035
:1085B000E68C89E994AEE4B88EE698BEE7A4BA00EA
:1085C000E4BD8DE7BDAEE8AFBBE580BC00000000B8
:1085D000E8AFB7E6B182E5A4B1E883BD00000000D2
:1085E000E681A2E5A48DE4B88EE5A4B1E883BD00E0
:1085F000E6ADA3E59CA8E4BDBFE883BD0000000094
:1086000074870408000001243403000008030008F4
:108610007487040800000024006900006403000857
:1086200074870408008000240080000064030008B0
:1086300068880408340301244CBD01006403000869
:10864000000000000000F07F1C000000430000005C
:10865000F8FFFFFF0C0000000E0000000F000000FC
:108660002E0000001001000043000000F8FFFFFF93
:108670000040404040404040404041414141414035
:1086800040404040404040404040404040404040EA
:108690004005020202020202020202020202020279
:1086A000022020202020202020202002020202027E
:1086B00002029090909090901010101010101010D6
:1086C00010101010101010101010101002020202E2
:1086D0000202888888888888080808080808080826
:1086E0000808080808080808080808080202020222
:1086F000400000000000000000000000000000003A
:108700000000000000000000000000000000000069
:108710000000000000000000000000000000000059
:108720000000000000000000000000000000000049
:108730000000000000000000000000000000000039
:108740000000000000000000000000000000000029
:108750000000000000000000000000000000000019
:108760000000000000000000000000000000000009
:10877000000000000130135DB01B088D041A99043D
:108780001AC1041AED041A3D041A690441170403BE
:108790000904120114020202164083044057260203
:1087A0000102030114050F0C1C0107101721031A05
:1087B0001A0313A1311B089B041A97041AC5041A43
:1087C000ED04193F1182103C90D0030401831AAAD2
:1087D000018114810182130A0629DF2A40B01C0995
:1087E0000243FB1125C03209041B01020B130524AF
:1087F00016100105240110090104240202052406B3
:1088000017010705820308151009040133020A2E17
:108810000705010240072A8107111309AB140875E7
:10882000A91408ABAC42081305AA1408C1A81B0878
:108830003714C11A89181A49041AC9041A3D0401C7
:108840005802272D027A01022080C5D4C3B2A102AA
:108850001B70180A695E0208895D020801041A216A
:088860000C1A39081A6104002A
:04000005080002CD20
:00000001FF
